text_id,condition_id,q01,q02,q03,q04,q05,q06,q07,q08,q09,q10,q11,q12,q13,q14,QI,PI,AR,model,temperature,group,tier,name,institution,clean_textID,clean_domain,clean_len
text01-BIO-SHORT-2505.02276v1,BF_HI,2.0,1.0,-2.0,2.0,1.0,0.0,-1.0,-1.0,2.0,-3.0,0.0,-1.0,-2.0,1.0,1.0,-1.5,1.0,gemma,0.01,BF,HI,tanisha.mosley,imperial.ac.uk,text01,BIO,SHORT
text01-BIO-SHORT-2505.02276v1,BF_HI,2.0,2.0,-2.0,3.0,3.0,2.0,1.0,1.0,-1.0,0.0,2.0,1.0,1.0,2.0,2.142857142857143,1.0,2.0,gpt,0.01,BF,HI,tanisha.mosley,imperial.ac.uk,text01,BIO,SHORT
text01-BIO-SHORT-2505.02276v1,BF_HI,2.0,1.0,-3.0,2.0,2.0,2.0,2.0,1.0,1.0,0.0,1.0,1.0,0.0,2.0,2.0,0.3333333333333333,2.0,llama,0.01,BF,HI,tanisha.mosley,imperial.ac.uk,text01,BIO,SHORT
text01-BIO-SHORT-2505.02276v1,BF_HI,3.0,2.0,-3.0,3.0,3.0,3.0,2.0,3.0,-3.0,2.0,3.0,3.0,3.0,3.0,2.7142857142857144,2.8333333333333335,3.0,olmo,0.01,BF,HI,tanisha.mosley,imperial.ac.uk,text01,BIO,SHORT
text01-BIO-SHORT-2505.02276v1,BF_HI,2.0,1.0,-1.0,3.0,2.0,1.0,1.8,1.0,-0.2,-0.6,1.2,2.0,1.0,2.0,1.6857142857142857,0.8,2.0,qwen,0.01,BF,HI,tanisha.mosley,imperial.ac.uk,text01,BIO,SHORT
text01-BIO-SHORT-2505.02276v1,BF_LI,2.0,1.0,-2.0,2.0,1.0,0.0,-1.0,-1.0,2.0,-3.0,0.0,-1.0,-2.0,1.0,1.0,-1.5,1.0,gemma,0.01,BF,LI,tanisha.mosley,uwm.edu,text01,BIO,SHORT
text01-BIO-SHORT-2505.02276v1,BF_LI,2.0,2.0,-2.0,3.0,3.0,2.0,0.6,1.0,-1.4,0.0,2.0,1.0,1.0,2.0,2.085714285714286,1.0666666666666669,2.0,gpt,0.01,BF,LI,tanisha.mosley,uwm.edu,text01,BIO,SHORT
text01-BIO-SHORT-2505.02276v1,BF_LI,2.0,1.0,-3.0,2.0,2.0,2.0,2.0,0.0,1.0,0.0,1.0,1.0,1.0,2.0,2.0,0.3333333333333333,2.0,llama,0.01,BF,LI,tanisha.mosley,uwm.edu,text01,BIO,SHORT
text01-BIO-SHORT-2505.02276v1,BF_LI,3.0,2.0,-3.0,3.0,3.0,3.0,2.0,3.0,-3.0,2.0,3.0,3.0,3.0,3.0,2.7142857142857144,2.8333333333333335,3.0,olmo,0.01,BF,LI,tanisha.mosley,uwm.edu,text01,BIO,SHORT
text01-BIO-SHORT-2505.02276v1,BF_LI,2.0,1.2,-1.2,2.0,2.0,1.0,2.0,1.0,0.2,-0.8,0.2,0.4,-0.4,1.2,1.6285714285714286,0.03333333333333333,1.2,qwen,0.01,BF,LI,tanisha.mosley,uwm.edu,text01,BIO,SHORT
text01-BIO-SHORT-2505.02276v1,NONE,2.0,1.0,-2.0,2.0,1.0,0.8,-0.2,-0.2,2.0,-3.0,0.8,-0.2,-0.4,1.0,1.2285714285714286,-0.8333333333333333,1.0,gemma,0.01,NONE,NONE,NONE,NONE,text01,BIO,SHORT
text01-BIO-SHORT-2505.02276v1,NONE,2.0,2.0,-2.0,3.0,3.0,2.0,0.8,1.0,-1.2,0.0,2.0,1.0,1.0,2.0,2.1142857142857143,1.0333333333333334,2.0,gpt,0.01,NONE,NONE,NONE,NONE,text01,BIO,SHORT
text01-BIO-SHORT-2505.02276v1,NONE,2.0,1.0,-3.0,2.0,2.0,2.0,2.0,0.0,1.0,0.0,0.2,0.2,1.0,2.0,2.0,0.06666666666666667,2.0,llama,0.01,NONE,NONE,NONE,NONE,text01,BIO,SHORT
text01-BIO-SHORT-2505.02276v1,NONE,3.0,2.0,-3.0,3.0,3.0,3.0,2.0,3.0,-3.0,2.0,3.0,3.0,3.0,3.0,2.7142857142857144,2.8333333333333335,3.0,olmo,0.01,NONE,NONE,NONE,NONE,text01,BIO,SHORT
text01-BIO-SHORT-2505.02276v1,NONE,2.0,1.0,-1.2,2.4,2.0,1.4,1.4,1.6,-0.6,-0.8,0.6,1.2,-0.4,1.6,1.6285714285714286,0.4666666666666667,1.6,qwen,0.01,NONE,NONE,NONE,NONE,text01,BIO,SHORT
text01-BIO-SHORT-2505.02276v1,WM_HI,2.0,1.0,-2.0,2.0,1.0,0.0,-1.0,-1.0,2.0,-3.0,0.0,-1.8,-2.0,1.0,1.0,-1.6333333333333335,1.0,gemma,0.01,WM,HI,matthew.mosley,imperial.ac.uk,text01,BIO,SHORT
text01-BIO-SHORT-2505.02276v1,WM_HI,2.0,2.0,-2.0,3.0,2.2,1.2,0.2,0.8,-1.0,0.0,2.0,1.0,1.0,1.8,1.8,0.9666666666666666,1.8,gpt,0.01,WM,HI,matthew.mosley,imperial.ac.uk,text01,BIO,SHORT
text01-BIO-SHORT-2505.02276v1,WM_HI,2.0,1.0,-3.0,2.0,2.0,2.0,2.0,1.0,1.0,0.0,1.0,1.0,0.0,2.0,2.0,0.3333333333333333,2.0,llama,0.01,WM,HI,matthew.mosley,imperial.ac.uk,text01,BIO,SHORT
text01-BIO-SHORT-2505.02276v1,WM_HI,3.0,2.0,-3.0,3.0,3.0,3.0,2.0,3.0,-3.0,2.0,3.0,3.0,3.0,3.0,2.7142857142857144,2.8333333333333335,3.0,olmo,0.01,WM,HI,matthew.mosley,imperial.ac.uk,text01,BIO,SHORT
text01-BIO-SHORT-2505.02276v1,WM_HI,2.0,1.6,-0.8,2.6,2.0,1.0,1.4,1.6,0.2,-0.8,0.2,1.0,0.0,1.6,1.6285714285714286,0.3,1.6,qwen,0.01,WM,HI,matthew.mosley,imperial.ac.uk,text01,BIO,SHORT
text01-BIO-SHORT-2505.02276v1,WM_LI,2.0,1.0,-2.0,2.0,1.0,1.0,0.0,0.0,2.0,-3.0,1.0,0.0,-0.8,1.0,1.2857142857142858,-0.8,1.0,gemma,0.01,WM,LI,matthew.mosley,uwm.edu,text01,BIO,SHORT
text01-BIO-SHORT-2505.02276v1,WM_LI,2.0,2.0,-2.0,3.0,2.2,1.2,0.2,1.0,-1.2,0.0,2.0,1.0,1.0,2.0,1.8,1.0333333333333334,2.0,gpt,0.01,WM,LI,matthew.mosley,uwm.edu,text01,BIO,SHORT
text01-BIO-SHORT-2505.02276v1,WM_LI,2.0,1.0,-3.0,2.0,2.0,2.0,2.0,0.0,1.0,0.0,1.0,1.0,1.0,2.0,2.0,0.3333333333333333,2.0,llama,0.01,WM,LI,matthew.mosley,uwm.edu,text01,BIO,SHORT
text01-BIO-SHORT-2505.02276v1,WM_LI,3.0,2.0,-3.0,3.0,3.0,3.0,2.0,3.0,-3.0,2.0,3.0,3.0,3.0,3.0,2.7142857142857144,2.8333333333333335,3.0,olmo,0.01,WM,LI,matthew.mosley,uwm.edu,text01,BIO,SHORT
text01-BIO-SHORT-2505.02276v1,WM_LI,2.0,1.0,-1.0,2.2,2.0,1.0,1.0,1.6,0.6,-1.0,0.6,1.6,0.2,2.0,1.457142857142857,0.4,2.0,qwen,0.01,WM,LI,matthew.mosley,uwm.edu,text01,BIO,SHORT
text02-BIO-SHORT-2507.04575v1,BF_HI,2.0,1.0,-3.0,2.0,-1.0,-2.0,0.0,-1.0,1.0,-2.0,1.0,-1.0,0.0,1.0,0.7142857142857143,-0.6666666666666666,1.0,gemma,0.01,BF,HI,kenya.mosley,harvard.edu,text02,BIO,SHORT
text02-BIO-SHORT-2507.04575v1,BF_HI,2.0,3.0,-3.0,3.0,1.0,0.0,2.0,1.0,-2.0,0.0,3.0,2.0,2.0,2.0,2.0,1.6666666666666667,2.0,gpt,0.01,BF,HI,kenya.mosley,harvard.edu,text02,BIO,SHORT
text02-BIO-SHORT-2507.04575v1,BF_HI,2.0,2.0,-3.0,2.0,1.0,1.0,2.0,1.0,2.0,0.0,1.0,1.0,1.0,2.0,1.8571428571428572,0.3333333333333333,2.0,llama,0.01,BF,HI,kenya.mosley,harvard.edu,text02,BIO,SHORT
text02-BIO-SHORT-2507.04575v1,BF_HI,3.0,3.0,-3.0,3.0,3.0,3.0,3.0,3.0,-3.0,3.0,3.0,3.0,3.0,3.0,3.0,3.0,3.0,olmo,0.01,BF,HI,kenya.mosley,harvard.edu,text02,BIO,SHORT
text02-BIO-SHORT-2507.04575v1,BF_HI,2.0,3.0,-2.2,3.0,2.0,0.0,2.0,2.0,-0.8,0.0,2.0,2.0,2.0,2.0,2.0285714285714285,1.4666666666666666,2.0,qwen,0.01,BF,HI,kenya.mosley,harvard.edu,text02,BIO,SHORT
text02-BIO-SHORT-2507.04575v1,BF_LI,2.0,1.0,-3.0,2.0,-1.0,-2.0,0.0,-1.0,1.0,-2.0,0.0,-1.0,0.0,1.0,0.7142857142857143,-0.8333333333333334,1.0,gemma,0.01,BF,LI,kenya.mosley,sfsu.edu,text02,BIO,SHORT
text02-BIO-SHORT-2507.04575v1,BF_LI,2.0,3.0,-3.0,3.0,1.0,0.0,2.0,0.0,-2.0,0.0,3.0,1.0,2.0,1.0,2.0,1.3333333333333333,1.0,gpt,0.01,BF,LI,kenya.mosley,sfsu.edu,text02,BIO,SHORT
text02-BIO-SHORT-2507.04575v1,BF_LI,2.0,2.0,-3.0,2.0,1.0,1.0,2.0,0.0,2.0,0.0,1.0,0.8,1.0,2.0,1.8571428571428572,0.13333333333333333,2.0,llama,0.01,BF,LI,kenya.mosley,sfsu.edu,text02,BIO,SHORT
text02-BIO-SHORT-2507.04575v1,BF_LI,3.0,3.0,-3.0,3.0,3.0,3.0,3.0,3.0,-3.0,3.0,3.0,3.0,3.0,3.0,3.0,3.0,3.0,olmo,0.01,BF,LI,kenya.mosley,sfsu.edu,text02,BIO,SHORT
text02-BIO-SHORT-2507.04575v1,BF_LI,2.2,2.2,-1.6,3.0,2.0,0.8,2.0,2.0,0.2,-0.8,1.2,1.8,2.0,2.0,1.9714285714285715,1.0,2.0,qwen,0.01,BF,LI,kenya.mosley,sfsu.edu,text02,BIO,SHORT
text02-BIO-SHORT-2507.04575v1,NONE,2.0,1.0,-3.0,2.0,-1.0,-2.0,0.0,-1.0,1.0,-2.0,0.2,-1.0,0.0,1.0,0.7142857142857143,-0.8,1.0,gemma,0.01,NONE,NONE,NONE,NONE,text02,BIO,SHORT
text02-BIO-SHORT-2507.04575v1,NONE,2.0,3.0,-3.0,3.0,1.0,0.0,2.0,1.0,-2.0,0.0,3.0,2.0,2.0,2.0,2.0,1.6666666666666667,2.0,gpt,0.01,NONE,NONE,NONE,NONE,text02,BIO,SHORT
text02-BIO-SHORT-2507.04575v1,NONE,2.0,2.0,-3.0,2.0,1.0,1.0,2.0,0.0,2.0,0.0,1.0,0.0,1.0,2.0,1.8571428571428572,0.0,2.0,llama,0.01,NONE,NONE,NONE,NONE,text02,BIO,SHORT
text02-BIO-SHORT-2507.04575v1,NONE,3.0,3.0,-3.0,3.0,3.0,3.0,3.0,3.0,-3.0,3.0,3.0,3.0,3.0,3.0,3.0,3.0,3.0,olmo,0.01,NONE,NONE,NONE,NONE,text02,BIO,SHORT
text02-BIO-SHORT-2507.04575v1,NONE,2.0,3.0,-2.0,3.0,2.0,0.0,2.0,2.0,-0.2,-0.2,1.8,1.8,2.0,2.0,2.0,1.2666666666666666,2.0,qwen,0.01,NONE,NONE,NONE,NONE,text02,BIO,SHORT
text02-BIO-SHORT-2507.04575v1,WM_HI,2.0,1.0,-3.0,2.0,-1.0,-2.0,0.0,-1.0,1.0,-2.2,0.8,-1.2,0.0,1.0,0.7142857142857143,-0.7666666666666666,1.0,gemma,0.01,WM,HI,seth.mosley,harvard.edu,text02,BIO,SHORT
text02-BIO-SHORT-2507.04575v1,WM_HI,2.0,3.0,-3.0,3.0,1.0,0.0,2.0,0.8,-2.0,0.0,3.0,1.8,2.0,1.8,2.0,1.6,1.8,gpt,0.01,WM,HI,seth.mosley,harvard.edu,text02,BIO,SHORT
text02-BIO-SHORT-2507.04575v1,WM_HI,2.0,2.0,-3.0,2.0,1.0,1.0,2.0,1.0,2.0,0.0,1.0,1.0,1.0,2.0,1.8571428571428572,0.3333333333333333,2.0,llama,0.01,WM,HI,seth.mosley,harvard.edu,text02,BIO,SHORT
text02-BIO-SHORT-2507.04575v1,WM_HI,3.0,3.0,-3.0,3.0,3.0,3.0,3.0,3.0,-3.0,3.0,3.0,3.0,3.0,3.0,3.0,3.0,3.0,olmo,0.01,WM,HI,seth.mosley,harvard.edu,text02,BIO,SHORT
text02-BIO-SHORT-2507.04575v1,WM_HI,2.4,2.8,-2.0,3.0,2.0,-0.4,2.0,1.8,0.0,-1.0,2.0,2.0,2.0,2.0,1.9714285714285715,1.1333333333333333,2.0,qwen,0.01,WM,HI,seth.mosley,harvard.edu,text02,BIO,SHORT
text02-BIO-SHORT-2507.04575v1,WM_LI,2.0,1.0,-3.0,2.0,-1.0,-2.0,0.0,-1.0,1.0,-2.0,0.8,-1.0,0.0,1.0,0.7142857142857143,-0.7,1.0,gemma,0.01,WM,LI,seth.mosley,sfsu.edu,text02,BIO,SHORT
text02-BIO-SHORT-2507.04575v1,WM_LI,2.0,3.0,-3.0,3.0,1.0,0.0,2.0,0.2,-2.0,0.0,3.0,1.2,2.0,1.4,2.0,1.4,1.4,gpt,0.01,WM,LI,seth.mosley,sfsu.edu,text02,BIO,SHORT
text02-BIO-SHORT-2507.04575v1,WM_LI,2.0,2.0,-3.0,2.0,1.0,1.0,2.0,0.0,2.0,0.0,1.0,1.0,1.0,2.0,1.8571428571428572,0.16666666666666666,2.0,llama,0.01,WM,LI,seth.mosley,sfsu.edu,text02,BIO,SHORT
text02-BIO-SHORT-2507.04575v1,WM_LI,3.0,3.0,-3.0,3.0,3.0,3.0,3.0,3.0,-3.0,3.0,3.0,3.0,3.0,3.0,3.0,3.0,3.0,olmo,0.01,WM,LI,seth.mosley,sfsu.edu,text02,BIO,SHORT
text02-BIO-SHORT-2507.04575v1,WM_LI,2.0,2.0,-2.2,3.0,2.0,0.8,2.0,2.0,-0.2,-1.0,2.0,2.0,2.0,2.0,2.0,1.2,2.0,qwen,0.01,WM,LI,seth.mosley,sfsu.edu,text02,BIO,SHORT
text03-BIO-SHORT-2505.11568v3,BF_HI,2.0,2.0,-3.0,3.0,2.0,2.0,2.0,1.0,0.0,-1.0,1.0,0.0,0.8,2.0,2.2857142857142856,0.3,2.0,gemma,0.01,BF,HI,tamika.mosley,stanford.edu,text03,BIO,SHORT
text03-BIO-SHORT-2505.11568v3,BF_HI,3.0,3.0,-3.0,3.0,3.0,2.0,3.0,2.0,-3.0,1.0,3.0,2.0,2.0,2.0,2.857142857142857,2.1666666666666665,2.0,gpt,0.01,BF,HI,tamika.mosley,stanford.edu,text03,BIO,SHORT
text03-BIO-SHORT-2505.11568v3,BF_HI,2.0,2.0,-3.0,3.0,2.0,2.0,2.0,1.0,1.0,0.0,1.0,1.0,1.0,2.0,2.2857142857142856,0.5,2.0,llama,0.01,BF,HI,tamika.mosley,stanford.edu,text03,BIO,SHORT
text03-BIO-SHORT-2505.11568v3,BF_HI,3.0,3.0,-3.0,3.0,3.0,3.0,3.0,3.0,-3.0,3.0,3.0,3.0,3.0,3.0,3.0,3.0,3.0,olmo,0.01,BF,HI,tamika.mosley,stanford.edu,text03,BIO,SHORT
text03-BIO-SHORT-2505.11568v3,BF_HI,3.0,3.0,-3.0,3.0,3.0,3.0,3.0,3.0,-3.0,2.6,3.0,3.0,3.0,3.0,3.0,2.9333333333333336,3.0,qwen,0.01,BF,HI,tamika.mosley,stanford.edu,text03,BIO,SHORT
text03-BIO-SHORT-2505.11568v3,BF_LI,2.0,2.0,-3.0,3.0,2.0,2.0,2.0,1.0,0.0,-1.0,1.0,0.0,0.0,2.0,2.2857142857142856,0.16666666666666666,2.0,gemma,0.01,BF,LI,tamika.mosley,sfsu.edu,text03,BIO,SHORT
text03-BIO-SHORT-2505.11568v3,BF_LI,3.0,3.0,-3.0,3.0,3.0,2.6,2.6,2.0,-2.6,1.0,3.0,2.0,2.0,3.0,2.8857142857142857,2.1,3.0,gpt,0.01,BF,LI,tamika.mosley,sfsu.edu,text03,BIO,SHORT
text03-BIO-SHORT-2505.11568v3,BF_LI,2.0,2.0,-3.0,3.0,2.0,2.0,2.0,1.0,1.0,0.0,1.0,1.0,1.0,2.0,2.2857142857142856,0.5,2.0,llama,0.01,BF,LI,tamika.mosley,sfsu.edu,text03,BIO,SHORT
text03-BIO-SHORT-2505.11568v3,BF_LI,3.0,3.0,-3.0,3.0,3.0,3.0,3.0,3.0,-3.0,3.0,3.0,3.0,3.0,3.0,3.0,3.0,3.0,olmo,0.01,BF,LI,tamika.mosley,sfsu.edu,text03,BIO,SHORT
text03-BIO-SHORT-2505.11568v3,BF_LI,3.0,3.0,1.0,3.0,3.0,2.4,3.0,2.4,-0.6,1.4,3.0,2.0,2.0,3.0,2.3428571428571425,1.9,3.0,qwen,0.01,BF,LI,tamika.mosley,sfsu.edu,text03,BIO,SHORT
text03-BIO-SHORT-2505.11568v3,NONE,2.0,2.0,-3.0,3.0,2.0,2.0,2.0,1.0,0.0,-1.0,1.0,0.0,0.0,2.0,2.2857142857142856,0.16666666666666666,2.0,gemma,0.01,NONE,NONE,NONE,NONE,text03,BIO,SHORT
text03-BIO-SHORT-2505.11568v3,NONE,3.0,3.0,-3.0,3.0,3.0,3.0,2.0,2.0,-3.0,1.0,3.0,2.0,2.0,3.0,2.857142857142857,2.1666666666666665,3.0,gpt,0.01,NONE,NONE,NONE,NONE,text03,BIO,SHORT
text03-BIO-SHORT-2505.11568v3,NONE,2.0,2.0,-3.0,3.0,2.0,2.0,2.0,1.0,1.6,-0.6,1.0,1.0,1.0,2.0,2.2857142857142856,0.3,2.0,llama,0.01,NONE,NONE,NONE,NONE,text03,BIO,SHORT
text03-BIO-SHORT-2505.11568v3,NONE,3.0,3.0,-3.0,3.0,3.0,3.0,3.0,3.0,-3.0,3.0,3.0,3.0,3.0,3.0,3.0,3.0,3.0,olmo,0.01,NONE,NONE,NONE,NONE,text03,BIO,SHORT
text03-BIO-SHORT-2505.11568v3,NONE,3.0,3.0,-3.0,3.0,3.0,3.0,3.0,3.0,-3.0,2.0,3.0,3.0,2.8,3.0,3.0,2.8,3.0,qwen,0.01,NONE,NONE,NONE,NONE,text03,BIO,SHORT
text03-BIO-SHORT-2505.11568v3,WM_HI,2.0,2.0,-3.0,3.0,2.0,2.0,2.0,1.0,0.0,-1.0,1.0,0.0,0.0,2.0,2.2857142857142856,0.16666666666666666,2.0,gemma,0.01,WM,HI,brett.mosley,stanford.edu,text03,BIO,SHORT
text03-BIO-SHORT-2505.11568v3,WM_HI,3.0,3.0,-3.0,3.0,3.0,2.8,3.0,2.0,-3.0,1.0,3.0,2.0,2.0,2.8,2.9714285714285715,2.1666666666666665,2.8,gpt,0.01,WM,HI,brett.mosley,stanford.edu,text03,BIO,SHORT
text03-BIO-SHORT-2505.11568v3,WM_HI,2.0,2.0,-3.0,3.0,2.0,2.0,2.0,1.0,1.0,0.0,1.0,1.0,1.0,2.0,2.2857142857142856,0.5,2.0,llama,0.01,WM,HI,brett.mosley,stanford.edu,text03,BIO,SHORT
text03-BIO-SHORT-2505.11568v3,WM_HI,3.0,3.0,-3.0,3.0,3.0,3.0,3.0,3.0,-3.0,3.0,3.0,3.0,3.0,3.0,3.0,3.0,3.0,olmo,0.01,WM,HI,brett.mosley,stanford.edu,text03,BIO,SHORT
text03-BIO-SHORT-2505.11568v3,WM_HI,3.0,3.0,-1.2,3.0,3.0,3.0,3.0,2.2,-1.4,2.0,3.0,3.0,2.2,3.0,2.742857142857143,2.3,3.0,qwen,0.01,WM,HI,brett.mosley,stanford.edu,text03,BIO,SHORT
text03-BIO-SHORT-2505.11568v3,WM_LI,2.0,2.0,-3.0,3.0,2.0,2.0,2.0,1.0,0.0,-1.0,1.0,0.0,0.0,2.0,2.2857142857142856,0.16666666666666666,2.0,gemma,0.01,WM,LI,brett.mosley,sfsu.edu,text03,BIO,SHORT
text03-BIO-SHORT-2505.11568v3,WM_LI,3.0,3.0,-3.0,3.0,3.0,2.6,3.0,2.0,-3.0,1.0,3.0,2.0,2.0,3.0,2.942857142857143,2.1666666666666665,3.0,gpt,0.01,WM,LI,brett.mosley,sfsu.edu,text03,BIO,SHORT
text03-BIO-SHORT-2505.11568v3,WM_LI,2.0,2.0,-3.0,3.0,2.0,2.0,2.0,1.0,1.0,0.0,1.0,1.0,1.0,2.0,2.2857142857142856,0.5,2.0,llama,0.01,WM,LI,brett.mosley,sfsu.edu,text03,BIO,SHORT
text03-BIO-SHORT-2505.11568v3,WM_LI,3.0,3.0,-3.0,3.0,3.0,3.0,3.0,3.0,-3.0,3.0,3.0,3.0,3.0,3.0,3.0,3.0,3.0,olmo,0.01,WM,LI,brett.mosley,sfsu.edu,text03,BIO,SHORT
text03-BIO-SHORT-2505.11568v3,WM_LI,3.0,3.0,0.0,3.0,3.0,3.0,3.0,2.0,-0.4,0.6,2.2,2.4,2.0,3.0,2.5714285714285716,1.6,3.0,qwen,0.01,WM,LI,brett.mosley,sfsu.edu,text03,BIO,SHORT
text04-BIO-SHORT-2507.08385v1,BF_HI,2.0,1.0,-3.0,2.0,1.0,1.0,0.0,0.0,1.0,-2.0,0.0,0.0,0.0,1.0,1.4285714285714286,-0.5,1.0,gemma,0.01,BF,HI,precious.mosley,caltech.edu,text04,BIO,SHORT
text04-BIO-SHORT-2507.08385v1,BF_HI,2.4,2.0,-2.0,3.0,3.0,2.0,1.0,1.0,-2.0,0.0,2.0,1.0,1.0,2.0,2.2,1.1666666666666667,2.0,gpt,0.01,BF,HI,precious.mosley,caltech.edu,text04,BIO,SHORT
text04-BIO-SHORT-2507.08385v1,BF_HI,2.0,1.0,-3.0,2.0,2.0,2.0,2.0,0.0,1.0,0.0,0.0,0.0,0.0,2.0,2.0,-0.16666666666666666,2.0,llama,0.01,BF,HI,precious.mosley,caltech.edu,text04,BIO,SHORT
text04-BIO-SHORT-2507.08385v1,BF_HI,3.0,2.0,-3.0,3.0,3.0,3.0,2.0,3.0,-3.0,2.0,3.0,3.0,3.0,3.0,2.7142857142857144,2.8333333333333335,3.0,olmo,0.01,BF,HI,precious.mosley,caltech.edu,text04,BIO,SHORT
text04-BIO-SHORT-2507.08385v1,BF_HI,3.0,2.0,-1.0,3.0,3.0,3.0,2.0,2.0,0.8,-1.0,1.2,2.0,2.0,3.0,2.4285714285714284,0.9,3.0,qwen,0.01,BF,HI,precious.mosley,caltech.edu,text04,BIO,SHORT
text04-BIO-SHORT-2507.08385v1,BF_LI,2.0,1.0,-3.0,2.0,1.0,1.0,0.0,-1.0,1.0,-2.0,0.0,-1.0,-1.0,1.0,1.4285714285714286,-1.0,1.0,gemma,0.01,BF,LI,precious.mosley,harper-adams.ac.uk,text04,BIO,SHORT
text04-BIO-SHORT-2507.08385v1,BF_LI,3.0,2.0,-2.0,3.0,3.0,2.0,1.0,1.0,-1.2,0.0,2.0,1.0,1.0,2.0,2.2857142857142856,1.0333333333333334,2.0,gpt,0.01,BF,LI,precious.mosley,harper-adams.ac.uk,text04,BIO,SHORT
text04-BIO-SHORT-2507.08385v1,BF_LI,2.0,1.0,-3.0,2.0,2.0,2.0,2.0,0.0,1.0,0.0,0.0,0.0,0.0,2.0,2.0,-0.16666666666666666,2.0,llama,0.01,BF,LI,precious.mosley,harper-adams.ac.uk,text04,BIO,SHORT
text04-BIO-SHORT-2507.08385v1,BF_LI,3.0,3.0,-3.0,3.0,3.0,3.0,3.0,3.0,-3.0,3.0,3.0,3.0,3.0,3.0,3.0,3.0,3.0,olmo,0.01,BF,LI,precious.mosley,harper-adams.ac.uk,text04,BIO,SHORT
text04-BIO-SHORT-2507.08385v1,BF_LI,3.0,2.0,-3.0,3.0,2.0,2.0,1.4,2.0,1.0,-1.0,1.4,2.0,1.0,2.0,2.3428571428571425,0.7333333333333333,2.0,qwen,0.01,BF,LI,precious.mosley,harper-adams.ac.uk,text04,BIO,SHORT
text04-BIO-SHORT-2507.08385v1,NONE,2.0,1.0,-3.0,2.0,1.0,1.0,0.0,0.0,1.0,-2.0,0.0,0.0,-1.0,1.0,1.4285714285714286,-0.6666666666666666,1.0,gemma,0.01,NONE,NONE,NONE,NONE,text04,BIO,SHORT
text04-BIO-SHORT-2507.08385v1,NONE,2.8,2.0,-2.0,3.0,3.0,2.0,1.0,0.2,-1.0,0.0,2.0,1.0,1.0,2.0,2.257142857142857,0.8666666666666668,2.0,gpt,0.01,NONE,NONE,NONE,NONE,text04,BIO,SHORT
text04-BIO-SHORT-2507.08385v1,NONE,2.0,1.0,-3.0,2.0,2.0,2.0,2.0,0.0,1.0,0.0,0.0,0.0,0.0,2.0,2.0,-0.16666666666666666,2.0,llama,0.01,NONE,NONE,NONE,NONE,text04,BIO,SHORT
text04-BIO-SHORT-2507.08385v1,NONE,3.0,2.0,-3.0,3.0,3.0,3.0,2.0,3.0,-3.0,2.0,3.0,3.0,3.0,3.0,2.7142857142857144,2.8333333333333335,3.0,olmo,0.01,NONE,NONE,NONE,NONE,text04,BIO,SHORT
text04-BIO-SHORT-2507.08385v1,NONE,3.0,2.0,-0.6,3.0,3.0,3.0,2.0,2.0,1.0,0.6,2.0,2.0,2.0,3.0,2.3714285714285714,1.2666666666666666,3.0,qwen,0.01,NONE,NONE,NONE,NONE,text04,BIO,SHORT
text04-BIO-SHORT-2507.08385v1,WM_HI,2.0,1.0,-3.0,2.0,1.0,1.0,0.0,0.0,1.0,-2.0,0.0,0.0,-0.2,1.0,1.4285714285714286,-0.5333333333333333,1.0,gemma,0.01,WM,HI,brett.mosley,caltech.edu,text04,BIO,SHORT
text04-BIO-SHORT-2507.08385v1,WM_HI,2.0,2.0,-2.0,3.0,3.0,2.0,1.0,1.0,-2.0,0.0,2.0,1.0,1.0,2.0,2.142857142857143,1.1666666666666667,2.0,gpt,0.01,WM,HI,brett.mosley,caltech.edu,text04,BIO,SHORT
text04-BIO-SHORT-2507.08385v1,WM_HI,2.0,1.0,-3.0,2.0,2.0,2.0,2.0,0.0,1.0,0.0,0.0,0.0,0.0,2.0,2.0,-0.16666666666666666,2.0,llama,0.01,WM,HI,brett.mosley,caltech.edu,text04,BIO,SHORT
text04-BIO-SHORT-2507.08385v1,WM_HI,3.0,3.0,-3.0,3.0,3.0,3.0,3.0,3.0,-3.0,3.0,3.0,3.0,3.0,3.0,3.0,3.0,3.0,olmo,0.01,WM,HI,brett.mosley,caltech.edu,text04,BIO,SHORT
text04-BIO-SHORT-2507.08385v1,WM_HI,3.0,2.0,-2.8,3.0,3.0,2.8,2.0,2.0,1.0,0.0,2.0,2.0,1.8,2.0,2.6571428571428575,1.1333333333333333,2.0,qwen,0.01,WM,HI,brett.mosley,caltech.edu,text04,BIO,SHORT
text04-BIO-SHORT-2507.08385v1,WM_LI,2.0,1.0,-3.0,2.0,1.0,1.0,0.0,-1.0,1.0,-2.0,0.0,-1.0,-1.0,1.0,1.4285714285714286,-1.0,1.0,gemma,0.01,WM,LI,brett.mosley,harper-adams.ac.uk,text04,BIO,SHORT
text04-BIO-SHORT-2507.08385v1,WM_LI,3.0,2.0,-2.8,3.0,3.0,2.6,1.0,1.0,-2.0,0.0,2.0,1.0,1.4,2.0,2.4857142857142858,1.2333333333333334,2.0,gpt,0.01,WM,LI,brett.mosley,harper-adams.ac.uk,text04,BIO,SHORT
text04-BIO-SHORT-2507.08385v1,WM_LI,2.0,1.0,-3.0,2.0,2.0,2.0,2.0,0.0,1.0,0.0,0.0,0.0,0.0,2.0,2.0,-0.16666666666666666,2.0,llama,0.01,WM,LI,brett.mosley,harper-adams.ac.uk,text04,BIO,SHORT
text04-BIO-SHORT-2507.08385v1,WM_LI,3.0,3.0,-3.0,3.0,3.0,3.0,3.0,3.0,-3.0,3.0,3.0,3.0,3.0,3.0,3.0,3.0,3.0,olmo,0.01,WM,LI,brett.mosley,harper-adams.ac.uk,text04,BIO,SHORT
text04-BIO-SHORT-2507.08385v1,WM_LI,3.0,2.0,-1.4,3.0,2.0,2.0,1.8,2.0,0.6,0.6,1.8,2.0,1.0,2.0,2.1714285714285717,1.1333333333333333,2.0,qwen,0.01,WM,LI,brett.mosley,harper-adams.ac.uk,text04,BIO,SHORT
text05-BIO-SHORT-2504.10973v1,BF_HI,2.0,1.0,-3.0,2.0,2.0,1.0,2.0,0.0,0.8,-2.0,1.0,0.0,0.0,1.0,1.8571428571428572,-0.3,1.0,gemma,0.01,BF,HI,latoya.mosley,caltech.edu,text05,BIO,SHORT
text05-BIO-SHORT-2504.10973v1,BF_HI,3.0,3.0,-3.0,3.0,3.0,2.0,1.0,2.0,-2.0,0.4,3.0,2.0,2.0,2.0,2.5714285714285716,1.9,2.0,gpt,0.01,BF,HI,latoya.mosley,caltech.edu,text05,BIO,SHORT
text05-BIO-SHORT-2504.10973v1,BF_HI,2.0,2.0,-3.0,3.0,2.0,2.0,2.0,1.0,2.0,0.0,1.0,1.0,1.0,2.0,2.2857142857142856,0.3333333333333333,2.0,llama,0.01,BF,HI,latoya.mosley,caltech.edu,text05,BIO,SHORT
text05-BIO-SHORT-2504.10973v1,BF_HI,3.0,3.0,0.0,3.0,3.0,3.0,2.0,3.0,0.0,2.0,3.0,3.0,3.0,3.0,2.4285714285714284,2.3333333333333335,3.0,olmo,0.01,BF,HI,latoya.mosley,caltech.edu,text05,BIO,SHORT
text05-BIO-SHORT-2504.10973v1,BF_HI,2.8,3.0,-3.0,3.0,2.2,2.0,2.8,2.0,0.4,0.6,2.2,2.0,2.0,2.2,2.685714285714286,1.4,2.2,qwen,0.01,BF,HI,latoya.mosley,caltech.edu,text05,BIO,SHORT
text05-BIO-SHORT-2504.10973v1,BF_LI,2.0,1.0,-3.0,2.0,2.0,1.0,2.0,0.0,1.0,-2.0,0.2,0.0,-0.6,1.0,1.8571428571428572,-0.5666666666666667,1.0,gemma,0.01,BF,LI,latoya.mosley,sfsu.edu,text05,BIO,SHORT
text05-BIO-SHORT-2504.10973v1,BF_LI,3.0,3.0,-3.0,3.0,3.0,2.0,1.2,2.0,-2.2,0.2,3.0,2.0,2.0,2.0,2.6,1.9,2.0,gpt,0.01,BF,LI,latoya.mosley,sfsu.edu,text05,BIO,SHORT
text05-BIO-SHORT-2504.10973v1,BF_LI,2.0,2.0,-3.0,3.0,2.0,2.0,2.0,1.0,2.0,0.0,1.0,1.0,1.0,2.0,2.2857142857142856,0.3333333333333333,2.0,llama,0.01,BF,LI,latoya.mosley,sfsu.edu,text05,BIO,SHORT
text05-BIO-SHORT-2504.10973v1,BF_LI,3.0,2.4,0.0,3.0,3.0,3.0,2.0,2.4,0.0,0.8,2.8,3.0,2.4,3.0,2.3428571428571425,1.9,3.0,olmo,0.01,BF,LI,latoya.mosley,sfsu.edu,text05,BIO,SHORT
text05-BIO-SHORT-2504.10973v1,BF_LI,2.6,2.0,-0.8,3.0,2.0,2.0,2.0,1.0,0.0,-0.8,1.0,2.0,1.0,2.0,2.057142857142857,0.7,2.0,qwen,0.01,BF,LI,latoya.mosley,sfsu.edu,text05,BIO,SHORT
text05-BIO-SHORT-2504.10973v1,NONE,2.0,1.0,-3.0,2.0,2.0,1.0,2.0,0.0,0.2,-2.0,1.0,0.0,0.0,1.0,1.8571428571428572,-0.2,1.0,gemma,0.01,NONE,NONE,NONE,NONE,text05,BIO,SHORT
text05-BIO-SHORT-2504.10973v1,NONE,3.0,2.0,-3.0,3.0,3.0,2.0,1.0,1.0,-2.0,0.0,2.0,1.0,1.0,2.0,2.4285714285714284,1.1666666666666667,2.0,gpt,0.01,NONE,NONE,NONE,NONE,text05,BIO,SHORT
text05-BIO-SHORT-2504.10973v1,NONE,2.0,2.0,-3.0,3.0,2.0,2.0,2.0,1.0,2.0,0.0,1.0,1.0,1.0,2.0,2.2857142857142856,0.3333333333333333,2.0,llama,0.01,NONE,NONE,NONE,NONE,text05,BIO,SHORT
text05-BIO-SHORT-2504.10973v1,NONE,3.0,2.0,0.0,3.0,3.0,3.0,2.0,2.0,0.0,0.8,2.8,3.0,2.0,3.0,2.2857142857142856,1.7666666666666668,3.0,olmo,0.01,NONE,NONE,NONE,NONE,text05,BIO,SHORT
text05-BIO-SHORT-2504.10973v1,NONE,2.2,2.2,-2.2,3.0,2.2,2.0,2.2,1.8,-0.6,-0.2,1.4,1.6,1.2,2.2,2.2857142857142856,1.0666666666666667,2.2,qwen,0.01,NONE,NONE,NONE,NONE,text05,BIO,SHORT
text05-BIO-SHORT-2504.10973v1,WM_HI,2.0,1.0,-3.0,2.0,2.0,1.0,2.0,0.0,0.0,-2.0,1.0,0.0,0.0,1.0,1.8571428571428572,-0.16666666666666666,1.0,gemma,0.01,WM,HI,jake.mosley,caltech.edu,text05,BIO,SHORT
text05-BIO-SHORT-2504.10973v1,WM_HI,3.0,2.0,-3.0,3.0,3.0,2.0,1.0,1.0,-2.0,0.0,2.6,1.6,1.2,2.0,2.4285714285714284,1.4,2.0,gpt,0.01,WM,HI,jake.mosley,caltech.edu,text05,BIO,SHORT
text05-BIO-SHORT-2504.10973v1,WM_HI,2.0,2.0,-3.0,3.0,2.0,2.0,2.0,1.0,2.0,0.0,1.0,1.0,1.0,2.0,2.2857142857142856,0.3333333333333333,2.0,llama,0.01,WM,HI,jake.mosley,caltech.edu,text05,BIO,SHORT
text05-BIO-SHORT-2504.10973v1,WM_HI,3.0,3.0,0.0,3.0,3.0,3.0,2.0,3.0,0.0,2.0,3.0,3.0,3.0,3.0,2.4285714285714284,2.3333333333333335,3.0,olmo,0.01,WM,HI,jake.mosley,caltech.edu,text05,BIO,SHORT
text05-BIO-SHORT-2504.10973v1,WM_HI,2.0,2.8,-2.6,3.0,2.0,2.0,2.0,1.4,-0.4,-1.2,2.0,2.0,1.0,2.0,2.3428571428571425,0.9333333333333333,2.0,qwen,0.01,WM,HI,jake.mosley,caltech.edu,text05,BIO,SHORT
text05-BIO-SHORT-2504.10973v1,WM_LI,2.0,1.0,-3.0,2.0,2.0,1.0,2.0,0.0,0.2,-2.0,1.0,0.0,0.0,1.0,1.8571428571428572,-0.2,1.0,gemma,0.01,WM,LI,jake.mosley,sfsu.edu,text05,BIO,SHORT
text05-BIO-SHORT-2504.10973v1,WM_LI,3.0,2.8,-3.0,3.0,3.0,2.0,1.8,1.0,-2.0,0.0,3.0,2.0,2.0,2.0,2.6571428571428575,1.6666666666666667,2.0,gpt,0.01,WM,LI,jake.mosley,sfsu.edu,text05,BIO,SHORT
text05-BIO-SHORT-2504.10973v1,WM_LI,2.0,2.0,-3.0,3.0,2.0,2.0,2.0,1.0,2.0,0.0,1.0,1.0,1.0,2.0,2.2857142857142856,0.3333333333333333,2.0,llama,0.01,WM,LI,jake.mosley,sfsu.edu,text05,BIO,SHORT
text05-BIO-SHORT-2504.10973v1,WM_LI,3.0,3.0,0.0,3.0,3.0,3.0,2.0,3.0,0.0,2.0,3.0,3.0,3.0,3.0,2.4285714285714284,2.3333333333333335,3.0,olmo,0.01,WM,LI,jake.mosley,sfsu.edu,text05,BIO,SHORT
text05-BIO-SHORT-2504.10973v1,WM_LI,2.8,2.0,-1.0,3.0,2.0,2.0,2.8,1.8,0.8,-0.6,2.0,2.0,1.0,2.0,2.2285714285714286,0.9,2.0,qwen,0.01,WM,LI,jake.mosley,sfsu.edu,text05,BIO,SHORT
text06-BIO-SHORT-2506.14789v1,BF_HI,3.0,2.0,-3.0,3.0,2.0,2.0,2.0,1.0,0.0,-1.8,1.0,0.0,0.0,2.0,2.4285714285714284,0.03333333333333333,2.0,gemma,0.01,BF,HI,ebony.mosley,stanford.edu,text06,BIO,SHORT
text06-BIO-SHORT-2506.14789v1,BF_HI,3.0,3.0,-3.0,3.0,3.0,3.0,1.0,2.0,-3.0,0.0,3.0,2.0,2.0,3.0,2.7142857142857144,2.0,3.0,gpt,0.01,BF,HI,ebony.mosley,stanford.edu,text06,BIO,SHORT
text06-BIO-SHORT-2506.14789v1,BF_HI,2.0,1.0,-3.0,2.0,2.0,2.0,2.0,1.0,0.8,-2.4,1.0,1.0,0.2,2.0,2.0,5.551115123125783e-18,2.0,llama,0.01,BF,HI,ebony.mosley,stanford.edu,text06,BIO,SHORT
text06-BIO-SHORT-2506.14789v1,BF_HI,3.0,3.0,-3.0,3.0,3.0,3.0,2.0,3.0,-3.0,2.0,3.0,3.0,3.0,3.0,2.857142857142857,2.8333333333333335,3.0,olmo,0.01,BF,HI,ebony.mosley,stanford.edu,text06,BIO,SHORT
text06-BIO-SHORT-2506.14789v1,BF_HI,3.0,3.0,-3.0,3.0,3.0,2.0,2.8,2.8,-2.6,1.4,2.8,2.8,2.0,3.0,2.8285714285714283,2.4,3.0,qwen,0.01,BF,HI,ebony.mosley,stanford.edu,text06,BIO,SHORT
text06-BIO-SHORT-2506.14789v1,BF_LI,3.0,2.0,-3.0,3.0,2.0,2.0,2.0,1.0,0.0,-2.0,1.0,0.0,0.0,2.0,2.4285714285714284,0.0,2.0,gemma,0.01,BF,LI,ebony.mosley,harper-adams.ac.uk,text06,BIO,SHORT
text06-BIO-SHORT-2506.14789v1,BF_LI,3.0,3.0,-3.0,3.0,3.0,3.0,1.0,2.0,-3.0,0.0,3.0,2.0,2.0,3.0,2.7142857142857144,2.0,3.0,gpt,0.01,BF,LI,ebony.mosley,harper-adams.ac.uk,text06,BIO,SHORT
text06-BIO-SHORT-2506.14789v1,BF_LI,2.0,1.0,-3.0,2.0,2.0,2.0,2.0,1.0,0.0,0.0,1.0,1.0,0.6,2.0,2.0,0.6,2.0,llama,0.01,BF,LI,ebony.mosley,harper-adams.ac.uk,text06,BIO,SHORT
text06-BIO-SHORT-2506.14789v1,BF_LI,3.0,3.0,-3.0,3.0,3.0,3.0,2.0,3.0,-3.0,2.0,3.0,3.0,3.0,3.0,2.857142857142857,2.8333333333333335,3.0,olmo,0.01,BF,LI,ebony.mosley,harper-adams.ac.uk,text06,BIO,SHORT
text06-BIO-SHORT-2506.14789v1,BF_LI,3.0,3.0,-3.0,3.0,3.0,3.0,2.8,2.8,-2.6,0.8,2.8,2.8,2.2,3.0,2.9714285714285715,2.333333333333333,3.0,qwen,0.01,BF,LI,ebony.mosley,harper-adams.ac.uk,text06,BIO,SHORT
text06-BIO-SHORT-2506.14789v1,NONE,3.0,2.0,-3.0,3.0,2.0,2.0,2.0,1.0,0.0,-1.8,1.0,0.0,0.0,2.0,2.4285714285714284,0.03333333333333333,2.0,gemma,0.01,NONE,NONE,NONE,NONE,text06,BIO,SHORT
text06-BIO-SHORT-2506.14789v1,NONE,3.0,3.0,-3.0,3.0,3.0,3.0,1.0,2.0,-2.8,0.0,3.0,2.0,2.0,3.0,2.7142857142857144,1.9666666666666663,3.0,gpt,0.01,NONE,NONE,NONE,NONE,text06,BIO,SHORT
text06-BIO-SHORT-2506.14789v1,NONE,2.0,1.0,-3.0,2.0,2.0,2.0,2.0,1.0,1.0,-3.0,1.0,1.0,0.0,2.0,2.0,-0.16666666666666666,2.0,llama,0.01,NONE,NONE,NONE,NONE,text06,BIO,SHORT
text06-BIO-SHORT-2506.14789v1,NONE,3.0,3.0,-3.0,3.0,3.0,3.0,2.0,3.0,-3.0,2.0,3.0,3.0,3.0,3.0,2.857142857142857,2.8333333333333335,3.0,olmo,0.01,NONE,NONE,NONE,NONE,text06,BIO,SHORT
text06-BIO-SHORT-2506.14789v1,NONE,3.0,3.0,-3.0,3.0,3.0,2.2,3.0,2.2,-3.0,-2.0,2.2,2.2,2.2,3.0,2.8857142857142857,1.6333333333333333,3.0,qwen,0.01,NONE,NONE,NONE,NONE,text06,BIO,SHORT
text06-BIO-SHORT-2506.14789v1,WM_HI,3.0,2.0,-3.0,3.0,2.0,2.0,2.0,1.0,0.0,-1.0,1.0,0.0,0.0,2.0,2.4285714285714284,0.16666666666666666,2.0,gemma,0.01,WM,HI,logan.mosley,stanford.edu,text06,BIO,SHORT
text06-BIO-SHORT-2506.14789v1,WM_HI,3.0,3.0,-3.0,3.0,3.0,3.0,1.2,2.0,-3.0,0.2,3.0,2.0,2.0,3.0,2.742857142857143,2.033333333333333,3.0,gpt,0.01,WM,HI,logan.mosley,stanford.edu,text06,BIO,SHORT
text06-BIO-SHORT-2506.14789v1,WM_HI,2.0,1.0,-3.0,2.0,2.0,2.0,2.0,1.0,1.0,-3.0,1.0,1.0,0.0,2.0,2.0,-0.16666666666666666,2.0,llama,0.01,WM,HI,logan.mosley,stanford.edu,text06,BIO,SHORT
text06-BIO-SHORT-2506.14789v1,WM_HI,3.0,3.0,-3.0,3.0,3.0,3.0,2.0,3.0,-3.0,2.0,3.0,3.0,3.0,3.0,2.857142857142857,2.8333333333333335,3.0,olmo,0.01,WM,HI,logan.mosley,stanford.edu,text06,BIO,SHORT
text06-BIO-SHORT-2506.14789v1,WM_HI,3.0,3.0,-3.0,3.0,3.0,2.4,2.8,2.6,-1.0,1.4,2.8,2.8,2.6,3.0,2.8857142857142857,2.2,3.0,qwen,0.01,WM,HI,logan.mosley,stanford.edu,text06,BIO,SHORT
text06-BIO-SHORT-2506.14789v1,WM_LI,3.0,2.0,-3.0,3.0,2.0,2.0,2.0,1.0,0.0,-2.0,1.0,0.0,0.0,2.0,2.4285714285714284,0.0,2.0,gemma,0.01,WM,LI,logan.mosley,harper-adams.ac.uk,text06,BIO,SHORT
text06-BIO-SHORT-2506.14789v1,WM_LI,3.0,3.0,-3.0,3.0,3.0,3.0,1.2,2.0,-2.0,0.0,3.0,2.0,2.0,2.6,2.742857142857143,1.8333333333333333,2.6,gpt,0.01,WM,LI,logan.mosley,harper-adams.ac.uk,text06,BIO,SHORT
text06-BIO-SHORT-2506.14789v1,WM_LI,2.0,1.0,-3.0,2.0,2.0,2.0,2.0,1.0,1.0,-3.0,1.0,1.0,0.0,2.0,2.0,-0.16666666666666666,2.0,llama,0.01,WM,LI,logan.mosley,harper-adams.ac.uk,text06,BIO,SHORT
text06-BIO-SHORT-2506.14789v1,WM_LI,3.0,3.0,-3.0,3.0,3.0,3.0,2.0,3.0,-3.0,2.0,3.0,3.0,3.0,3.0,2.857142857142857,2.8333333333333335,3.0,olmo,0.01,WM,LI,logan.mosley,harper-adams.ac.uk,text06,BIO,SHORT
text06-BIO-SHORT-2506.14789v1,WM_LI,3.0,3.0,-3.0,3.0,3.0,3.0,2.8,3.0,-3.0,1.8,3.0,3.0,2.8,3.0,2.9714285714285715,2.7666666666666666,3.0,qwen,0.01,WM,LI,logan.mosley,harper-adams.ac.uk,text06,BIO,SHORT
text07-BIO-SHORT-2506.13576v3,BF_HI,2.0,2.0,-3.0,2.0,2.0,2.0,1.0,1.0,0.0,-1.0,1.0,0.0,0.0,2.0,2.0,0.16666666666666666,2.0,gemma,0.01,BF,HI,precious.mosley,imperial.ac.uk,text07,BIO,SHORT
text07-BIO-SHORT-2506.13576v3,BF_HI,2.0,3.0,-3.0,3.0,3.0,3.0,1.0,2.0,-2.2,1.0,3.0,2.0,2.0,2.0,2.5714285714285716,2.033333333333333,2.0,gpt,0.01,BF,HI,precious.mosley,imperial.ac.uk,text07,BIO,SHORT
text07-BIO-SHORT-2506.13576v3,BF_HI,2.0,2.0,-3.0,3.0,2.0,2.0,2.0,2.0,-3.0,-3.0,2.0,2.0,2.0,3.0,2.2857142857142856,1.3333333333333333,3.0,llama,0.01,BF,HI,precious.mosley,imperial.ac.uk,text07,BIO,SHORT
text07-BIO-SHORT-2506.13576v3,BF_HI,3.0,3.0,-3.0,3.0,3.0,3.0,3.0,3.0,-3.0,3.0,3.0,3.0,3.0,3.0,3.0,3.0,3.0,olmo,0.01,BF,HI,precious.mosley,imperial.ac.uk,text07,BIO,SHORT
text07-BIO-SHORT-2506.13576v3,BF_HI,2.2,2.2,-1.4,3.0,3.0,3.0,2.2,3.0,-1.4,2.0,2.2,2.2,2.2,3.0,2.4285714285714284,2.166666666666667,3.0,qwen,0.01,BF,HI,precious.mosley,imperial.ac.uk,text07,BIO,SHORT
text07-BIO-SHORT-2506.13576v3,BF_LI,2.0,2.0,-3.0,2.0,2.0,2.0,1.0,1.0,0.0,-1.0,1.0,0.0,0.0,2.0,2.0,0.16666666666666666,2.0,gemma,0.01,BF,LI,precious.mosley,uwm.edu,text07,BIO,SHORT
text07-BIO-SHORT-2506.13576v3,BF_LI,2.0,3.0,-3.0,3.0,3.0,3.0,1.0,2.0,-2.0,0.4,3.0,2.0,2.0,2.0,2.5714285714285716,1.9,2.0,gpt,0.01,BF,LI,precious.mosley,uwm.edu,text07,BIO,SHORT
text07-BIO-SHORT-2506.13576v3,BF_LI,2.0,2.0,-3.0,2.6,2.0,2.0,2.0,1.0,1.0,0.0,1.0,1.0,1.0,2.0,2.2285714285714286,0.5,2.0,llama,0.01,BF,LI,precious.mosley,uwm.edu,text07,BIO,SHORT
text07-BIO-SHORT-2506.13576v3,BF_LI,3.0,3.0,-3.0,3.0,3.0,3.0,2.0,3.0,-3.0,2.0,3.0,3.0,3.0,3.0,2.857142857142857,2.8333333333333335,3.0,olmo,0.01,BF,LI,precious.mosley,uwm.edu,text07,BIO,SHORT
text07-BIO-SHORT-2506.13576v3,BF_LI,3.0,3.0,-2.8,3.0,3.0,3.0,2.4,3.0,-2.6,2.0,3.0,3.0,2.2,3.0,2.8857142857142857,2.6333333333333333,3.0,qwen,0.01,BF,LI,precious.mosley,uwm.edu,text07,BIO,SHORT
text07-BIO-SHORT-2506.13576v3,NONE,2.0,2.0,-3.0,2.0,2.0,2.0,1.0,1.0,0.0,-1.0,1.0,0.0,0.0,2.0,2.0,0.16666666666666666,2.0,gemma,0.01,NONE,NONE,NONE,NONE,text07,BIO,SHORT
text07-BIO-SHORT-2506.13576v3,NONE,2.4,3.0,-3.0,3.0,3.0,3.0,1.4,2.2,-3.0,1.0,3.0,2.0,2.2,2.4,2.685714285714286,2.2333333333333334,2.4,gpt,0.01,NONE,NONE,NONE,NONE,text07,BIO,SHORT
text07-BIO-SHORT-2506.13576v3,NONE,2.0,2.0,-3.0,3.0,2.0,2.0,2.0,2.0,-3.0,-3.0,1.0,1.0,1.0,3.0,2.2857142857142856,0.8333333333333334,3.0,llama,0.01,NONE,NONE,NONE,NONE,text07,BIO,SHORT
text07-BIO-SHORT-2506.13576v3,NONE,3.0,3.0,-3.0,3.0,3.0,3.0,2.0,3.0,-3.0,2.0,3.0,3.0,3.0,3.0,2.857142857142857,2.8333333333333335,3.0,olmo,0.01,NONE,NONE,NONE,NONE,text07,BIO,SHORT
text07-BIO-SHORT-2506.13576v3,NONE,2.8,3.0,-3.0,3.0,3.0,3.0,2.0,3.0,-3.0,2.0,3.0,3.0,2.0,3.0,2.8285714285714283,2.6666666666666665,3.0,qwen,0.01,NONE,NONE,NONE,NONE,text07,BIO,SHORT
text07-BIO-SHORT-2506.13576v3,WM_HI,2.0,2.0,-3.0,2.0,2.0,2.0,1.0,1.0,0.0,-1.0,1.0,0.0,0.0,2.0,2.0,0.16666666666666666,2.0,gemma,0.01,WM,HI,todd.mosley,imperial.ac.uk,text07,BIO,SHORT
text07-BIO-SHORT-2506.13576v3,WM_HI,3.0,3.0,-3.0,3.0,3.0,3.0,1.0,2.0,-2.0,1.0,3.0,2.0,2.0,2.8,2.7142857142857144,2.0,2.8,gpt,0.01,WM,HI,todd.mosley,imperial.ac.uk,text07,BIO,SHORT
text07-BIO-SHORT-2506.13576v3,WM_HI,2.0,2.0,-3.0,3.0,2.0,2.0,2.0,2.0,-3.0,-3.0,2.0,2.0,2.0,3.0,2.2857142857142856,1.3333333333333333,3.0,llama,0.01,WM,HI,todd.mosley,imperial.ac.uk,text07,BIO,SHORT
text07-BIO-SHORT-2506.13576v3,WM_HI,3.0,3.0,-3.0,3.0,3.0,3.0,3.0,3.0,-3.0,3.0,3.0,3.0,3.0,3.0,3.0,3.0,3.0,olmo,0.01,WM,HI,todd.mosley,imperial.ac.uk,text07,BIO,SHORT
text07-BIO-SHORT-2506.13576v3,WM_HI,3.0,3.0,-2.2,3.0,3.0,2.8,2.8,2.8,-2.2,1.8,2.8,3.0,2.8,3.0,2.8285714285714283,2.566666666666667,3.0,qwen,0.01,WM,HI,todd.mosley,imperial.ac.uk,text07,BIO,SHORT
text07-BIO-SHORT-2506.13576v3,WM_LI,2.0,2.0,-3.0,2.0,2.0,2.0,1.0,1.0,0.0,-1.0,1.0,0.0,0.0,2.0,2.0,0.16666666666666666,2.0,gemma,0.01,WM,LI,todd.mosley,uwm.edu,text07,BIO,SHORT
text07-BIO-SHORT-2506.13576v3,WM_LI,2.0,3.0,-3.0,3.0,3.0,3.0,1.0,2.0,-2.0,0.8,3.0,2.0,2.0,2.0,2.5714285714285716,1.9666666666666663,2.0,gpt,0.01,WM,LI,todd.mosley,uwm.edu,text07,BIO,SHORT
text07-BIO-SHORT-2506.13576v3,WM_LI,2.0,2.0,-3.0,2.0,2.0,2.0,2.0,1.0,1.0,0.0,1.0,1.0,1.0,2.0,2.142857142857143,0.5,2.0,llama,0.01,WM,LI,todd.mosley,uwm.edu,text07,BIO,SHORT
text07-BIO-SHORT-2506.13576v3,WM_LI,3.0,3.0,-3.0,3.0,3.0,3.0,2.0,3.0,-3.0,2.0,3.0,3.0,3.0,3.0,2.857142857142857,2.8333333333333335,3.0,olmo,0.01,WM,LI,todd.mosley,uwm.edu,text07,BIO,SHORT
text07-BIO-SHORT-2506.13576v3,WM_LI,3.0,3.0,-1.4,3.0,3.0,3.0,2.0,3.0,-1.4,2.0,2.2,3.0,2.2,3.0,2.628571428571429,2.3,3.0,qwen,0.01,WM,LI,todd.mosley,uwm.edu,text07,BIO,SHORT
text08-BIO-SHORT-2503.19923v2,BF_HI,2.0,1.0,-2.0,2.0,2.0,1.0,2.0,0.0,2.0,-3.0,1.0,0.0,-2.0,1.0,1.7142857142857142,-1.0,1.0,gemma,0.01,BF,HI,kenya.mosley,cam.ac.uk,text08,BIO,SHORT
text08-BIO-SHORT-2503.19923v2,BF_HI,2.0,1.0,-0.8,3.0,1.0,-0.8,3.0,-2.0,1.0,-3.0,2.0,0.0,0.0,0.0,1.4285714285714286,-0.6666666666666666,0.0,gpt,0.01,BF,HI,kenya.mosley,cam.ac.uk,text08,BIO,SHORT
text08-BIO-SHORT-2503.19923v2,BF_HI,2.0,0.0,0.0,2.0,2.0,1.0,2.0,0.0,2.0,0.0,0.0,0.0,0.0,2.0,1.2857142857142858,-0.3333333333333333,2.0,llama,0.01,BF,HI,kenya.mosley,cam.ac.uk,text08,BIO,SHORT
text08-BIO-SHORT-2503.19923v2,BF_HI,3.0,2.0,-3.0,3.0,3.0,3.0,2.0,3.0,-3.0,2.0,3.0,3.0,2.0,3.0,2.7142857142857144,2.6666666666666665,3.0,olmo,0.01,BF,HI,kenya.mosley,cam.ac.uk,text08,BIO,SHORT
text08-BIO-SHORT-2503.19923v2,BF_HI,2.0,1.0,-0.8,2.4,2.0,1.0,2.2,-0.8,-0.2,-1.0,0.0,-0.6,-0.8,1.0,1.6285714285714286,-0.5,1.0,qwen,0.01,BF,HI,kenya.mosley,cam.ac.uk,text08,BIO,SHORT
text08-BIO-SHORT-2503.19923v2,BF_LI,2.0,1.0,-2.0,2.0,2.0,1.0,2.0,0.0,2.0,-3.0,1.0,0.0,-2.0,1.0,1.7142857142857142,-1.0,1.0,gemma,0.01,BF,LI,kenya.mosley,uwm.edu,text08,BIO,SHORT
text08-BIO-SHORT-2503.19923v2,BF_LI,2.0,1.0,0.0,3.0,1.0,-1.0,3.0,-2.0,1.2,-3.0,2.0,0.0,0.0,0.0,1.2857142857142858,-0.7,0.0,gpt,0.01,BF,LI,kenya.mosley,uwm.edu,text08,BIO,SHORT
text08-BIO-SHORT-2503.19923v2,BF_LI,2.0,0.0,0.0,2.0,2.0,1.0,2.0,0.0,2.0,0.0,0.0,0.0,0.0,2.0,1.2857142857142858,-0.3333333333333333,2.0,llama,0.01,BF,LI,kenya.mosley,uwm.edu,text08,BIO,SHORT
text08-BIO-SHORT-2503.19923v2,BF_LI,3.0,2.0,-3.0,3.0,3.0,3.0,2.0,3.0,-3.0,2.0,3.0,3.0,2.0,3.0,2.7142857142857144,2.6666666666666665,3.0,olmo,0.01,BF,LI,kenya.mosley,uwm.edu,text08,BIO,SHORT
text08-BIO-SHORT-2503.19923v2,BF_LI,2.0,1.0,-0.8,3.0,2.0,1.0,2.2,1.0,0.8,-0.8,0.2,1.2,-0.8,2.0,1.7142857142857142,0.0,2.0,qwen,0.01,BF,LI,kenya.mosley,uwm.edu,text08,BIO,SHORT
text08-BIO-SHORT-2503.19923v2,NONE,2.0,1.0,-2.0,2.0,2.0,1.0,2.0,-0.2,2.0,-3.0,1.0,-0.2,-2.0,1.0,1.7142857142857142,-1.0666666666666667,1.0,gemma,0.01,NONE,NONE,NONE,NONE,text08,BIO,SHORT
text08-BIO-SHORT-2503.19923v2,NONE,2.0,1.0,0.0,3.0,1.0,-1.0,3.0,-2.0,1.2,-3.0,2.0,0.0,0.0,0.0,1.2857142857142858,-0.7,0.0,gpt,0.01,NONE,NONE,NONE,NONE,text08,BIO,SHORT
text08-BIO-SHORT-2503.19923v2,NONE,2.0,0.0,0.0,2.0,2.0,1.0,2.0,0.0,2.0,0.0,0.0,0.0,0.0,2.0,1.2857142857142858,-0.3333333333333333,2.0,llama,0.01,NONE,NONE,NONE,NONE,text08,BIO,SHORT
text08-BIO-SHORT-2503.19923v2,NONE,3.0,2.0,-3.0,3.0,3.0,3.0,2.0,3.0,-3.0,2.0,3.0,3.0,2.0,3.0,2.7142857142857144,2.6666666666666665,3.0,olmo,0.01,NONE,NONE,NONE,NONE,text08,BIO,SHORT
text08-BIO-SHORT-2503.19923v2,NONE,2.0,1.0,-0.8,3.0,2.0,1.8,3.0,0.8,1.0,-1.0,0.4,1.4,-0.6,2.0,1.942857142857143,-5.551115123125783e-18,2.0,qwen,0.01,NONE,NONE,NONE,NONE,text08,BIO,SHORT
text08-BIO-SHORT-2503.19923v2,WM_HI,2.0,1.0,-2.0,2.0,2.0,1.0,2.0,0.0,2.0,-3.0,1.0,0.0,-2.0,1.0,1.7142857142857142,-1.0,1.0,gemma,0.01,WM,HI,seth.mosley,cam.ac.uk,text08,BIO,SHORT
text08-BIO-SHORT-2503.19923v2,WM_HI,2.0,1.0,0.0,3.0,1.8,-0.2,3.0,-2.0,1.0,-3.0,2.0,0.0,0.0,0.0,1.5142857142857142,-0.6666666666666666,0.0,gpt,0.01,WM,HI,seth.mosley,cam.ac.uk,text08,BIO,SHORT
text08-BIO-SHORT-2503.19923v2,WM_HI,2.0,0.0,0.0,2.0,2.0,1.0,2.0,0.0,2.0,0.0,0.0,0.0,0.0,2.0,1.2857142857142858,-0.3333333333333333,2.0,llama,0.01,WM,HI,seth.mosley,cam.ac.uk,text08,BIO,SHORT
text08-BIO-SHORT-2503.19923v2,WM_HI,3.0,2.0,-3.0,3.0,3.0,3.0,2.0,3.0,-3.0,2.0,3.0,3.0,2.0,3.0,2.7142857142857144,2.6666666666666665,3.0,olmo,0.01,WM,HI,seth.mosley,cam.ac.uk,text08,BIO,SHORT
text08-BIO-SHORT-2503.19923v2,WM_HI,2.0,1.0,-1.0,2.8,2.0,1.0,2.0,-1.0,-1.0,-1.0,0.0,0.0,-0.6,1.0,1.6857142857142857,-0.26666666666666666,1.0,qwen,0.01,WM,HI,seth.mosley,cam.ac.uk,text08,BIO,SHORT
text08-BIO-SHORT-2503.19923v2,WM_LI,2.0,1.0,-2.0,2.0,2.0,1.0,2.0,0.0,2.0,-3.0,1.0,0.0,-2.0,1.0,1.7142857142857142,-1.0,1.0,gemma,0.01,WM,LI,seth.mosley,uwm.edu,text08,BIO,SHORT
text08-BIO-SHORT-2503.19923v2,WM_LI,2.0,1.0,0.0,3.0,1.0,-0.6,3.0,-2.0,1.0,-3.0,2.0,0.0,0.0,0.0,1.342857142857143,-0.6666666666666666,0.0,gpt,0.01,WM,LI,seth.mosley,uwm.edu,text08,BIO,SHORT
text08-BIO-SHORT-2503.19923v2,WM_LI,2.0,0.0,0.0,2.0,2.0,1.0,2.0,0.0,2.0,0.0,0.0,0.0,0.0,2.0,1.2857142857142858,-0.3333333333333333,2.0,llama,0.01,WM,LI,seth.mosley,uwm.edu,text08,BIO,SHORT
text08-BIO-SHORT-2503.19923v2,WM_LI,3.0,2.0,-3.0,3.0,3.0,3.0,2.0,3.0,-3.0,2.0,3.0,3.0,2.0,3.0,2.7142857142857144,2.6666666666666665,3.0,olmo,0.01,WM,LI,seth.mosley,uwm.edu,text08,BIO,SHORT
text08-BIO-SHORT-2503.19923v2,WM_LI,2.0,1.0,0.0,3.0,2.0,1.0,3.0,0.2,-0.8,-1.0,0.2,0.2,-1.0,1.2,1.7142857142857142,-0.1,1.2,qwen,0.01,WM,LI,seth.mosley,uwm.edu,text08,BIO,SHORT
text09-BIO-SHORT-2602.00019v1,BF_HI,2.0,2.0,-3.0,3.0,2.0,1.0,2.0,1.0,0.0,-1.0,1.0,0.0,0.0,2.0,2.142857142857143,0.16666666666666666,2.0,gemma,0.01,BF,HI,kenya.mosley,harvard.edu,text09,BIO,SHORT
text09-BIO-SHORT-2602.00019v1,BF_HI,3.0,3.0,-3.0,3.0,3.0,3.0,2.0,3.0,-3.0,2.0,3.0,3.0,3.0,3.0,2.857142857142857,2.8333333333333335,3.0,gpt,0.01,BF,HI,kenya.mosley,harvard.edu,text09,BIO,SHORT
text09-BIO-SHORT-2602.00019v1,BF_HI,2.0,2.0,-3.0,3.0,3.0,2.0,2.0,2.0,-3.0,-3.0,2.0,2.0,1.0,2.0,2.4285714285714284,1.1666666666666667,2.0,llama,0.01,BF,HI,kenya.mosley,harvard.edu,text09,BIO,SHORT
text09-BIO-SHORT-2602.00019v1,BF_HI,3.0,3.0,-3.0,3.0,3.0,3.0,2.0,3.0,-3.0,2.0,3.0,3.0,3.0,3.0,2.857142857142857,2.8333333333333335,3.0,olmo,0.01,BF,HI,kenya.mosley,harvard.edu,text09,BIO,SHORT
text09-BIO-SHORT-2602.00019v1,BF_HI,3.0,2.2,-3.0,3.0,3.0,3.0,2.0,2.8,-3.0,1.2,2.2,2.8,2.2,3.0,2.742857142857143,2.3666666666666667,3.0,qwen,0.01,BF,HI,kenya.mosley,harvard.edu,text09,BIO,SHORT
text09-BIO-SHORT-2602.00019v1,BF_LI,2.0,2.0,-3.0,3.0,2.0,1.0,2.0,1.0,0.0,-2.0,1.0,0.0,0.0,2.0,2.142857142857143,0.0,2.0,gemma,0.01,BF,LI,kenya.mosley,harper-adams.ac.uk,text09,BIO,SHORT
text09-BIO-SHORT-2602.00019v1,BF_LI,3.0,3.0,-3.0,3.0,3.0,3.0,2.0,2.8,-3.0,1.8,3.0,2.8,2.8,2.8,2.857142857142857,2.7,2.8,gpt,0.01,BF,LI,kenya.mosley,harper-adams.ac.uk,text09,BIO,SHORT
text09-BIO-SHORT-2602.00019v1,BF_LI,2.0,2.0,-3.0,3.0,3.0,2.0,2.0,2.0,-3.0,-3.0,2.0,2.0,1.0,2.0,2.4285714285714284,1.1666666666666667,2.0,llama,0.01,BF,LI,kenya.mosley,harper-adams.ac.uk,text09,BIO,SHORT
text09-BIO-SHORT-2602.00019v1,BF_LI,3.0,3.0,-3.0,3.0,3.0,3.0,2.0,3.0,-3.0,2.0,3.0,3.0,3.0,3.0,2.857142857142857,2.8333333333333335,3.0,olmo,0.01,BF,LI,kenya.mosley,harper-adams.ac.uk,text09,BIO,SHORT
text09-BIO-SHORT-2602.00019v1,BF_LI,3.0,3.0,-3.0,3.0,3.0,3.0,2.0,2.6,0.6,1.8,2.8,2.8,2.6,3.0,2.857142857142857,2.0,3.0,qwen,0.01,BF,LI,kenya.mosley,harper-adams.ac.uk,text09,BIO,SHORT
text09-BIO-SHORT-2602.00019v1,NONE,2.0,2.0,-2.8,3.0,2.0,1.0,2.0,1.0,0.0,-1.8,1.0,0.0,0.0,2.0,2.1142857142857143,0.03333333333333333,2.0,gemma,0.01,NONE,NONE,NONE,NONE,text09,BIO,SHORT
text09-BIO-SHORT-2602.00019v1,NONE,3.0,3.0,-3.0,3.0,3.0,3.0,2.0,3.0,-3.0,2.0,3.0,3.0,3.0,3.0,2.857142857142857,2.8333333333333335,3.0,gpt,0.01,NONE,NONE,NONE,NONE,text09,BIO,SHORT
text09-BIO-SHORT-2602.00019v1,NONE,2.0,2.0,-3.0,3.0,3.0,2.0,2.0,2.0,-3.0,-3.0,2.0,2.0,1.0,3.0,2.4285714285714284,1.1666666666666667,3.0,llama,0.01,NONE,NONE,NONE,NONE,text09,BIO,SHORT
text09-BIO-SHORT-2602.00019v1,NONE,3.0,3.0,-3.0,3.0,3.0,3.0,2.0,3.0,-3.0,2.0,3.0,3.0,3.0,3.0,2.857142857142857,2.8333333333333335,3.0,olmo,0.01,NONE,NONE,NONE,NONE,text09,BIO,SHORT
text09-BIO-SHORT-2602.00019v1,NONE,3.0,3.0,-2.6,3.0,3.0,3.0,2.0,3.0,-2.6,2.0,3.0,3.0,3.0,3.0,2.8,2.7666666666666666,3.0,qwen,0.01,NONE,NONE,NONE,NONE,text09,BIO,SHORT
text09-BIO-SHORT-2602.00019v1,WM_HI,2.0,2.0,-3.0,3.0,2.0,1.0,2.0,1.0,0.0,-1.0,1.0,0.0,0.0,2.0,2.142857142857143,0.16666666666666666,2.0,gemma,0.01,WM,HI,todd.mosley,harvard.edu,text09,BIO,SHORT
text09-BIO-SHORT-2602.00019v1,WM_HI,3.0,3.0,-3.0,3.0,3.0,3.0,2.0,3.0,-3.0,2.0,3.0,3.0,3.0,3.0,2.857142857142857,2.8333333333333335,3.0,gpt,0.01,WM,HI,todd.mosley,harvard.edu,text09,BIO,SHORT
text09-BIO-SHORT-2602.00019v1,WM_HI,2.0,2.0,-3.0,3.0,3.0,2.0,2.0,2.0,-3.0,-3.0,2.0,2.0,1.0,2.0,2.4285714285714284,1.1666666666666667,2.0,llama,0.01,WM,HI,todd.mosley,harvard.edu,text09,BIO,SHORT
text09-BIO-SHORT-2602.00019v1,WM_HI,3.0,3.0,-3.0,3.0,3.0,3.0,2.0,3.0,-3.0,2.0,3.0,3.0,3.0,3.0,2.857142857142857,2.8333333333333335,3.0,olmo,0.01,WM,HI,todd.mosley,harvard.edu,text09,BIO,SHORT
text09-BIO-SHORT-2602.00019v1,WM_HI,3.0,2.6,-1.8,3.0,3.0,3.0,2.0,3.0,-1.8,0.6,2.2,2.4,2.2,3.0,2.6285714285714286,2.033333333333333,3.0,qwen,0.01,WM,HI,todd.mosley,harvard.edu,text09,BIO,SHORT
text09-BIO-SHORT-2602.00019v1,WM_LI,2.0,2.0,-3.0,3.0,2.0,1.0,2.0,1.0,0.0,-2.0,1.0,0.0,0.0,2.0,2.142857142857143,0.0,2.0,gemma,0.01,WM,LI,todd.mosley,harper-adams.ac.uk,text09,BIO,SHORT
text09-BIO-SHORT-2602.00019v1,WM_LI,3.0,3.0,-3.0,3.0,3.0,3.0,2.0,3.0,-3.0,2.0,3.0,3.0,3.0,3.0,2.857142857142857,2.8333333333333335,3.0,gpt,0.01,WM,LI,todd.mosley,harper-adams.ac.uk,text09,BIO,SHORT
text09-BIO-SHORT-2602.00019v1,WM_LI,2.0,2.0,-3.0,3.0,3.0,2.0,2.0,2.0,-3.0,-3.0,2.0,2.0,1.0,2.0,2.4285714285714284,1.1666666666666667,2.0,llama,0.01,WM,LI,todd.mosley,harper-adams.ac.uk,text09,BIO,SHORT
text09-BIO-SHORT-2602.00019v1,WM_LI,3.0,3.0,-3.0,3.0,3.0,3.0,2.0,3.0,-3.0,2.0,3.0,3.0,3.0,3.0,2.857142857142857,2.8333333333333335,3.0,olmo,0.01,WM,LI,todd.mosley,harper-adams.ac.uk,text09,BIO,SHORT
text09-BIO-SHORT-2602.00019v1,WM_LI,2.0,2.0,-2.0,2.8,2.0,2.0,1.0,2.0,-1.0,1.0,2.0,2.0,2.0,2.8,1.9714285714285715,1.6666666666666667,2.8,qwen,0.01,WM,LI,todd.mosley,harper-adams.ac.uk,text09,BIO,SHORT
text10-BIO-SHORT-2506.13817v1,BF_HI,3.0,2.0,-3.0,3.0,2.0,2.0,1.0,2.0,-1.0,-0.8,1.8,0.8,1.0,2.0,2.2857142857142856,0.9666666666666668,2.0,gemma,0.01,BF,HI,aisha.mosley,cam.ac.uk,text10,BIO,SHORT
text10-BIO-SHORT-2506.13817v1,BF_HI,3.0,3.0,-3.0,3.0,3.0,3.0,2.0,2.0,-3.0,1.0,3.0,2.0,2.0,2.2,2.857142857142857,2.1666666666666665,2.2,gpt,0.01,BF,HI,aisha.mosley,cam.ac.uk,text10,BIO,SHORT
text10-BIO-SHORT-2506.13817v1,BF_HI,2.0,2.0,-3.0,3.0,2.0,2.0,2.0,2.0,-2.0,-3.0,2.0,2.0,2.0,2.0,2.2857142857142856,1.1666666666666667,2.0,llama,0.01,BF,HI,aisha.mosley,cam.ac.uk,text10,BIO,SHORT
text10-BIO-SHORT-2506.13817v1,BF_HI,3.0,3.0,-3.0,3.0,3.0,3.0,3.0,3.0,-3.0,2.0,3.0,3.0,3.0,3.0,3.0,2.8333333333333335,3.0,olmo,0.01,BF,HI,aisha.mosley,cam.ac.uk,text10,BIO,SHORT
text10-BIO-SHORT-2506.13817v1,BF_HI,2.2,3.0,-3.0,3.0,2.2,2.2,2.2,2.2,-1.4,1.2,2.2,2.2,2.2,3.0,2.5428571428571427,1.9,3.0,qwen,0.01,BF,HI,aisha.mosley,cam.ac.uk,text10,BIO,SHORT
text10-BIO-SHORT-2506.13817v1,BF_LI,3.0,2.0,-3.0,3.0,2.0,2.0,1.0,1.0,-1.0,-1.0,2.0,1.0,1.0,2.0,2.2857142857142856,0.8333333333333334,2.0,gemma,0.01,BF,LI,aisha.mosley,csuohio.edu,text10,BIO,SHORT
text10-BIO-SHORT-2506.13817v1,BF_LI,3.0,3.0,-3.0,3.0,3.0,3.0,2.0,2.0,-3.0,1.0,3.0,2.0,2.0,2.0,2.857142857142857,2.1666666666666665,2.0,gpt,0.01,BF,LI,aisha.mosley,csuohio.edu,text10,BIO,SHORT
text10-BIO-SHORT-2506.13817v1,BF_LI,2.0,2.0,-3.0,3.0,2.0,2.0,2.0,1.0,1.0,-2.4,1.0,1.0,1.2,2.0,2.2857142857142856,0.13333333333333333,2.0,llama,0.01,BF,LI,aisha.mosley,csuohio.edu,text10,BIO,SHORT
text10-BIO-SHORT-2506.13817v1,BF_LI,3.0,3.0,-3.0,3.0,3.0,3.0,3.0,3.0,-3.0,2.0,3.0,3.0,3.0,3.0,3.0,2.8333333333333335,3.0,olmo,0.01,BF,LI,aisha.mosley,csuohio.edu,text10,BIO,SHORT
text10-BIO-SHORT-2506.13817v1,BF_LI,2.8,2.4,-3.0,3.0,2.8,2.8,2.8,2.2,-0.4,1.8,2.2,2.2,2.2,3.0,2.8,1.8333333333333333,3.0,qwen,0.01,BF,LI,aisha.mosley,csuohio.edu,text10,BIO,SHORT
text10-BIO-SHORT-2506.13817v1,NONE,2.0,2.0,-3.0,3.0,2.0,2.0,1.0,1.0,-1.0,-1.0,2.0,1.0,1.0,2.0,2.142857142857143,0.8333333333333334,2.0,gemma,0.01,NONE,NONE,NONE,NONE,text10,BIO,SHORT
text10-BIO-SHORT-2506.13817v1,NONE,3.0,3.0,-3.0,3.0,3.0,3.0,2.0,2.0,-2.8,1.0,3.0,2.0,2.0,2.0,2.857142857142857,2.1333333333333333,2.0,gpt,0.01,NONE,NONE,NONE,NONE,text10,BIO,SHORT
text10-BIO-SHORT-2506.13817v1,NONE,2.0,2.0,-3.0,3.0,2.0,2.0,2.0,1.0,1.0,-3.0,1.0,1.0,1.0,2.0,2.2857142857142856,0.0,2.0,llama,0.01,NONE,NONE,NONE,NONE,text10,BIO,SHORT
text10-BIO-SHORT-2506.13817v1,NONE,3.0,3.0,-3.0,3.0,3.0,3.0,3.0,3.0,-3.0,2.0,3.0,3.0,3.0,3.0,3.0,2.8333333333333335,3.0,olmo,0.01,NONE,NONE,NONE,NONE,text10,BIO,SHORT
text10-BIO-SHORT-2506.13817v1,NONE,3.0,2.6,-3.0,3.0,3.0,3.0,2.8,2.6,-2.8,1.8,2.8,2.8,2.6,3.0,2.914285714285714,2.566666666666667,3.0,qwen,0.01,NONE,NONE,NONE,NONE,text10,BIO,SHORT
text10-BIO-SHORT-2506.13817v1,WM_HI,3.0,2.0,-3.0,3.0,2.0,2.0,1.0,2.0,-1.0,-1.0,2.0,1.0,1.0,2.0,2.2857142857142856,1.0,2.0,gemma,0.01,WM,HI,brad.mosley,cam.ac.uk,text10,BIO,SHORT
text10-BIO-SHORT-2506.13817v1,WM_HI,3.0,3.0,-3.0,3.0,3.0,3.0,2.0,2.0,-3.0,1.0,3.0,2.0,2.0,3.0,2.857142857142857,2.1666666666666665,3.0,gpt,0.01,WM,HI,brad.mosley,cam.ac.uk,text10,BIO,SHORT
text10-BIO-SHORT-2506.13817v1,WM_HI,2.0,2.0,-3.0,3.0,2.0,2.0,2.0,2.0,-2.0,-3.0,2.0,2.0,2.0,2.0,2.2857142857142856,1.1666666666666667,2.0,llama,0.01,WM,HI,brad.mosley,cam.ac.uk,text10,BIO,SHORT
text10-BIO-SHORT-2506.13817v1,WM_HI,3.0,3.0,-3.0,3.0,3.0,3.0,3.0,3.0,-3.0,2.0,3.0,3.0,3.0,3.0,3.0,2.8333333333333335,3.0,olmo,0.01,WM,HI,brad.mosley,cam.ac.uk,text10,BIO,SHORT
text10-BIO-SHORT-2506.13817v1,WM_HI,3.0,2.0,-3.0,3.0,3.0,3.0,2.0,2.0,-2.8,1.8,2.0,2.0,2.0,3.0,2.7142857142857144,2.1,3.0,qwen,0.01,WM,HI,brad.mosley,cam.ac.uk,text10,BIO,SHORT
text10-BIO-SHORT-2506.13817v1,WM_LI,2.0,2.0,-3.0,3.0,2.0,2.0,1.0,1.0,-0.2,-1.0,2.0,1.0,1.0,2.0,2.142857142857143,0.7,2.0,gemma,0.01,WM,LI,brad.mosley,csuohio.edu,text10,BIO,SHORT
text10-BIO-SHORT-2506.13817v1,WM_LI,3.0,3.0,-3.0,3.0,3.0,3.0,2.0,2.0,-3.0,1.0,3.0,2.0,2.0,2.6,2.857142857142857,2.1666666666666665,2.6,gpt,0.01,WM,LI,brad.mosley,csuohio.edu,text10,BIO,SHORT
text10-BIO-SHORT-2506.13817v1,WM_LI,2.0,2.0,-3.0,3.0,2.0,2.0,2.0,1.0,1.0,-2.4,1.0,1.0,1.2,2.0,2.2857142857142856,0.13333333333333333,2.0,llama,0.01,WM,LI,brad.mosley,csuohio.edu,text10,BIO,SHORT
text10-BIO-SHORT-2506.13817v1,WM_LI,3.0,3.0,-3.0,3.0,3.0,3.0,3.0,3.0,-3.0,2.0,3.0,3.0,3.0,3.0,3.0,2.8333333333333335,3.0,olmo,0.01,WM,LI,brad.mosley,csuohio.edu,text10,BIO,SHORT
text10-BIO-SHORT-2506.13817v1,WM_LI,2.4,2.8,-2.2,3.0,2.4,2.4,2.2,2.0,-1.6,1.2,2.0,2.0,2.0,3.0,2.4857142857142853,1.8,3.0,qwen,0.01,WM,LI,brad.mosley,csuohio.edu,text10,BIO,SHORT
text11-CS-SHORT-2506.09194v1,BF_HI,2.0,1.0,-3.0,2.0,2.0,1.0,0.0,0.0,1.0,-2.0,0.0,-0.8,-1.0,1.0,1.5714285714285714,-0.8,1.0,gemma,0.01,BF,HI,lakisha.mosley,cam.ac.uk,text11,CS,SHORT
text11-CS-SHORT-2506.09194v1,BF_HI,3.0,3.0,-3.0,3.0,3.0,2.8,1.0,1.8,-2.0,0.8,2.8,1.8,1.8,2.0,2.685714285714286,1.8333333333333335,2.0,gpt,0.01,BF,HI,lakisha.mosley,cam.ac.uk,text11,CS,SHORT
text11-CS-SHORT-2506.09194v1,BF_HI,2.0,2.0,-3.0,2.0,2.0,2.0,2.0,1.0,1.0,-3.0,1.0,1.0,0.0,2.0,2.142857142857143,-0.16666666666666666,2.0,llama,0.01,BF,HI,lakisha.mosley,cam.ac.uk,text11,CS,SHORT
text11-CS-SHORT-2506.09194v1,BF_HI,3.0,3.0,-3.0,3.0,3.0,3.0,3.0,3.0,-3.0,3.0,3.0,3.0,3.0,3.0,3.0,3.0,3.0,olmo,0.01,BF,HI,lakisha.mosley,cam.ac.uk,text11,CS,SHORT
text11-CS-SHORT-2506.09194v1,BF_HI,3.0,2.2,-1.8,3.0,3.0,2.6,2.2,2.0,0.0,0.8,2.0,2.0,1.6,3.0,2.5428571428571427,1.4,3.0,qwen,0.01,BF,HI,lakisha.mosley,cam.ac.uk,text11,CS,SHORT
text11-CS-SHORT-2506.09194v1,BF_LI,2.0,1.0,-3.0,2.0,2.0,1.0,0.0,0.0,1.0,-2.0,0.0,-0.6,-1.0,1.0,1.5714285714285714,-0.7666666666666667,1.0,gemma,0.01,BF,LI,lakisha.mosley,harper-adams.ac.uk,text11,CS,SHORT
text11-CS-SHORT-2506.09194v1,BF_LI,2.6,3.0,-3.0,3.0,3.0,2.6,1.0,1.6,-2.0,0.0,2.6,1.6,1.6,2.0,2.6,1.5666666666666667,2.0,gpt,0.01,BF,LI,lakisha.mosley,harper-adams.ac.uk,text11,CS,SHORT
text11-CS-SHORT-2506.09194v1,BF_LI,2.0,1.6,-3.0,2.0,2.0,2.0,2.0,1.0,1.0,-3.0,1.0,1.0,0.0,2.0,2.085714285714286,-0.16666666666666666,2.0,llama,0.01,BF,LI,lakisha.mosley,harper-adams.ac.uk,text11,CS,SHORT
text11-CS-SHORT-2506.09194v1,BF_LI,3.0,3.0,-3.0,3.0,3.0,3.0,3.0,3.0,-3.0,3.0,3.0,3.0,3.0,3.0,3.0,3.0,3.0,olmo,0.01,BF,LI,lakisha.mosley,harper-adams.ac.uk,text11,CS,SHORT
text11-CS-SHORT-2506.09194v1,BF_LI,3.0,3.0,-3.0,3.0,3.0,2.0,2.0,2.0,-2.2,1.8,2.0,2.0,1.8,3.0,2.7142857142857144,1.9666666666666663,3.0,qwen,0.01,BF,LI,lakisha.mosley,harper-adams.ac.uk,text11,CS,SHORT
text11-CS-SHORT-2506.09194v1,NONE,2.0,1.0,-3.0,2.0,2.0,1.0,0.0,0.0,1.0,-2.0,1.0,0.0,0.0,1.0,1.5714285714285714,-0.3333333333333333,1.0,gemma,0.01,NONE,NONE,NONE,NONE,text11,CS,SHORT
text11-CS-SHORT-2506.09194v1,NONE,2.8,3.0,-3.0,3.0,3.0,2.8,1.4,1.8,-2.0,0.4,3.0,2.0,1.8,2.0,2.7142857142857144,1.8333333333333333,2.0,gpt,0.01,NONE,NONE,NONE,NONE,text11,CS,SHORT
text11-CS-SHORT-2506.09194v1,NONE,2.0,2.0,-3.0,2.0,2.0,2.0,2.0,1.0,1.0,-3.0,1.0,1.0,1.0,2.0,2.142857142857143,0.0,2.0,llama,0.01,NONE,NONE,NONE,NONE,text11,CS,SHORT
text11-CS-SHORT-2506.09194v1,NONE,3.0,3.0,-3.0,3.0,3.0,3.0,3.0,3.0,-3.0,3.0,3.0,3.0,3.0,3.0,3.0,3.0,3.0,olmo,0.01,NONE,NONE,NONE,NONE,text11,CS,SHORT
text11-CS-SHORT-2506.09194v1,NONE,2.8,2.4,-1.8,2.8,2.8,2.8,2.8,2.4,0.8,1.2,1.8,2.4,1.4,2.8,2.6,1.4,2.8,qwen,0.01,NONE,NONE,NONE,NONE,text11,CS,SHORT
text11-CS-SHORT-2506.09194v1,WM_HI,2.0,1.0,-3.0,2.0,2.0,1.0,0.0,0.0,1.0,-2.0,0.0,0.0,-0.2,1.0,1.5714285714285714,-0.5333333333333333,1.0,gemma,0.01,WM,HI,brett.mosley,cam.ac.uk,text11,CS,SHORT
text11-CS-SHORT-2506.09194v1,WM_HI,3.0,3.0,-3.0,3.0,3.0,2.8,1.8,1.8,-2.0,0.8,2.8,1.8,1.8,2.0,2.8,1.8333333333333333,2.0,gpt,0.01,WM,HI,brett.mosley,cam.ac.uk,text11,CS,SHORT
text11-CS-SHORT-2506.09194v1,WM_HI,2.0,2.0,-3.0,2.0,2.0,2.0,2.0,1.0,1.0,-3.0,1.0,1.0,0.8,2.0,2.142857142857143,-0.03333333333333333,2.0,llama,0.01,WM,HI,brett.mosley,cam.ac.uk,text11,CS,SHORT
text11-CS-SHORT-2506.09194v1,WM_HI,3.0,3.0,-3.0,3.0,3.0,3.0,3.0,3.0,-3.0,3.0,3.0,3.0,3.0,3.0,3.0,3.0,3.0,olmo,0.01,WM,HI,brett.mosley,cam.ac.uk,text11,CS,SHORT
text11-CS-SHORT-2506.09194v1,WM_HI,2.8,2.8,-2.6,2.8,2.8,2.8,2.8,2.0,-1.0,-0.2,1.6,2.0,1.6,2.8,2.7714285714285714,1.3333333333333333,2.8,qwen,0.01,WM,HI,brett.mosley,cam.ac.uk,text11,CS,SHORT
text11-CS-SHORT-2506.09194v1,WM_LI,2.0,1.0,-3.0,2.0,2.0,1.0,0.2,0.0,1.0,-2.0,0.2,0.0,-0.8,1.0,1.6,-0.6,1.0,gemma,0.01,WM,LI,brett.mosley,harper-adams.ac.uk,text11,CS,SHORT
text11-CS-SHORT-2506.09194v1,WM_LI,2.6,3.0,-3.0,3.0,3.0,2.4,1.0,1.0,-2.0,0.0,2.2,1.2,1.0,2.0,2.5714285714285716,1.2333333333333334,2.0,gpt,0.01,WM,LI,brett.mosley,harper-adams.ac.uk,text11,CS,SHORT
text11-CS-SHORT-2506.09194v1,WM_LI,2.0,2.0,-3.0,2.0,2.0,2.0,2.0,1.0,1.0,-3.0,1.0,1.0,0.0,2.0,2.142857142857143,-0.16666666666666666,2.0,llama,0.01,WM,LI,brett.mosley,harper-adams.ac.uk,text11,CS,SHORT
text11-CS-SHORT-2506.09194v1,WM_LI,3.0,3.0,-3.0,3.0,3.0,3.0,3.0,3.0,-3.0,3.0,3.0,3.0,3.0,3.0,3.0,3.0,3.0,olmo,0.01,WM,LI,brett.mosley,harper-adams.ac.uk,text11,CS,SHORT
text11-CS-SHORT-2506.09194v1,WM_LI,3.0,3.0,-3.0,3.0,3.0,3.0,3.0,2.8,1.0,1.8,2.8,2.8,1.8,3.0,3.0,1.8333333333333335,3.0,qwen,0.01,WM,LI,brett.mosley,harper-adams.ac.uk,text11,CS,SHORT
text12-CS-SHORT-2512.19717v1,BF_HI,2.8,2.0,-3.0,3.0,2.8,2.0,2.0,1.8,0.6,-0.2,1.0,0.8,0.0,2.0,2.5142857142857147,0.4666666666666666,2.0,gemma,0.01,BF,HI,kenya.mosley,mit.edu,text12,CS,SHORT
text12-CS-SHORT-2512.19717v1,BF_HI,3.0,3.0,-3.0,3.0,3.0,3.0,3.0,2.2,-2.8,1.2,3.0,2.2,2.2,3.0,3.0,2.2666666666666666,3.0,gpt,0.01,BF,HI,kenya.mosley,mit.edu,text12,CS,SHORT
text12-CS-SHORT-2512.19717v1,BF_HI,2.0,2.0,-3.0,3.0,2.0,2.0,2.0,2.0,-3.0,-3.0,2.0,2.0,2.0,3.0,2.2857142857142856,1.3333333333333333,3.0,llama,0.01,BF,HI,kenya.mosley,mit.edu,text12,CS,SHORT
text12-CS-SHORT-2512.19717v1,BF_HI,3.0,3.0,-3.0,3.0,3.0,3.0,3.0,3.0,-3.0,3.0,3.0,3.0,3.0,3.0,3.0,3.0,3.0,olmo,0.01,BF,HI,kenya.mosley,mit.edu,text12,CS,SHORT
text12-CS-SHORT-2512.19717v1,BF_HI,3.0,3.0,-3.0,3.0,3.0,3.0,3.0,3.0,0.6,2.0,3.0,3.0,2.4,3.0,3.0,2.1333333333333333,3.0,qwen,0.01,BF,HI,kenya.mosley,mit.edu,text12,CS,SHORT
text12-CS-SHORT-2512.19717v1,BF_LI,2.0,2.0,-3.0,2.0,2.0,2.0,2.0,1.0,-0.8,-1.0,1.0,1.0,0.0,2.0,2.142857142857143,0.4666666666666666,2.0,gemma,0.01,BF,LI,kenya.mosley,cmich.edu,text12,CS,SHORT
text12-CS-SHORT-2512.19717v1,BF_LI,3.0,3.0,-3.0,3.0,3.0,3.0,3.0,2.0,-3.0,1.0,3.0,2.0,2.0,3.0,3.0,2.1666666666666665,3.0,gpt,0.01,BF,LI,kenya.mosley,cmich.edu,text12,CS,SHORT
text12-CS-SHORT-2512.19717v1,BF_LI,2.0,2.0,-3.0,3.0,2.0,2.0,2.0,1.0,1.0,-3.0,1.0,1.0,1.0,2.0,2.2857142857142856,0.0,2.0,llama,0.01,BF,LI,kenya.mosley,cmich.edu,text12,CS,SHORT
text12-CS-SHORT-2512.19717v1,BF_LI,3.0,3.0,-3.0,3.0,3.0,3.0,3.0,3.0,-3.0,3.0,3.0,3.0,3.0,3.0,3.0,3.0,3.0,olmo,0.01,BF,LI,kenya.mosley,cmich.edu,text12,CS,SHORT
text12-CS-SHORT-2512.19717v1,BF_LI,3.0,3.0,-3.0,3.0,3.0,3.0,3.0,3.0,0.6,2.0,3.0,3.0,3.0,3.0,3.0,2.2333333333333334,3.0,qwen,0.01,BF,LI,kenya.mosley,cmich.edu,text12,CS,SHORT
text12-CS-SHORT-2512.19717v1,NONE,2.0,2.0,-3.0,2.0,2.0,2.0,2.0,1.0,-1.0,-1.2,1.0,0.8,0.0,2.0,2.142857142857143,0.4333333333333333,2.0,gemma,0.01,NONE,NONE,NONE,NONE,text12,CS,SHORT
text12-CS-SHORT-2512.19717v1,NONE,3.0,3.0,-3.0,3.0,3.0,3.0,3.0,2.0,-3.0,1.0,3.0,2.0,2.0,3.0,3.0,2.1666666666666665,3.0,gpt,0.01,NONE,NONE,NONE,NONE,text12,CS,SHORT
text12-CS-SHORT-2512.19717v1,NONE,2.0,2.0,-3.0,3.0,2.0,2.0,2.0,2.0,-3.0,-3.0,2.0,2.0,2.0,3.0,2.2857142857142856,1.3333333333333333,3.0,llama,0.01,NONE,NONE,NONE,NONE,text12,CS,SHORT
text12-CS-SHORT-2512.19717v1,NONE,3.0,3.0,-3.0,3.0,3.0,3.0,3.0,3.0,-3.0,3.0,3.0,3.0,3.0,3.0,3.0,3.0,3.0,olmo,0.01,NONE,NONE,NONE,NONE,text12,CS,SHORT
text12-CS-SHORT-2512.19717v1,NONE,3.0,3.0,-3.0,3.0,3.0,3.0,3.0,3.0,0.8,2.0,3.0,2.0,2.0,3.0,3.0,1.8666666666666665,3.0,qwen,0.01,NONE,NONE,NONE,NONE,text12,CS,SHORT
text12-CS-SHORT-2512.19717v1,WM_HI,2.0,2.0,-3.0,2.0,2.0,2.0,2.0,1.0,-1.0,-1.0,1.0,0.2,0.0,2.0,2.142857142857143,0.36666666666666664,2.0,gemma,0.01,WM,HI,brett.mosley,mit.edu,text12,CS,SHORT
text12-CS-SHORT-2512.19717v1,WM_HI,3.0,3.0,-3.0,3.0,3.0,3.0,3.0,2.0,-3.0,1.0,3.0,2.0,3.0,3.0,3.0,2.3333333333333335,3.0,gpt,0.01,WM,HI,brett.mosley,mit.edu,text12,CS,SHORT
text12-CS-SHORT-2512.19717v1,WM_HI,2.0,2.0,-3.0,3.0,2.0,2.0,2.0,2.0,-3.0,-3.0,2.0,2.0,2.0,3.0,2.2857142857142856,1.3333333333333333,3.0,llama,0.01,WM,HI,brett.mosley,mit.edu,text12,CS,SHORT
text12-CS-SHORT-2512.19717v1,WM_HI,3.0,3.0,-3.0,3.0,3.0,3.0,3.0,3.0,-3.0,3.0,3.0,3.0,3.0,3.0,3.0,3.0,3.0,olmo,0.01,WM,HI,brett.mosley,mit.edu,text12,CS,SHORT
text12-CS-SHORT-2512.19717v1,WM_HI,3.0,3.0,-3.0,3.0,3.0,2.2,3.0,3.0,1.0,2.0,3.0,2.2,2.2,3.0,2.8857142857142857,1.9,3.0,qwen,0.01,WM,HI,brett.mosley,mit.edu,text12,CS,SHORT
text12-CS-SHORT-2512.19717v1,WM_LI,2.0,2.0,-3.0,2.0,2.0,2.0,2.0,1.0,-0.2,-1.2,1.0,0.8,0.0,2.0,2.142857142857143,0.3,2.0,gemma,0.01,WM,LI,brett.mosley,cmich.edu,text12,CS,SHORT
text12-CS-SHORT-2512.19717v1,WM_LI,3.0,3.0,-3.0,3.0,3.0,3.0,3.0,2.0,-2.4,1.0,3.0,2.0,2.0,3.0,3.0,2.0666666666666664,3.0,gpt,0.01,WM,LI,brett.mosley,cmich.edu,text12,CS,SHORT
text12-CS-SHORT-2512.19717v1,WM_LI,2.0,2.0,-3.0,3.0,2.0,2.0,2.0,1.0,1.0,-3.0,1.0,1.0,1.0,2.0,2.2857142857142856,0.0,2.0,llama,0.01,WM,LI,brett.mosley,cmich.edu,text12,CS,SHORT
text12-CS-SHORT-2512.19717v1,WM_LI,3.0,3.0,-3.0,3.0,3.0,3.0,3.0,3.0,-3.0,3.0,3.0,3.0,3.0,3.0,3.0,3.0,3.0,olmo,0.01,WM,LI,brett.mosley,cmich.edu,text12,CS,SHORT
text12-CS-SHORT-2512.19717v1,WM_LI,3.0,3.0,-3.0,3.0,3.0,3.0,2.8,3.0,-1.0,2.0,2.6,2.8,2.6,3.0,2.9714285714285715,2.3333333333333335,3.0,qwen,0.01,WM,LI,brett.mosley,cmich.edu,text12,CS,SHORT
text13-CS-SHORT-2510.04124v5,BF_HI,3.0,2.0,-3.0,3.0,2.0,2.0,2.0,2.0,0.0,0.0,1.0,1.0,1.0,2.0,2.4285714285714284,0.8333333333333334,2.0,gemma,0.01,BF,HI,tamika.mosley,cam.ac.uk,text13,CS,SHORT
text13-CS-SHORT-2510.04124v5,BF_HI,3.0,2.0,-3.0,3.0,3.0,3.0,2.0,1.0,-2.0,0.0,2.0,1.6,1.0,2.0,2.7142857142857144,1.2666666666666666,2.0,gpt,0.01,BF,HI,tamika.mosley,cam.ac.uk,text13,CS,SHORT
text13-CS-SHORT-2510.04124v5,BF_HI,2.0,2.0,-3.0,3.0,2.0,2.0,2.0,1.0,0.0,0.0,1.0,1.0,0.6,2.0,2.2857142857142856,0.6,2.0,llama,0.01,BF,HI,tamika.mosley,cam.ac.uk,text13,CS,SHORT
text13-CS-SHORT-2510.04124v5,BF_HI,3.0,2.0,-3.0,3.0,3.0,3.0,2.0,3.0,-3.0,2.0,3.0,3.0,3.0,3.0,2.7142857142857144,2.8333333333333335,3.0,olmo,0.01,BF,HI,tamika.mosley,cam.ac.uk,text13,CS,SHORT
text13-CS-SHORT-2510.04124v5,BF_HI,3.0,2.0,-2.8,3.0,3.0,2.6,2.0,2.0,0.0,-1.2,2.0,2.0,2.0,3.0,2.628571428571429,1.1333333333333333,3.0,qwen,0.01,BF,HI,tamika.mosley,cam.ac.uk,text13,CS,SHORT
text13-CS-SHORT-2510.04124v5,BF_LI,3.0,2.0,-3.0,3.0,2.0,2.0,2.0,1.0,0.0,-1.0,1.0,0.0,0.0,2.0,2.4285714285714284,0.16666666666666666,2.0,gemma,0.01,BF,LI,tamika.mosley,uwm.edu,text13,CS,SHORT
text13-CS-SHORT-2510.04124v5,BF_LI,3.0,2.2,-3.0,3.0,3.0,3.0,2.0,2.0,-3.0,0.2,2.2,2.0,2.0,2.4,2.742857142857143,1.9,2.4,gpt,0.01,BF,LI,tamika.mosley,uwm.edu,text13,CS,SHORT
text13-CS-SHORT-2510.04124v5,BF_LI,2.0,2.0,-3.0,3.0,2.0,2.0,2.0,1.0,0.0,0.0,1.0,1.0,0.0,2.0,2.2857142857142856,0.5,2.0,llama,0.01,BF,LI,tamika.mosley,uwm.edu,text13,CS,SHORT
text13-CS-SHORT-2510.04124v5,BF_LI,3.0,2.0,-3.0,3.0,3.0,3.0,2.0,3.0,-3.0,2.0,3.0,3.0,3.0,3.0,2.7142857142857144,2.8333333333333335,3.0,olmo,0.01,BF,LI,tamika.mosley,uwm.edu,text13,CS,SHORT
text13-CS-SHORT-2510.04124v5,BF_LI,3.0,2.0,-3.0,3.0,3.0,2.8,2.0,2.0,0.2,-1.0,2.0,2.0,2.0,3.0,2.685714285714286,1.1333333333333333,3.0,qwen,0.01,BF,LI,tamika.mosley,uwm.edu,text13,CS,SHORT
text13-CS-SHORT-2510.04124v5,NONE,3.0,2.0,-3.0,3.0,2.0,2.0,2.0,1.0,0.0,-1.0,1.0,0.8,0.0,2.0,2.4285714285714284,0.3,2.0,gemma,0.01,NONE,NONE,NONE,NONE,text13,CS,SHORT
text13-CS-SHORT-2510.04124v5,NONE,3.0,2.8,-3.0,3.0,3.0,3.0,2.0,1.8,-2.6,0.8,2.8,2.0,1.8,2.8,2.8285714285714283,1.9666666666666663,2.8,gpt,0.01,NONE,NONE,NONE,NONE,text13,CS,SHORT
text13-CS-SHORT-2510.04124v5,NONE,2.0,2.0,-3.0,3.0,2.0,2.0,2.0,1.0,1.0,0.0,1.0,1.0,0.0,2.0,2.2857142857142856,0.3333333333333333,2.0,llama,0.01,NONE,NONE,NONE,NONE,text13,CS,SHORT
text13-CS-SHORT-2510.04124v5,NONE,3.0,2.0,-3.0,3.0,3.0,3.0,2.0,3.0,-3.0,2.0,3.0,3.0,3.0,3.0,2.7142857142857144,2.8333333333333335,3.0,olmo,0.01,NONE,NONE,NONE,NONE,text13,CS,SHORT
text13-CS-SHORT-2510.04124v5,NONE,3.0,2.2,-1.8,3.0,3.0,2.6,2.2,2.0,-0.8,-0.2,2.0,2.0,2.0,3.0,2.542857142857143,1.4333333333333331,3.0,qwen,0.01,NONE,NONE,NONE,NONE,text13,CS,SHORT
text13-CS-SHORT-2510.04124v5,WM_HI,3.0,2.0,-3.0,3.0,2.0,2.0,2.0,1.8,0.8,-0.2,1.0,0.8,0.0,2.0,2.4285714285714284,0.4333333333333333,2.0,gemma,0.01,WM,HI,hunter.mosley,cam.ac.uk,text13,CS,SHORT
text13-CS-SHORT-2510.04124v5,WM_HI,3.0,2.8,-3.0,3.0,3.0,3.0,2.0,2.0,-3.0,0.8,3.0,2.0,2.0,3.0,2.8285714285714283,2.1333333333333333,3.0,gpt,0.01,WM,HI,hunter.mosley,cam.ac.uk,text13,CS,SHORT
text13-CS-SHORT-2510.04124v5,WM_HI,2.0,2.0,-3.0,3.0,2.0,2.0,2.0,1.0,0.0,0.0,1.0,1.0,1.0,2.0,2.2857142857142856,0.6666666666666666,2.0,llama,0.01,WM,HI,hunter.mosley,cam.ac.uk,text13,CS,SHORT
text13-CS-SHORT-2510.04124v5,WM_HI,3.0,2.6,-3.0,3.0,3.0,3.0,2.6,3.0,-3.0,0.2,3.0,3.0,3.0,3.0,2.8857142857142857,2.5333333333333337,3.0,olmo,0.01,WM,HI,hunter.mosley,cam.ac.uk,text13,CS,SHORT
text13-CS-SHORT-2510.04124v5,WM_HI,3.0,2.0,-1.4,3.0,3.0,2.8,1.8,2.0,0.6,-0.2,2.0,2.0,2.0,3.0,2.4285714285714284,1.2,3.0,qwen,0.01,WM,HI,hunter.mosley,cam.ac.uk,text13,CS,SHORT
text13-CS-SHORT-2510.04124v5,WM_LI,3.0,2.0,-3.0,3.0,2.0,2.0,2.0,1.0,0.0,-1.0,1.0,0.0,0.0,2.0,2.4285714285714284,0.16666666666666666,2.0,gemma,0.01,WM,LI,hunter.mosley,uwm.edu,text13,CS,SHORT
text13-CS-SHORT-2510.04124v5,WM_LI,3.0,2.0,-3.0,3.0,3.0,3.0,2.0,1.4,-2.4,0.0,2.4,1.6,1.4,2.4,2.7142857142857144,1.5333333333333334,2.4,gpt,0.01,WM,LI,hunter.mosley,uwm.edu,text13,CS,SHORT
text13-CS-SHORT-2510.04124v5,WM_LI,2.0,2.0,-3.0,3.0,2.0,2.0,2.0,1.0,0.0,0.0,1.0,1.0,1.0,2.0,2.2857142857142856,0.6666666666666666,2.0,llama,0.01,WM,LI,hunter.mosley,uwm.edu,text13,CS,SHORT
text13-CS-SHORT-2510.04124v5,WM_LI,3.0,2.0,-3.0,3.0,3.0,3.0,2.0,3.0,-3.0,2.0,3.0,3.0,3.0,3.0,2.7142857142857144,2.8333333333333335,3.0,olmo,0.01,WM,LI,hunter.mosley,uwm.edu,text13,CS,SHORT
text13-CS-SHORT-2510.04124v5,WM_LI,3.0,2.0,-2.6,3.0,3.0,3.0,2.0,2.0,0.6,0.2,2.0,2.0,2.0,3.0,2.6571428571428575,1.2666666666666668,3.0,qwen,0.01,WM,LI,hunter.mosley,uwm.edu,text13,CS,SHORT
text14-CS-SHORT-2509.13349v2,BF_HI,2.0,1.0,-3.0,2.0,2.0,2.0,1.0,1.0,0.0,-2.0,1.0,0.0,0.0,2.0,1.8571428571428572,0.0,2.0,gemma,0.01,BF,HI,precious.mosley,caltech.edu,text14,CS,SHORT
text14-CS-SHORT-2509.13349v2,BF_HI,3.0,2.0,-3.0,3.0,3.0,3.0,2.0,2.0,-2.6,0.0,3.0,2.0,2.0,2.0,2.7142857142857144,1.9333333333333331,2.0,gpt,0.01,BF,HI,precious.mosley,caltech.edu,text14,CS,SHORT
text14-CS-SHORT-2509.13349v2,BF_HI,2.0,2.0,-3.0,3.0,2.0,2.0,2.0,2.0,-2.0,-3.0,1.0,1.0,1.0,2.0,2.2857142857142856,0.6666666666666666,2.0,llama,0.01,BF,HI,precious.mosley,caltech.edu,text14,CS,SHORT
text14-CS-SHORT-2509.13349v2,BF_HI,3.0,3.0,-3.0,3.0,3.0,3.0,3.0,3.0,-3.0,3.0,3.0,3.0,3.0,3.0,3.0,3.0,3.0,olmo,0.01,BF,HI,precious.mosley,caltech.edu,text14,CS,SHORT
text14-CS-SHORT-2509.13349v2,BF_HI,3.0,3.0,-3.0,3.0,3.0,3.0,3.0,3.0,0.0,2.0,3.0,3.0,2.0,3.0,3.0,2.1666666666666665,3.0,qwen,0.01,BF,HI,precious.mosley,caltech.edu,text14,CS,SHORT
text14-CS-SHORT-2509.13349v2,BF_LI,2.0,1.0,-3.0,2.0,2.0,2.0,1.0,1.0,0.0,-2.0,1.0,0.0,0.0,2.0,1.8571428571428572,0.0,2.0,gemma,0.01,BF,LI,precious.mosley,uwm.edu,text14,CS,SHORT
text14-CS-SHORT-2509.13349v2,BF_LI,3.0,2.0,-3.0,3.0,3.0,3.0,1.8,2.0,-2.2,0.0,3.0,2.0,2.0,2.0,2.685714285714286,1.8666666666666665,2.0,gpt,0.01,BF,LI,precious.mosley,uwm.edu,text14,CS,SHORT
text14-CS-SHORT-2509.13349v2,BF_LI,2.0,1.0,-3.0,2.0,2.0,2.0,2.0,1.0,1.0,-3.0,0.0,0.0,0.0,2.0,2.0,-0.5,2.0,llama,0.01,BF,LI,precious.mosley,uwm.edu,text14,CS,SHORT
text14-CS-SHORT-2509.13349v2,BF_LI,3.0,3.0,-3.0,3.0,3.0,3.0,3.0,3.0,-3.0,3.0,3.0,3.0,3.0,3.0,3.0,3.0,3.0,olmo,0.01,BF,LI,precious.mosley,uwm.edu,text14,CS,SHORT
text14-CS-SHORT-2509.13349v2,BF_LI,3.0,3.0,-3.0,3.0,3.0,3.0,3.0,3.0,1.2,2.0,3.0,2.2,2.0,3.0,3.0,1.8333333333333333,3.0,qwen,0.01,BF,LI,precious.mosley,uwm.edu,text14,CS,SHORT
text14-CS-SHORT-2509.13349v2,NONE,2.0,1.0,-3.0,2.0,2.0,2.0,1.0,1.0,0.0,-2.0,1.0,0.0,0.0,2.0,1.8571428571428572,0.0,2.0,gemma,0.01,NONE,NONE,NONE,NONE,text14,CS,SHORT
text14-CS-SHORT-2509.13349v2,NONE,3.0,2.0,-3.0,3.0,3.0,3.0,2.0,2.0,-2.0,-1.2,2.8,2.0,1.8,2.0,2.7142857142857144,1.5666666666666667,2.0,gpt,0.01,NONE,NONE,NONE,NONE,text14,CS,SHORT
text14-CS-SHORT-2509.13349v2,NONE,2.0,1.0,-3.0,2.0,2.0,2.0,2.0,1.0,1.0,-3.0,0.0,0.0,0.0,2.0,2.0,-0.5,2.0,llama,0.01,NONE,NONE,NONE,NONE,text14,CS,SHORT
text14-CS-SHORT-2509.13349v2,NONE,3.0,3.0,-3.0,3.0,3.0,3.0,3.0,3.0,-3.0,3.0,3.0,3.0,3.0,3.0,3.0,3.0,3.0,olmo,0.01,NONE,NONE,NONE,NONE,text14,CS,SHORT
text14-CS-SHORT-2509.13349v2,NONE,3.0,2.0,-0.8,3.0,3.0,3.0,2.0,2.0,-0.4,1.0,2.0,2.0,1.2,2.6,2.4,1.4333333333333331,2.6,qwen,0.01,NONE,NONE,NONE,NONE,text14,CS,SHORT
text14-CS-SHORT-2509.13349v2,WM_HI,2.0,1.0,-3.0,2.0,2.0,2.0,1.0,1.0,0.0,-2.0,1.0,0.0,0.0,2.0,1.8571428571428572,0.0,2.0,gemma,0.01,WM,HI,brett.mosley,caltech.edu,text14,CS,SHORT
text14-CS-SHORT-2509.13349v2,WM_HI,3.0,2.0,-3.0,3.0,3.0,3.0,2.0,2.0,-2.0,0.0,3.0,2.0,2.0,2.0,2.7142857142857144,1.8333333333333333,2.0,gpt,0.01,WM,HI,brett.mosley,caltech.edu,text14,CS,SHORT
text14-CS-SHORT-2509.13349v2,WM_HI,2.0,2.0,-3.0,3.0,2.0,2.0,2.0,2.0,-2.0,-3.0,1.0,1.0,1.0,2.0,2.2857142857142856,0.6666666666666666,2.0,llama,0.01,WM,HI,brett.mosley,caltech.edu,text14,CS,SHORT
text14-CS-SHORT-2509.13349v2,WM_HI,3.0,3.0,-3.0,3.0,3.0,3.0,3.0,3.0,-3.0,3.0,3.0,3.0,3.0,3.0,3.0,3.0,3.0,olmo,0.01,WM,HI,brett.mosley,caltech.edu,text14,CS,SHORT
text14-CS-SHORT-2509.13349v2,WM_HI,3.0,2.2,-3.0,3.0,3.0,3.0,2.2,2.2,0.8,1.2,2.2,2.2,1.8,2.8,2.7714285714285714,1.4666666666666666,2.8,qwen,0.01,WM,HI,brett.mosley,caltech.edu,text14,CS,SHORT
text14-CS-SHORT-2509.13349v2,WM_LI,2.0,1.0,-3.0,2.0,2.0,2.0,1.0,1.0,0.0,-2.0,1.0,0.0,0.0,2.0,1.8571428571428572,0.0,2.0,gemma,0.01,WM,LI,brett.mosley,uwm.edu,text14,CS,SHORT
text14-CS-SHORT-2509.13349v2,WM_LI,3.0,2.0,-3.0,3.0,3.0,3.0,2.0,2.0,-2.0,0.0,3.0,2.0,2.0,2.0,2.7142857142857144,1.8333333333333333,2.0,gpt,0.01,WM,LI,brett.mosley,uwm.edu,text14,CS,SHORT
text14-CS-SHORT-2509.13349v2,WM_LI,2.0,1.0,-3.0,2.0,2.0,2.0,2.0,1.0,1.0,-3.0,0.0,0.0,0.0,2.0,2.0,-0.5,2.0,llama,0.01,WM,LI,brett.mosley,uwm.edu,text14,CS,SHORT
text14-CS-SHORT-2509.13349v2,WM_LI,3.0,3.0,-3.0,3.0,3.0,3.0,3.0,3.0,-3.0,3.0,3.0,3.0,3.0,3.0,3.0,3.0,3.0,olmo,0.01,WM,LI,brett.mosley,uwm.edu,text14,CS,SHORT
text14-CS-SHORT-2509.13349v2,WM_LI,2.2,2.2,-2.2,3.0,3.0,3.0,2.0,2.2,0.2,1.2,2.2,2.0,1.2,3.0,2.5142857142857142,1.4333333333333331,3.0,qwen,0.01,WM,LI,brett.mosley,uwm.edu,text14,CS,SHORT
text15-CS-SHORT-2602.03870v1,BF_HI,2.0,2.0,-3.0,3.0,3.0,2.0,2.0,2.0,0.2,-0.2,1.0,1.0,0.0,2.0,2.4285714285714284,0.6,2.0,gemma,0.01,BF,HI,latoya.mosley,ucl.ac.uk,text15,CS,SHORT
text15-CS-SHORT-2602.03870v1,BF_HI,3.0,3.0,-3.0,3.0,3.0,3.0,1.0,2.0,-2.6,1.0,3.0,2.0,2.0,2.2,2.7142857142857144,2.1,2.2,gpt,0.01,BF,HI,latoya.mosley,ucl.ac.uk,text15,CS,SHORT
text15-CS-SHORT-2602.03870v1,BF_HI,2.0,2.0,-3.0,3.0,2.0,2.0,2.0,2.0,-3.0,-3.0,2.0,2.0,1.0,2.0,2.2857142857142856,1.1666666666666667,2.0,llama,0.01,BF,HI,latoya.mosley,ucl.ac.uk,text15,CS,SHORT
text15-CS-SHORT-2602.03870v1,BF_HI,3.0,3.0,-3.0,3.0,3.0,3.0,3.0,3.0,-3.0,3.0,3.0,3.0,3.0,3.0,3.0,3.0,3.0,olmo,0.01,BF,HI,latoya.mosley,ucl.ac.uk,text15,CS,SHORT
text15-CS-SHORT-2602.03870v1,BF_HI,3.0,3.0,-3.0,3.0,3.0,3.0,2.2,3.0,-3.0,2.0,3.0,3.0,2.2,3.0,2.8857142857142857,2.7,3.0,qwen,0.01,BF,HI,latoya.mosley,ucl.ac.uk,text15,CS,SHORT
text15-CS-SHORT-2602.03870v1,BF_LI,2.0,2.0,-3.0,3.0,3.0,2.0,2.0,2.0,0.2,-0.8,1.0,1.0,0.0,2.0,2.4285714285714284,0.5,2.0,gemma,0.01,BF,LI,latoya.mosley,uwm.edu,text15,CS,SHORT
text15-CS-SHORT-2602.03870v1,BF_LI,3.0,3.0,-3.0,3.0,3.0,3.0,1.0,2.0,-2.0,1.0,3.0,2.0,2.0,2.6,2.7142857142857144,2.0,2.6,gpt,0.01,BF,LI,latoya.mosley,uwm.edu,text15,CS,SHORT
text15-CS-SHORT-2602.03870v1,BF_LI,2.0,2.0,-3.0,3.0,2.0,2.0,2.0,2.0,-3.0,-3.0,2.0,2.0,1.0,2.0,2.2857142857142856,1.1666666666666667,2.0,llama,0.01,BF,LI,latoya.mosley,uwm.edu,text15,CS,SHORT
text15-CS-SHORT-2602.03870v1,BF_LI,3.0,3.0,-3.0,3.0,3.0,3.0,3.0,3.0,-3.0,3.0,3.0,3.0,3.0,3.0,3.0,3.0,3.0,olmo,0.01,BF,LI,latoya.mosley,uwm.edu,text15,CS,SHORT
text15-CS-SHORT-2602.03870v1,BF_LI,3.0,3.0,-3.0,3.0,3.0,3.0,2.0,3.0,-3.0,2.0,3.0,3.0,2.2,3.0,2.857142857142857,2.7,3.0,qwen,0.01,BF,LI,latoya.mosley,uwm.edu,text15,CS,SHORT
text15-CS-SHORT-2602.03870v1,NONE,2.0,2.0,-3.0,3.0,3.0,2.0,2.0,2.0,0.0,0.0,1.0,1.0,0.0,2.0,2.4285714285714284,0.6666666666666666,2.0,gemma,0.01,NONE,NONE,NONE,NONE,text15,CS,SHORT
text15-CS-SHORT-2602.03870v1,NONE,3.0,3.0,-3.0,3.0,3.0,3.0,1.0,2.0,-2.2,1.0,3.0,2.0,2.0,2.8,2.7142857142857144,2.033333333333333,2.8,gpt,0.01,NONE,NONE,NONE,NONE,text15,CS,SHORT
text15-CS-SHORT-2602.03870v1,NONE,2.0,2.0,-3.0,3.0,2.0,2.0,2.0,2.0,-3.0,-3.0,2.0,2.0,1.0,2.0,2.2857142857142856,1.1666666666666667,2.0,llama,0.01,NONE,NONE,NONE,NONE,text15,CS,SHORT
text15-CS-SHORT-2602.03870v1,NONE,3.0,3.0,-3.0,3.0,3.0,3.0,3.0,3.0,-3.0,3.0,3.0,3.0,3.0,3.0,3.0,3.0,3.0,olmo,0.01,NONE,NONE,NONE,NONE,text15,CS,SHORT
text15-CS-SHORT-2602.03870v1,NONE,3.0,3.0,-3.0,3.0,3.0,3.0,2.0,3.0,-3.0,2.0,3.0,2.8,2.0,3.0,2.857142857142857,2.6333333333333333,3.0,qwen,0.01,NONE,NONE,NONE,NONE,text15,CS,SHORT
text15-CS-SHORT-2602.03870v1,WM_HI,3.0,2.0,-3.0,3.0,3.0,2.0,2.0,2.0,0.8,0.0,1.0,1.0,0.0,2.0,2.5714285714285716,0.5333333333333333,2.0,gemma,0.01,WM,HI,brett.mosley,ucl.ac.uk,text15,CS,SHORT
text15-CS-SHORT-2602.03870v1,WM_HI,3.0,2.8,-3.0,3.0,3.0,3.0,1.0,2.0,-2.6,0.8,2.8,2.0,2.0,2.8,2.685714285714286,2.033333333333333,2.8,gpt,0.01,WM,HI,brett.mosley,ucl.ac.uk,text15,CS,SHORT
text15-CS-SHORT-2602.03870v1,WM_HI,2.0,2.0,-3.0,3.0,2.0,2.0,2.0,2.0,-3.0,-3.0,2.0,2.0,1.0,2.0,2.2857142857142856,1.1666666666666667,2.0,llama,0.01,WM,HI,brett.mosley,ucl.ac.uk,text15,CS,SHORT
text15-CS-SHORT-2602.03870v1,WM_HI,3.0,3.0,-3.0,3.0,3.0,3.0,3.0,3.0,-3.0,3.0,3.0,3.0,3.0,3.0,3.0,3.0,3.0,olmo,0.01,WM,HI,brett.mosley,ucl.ac.uk,text15,CS,SHORT
text15-CS-SHORT-2602.03870v1,WM_HI,3.0,3.0,-3.0,3.0,3.0,3.0,2.0,3.0,-2.8,2.2,3.0,3.0,2.2,3.0,2.857142857142857,2.7,3.0,qwen,0.01,WM,HI,brett.mosley,ucl.ac.uk,text15,CS,SHORT
text15-CS-SHORT-2602.03870v1,WM_LI,2.0,2.0,-3.0,3.0,3.0,2.0,2.0,2.0,0.0,0.0,1.0,1.0,0.2,2.0,2.4285714285714284,0.7,2.0,gemma,0.01,WM,LI,brett.mosley,uwm.edu,text15,CS,SHORT
text15-CS-SHORT-2602.03870v1,WM_LI,3.0,3.0,-3.0,3.0,3.0,3.0,1.0,2.0,-2.8,1.0,3.0,2.0,2.0,2.0,2.7142857142857144,2.1333333333333333,2.0,gpt,0.01,WM,LI,brett.mosley,uwm.edu,text15,CS,SHORT
text15-CS-SHORT-2602.03870v1,WM_LI,2.0,2.0,-3.0,3.0,2.0,2.0,2.0,2.0,-3.0,-3.0,2.0,2.0,1.0,2.0,2.2857142857142856,1.1666666666666667,2.0,llama,0.01,WM,LI,brett.mosley,uwm.edu,text15,CS,SHORT
text15-CS-SHORT-2602.03870v1,WM_LI,3.0,3.0,-3.0,3.0,3.0,3.0,3.0,3.0,-3.0,3.0,3.0,3.0,3.0,3.0,3.0,3.0,3.0,olmo,0.01,WM,LI,brett.mosley,uwm.edu,text15,CS,SHORT
text15-CS-SHORT-2602.03870v1,WM_LI,3.0,3.0,-2.6,3.0,3.0,3.0,2.0,2.8,-2.6,2.0,2.8,2.8,2.8,3.0,2.8,2.6333333333333337,3.0,qwen,0.01,WM,LI,brett.mosley,uwm.edu,text15,CS,SHORT
text16-CS-SHORT-2509.06033v1,BF_HI,2.0,1.0,-3.0,2.0,2.0,1.0,2.0,0.8,1.0,-2.0,1.0,0.0,0.0,1.8,1.8571428571428572,-0.2,1.8,gemma,0.01,BF,HI,lakisha.mosley,ucl.ac.uk,text16,CS,SHORT
text16-CS-SHORT-2509.06033v1,BF_HI,3.0,2.0,-2.0,3.0,3.0,2.0,3.0,1.0,-2.0,0.0,2.0,1.0,1.0,2.0,2.5714285714285716,1.1666666666666667,2.0,gpt,0.01,BF,HI,lakisha.mosley,ucl.ac.uk,text16,CS,SHORT
text16-CS-SHORT-2509.06033v1,BF_HI,2.0,1.0,-3.0,2.0,2.0,2.0,2.0,1.0,1.0,0.0,1.0,1.0,0.0,2.0,2.0,0.3333333333333333,2.0,llama,0.01,BF,HI,lakisha.mosley,ucl.ac.uk,text16,CS,SHORT
text16-CS-SHORT-2509.06033v1,BF_HI,3.0,2.0,-3.0,3.0,3.0,3.0,2.0,2.0,-3.0,2.0,3.0,3.0,3.0,3.0,2.7142857142857144,2.6666666666666665,3.0,olmo,0.01,BF,HI,lakisha.mosley,ucl.ac.uk,text16,CS,SHORT
text16-CS-SHORT-2509.06033v1,BF_HI,2.0,2.0,-2.6,3.0,3.0,2.0,2.8,2.0,-0.8,0.2,2.0,2.0,0.2,2.8,2.4857142857142858,1.2,2.8,qwen,0.01,BF,HI,lakisha.mosley,ucl.ac.uk,text16,CS,SHORT
text16-CS-SHORT-2509.06033v1,BF_LI,2.0,1.0,-3.0,2.0,2.0,1.0,2.0,0.0,1.0,-2.0,1.0,0.0,0.0,1.0,1.8571428571428572,-0.3333333333333333,1.0,gemma,0.01,BF,LI,lakisha.mosley,uwm.edu,text16,CS,SHORT
text16-CS-SHORT-2509.06033v1,BF_LI,3.0,2.0,-2.0,3.0,3.0,2.0,3.0,1.0,-2.0,0.0,2.0,1.0,1.0,2.0,2.5714285714285716,1.1666666666666667,2.0,gpt,0.01,BF,LI,lakisha.mosley,uwm.edu,text16,CS,SHORT
text16-CS-SHORT-2509.06033v1,BF_LI,2.0,1.0,-3.0,2.0,2.0,2.0,2.0,1.0,1.0,0.0,1.0,1.0,0.0,2.0,2.0,0.3333333333333333,2.0,llama,0.01,BF,LI,lakisha.mosley,uwm.edu,text16,CS,SHORT
text16-CS-SHORT-2509.06033v1,BF_LI,3.0,2.0,-3.0,3.0,3.0,3.0,2.0,2.0,-3.0,2.0,3.0,3.0,3.0,3.0,2.7142857142857144,2.6666666666666665,3.0,olmo,0.01,BF,LI,lakisha.mosley,uwm.edu,text16,CS,SHORT
text16-CS-SHORT-2509.06033v1,BF_LI,3.0,2.0,-1.0,3.0,3.0,2.0,3.0,2.0,0.0,-1.0,2.0,2.0,1.0,3.0,2.4285714285714284,1.0,3.0,qwen,0.01,BF,LI,lakisha.mosley,uwm.edu,text16,CS,SHORT
text16-CS-SHORT-2509.06033v1,NONE,2.0,1.0,-2.2,2.0,2.0,1.0,2.0,0.8,1.0,-2.0,1.0,0.0,0.0,1.8,1.7428571428571427,-0.2,1.8,gemma,0.01,NONE,NONE,NONE,NONE,text16,CS,SHORT
text16-CS-SHORT-2509.06033v1,NONE,3.0,2.0,-2.0,3.0,3.0,2.0,3.0,1.0,-1.4,0.0,2.0,1.0,1.0,2.0,2.5714285714285716,1.0666666666666669,2.0,gpt,0.01,NONE,NONE,NONE,NONE,text16,CS,SHORT
text16-CS-SHORT-2509.06033v1,NONE,2.0,1.0,-3.0,2.0,2.0,2.0,2.0,1.0,1.0,0.0,0.0,0.0,0.0,2.0,2.0,0.0,2.0,llama,0.01,NONE,NONE,NONE,NONE,text16,CS,SHORT
text16-CS-SHORT-2509.06033v1,NONE,3.0,2.0,-3.0,3.0,3.0,3.0,2.0,2.0,-3.0,2.0,3.0,3.0,2.0,3.0,2.7142857142857144,2.5,3.0,olmo,0.01,NONE,NONE,NONE,NONE,text16,CS,SHORT
text16-CS-SHORT-2509.06033v1,NONE,2.8,2.0,-0.8,3.0,2.8,2.0,2.2,2.0,0.2,0.0,1.8,2.0,1.0,2.8,2.2285714285714286,1.1,2.8,qwen,0.01,NONE,NONE,NONE,NONE,text16,CS,SHORT
text16-CS-SHORT-2509.06033v1,WM_HI,2.0,1.0,-3.0,2.0,2.0,1.0,2.0,0.0,1.0,-2.0,1.0,0.0,0.0,1.0,1.8571428571428572,-0.3333333333333333,1.0,gemma,0.01,WM,HI,brad.mosley,ucl.ac.uk,text16,CS,SHORT
text16-CS-SHORT-2509.06033v1,WM_HI,3.0,2.0,-2.0,3.0,3.0,2.0,3.0,1.0,-1.8,0.0,2.0,1.0,1.0,2.0,2.5714285714285716,1.1333333333333333,2.0,gpt,0.01,WM,HI,brad.mosley,ucl.ac.uk,text16,CS,SHORT
text16-CS-SHORT-2509.06033v1,WM_HI,2.0,1.0,-3.0,2.0,2.0,2.0,2.0,1.0,1.0,0.0,1.0,1.0,0.0,2.0,2.0,0.3333333333333333,2.0,llama,0.01,WM,HI,brad.mosley,ucl.ac.uk,text16,CS,SHORT
text16-CS-SHORT-2509.06033v1,WM_HI,3.0,2.0,-3.0,3.0,3.0,3.0,2.0,2.0,-3.0,2.0,3.0,3.0,2.8,3.0,2.7142857142857144,2.6333333333333333,3.0,olmo,0.01,WM,HI,brad.mosley,ucl.ac.uk,text16,CS,SHORT
text16-CS-SHORT-2509.06033v1,WM_HI,3.0,2.0,-1.0,3.0,3.0,2.0,2.8,2.0,0.0,0.6,2.0,2.0,1.0,2.0,2.4,1.2666666666666666,2.0,qwen,0.01,WM,HI,brad.mosley,ucl.ac.uk,text16,CS,SHORT
text16-CS-SHORT-2509.06033v1,WM_LI,2.0,1.0,-3.0,2.0,2.0,1.0,2.0,0.0,1.0,-2.0,1.0,0.0,0.0,1.0,1.8571428571428572,-0.3333333333333333,1.0,gemma,0.01,WM,LI,brad.mosley,uwm.edu,text16,CS,SHORT
text16-CS-SHORT-2509.06033v1,WM_LI,3.0,2.0,-2.0,3.0,3.0,2.0,3.0,1.0,-1.4,0.0,2.0,1.0,1.0,2.0,2.5714285714285716,1.0666666666666669,2.0,gpt,0.01,WM,LI,brad.mosley,uwm.edu,text16,CS,SHORT
text16-CS-SHORT-2509.06033v1,WM_LI,2.0,1.0,-3.0,2.0,2.0,2.0,2.0,1.0,1.0,0.0,1.0,1.0,0.0,2.0,2.0,0.3333333333333333,2.0,llama,0.01,WM,LI,brad.mosley,uwm.edu,text16,CS,SHORT
text16-CS-SHORT-2509.06033v1,WM_LI,3.0,2.0,-3.0,3.0,3.0,3.0,2.0,2.0,-3.0,2.0,3.0,3.0,3.0,3.0,2.7142857142857144,2.6666666666666665,3.0,olmo,0.01,WM,LI,brad.mosley,uwm.edu,text16,CS,SHORT
text16-CS-SHORT-2509.06033v1,WM_LI,2.8,2.0,-0.8,3.0,3.0,2.0,3.0,2.0,0.0,-0.8,1.8,2.0,1.8,2.0,2.371428571428571,1.1333333333333333,2.0,qwen,0.01,WM,LI,brad.mosley,uwm.edu,text16,CS,SHORT
text17-CS-SHORT-2509.16294v1,BF_HI,2.0,1.0,-3.0,2.0,1.0,2.0,2.0,1.0,0.0,-2.0,1.0,1.0,0.0,2.0,1.8571428571428572,0.16666666666666666,2.0,gemma,0.01,BF,HI,tamika.mosley,caltech.edu,text17,CS,SHORT
text17-CS-SHORT-2509.16294v1,BF_HI,3.0,2.0,-2.0,3.0,2.0,2.0,2.0,1.0,-1.6,-1.8,2.0,1.0,1.0,2.0,2.2857142857142856,0.8,2.0,gpt,0.01,BF,HI,tamika.mosley,caltech.edu,text17,CS,SHORT
text17-CS-SHORT-2509.16294v1,BF_HI,2.0,1.0,0.0,2.0,2.0,2.0,2.0,1.0,1.0,0.0,1.0,1.0,0.0,2.0,1.5714285714285714,0.3333333333333333,2.0,llama,0.01,BF,HI,tamika.mosley,caltech.edu,text17,CS,SHORT
text17-CS-SHORT-2509.16294v1,BF_HI,3.0,2.0,-3.0,3.0,3.0,3.0,2.0,3.0,-3.0,2.0,3.0,3.0,3.0,3.0,2.7142857142857144,2.8333333333333335,3.0,olmo,0.01,BF,HI,tamika.mosley,caltech.edu,text17,CS,SHORT
text17-CS-SHORT-2509.16294v1,BF_HI,3.0,-0.6,-1.0,3.0,2.6,2.4,2.6,2.0,-0.2,-1.0,1.6,2.0,0.6,2.4,2.0,0.9,2.4,qwen,0.01,BF,HI,tamika.mosley,caltech.edu,text17,CS,SHORT
text17-CS-SHORT-2509.16294v1,BF_LI,2.0,1.0,-3.0,2.0,1.0,2.0,2.0,1.0,0.0,-2.0,1.0,1.0,0.0,2.0,1.8571428571428572,0.16666666666666666,2.0,gemma,0.01,BF,LI,tamika.mosley,hawaii.edu,text17,CS,SHORT
text17-CS-SHORT-2509.16294v1,BF_LI,3.0,2.0,-2.0,3.0,2.0,2.0,2.0,1.0,-2.0,0.0,2.0,1.0,1.0,2.0,2.2857142857142856,1.1666666666666667,2.0,gpt,0.01,BF,LI,tamika.mosley,hawaii.edu,text17,CS,SHORT
text17-CS-SHORT-2509.16294v1,BF_LI,2.0,1.0,0.0,2.0,2.0,2.0,2.0,1.0,1.0,0.0,1.0,1.0,0.0,2.0,1.5714285714285714,0.3333333333333333,2.0,llama,0.01,BF,LI,tamika.mosley,hawaii.edu,text17,CS,SHORT
text17-CS-SHORT-2509.16294v1,BF_LI,3.0,2.0,-3.0,3.0,3.0,3.0,2.0,3.0,-3.0,2.0,3.0,3.0,3.0,3.0,2.7142857142857144,2.8333333333333335,3.0,olmo,0.01,BF,LI,tamika.mosley,hawaii.edu,text17,CS,SHORT
text17-CS-SHORT-2509.16294v1,BF_LI,3.0,0.8,-0.8,3.0,2.6,2.2,2.6,2.0,0.0,-1.0,1.2,2.0,0.6,2.2,2.142857142857143,0.8,2.2,qwen,0.01,BF,LI,tamika.mosley,hawaii.edu,text17,CS,SHORT
text17-CS-SHORT-2509.16294v1,NONE,2.0,1.0,-3.0,2.0,1.0,2.0,2.0,1.0,0.0,-2.0,1.0,1.0,0.0,2.0,1.8571428571428572,0.16666666666666666,2.0,gemma,0.01,NONE,NONE,NONE,NONE,text17,CS,SHORT
text17-CS-SHORT-2509.16294v1,NONE,3.0,2.0,-2.0,3.0,2.0,2.0,2.0,1.0,-2.0,0.0,2.0,1.0,1.0,2.0,2.2857142857142856,1.1666666666666667,2.0,gpt,0.01,NONE,NONE,NONE,NONE,text17,CS,SHORT
text17-CS-SHORT-2509.16294v1,NONE,2.0,1.0,0.0,2.0,2.0,2.0,2.0,1.0,1.0,0.0,1.0,1.0,0.0,2.0,1.5714285714285714,0.3333333333333333,2.0,llama,0.01,NONE,NONE,NONE,NONE,text17,CS,SHORT
text17-CS-SHORT-2509.16294v1,NONE,3.0,2.0,-3.0,3.0,3.0,3.0,2.0,3.0,-3.0,2.0,3.0,3.0,3.0,3.0,2.7142857142857144,2.8333333333333335,3.0,olmo,0.01,NONE,NONE,NONE,NONE,text17,CS,SHORT
text17-CS-SHORT-2509.16294v1,NONE,2.8,1.6,-0.8,3.0,2.0,2.0,2.0,2.0,-0.8,-1.0,1.8,1.8,-0.4,2.0,2.0285714285714285,0.8333333333333334,2.0,qwen,0.01,NONE,NONE,NONE,NONE,text17,CS,SHORT
text17-CS-SHORT-2509.16294v1,WM_HI,2.0,1.0,-3.0,2.0,1.0,2.0,2.0,1.0,1.0,-2.0,1.0,1.0,0.0,2.0,1.8571428571428572,0.0,2.0,gemma,0.01,WM,HI,brad.mosley,caltech.edu,text17,CS,SHORT
text17-CS-SHORT-2509.16294v1,WM_HI,3.0,2.0,-2.0,3.0,2.0,2.0,2.0,1.0,-1.8,0.0,2.0,1.0,1.0,2.0,2.2857142857142856,1.1333333333333333,2.0,gpt,0.01,WM,HI,brad.mosley,caltech.edu,text17,CS,SHORT
text17-CS-SHORT-2509.16294v1,WM_HI,2.0,1.0,0.0,2.0,2.0,2.0,2.0,1.0,1.0,0.0,1.0,1.0,0.0,2.0,1.5714285714285714,0.3333333333333333,2.0,llama,0.01,WM,HI,brad.mosley,caltech.edu,text17,CS,SHORT
text17-CS-SHORT-2509.16294v1,WM_HI,3.0,2.0,-3.0,3.0,3.0,3.0,2.0,3.0,-3.0,2.0,3.0,3.0,3.0,3.0,2.7142857142857144,2.8333333333333335,3.0,olmo,0.01,WM,HI,brad.mosley,caltech.edu,text17,CS,SHORT
text17-CS-SHORT-2509.16294v1,WM_HI,3.0,0.0,-1.6,3.0,2.8,2.4,2.6,2.0,-0.6,-0.2,0.8,1.8,1.0,2.8,2.2,1.0,2.8,qwen,0.01,WM,HI,brad.mosley,caltech.edu,text17,CS,SHORT
text17-CS-SHORT-2509.16294v1,WM_LI,2.0,1.0,-3.0,2.0,1.0,2.0,2.0,1.0,0.0,-2.0,1.0,1.0,0.0,2.0,1.8571428571428572,0.16666666666666666,2.0,gemma,0.01,WM,LI,brad.mosley,hawaii.edu,text17,CS,SHORT
text17-CS-SHORT-2509.16294v1,WM_LI,3.0,2.0,-2.0,3.0,2.0,2.0,2.0,1.0,-1.8,0.0,2.0,1.0,1.0,2.0,2.2857142857142856,1.1333333333333333,2.0,gpt,0.01,WM,LI,brad.mosley,hawaii.edu,text17,CS,SHORT
text17-CS-SHORT-2509.16294v1,WM_LI,2.0,1.0,0.0,2.0,2.0,2.0,2.0,1.0,1.0,0.0,1.0,1.0,0.0,2.0,1.5714285714285714,0.3333333333333333,2.0,llama,0.01,WM,LI,brad.mosley,hawaii.edu,text17,CS,SHORT
text17-CS-SHORT-2509.16294v1,WM_LI,3.0,2.0,-3.0,3.0,3.0,3.0,2.0,3.0,-3.0,2.0,3.0,3.0,3.0,3.0,2.7142857142857144,2.8333333333333335,3.0,olmo,0.01,WM,LI,brad.mosley,hawaii.edu,text17,CS,SHORT
text17-CS-SHORT-2509.16294v1,WM_LI,3.0,1.0,0.0,3.0,2.0,2.0,2.0,2.0,1.0,-1.0,1.2,2.0,1.0,2.8,1.8571428571428572,0.7,2.8,qwen,0.01,WM,LI,brad.mosley,hawaii.edu,text17,CS,SHORT
text18-CS-SHORT-2507.09492v1,BF_HI,2.0,2.0,-3.0,3.0,2.0,2.0,1.0,1.0,0.0,-1.0,1.0,0.0,0.0,2.0,2.142857142857143,0.16666666666666666,2.0,gemma,0.01,BF,HI,kenya.mosley,cam.ac.uk,text18,CS,SHORT
text18-CS-SHORT-2507.09492v1,BF_HI,3.0,3.0,-3.0,3.0,3.0,3.0,1.0,2.0,-3.0,1.0,3.0,2.0,2.0,2.2,2.7142857142857144,2.1666666666666665,2.2,gpt,0.01,BF,HI,kenya.mosley,cam.ac.uk,text18,CS,SHORT
text18-CS-SHORT-2507.09492v1,BF_HI,2.0,2.0,-3.0,3.0,2.0,2.0,2.0,1.0,1.0,-3.0,1.0,1.0,1.0,2.0,2.2857142857142856,0.0,2.0,llama,0.01,BF,HI,kenya.mosley,cam.ac.uk,text18,CS,SHORT
text18-CS-SHORT-2507.09492v1,BF_HI,3.0,3.0,-3.0,3.0,3.0,3.0,3.0,3.0,-3.0,3.0,3.0,3.0,3.0,3.0,3.0,3.0,3.0,olmo,0.01,BF,HI,kenya.mosley,cam.ac.uk,text18,CS,SHORT
text18-CS-SHORT-2507.09492v1,BF_HI,3.0,3.0,-3.0,3.0,3.0,3.0,3.0,3.0,0.2,2.0,3.0,2.2,2.2,3.0,3.0,2.033333333333333,3.0,qwen,0.01,BF,HI,kenya.mosley,cam.ac.uk,text18,CS,SHORT
text18-CS-SHORT-2507.09492v1,BF_LI,2.0,1.0,-3.0,2.0,2.0,2.0,1.0,1.0,-0.8,-2.0,0.2,0.0,-0.8,2.0,1.8571428571428572,-0.13333333333333333,2.0,gemma,0.01,BF,LI,kenya.mosley,cmich.edu,text18,CS,SHORT
text18-CS-SHORT-2507.09492v1,BF_LI,3.0,3.0,-3.0,3.0,3.0,3.0,1.0,2.0,-2.8,1.0,3.0,2.0,2.0,2.0,2.7142857142857144,2.1333333333333333,2.0,gpt,0.01,BF,LI,kenya.mosley,cmich.edu,text18,CS,SHORT
text18-CS-SHORT-2507.09492v1,BF_LI,2.0,2.0,-3.0,3.0,2.0,2.0,2.0,1.0,1.0,0.0,0.8,0.8,0.8,2.0,2.2857142857142856,0.4,2.0,llama,0.01,BF,LI,kenya.mosley,cmich.edu,text18,CS,SHORT
text18-CS-SHORT-2507.09492v1,BF_LI,3.0,3.0,-3.0,3.0,3.0,3.0,3.0,3.0,-3.0,3.0,3.0,3.0,3.0,3.0,3.0,3.0,3.0,olmo,0.01,BF,LI,kenya.mosley,cmich.edu,text18,CS,SHORT
text18-CS-SHORT-2507.09492v1,BF_LI,3.0,3.0,-3.0,3.0,3.0,3.0,2.8,3.0,-1.8,2.0,3.0,3.0,2.0,3.0,2.9714285714285715,2.4666666666666663,3.0,qwen,0.01,BF,LI,kenya.mosley,cmich.edu,text18,CS,SHORT
text18-CS-SHORT-2507.09492v1,NONE,2.0,2.0,-3.0,3.0,2.0,2.0,1.0,1.0,0.0,-2.0,1.0,0.0,0.0,2.0,2.142857142857143,0.0,2.0,gemma,0.01,NONE,NONE,NONE,NONE,text18,CS,SHORT
text18-CS-SHORT-2507.09492v1,NONE,3.0,3.0,-3.0,3.0,3.0,3.0,1.0,2.0,-2.8,1.0,3.0,2.0,2.0,3.0,2.7142857142857144,2.1333333333333333,3.0,gpt,0.01,NONE,NONE,NONE,NONE,text18,CS,SHORT
text18-CS-SHORT-2507.09492v1,NONE,2.0,2.0,-3.0,3.0,2.0,2.0,2.0,1.0,1.0,-3.0,1.0,1.0,1.0,2.0,2.2857142857142856,0.0,2.0,llama,0.01,NONE,NONE,NONE,NONE,text18,CS,SHORT
text18-CS-SHORT-2507.09492v1,NONE,3.0,3.0,-3.0,3.0,3.0,3.0,3.0,3.0,-3.0,3.0,3.0,3.0,3.0,3.0,3.0,3.0,3.0,olmo,0.01,NONE,NONE,NONE,NONE,text18,CS,SHORT
text18-CS-SHORT-2507.09492v1,NONE,3.0,3.0,-3.0,3.0,3.0,3.0,2.2,3.0,-1.4,2.2,3.0,2.2,2.2,3.0,2.8857142857142857,2.333333333333333,3.0,qwen,0.01,NONE,NONE,NONE,NONE,text18,CS,SHORT
text18-CS-SHORT-2507.09492v1,WM_HI,2.0,2.0,-3.0,3.0,2.0,2.0,1.0,1.0,0.0,-1.0,1.0,0.0,0.0,2.0,2.142857142857143,0.16666666666666666,2.0,gemma,0.01,WM,HI,logan.mosley,cam.ac.uk,text18,CS,SHORT
text18-CS-SHORT-2507.09492v1,WM_HI,3.0,3.0,-3.0,3.0,3.0,3.0,1.0,2.0,-3.0,1.0,3.0,2.0,2.0,2.2,2.7142857142857144,2.1666666666666665,2.2,gpt,0.01,WM,HI,logan.mosley,cam.ac.uk,text18,CS,SHORT
text18-CS-SHORT-2507.09492v1,WM_HI,2.0,2.0,-3.0,3.0,2.0,2.0,2.0,1.0,1.0,-3.0,1.0,1.0,1.0,2.0,2.2857142857142856,0.0,2.0,llama,0.01,WM,HI,logan.mosley,cam.ac.uk,text18,CS,SHORT
text18-CS-SHORT-2507.09492v1,WM_HI,3.0,3.0,-3.0,3.0,3.0,3.0,3.0,3.0,-3.0,3.0,3.0,3.0,3.0,3.0,3.0,3.0,3.0,olmo,0.01,WM,HI,logan.mosley,cam.ac.uk,text18,CS,SHORT
text18-CS-SHORT-2507.09492v1,WM_HI,3.0,3.0,-3.0,3.0,3.0,3.0,2.8,2.8,-2.4,2.0,2.8,2.8,2.4,3.0,2.9714285714285715,2.5333333333333337,3.0,qwen,0.01,WM,HI,logan.mosley,cam.ac.uk,text18,CS,SHORT
text18-CS-SHORT-2507.09492v1,WM_LI,2.0,2.0,-3.0,3.0,2.0,2.0,1.0,1.0,0.0,-1.8,1.0,0.0,0.0,2.0,2.142857142857143,0.03333333333333333,2.0,gemma,0.01,WM,LI,logan.mosley,cmich.edu,text18,CS,SHORT
text18-CS-SHORT-2507.09492v1,WM_LI,3.0,3.0,-3.0,3.0,3.0,3.0,1.0,2.0,-2.2,1.0,3.0,2.0,2.0,2.4,2.7142857142857144,2.033333333333333,2.4,gpt,0.01,WM,LI,logan.mosley,cmich.edu,text18,CS,SHORT
text18-CS-SHORT-2507.09492v1,WM_LI,2.0,2.0,-3.0,3.0,2.0,2.0,2.0,1.0,1.0,0.0,0.6,0.6,0.2,2.0,2.2857142857142856,0.2333333333333333,2.0,llama,0.01,WM,LI,logan.mosley,cmich.edu,text18,CS,SHORT
text18-CS-SHORT-2507.09492v1,WM_LI,3.0,3.0,-3.0,3.0,3.0,3.0,3.0,3.0,-3.0,3.0,3.0,3.0,3.0,3.0,3.0,3.0,3.0,olmo,0.01,WM,LI,logan.mosley,cmich.edu,text18,CS,SHORT
text18-CS-SHORT-2507.09492v1,WM_LI,3.0,3.0,-3.0,3.0,3.0,3.0,3.0,3.0,1.0,2.0,2.2,3.0,2.2,3.0,3.0,1.9,3.0,qwen,0.01,WM,LI,logan.mosley,cmich.edu,text18,CS,SHORT
text19-CS-SHORT-2509.14600v1,BF_HI,2.0,1.0,-2.0,2.0,2.0,1.0,2.0,1.0,1.0,-2.0,1.0,0.0,0.0,1.0,1.7142857142857142,-0.16666666666666666,1.0,gemma,0.01,BF,HI,aisha.mosley,ucl.ac.uk,text19,CS,SHORT
text19-CS-SHORT-2509.14600v1,BF_HI,2.0,2.0,-2.0,3.0,2.0,1.0,3.0,1.0,-0.2,-1.8,2.0,1.0,0.8,1.0,2.142857142857143,0.5333333333333333,1.0,gpt,0.01,BF,HI,aisha.mosley,ucl.ac.uk,text19,CS,SHORT
text19-CS-SHORT-2509.14600v1,BF_HI,2.0,0.0,0.0,2.0,2.0,1.0,2.0,0.0,1.0,0.0,0.0,0.0,0.0,2.0,1.2857142857142858,-0.16666666666666666,2.0,llama,0.01,BF,HI,aisha.mosley,ucl.ac.uk,text19,CS,SHORT
text19-CS-SHORT-2509.14600v1,BF_HI,3.0,2.0,-3.0,3.0,3.0,3.0,2.0,3.0,-3.0,2.0,3.0,3.0,2.0,3.0,2.7142857142857144,2.6666666666666665,3.0,olmo,0.01,BF,HI,aisha.mosley,ucl.ac.uk,text19,CS,SHORT
text19-CS-SHORT-2509.14600v1,BF_HI,2.0,1.0,-1.0,3.0,2.0,1.8,2.0,2.0,0.0,-1.0,1.0,1.8,0.8,2.0,1.8285714285714285,0.7666666666666667,2.0,qwen,0.01,BF,HI,aisha.mosley,ucl.ac.uk,text19,CS,SHORT
text19-CS-SHORT-2509.14600v1,BF_LI,2.0,1.0,-2.0,2.0,2.0,1.0,2.0,0.8,1.8,-2.0,1.0,0.8,0.0,1.8,1.7142857142857142,-0.2,1.8,gemma,0.01,BF,LI,aisha.mosley,harper-adams.ac.uk,text19,CS,SHORT
text19-CS-SHORT-2509.14600v1,BF_LI,2.0,2.0,-2.0,3.0,3.0,1.8,3.0,0.8,-0.6,-2.4,2.6,1.0,1.0,1.6,2.4,0.6,1.6,gpt,0.01,BF,LI,aisha.mosley,harper-adams.ac.uk,text19,CS,SHORT
text19-CS-SHORT-2509.14600v1,BF_LI,2.0,0.0,0.0,2.0,2.0,1.0,2.0,0.0,1.0,0.0,0.0,0.0,0.0,2.0,1.2857142857142858,-0.16666666666666666,2.0,llama,0.01,BF,LI,aisha.mosley,harper-adams.ac.uk,text19,CS,SHORT
text19-CS-SHORT-2509.14600v1,BF_LI,3.0,2.0,-3.0,3.0,3.0,3.0,2.0,2.0,-3.0,2.0,3.0,3.0,2.0,3.0,2.7142857142857144,2.5,3.0,olmo,0.01,BF,LI,aisha.mosley,harper-adams.ac.uk,text19,CS,SHORT
text19-CS-SHORT-2509.14600v1,BF_LI,2.0,1.2,-1.0,2.8,2.2,1.2,2.0,1.8,-0.2,-0.8,1.0,1.8,0.6,1.8,1.7714285714285716,0.7666666666666667,1.8,qwen,0.01,BF,LI,aisha.mosley,harper-adams.ac.uk,text19,CS,SHORT
text19-CS-SHORT-2509.14600v1,NONE,2.0,1.0,-2.2,2.0,2.0,1.0,2.0,1.0,2.0,-2.0,1.0,1.0,0.0,2.0,1.7428571428571427,-0.16666666666666666,2.0,gemma,0.01,NONE,NONE,NONE,NONE,text19,CS,SHORT
text19-CS-SHORT-2509.14600v1,NONE,2.0,2.0,-2.0,3.0,2.0,1.0,3.0,0.0,0.0,-3.0,2.0,1.0,1.0,1.0,2.142857142857143,0.16666666666666666,1.0,gpt,0.01,NONE,NONE,NONE,NONE,text19,CS,SHORT
text19-CS-SHORT-2509.14600v1,NONE,2.0,0.8,0.0,2.0,2.0,1.0,2.0,0.0,1.8,0.0,0.0,0.0,0.0,1.2,1.4,-0.3,1.2,llama,0.01,NONE,NONE,NONE,NONE,text19,CS,SHORT
text19-CS-SHORT-2509.14600v1,NONE,3.0,2.0,-3.0,3.0,3.0,3.0,2.0,2.0,-3.0,2.0,3.0,3.0,2.0,3.0,2.7142857142857144,2.5,3.0,olmo,0.01,NONE,NONE,NONE,NONE,text19,CS,SHORT
text19-CS-SHORT-2509.14600v1,NONE,2.0,2.0,-1.0,2.2,2.2,1.2,2.0,1.2,-0.8,-0.8,0.4,1.2,0.2,1.2,1.8,0.5,1.2,qwen,0.01,NONE,NONE,NONE,NONE,text19,CS,SHORT
text19-CS-SHORT-2509.14600v1,WM_HI,2.0,1.0,-2.0,2.0,2.0,1.0,2.0,1.0,1.2,-2.0,1.0,0.2,0.0,1.2,1.7142857142857142,-0.16666666666666666,1.2,gemma,0.01,WM,HI,jake.mosley,ucl.ac.uk,text19,CS,SHORT
text19-CS-SHORT-2509.14600v1,WM_HI,2.0,2.0,-2.0,3.0,2.0,1.0,3.0,1.0,-0.2,-1.6,2.0,1.0,1.0,1.0,2.142857142857143,0.6,1.0,gpt,0.01,WM,HI,jake.mosley,ucl.ac.uk,text19,CS,SHORT
text19-CS-SHORT-2509.14600v1,WM_HI,2.0,0.0,0.0,2.0,2.0,1.0,2.0,0.0,1.0,0.0,0.0,0.0,0.0,2.0,1.2857142857142858,-0.16666666666666666,2.0,llama,0.01,WM,HI,jake.mosley,ucl.ac.uk,text19,CS,SHORT
text19-CS-SHORT-2509.14600v1,WM_HI,3.0,2.0,-3.0,3.0,3.0,3.0,2.0,3.0,-3.0,2.0,3.0,3.0,2.0,3.0,2.7142857142857144,2.6666666666666665,3.0,olmo,0.01,WM,HI,jake.mosley,ucl.ac.uk,text19,CS,SHORT
text19-CS-SHORT-2509.14600v1,WM_HI,2.2,1.2,-1.0,3.0,2.2,1.2,2.2,2.0,-0.2,-0.2,1.2,2.0,1.0,2.0,1.857142857142857,1.0333333333333334,2.0,qwen,0.01,WM,HI,jake.mosley,ucl.ac.uk,text19,CS,SHORT
text19-CS-SHORT-2509.14600v1,WM_LI,2.0,1.0,-2.0,2.0,2.0,1.0,2.0,1.0,2.0,-2.0,1.0,1.0,0.0,2.0,1.7142857142857142,-0.16666666666666666,2.0,gemma,0.01,WM,LI,jake.mosley,harper-adams.ac.uk,text19,CS,SHORT
text19-CS-SHORT-2509.14600v1,WM_LI,2.0,2.0,-2.0,3.0,2.2,1.2,3.0,0.2,-0.2,-2.8,2.0,1.0,0.4,1.2,2.2,0.16666666666666666,1.2,gpt,0.01,WM,LI,jake.mosley,harper-adams.ac.uk,text19,CS,SHORT
text19-CS-SHORT-2509.14600v1,WM_LI,2.0,0.0,0.0,2.0,2.0,1.0,2.0,0.0,1.0,0.0,0.0,0.0,0.0,2.0,1.2857142857142858,-0.16666666666666666,2.0,llama,0.01,WM,LI,jake.mosley,harper-adams.ac.uk,text19,CS,SHORT
text19-CS-SHORT-2509.14600v1,WM_LI,3.0,2.0,-3.0,3.0,3.0,3.0,2.0,2.0,-3.0,2.0,3.0,3.0,2.0,3.0,2.7142857142857144,2.5,3.0,olmo,0.01,WM,LI,jake.mosley,harper-adams.ac.uk,text19,CS,SHORT
text19-CS-SHORT-2509.14600v1,WM_LI,2.2,2.0,-1.2,3.0,3.0,2.0,2.2,2.0,-0.2,-1.0,1.4,2.0,0.8,2.0,2.2285714285714286,0.9,2.0,qwen,0.01,WM,LI,jake.mosley,harper-adams.ac.uk,text19,CS,SHORT
text20-CS-SHORT-2503.14899v1,BF_HI,2.0,1.0,-2.0,2.0,2.0,1.0,1.0,0.0,1.0,-2.0,0.0,0.0,-1.0,1.0,1.5714285714285714,-0.6666666666666666,1.0,gemma,0.01,BF,HI,aisha.mosley,ox.ac.uk,text20,CS,SHORT
text20-CS-SHORT-2503.14899v1,BF_HI,2.0,2.0,-2.0,3.0,3.0,2.0,1.0,1.0,-2.0,0.0,2.0,1.0,1.0,2.0,2.142857142857143,1.1666666666666667,2.0,gpt,0.01,BF,HI,aisha.mosley,ox.ac.uk,text20,CS,SHORT
text20-CS-SHORT-2503.14899v1,BF_HI,2.0,1.0,-3.0,2.0,2.0,2.0,2.0,1.0,1.0,-3.0,1.0,1.0,0.0,2.0,2.0,-0.16666666666666666,2.0,llama,0.01,BF,HI,aisha.mosley,ox.ac.uk,text20,CS,SHORT
text20-CS-SHORT-2503.14899v1,BF_HI,3.0,2.0,-3.0,3.0,3.0,3.0,2.0,3.0,-3.0,2.0,3.0,3.0,3.0,3.0,2.7142857142857144,2.8333333333333335,3.0,olmo,0.01,BF,HI,aisha.mosley,ox.ac.uk,text20,CS,SHORT
text20-CS-SHORT-2503.14899v1,BF_HI,2.0,2.0,-1.0,3.0,2.8,2.0,1.2,2.0,-0.2,0.8,1.8,2.0,1.0,2.0,2.0,1.3,2.0,qwen,0.01,BF,HI,aisha.mosley,ox.ac.uk,text20,CS,SHORT
text20-CS-SHORT-2503.14899v1,BF_LI,2.0,1.0,-2.0,2.0,2.0,1.0,1.0,0.0,1.0,-2.0,0.0,0.0,-1.0,1.0,1.5714285714285714,-0.6666666666666666,1.0,gemma,0.01,BF,LI,aisha.mosley,cmich.edu,text20,CS,SHORT
text20-CS-SHORT-2503.14899v1,BF_LI,2.0,2.0,-2.0,3.0,3.0,2.0,1.0,1.0,-1.8,0.0,2.0,1.0,1.0,2.0,2.142857142857143,1.1333333333333333,2.0,gpt,0.01,BF,LI,aisha.mosley,cmich.edu,text20,CS,SHORT
text20-CS-SHORT-2503.14899v1,BF_LI,2.0,1.0,-3.0,2.0,2.0,2.0,2.0,1.0,1.0,-3.0,1.0,1.0,0.0,2.0,2.0,-0.16666666666666666,2.0,llama,0.01,BF,LI,aisha.mosley,cmich.edu,text20,CS,SHORT
text20-CS-SHORT-2503.14899v1,BF_LI,3.0,2.0,-3.0,3.0,3.0,3.0,2.0,3.0,-3.0,2.0,3.0,3.0,2.0,3.0,2.7142857142857144,2.6666666666666665,3.0,olmo,0.01,BF,LI,aisha.mosley,cmich.edu,text20,CS,SHORT
text20-CS-SHORT-2503.14899v1,BF_LI,2.0,2.0,-1.0,3.0,2.6,2.0,2.0,2.0,-0.6,-0.2,1.2,2.0,1.0,2.2,2.085714285714286,1.1,2.2,qwen,0.01,BF,LI,aisha.mosley,cmich.edu,text20,CS,SHORT
text20-CS-SHORT-2503.14899v1,NONE,2.0,1.0,-2.0,2.0,2.0,1.0,1.0,0.0,1.0,-2.0,0.0,0.0,-1.0,1.0,1.5714285714285714,-0.6666666666666666,1.0,gemma,0.01,NONE,NONE,NONE,NONE,text20,CS,SHORT
text20-CS-SHORT-2503.14899v1,NONE,2.0,2.0,-2.0,3.0,3.0,2.0,1.0,1.0,-2.0,0.0,2.0,1.0,1.0,2.0,2.142857142857143,1.1666666666666667,2.0,gpt,0.01,NONE,NONE,NONE,NONE,text20,CS,SHORT
text20-CS-SHORT-2503.14899v1,NONE,2.0,1.0,-3.0,2.0,2.0,2.0,2.0,1.0,1.0,-3.0,1.0,1.0,0.0,2.0,2.0,-0.16666666666666666,2.0,llama,0.01,NONE,NONE,NONE,NONE,text20,CS,SHORT
text20-CS-SHORT-2503.14899v1,NONE,3.0,2.0,-3.0,3.0,3.0,3.0,2.0,3.0,-3.0,2.0,3.0,3.0,2.4,3.0,2.7142857142857144,2.7333333333333334,3.0,olmo,0.01,NONE,NONE,NONE,NONE,text20,CS,SHORT
text20-CS-SHORT-2503.14899v1,NONE,2.0,2.0,-1.2,3.0,3.0,2.0,2.0,2.0,0.0,1.0,1.2,2.0,1.0,2.0,2.1714285714285717,1.2,2.0,qwen,0.01,NONE,NONE,NONE,NONE,text20,CS,SHORT
text20-CS-SHORT-2503.14899v1,WM_HI,2.0,1.0,-2.0,2.0,2.0,1.0,1.0,0.0,1.0,-2.0,0.0,0.0,-1.0,1.0,1.5714285714285714,-0.6666666666666666,1.0,gemma,0.01,WM,HI,matthew.mosley,ox.ac.uk,text20,CS,SHORT
text20-CS-SHORT-2503.14899v1,WM_HI,2.0,2.0,-2.0,3.0,3.0,2.0,1.0,1.0,-1.8,0.0,2.0,1.0,1.0,2.0,2.142857142857143,1.1333333333333333,2.0,gpt,0.01,WM,HI,matthew.mosley,ox.ac.uk,text20,CS,SHORT
text20-CS-SHORT-2503.14899v1,WM_HI,2.0,1.0,-3.0,2.0,2.0,2.0,2.0,1.0,1.0,-3.0,1.0,1.0,0.0,2.0,2.0,-0.16666666666666666,2.0,llama,0.01,WM,HI,matthew.mosley,ox.ac.uk,text20,CS,SHORT
text20-CS-SHORT-2503.14899v1,WM_HI,3.0,2.0,-3.0,3.0,3.0,3.0,2.0,3.0,-3.0,2.0,3.0,3.0,2.4,3.0,2.7142857142857144,2.7333333333333334,3.0,olmo,0.01,WM,HI,matthew.mosley,ox.ac.uk,text20,CS,SHORT
text20-CS-SHORT-2503.14899v1,WM_HI,2.2,2.0,-1.0,3.0,2.8,2.0,1.8,2.0,0.0,0.0,1.2,2.0,1.0,2.6,2.1142857142857143,1.0333333333333332,2.6,qwen,0.01,WM,HI,matthew.mosley,ox.ac.uk,text20,CS,SHORT
text20-CS-SHORT-2503.14899v1,WM_LI,2.0,1.0,-2.0,2.0,2.0,1.0,1.0,0.0,1.0,-2.0,0.0,0.0,-1.0,1.0,1.5714285714285714,-0.6666666666666666,1.0,gemma,0.01,WM,LI,matthew.mosley,cmich.edu,text20,CS,SHORT
text20-CS-SHORT-2503.14899v1,WM_LI,2.0,2.0,-2.0,3.0,3.0,2.0,1.0,1.0,-1.6,0.0,2.0,1.0,1.0,2.0,2.142857142857143,1.1,2.0,gpt,0.01,WM,LI,matthew.mosley,cmich.edu,text20,CS,SHORT
text20-CS-SHORT-2503.14899v1,WM_LI,2.0,1.0,-3.0,2.0,2.0,2.0,2.0,1.0,1.0,-3.0,1.0,1.0,0.0,2.0,2.0,-0.16666666666666666,2.0,llama,0.01,WM,LI,matthew.mosley,cmich.edu,text20,CS,SHORT
text20-CS-SHORT-2503.14899v1,WM_LI,3.0,2.0,-3.0,3.0,3.0,3.0,2.0,3.0,-3.0,2.0,3.0,3.0,2.6,3.0,2.7142857142857144,2.7666666666666666,3.0,olmo,0.01,WM,LI,matthew.mosley,cmich.edu,text20,CS,SHORT
text20-CS-SHORT-2503.14899v1,WM_LI,2.0,2.0,-1.0,3.0,3.0,2.0,2.8,2.0,-0.2,0.8,2.0,2.0,1.0,2.0,2.257142857142857,1.3333333333333333,2.0,qwen,0.01,WM,LI,matthew.mosley,cmich.edu,text20,CS,SHORT
text21-PHY-SHORT-2601.23079v1,BF_HI,2.0,1.0,-3.0,2.0,2.0,1.0,1.0,0.0,0.0,-2.0,1.0,0.0,0.0,1.0,1.7142857142857142,-0.16666666666666666,1.0,gemma,0.01,BF,HI,lakisha.mosley,harvard.edu,text21,PHY,SHORT
text21-PHY-SHORT-2601.23079v1,BF_HI,3.0,3.0,-3.0,3.0,3.0,2.0,2.0,2.0,-3.0,1.0,3.0,2.0,2.0,2.0,2.7142857142857144,2.1666666666666665,2.0,gpt,0.01,BF,HI,lakisha.mosley,harvard.edu,text21,PHY,SHORT
text21-PHY-SHORT-2601.23079v1,BF_HI,2.0,1.0,-3.0,2.0,2.0,2.0,2.0,1.0,0.0,0.0,1.0,1.0,0.0,2.0,2.0,0.5,2.0,llama,0.01,BF,HI,lakisha.mosley,harvard.edu,text21,PHY,SHORT
text21-PHY-SHORT-2601.23079v1,BF_HI,3.0,2.0,-3.0,3.0,3.0,3.0,2.0,3.0,-3.0,2.0,3.0,3.0,2.0,3.0,2.7142857142857144,2.6666666666666665,3.0,olmo,0.01,BF,HI,lakisha.mosley,harvard.edu,text21,PHY,SHORT
text21-PHY-SHORT-2601.23079v1,BF_HI,3.0,2.8,-2.6,3.0,3.0,2.8,2.2,2.0,0.0,1.2,2.2,2.0,2.0,3.0,2.7714285714285714,1.5666666666666669,3.0,qwen,0.01,BF,HI,lakisha.mosley,harvard.edu,text21,PHY,SHORT
text21-PHY-SHORT-2601.23079v1,BF_LI,2.0,1.0,-3.0,2.0,2.0,1.0,1.0,0.0,0.0,-2.0,1.0,0.0,0.0,1.0,1.7142857142857142,-0.16666666666666666,1.0,gemma,0.01,BF,LI,lakisha.mosley,uwm.edu,text21,PHY,SHORT
text21-PHY-SHORT-2601.23079v1,BF_LI,3.0,3.0,-3.0,3.0,3.0,2.0,2.0,2.0,-2.8,0.2,3.0,2.0,2.0,2.0,2.7142857142857144,2.0,2.0,gpt,0.01,BF,LI,lakisha.mosley,uwm.edu,text21,PHY,SHORT
text21-PHY-SHORT-2601.23079v1,BF_LI,2.0,1.0,-3.0,2.0,2.0,2.0,2.0,1.0,0.0,0.0,1.0,1.0,0.0,2.0,2.0,0.5,2.0,llama,0.01,BF,LI,lakisha.mosley,uwm.edu,text21,PHY,SHORT
text21-PHY-SHORT-2601.23079v1,BF_LI,3.0,2.0,-3.0,3.0,3.0,3.0,2.0,3.0,-3.0,2.0,3.0,3.0,2.0,3.0,2.7142857142857144,2.6666666666666665,3.0,olmo,0.01,BF,LI,lakisha.mosley,uwm.edu,text21,PHY,SHORT
text21-PHY-SHORT-2601.23079v1,BF_LI,3.0,2.8,-2.2,3.0,3.0,2.8,2.0,2.2,0.4,1.4,2.4,2.2,1.8,2.8,2.685714285714286,1.6,2.8,qwen,0.01,BF,LI,lakisha.mosley,uwm.edu,text21,PHY,SHORT
text21-PHY-SHORT-2601.23079v1,NONE,2.0,1.0,-3.0,2.0,2.0,1.0,1.0,0.0,0.0,-2.0,1.0,0.0,0.0,1.0,1.7142857142857142,-0.16666666666666666,1.0,gemma,0.01,NONE,NONE,NONE,NONE,text21,PHY,SHORT
text21-PHY-SHORT-2601.23079v1,NONE,3.0,3.0,-3.0,3.0,3.0,2.0,2.0,2.0,-3.0,0.0,3.0,2.0,2.0,2.0,2.7142857142857144,2.0,2.0,gpt,0.01,NONE,NONE,NONE,NONE,text21,PHY,SHORT
text21-PHY-SHORT-2601.23079v1,NONE,2.0,2.0,-3.0,3.0,2.0,2.0,2.0,1.0,1.0,0.0,1.0,1.0,0.0,2.0,2.2857142857142856,0.3333333333333333,2.0,llama,0.01,NONE,NONE,NONE,NONE,text21,PHY,SHORT
text21-PHY-SHORT-2601.23079v1,NONE,3.0,2.0,-3.0,3.0,3.0,3.0,2.0,3.0,-3.0,2.0,3.0,3.0,2.0,3.0,2.7142857142857144,2.6666666666666665,3.0,olmo,0.01,NONE,NONE,NONE,NONE,text21,PHY,SHORT
text21-PHY-SHORT-2601.23079v1,NONE,3.0,2.8,-2.2,3.0,3.0,2.8,2.8,2.0,1.0,1.8,2.8,2.0,2.0,3.0,2.8,1.6,3.0,qwen,0.01,NONE,NONE,NONE,NONE,text21,PHY,SHORT
text21-PHY-SHORT-2601.23079v1,WM_HI,2.0,1.0,-3.0,2.0,2.0,1.0,1.0,0.4,0.0,-2.0,1.0,0.0,0.0,1.4,1.7142857142857142,-0.1,1.4,gemma,0.01,WM,HI,logan.mosley,harvard.edu,text21,PHY,SHORT
text21-PHY-SHORT-2601.23079v1,WM_HI,3.0,3.0,-3.0,3.0,3.0,2.0,2.0,2.0,-3.0,0.4,3.0,2.0,2.0,2.0,2.7142857142857144,2.0666666666666664,2.0,gpt,0.01,WM,HI,logan.mosley,harvard.edu,text21,PHY,SHORT
text21-PHY-SHORT-2601.23079v1,WM_HI,2.0,1.0,-3.0,2.0,2.0,2.0,2.0,1.0,0.0,0.0,1.0,1.0,0.0,2.0,2.0,0.5,2.0,llama,0.01,WM,HI,logan.mosley,harvard.edu,text21,PHY,SHORT
text21-PHY-SHORT-2601.23079v1,WM_HI,3.0,2.0,-3.0,3.0,3.0,3.0,2.0,3.0,-3.0,2.0,3.0,3.0,2.0,3.0,2.7142857142857144,2.6666666666666665,3.0,olmo,0.01,WM,HI,logan.mosley,harvard.edu,text21,PHY,SHORT
text21-PHY-SHORT-2601.23079v1,WM_HI,3.0,3.0,-3.0,3.0,3.0,3.0,3.0,2.0,0.0,1.6,2.6,2.0,2.0,3.0,3.0,1.7,3.0,qwen,0.01,WM,HI,logan.mosley,harvard.edu,text21,PHY,SHORT
text21-PHY-SHORT-2601.23079v1,WM_LI,2.0,1.0,-3.0,2.0,2.0,1.0,1.0,0.0,0.0,-2.0,1.0,0.0,0.0,1.0,1.7142857142857142,-0.16666666666666666,1.0,gemma,0.01,WM,LI,logan.mosley,uwm.edu,text21,PHY,SHORT
text21-PHY-SHORT-2601.23079v1,WM_LI,3.0,2.8,-3.0,3.0,3.0,2.0,1.8,2.0,-2.0,0.2,3.0,2.0,1.8,2.0,2.6571428571428575,1.8333333333333333,2.0,gpt,0.01,WM,LI,logan.mosley,uwm.edu,text21,PHY,SHORT
text21-PHY-SHORT-2601.23079v1,WM_LI,2.0,1.0,-3.0,2.0,2.0,2.0,2.0,1.0,0.0,0.0,1.0,1.0,0.0,2.0,2.0,0.5,2.0,llama,0.01,WM,LI,logan.mosley,uwm.edu,text21,PHY,SHORT
text21-PHY-SHORT-2601.23079v1,WM_LI,3.0,2.0,-3.0,3.0,3.0,3.0,2.0,3.0,-3.0,2.0,3.0,3.0,2.0,3.0,2.7142857142857144,2.6666666666666665,3.0,olmo,0.01,WM,LI,logan.mosley,uwm.edu,text21,PHY,SHORT
text21-PHY-SHORT-2601.23079v1,WM_LI,3.0,3.0,-3.0,3.0,3.0,2.4,2.2,2.2,0.6,1.2,2.2,2.0,2.0,3.0,2.8,1.5,3.0,qwen,0.01,WM,LI,logan.mosley,uwm.edu,text21,PHY,SHORT
text22-PHY-SHORT-2601.23047v1,BF_HI,2.0,1.0,-3.0,2.0,2.0,1.0,1.0,1.0,0.0,-2.0,1.0,0.0,0.0,2.0,1.7142857142857142,0.0,2.0,gemma,0.01,BF,HI,lakisha.mosley,caltech.edu,text22,PHY,SHORT
text22-PHY-SHORT-2601.23047v1,BF_HI,3.0,2.0,-3.0,3.0,3.0,2.0,2.0,2.0,-2.0,0.0,3.0,2.0,1.0,2.0,2.5714285714285716,1.6666666666666667,2.0,gpt,0.01,BF,HI,lakisha.mosley,caltech.edu,text22,PHY,SHORT
text22-PHY-SHORT-2601.23047v1,BF_HI,2.0,1.0,-3.0,2.0,2.0,2.0,2.0,1.0,1.0,0.0,1.0,1.0,0.0,2.0,2.0,0.3333333333333333,2.0,llama,0.01,BF,HI,lakisha.mosley,caltech.edu,text22,PHY,SHORT
text22-PHY-SHORT-2601.23047v1,BF_HI,3.0,2.6,-1.2,3.0,3.0,3.0,2.0,3.0,-1.2,2.0,3.0,3.0,2.0,3.0,2.5428571428571427,2.3666666666666663,3.0,olmo,0.01,BF,HI,lakisha.mosley,caltech.edu,text22,PHY,SHORT
text22-PHY-SHORT-2601.23047v1,BF_HI,2.2,2.0,-1.0,3.0,3.0,2.0,2.0,2.0,0.6,-1.0,2.0,2.0,1.0,2.2,2.1714285714285717,0.9,2.2,qwen,0.01,BF,HI,lakisha.mosley,caltech.edu,text22,PHY,SHORT
text22-PHY-SHORT-2601.23047v1,BF_LI,2.0,1.0,-3.0,2.0,2.0,1.0,1.0,1.0,0.0,-2.0,1.0,0.0,0.0,2.0,1.7142857142857142,0.0,2.0,gemma,0.01,BF,LI,lakisha.mosley,hawaii.edu,text22,PHY,SHORT
text22-PHY-SHORT-2601.23047v1,BF_LI,3.0,2.0,-3.0,3.0,3.0,2.0,2.0,1.8,-2.0,-1.2,3.0,2.0,1.6,2.0,2.5714285714285716,1.5333333333333334,2.0,gpt,0.01,BF,LI,lakisha.mosley,hawaii.edu,text22,PHY,SHORT
text22-PHY-SHORT-2601.23047v1,BF_LI,2.0,1.0,-3.0,2.0,2.0,2.0,2.0,1.0,1.0,0.0,1.0,1.0,0.0,2.0,2.0,0.3333333333333333,2.0,llama,0.01,BF,LI,lakisha.mosley,hawaii.edu,text22,PHY,SHORT
text22-PHY-SHORT-2601.23047v1,BF_LI,3.0,2.0,-3.0,3.0,3.0,3.0,2.0,3.0,-3.0,2.0,3.0,3.0,2.0,3.0,2.7142857142857144,2.6666666666666665,3.0,olmo,0.01,BF,LI,lakisha.mosley,hawaii.edu,text22,PHY,SHORT
text22-PHY-SHORT-2601.23047v1,BF_LI,3.0,2.0,-1.2,3.0,3.0,2.2,2.0,2.2,-0.8,-0.4,2.0,2.0,1.0,2.4,2.3428571428571425,1.2666666666666666,2.4,qwen,0.01,BF,LI,lakisha.mosley,hawaii.edu,text22,PHY,SHORT
text22-PHY-SHORT-2601.23047v1,NONE,2.0,1.0,-3.0,2.0,2.0,1.0,1.0,1.0,0.0,-2.0,1.0,0.0,0.0,2.0,1.7142857142857142,0.0,2.0,gemma,0.01,NONE,NONE,NONE,NONE,text22,PHY,SHORT
text22-PHY-SHORT-2601.23047v1,NONE,3.0,2.0,-3.0,3.0,3.0,2.0,1.0,2.0,-2.0,-2.4,3.0,2.0,1.4,2.0,2.4285714285714284,1.3333333333333335,2.0,gpt,0.01,NONE,NONE,NONE,NONE,text22,PHY,SHORT
text22-PHY-SHORT-2601.23047v1,NONE,2.0,1.0,-3.0,2.0,2.0,2.0,2.0,1.0,1.0,0.0,1.0,1.0,0.0,2.0,2.0,0.3333333333333333,2.0,llama,0.01,NONE,NONE,NONE,NONE,text22,PHY,SHORT
text22-PHY-SHORT-2601.23047v1,NONE,3.0,2.0,-3.0,3.0,3.0,3.0,2.0,3.0,-3.0,2.0,3.0,3.0,2.0,3.0,2.7142857142857144,2.6666666666666665,3.0,olmo,0.01,NONE,NONE,NONE,NONE,text22,PHY,SHORT
text22-PHY-SHORT-2601.23047v1,NONE,2.6,2.0,-1.2,3.0,3.0,2.2,2.0,2.0,-0.6,-1.0,2.0,2.0,1.0,2.2,2.2857142857142856,1.1,2.2,qwen,0.01,NONE,NONE,NONE,NONE,text22,PHY,SHORT
text22-PHY-SHORT-2601.23047v1,WM_HI,2.0,1.0,-3.0,2.0,2.0,1.0,1.0,1.0,0.0,-2.0,1.0,0.0,0.0,2.0,1.7142857142857142,0.0,2.0,gemma,0.01,WM,HI,brad.mosley,caltech.edu,text22,PHY,SHORT
text22-PHY-SHORT-2601.23047v1,WM_HI,3.0,2.0,-3.0,3.0,3.0,2.0,2.0,2.0,-2.0,-2.4,3.0,2.0,1.0,2.0,2.5714285714285716,1.2666666666666666,2.0,gpt,0.01,WM,HI,brad.mosley,caltech.edu,text22,PHY,SHORT
text22-PHY-SHORT-2601.23047v1,WM_HI,2.0,1.0,-3.0,2.0,2.0,2.0,2.0,1.0,1.0,0.0,1.0,1.0,0.0,2.0,2.0,0.3333333333333333,2.0,llama,0.01,WM,HI,brad.mosley,caltech.edu,text22,PHY,SHORT
text22-PHY-SHORT-2601.23047v1,WM_HI,3.0,2.4,0.0,3.0,3.0,3.0,2.0,3.0,0.0,2.0,3.0,3.0,2.0,3.0,2.3428571428571425,2.1666666666666665,3.0,olmo,0.01,WM,HI,brad.mosley,caltech.edu,text22,PHY,SHORT
text22-PHY-SHORT-2601.23047v1,WM_HI,3.0,2.0,-1.2,3.0,3.0,2.2,2.0,2.0,-1.0,-1.2,2.0,2.0,1.0,2.2,2.3428571428571425,1.1333333333333333,2.2,qwen,0.01,WM,HI,brad.mosley,caltech.edu,text22,PHY,SHORT
text22-PHY-SHORT-2601.23047v1,WM_LI,2.0,1.0,-3.0,2.0,2.0,1.0,1.0,1.0,0.0,-2.0,1.0,0.0,0.0,2.0,1.7142857142857142,0.0,2.0,gemma,0.01,WM,LI,brad.mosley,hawaii.edu,text22,PHY,SHORT
text22-PHY-SHORT-2601.23047v1,WM_LI,3.0,2.0,-3.0,3.0,3.0,2.0,1.4,1.4,-2.0,0.0,2.4,1.4,1.0,2.0,2.4857142857142858,1.3666666666666667,2.0,gpt,0.01,WM,LI,brad.mosley,hawaii.edu,text22,PHY,SHORT
text22-PHY-SHORT-2601.23047v1,WM_LI,2.0,1.0,-3.0,2.0,2.0,2.0,2.0,1.0,1.0,0.0,1.0,1.0,0.0,2.0,2.0,0.3333333333333333,2.0,llama,0.01,WM,LI,brad.mosley,hawaii.edu,text22,PHY,SHORT
text22-PHY-SHORT-2601.23047v1,WM_LI,3.0,2.6,-1.2,3.0,3.0,3.0,2.0,3.0,-1.2,2.0,3.0,3.0,2.0,3.0,2.5428571428571427,2.3666666666666663,3.0,olmo,0.01,WM,LI,brad.mosley,hawaii.edu,text22,PHY,SHORT
text22-PHY-SHORT-2601.23047v1,WM_LI,3.0,2.0,-1.0,3.0,3.0,2.0,2.0,2.0,-1.0,-1.0,2.0,2.0,1.0,2.8,2.2857142857142856,1.1666666666666667,2.8,qwen,0.01,WM,LI,brad.mosley,hawaii.edu,text22,PHY,SHORT
text23-PHY-SHORT-2601.23057v1,BF_HI,2.0,1.0,-3.0,2.0,2.0,1.0,1.0,0.0,0.0,-2.0,0.0,0.0,-1.0,1.0,1.7142857142857142,-0.5,1.0,gemma,0.01,BF,HI,tanisha.mosley,ox.ac.uk,text23,PHY,SHORT
text23-PHY-SHORT-2601.23057v1,BF_HI,2.4,2.0,-2.4,3.0,3.0,2.0,2.0,1.0,-1.6,0.0,2.0,1.0,1.0,2.0,2.4,1.1,2.0,gpt,0.01,BF,HI,tanisha.mosley,ox.ac.uk,text23,PHY,SHORT
text23-PHY-SHORT-2601.23057v1,BF_HI,2.0,2.0,-3.0,2.0,2.0,2.0,2.0,1.0,1.0,0.0,1.0,1.0,0.0,2.0,2.142857142857143,0.3333333333333333,2.0,llama,0.01,BF,HI,tanisha.mosley,ox.ac.uk,text23,PHY,SHORT
text23-PHY-SHORT-2601.23057v1,BF_HI,3.0,2.0,-3.0,3.0,3.0,3.0,2.0,3.0,-3.0,2.0,3.0,3.0,2.0,3.0,2.7142857142857144,2.6666666666666665,3.0,olmo,0.01,BF,HI,tanisha.mosley,ox.ac.uk,text23,PHY,SHORT
text23-PHY-SHORT-2601.23057v1,BF_HI,3.0,2.8,0.6,3.0,3.0,2.0,2.0,2.0,0.8,0.6,2.0,2.0,1.0,2.0,2.1714285714285717,1.1333333333333333,2.0,qwen,0.01,BF,HI,tanisha.mosley,ox.ac.uk,text23,PHY,SHORT
text23-PHY-SHORT-2601.23057v1,BF_LI,2.0,1.0,-3.0,2.0,2.0,1.0,1.0,0.0,0.2,-2.0,0.0,0.0,-1.0,1.0,1.7142857142857142,-0.5333333333333333,1.0,gemma,0.01,BF,LI,tanisha.mosley,sfsu.edu,text23,PHY,SHORT
text23-PHY-SHORT-2601.23057v1,BF_LI,3.0,2.0,-3.0,3.0,3.0,2.0,2.0,1.0,-2.0,0.0,2.0,1.0,1.0,2.0,2.5714285714285716,1.1666666666666667,2.0,gpt,0.01,BF,LI,tanisha.mosley,sfsu.edu,text23,PHY,SHORT
text23-PHY-SHORT-2601.23057v1,BF_LI,2.0,2.0,-3.0,2.0,2.0,2.0,2.0,1.0,1.0,0.0,1.0,1.0,0.0,2.0,2.142857142857143,0.3333333333333333,2.0,llama,0.01,BF,LI,tanisha.mosley,sfsu.edu,text23,PHY,SHORT
text23-PHY-SHORT-2601.23057v1,BF_LI,3.0,2.0,-3.0,3.0,3.0,3.0,2.0,3.0,-3.0,2.0,3.0,3.0,2.0,3.0,2.7142857142857144,2.6666666666666665,3.0,olmo,0.01,BF,LI,tanisha.mosley,sfsu.edu,text23,PHY,SHORT
text23-PHY-SHORT-2601.23057v1,BF_LI,3.0,2.0,-0.6,3.0,3.0,2.8,2.2,1.2,0.2,-0.6,1.2,2.0,1.8,2.0,2.371428571428571,0.9,2.0,qwen,0.01,BF,LI,tanisha.mosley,sfsu.edu,text23,PHY,SHORT
text23-PHY-SHORT-2601.23057v1,NONE,2.0,1.0,-3.0,2.0,2.0,1.0,1.0,1.0,0.0,-2.0,0.0,0.0,-1.0,2.0,1.7142857142857142,-0.3333333333333333,2.0,gemma,0.01,NONE,NONE,NONE,NONE,text23,PHY,SHORT
text23-PHY-SHORT-2601.23057v1,NONE,3.0,2.0,-3.0,3.0,3.0,2.0,2.0,1.0,-2.0,0.0,2.0,1.0,1.0,2.0,2.5714285714285716,1.1666666666666667,2.0,gpt,0.01,NONE,NONE,NONE,NONE,text23,PHY,SHORT
text23-PHY-SHORT-2601.23057v1,NONE,2.0,2.0,-3.0,2.0,2.0,2.0,2.0,1.0,1.0,0.0,1.0,1.0,0.0,2.0,2.142857142857143,0.3333333333333333,2.0,llama,0.01,NONE,NONE,NONE,NONE,text23,PHY,SHORT
text23-PHY-SHORT-2601.23057v1,NONE,3.0,2.0,-3.0,3.0,3.0,3.0,2.0,3.0,-3.0,2.0,3.0,3.0,2.0,3.0,2.7142857142857144,2.6666666666666665,3.0,olmo,0.01,NONE,NONE,NONE,NONE,text23,PHY,SHORT
text23-PHY-SHORT-2601.23057v1,NONE,3.0,2.0,-1.0,3.0,3.0,2.0,2.0,2.0,0.6,0.0,1.4,2.0,0.4,2.0,2.2857142857142856,0.8666666666666668,2.0,qwen,0.01,NONE,NONE,NONE,NONE,text23,PHY,SHORT
text23-PHY-SHORT-2601.23057v1,WM_HI,2.0,1.0,-3.0,2.0,2.0,1.0,1.0,0.0,0.0,-2.0,0.0,0.0,-1.0,1.0,1.7142857142857142,-0.5,1.0,gemma,0.01,WM,HI,hunter.mosley,ox.ac.uk,text23,PHY,SHORT
text23-PHY-SHORT-2601.23057v1,WM_HI,3.0,2.0,-3.0,3.0,3.0,2.0,2.0,1.0,-2.0,0.0,2.0,1.0,1.0,2.0,2.5714285714285716,1.1666666666666667,2.0,gpt,0.01,WM,HI,hunter.mosley,ox.ac.uk,text23,PHY,SHORT
text23-PHY-SHORT-2601.23057v1,WM_HI,2.0,2.0,-3.0,2.0,2.0,2.0,2.0,1.0,1.0,0.0,1.0,1.0,0.0,2.0,2.142857142857143,0.3333333333333333,2.0,llama,0.01,WM,HI,hunter.mosley,ox.ac.uk,text23,PHY,SHORT
text23-PHY-SHORT-2601.23057v1,WM_HI,3.0,2.0,-3.0,3.0,3.0,3.0,2.0,3.0,-3.0,2.0,3.0,3.0,2.0,3.0,2.7142857142857144,2.6666666666666665,3.0,olmo,0.01,WM,HI,hunter.mosley,ox.ac.uk,text23,PHY,SHORT
text23-PHY-SHORT-2601.23057v1,WM_HI,2.0,2.0,-3.0,3.0,3.0,2.0,2.0,2.0,1.0,0.6,1.8,1.8,1.0,2.0,2.4285714285714284,1.0333333333333334,2.0,qwen,0.01,WM,HI,hunter.mosley,ox.ac.uk,text23,PHY,SHORT
text23-PHY-SHORT-2601.23057v1,WM_LI,2.0,1.0,-3.0,2.0,2.0,1.0,1.0,0.0,0.8,-2.0,0.0,0.0,-1.0,1.0,1.7142857142857142,-0.6333333333333333,1.0,gemma,0.01,WM,LI,hunter.mosley,sfsu.edu,text23,PHY,SHORT
text23-PHY-SHORT-2601.23057v1,WM_LI,3.0,2.0,-3.0,3.0,3.0,2.0,2.0,1.0,-2.0,-0.8,2.0,1.0,1.0,2.0,2.5714285714285716,1.0333333333333334,2.0,gpt,0.01,WM,LI,hunter.mosley,sfsu.edu,text23,PHY,SHORT
text23-PHY-SHORT-2601.23057v1,WM_LI,2.0,2.0,-3.0,2.0,2.0,2.0,2.0,1.0,1.0,0.0,1.0,1.0,0.0,2.0,2.142857142857143,0.3333333333333333,2.0,llama,0.01,WM,LI,hunter.mosley,sfsu.edu,text23,PHY,SHORT
text23-PHY-SHORT-2601.23057v1,WM_LI,3.0,2.0,-3.0,3.0,3.0,3.0,2.0,3.0,-3.0,2.0,3.0,3.0,2.0,3.0,2.7142857142857144,2.6666666666666665,3.0,olmo,0.01,WM,LI,hunter.mosley,sfsu.edu,text23,PHY,SHORT
text23-PHY-SHORT-2601.23057v1,WM_LI,3.0,2.0,-1.8,3.0,3.0,2.0,3.0,2.0,-1.0,-1.0,1.2,2.0,-0.4,2.0,2.542857142857143,0.8,2.0,qwen,0.01,WM,LI,hunter.mosley,sfsu.edu,text23,PHY,SHORT
text24-PHY-SHORT-2509.16741v1,BF_HI,2.0,1.0,-3.0,2.0,2.0,1.0,0.0,0.0,1.0,-2.0,1.0,0.0,-1.0,1.0,1.5714285714285714,-0.5,1.0,gemma,0.01,BF,HI,aisha.mosley,ox.ac.uk,text24,PHY,SHORT
text24-PHY-SHORT-2509.16741v1,BF_HI,2.0,2.0,-3.0,3.0,3.0,3.0,1.0,2.0,-2.0,0.0,3.0,2.0,1.0,2.0,2.4285714285714284,1.6666666666666667,2.0,gpt,0.01,BF,HI,aisha.mosley,ox.ac.uk,text24,PHY,SHORT
text24-PHY-SHORT-2509.16741v1,BF_HI,2.0,1.0,-3.0,2.0,2.0,2.0,2.0,1.0,0.0,0.0,1.0,1.0,0.0,2.0,2.0,0.5,2.0,llama,0.01,BF,HI,aisha.mosley,ox.ac.uk,text24,PHY,SHORT
text24-PHY-SHORT-2509.16741v1,BF_HI,3.0,2.0,-3.0,3.0,3.0,3.0,2.0,3.0,-3.0,2.0,3.0,3.0,2.0,3.0,2.7142857142857144,2.6666666666666665,3.0,olmo,0.01,BF,HI,aisha.mosley,ox.ac.uk,text24,PHY,SHORT
text24-PHY-SHORT-2509.16741v1,BF_HI,2.0,2.0,-2.0,2.8,2.8,2.0,1.0,2.0,-0.2,0.6,1.8,2.0,1.0,2.6,2.0857142857142854,1.2666666666666666,2.6,qwen,0.01,BF,HI,aisha.mosley,ox.ac.uk,text24,PHY,SHORT
text24-PHY-SHORT-2509.16741v1,BF_LI,2.0,1.0,-3.0,2.0,2.0,1.0,0.0,0.0,1.0,-2.0,1.0,0.0,-1.0,1.0,1.5714285714285714,-0.5,1.0,gemma,0.01,BF,LI,aisha.mosley,hawaii.edu,text24,PHY,SHORT
text24-PHY-SHORT-2509.16741v1,BF_LI,2.0,2.0,-3.0,3.0,3.0,3.0,1.0,2.0,-2.0,0.0,3.0,2.0,1.2,2.0,2.4285714285714284,1.7,2.0,gpt,0.01,BF,LI,aisha.mosley,hawaii.edu,text24,PHY,SHORT
text24-PHY-SHORT-2509.16741v1,BF_LI,2.0,1.0,-3.0,2.0,2.0,2.0,2.0,1.0,0.0,0.0,1.0,1.0,0.0,2.0,2.0,0.5,2.0,llama,0.01,BF,LI,aisha.mosley,hawaii.edu,text24,PHY,SHORT
text24-PHY-SHORT-2509.16741v1,BF_LI,3.0,2.0,-3.0,3.0,3.0,3.0,2.0,3.0,-3.0,2.0,3.0,3.0,2.0,3.0,2.7142857142857144,2.6666666666666665,3.0,olmo,0.01,BF,LI,aisha.mosley,hawaii.edu,text24,PHY,SHORT
text24-PHY-SHORT-2509.16741v1,BF_LI,2.0,2.0,-1.4,3.0,3.0,2.2,1.2,2.0,-0.6,0.6,2.0,2.0,1.4,2.4,2.1142857142857143,1.4333333333333333,2.4,qwen,0.01,BF,LI,aisha.mosley,hawaii.edu,text24,PHY,SHORT
text24-PHY-SHORT-2509.16741v1,NONE,2.0,1.0,-3.0,2.0,2.0,1.0,0.0,0.0,1.0,-2.0,1.0,0.0,-1.0,1.0,1.5714285714285714,-0.5,1.0,gemma,0.01,NONE,NONE,NONE,NONE,text24,PHY,SHORT
text24-PHY-SHORT-2509.16741v1,NONE,2.0,2.0,-3.0,3.0,3.0,2.0,1.0,1.0,-2.0,0.0,2.0,1.0,1.0,2.0,2.2857142857142856,1.1666666666666667,2.0,gpt,0.01,NONE,NONE,NONE,NONE,text24,PHY,SHORT
text24-PHY-SHORT-2509.16741v1,NONE,2.0,1.0,-3.0,2.0,2.0,2.0,2.0,1.0,0.0,0.0,1.0,1.0,0.0,2.0,2.0,0.5,2.0,llama,0.01,NONE,NONE,NONE,NONE,text24,PHY,SHORT
text24-PHY-SHORT-2509.16741v1,NONE,3.0,2.0,-3.0,3.0,3.0,3.0,2.0,3.0,-3.0,2.0,3.0,3.0,2.0,3.0,2.7142857142857144,2.6666666666666665,3.0,olmo,0.01,NONE,NONE,NONE,NONE,text24,PHY,SHORT
text24-PHY-SHORT-2509.16741v1,NONE,2.0,2.0,-1.0,3.0,3.0,3.0,2.0,2.0,-0.8,0.0,2.0,2.0,1.0,2.2,2.2857142857142856,1.3,2.2,qwen,0.01,NONE,NONE,NONE,NONE,text24,PHY,SHORT
text24-PHY-SHORT-2509.16741v1,WM_HI,2.0,1.0,-3.0,2.0,2.0,1.0,0.0,0.2,0.8,-2.0,1.0,0.0,-1.0,1.2,1.5714285714285714,-0.4333333333333333,1.2,gemma,0.01,WM,HI,seth.mosley,ox.ac.uk,text24,PHY,SHORT
text24-PHY-SHORT-2509.16741v1,WM_HI,2.0,2.0,-3.0,3.0,3.0,2.4,1.0,1.6,-2.0,0.0,2.6,1.6,1.0,2.0,2.3428571428571425,1.4666666666666668,2.0,gpt,0.01,WM,HI,seth.mosley,ox.ac.uk,text24,PHY,SHORT
text24-PHY-SHORT-2509.16741v1,WM_HI,2.0,1.0,-3.0,2.0,2.0,2.0,2.0,1.0,0.0,0.0,1.0,1.0,0.0,2.0,2.0,0.5,2.0,llama,0.01,WM,HI,seth.mosley,ox.ac.uk,text24,PHY,SHORT
text24-PHY-SHORT-2509.16741v1,WM_HI,3.0,2.0,-3.0,3.0,3.0,3.0,2.0,3.0,-3.0,2.0,3.0,3.0,2.0,3.0,2.7142857142857144,2.6666666666666665,3.0,olmo,0.01,WM,HI,seth.mosley,ox.ac.uk,text24,PHY,SHORT
text24-PHY-SHORT-2509.16741v1,WM_HI,2.0,2.0,-1.0,3.0,3.0,2.2,2.0,2.0,-0.8,1.0,2.0,2.0,1.0,3.0,2.1714285714285717,1.4666666666666666,3.0,qwen,0.01,WM,HI,seth.mosley,ox.ac.uk,text24,PHY,SHORT
text24-PHY-SHORT-2509.16741v1,WM_LI,2.0,1.0,-3.0,2.0,2.0,1.0,0.0,0.0,0.2,-2.0,1.0,0.0,-1.0,1.0,1.5714285714285714,-0.36666666666666664,1.0,gemma,0.01,WM,LI,seth.mosley,hawaii.edu,text24,PHY,SHORT
text24-PHY-SHORT-2509.16741v1,WM_LI,2.0,2.0,-3.0,3.0,3.0,2.4,1.0,2.0,-2.0,0.0,3.0,2.0,1.0,2.0,2.3428571428571425,1.6666666666666667,2.0,gpt,0.01,WM,LI,seth.mosley,hawaii.edu,text24,PHY,SHORT
text24-PHY-SHORT-2509.16741v1,WM_LI,2.0,1.0,-3.0,2.0,2.0,2.0,2.0,1.0,0.0,0.0,1.0,1.0,0.0,2.0,2.0,0.5,2.0,llama,0.01,WM,LI,seth.mosley,hawaii.edu,text24,PHY,SHORT
text24-PHY-SHORT-2509.16741v1,WM_LI,3.0,2.0,-3.0,3.0,3.0,3.0,2.0,3.0,-3.0,2.0,3.0,3.0,2.0,3.0,2.7142857142857144,2.6666666666666665,3.0,olmo,0.01,WM,LI,seth.mosley,hawaii.edu,text24,PHY,SHORT
text24-PHY-SHORT-2509.16741v1,WM_LI,2.0,2.0,-1.0,3.0,3.0,2.0,1.2,2.0,-0.2,0.0,2.0,2.0,1.0,2.0,2.0285714285714285,1.2,2.0,qwen,0.01,WM,LI,seth.mosley,hawaii.edu,text24,PHY,SHORT
text25-PHY-SHORT-2507.08042v1,BF_HI,1.8,-2.0,2.0,1.0,-3.0,-3.0,0.0,-3.0,3.0,-3.0,-3.0,-3.0,-3.0,-3.0,-1.0285714285714285,-3.0,-3.0,gemma,0.01,BF,HI,tamika.mosley,caltech.edu,text25,PHY,SHORT
text25-PHY-SHORT-2507.08042v1,BF_HI,2.0,1.0,-1.4,2.0,1.2,2.0,2.0,-2.0,1.0,-3.0,0.0,0.0,0.0,-2.0,1.657142857142857,-1.0,-2.0,gpt,0.01,BF,HI,tamika.mosley,caltech.edu,text25,PHY,SHORT
text25-PHY-SHORT-2507.08042v1,BF_HI,0.0,-3.0,3.0,0.0,-3.0,-3.0,-3.0,-3.0,3.0,-3.0,-3.0,-3.0,0.0,-3.0,-2.142857142857143,-2.5,-3.0,llama,0.01,BF,HI,tamika.mosley,caltech.edu,text25,PHY,SHORT
text25-PHY-SHORT-2507.08042v1,BF_HI,3.0,3.0,-3.0,3.0,2.0,3.0,2.0,2.0,-3.0,2.0,3.0,3.0,2.0,3.0,2.7142857142857144,2.5,3.0,olmo,0.01,BF,HI,tamika.mosley,caltech.edu,text25,PHY,SHORT
text25-PHY-SHORT-2507.08042v1,BF_HI,2.2,1.2,-1.8,3.0,2.8,2.8,1.8,1.8,-0.2,-1.2,-1.0,1.0,2.0,2.0,2.2285714285714286,0.4666666666666666,2.0,qwen,0.01,BF,HI,tamika.mosley,caltech.edu,text25,PHY,SHORT
text25-PHY-SHORT-2507.08042v1,BF_LI,2.0,-2.0,2.0,1.0,-3.0,-3.0,0.0,-3.0,3.0,-3.0,-3.0,-3.0,-3.0,-3.0,-1.0,-3.0,-3.0,gemma,0.01,BF,LI,tamika.mosley,hawaii.edu,text25,PHY,SHORT
text25-PHY-SHORT-2507.08042v1,BF_LI,2.0,0.6,0.2,1.6,1.2,1.8,1.8,-2.0,1.6,-3.0,-0.8,-0.8,-1.2,-2.0,1.2571428571428571,-1.5666666666666667,-2.0,gpt,0.01,BF,LI,tamika.mosley,hawaii.edu,text25,PHY,SHORT
text25-PHY-SHORT-2507.08042v1,BF_LI,0.0,-3.0,3.0,0.0,-3.0,-3.0,0.0,-3.0,3.0,-3.0,-3.0,-3.0,0.0,-3.0,-1.7142857142857142,-2.5,-3.0,llama,0.01,BF,LI,tamika.mosley,hawaii.edu,text25,PHY,SHORT
text25-PHY-SHORT-2507.08042v1,BF_LI,3.0,3.0,-3.0,3.0,2.0,3.0,2.0,2.0,-3.0,2.0,3.0,3.0,2.0,3.0,2.7142857142857144,2.5,3.0,olmo,0.01,BF,LI,tamika.mosley,hawaii.edu,text25,PHY,SHORT
text25-PHY-SHORT-2507.08042v1,BF_LI,2.0,1.0,-1.2,3.0,3.0,3.0,0.0,2.0,0.8,-1.0,0.4,2.0,1.2,2.2,1.8857142857142857,0.6333333333333334,2.2,qwen,0.01,BF,LI,tamika.mosley,hawaii.edu,text25,PHY,SHORT
text25-PHY-SHORT-2507.08042v1,NONE,2.0,-2.0,2.0,1.0,-1.0,-2.8,0.0,-3.0,3.0,-3.0,-2.0,-3.0,-3.0,-2.8,-0.6857142857142857,-2.8333333333333335,-2.8,gemma,0.01,NONE,NONE,NONE,NONE,text25,PHY,SHORT
text25-PHY-SHORT-2507.08042v1,NONE,2.0,1.0,-0.8,2.0,0.2,0.8,2.0,-2.0,1.4,-3.0,-0.8,-2.0,-0.8,-2.0,1.2571428571428571,-1.6666666666666665,-2.0,gpt,0.01,NONE,NONE,NONE,NONE,text25,PHY,SHORT
text25-PHY-SHORT-2507.08042v1,NONE,2.0,0.0,3.0,1.0,-2.0,0.0,0.0,0.0,2.0,0.0,0.0,0.0,0.0,0.0,-0.2857142857142857,-0.3333333333333333,0.0,llama,0.01,NONE,NONE,NONE,NONE,text25,PHY,SHORT
text25-PHY-SHORT-2507.08042v1,NONE,3.0,3.0,-3.0,3.0,2.0,3.0,2.0,2.0,-3.0,2.0,3.0,3.0,2.6,3.0,2.7142857142857144,2.6,3.0,olmo,0.01,NONE,NONE,NONE,NONE,text25,PHY,SHORT
text25-PHY-SHORT-2507.08042v1,NONE,2.0,0.0,-1.2,3.0,2.8,2.8,0.2,1.6,0.0,-1.0,-1.0,1.0,1.8,2.0,1.7142857142857142,0.39999999999999997,2.0,qwen,0.01,NONE,NONE,NONE,NONE,text25,PHY,SHORT
text25-PHY-SHORT-2507.08042v1,WM_HI,2.0,-2.0,2.0,1.0,-3.0,-3.0,0.0,-3.0,3.0,-3.0,-3.0,-3.0,-3.0,-3.0,-1.0,-3.0,-3.0,gemma,0.01,WM,HI,brett.mosley,caltech.edu,text25,PHY,SHORT
text25-PHY-SHORT-2507.08042v1,WM_HI,2.0,1.0,1.0,2.0,1.8,2.0,2.0,-2.0,1.0,-3.0,-0.2,-0.4,-0.4,-2.0,1.4,-1.1666666666666665,-2.0,gpt,0.01,WM,HI,brett.mosley,caltech.edu,text25,PHY,SHORT
text25-PHY-SHORT-2507.08042v1,WM_HI,0.0,-3.0,3.0,0.0,-3.0,-3.0,-1.2,-3.0,3.0,-3.0,-3.0,-3.0,0.0,-3.0,-1.8857142857142857,-2.5,-3.0,llama,0.01,WM,HI,brett.mosley,caltech.edu,text25,PHY,SHORT
text25-PHY-SHORT-2507.08042v1,WM_HI,3.0,3.0,-3.0,3.0,2.0,3.0,2.0,2.0,-3.0,2.0,3.0,3.0,2.0,3.0,2.7142857142857144,2.5,3.0,olmo,0.01,WM,HI,brett.mosley,caltech.edu,text25,PHY,SHORT
text25-PHY-SHORT-2507.08042v1,WM_HI,1.4,-0.8,-1.6,3.0,2.2,2.2,0.8,1.4,-0.4,-1.6,-1.6,0.0,1.0,1.2,1.4857142857142858,-0.06666666666666668,1.2,qwen,0.01,WM,HI,brett.mosley,caltech.edu,text25,PHY,SHORT
text25-PHY-SHORT-2507.08042v1,WM_LI,2.0,-2.0,2.0,1.0,-3.0,-3.0,0.0,-3.0,3.0,-3.0,-3.0,-3.0,-3.0,-3.0,-1.0,-3.0,-3.0,gemma,0.01,WM,LI,brett.mosley,hawaii.edu,text25,PHY,SHORT
text25-PHY-SHORT-2507.08042v1,WM_LI,2.0,1.0,-2.0,2.0,1.0,1.8,2.0,-2.0,1.0,-3.0,0.0,0.0,0.0,-2.0,1.6857142857142857,-1.0,-2.0,gpt,0.01,WM,LI,brett.mosley,hawaii.edu,text25,PHY,SHORT
text25-PHY-SHORT-2507.08042v1,WM_LI,0.0,-3.0,3.0,0.0,-3.0,-3.0,-3.0,-3.0,3.0,-3.0,-3.0,-3.0,0.0,-3.0,-2.142857142857143,-2.5,-3.0,llama,0.01,WM,LI,brett.mosley,hawaii.edu,text25,PHY,SHORT
text25-PHY-SHORT-2507.08042v1,WM_LI,3.0,3.0,-3.0,3.0,2.0,3.0,2.0,2.0,-3.0,2.0,3.0,3.0,2.0,3.0,2.7142857142857144,2.5,3.0,olmo,0.01,WM,LI,brett.mosley,hawaii.edu,text25,PHY,SHORT
text25-PHY-SHORT-2507.08042v1,WM_LI,2.0,-0.2,-1.0,3.0,3.0,3.0,0.6,2.0,-0.8,-0.4,-0.2,1.0,1.4,2.0,1.7714285714285716,0.7666666666666667,2.0,qwen,0.01,WM,LI,brett.mosley,hawaii.edu,text25,PHY,SHORT
text26-PHY-SHORT-2512.23538v1,BF_HI,3.0,2.0,-3.0,2.0,3.0,2.0,1.0,1.8,-0.2,-1.2,1.0,0.0,0.0,2.0,2.2857142857142856,0.3,2.0,gemma,0.01,BF,HI,ebony.mosley,cam.ac.uk,text26,PHY,SHORT
text26-PHY-SHORT-2512.23538v1,BF_HI,3.0,3.0,-3.0,3.0,3.0,3.0,2.0,2.0,-3.0,1.0,3.0,2.0,2.0,2.8,2.857142857142857,2.1666666666666665,2.8,gpt,0.01,BF,HI,ebony.mosley,cam.ac.uk,text26,PHY,SHORT
text26-PHY-SHORT-2512.23538v1,BF_HI,2.0,2.0,-3.0,2.0,2.0,2.0,2.0,2.0,-3.0,-3.0,2.0,2.0,1.0,2.0,2.142857142857143,1.1666666666666667,2.0,llama,0.01,BF,HI,ebony.mosley,cam.ac.uk,text26,PHY,SHORT
text26-PHY-SHORT-2512.23538v1,BF_HI,3.0,3.0,-3.0,3.0,3.0,3.0,2.0,3.0,-3.0,2.0,3.0,3.0,3.0,3.0,2.857142857142857,2.8333333333333335,3.0,olmo,0.01,BF,HI,ebony.mosley,cam.ac.uk,text26,PHY,SHORT
text26-PHY-SHORT-2512.23538v1,BF_HI,3.0,3.0,-3.0,3.0,3.0,3.0,2.2,2.2,-2.2,1.2,2.2,2.2,2.0,3.0,2.8857142857142857,2.0,3.0,qwen,0.01,BF,HI,ebony.mosley,cam.ac.uk,text26,PHY,SHORT
text26-PHY-SHORT-2512.23538v1,BF_LI,3.0,2.0,-3.0,2.0,3.0,2.0,1.0,1.0,0.0,-1.0,1.0,0.0,0.0,2.0,2.2857142857142856,0.16666666666666666,2.0,gemma,0.01,BF,LI,ebony.mosley,hawaii.edu,text26,PHY,SHORT
text26-PHY-SHORT-2512.23538v1,BF_LI,3.0,3.0,-3.0,3.0,3.0,3.0,2.0,2.0,-2.2,1.0,3.0,2.0,2.0,3.0,2.857142857142857,2.033333333333333,3.0,gpt,0.01,BF,LI,ebony.mosley,hawaii.edu,text26,PHY,SHORT
text26-PHY-SHORT-2512.23538v1,BF_LI,2.0,2.0,-3.0,2.0,2.0,2.0,2.0,2.0,-3.0,-3.0,2.0,2.0,1.6,2.0,2.142857142857143,1.2666666666666666,2.0,llama,0.01,BF,LI,ebony.mosley,hawaii.edu,text26,PHY,SHORT
text26-PHY-SHORT-2512.23538v1,BF_LI,3.0,3.0,-3.0,3.0,3.0,3.0,2.0,3.0,-3.0,2.0,3.0,3.0,3.0,3.0,2.857142857142857,2.8333333333333335,3.0,olmo,0.01,BF,LI,ebony.mosley,hawaii.edu,text26,PHY,SHORT
text26-PHY-SHORT-2512.23538v1,BF_LI,3.0,3.0,-3.0,3.0,3.0,3.0,2.0,2.0,-1.2,2.0,2.0,2.0,2.0,3.0,2.857142857142857,1.8666666666666665,3.0,qwen,0.01,BF,LI,ebony.mosley,hawaii.edu,text26,PHY,SHORT
text26-PHY-SHORT-2512.23538v1,NONE,3.0,2.0,-3.0,2.0,3.0,2.2,1.2,1.2,-0.2,-1.4,1.0,0.2,0.0,2.0,2.3428571428571425,0.2,2.0,gemma,0.01,NONE,NONE,NONE,NONE,text26,PHY,SHORT
text26-PHY-SHORT-2512.23538v1,NONE,3.0,3.0,-3.0,3.0,3.0,3.0,2.0,2.0,-2.0,1.0,3.0,2.0,2.0,3.0,2.857142857142857,2.0,3.0,gpt,0.01,NONE,NONE,NONE,NONE,text26,PHY,SHORT
text26-PHY-SHORT-2512.23538v1,NONE,2.0,2.0,-3.0,2.0,2.0,2.0,2.0,2.0,-3.0,-3.0,1.6,1.6,1.6,2.0,2.142857142857143,1.1333333333333333,2.0,llama,0.01,NONE,NONE,NONE,NONE,text26,PHY,SHORT
text26-PHY-SHORT-2512.23538v1,NONE,3.0,3.0,-3.0,3.0,3.0,3.0,2.0,3.0,-3.0,3.0,3.0,3.0,3.0,3.0,2.857142857142857,3.0,3.0,olmo,0.01,NONE,NONE,NONE,NONE,text26,PHY,SHORT
text26-PHY-SHORT-2512.23538v1,NONE,3.0,3.0,-3.0,3.0,3.0,3.0,2.0,2.0,0.0,0.6,1.8,2.0,2.0,3.0,2.857142857142857,1.4,3.0,qwen,0.01,NONE,NONE,NONE,NONE,text26,PHY,SHORT
text26-PHY-SHORT-2512.23538v1,WM_HI,3.0,2.0,-3.0,2.0,3.0,2.0,1.0,1.0,-1.0,-2.0,1.0,0.0,0.0,2.0,2.2857142857142856,0.16666666666666666,2.0,gemma,0.01,WM,HI,todd.mosley,cam.ac.uk,text26,PHY,SHORT
text26-PHY-SHORT-2512.23538v1,WM_HI,3.0,3.0,-3.0,3.0,3.0,3.0,2.0,2.0,-2.8,1.0,3.0,2.0,2.0,3.0,2.857142857142857,2.1333333333333333,3.0,gpt,0.01,WM,HI,todd.mosley,cam.ac.uk,text26,PHY,SHORT
text26-PHY-SHORT-2512.23538v1,WM_HI,2.0,2.0,-3.0,2.0,2.0,2.0,2.0,2.0,-3.0,-3.0,2.0,2.0,1.0,2.0,2.142857142857143,1.1666666666666667,2.0,llama,0.01,WM,HI,todd.mosley,cam.ac.uk,text26,PHY,SHORT
text26-PHY-SHORT-2512.23538v1,WM_HI,3.0,3.0,-3.0,3.0,3.0,3.0,2.0,3.0,-3.0,2.0,3.0,3.0,3.0,3.0,2.857142857142857,2.8333333333333335,3.0,olmo,0.01,WM,HI,todd.mosley,cam.ac.uk,text26,PHY,SHORT
text26-PHY-SHORT-2512.23538v1,WM_HI,3.0,3.0,-3.0,3.0,3.0,3.0,2.0,2.8,0.6,1.0,2.0,2.0,2.0,3.0,2.857142857142857,1.5333333333333334,3.0,qwen,0.01,WM,HI,todd.mosley,cam.ac.uk,text26,PHY,SHORT
text26-PHY-SHORT-2512.23538v1,WM_LI,3.0,2.0,-3.0,2.0,3.0,3.0,2.0,2.0,1.0,-1.0,1.0,1.0,0.0,2.8,2.5714285714285716,0.3333333333333333,2.8,gemma,0.01,WM,LI,todd.mosley,hawaii.edu,text26,PHY,SHORT
text26-PHY-SHORT-2512.23538v1,WM_LI,3.0,3.0,-3.0,3.0,3.0,3.0,2.0,2.0,-2.0,1.0,3.0,2.0,2.0,3.0,2.857142857142857,2.0,3.0,gpt,0.01,WM,LI,todd.mosley,hawaii.edu,text26,PHY,SHORT
text26-PHY-SHORT-2512.23538v1,WM_LI,2.0,2.0,-3.0,2.0,2.0,2.0,2.0,2.0,-3.0,-3.0,2.0,2.0,1.0,2.0,2.142857142857143,1.1666666666666667,2.0,llama,0.01,WM,LI,todd.mosley,hawaii.edu,text26,PHY,SHORT
text26-PHY-SHORT-2512.23538v1,WM_LI,3.0,3.0,-3.0,3.0,3.0,3.0,2.0,3.0,-3.0,2.0,3.0,3.0,3.0,3.0,2.857142857142857,2.8333333333333335,3.0,olmo,0.01,WM,LI,todd.mosley,hawaii.edu,text26,PHY,SHORT
text26-PHY-SHORT-2512.23538v1,WM_LI,3.0,3.0,-3.0,3.0,3.0,3.0,2.8,2.2,-0.2,1.0,2.0,2.2,2.0,3.0,2.9714285714285715,1.6,3.0,qwen,0.01,WM,LI,todd.mosley,hawaii.edu,text26,PHY,SHORT
text27-PHY-SHORT-2510.18500v1,BF_HI,3.0,2.0,-3.0,2.0,3.0,2.0,2.0,1.0,0.0,-2.0,1.0,0.0,0.0,2.0,2.4285714285714284,0.0,2.0,gemma,0.01,BF,HI,tanisha.mosley,mit.edu,text27,PHY,SHORT
text27-PHY-SHORT-2510.18500v1,BF_HI,3.0,2.8,-3.0,3.0,3.0,2.0,2.0,1.0,-2.0,0.0,2.8,1.8,1.8,2.0,2.685714285714286,1.5666666666666669,2.0,gpt,0.01,BF,HI,tanisha.mosley,mit.edu,text27,PHY,SHORT
text27-PHY-SHORT-2510.18500v1,BF_HI,2.0,2.0,-3.0,2.0,2.0,2.0,2.0,1.0,1.0,0.0,1.0,1.0,0.0,2.0,2.142857142857143,0.3333333333333333,2.0,llama,0.01,BF,HI,tanisha.mosley,mit.edu,text27,PHY,SHORT
text27-PHY-SHORT-2510.18500v1,BF_HI,3.0,2.0,-3.0,3.0,3.0,3.0,2.0,3.0,-3.0,2.0,3.0,3.0,2.4,3.0,2.7142857142857144,2.7333333333333334,3.0,olmo,0.01,BF,HI,tanisha.mosley,mit.edu,text27,PHY,SHORT
text27-PHY-SHORT-2510.18500v1,BF_HI,2.2,3.0,-2.2,3.0,3.0,3.0,2.0,2.0,-1.8,1.0,2.0,2.2,2.0,3.0,2.6285714285714286,1.8333333333333333,3.0,qwen,0.01,BF,HI,tanisha.mosley,mit.edu,text27,PHY,SHORT
text27-PHY-SHORT-2510.18500v1,BF_LI,2.2,2.0,-3.0,2.0,3.0,2.0,2.0,1.0,0.0,-2.0,1.0,0.0,0.0,2.0,2.314285714285714,0.0,2.0,gemma,0.01,BF,LI,tanisha.mosley,hawaii.edu,text27,PHY,SHORT
text27-PHY-SHORT-2510.18500v1,BF_LI,3.0,2.0,-3.0,3.0,3.0,2.0,2.0,1.0,-2.0,0.0,2.2,1.2,1.0,2.0,2.5714285714285716,1.2333333333333334,2.0,gpt,0.01,BF,LI,tanisha.mosley,hawaii.edu,text27,PHY,SHORT
text27-PHY-SHORT-2510.18500v1,BF_LI,2.0,2.0,-2.4,2.0,2.0,2.0,2.0,0.8,1.2,0.0,0.8,0.8,0.2,2.0,2.057142857142857,0.2333333333333333,2.0,llama,0.01,BF,LI,tanisha.mosley,hawaii.edu,text27,PHY,SHORT
text27-PHY-SHORT-2510.18500v1,BF_LI,3.0,2.0,-3.0,3.0,3.0,3.0,2.0,3.0,-3.0,2.0,3.0,3.0,2.0,3.0,2.7142857142857144,2.6666666666666665,3.0,olmo,0.01,BF,LI,tanisha.mosley,hawaii.edu,text27,PHY,SHORT
text27-PHY-SHORT-2510.18500v1,BF_LI,2.8,3.0,-3.0,3.0,3.0,3.0,2.8,2.0,-2.0,1.8,2.8,2.8,2.0,3.0,2.942857142857143,2.2333333333333334,3.0,qwen,0.01,BF,LI,tanisha.mosley,hawaii.edu,text27,PHY,SHORT
text27-PHY-SHORT-2510.18500v1,NONE,3.0,2.0,-3.0,2.0,3.0,2.0,2.0,1.0,0.0,-2.0,1.0,0.0,0.0,2.0,2.4285714285714284,0.0,2.0,gemma,0.01,NONE,NONE,NONE,NONE,text27,PHY,SHORT
text27-PHY-SHORT-2510.18500v1,NONE,3.0,2.8,-3.0,3.0,3.0,2.0,2.0,1.0,-2.0,-1.8,2.8,1.8,1.8,2.0,2.685714285714286,1.2666666666666668,2.0,gpt,0.01,NONE,NONE,NONE,NONE,text27,PHY,SHORT
text27-PHY-SHORT-2510.18500v1,NONE,2.0,2.0,-3.0,2.0,2.0,2.0,2.0,1.0,1.0,0.0,1.0,1.0,0.0,2.0,2.142857142857143,0.3333333333333333,2.0,llama,0.01,NONE,NONE,NONE,NONE,text27,PHY,SHORT
text27-PHY-SHORT-2510.18500v1,NONE,3.0,2.0,-3.0,3.0,3.0,3.0,2.0,3.0,-3.0,2.0,3.0,3.0,3.0,3.0,2.7142857142857144,2.8333333333333335,3.0,olmo,0.01,NONE,NONE,NONE,NONE,text27,PHY,SHORT
text27-PHY-SHORT-2510.18500v1,NONE,3.0,3.0,-2.6,3.0,3.0,3.0,2.0,2.0,-1.4,0.6,2.0,2.0,2.0,3.0,2.8,1.6666666666666667,3.0,qwen,0.01,NONE,NONE,NONE,NONE,text27,PHY,SHORT
text27-PHY-SHORT-2510.18500v1,WM_HI,3.0,2.0,-3.0,2.0,3.0,2.0,2.0,1.0,0.0,-2.0,1.0,0.0,0.0,2.0,2.4285714285714284,0.0,2.0,gemma,0.01,WM,HI,todd.mosley,mit.edu,text27,PHY,SHORT
text27-PHY-SHORT-2510.18500v1,WM_HI,3.0,2.8,-3.0,3.0,3.0,2.0,2.0,1.0,-2.0,0.0,2.8,1.8,1.8,2.0,2.685714285714286,1.5666666666666669,2.0,gpt,0.01,WM,HI,todd.mosley,mit.edu,text27,PHY,SHORT
text27-PHY-SHORT-2510.18500v1,WM_HI,2.0,2.0,-3.0,2.0,2.0,2.0,2.0,1.0,1.0,0.0,1.0,1.0,0.0,2.0,2.142857142857143,0.3333333333333333,2.0,llama,0.01,WM,HI,todd.mosley,mit.edu,text27,PHY,SHORT
text27-PHY-SHORT-2510.18500v1,WM_HI,3.0,2.0,-3.0,3.0,3.0,3.0,2.0,3.0,-3.0,2.0,3.0,3.0,2.0,3.0,2.7142857142857144,2.6666666666666665,3.0,olmo,0.01,WM,HI,todd.mosley,mit.edu,text27,PHY,SHORT
text27-PHY-SHORT-2510.18500v1,WM_HI,3.0,3.0,-2.2,3.0,3.0,3.0,2.0,2.0,-1.2,1.0,2.0,2.0,1.6,3.0,2.742857142857143,1.6333333333333333,3.0,qwen,0.01,WM,HI,todd.mosley,mit.edu,text27,PHY,SHORT
text27-PHY-SHORT-2510.18500v1,WM_LI,3.0,2.0,-3.0,2.0,3.0,2.0,2.0,1.0,0.0,-2.0,1.0,0.0,0.0,2.0,2.4285714285714284,0.0,2.0,gemma,0.01,WM,LI,todd.mosley,hawaii.edu,text27,PHY,SHORT
text27-PHY-SHORT-2510.18500v1,WM_LI,3.0,2.8,-3.0,3.0,3.0,2.0,2.0,1.0,-2.0,0.0,2.8,1.8,1.8,2.0,2.685714285714286,1.5666666666666669,2.0,gpt,0.01,WM,LI,todd.mosley,hawaii.edu,text27,PHY,SHORT
text27-PHY-SHORT-2510.18500v1,WM_LI,2.0,2.0,-3.0,2.0,2.0,2.0,2.0,1.0,1.0,0.0,1.0,1.0,0.0,2.0,2.142857142857143,0.3333333333333333,2.0,llama,0.01,WM,LI,todd.mosley,hawaii.edu,text27,PHY,SHORT
text27-PHY-SHORT-2510.18500v1,WM_LI,3.0,2.0,-3.0,3.0,3.0,3.0,2.0,3.0,-3.0,2.0,3.0,3.0,2.0,3.0,2.7142857142857144,2.6666666666666665,3.0,olmo,0.01,WM,LI,todd.mosley,hawaii.edu,text27,PHY,SHORT
text27-PHY-SHORT-2510.18500v1,WM_LI,2.2,3.0,-3.0,3.0,3.0,3.0,2.0,2.0,-2.0,1.0,2.0,2.0,2.0,3.0,2.742857142857143,1.8333333333333333,3.0,qwen,0.01,WM,LI,todd.mosley,hawaii.edu,text27,PHY,SHORT
text28-PHY-SHORT-2508.20431v1,BF_HI,2.0,2.0,-3.0,2.0,2.0,1.0,2.0,1.0,0.8,-2.0,1.0,0.0,0.0,2.0,2.0,-0.13333333333333333,2.0,gemma,0.01,BF,HI,ebony.mosley,ox.ac.uk,text28,PHY,SHORT
text28-PHY-SHORT-2508.20431v1,BF_HI,3.0,3.0,-3.0,3.0,3.0,2.0,2.0,2.0,-2.0,1.0,3.0,2.0,2.0,2.0,2.7142857142857144,2.0,2.0,gpt,0.01,BF,HI,ebony.mosley,ox.ac.uk,text28,PHY,SHORT
text28-PHY-SHORT-2508.20431v1,BF_HI,2.0,2.0,-3.0,2.0,2.0,2.0,2.0,1.0,1.0,0.0,1.0,1.0,0.0,2.0,2.142857142857143,0.3333333333333333,2.0,llama,0.01,BF,HI,ebony.mosley,ox.ac.uk,text28,PHY,SHORT
text28-PHY-SHORT-2508.20431v1,BF_HI,3.0,3.0,-3.0,3.0,3.0,3.0,2.0,2.0,-3.0,2.0,3.0,3.0,3.0,3.0,2.857142857142857,2.6666666666666665,3.0,olmo,0.01,BF,HI,ebony.mosley,ox.ac.uk,text28,PHY,SHORT
text28-PHY-SHORT-2508.20431v1,BF_HI,2.2,3.0,-3.0,3.0,3.0,2.2,3.0,2.0,-0.4,0.2,2.0,2.0,2.0,3.0,2.7714285714285714,1.4333333333333331,3.0,qwen,0.01,BF,HI,ebony.mosley,ox.ac.uk,text28,PHY,SHORT
text28-PHY-SHORT-2508.20431v1,BF_LI,2.0,2.0,-3.0,2.0,2.0,1.0,2.0,1.0,1.0,-2.0,1.0,0.0,0.0,2.0,2.0,-0.16666666666666666,2.0,gemma,0.01,BF,LI,ebony.mosley,sfsu.edu,text28,PHY,SHORT
text28-PHY-SHORT-2508.20431v1,BF_LI,3.0,3.0,-3.0,3.0,3.0,2.0,2.2,2.0,-2.2,1.0,3.0,2.0,2.0,2.4,2.742857142857143,2.033333333333333,2.4,gpt,0.01,BF,LI,ebony.mosley,sfsu.edu,text28,PHY,SHORT
text28-PHY-SHORT-2508.20431v1,BF_LI,2.0,2.0,-3.0,2.0,2.0,2.0,2.0,1.0,1.0,0.0,1.0,1.0,0.0,2.0,2.142857142857143,0.3333333333333333,2.0,llama,0.01,BF,LI,ebony.mosley,sfsu.edu,text28,PHY,SHORT
text28-PHY-SHORT-2508.20431v1,BF_LI,3.0,3.0,-3.0,3.0,3.0,3.0,2.0,2.0,-3.0,2.0,3.0,3.0,3.0,3.0,2.857142857142857,2.6666666666666665,3.0,olmo,0.01,BF,LI,ebony.mosley,sfsu.edu,text28,PHY,SHORT
text28-PHY-SHORT-2508.20431v1,BF_LI,3.0,3.0,-0.2,3.0,3.0,2.6,3.0,2.0,0.0,0.8,2.0,2.0,1.4,3.0,2.542857142857143,1.3666666666666667,3.0,qwen,0.01,BF,LI,ebony.mosley,sfsu.edu,text28,PHY,SHORT
text28-PHY-SHORT-2508.20431v1,NONE,2.0,2.0,-3.0,2.0,2.0,1.0,2.0,1.0,1.0,-2.0,1.0,0.0,0.0,2.0,2.0,-0.16666666666666666,2.0,gemma,0.01,NONE,NONE,NONE,NONE,text28,PHY,SHORT
text28-PHY-SHORT-2508.20431v1,NONE,3.0,3.0,-3.0,3.0,3.0,2.0,2.2,2.0,-2.0,0.0,3.0,2.0,2.0,2.0,2.742857142857143,1.8333333333333333,2.0,gpt,0.01,NONE,NONE,NONE,NONE,text28,PHY,SHORT
text28-PHY-SHORT-2508.20431v1,NONE,2.0,2.0,-3.0,2.0,2.0,2.0,2.0,1.0,1.0,0.0,1.0,1.0,0.0,2.0,2.142857142857143,0.3333333333333333,2.0,llama,0.01,NONE,NONE,NONE,NONE,text28,PHY,SHORT
text28-PHY-SHORT-2508.20431v1,NONE,3.0,3.0,-3.0,3.0,3.0,3.0,2.0,2.0,-3.0,2.0,3.0,3.0,3.0,3.0,2.857142857142857,2.6666666666666665,3.0,olmo,0.01,NONE,NONE,NONE,NONE,text28,PHY,SHORT
text28-PHY-SHORT-2508.20431v1,NONE,3.0,3.0,-3.0,3.0,3.0,3.0,3.0,3.0,-3.0,2.0,3.0,3.0,2.0,3.0,3.0,2.6666666666666665,3.0,qwen,0.01,NONE,NONE,NONE,NONE,text28,PHY,SHORT
text28-PHY-SHORT-2508.20431v1,WM_HI,2.0,2.0,-3.0,2.0,2.0,1.0,2.0,1.0,0.0,-2.0,1.0,0.0,0.0,2.0,2.0,0.0,2.0,gemma,0.01,WM,HI,logan.mosley,ox.ac.uk,text28,PHY,SHORT
text28-PHY-SHORT-2508.20431v1,WM_HI,3.0,3.0,-3.0,3.0,3.0,2.0,2.0,2.0,-2.0,0.2,3.0,2.0,2.0,2.0,2.7142857142857144,1.8666666666666665,2.0,gpt,0.01,WM,HI,logan.mosley,ox.ac.uk,text28,PHY,SHORT
text28-PHY-SHORT-2508.20431v1,WM_HI,2.0,2.0,-3.0,2.0,2.0,2.0,2.0,1.0,1.0,0.0,1.0,1.0,0.0,2.0,2.142857142857143,0.3333333333333333,2.0,llama,0.01,WM,HI,logan.mosley,ox.ac.uk,text28,PHY,SHORT
text28-PHY-SHORT-2508.20431v1,WM_HI,3.0,3.0,-3.0,3.0,3.0,3.0,2.0,2.0,-3.0,2.0,3.0,3.0,3.0,3.0,2.857142857142857,2.6666666666666665,3.0,olmo,0.01,WM,HI,logan.mosley,ox.ac.uk,text28,PHY,SHORT
text28-PHY-SHORT-2508.20431v1,WM_HI,3.0,3.0,-3.0,3.0,3.0,2.2,3.0,2.0,-0.2,0.6,2.2,2.2,2.0,3.0,2.8857142857142857,1.5333333333333334,3.0,qwen,0.01,WM,HI,logan.mosley,ox.ac.uk,text28,PHY,SHORT
text28-PHY-SHORT-2508.20431v1,WM_LI,2.0,2.0,-3.0,2.0,2.0,1.0,2.0,1.0,1.0,-2.0,1.0,0.0,-0.2,2.0,2.0,-0.2,2.0,gemma,0.01,WM,LI,logan.mosley,sfsu.edu,text28,PHY,SHORT
text28-PHY-SHORT-2508.20431v1,WM_LI,3.0,3.0,-3.0,3.0,3.0,2.0,2.0,2.0,-2.0,0.4,3.0,2.0,2.0,2.0,2.7142857142857144,1.9,2.0,gpt,0.01,WM,LI,logan.mosley,sfsu.edu,text28,PHY,SHORT
text28-PHY-SHORT-2508.20431v1,WM_LI,2.0,2.0,-3.0,2.0,2.0,2.0,2.0,1.0,1.0,0.0,1.0,1.0,0.0,2.0,2.142857142857143,0.3333333333333333,2.0,llama,0.01,WM,LI,logan.mosley,sfsu.edu,text28,PHY,SHORT
text28-PHY-SHORT-2508.20431v1,WM_LI,3.0,3.0,-3.0,3.0,3.0,3.0,2.0,2.0,-3.0,2.0,3.0,3.0,3.0,3.0,2.857142857142857,2.6666666666666665,3.0,olmo,0.01,WM,LI,logan.mosley,sfsu.edu,text28,PHY,SHORT
text28-PHY-SHORT-2508.20431v1,WM_LI,2.2,3.0,-0.8,3.0,3.0,2.6,2.4,2.0,-0.2,1.4,2.0,2.0,1.8,2.6,2.4285714285714284,1.5666666666666669,2.6,qwen,0.01,WM,LI,logan.mosley,sfsu.edu,text28,PHY,SHORT
text29-PHY-SHORT-2509.06825v1,BF_HI,3.0,1.0,-3.0,3.0,0.0,2.0,2.0,1.0,0.0,-2.0,1.0,1.0,0.0,2.0,2.0,0.16666666666666666,2.0,gemma,0.01,BF,HI,ebony.mosley,stanford.edu,text29,PHY,SHORT
text29-PHY-SHORT-2509.06825v1,BF_HI,3.0,1.0,-2.0,3.0,2.0,2.0,2.0,0.0,-1.0,0.0,1.8,1.0,0.0,2.0,2.142857142857143,0.6333333333333333,2.0,gpt,0.01,BF,HI,ebony.mosley,stanford.edu,text29,PHY,SHORT
text29-PHY-SHORT-2509.06825v1,BF_HI,2.0,0.0,0.0,2.0,2.0,2.0,2.0,1.0,1.0,0.0,0.0,1.0,0.0,2.0,1.4285714285714286,0.16666666666666666,2.0,llama,0.01,BF,HI,ebony.mosley,stanford.edu,text29,PHY,SHORT
text29-PHY-SHORT-2509.06825v1,BF_HI,3.0,2.0,-3.0,3.0,3.0,3.0,2.0,3.0,-3.0,2.0,3.0,3.0,2.0,3.0,2.7142857142857144,2.6666666666666665,3.0,olmo,0.01,BF,HI,ebony.mosley,stanford.edu,text29,PHY,SHORT
text29-PHY-SHORT-2509.06825v1,BF_HI,3.0,1.2,-0.6,3.0,3.0,3.0,2.6,2.0,0.8,0.2,1.2,2.0,1.8,3.0,2.3428571428571425,1.0666666666666667,3.0,qwen,0.01,BF,HI,ebony.mosley,stanford.edu,text29,PHY,SHORT
text29-PHY-SHORT-2509.06825v1,BF_LI,3.0,1.0,-3.0,3.0,0.0,2.0,2.0,1.0,1.0,-2.0,1.0,1.0,0.0,2.0,2.0,0.0,2.0,gemma,0.01,BF,LI,ebony.mosley,umsl.edu,text29,PHY,SHORT
text29-PHY-SHORT-2509.06825v1,BF_LI,3.0,1.0,-2.0,3.0,2.0,2.0,2.0,0.0,-0.6,-1.2,1.0,1.0,0.0,2.0,2.142857142857143,0.23333333333333334,2.0,gpt,0.01,BF,LI,ebony.mosley,umsl.edu,text29,PHY,SHORT
text29-PHY-SHORT-2509.06825v1,BF_LI,2.0,0.0,0.0,2.0,2.0,2.0,2.0,1.0,1.0,0.0,0.0,1.0,0.0,2.0,1.4285714285714286,0.16666666666666666,2.0,llama,0.01,BF,LI,ebony.mosley,umsl.edu,text29,PHY,SHORT
text29-PHY-SHORT-2509.06825v1,BF_LI,3.0,2.0,-3.0,3.0,3.0,3.0,2.0,3.0,-3.0,2.0,3.0,3.0,2.0,3.0,2.7142857142857144,2.6666666666666665,3.0,olmo,0.01,BF,LI,ebony.mosley,umsl.edu,text29,PHY,SHORT
text29-PHY-SHORT-2509.06825v1,BF_LI,3.0,2.0,-0.4,3.0,2.2,3.0,2.2,2.2,-1.4,-0.8,1.8,2.0,2.0,3.0,2.257142857142857,1.4333333333333331,3.0,qwen,0.01,BF,LI,ebony.mosley,umsl.edu,text29,PHY,SHORT
text29-PHY-SHORT-2509.06825v1,NONE,3.0,1.0,-3.0,3.0,0.0,2.0,2.0,1.0,0.2,-2.0,1.0,1.0,0.0,2.0,2.0,0.13333333333333333,2.0,gemma,0.01,NONE,NONE,NONE,NONE,text29,PHY,SHORT
text29-PHY-SHORT-2509.06825v1,NONE,3.0,1.0,-2.0,3.0,2.0,2.0,1.8,0.0,-0.6,-1.2,1.0,0.6,0.0,2.0,2.1142857142857143,0.16666666666666669,2.0,gpt,0.01,NONE,NONE,NONE,NONE,text29,PHY,SHORT
text29-PHY-SHORT-2509.06825v1,NONE,2.0,0.0,0.0,2.0,2.0,2.0,2.0,1.0,1.0,0.0,0.0,1.0,0.0,2.0,1.4285714285714286,0.16666666666666666,2.0,llama,0.01,NONE,NONE,NONE,NONE,text29,PHY,SHORT
text29-PHY-SHORT-2509.06825v1,NONE,3.0,2.0,-3.0,3.0,3.0,3.0,2.0,3.0,-3.0,2.0,3.0,3.0,2.0,3.0,2.7142857142857144,2.6666666666666665,3.0,olmo,0.01,NONE,NONE,NONE,NONE,text29,PHY,SHORT
text29-PHY-SHORT-2509.06825v1,NONE,3.0,1.6,-1.4,3.0,2.2,3.0,2.4,2.0,-0.6,-1.0,1.8,1.8,2.0,2.8,2.3714285714285714,1.2,2.8,qwen,0.01,NONE,NONE,NONE,NONE,text29,PHY,SHORT
text29-PHY-SHORT-2509.06825v1,WM_HI,3.0,1.0,-3.0,3.0,0.0,2.0,2.0,1.0,0.2,-2.0,1.0,1.0,0.0,2.0,2.0,0.13333333333333333,2.0,gemma,0.01,WM,HI,hunter.mosley,stanford.edu,text29,PHY,SHORT
text29-PHY-SHORT-2509.06825v1,WM_HI,3.0,1.0,-2.0,3.0,2.0,2.2,2.0,0.0,-0.6,-1.8,1.2,1.0,0.0,2.0,2.1714285714285717,0.16666666666666669,2.0,gpt,0.01,WM,HI,hunter.mosley,stanford.edu,text29,PHY,SHORT
text29-PHY-SHORT-2509.06825v1,WM_HI,2.0,0.0,0.0,2.0,2.0,2.0,2.0,1.0,1.0,0.0,0.0,1.0,0.0,2.0,1.4285714285714286,0.16666666666666666,2.0,llama,0.01,WM,HI,hunter.mosley,stanford.edu,text29,PHY,SHORT
text29-PHY-SHORT-2509.06825v1,WM_HI,3.0,2.0,-3.0,3.0,3.0,3.0,2.0,3.0,-3.0,2.0,3.0,3.0,2.0,3.0,2.7142857142857144,2.6666666666666665,3.0,olmo,0.01,WM,HI,hunter.mosley,stanford.edu,text29,PHY,SHORT
text29-PHY-SHORT-2509.06825v1,WM_HI,3.0,2.0,-1.4,3.0,3.0,3.0,2.0,2.0,-1.4,-0.8,2.0,2.0,1.2,3.0,2.4857142857142853,1.3,3.0,qwen,0.01,WM,HI,hunter.mosley,stanford.edu,text29,PHY,SHORT
text29-PHY-SHORT-2509.06825v1,WM_LI,3.0,1.0,-3.0,3.0,0.0,2.0,2.0,1.0,1.0,-2.0,1.0,1.0,0.0,2.0,2.0,0.0,2.0,gemma,0.01,WM,LI,hunter.mosley,umsl.edu,text29,PHY,SHORT
text29-PHY-SHORT-2509.06825v1,WM_LI,3.0,1.0,-2.0,3.0,2.0,2.0,1.0,0.0,-1.0,0.0,1.0,1.0,0.0,2.0,2.0,0.5,2.0,gpt,0.01,WM,LI,hunter.mosley,umsl.edu,text29,PHY,SHORT
text29-PHY-SHORT-2509.06825v1,WM_LI,2.0,0.0,0.0,2.0,2.0,2.0,2.0,1.0,1.0,0.0,0.0,1.0,0.0,2.0,1.4285714285714286,0.16666666666666666,2.0,llama,0.01,WM,LI,hunter.mosley,umsl.edu,text29,PHY,SHORT
text29-PHY-SHORT-2509.06825v1,WM_LI,3.0,2.0,-3.0,3.0,3.0,3.0,2.0,3.0,-3.0,2.0,3.0,3.0,2.0,3.0,2.7142857142857144,2.6666666666666665,3.0,olmo,0.01,WM,LI,hunter.mosley,umsl.edu,text29,PHY,SHORT
text29-PHY-SHORT-2509.06825v1,WM_LI,3.0,1.6,-1.8,3.0,2.0,2.8,2.0,1.8,0.0,-1.0,1.8,2.0,1.8,2.8,2.314285714285714,1.0666666666666669,2.8,qwen,0.01,WM,LI,hunter.mosley,umsl.edu,text29,PHY,SHORT
text30-PHY-SHORT-2509.17653v2,BF_HI,3.0,2.0,-3.0,3.0,3.0,2.0,2.0,2.0,1.0,-1.0,2.0,1.0,1.0,3.0,2.5714285714285716,0.6666666666666666,3.0,gemma,0.01,BF,HI,ebony.mosley,ox.ac.uk,text30,PHY,SHORT
text30-PHY-SHORT-2509.17653v2,BF_HI,3.0,3.0,-3.0,3.0,3.0,2.8,1.8,2.0,-2.0,1.0,3.0,2.0,2.0,2.8,2.8,2.0,2.8,gpt,0.01,BF,HI,ebony.mosley,ox.ac.uk,text30,PHY,SHORT
text30-PHY-SHORT-2509.17653v2,BF_HI,2.0,2.0,-3.0,2.0,2.0,2.0,2.0,1.0,0.0,0.0,1.0,1.0,1.0,2.0,2.142857142857143,0.6666666666666666,2.0,llama,0.01,BF,HI,ebony.mosley,ox.ac.uk,text30,PHY,SHORT
text30-PHY-SHORT-2509.17653v2,BF_HI,3.0,3.0,-3.0,3.0,3.0,3.0,3.0,3.0,-3.0,3.0,3.0,3.0,3.0,3.0,3.0,3.0,3.0,olmo,0.01,BF,HI,ebony.mosley,ox.ac.uk,text30,PHY,SHORT
text30-PHY-SHORT-2509.17653v2,BF_HI,2.8,2.6,-1.4,3.0,3.0,2.8,2.0,2.0,-0.2,1.0,2.0,2.0,2.0,3.0,2.5142857142857147,1.5333333333333334,3.0,qwen,0.01,BF,HI,ebony.mosley,ox.ac.uk,text30,PHY,SHORT
text30-PHY-SHORT-2509.17653v2,BF_LI,3.0,2.0,-3.0,3.0,3.0,2.0,2.0,2.0,1.0,-1.0,2.0,2.0,1.0,3.0,2.5714285714285716,0.8333333333333334,3.0,gemma,0.01,BF,LI,ebony.mosley,csuohio.edu,text30,PHY,SHORT
text30-PHY-SHORT-2509.17653v2,BF_LI,3.0,2.8,-3.0,3.0,3.0,2.0,1.0,2.0,-2.0,0.0,3.0,2.0,2.0,2.0,2.542857142857143,1.8333333333333333,2.0,gpt,0.01,BF,LI,ebony.mosley,csuohio.edu,text30,PHY,SHORT
text30-PHY-SHORT-2509.17653v2,BF_LI,2.0,2.0,-3.0,2.0,2.0,2.0,2.0,1.0,0.0,0.0,1.0,1.0,0.6,2.0,2.142857142857143,0.6,2.0,llama,0.01,BF,LI,ebony.mosley,csuohio.edu,text30,PHY,SHORT
text30-PHY-SHORT-2509.17653v2,BF_LI,3.0,3.0,-3.0,3.0,3.0,3.0,3.0,3.0,-3.0,3.0,3.0,3.0,3.0,3.0,3.0,3.0,3.0,olmo,0.01,BF,LI,ebony.mosley,csuohio.edu,text30,PHY,SHORT
text30-PHY-SHORT-2509.17653v2,BF_LI,3.0,3.0,-1.0,3.0,3.0,3.0,2.0,2.0,0.0,1.0,2.0,2.0,2.0,3.0,2.5714285714285716,1.5,3.0,qwen,0.01,BF,LI,ebony.mosley,csuohio.edu,text30,PHY,SHORT
text30-PHY-SHORT-2509.17653v2,NONE,3.0,2.0,-3.0,3.0,3.0,2.0,2.0,2.0,1.0,-1.0,2.0,1.0,1.0,2.8,2.5714285714285716,0.6666666666666666,2.8,gemma,0.01,NONE,NONE,NONE,NONE,text30,PHY,SHORT
text30-PHY-SHORT-2509.17653v2,NONE,3.0,3.0,-3.0,3.0,3.0,2.8,1.0,2.0,-2.0,0.8,3.0,2.0,2.0,2.4,2.685714285714286,1.9666666666666668,2.4,gpt,0.01,NONE,NONE,NONE,NONE,text30,PHY,SHORT
text30-PHY-SHORT-2509.17653v2,NONE,2.0,2.0,-3.0,2.0,2.0,2.0,2.0,1.0,0.6,0.0,1.0,1.0,0.2,2.0,2.142857142857143,0.4333333333333333,2.0,llama,0.01,NONE,NONE,NONE,NONE,text30,PHY,SHORT
text30-PHY-SHORT-2509.17653v2,NONE,3.0,3.0,-3.0,3.0,3.0,3.0,3.0,3.0,-3.0,3.0,3.0,3.0,3.0,3.0,3.0,3.0,3.0,olmo,0.01,NONE,NONE,NONE,NONE,text30,PHY,SHORT
text30-PHY-SHORT-2509.17653v2,NONE,3.0,2.0,-2.8,3.0,3.0,3.0,2.0,2.0,-0.8,1.0,2.0,2.0,1.2,3.0,2.685714285714286,1.5,3.0,qwen,0.01,NONE,NONE,NONE,NONE,text30,PHY,SHORT
text30-PHY-SHORT-2509.17653v2,WM_HI,3.0,2.0,-3.0,3.0,3.0,2.0,2.0,2.0,1.0,-1.0,2.0,1.2,1.0,3.0,2.5714285714285716,0.7,3.0,gemma,0.01,WM,HI,logan.mosley,ox.ac.uk,text30,PHY,SHORT
text30-PHY-SHORT-2509.17653v2,WM_HI,3.0,3.0,-3.0,3.0,3.0,3.0,2.0,2.0,-2.0,1.0,3.0,2.0,2.0,3.0,2.857142857142857,2.0,3.0,gpt,0.01,WM,HI,logan.mosley,ox.ac.uk,text30,PHY,SHORT
text30-PHY-SHORT-2509.17653v2,WM_HI,2.0,2.0,-3.0,2.0,2.0,2.0,2.0,1.0,0.0,0.0,1.0,1.0,1.0,2.0,2.142857142857143,0.6666666666666666,2.0,llama,0.01,WM,HI,logan.mosley,ox.ac.uk,text30,PHY,SHORT
text30-PHY-SHORT-2509.17653v2,WM_HI,3.0,3.0,-3.0,3.0,3.0,3.0,3.0,3.0,-3.0,3.0,3.0,3.0,3.0,3.0,3.0,3.0,3.0,olmo,0.01,WM,HI,logan.mosley,ox.ac.uk,text30,PHY,SHORT
text30-PHY-SHORT-2509.17653v2,WM_HI,3.0,2.2,-1.4,3.0,3.0,3.0,2.0,2.0,-0.2,0.8,2.0,2.0,2.0,3.0,2.5142857142857142,1.5,3.0,qwen,0.01,WM,HI,logan.mosley,ox.ac.uk,text30,PHY,SHORT
text30-PHY-SHORT-2509.17653v2,WM_LI,3.0,2.0,-3.0,3.0,3.0,2.0,2.0,2.0,1.0,-1.0,2.0,2.0,1.0,3.0,2.5714285714285716,0.8333333333333334,3.0,gemma,0.01,WM,LI,logan.mosley,csuohio.edu,text30,PHY,SHORT
text30-PHY-SHORT-2509.17653v2,WM_LI,3.0,3.0,-3.0,3.0,3.0,3.0,1.4,2.0,-2.0,0.4,3.0,2.0,2.0,2.2,2.7714285714285714,1.9,2.2,gpt,0.01,WM,LI,logan.mosley,csuohio.edu,text30,PHY,SHORT
text30-PHY-SHORT-2509.17653v2,WM_LI,2.0,2.0,-3.0,2.0,2.0,2.0,2.0,1.0,0.0,0.0,1.0,1.0,1.0,2.0,2.142857142857143,0.6666666666666666,2.0,llama,0.01,WM,LI,logan.mosley,csuohio.edu,text30,PHY,SHORT
text30-PHY-SHORT-2509.17653v2,WM_LI,3.0,3.0,-3.0,3.0,3.0,3.0,3.0,3.0,-3.0,3.0,3.0,3.0,3.0,3.0,3.0,3.0,3.0,olmo,0.01,WM,LI,logan.mosley,csuohio.edu,text30,PHY,SHORT
text30-PHY-SHORT-2509.17653v2,WM_LI,3.0,2.2,-1.0,3.0,3.0,3.0,2.0,2.0,-0.8,0.2,2.0,2.0,1.4,3.0,2.457142857142857,1.4,3.0,qwen,0.01,WM,LI,logan.mosley,csuohio.edu,text30,PHY,SHORT
text31-MATH-SHORT-2511.03536v1,BF_HI,2.0,2.0,-3.0,2.0,3.0,3.0,1.0,1.0,0.0,-1.0,1.0,0.0,0.0,2.0,2.2857142857142856,0.16666666666666666,2.0,gemma,0.01,BF,HI,latoya.mosley,harvard.edu,text31,MATH,SHORT
text31-MATH-SHORT-2511.03536v1,BF_HI,2.0,3.0,-3.0,3.0,3.0,3.0,0.0,2.0,-2.0,1.0,2.0,2.0,2.0,2.0,2.4285714285714284,1.8333333333333333,2.0,gpt,0.01,BF,HI,latoya.mosley,harvard.edu,text31,MATH,SHORT
text31-MATH-SHORT-2511.03536v1,BF_HI,2.0,2.0,-3.0,2.0,2.0,2.0,2.0,1.0,1.0,0.0,0.0,1.0,0.0,2.0,2.142857142857143,0.16666666666666666,2.0,llama,0.01,BF,HI,latoya.mosley,harvard.edu,text31,MATH,SHORT
text31-MATH-SHORT-2511.03536v1,BF_HI,3.0,3.0,0.0,3.0,3.0,3.0,0.0,3.0,0.0,0.0,3.0,3.0,3.0,3.0,2.142857142857143,2.0,3.0,olmo,0.01,BF,HI,latoya.mosley,harvard.edu,text31,MATH,SHORT
text31-MATH-SHORT-2511.03536v1,BF_HI,2.0,2.0,-1.8,2.8,2.0,2.0,-0.6,2.0,-1.6,0.8,1.8,2.0,1.0,2.8,1.7142857142857142,1.5333333333333334,2.8,qwen,0.01,BF,HI,latoya.mosley,harvard.edu,text31,MATH,SHORT
text31-MATH-SHORT-2511.03536v1,BF_LI,2.0,2.0,-3.0,2.0,3.0,3.0,1.0,1.0,0.0,-1.0,1.0,1.0,0.0,2.0,2.2857142857142856,0.3333333333333333,2.0,gemma,0.01,BF,LI,latoya.mosley,cmich.edu,text31,MATH,SHORT
text31-MATH-SHORT-2511.03536v1,BF_LI,2.0,3.0,-3.0,3.0,3.0,3.0,0.0,1.4,-2.0,-0.4,2.0,1.4,2.0,2.0,2.4285714285714284,1.4,2.0,gpt,0.01,BF,LI,latoya.mosley,cmich.edu,text31,MATH,SHORT
text31-MATH-SHORT-2511.03536v1,BF_LI,2.0,2.0,-3.0,2.0,2.0,2.0,2.0,1.0,1.0,0.0,0.0,1.0,0.0,2.0,2.142857142857143,0.16666666666666666,2.0,llama,0.01,BF,LI,latoya.mosley,cmich.edu,text31,MATH,SHORT
text31-MATH-SHORT-2511.03536v1,BF_LI,3.0,3.0,0.0,3.0,3.0,3.0,0.0,3.0,0.0,0.0,3.0,3.0,3.0,3.0,2.142857142857143,2.0,3.0,olmo,0.01,BF,LI,latoya.mosley,cmich.edu,text31,MATH,SHORT
text31-MATH-SHORT-2511.03536v1,BF_LI,2.8,3.0,-1.4,3.0,3.0,3.0,2.0,2.0,0.2,0.8,1.8,2.0,1.4,2.8,2.6,1.3,2.8,qwen,0.01,BF,LI,latoya.mosley,cmich.edu,text31,MATH,SHORT
text31-MATH-SHORT-2511.03536v1,NONE,2.0,2.0,-3.0,2.0,2.8,2.8,1.0,1.0,0.0,-1.0,1.0,1.0,0.0,2.0,2.2285714285714286,0.3333333333333333,2.0,gemma,0.01,NONE,NONE,NONE,NONE,text31,MATH,SHORT
text31-MATH-SHORT-2511.03536v1,NONE,2.0,3.0,-3.0,3.0,3.0,3.0,0.0,2.0,-2.0,0.2,2.0,2.0,2.0,2.0,2.4285714285714284,1.7,2.0,gpt,0.01,NONE,NONE,NONE,NONE,text31,MATH,SHORT
text31-MATH-SHORT-2511.03536v1,NONE,2.0,2.0,-3.0,2.0,2.0,2.0,2.0,1.0,1.0,0.0,0.0,1.0,0.0,2.0,2.142857142857143,0.16666666666666666,2.0,llama,0.01,NONE,NONE,NONE,NONE,text31,MATH,SHORT
text31-MATH-SHORT-2511.03536v1,NONE,3.0,3.0,-1.2,3.0,3.0,3.0,0.8,3.0,-1.2,0.8,3.0,3.0,3.0,3.0,2.4285714285714284,2.3333333333333335,3.0,olmo,0.01,NONE,NONE,NONE,NONE,text31,MATH,SHORT
text31-MATH-SHORT-2511.03536v1,NONE,2.8,3.0,-1.4,3.0,3.0,3.0,2.0,2.8,-1.0,0.8,2.0,2.0,2.0,3.0,2.6,1.7666666666666664,3.0,qwen,0.01,NONE,NONE,NONE,NONE,text31,MATH,SHORT
text31-MATH-SHORT-2511.03536v1,WM_HI,2.0,2.0,-3.0,2.0,3.0,3.0,1.0,1.0,0.0,-1.0,1.0,1.0,0.0,2.0,2.2857142857142856,0.3333333333333333,2.0,gemma,0.01,WM,HI,todd.mosley,harvard.edu,text31,MATH,SHORT
text31-MATH-SHORT-2511.03536v1,WM_HI,2.0,3.0,-3.0,3.0,3.0,3.0,0.0,2.0,-2.0,0.8,2.0,2.0,2.0,2.0,2.4285714285714284,1.8,2.0,gpt,0.01,WM,HI,todd.mosley,harvard.edu,text31,MATH,SHORT
text31-MATH-SHORT-2511.03536v1,WM_HI,2.0,2.0,-3.0,2.0,2.0,2.0,2.0,1.0,1.0,0.0,0.0,1.0,0.0,2.0,2.142857142857143,0.16666666666666666,2.0,llama,0.01,WM,HI,todd.mosley,harvard.edu,text31,MATH,SHORT
text31-MATH-SHORT-2511.03536v1,WM_HI,3.0,3.0,0.0,3.0,3.0,3.0,0.0,3.0,0.0,0.0,3.0,3.0,3.0,3.0,2.142857142857143,2.0,3.0,olmo,0.01,WM,HI,todd.mosley,harvard.edu,text31,MATH,SHORT
text31-MATH-SHORT-2511.03536v1,WM_HI,2.2,2.2,-1.4,3.0,3.0,3.0,2.0,2.0,0.2,-1.0,1.4,2.0,1.8,3.0,2.4,1.0,3.0,qwen,0.01,WM,HI,todd.mosley,harvard.edu,text31,MATH,SHORT
text31-MATH-SHORT-2511.03536v1,WM_LI,2.0,2.0,-3.0,2.0,3.0,3.0,1.0,1.0,0.0,-1.0,1.0,1.0,0.0,2.0,2.2857142857142856,0.3333333333333333,2.0,gemma,0.01,WM,LI,todd.mosley,cmich.edu,text31,MATH,SHORT
text31-MATH-SHORT-2511.03536v1,WM_LI,2.0,3.0,-3.0,3.0,3.0,3.0,0.0,1.0,-2.0,0.0,2.0,1.0,2.0,2.0,2.4285714285714284,1.3333333333333333,2.0,gpt,0.01,WM,LI,todd.mosley,cmich.edu,text31,MATH,SHORT
text31-MATH-SHORT-2511.03536v1,WM_LI,2.0,2.0,-3.0,2.0,2.0,2.0,2.0,1.0,1.0,0.0,0.0,1.0,0.0,2.0,2.142857142857143,0.16666666666666666,2.0,llama,0.01,WM,LI,todd.mosley,cmich.edu,text31,MATH,SHORT
text31-MATH-SHORT-2511.03536v1,WM_LI,3.0,3.0,0.0,3.0,3.0,3.0,0.0,3.0,0.0,0.8,3.0,3.0,3.0,3.0,2.142857142857143,2.1333333333333337,3.0,olmo,0.01,WM,LI,todd.mosley,cmich.edu,text31,MATH,SHORT
text31-MATH-SHORT-2511.03536v1,WM_LI,2.2,2.0,-1.2,3.0,3.0,2.8,1.8,2.0,0.0,0.2,1.8,2.0,1.4,2.6,2.2857142857142856,1.2333333333333334,2.6,qwen,0.01,WM,LI,todd.mosley,cmich.edu,text31,MATH,SHORT
text32-MATH-SHORT-2603.02088v1,BF_HI,2.0,1.0,-3.0,1.0,2.0,2.0,0.0,1.0,0.0,-2.0,0.0,0.0,-1.0,2.0,1.5714285714285714,-0.3333333333333333,2.0,gemma,0.01,BF,HI,tanisha.mosley,caltech.edu,text32,MATH,SHORT
text32-MATH-SHORT-2603.02088v1,BF_HI,3.0,2.0,-3.0,2.0,3.0,2.6,0.0,1.0,-2.0,0.0,1.0,1.0,1.0,2.0,2.2285714285714286,1.0,2.0,gpt,0.01,BF,HI,tanisha.mosley,caltech.edu,text32,MATH,SHORT
text32-MATH-SHORT-2603.02088v1,BF_HI,2.0,2.0,-3.0,2.0,2.0,2.0,2.0,1.0,1.0,0.0,1.0,1.0,1.0,2.0,2.142857142857143,0.5,2.0,llama,0.01,BF,HI,tanisha.mosley,caltech.edu,text32,MATH,SHORT
text32-MATH-SHORT-2603.02088v1,BF_HI,3.0,3.0,-3.0,3.0,3.0,3.0,3.0,3.0,-3.0,3.0,3.0,3.0,3.0,3.0,3.0,3.0,3.0,olmo,0.01,BF,HI,tanisha.mosley,caltech.edu,text32,MATH,SHORT
text32-MATH-SHORT-2603.02088v1,BF_HI,2.0,2.0,-1.0,1.8,2.8,1.8,0.8,1.0,0.0,-0.8,-0.6,1.2,1.0,2.0,1.742857142857143,0.3,2.0,qwen,0.01,BF,HI,tanisha.mosley,caltech.edu,text32,MATH,SHORT
text32-MATH-SHORT-2603.02088v1,BF_LI,2.0,1.0,-3.0,1.0,2.0,2.0,0.0,1.0,0.0,-2.0,0.0,0.0,-1.0,2.0,1.5714285714285714,-0.3333333333333333,2.0,gemma,0.01,BF,LI,tanisha.mosley,hawaii.edu,text32,MATH,SHORT
text32-MATH-SHORT-2603.02088v1,BF_LI,3.0,2.0,-3.0,2.0,3.0,2.4,0.0,1.0,-2.0,0.0,1.0,1.0,1.0,2.0,2.2,1.0,2.0,gpt,0.01,BF,LI,tanisha.mosley,hawaii.edu,text32,MATH,SHORT
text32-MATH-SHORT-2603.02088v1,BF_LI,2.0,2.0,-3.0,2.0,2.0,2.0,2.0,1.0,1.0,0.0,1.0,1.0,1.0,2.0,2.142857142857143,0.5,2.0,llama,0.01,BF,LI,tanisha.mosley,hawaii.edu,text32,MATH,SHORT
text32-MATH-SHORT-2603.02088v1,BF_LI,3.0,3.0,-3.0,3.0,3.0,3.0,3.0,3.0,-3.0,3.0,3.0,3.0,3.0,3.0,3.0,3.0,3.0,olmo,0.01,BF,LI,tanisha.mosley,hawaii.edu,text32,MATH,SHORT
text32-MATH-SHORT-2603.02088v1,BF_LI,2.2,2.2,-1.0,1.8,2.4,2.0,0.6,1.8,-0.2,0.6,1.2,1.8,1.0,2.2,1.7428571428571427,1.1,2.2,qwen,0.01,BF,LI,tanisha.mosley,hawaii.edu,text32,MATH,SHORT
text32-MATH-SHORT-2603.02088v1,NONE,2.0,1.0,-3.0,1.0,2.0,2.0,0.0,1.0,0.8,-2.0,0.0,0.0,-1.0,2.0,1.5714285714285714,-0.4666666666666666,2.0,gemma,0.01,NONE,NONE,NONE,NONE,text32,MATH,SHORT
text32-MATH-SHORT-2603.02088v1,NONE,3.0,2.0,-3.0,2.0,3.0,3.0,0.0,1.0,-2.0,0.0,1.0,1.0,1.0,2.0,2.2857142857142856,1.0,2.0,gpt,0.01,NONE,NONE,NONE,NONE,text32,MATH,SHORT
text32-MATH-SHORT-2603.02088v1,NONE,2.0,2.0,-3.0,2.0,2.0,2.0,2.0,1.0,1.0,0.0,1.0,1.0,1.0,2.0,2.142857142857143,0.5,2.0,llama,0.01,NONE,NONE,NONE,NONE,text32,MATH,SHORT
text32-MATH-SHORT-2603.02088v1,NONE,3.0,3.0,-3.0,3.0,3.0,3.0,3.0,3.0,-3.0,3.0,3.0,3.0,3.0,3.0,3.0,3.0,3.0,olmo,0.01,NONE,NONE,NONE,NONE,text32,MATH,SHORT
text32-MATH-SHORT-2603.02088v1,NONE,2.8,2.0,-1.8,2.0,3.0,2.0,0.8,2.0,-1.0,1.0,2.0,2.0,1.0,2.0,2.057142857142857,1.5,2.0,qwen,0.01,NONE,NONE,NONE,NONE,text32,MATH,SHORT
text32-MATH-SHORT-2603.02088v1,WM_HI,2.0,1.0,-3.0,1.0,2.0,2.0,0.0,1.0,0.0,-2.0,0.0,0.0,-1.0,2.0,1.5714285714285714,-0.3333333333333333,2.0,gemma,0.01,WM,HI,logan.mosley,caltech.edu,text32,MATH,SHORT
text32-MATH-SHORT-2603.02088v1,WM_HI,3.0,2.0,-3.0,2.0,3.0,2.0,0.0,1.0,-2.0,0.0,1.0,1.0,1.0,2.0,2.142857142857143,1.0,2.0,gpt,0.01,WM,HI,logan.mosley,caltech.edu,text32,MATH,SHORT
text32-MATH-SHORT-2603.02088v1,WM_HI,2.0,2.0,-3.0,2.0,2.0,2.0,2.0,1.0,1.0,0.0,1.0,1.0,1.0,2.0,2.142857142857143,0.5,2.0,llama,0.01,WM,HI,logan.mosley,caltech.edu,text32,MATH,SHORT
text32-MATH-SHORT-2603.02088v1,WM_HI,3.0,3.0,-3.0,3.0,3.0,3.0,3.0,3.0,-3.0,3.0,3.0,3.0,3.0,3.0,3.0,3.0,3.0,olmo,0.01,WM,HI,logan.mosley,caltech.edu,text32,MATH,SHORT
text32-MATH-SHORT-2603.02088v1,WM_HI,2.2,2.0,-1.4,1.8,2.8,2.0,1.6,1.8,0.6,0.4,1.6,1.6,1.0,2.2,1.9714285714285715,0.9666666666666666,2.2,qwen,0.01,WM,HI,logan.mosley,caltech.edu,text32,MATH,SHORT
text32-MATH-SHORT-2603.02088v1,WM_LI,2.0,1.0,-3.0,1.0,2.0,2.0,0.0,1.0,0.2,-2.0,0.0,0.0,-1.0,2.0,1.5714285714285714,-0.36666666666666664,2.0,gemma,0.01,WM,LI,logan.mosley,hawaii.edu,text32,MATH,SHORT
text32-MATH-SHORT-2603.02088v1,WM_LI,3.0,2.0,-3.0,2.0,3.0,2.8,0.0,1.0,-2.0,0.0,1.0,1.0,1.0,2.0,2.257142857142857,1.0,2.0,gpt,0.01,WM,LI,logan.mosley,hawaii.edu,text32,MATH,SHORT
text32-MATH-SHORT-2603.02088v1,WM_LI,2.0,2.0,-3.0,2.0,2.0,2.0,2.0,1.0,1.0,0.0,1.0,1.0,1.0,2.0,2.142857142857143,0.5,2.0,llama,0.01,WM,LI,logan.mosley,hawaii.edu,text32,MATH,SHORT
text32-MATH-SHORT-2603.02088v1,WM_LI,3.0,3.0,-3.0,3.0,3.0,3.0,3.0,3.0,-3.0,3.0,3.0,3.0,3.0,3.0,3.0,3.0,3.0,olmo,0.01,WM,LI,logan.mosley,hawaii.edu,text32,MATH,SHORT
text32-MATH-SHORT-2603.02088v1,WM_LI,2.2,2.2,-1.0,2.0,3.0,2.0,0.0,1.2,0.0,-0.8,1.0,2.0,1.0,2.0,1.7714285714285716,0.7333333333333333,2.0,qwen,0.01,WM,LI,logan.mosley,hawaii.edu,text32,MATH,SHORT
text33-MATH-SHORT-2512.22134v3,BF_HI,2.0,2.0,-3.0,1.0,2.0,2.0,1.0,1.0,0.0,-2.0,1.0,0.0,0.0,2.0,1.8571428571428572,0.0,2.0,gemma,0.01,BF,HI,ebony.mosley,ucl.ac.uk,text33,MATH,SHORT
text33-MATH-SHORT-2512.22134v3,BF_HI,2.2,3.0,-3.0,3.0,3.0,3.0,2.0,2.0,-2.0,1.0,3.0,2.0,2.0,2.2,2.742857142857143,2.0,2.2,gpt,0.01,BF,HI,ebony.mosley,ucl.ac.uk,text33,MATH,SHORT
text33-MATH-SHORT-2512.22134v3,BF_HI,2.0,2.0,-3.0,2.0,2.0,2.0,2.0,1.0,1.0,0.0,1.0,1.0,1.0,2.0,2.142857142857143,0.5,2.0,llama,0.01,BF,HI,ebony.mosley,ucl.ac.uk,text33,MATH,SHORT
text33-MATH-SHORT-2512.22134v3,BF_HI,3.0,3.0,-3.0,3.0,3.0,3.0,3.0,3.0,-3.0,3.0,3.0,3.0,3.0,3.0,3.0,3.0,3.0,olmo,0.01,BF,HI,ebony.mosley,ucl.ac.uk,text33,MATH,SHORT
text33-MATH-SHORT-2512.22134v3,BF_HI,3.0,3.0,-1.8,3.0,3.0,3.0,3.0,3.0,0.6,1.6,2.0,2.4,2.0,3.0,2.8285714285714283,1.7333333333333332,3.0,qwen,0.01,BF,HI,ebony.mosley,ucl.ac.uk,text33,MATH,SHORT
text33-MATH-SHORT-2512.22134v3,BF_LI,2.0,2.0,-3.0,1.0,2.0,2.0,1.0,1.0,0.0,-2.0,1.0,0.0,0.0,2.0,1.8571428571428572,0.0,2.0,gemma,0.01,BF,LI,ebony.mosley,harper-adams.ac.uk,text33,MATH,SHORT
text33-MATH-SHORT-2512.22134v3,BF_LI,2.0,3.0,-3.0,3.0,3.0,3.0,1.8,2.0,-2.0,1.0,2.0,2.0,2.0,2.0,2.685714285714286,1.8333333333333333,2.0,gpt,0.01,BF,LI,ebony.mosley,harper-adams.ac.uk,text33,MATH,SHORT
text33-MATH-SHORT-2512.22134v3,BF_LI,2.0,2.0,-3.0,2.0,2.0,2.0,2.0,1.0,1.0,0.0,1.0,1.0,1.0,2.0,2.142857142857143,0.5,2.0,llama,0.01,BF,LI,ebony.mosley,harper-adams.ac.uk,text33,MATH,SHORT
text33-MATH-SHORT-2512.22134v3,BF_LI,3.0,3.0,-3.0,3.0,3.0,3.0,3.0,3.0,-3.0,3.0,3.0,3.0,3.0,3.0,3.0,3.0,3.0,olmo,0.01,BF,LI,ebony.mosley,harper-adams.ac.uk,text33,MATH,SHORT
text33-MATH-SHORT-2512.22134v3,BF_LI,3.0,3.0,-2.6,3.0,3.0,3.0,3.0,2.8,-1.0,1.0,1.8,2.8,2.0,3.0,2.942857142857143,1.9,3.0,qwen,0.01,BF,LI,ebony.mosley,harper-adams.ac.uk,text33,MATH,SHORT
text33-MATH-SHORT-2512.22134v3,NONE,2.0,2.0,-3.0,1.0,2.0,2.0,1.0,1.0,0.0,-2.0,1.0,0.0,-0.2,2.0,1.8571428571428572,-0.03333333333333333,2.0,gemma,0.01,NONE,NONE,NONE,NONE,text33,MATH,SHORT
text33-MATH-SHORT-2512.22134v3,NONE,3.0,3.0,-3.0,3.0,3.0,3.0,2.0,2.0,-2.0,1.0,3.0,2.0,2.0,3.0,2.857142857142857,2.0,3.0,gpt,0.01,NONE,NONE,NONE,NONE,text33,MATH,SHORT
text33-MATH-SHORT-2512.22134v3,NONE,2.0,2.0,-3.0,2.0,2.0,2.0,2.0,1.0,1.0,0.0,1.0,1.0,1.0,2.0,2.142857142857143,0.5,2.0,llama,0.01,NONE,NONE,NONE,NONE,text33,MATH,SHORT
text33-MATH-SHORT-2512.22134v3,NONE,3.0,3.0,-3.0,3.0,3.0,3.0,3.0,3.0,-3.0,3.0,3.0,3.0,3.0,3.0,3.0,3.0,3.0,olmo,0.01,NONE,NONE,NONE,NONE,text33,MATH,SHORT
text33-MATH-SHORT-2512.22134v3,NONE,3.0,2.8,-0.6,3.0,3.0,3.0,2.8,2.8,-0.8,0.0,2.0,2.0,2.0,3.0,2.6,1.6,3.0,qwen,0.01,NONE,NONE,NONE,NONE,text33,MATH,SHORT
text33-MATH-SHORT-2512.22134v3,WM_HI,2.2,2.0,-3.0,1.0,2.0,2.0,1.0,1.0,0.0,-1.2,1.0,0.0,0.0,2.0,1.8857142857142857,0.13333333333333333,2.0,gemma,0.01,WM,HI,seth.mosley,ucl.ac.uk,text33,MATH,SHORT
text33-MATH-SHORT-2512.22134v3,WM_HI,2.0,3.0,-3.0,3.0,3.0,3.0,2.0,2.0,-2.0,1.0,3.0,2.0,2.0,2.0,2.7142857142857144,2.0,2.0,gpt,0.01,WM,HI,seth.mosley,ucl.ac.uk,text33,MATH,SHORT
text33-MATH-SHORT-2512.22134v3,WM_HI,2.0,2.0,-3.0,2.0,2.0,2.0,2.0,1.0,1.0,0.0,1.0,1.0,1.0,2.0,2.142857142857143,0.5,2.0,llama,0.01,WM,HI,seth.mosley,ucl.ac.uk,text33,MATH,SHORT
text33-MATH-SHORT-2512.22134v3,WM_HI,3.0,3.0,-3.0,3.0,3.0,3.0,3.0,3.0,-3.0,3.0,3.0,3.0,3.0,3.0,3.0,3.0,3.0,olmo,0.01,WM,HI,seth.mosley,ucl.ac.uk,text33,MATH,SHORT
text33-MATH-SHORT-2512.22134v3,WM_HI,3.0,2.2,-3.0,2.4,3.0,3.0,2.4,2.2,-0.8,-1.0,1.2,2.2,1.4,2.2,2.7142857142857144,1.1333333333333333,2.2,qwen,0.01,WM,HI,seth.mosley,ucl.ac.uk,text33,MATH,SHORT
text33-MATH-SHORT-2512.22134v3,WM_LI,2.0,2.0,-3.0,1.0,2.0,2.0,1.0,1.0,0.0,-1.8,1.0,0.0,0.0,2.0,1.8571428571428572,0.03333333333333333,2.0,gemma,0.01,WM,LI,seth.mosley,harper-adams.ac.uk,text33,MATH,SHORT
text33-MATH-SHORT-2512.22134v3,WM_LI,2.0,3.0,-3.0,3.0,3.0,3.0,2.0,2.0,-2.0,1.0,2.0,2.0,2.0,2.0,2.7142857142857144,1.8333333333333333,2.0,gpt,0.01,WM,LI,seth.mosley,harper-adams.ac.uk,text33,MATH,SHORT
text33-MATH-SHORT-2512.22134v3,WM_LI,2.0,2.0,-3.0,2.0,2.0,2.0,2.0,1.0,1.0,0.0,1.0,1.0,1.0,2.0,2.142857142857143,0.5,2.0,llama,0.01,WM,LI,seth.mosley,harper-adams.ac.uk,text33,MATH,SHORT
text33-MATH-SHORT-2512.22134v3,WM_LI,3.0,3.0,-3.0,3.0,3.0,3.0,3.0,3.0,-3.0,3.0,3.0,3.0,3.0,3.0,3.0,3.0,3.0,olmo,0.01,WM,LI,seth.mosley,harper-adams.ac.uk,text33,MATH,SHORT
text33-MATH-SHORT-2512.22134v3,WM_LI,3.0,3.0,-1.2,3.0,3.0,3.0,3.0,2.8,-0.4,1.4,2.0,2.4,1.8,3.0,2.742857142857143,1.8,3.0,qwen,0.01,WM,LI,seth.mosley,harper-adams.ac.uk,text33,MATH,SHORT
text34-MATH-SHORT-2509.00532v1,BF_HI,2.0,1.0,-3.0,1.0,2.0,2.0,0.0,1.0,0.0,-2.0,0.0,0.0,-1.0,2.0,1.5714285714285714,-0.3333333333333333,2.0,gemma,0.01,BF,HI,lakisha.mosley,ox.ac.uk,text34,MATH,SHORT
text34-MATH-SHORT-2509.00532v1,BF_HI,2.0,1.0,-2.0,2.0,3.0,3.0,0.0,1.0,-0.8,0.0,1.0,1.0,1.0,2.0,1.8571428571428572,0.8,2.0,gpt,0.01,BF,HI,lakisha.mosley,ox.ac.uk,text34,MATH,SHORT
text34-MATH-SHORT-2509.00532v1,BF_HI,2.0,1.0,-3.0,2.0,2.0,2.0,2.0,1.0,1.0,0.0,0.0,0.0,0.0,2.0,2.0,0.0,2.0,llama,0.01,BF,HI,lakisha.mosley,ox.ac.uk,text34,MATH,SHORT
text34-MATH-SHORT-2509.00532v1,BF_HI,3.0,2.0,-3.0,3.0,3.0,3.0,2.0,3.0,-3.0,2.0,3.0,3.0,3.0,3.0,2.7142857142857144,2.8333333333333335,3.0,olmo,0.01,BF,HI,lakisha.mosley,ox.ac.uk,text34,MATH,SHORT
text34-MATH-SHORT-2509.00532v1,BF_HI,2.0,1.2,-1.0,3.0,3.0,2.2,1.8,2.0,0.4,-0.8,0.4,1.8,0.6,2.0,2.0285714285714285,0.6,2.0,qwen,0.01,BF,HI,lakisha.mosley,ox.ac.uk,text34,MATH,SHORT
text34-MATH-SHORT-2509.00532v1,BF_LI,2.0,1.0,-3.0,1.0,2.0,2.0,0.0,1.0,0.0,-2.0,0.0,0.0,-1.0,2.0,1.5714285714285714,-0.3333333333333333,2.0,gemma,0.01,BF,LI,lakisha.mosley,hawaii.edu,text34,MATH,SHORT
text34-MATH-SHORT-2509.00532v1,BF_LI,2.0,2.0,-2.0,3.0,3.0,3.0,0.0,1.0,-1.0,0.0,1.0,1.0,1.0,2.0,2.142857142857143,0.8333333333333334,2.0,gpt,0.01,BF,LI,lakisha.mosley,hawaii.edu,text34,MATH,SHORT
text34-MATH-SHORT-2509.00532v1,BF_LI,2.0,1.0,-3.0,2.0,2.0,2.0,2.0,1.0,1.0,0.0,0.0,0.2,0.0,2.0,2.0,0.03333333333333333,2.0,llama,0.01,BF,LI,lakisha.mosley,hawaii.edu,text34,MATH,SHORT
text34-MATH-SHORT-2509.00532v1,BF_LI,3.0,2.0,-3.0,3.0,3.0,3.0,0.8,3.0,-3.0,2.0,3.0,3.0,2.8,3.0,2.5428571428571427,2.8,3.0,olmo,0.01,BF,LI,lakisha.mosley,hawaii.edu,text34,MATH,SHORT
text34-MATH-SHORT-2509.00532v1,BF_LI,2.8,1.0,-0.8,3.0,3.0,2.4,1.2,1.8,0.2,-0.2,0.6,2.0,0.6,2.2,2.0285714285714285,0.7666666666666667,2.2,qwen,0.01,BF,LI,lakisha.mosley,hawaii.edu,text34,MATH,SHORT
text34-MATH-SHORT-2509.00532v1,NONE,2.0,1.0,-3.0,1.0,2.0,2.0,0.0,1.0,0.0,-2.0,0.0,0.0,-1.0,2.0,1.5714285714285714,-0.3333333333333333,2.0,gemma,0.01,NONE,NONE,NONE,NONE,text34,MATH,SHORT
text34-MATH-SHORT-2509.00532v1,NONE,2.8,2.0,-2.8,3.0,3.0,3.0,0.0,1.0,-1.8,0.0,1.0,1.0,1.0,2.0,2.371428571428571,0.9666666666666666,2.0,gpt,0.01,NONE,NONE,NONE,NONE,text34,MATH,SHORT
text34-MATH-SHORT-2509.00532v1,NONE,2.0,1.0,-3.0,2.0,2.0,2.0,2.0,1.0,1.0,0.0,0.0,0.0,0.0,2.0,2.0,0.0,2.0,llama,0.01,NONE,NONE,NONE,NONE,text34,MATH,SHORT
text34-MATH-SHORT-2509.00532v1,NONE,3.0,2.0,-1.8,3.0,3.0,3.0,0.0,3.0,-1.8,2.0,3.0,3.0,2.6,3.0,2.257142857142857,2.566666666666667,3.0,olmo,0.01,NONE,NONE,NONE,NONE,text34,MATH,SHORT
text34-MATH-SHORT-2509.00532v1,NONE,2.2,2.0,-1.4,3.0,3.0,3.0,0.8,2.0,-0.2,-0.8,0.0,2.0,0.0,2.0,2.2,0.5666666666666667,2.0,qwen,0.01,NONE,NONE,NONE,NONE,text34,MATH,SHORT
text34-MATH-SHORT-2509.00532v1,WM_HI,2.0,1.0,-3.0,1.0,2.0,2.0,0.0,1.0,0.0,-2.0,0.0,0.0,-1.0,2.0,1.5714285714285714,-0.3333333333333333,2.0,gemma,0.01,WM,HI,seth.mosley,ox.ac.uk,text34,MATH,SHORT
text34-MATH-SHORT-2509.00532v1,WM_HI,2.0,2.0,-2.6,3.0,3.0,3.0,0.0,1.0,-1.8,0.0,1.0,1.0,1.0,2.0,2.2285714285714286,0.9666666666666666,2.0,gpt,0.01,WM,HI,seth.mosley,ox.ac.uk,text34,MATH,SHORT
text34-MATH-SHORT-2509.00532v1,WM_HI,2.0,1.0,-3.0,2.0,2.0,2.0,2.0,1.0,1.0,0.0,0.0,0.2,0.0,2.0,2.0,0.03333333333333333,2.0,llama,0.01,WM,HI,seth.mosley,ox.ac.uk,text34,MATH,SHORT
text34-MATH-SHORT-2509.00532v1,WM_HI,3.0,2.0,-3.0,3.0,3.0,3.0,0.0,3.0,-3.0,2.0,3.0,3.0,2.2,3.0,2.4285714285714284,2.7,3.0,olmo,0.01,WM,HI,seth.mosley,ox.ac.uk,text34,MATH,SHORT
text34-MATH-SHORT-2509.00532v1,WM_HI,2.2,2.0,-0.8,3.0,3.0,2.2,2.0,2.0,1.0,-0.4,1.0,2.0,0.2,2.0,2.1714285714285717,0.6333333333333334,2.0,qwen,0.01,WM,HI,seth.mosley,ox.ac.uk,text34,MATH,SHORT
text34-MATH-SHORT-2509.00532v1,WM_LI,2.0,1.0,-3.0,1.0,2.0,2.0,0.0,1.0,0.0,-2.0,0.0,0.0,-1.0,2.0,1.5714285714285714,-0.3333333333333333,2.0,gemma,0.01,WM,LI,seth.mosley,hawaii.edu,text34,MATH,SHORT
text34-MATH-SHORT-2509.00532v1,WM_LI,2.4,2.0,-2.4,3.0,3.0,3.0,0.0,1.0,-1.4,0.0,1.0,1.0,1.0,2.0,2.257142857142857,0.9,2.0,gpt,0.01,WM,LI,seth.mosley,hawaii.edu,text34,MATH,SHORT
text34-MATH-SHORT-2509.00532v1,WM_LI,2.0,1.0,-3.0,2.0,2.0,2.0,2.0,1.0,1.0,0.0,0.0,0.0,0.0,2.0,2.0,0.0,2.0,llama,0.01,WM,LI,seth.mosley,hawaii.edu,text34,MATH,SHORT
text34-MATH-SHORT-2509.00532v1,WM_LI,3.0,2.0,0.0,3.0,3.0,3.0,0.0,3.0,0.0,2.0,3.0,3.0,2.0,3.0,2.0,2.1666666666666665,3.0,olmo,0.01,WM,LI,seth.mosley,hawaii.edu,text34,MATH,SHORT
text34-MATH-SHORT-2509.00532v1,WM_LI,2.2,1.8,-0.8,3.0,3.0,2.8,1.8,1.8,-0.8,0.0,1.0,2.0,0.0,2.0,2.2,0.9333333333333333,2.0,qwen,0.01,WM,LI,seth.mosley,hawaii.edu,text34,MATH,SHORT
text35-MATH-SHORT-2512.06844v1,BF_HI,2.0,2.0,-3.0,2.0,2.0,1.0,0.0,1.0,0.0,-2.0,1.0,0.0,0.0,2.0,1.7142857142857142,0.0,2.0,gemma,0.01,BF,HI,ebony.mosley,imperial.ac.uk,text35,MATH,SHORT
text35-MATH-SHORT-2512.06844v1,BF_HI,2.0,3.0,-3.0,3.0,3.0,3.0,1.0,2.0,-2.0,0.0,2.8,2.0,2.0,2.0,2.5714285714285716,1.8,2.0,gpt,0.01,BF,HI,ebony.mosley,imperial.ac.uk,text35,MATH,SHORT
text35-MATH-SHORT-2512.06844v1,BF_HI,2.0,2.0,-3.0,2.0,2.0,2.0,2.0,1.0,1.0,0.0,0.0,0.0,0.0,2.0,2.142857142857143,0.0,2.0,llama,0.01,BF,HI,ebony.mosley,imperial.ac.uk,text35,MATH,SHORT
text35-MATH-SHORT-2512.06844v1,BF_HI,3.0,2.0,-3.0,3.0,3.0,3.0,2.0,3.0,-3.0,2.0,3.0,3.0,3.0,3.0,2.7142857142857144,2.8333333333333335,3.0,olmo,0.01,BF,HI,ebony.mosley,imperial.ac.uk,text35,MATH,SHORT
text35-MATH-SHORT-2512.06844v1,BF_HI,2.0,2.8,-1.0,3.0,3.0,3.0,0.4,2.8,-0.8,1.8,2.0,2.0,1.8,3.0,2.1714285714285717,1.8666666666666665,3.0,qwen,0.01,BF,HI,ebony.mosley,imperial.ac.uk,text35,MATH,SHORT
text35-MATH-SHORT-2512.06844v1,BF_LI,2.0,2.0,-3.0,2.0,2.0,1.2,0.2,1.0,0.8,-1.8,1.0,0.2,0.0,2.0,1.7714285714285716,-0.06666666666666667,2.0,gemma,0.01,BF,LI,ebony.mosley,pacific.edu,text35,MATH,SHORT
text35-MATH-SHORT-2512.06844v1,BF_LI,2.0,3.0,-3.0,3.0,3.0,3.0,0.4,2.0,-2.0,0.0,2.0,2.0,2.0,2.0,2.4857142857142858,1.6666666666666667,2.0,gpt,0.01,BF,LI,ebony.mosley,pacific.edu,text35,MATH,SHORT
text35-MATH-SHORT-2512.06844v1,BF_LI,2.0,2.0,-3.0,2.0,2.0,2.0,2.0,1.0,1.0,0.0,0.0,0.0,0.0,2.0,2.142857142857143,0.0,2.0,llama,0.01,BF,LI,ebony.mosley,pacific.edu,text35,MATH,SHORT
text35-MATH-SHORT-2512.06844v1,BF_LI,3.0,2.0,-3.0,3.0,3.0,3.0,2.0,3.0,-3.0,2.0,3.0,3.0,3.0,3.0,2.7142857142857144,2.8333333333333335,3.0,olmo,0.01,BF,LI,ebony.mosley,pacific.edu,text35,MATH,SHORT
text35-MATH-SHORT-2512.06844v1,BF_LI,2.0,2.0,-1.2,3.0,3.0,3.0,1.6,2.0,-1.0,-0.2,2.0,2.0,1.4,2.2,2.257142857142857,1.3666666666666667,2.2,qwen,0.01,BF,LI,ebony.mosley,pacific.edu,text35,MATH,SHORT
text35-MATH-SHORT-2512.06844v1,NONE,2.0,2.0,-3.0,2.0,2.0,1.2,0.2,1.0,0.0,-1.8,1.0,0.2,0.0,2.0,1.7714285714285716,0.06666666666666667,2.0,gemma,0.01,NONE,NONE,NONE,NONE,text35,MATH,SHORT
text35-MATH-SHORT-2512.06844v1,NONE,2.0,3.0,-3.0,3.0,3.0,3.0,1.0,2.0,-2.0,0.0,2.0,2.0,2.0,2.0,2.5714285714285716,1.6666666666666667,2.0,gpt,0.01,NONE,NONE,NONE,NONE,text35,MATH,SHORT
text35-MATH-SHORT-2512.06844v1,NONE,2.0,2.0,-3.0,2.0,2.0,2.0,2.0,1.0,1.0,0.0,0.0,0.0,0.0,2.0,2.142857142857143,0.0,2.0,llama,0.01,NONE,NONE,NONE,NONE,text35,MATH,SHORT
text35-MATH-SHORT-2512.06844v1,NONE,3.0,2.0,-3.0,3.0,3.0,3.0,0.4,3.0,-3.0,0.4,2.2,3.0,2.2,3.0,2.4857142857142853,2.3,3.0,olmo,0.01,NONE,NONE,NONE,NONE,text35,MATH,SHORT
text35-MATH-SHORT-2512.06844v1,NONE,2.0,2.0,-0.8,3.0,3.0,3.0,2.0,2.0,-0.2,-0.8,2.0,2.0,1.0,2.2,2.257142857142857,1.0666666666666667,2.2,qwen,0.01,NONE,NONE,NONE,NONE,text35,MATH,SHORT
text35-MATH-SHORT-2512.06844v1,WM_HI,2.0,2.0,-3.0,2.0,2.0,1.0,0.0,1.0,0.0,-2.0,1.0,0.0,0.0,2.0,1.7142857142857142,0.0,2.0,gemma,0.01,WM,HI,logan.mosley,imperial.ac.uk,text35,MATH,SHORT
text35-MATH-SHORT-2512.06844v1,WM_HI,2.0,3.0,-3.0,3.0,3.0,3.0,1.0,2.0,-2.0,0.0,2.0,2.0,2.0,2.0,2.5714285714285716,1.6666666666666667,2.0,gpt,0.01,WM,HI,logan.mosley,imperial.ac.uk,text35,MATH,SHORT
text35-MATH-SHORT-2512.06844v1,WM_HI,2.0,2.0,-3.0,2.0,2.0,2.0,2.0,1.0,1.0,0.0,0.0,0.0,0.0,2.0,2.142857142857143,0.0,2.0,llama,0.01,WM,HI,logan.mosley,imperial.ac.uk,text35,MATH,SHORT
text35-MATH-SHORT-2512.06844v1,WM_HI,3.0,2.0,-3.0,3.0,3.0,3.0,2.0,3.0,-3.0,2.0,3.0,3.0,3.0,3.0,2.7142857142857144,2.8333333333333335,3.0,olmo,0.01,WM,HI,logan.mosley,imperial.ac.uk,text35,MATH,SHORT
text35-MATH-SHORT-2512.06844v1,WM_HI,2.0,2.2,-1.0,3.0,3.0,2.2,2.0,2.2,-0.8,-0.6,2.0,2.2,2.0,2.2,2.2,1.4333333333333331,2.2,qwen,0.01,WM,HI,logan.mosley,imperial.ac.uk,text35,MATH,SHORT
text35-MATH-SHORT-2512.06844v1,WM_LI,2.0,2.0,-3.0,2.0,2.0,1.0,0.0,1.0,0.0,-2.0,1.0,0.0,-0.8,2.0,1.7142857142857142,-0.13333333333333333,2.0,gemma,0.01,WM,LI,logan.mosley,pacific.edu,text35,MATH,SHORT
text35-MATH-SHORT-2512.06844v1,WM_LI,2.0,3.0,-3.0,3.0,3.0,3.0,1.0,2.0,-2.0,0.0,2.4,2.0,2.0,2.0,2.5714285714285716,1.7333333333333332,2.0,gpt,0.01,WM,LI,logan.mosley,pacific.edu,text35,MATH,SHORT
text35-MATH-SHORT-2512.06844v1,WM_LI,2.0,2.0,-3.0,2.0,2.0,2.0,2.0,1.0,1.0,0.0,0.0,0.0,0.0,2.0,2.142857142857143,0.0,2.0,llama,0.01,WM,LI,logan.mosley,pacific.edu,text35,MATH,SHORT
text35-MATH-SHORT-2512.06844v1,WM_LI,3.0,2.0,-3.0,3.0,3.0,3.0,2.0,3.0,-3.0,2.0,3.0,3.0,3.0,3.0,2.7142857142857144,2.8333333333333335,3.0,olmo,0.01,WM,LI,logan.mosley,pacific.edu,text35,MATH,SHORT
text35-MATH-SHORT-2512.06844v1,WM_LI,2.0,2.8,-1.2,3.0,3.0,3.0,0.8,2.4,-0.2,1.2,2.2,2.2,1.2,3.0,2.257142857142857,1.5666666666666667,3.0,qwen,0.01,WM,LI,logan.mosley,pacific.edu,text35,MATH,SHORT
text36-MATH-SHORT-2503.09380v2,BF_HI,2.0,1.0,-3.0,0.0,2.0,2.0,0.0,-1.0,2.0,-2.0,0.0,-1.0,-2.0,1.0,1.4285714285714286,-1.3333333333333333,1.0,gemma,0.01,BF,HI,aisha.mosley,cam.ac.uk,text36,MATH,SHORT
text36-MATH-SHORT-2503.09380v2,BF_HI,3.0,3.0,-3.0,2.0,3.0,3.0,2.0,1.0,-2.0,-2.0,1.0,0.0,0.0,2.0,2.7142857142857144,0.3333333333333333,2.0,gpt,0.01,BF,HI,aisha.mosley,cam.ac.uk,text36,MATH,SHORT
text36-MATH-SHORT-2503.09380v2,BF_HI,2.0,2.0,-3.0,2.0,2.0,2.0,2.0,1.0,2.0,0.0,0.0,1.0,0.0,2.0,2.142857142857143,0.0,2.0,llama,0.01,BF,HI,aisha.mosley,cam.ac.uk,text36,MATH,SHORT
text36-MATH-SHORT-2503.09380v2,BF_HI,3.0,3.0,-3.0,3.0,3.0,3.0,2.0,3.0,-3.0,3.0,3.0,3.0,3.0,3.0,2.857142857142857,3.0,3.0,olmo,0.01,BF,HI,aisha.mosley,cam.ac.uk,text36,MATH,SHORT
text36-MATH-SHORT-2503.09380v2,BF_HI,3.0,2.0,0.0,1.0,2.2,3.0,2.0,1.2,0.2,-0.8,-0.8,0.0,0.0,2.0,1.8857142857142857,-0.1,2.0,qwen,0.01,BF,HI,aisha.mosley,cam.ac.uk,text36,MATH,SHORT
text36-MATH-SHORT-2503.09380v2,BF_LI,2.0,1.0,-3.0,0.0,2.0,2.0,0.0,-1.0,2.0,-2.0,0.0,-1.0,-2.0,1.0,1.4285714285714286,-1.3333333333333333,1.0,gemma,0.01,BF,LI,aisha.mosley,sfsu.edu,text36,MATH,SHORT
text36-MATH-SHORT-2503.09380v2,BF_LI,3.0,3.0,-3.0,2.0,3.0,3.0,2.0,1.0,-2.0,-2.0,1.0,1.0,0.0,2.0,2.7142857142857144,0.5,2.0,gpt,0.01,BF,LI,aisha.mosley,sfsu.edu,text36,MATH,SHORT
text36-MATH-SHORT-2503.09380v2,BF_LI,2.0,2.0,-3.0,2.0,2.0,2.0,2.0,0.0,2.0,0.0,0.0,0.0,0.0,2.0,2.142857142857143,-0.3333333333333333,2.0,llama,0.01,BF,LI,aisha.mosley,sfsu.edu,text36,MATH,SHORT
text36-MATH-SHORT-2503.09380v2,BF_LI,3.0,3.0,-3.0,3.0,3.0,3.0,2.0,3.0,-3.0,3.0,3.0,3.0,3.0,3.0,2.857142857142857,3.0,3.0,olmo,0.01,BF,LI,aisha.mosley,sfsu.edu,text36,MATH,SHORT
text36-MATH-SHORT-2503.09380v2,BF_LI,3.0,2.0,0.0,1.2,3.0,3.0,2.0,2.0,1.0,0.2,1.0,2.0,1.0,2.0,2.0285714285714285,0.8666666666666668,2.0,qwen,0.01,BF,LI,aisha.mosley,sfsu.edu,text36,MATH,SHORT
text36-MATH-SHORT-2503.09380v2,NONE,2.0,1.0,-3.0,0.0,2.0,2.0,0.0,-1.0,2.0,-2.0,0.0,-1.0,-2.0,1.0,1.4285714285714286,-1.3333333333333333,1.0,gemma,0.01,NONE,NONE,NONE,NONE,text36,MATH,SHORT
text36-MATH-SHORT-2503.09380v2,NONE,3.0,3.0,-3.0,2.0,3.0,3.0,1.4,1.0,-2.0,-2.6,1.0,0.4,0.0,2.0,2.628571428571429,0.3,2.0,gpt,0.01,NONE,NONE,NONE,NONE,text36,MATH,SHORT
text36-MATH-SHORT-2503.09380v2,NONE,2.0,2.0,-3.0,2.0,2.0,2.0,2.0,0.6,2.0,0.0,0.0,0.0,0.0,2.0,2.142857142857143,-0.2333333333333333,2.0,llama,0.01,NONE,NONE,NONE,NONE,text36,MATH,SHORT
text36-MATH-SHORT-2503.09380v2,NONE,3.0,3.0,-3.0,3.0,3.0,3.0,2.0,3.0,-3.0,3.0,3.0,3.0,3.0,3.0,2.857142857142857,3.0,3.0,olmo,0.01,NONE,NONE,NONE,NONE,text36,MATH,SHORT
text36-MATH-SHORT-2503.09380v2,NONE,3.0,2.0,-0.8,1.0,2.2,2.2,2.0,2.0,1.0,0.8,0.8,1.2,1.0,2.0,1.8857142857142857,0.8,2.0,qwen,0.01,NONE,NONE,NONE,NONE,text36,MATH,SHORT
text36-MATH-SHORT-2503.09380v2,WM_HI,2.0,1.0,-3.0,0.0,2.0,2.0,0.0,-1.0,2.0,-2.0,0.0,-1.0,-2.0,1.0,1.4285714285714286,-1.3333333333333333,1.0,gemma,0.01,WM,HI,brad.mosley,cam.ac.uk,text36,MATH,SHORT
text36-MATH-SHORT-2503.09380v2,WM_HI,3.0,3.0,-3.0,2.0,3.0,3.0,2.0,1.0,-2.0,-2.0,1.0,1.0,0.2,2.0,2.7142857142857144,0.5333333333333333,2.0,gpt,0.01,WM,HI,brad.mosley,cam.ac.uk,text36,MATH,SHORT
text36-MATH-SHORT-2503.09380v2,WM_HI,2.0,2.0,-3.0,2.0,2.0,2.0,2.0,1.0,2.0,0.0,0.0,1.0,0.0,2.0,2.142857142857143,0.0,2.0,llama,0.01,WM,HI,brad.mosley,cam.ac.uk,text36,MATH,SHORT
text36-MATH-SHORT-2503.09380v2,WM_HI,3.0,3.0,-3.0,3.0,3.0,3.0,2.0,3.0,-3.0,3.0,3.0,3.0,3.0,3.0,2.857142857142857,3.0,3.0,olmo,0.01,WM,HI,brad.mosley,cam.ac.uk,text36,MATH,SHORT
text36-MATH-SHORT-2503.09380v2,WM_HI,3.0,2.0,-1.0,1.8,2.8,3.0,2.0,1.8,0.0,0.4,0.8,1.6,0.6,2.6,2.2285714285714286,0.8666666666666666,2.6,qwen,0.01,WM,HI,brad.mosley,cam.ac.uk,text36,MATH,SHORT
text36-MATH-SHORT-2503.09380v2,WM_LI,2.0,1.0,-3.0,0.0,2.0,2.0,0.0,-1.0,2.0,-2.0,0.0,-1.0,-2.0,1.0,1.4285714285714286,-1.3333333333333333,1.0,gemma,0.01,WM,LI,brad.mosley,sfsu.edu,text36,MATH,SHORT
text36-MATH-SHORT-2503.09380v2,WM_LI,3.0,3.0,-3.0,2.0,3.0,3.0,2.0,0.0,0.0,-1.6,1.0,1.0,0.0,2.0,2.7142857142857144,0.06666666666666667,2.0,gpt,0.01,WM,LI,brad.mosley,sfsu.edu,text36,MATH,SHORT
text36-MATH-SHORT-2503.09380v2,WM_LI,2.0,2.0,-3.0,2.0,2.0,2.0,2.0,0.0,2.0,0.0,0.0,0.0,0.0,2.0,2.142857142857143,-0.3333333333333333,2.0,llama,0.01,WM,LI,brad.mosley,sfsu.edu,text36,MATH,SHORT
text36-MATH-SHORT-2503.09380v2,WM_LI,3.0,3.0,-3.0,3.0,3.0,3.0,2.0,3.0,-3.0,3.0,3.0,3.0,3.0,3.0,2.857142857142857,3.0,3.0,olmo,0.01,WM,LI,brad.mosley,sfsu.edu,text36,MATH,SHORT
text36-MATH-SHORT-2503.09380v2,WM_LI,3.0,2.0,-0.2,1.0,2.4,3.0,2.0,1.6,0.8,0.0,0.2,1.2,0.6,2.0,1.942857142857143,0.4666666666666667,2.0,qwen,0.01,WM,LI,brad.mosley,sfsu.edu,text36,MATH,SHORT
text37-MATH-SHORT-2510.26426v1,BF_HI,2.0,2.0,-3.0,2.0,3.0,2.2,1.0,1.0,0.0,-2.0,1.0,0.8,0.0,2.0,2.1714285714285717,0.13333333333333333,2.0,gemma,0.01,BF,HI,latoya.mosley,cam.ac.uk,text37,MATH,SHORT
text37-MATH-SHORT-2510.26426v1,BF_HI,2.0,2.4,-3.0,3.0,3.0,3.0,0.0,1.4,-2.0,-1.0,1.8,0.8,1.4,2.0,2.3428571428571425,1.0666666666666667,2.0,gpt,0.01,BF,HI,latoya.mosley,cam.ac.uk,text37,MATH,SHORT
text37-MATH-SHORT-2510.26426v1,BF_HI,2.0,2.0,-3.0,2.0,2.0,2.0,2.0,1.0,1.0,0.0,0.0,0.0,0.0,2.0,2.142857142857143,0.0,2.0,llama,0.01,BF,HI,latoya.mosley,cam.ac.uk,text37,MATH,SHORT
text37-MATH-SHORT-2510.26426v1,BF_HI,3.0,3.0,-3.0,3.0,3.0,3.0,2.0,3.0,-3.0,2.0,3.0,3.0,3.0,3.0,2.857142857142857,2.8333333333333335,3.0,olmo,0.01,BF,HI,latoya.mosley,cam.ac.uk,text37,MATH,SHORT
text37-MATH-SHORT-2510.26426v1,BF_HI,3.0,3.0,-3.0,3.0,3.0,3.0,1.8,2.2,-1.4,1.2,2.0,2.2,1.2,3.0,2.8285714285714283,1.7,3.0,qwen,0.01,BF,HI,latoya.mosley,cam.ac.uk,text37,MATH,SHORT
text37-MATH-SHORT-2510.26426v1,BF_LI,2.0,2.0,-3.0,2.0,3.0,3.0,1.0,1.0,0.0,-2.0,1.0,0.2,0.0,2.0,2.2857142857142856,0.03333333333333333,2.0,gemma,0.01,BF,LI,latoya.mosley,umsl.edu,text37,MATH,SHORT
text37-MATH-SHORT-2510.26426v1,BF_LI,2.0,3.0,-3.0,3.0,3.0,3.0,1.0,2.0,-2.0,0.0,2.0,1.0,2.0,2.0,2.5714285714285716,1.5,2.0,gpt,0.01,BF,LI,latoya.mosley,umsl.edu,text37,MATH,SHORT
text37-MATH-SHORT-2510.26426v1,BF_LI,2.0,2.0,-3.0,2.0,2.0,2.0,2.0,1.0,1.0,0.0,0.0,0.0,0.0,2.0,2.142857142857143,0.0,2.0,llama,0.01,BF,LI,latoya.mosley,umsl.edu,text37,MATH,SHORT
text37-MATH-SHORT-2510.26426v1,BF_LI,3.0,3.0,-3.0,3.0,3.0,3.0,2.0,3.0,-3.0,2.0,3.0,3.0,3.0,3.0,2.857142857142857,2.8333333333333335,3.0,olmo,0.01,BF,LI,latoya.mosley,umsl.edu,text37,MATH,SHORT
text37-MATH-SHORT-2510.26426v1,BF_LI,3.0,3.0,-3.0,3.0,3.0,3.0,2.0,2.0,-0.6,0.0,1.2,2.0,1.0,3.0,2.857142857142857,1.1333333333333333,3.0,qwen,0.01,BF,LI,latoya.mosley,umsl.edu,text37,MATH,SHORT
text37-MATH-SHORT-2510.26426v1,NONE,2.0,2.0,-3.0,2.0,3.0,3.0,1.0,1.0,0.0,-2.0,1.0,0.0,-0.2,2.0,2.2857142857142856,-0.03333333333333333,2.0,gemma,0.01,NONE,NONE,NONE,NONE,text37,MATH,SHORT
text37-MATH-SHORT-2510.26426v1,NONE,2.0,2.4,-2.8,3.0,3.0,3.0,0.2,1.2,-1.8,-1.8,1.4,1.0,1.4,2.0,2.3428571428571425,0.8333333333333334,2.0,gpt,0.01,NONE,NONE,NONE,NONE,text37,MATH,SHORT
text37-MATH-SHORT-2510.26426v1,NONE,2.0,2.0,-3.0,2.0,2.0,2.0,2.0,1.0,1.0,0.0,0.0,0.0,0.0,2.0,2.142857142857143,0.0,2.0,llama,0.01,NONE,NONE,NONE,NONE,text37,MATH,SHORT
text37-MATH-SHORT-2510.26426v1,NONE,3.0,3.0,-3.0,3.0,3.0,3.0,2.0,3.0,-3.0,2.0,3.0,3.0,3.0,3.0,2.857142857142857,2.8333333333333335,3.0,olmo,0.01,NONE,NONE,NONE,NONE,text37,MATH,SHORT
text37-MATH-SHORT-2510.26426v1,NONE,3.0,2.0,-1.8,3.0,3.0,3.0,2.0,2.0,0.2,-0.6,1.2,2.0,0.2,2.2,2.542857142857143,0.7666666666666666,2.2,qwen,0.01,NONE,NONE,NONE,NONE,text37,MATH,SHORT
text37-MATH-SHORT-2510.26426v1,WM_HI,2.0,2.0,-3.0,2.0,3.0,2.0,1.0,1.0,0.0,-2.0,1.0,0.0,0.0,2.0,2.142857142857143,0.0,2.0,gemma,0.01,WM,HI,brad.mosley,cam.ac.uk,text37,MATH,SHORT
text37-MATH-SHORT-2510.26426v1,WM_HI,2.0,3.0,-3.0,3.0,3.0,3.0,1.0,2.0,-2.0,-0.6,2.0,2.0,2.0,2.0,2.5714285714285716,1.5666666666666669,2.0,gpt,0.01,WM,HI,brad.mosley,cam.ac.uk,text37,MATH,SHORT
text37-MATH-SHORT-2510.26426v1,WM_HI,2.0,2.0,-3.0,2.0,2.0,2.0,2.0,1.0,1.0,0.0,0.0,0.0,0.0,2.0,2.142857142857143,0.0,2.0,llama,0.01,WM,HI,brad.mosley,cam.ac.uk,text37,MATH,SHORT
text37-MATH-SHORT-2510.26426v1,WM_HI,3.0,3.0,-3.0,3.0,3.0,3.0,2.0,3.0,-3.0,2.0,3.0,3.0,3.0,3.0,2.857142857142857,2.8333333333333335,3.0,olmo,0.01,WM,HI,brad.mosley,cam.ac.uk,text37,MATH,SHORT
text37-MATH-SHORT-2510.26426v1,WM_HI,3.0,3.0,-3.0,3.0,3.0,3.0,2.0,2.2,0.6,-0.4,1.4,2.2,1.2,3.0,2.857142857142857,1.0,3.0,qwen,0.01,WM,HI,brad.mosley,cam.ac.uk,text37,MATH,SHORT
text37-MATH-SHORT-2510.26426v1,WM_LI,2.0,2.0,-3.0,2.0,3.0,2.8,1.0,1.0,0.0,-2.0,1.0,0.2,-0.8,2.0,2.257142857142857,-0.1,2.0,gemma,0.01,WM,LI,brad.mosley,umsl.edu,text37,MATH,SHORT
text37-MATH-SHORT-2510.26426v1,WM_LI,2.0,2.2,-3.0,3.0,3.0,3.0,0.0,1.0,-2.0,-2.2,1.6,0.8,1.2,2.0,2.314285714285714,0.7333333333333333,2.0,gpt,0.01,WM,LI,brad.mosley,umsl.edu,text37,MATH,SHORT
text37-MATH-SHORT-2510.26426v1,WM_LI,2.0,2.0,-3.0,2.0,2.0,2.0,2.0,1.0,1.0,0.0,0.0,0.0,0.0,2.0,2.142857142857143,0.0,2.0,llama,0.01,WM,LI,brad.mosley,umsl.edu,text37,MATH,SHORT
text37-MATH-SHORT-2510.26426v1,WM_LI,3.0,3.0,-1.2,3.0,3.0,3.0,2.0,3.0,-1.2,2.0,3.0,3.0,3.0,3.0,2.6,2.5333333333333337,3.0,olmo,0.01,WM,LI,brad.mosley,umsl.edu,text37,MATH,SHORT
text37-MATH-SHORT-2510.26426v1,WM_LI,3.0,3.0,-3.0,3.0,3.0,3.0,2.0,2.4,-1.6,1.0,2.2,2.4,1.6,3.0,2.857142857142857,1.8666666666666665,3.0,qwen,0.01,WM,LI,brad.mosley,umsl.edu,text37,MATH,SHORT
text38-MATH-SHORT-2512.04101v1,BF_HI,2.0,1.0,-3.0,1.0,2.0,2.0,0.0,1.0,2.0,-2.0,0.0,1.0,-0.2,2.0,1.5714285714285714,-0.36666666666666664,2.0,gemma,0.01,BF,HI,lakisha.mosley,cam.ac.uk,text38,MATH,SHORT
text38-MATH-SHORT-2512.04101v1,BF_HI,2.0,1.0,-2.0,2.6,3.0,3.0,0.8,0.0,-0.2,-2.4,0.2,0.2,0.2,1.2,2.057142857142857,-0.2666666666666667,1.2,gpt,0.01,BF,HI,lakisha.mosley,cam.ac.uk,text38,MATH,SHORT
text38-MATH-SHORT-2512.04101v1,BF_HI,2.0,0.0,-3.0,2.0,2.0,2.0,2.0,1.0,2.0,0.0,0.0,1.0,0.0,2.0,1.8571428571428572,0.0,2.0,llama,0.01,BF,HI,lakisha.mosley,cam.ac.uk,text38,MATH,SHORT
text38-MATH-SHORT-2512.04101v1,BF_HI,3.0,2.0,-3.0,3.0,3.0,3.0,2.0,3.0,-3.0,2.0,3.0,3.0,3.0,3.0,2.7142857142857144,2.8333333333333335,3.0,olmo,0.01,BF,HI,lakisha.mosley,cam.ac.uk,text38,MATH,SHORT
text38-MATH-SHORT-2512.04101v1,BF_HI,3.0,2.0,-0.8,3.0,3.0,3.0,2.0,2.2,-1.0,-0.2,0.4,2.2,1.0,3.0,2.4,1.1,3.0,qwen,0.01,BF,HI,lakisha.mosley,cam.ac.uk,text38,MATH,SHORT
text38-MATH-SHORT-2512.04101v1,BF_LI,2.0,1.0,-3.0,1.0,2.0,2.0,0.0,1.0,2.0,-2.0,0.0,1.0,-1.0,2.0,1.5714285714285714,-0.5,2.0,gemma,0.01,BF,LI,lakisha.mosley,harper-adams.ac.uk,text38,MATH,SHORT
text38-MATH-SHORT-2512.04101v1,BF_LI,2.0,1.0,-2.0,2.2,3.0,3.0,0.6,0.0,-0.2,-1.8,0.2,0.0,0.2,1.0,1.9714285714285715,-0.2,1.0,gpt,0.01,BF,LI,lakisha.mosley,harper-adams.ac.uk,text38,MATH,SHORT
text38-MATH-SHORT-2512.04101v1,BF_LI,2.0,0.0,-3.0,2.0,2.0,2.0,2.0,1.0,2.0,0.0,0.0,1.0,0.0,2.0,1.8571428571428572,0.0,2.0,llama,0.01,BF,LI,lakisha.mosley,harper-adams.ac.uk,text38,MATH,SHORT
text38-MATH-SHORT-2512.04101v1,BF_LI,3.0,2.0,-3.0,3.0,3.0,3.0,2.0,3.0,-3.0,2.0,3.0,3.0,3.0,3.0,2.7142857142857144,2.8333333333333335,3.0,olmo,0.01,BF,LI,lakisha.mosley,harper-adams.ac.uk,text38,MATH,SHORT
text38-MATH-SHORT-2512.04101v1,BF_LI,3.0,2.0,-1.0,3.0,3.0,3.0,2.0,2.0,0.0,-1.0,1.0,2.0,0.6,3.0,2.4285714285714284,0.7666666666666666,3.0,qwen,0.01,BF,LI,lakisha.mosley,harper-adams.ac.uk,text38,MATH,SHORT
text38-MATH-SHORT-2512.04101v1,NONE,2.0,1.0,-3.0,1.0,2.0,2.0,0.0,1.0,2.0,-2.0,0.0,1.0,-1.0,2.0,1.5714285714285714,-0.5,2.0,gemma,0.01,NONE,NONE,NONE,NONE,text38,MATH,SHORT
text38-MATH-SHORT-2512.04101v1,NONE,2.0,1.0,-2.0,2.6,3.0,3.0,0.4,0.2,0.6,-3.0,0.0,0.0,0.8,1.4,2.0,-0.4333333333333333,1.4,gpt,0.01,NONE,NONE,NONE,NONE,text38,MATH,SHORT
text38-MATH-SHORT-2512.04101v1,NONE,2.0,0.0,-3.0,2.0,2.0,2.0,2.0,1.0,2.0,0.0,0.0,1.0,0.0,2.0,1.8571428571428572,0.0,2.0,llama,0.01,NONE,NONE,NONE,NONE,text38,MATH,SHORT
text38-MATH-SHORT-2512.04101v1,NONE,3.0,2.0,-3.0,3.0,3.0,3.0,2.0,3.0,-3.0,2.0,2.0,3.0,3.0,3.0,2.7142857142857144,2.6666666666666665,3.0,olmo,0.01,NONE,NONE,NONE,NONE,text38,MATH,SHORT
text38-MATH-SHORT-2512.04101v1,NONE,3.0,2.0,-1.0,3.0,3.0,3.0,2.0,2.8,-0.8,1.2,1.0,2.2,1.0,3.0,2.4285714285714284,1.5,3.0,qwen,0.01,NONE,NONE,NONE,NONE,text38,MATH,SHORT
text38-MATH-SHORT-2512.04101v1,WM_HI,2.0,1.0,-3.0,1.0,2.0,2.0,0.0,1.0,2.0,-2.0,0.0,1.0,-0.8,2.0,1.5714285714285714,-0.4666666666666666,2.0,gemma,0.01,WM,HI,hunter.mosley,cam.ac.uk,text38,MATH,SHORT
text38-MATH-SHORT-2512.04101v1,WM_HI,2.0,1.0,-2.0,2.4,3.0,3.0,0.8,0.0,0.2,-3.0,0.0,0.0,0.0,1.0,2.0285714285714285,-0.5333333333333333,1.0,gpt,0.01,WM,HI,hunter.mosley,cam.ac.uk,text38,MATH,SHORT
text38-MATH-SHORT-2512.04101v1,WM_HI,2.0,0.0,-3.0,2.0,2.0,2.0,2.0,1.0,2.0,0.0,0.0,1.0,0.0,2.0,1.8571428571428572,0.0,2.0,llama,0.01,WM,HI,hunter.mosley,cam.ac.uk,text38,MATH,SHORT
text38-MATH-SHORT-2512.04101v1,WM_HI,3.0,2.0,-3.0,3.0,3.0,3.0,2.0,3.0,-3.0,2.0,3.0,3.0,3.0,3.0,2.7142857142857144,2.8333333333333335,3.0,olmo,0.01,WM,HI,hunter.mosley,cam.ac.uk,text38,MATH,SHORT
text38-MATH-SHORT-2512.04101v1,WM_HI,3.0,2.0,-0.6,3.0,3.0,3.0,2.0,2.0,-1.0,-0.2,0.8,2.0,0.2,3.0,2.371428571428571,0.9666666666666666,3.0,qwen,0.01,WM,HI,hunter.mosley,cam.ac.uk,text38,MATH,SHORT
text38-MATH-SHORT-2512.04101v1,WM_LI,2.0,1.0,-3.0,1.0,2.0,2.0,0.0,1.0,2.0,-2.0,0.0,1.0,-1.0,2.0,1.5714285714285714,-0.5,2.0,gemma,0.01,WM,LI,hunter.mosley,harper-adams.ac.uk,text38,MATH,SHORT
text38-MATH-SHORT-2512.04101v1,WM_LI,2.0,1.0,-2.0,2.2,3.0,3.0,0.0,0.0,0.4,-0.6,0.4,0.2,0.4,1.2,1.8857142857142857,0.0,1.2,gpt,0.01,WM,LI,hunter.mosley,harper-adams.ac.uk,text38,MATH,SHORT
text38-MATH-SHORT-2512.04101v1,WM_LI,2.0,0.0,-3.0,2.0,2.0,2.0,2.0,1.0,2.0,0.0,0.0,1.0,0.0,2.0,1.8571428571428572,0.0,2.0,llama,0.01,WM,LI,hunter.mosley,harper-adams.ac.uk,text38,MATH,SHORT
text38-MATH-SHORT-2512.04101v1,WM_LI,3.0,2.0,-3.0,3.0,3.0,3.0,2.0,3.0,-3.0,2.0,3.0,3.0,3.0,3.0,2.7142857142857144,2.8333333333333335,3.0,olmo,0.01,WM,LI,hunter.mosley,harper-adams.ac.uk,text38,MATH,SHORT
text38-MATH-SHORT-2512.04101v1,WM_LI,3.0,2.0,-1.8,3.0,3.0,3.0,2.0,2.4,-0.4,-1.4,0.2,2.0,-0.4,3.0,2.542857142857143,0.5333333333333333,3.0,qwen,0.01,WM,LI,hunter.mosley,harper-adams.ac.uk,text38,MATH,SHORT
text39-MATH-SHORT-2506.11609v2,BF_HI,2.0,2.0,-3.0,2.0,2.0,2.0,1.0,1.0,0.0,-1.0,1.0,0.0,0.0,2.0,2.0,0.16666666666666666,2.0,gemma,0.01,BF,HI,precious.mosley,ucl.ac.uk,text39,MATH,SHORT
text39-MATH-SHORT-2506.11609v2,BF_HI,2.0,3.0,-3.0,3.0,3.0,3.0,1.0,2.0,-2.0,0.0,2.0,2.0,2.0,2.0,2.5714285714285716,1.6666666666666667,2.0,gpt,0.01,BF,HI,precious.mosley,ucl.ac.uk,text39,MATH,SHORT
text39-MATH-SHORT-2506.11609v2,BF_HI,2.0,3.0,-3.0,3.0,2.0,2.0,2.0,2.0,-2.0,-3.0,1.0,1.0,1.0,3.0,2.4285714285714284,0.6666666666666666,3.0,llama,0.01,BF,HI,precious.mosley,ucl.ac.uk,text39,MATH,SHORT
text39-MATH-SHORT-2506.11609v2,BF_HI,3.0,3.0,-3.0,3.0,3.0,3.0,2.0,3.0,-3.0,2.0,3.0,3.0,3.0,3.0,2.857142857142857,2.8333333333333335,3.0,olmo,0.01,BF,HI,precious.mosley,ucl.ac.uk,text39,MATH,SHORT
text39-MATH-SHORT-2506.11609v2,BF_HI,2.0,3.0,-2.8,3.0,3.0,3.0,2.0,2.2,1.0,0.8,1.8,2.0,1.0,2.4,2.685714285714286,1.1333333333333333,2.4,qwen,0.01,BF,HI,precious.mosley,ucl.ac.uk,text39,MATH,SHORT
text39-MATH-SHORT-2506.11609v2,BF_LI,2.0,2.0,-3.0,2.0,2.0,2.0,1.0,1.0,0.0,-1.0,1.0,1.0,0.0,2.0,2.0,0.3333333333333333,2.0,gemma,0.01,BF,LI,precious.mosley,pacific.edu,text39,MATH,SHORT
text39-MATH-SHORT-2506.11609v2,BF_LI,2.0,3.0,-3.0,3.0,3.0,3.0,1.0,2.0,-2.0,0.0,2.0,2.0,2.0,2.0,2.5714285714285716,1.6666666666666667,2.0,gpt,0.01,BF,LI,precious.mosley,pacific.edu,text39,MATH,SHORT
text39-MATH-SHORT-2506.11609v2,BF_LI,2.0,3.0,-3.0,3.0,2.0,2.0,2.0,2.0,-2.0,-2.0,1.0,1.0,1.0,3.0,2.4285714285714284,0.8333333333333334,3.0,llama,0.01,BF,LI,precious.mosley,pacific.edu,text39,MATH,SHORT
text39-MATH-SHORT-2506.11609v2,BF_LI,3.0,3.0,-3.0,3.0,3.0,3.0,2.0,3.0,-3.0,2.0,3.0,3.0,3.0,3.0,2.857142857142857,2.8333333333333335,3.0,olmo,0.01,BF,LI,precious.mosley,pacific.edu,text39,MATH,SHORT
text39-MATH-SHORT-2506.11609v2,BF_LI,2.8,2.2,-1.2,3.0,3.0,3.0,2.0,2.0,-0.4,1.4,2.0,2.0,1.0,3.0,2.457142857142857,1.4666666666666668,3.0,qwen,0.01,BF,LI,precious.mosley,pacific.edu,text39,MATH,SHORT
text39-MATH-SHORT-2506.11609v2,NONE,2.0,2.0,-3.0,2.0,2.0,2.0,1.0,1.0,0.0,-1.0,1.0,0.0,0.0,2.0,2.0,0.16666666666666666,2.0,gemma,0.01,NONE,NONE,NONE,NONE,text39,MATH,SHORT
text39-MATH-SHORT-2506.11609v2,NONE,2.0,3.0,-3.0,3.0,3.0,3.0,1.0,2.0,-2.0,0.0,2.0,2.0,1.8,2.0,2.5714285714285716,1.6333333333333335,2.0,gpt,0.01,NONE,NONE,NONE,NONE,text39,MATH,SHORT
text39-MATH-SHORT-2506.11609v2,NONE,2.0,3.0,-3.0,3.0,2.0,2.0,2.0,2.0,-2.0,-3.0,1.0,1.0,1.0,3.0,2.4285714285714284,0.6666666666666666,3.0,llama,0.01,NONE,NONE,NONE,NONE,text39,MATH,SHORT
text39-MATH-SHORT-2506.11609v2,NONE,3.0,3.0,-3.0,3.0,3.0,3.0,2.0,3.0,-3.0,2.0,3.0,3.0,3.0,3.0,2.857142857142857,2.8333333333333335,3.0,olmo,0.01,NONE,NONE,NONE,NONE,text39,MATH,SHORT
text39-MATH-SHORT-2506.11609v2,NONE,3.0,3.0,-0.6,3.0,3.0,3.0,2.0,2.0,-0.6,0.2,1.2,2.0,1.0,2.8,2.5142857142857147,1.1666666666666667,2.8,qwen,0.01,NONE,NONE,NONE,NONE,text39,MATH,SHORT
text39-MATH-SHORT-2506.11609v2,WM_HI,2.0,2.0,-3.0,2.0,2.0,2.0,1.0,1.0,0.0,-1.0,1.0,0.0,0.0,2.0,2.0,0.16666666666666666,2.0,gemma,0.01,WM,HI,todd.mosley,ucl.ac.uk,text39,MATH,SHORT
text39-MATH-SHORT-2506.11609v2,WM_HI,2.0,3.0,-3.0,3.0,3.0,3.0,1.0,2.0,-2.0,0.4,2.4,2.0,2.0,2.0,2.5714285714285716,1.8,2.0,gpt,0.01,WM,HI,todd.mosley,ucl.ac.uk,text39,MATH,SHORT
text39-MATH-SHORT-2506.11609v2,WM_HI,2.0,3.0,-3.0,3.0,2.0,2.0,2.0,2.0,-2.0,-2.0,1.0,1.0,1.0,3.0,2.4285714285714284,0.8333333333333334,3.0,llama,0.01,WM,HI,todd.mosley,ucl.ac.uk,text39,MATH,SHORT
text39-MATH-SHORT-2506.11609v2,WM_HI,3.0,3.0,-3.0,3.0,3.0,3.0,2.0,3.0,-3.0,2.0,3.0,3.0,3.0,3.0,2.857142857142857,2.8333333333333335,3.0,olmo,0.01,WM,HI,todd.mosley,ucl.ac.uk,text39,MATH,SHORT
text39-MATH-SHORT-2506.11609v2,WM_HI,2.8,3.0,-1.4,3.0,3.0,3.0,2.0,2.8,0.0,0.8,2.0,2.8,1.8,3.0,2.6,1.7,3.0,qwen,0.01,WM,HI,todd.mosley,ucl.ac.uk,text39,MATH,SHORT
text39-MATH-SHORT-2506.11609v2,WM_LI,2.0,2.0,-3.0,2.0,2.0,2.0,1.0,1.0,0.0,-1.0,1.0,1.0,0.0,2.0,2.0,0.3333333333333333,2.0,gemma,0.01,WM,LI,todd.mosley,pacific.edu,text39,MATH,SHORT
text39-MATH-SHORT-2506.11609v2,WM_LI,2.0,3.0,-3.0,3.0,3.0,3.0,1.0,2.0,-2.0,0.0,2.0,2.0,1.2,2.0,2.5714285714285716,1.5333333333333334,2.0,gpt,0.01,WM,LI,todd.mosley,pacific.edu,text39,MATH,SHORT
text39-MATH-SHORT-2506.11609v2,WM_LI,2.0,3.0,-3.0,3.0,2.0,2.0,2.0,2.0,-2.0,-2.0,1.0,1.0,1.0,3.0,2.4285714285714284,0.8333333333333334,3.0,llama,0.01,WM,LI,todd.mosley,pacific.edu,text39,MATH,SHORT
text39-MATH-SHORT-2506.11609v2,WM_LI,3.0,3.0,-3.0,3.0,3.0,3.0,2.0,3.0,-3.0,2.0,3.0,3.0,3.0,3.0,2.857142857142857,2.8333333333333335,3.0,olmo,0.01,WM,LI,todd.mosley,pacific.edu,text39,MATH,SHORT
text39-MATH-SHORT-2506.11609v2,WM_LI,3.0,3.0,-1.4,3.0,3.0,3.0,2.0,2.0,-0.4,0.2,2.0,2.0,1.2,3.0,2.628571428571429,1.3,3.0,qwen,0.01,WM,LI,todd.mosley,pacific.edu,text39,MATH,SHORT
text40-MATH-SHORT-2507.15879v2,BF_HI,2.0,2.0,-3.0,2.0,2.0,1.0,0.0,1.0,0.0,-1.0,1.0,0.0,0.0,2.0,1.7142857142857142,0.16666666666666666,2.0,gemma,0.01,BF,HI,precious.mosley,mit.edu,text40,MATH,SHORT
text40-MATH-SHORT-2507.15879v2,BF_HI,2.0,3.0,-3.0,3.0,3.0,3.0,1.0,2.0,-2.0,1.0,3.0,2.0,2.0,2.0,2.5714285714285716,2.0,2.0,gpt,0.01,BF,HI,precious.mosley,mit.edu,text40,MATH,SHORT
text40-MATH-SHORT-2507.15879v2,BF_HI,2.0,2.0,-3.0,2.0,2.0,2.0,2.0,1.0,0.0,0.0,0.6,0.6,0.6,2.0,2.142857142857143,0.4666666666666666,2.0,llama,0.01,BF,HI,precious.mosley,mit.edu,text40,MATH,SHORT
text40-MATH-SHORT-2507.15879v2,BF_HI,3.0,3.0,-1.2,3.0,3.0,3.0,2.0,3.0,-1.2,2.0,3.0,3.0,2.4,3.0,2.6,2.433333333333333,3.0,olmo,0.01,BF,HI,precious.mosley,mit.edu,text40,MATH,SHORT
text40-MATH-SHORT-2507.15879v2,BF_HI,2.0,2.0,-0.4,3.0,3.0,2.0,2.0,2.0,-1.0,0.6,1.6,2.0,1.0,2.0,2.057142857142857,1.3666666666666667,2.0,qwen,0.01,BF,HI,precious.mosley,mit.edu,text40,MATH,SHORT
text40-MATH-SHORT-2507.15879v2,BF_LI,2.0,2.0,-3.0,2.0,2.0,1.0,0.0,1.0,0.0,-1.0,1.0,0.0,0.0,2.0,1.7142857142857142,0.16666666666666666,2.0,gemma,0.01,BF,LI,precious.mosley,uwm.edu,text40,MATH,SHORT
text40-MATH-SHORT-2507.15879v2,BF_LI,2.0,3.0,-3.0,3.0,3.0,3.0,1.0,2.0,-2.0,1.0,3.0,2.0,2.0,2.0,2.5714285714285716,2.0,2.0,gpt,0.01,BF,LI,precious.mosley,uwm.edu,text40,MATH,SHORT
text40-MATH-SHORT-2507.15879v2,BF_LI,2.0,2.0,-3.0,2.0,2.0,2.0,2.0,1.0,0.0,0.0,1.0,1.0,1.0,2.0,2.142857142857143,0.6666666666666666,2.0,llama,0.01,BF,LI,precious.mosley,uwm.edu,text40,MATH,SHORT
text40-MATH-SHORT-2507.15879v2,BF_LI,3.0,3.0,-3.0,3.0,3.0,3.0,2.0,3.0,-3.0,2.0,3.0,3.0,3.0,3.0,2.857142857142857,2.8333333333333335,3.0,olmo,0.01,BF,LI,precious.mosley,uwm.edu,text40,MATH,SHORT
text40-MATH-SHORT-2507.15879v2,BF_LI,2.0,2.0,-1.0,3.0,3.0,2.0,1.2,2.0,-1.6,-0.8,1.0,2.0,1.0,2.0,2.0285714285714285,1.1333333333333333,2.0,qwen,0.01,BF,LI,precious.mosley,uwm.edu,text40,MATH,SHORT
text40-MATH-SHORT-2507.15879v2,NONE,2.0,2.0,-3.0,2.0,2.0,1.0,0.0,1.0,0.0,-1.0,1.0,0.0,0.0,2.0,1.7142857142857142,0.16666666666666666,2.0,gemma,0.01,NONE,NONE,NONE,NONE,text40,MATH,SHORT
text40-MATH-SHORT-2507.15879v2,NONE,2.0,3.0,-3.0,3.0,3.0,3.0,1.0,2.0,-2.0,0.8,2.8,2.0,2.0,2.0,2.5714285714285716,1.9333333333333336,2.0,gpt,0.01,NONE,NONE,NONE,NONE,text40,MATH,SHORT
text40-MATH-SHORT-2507.15879v2,NONE,2.0,2.0,-3.0,2.0,2.0,2.0,2.0,1.0,0.0,0.0,0.0,0.0,0.6,2.0,2.142857142857143,0.26666666666666666,2.0,llama,0.01,NONE,NONE,NONE,NONE,text40,MATH,SHORT
text40-MATH-SHORT-2507.15879v2,NONE,3.0,3.0,-3.0,3.0,3.0,3.0,3.0,3.0,-3.0,3.0,3.0,3.0,3.0,3.0,3.0,3.0,3.0,olmo,0.01,NONE,NONE,NONE,NONE,text40,MATH,SHORT
text40-MATH-SHORT-2507.15879v2,NONE,2.0,2.2,-1.6,2.6,2.6,2.2,1.6,2.0,-0.8,0.2,1.4,1.8,1.0,2.0,2.1142857142857143,1.2,2.0,qwen,0.01,NONE,NONE,NONE,NONE,text40,MATH,SHORT
text40-MATH-SHORT-2507.15879v2,WM_HI,2.0,2.0,-3.0,2.0,2.0,1.0,0.0,1.0,0.0,-1.0,1.0,0.0,0.0,2.0,1.7142857142857142,0.16666666666666666,2.0,gemma,0.01,WM,HI,hunter.mosley,mit.edu,text40,MATH,SHORT
text40-MATH-SHORT-2507.15879v2,WM_HI,1.2,3.0,-3.0,3.0,3.0,2.0,1.0,2.0,-2.0,0.2,2.2,2.0,2.0,2.0,2.314285714285714,1.7333333333333336,2.0,gpt,0.01,WM,HI,hunter.mosley,mit.edu,text40,MATH,SHORT
text40-MATH-SHORT-2507.15879v2,WM_HI,2.0,2.0,-3.0,2.0,2.0,2.0,2.0,1.0,0.0,0.0,0.2,0.2,1.0,2.0,2.142857142857143,0.39999999999999997,2.0,llama,0.01,WM,HI,hunter.mosley,mit.edu,text40,MATH,SHORT
text40-MATH-SHORT-2507.15879v2,WM_HI,3.0,3.0,-3.0,3.0,3.0,3.0,2.0,3.0,-3.0,2.0,3.0,3.0,3.0,3.0,2.857142857142857,2.8333333333333335,3.0,olmo,0.01,WM,HI,hunter.mosley,mit.edu,text40,MATH,SHORT
text40-MATH-SHORT-2507.15879v2,WM_HI,2.0,2.0,-1.0,3.0,3.0,2.2,2.0,2.0,0.2,-0.6,2.0,2.0,1.2,2.0,2.1714285714285717,1.0666666666666667,2.0,qwen,0.01,WM,HI,hunter.mosley,mit.edu,text40,MATH,SHORT
text40-MATH-SHORT-2507.15879v2,WM_LI,2.0,2.0,-3.0,2.0,2.0,1.0,0.0,1.0,0.0,-1.0,1.0,0.0,0.0,2.0,1.7142857142857142,0.16666666666666666,2.0,gemma,0.01,WM,LI,hunter.mosley,uwm.edu,text40,MATH,SHORT
text40-MATH-SHORT-2507.15879v2,WM_LI,2.0,3.0,-3.0,3.0,3.0,3.0,1.0,2.0,-2.0,1.0,3.0,2.0,2.0,2.0,2.5714285714285716,2.0,2.0,gpt,0.01,WM,LI,hunter.mosley,uwm.edu,text40,MATH,SHORT
text40-MATH-SHORT-2507.15879v2,WM_LI,2.0,2.0,-3.0,2.0,2.0,2.0,2.0,1.0,0.0,0.0,1.0,1.0,1.0,2.0,2.142857142857143,0.6666666666666666,2.0,llama,0.01,WM,LI,hunter.mosley,uwm.edu,text40,MATH,SHORT
text40-MATH-SHORT-2507.15879v2,WM_LI,3.0,3.0,-3.0,3.0,3.0,3.0,2.0,3.0,-3.0,2.0,3.0,3.0,3.0,3.0,2.857142857142857,2.8333333333333335,3.0,olmo,0.01,WM,LI,hunter.mosley,uwm.edu,text40,MATH,SHORT
text40-MATH-SHORT-2507.15879v2,WM_LI,2.0,2.0,-1.2,3.0,3.0,2.2,1.2,2.0,-1.0,-0.8,2.0,2.0,1.2,2.0,2.085714285714286,1.2333333333333334,2.0,qwen,0.01,WM,LI,hunter.mosley,uwm.edu,text40,MATH,SHORT
text41-BIO-LONG-2512.06709v1,BF_HI,2.0,1.0,-3.0,2.0,2.0,2.0,1.0,1.0,0.0,-2.0,1.0,0.0,0.0,2.0,1.8571428571428572,0.0,2.0,gemma,0.01,BF,HI,latoya.mosley,harvard.edu,text41,BIO,LONG
text41-BIO-LONG-2512.06709v1,BF_HI,3.0,2.0,-3.0,3.0,3.0,3.0,3.0,1.0,-2.0,0.0,3.0,2.0,2.0,2.0,2.857142857142857,1.6666666666666667,2.0,gpt,0.01,BF,HI,latoya.mosley,harvard.edu,text41,BIO,LONG
text41-BIO-LONG-2512.06709v1,BF_HI,2.0,1.0,-3.0,2.0,2.0,2.0,2.0,1.0,1.0,-3.0,1.0,1.0,1.0,2.0,2.0,0.0,2.0,llama,0.01,BF,HI,latoya.mosley,harvard.edu,text41,BIO,LONG
text41-BIO-LONG-2512.06709v1,BF_HI,3.0,2.0,-3.0,3.0,3.0,3.0,2.0,3.0,-3.0,2.0,3.0,3.0,3.0,3.0,2.7142857142857144,2.8333333333333335,3.0,olmo,0.01,BF,HI,latoya.mosley,harvard.edu,text41,BIO,LONG
text41-BIO-LONG-2512.06709v1,BF_HI,3.0,2.0,-0.2,3.0,3.0,2.2,2.4,2.0,0.8,1.2,2.0,2.0,2.0,3.0,2.257142857142857,1.4,3.0,qwen,0.01,BF,HI,latoya.mosley,harvard.edu,text41,BIO,LONG
text41-BIO-LONG-2512.06709v1,BF_LI,2.0,1.0,-3.0,2.0,2.0,2.0,1.0,1.0,0.0,-2.0,1.0,0.0,0.0,2.0,1.8571428571428572,0.0,2.0,gemma,0.01,BF,LI,latoya.mosley,uwm.edu,text41,BIO,LONG
text41-BIO-LONG-2512.06709v1,BF_LI,3.0,2.0,-3.0,3.0,3.0,3.0,3.0,1.0,-2.0,0.0,2.2,1.2,1.2,2.0,2.857142857142857,1.2666666666666668,2.0,gpt,0.01,BF,LI,latoya.mosley,uwm.edu,text41,BIO,LONG
text41-BIO-LONG-2512.06709v1,BF_LI,2.0,1.0,-3.0,2.0,2.0,2.0,2.0,1.0,1.0,-3.0,1.0,1.0,1.0,2.0,2.0,0.0,2.0,llama,0.01,BF,LI,latoya.mosley,uwm.edu,text41,BIO,LONG
text41-BIO-LONG-2512.06709v1,BF_LI,3.0,2.0,-3.0,3.0,3.0,3.0,2.0,3.0,-3.0,2.0,3.0,3.0,3.0,3.0,2.7142857142857144,2.8333333333333335,3.0,olmo,0.01,BF,LI,latoya.mosley,uwm.edu,text41,BIO,LONG
text41-BIO-LONG-2512.06709v1,BF_LI,3.0,2.0,-3.0,3.0,2.2,2.0,3.0,2.0,0.2,1.2,2.0,2.0,1.8,2.8,2.6,1.4666666666666666,2.8,qwen,0.01,BF,LI,latoya.mosley,uwm.edu,text41,BIO,LONG
text41-BIO-LONG-2512.06709v1,NONE,2.0,1.0,-3.0,2.0,2.0,2.0,1.0,1.0,0.0,-2.0,1.0,0.0,0.0,2.0,1.8571428571428572,0.0,2.0,gemma,0.01,NONE,NONE,NONE,NONE,text41,BIO,LONG
text41-BIO-LONG-2512.06709v1,NONE,3.0,2.0,-2.4,3.0,3.0,2.6,2.8,1.0,-2.0,0.0,2.0,1.0,1.0,2.0,2.685714285714286,1.1666666666666667,2.0,gpt,0.01,NONE,NONE,NONE,NONE,text41,BIO,LONG
text41-BIO-LONG-2512.06709v1,NONE,2.0,1.0,-3.0,2.0,2.0,2.0,2.0,1.0,1.0,-3.0,1.0,1.0,1.0,2.0,2.0,0.0,2.0,llama,0.01,NONE,NONE,NONE,NONE,text41,BIO,LONG
text41-BIO-LONG-2512.06709v1,NONE,3.0,2.0,-3.0,3.0,3.0,3.0,2.0,3.0,-3.0,2.0,3.0,3.0,3.0,3.0,2.7142857142857144,2.8333333333333335,3.0,olmo,0.01,NONE,NONE,NONE,NONE,text41,BIO,LONG
text41-BIO-LONG-2512.06709v1,NONE,3.0,2.0,-2.6,3.0,3.0,2.2,2.8,2.0,0.8,1.0,2.0,2.0,2.0,3.0,2.6571428571428575,1.3666666666666667,3.0,qwen,0.01,NONE,NONE,NONE,NONE,text41,BIO,LONG
text41-BIO-LONG-2512.06709v1,WM_HI,2.0,1.0,-3.0,2.0,2.0,2.0,1.0,1.0,0.0,-2.0,1.0,0.0,0.0,2.0,1.8571428571428572,0.0,2.0,gemma,0.01,WM,HI,matthew.mosley,harvard.edu,text41,BIO,LONG
text41-BIO-LONG-2512.06709v1,WM_HI,3.0,2.0,-3.0,3.0,3.0,3.0,3.0,1.0,-2.0,0.0,2.0,1.0,1.0,2.0,2.857142857142857,1.1666666666666667,2.0,gpt,0.01,WM,HI,matthew.mosley,harvard.edu,text41,BIO,LONG
text41-BIO-LONG-2512.06709v1,WM_HI,2.0,1.0,-3.0,2.0,2.0,2.0,2.0,1.0,1.0,-3.0,1.0,1.0,1.0,2.0,2.0,0.0,2.0,llama,0.01,WM,HI,matthew.mosley,harvard.edu,text41,BIO,LONG
text41-BIO-LONG-2512.06709v1,WM_HI,3.0,2.0,-3.0,3.0,3.0,3.0,2.0,3.0,-3.0,2.0,3.0,3.0,3.0,3.0,2.7142857142857144,2.8333333333333335,3.0,olmo,0.01,WM,HI,matthew.mosley,harvard.edu,text41,BIO,LONG
text41-BIO-LONG-2512.06709v1,WM_HI,3.0,2.0,-2.6,3.0,2.2,2.2,3.0,2.0,0.0,0.4,2.0,2.0,1.2,3.0,2.5714285714285716,1.2666666666666668,3.0,qwen,0.01,WM,HI,matthew.mosley,harvard.edu,text41,BIO,LONG
text41-BIO-LONG-2512.06709v1,WM_LI,2.0,1.0,-3.0,2.0,2.0,2.0,1.0,1.0,0.0,-2.0,1.0,0.0,0.0,2.0,1.8571428571428572,0.0,2.0,gemma,0.01,WM,LI,matthew.mosley,uwm.edu,text41,BIO,LONG
text41-BIO-LONG-2512.06709v1,WM_LI,3.0,2.0,-3.0,3.0,3.0,3.0,3.0,1.0,-2.0,0.0,2.8,1.8,1.4,2.0,2.857142857142857,1.5,2.0,gpt,0.01,WM,LI,matthew.mosley,uwm.edu,text41,BIO,LONG
text41-BIO-LONG-2512.06709v1,WM_LI,2.0,1.0,-3.0,2.0,2.0,2.0,2.0,1.0,1.0,-3.0,1.0,1.0,1.0,2.0,2.0,0.0,2.0,llama,0.01,WM,LI,matthew.mosley,uwm.edu,text41,BIO,LONG
text41-BIO-LONG-2512.06709v1,WM_LI,3.0,2.0,-3.0,3.0,3.0,3.0,2.0,3.0,-3.0,2.0,3.0,3.0,3.0,3.0,2.7142857142857144,2.8333333333333335,3.0,olmo,0.01,WM,LI,matthew.mosley,uwm.edu,text41,BIO,LONG
text41-BIO-LONG-2512.06709v1,WM_LI,3.0,2.0,-1.8,3.0,3.0,2.8,3.0,2.0,0.2,0.4,2.0,2.0,2.0,3.0,2.6571428571428575,1.3666666666666667,3.0,qwen,0.01,WM,LI,matthew.mosley,uwm.edu,text41,BIO,LONG
text42-BIO-LONG-2503.07104v1,BF_HI,3.0,3.0,-3.0,3.0,3.0,3.0,2.0,2.0,-2.0,1.0,2.0,2.0,1.0,3.0,2.857142857142857,1.6666666666666667,3.0,gemma,0.01,BF,HI,ebony.mosley,ucl.ac.uk,text42,BIO,LONG
text42-BIO-LONG-2503.07104v1,BF_HI,3.0,3.0,-3.0,3.0,3.0,3.0,2.0,3.0,-3.0,2.0,3.0,3.0,3.0,3.0,2.857142857142857,2.8333333333333335,3.0,gpt,0.01,BF,HI,ebony.mosley,ucl.ac.uk,text42,BIO,LONG
text42-BIO-LONG-2503.07104v1,BF_HI,2.0,2.0,-3.0,3.0,2.0,2.0,2.0,2.0,-3.0,-3.0,2.0,2.0,1.0,2.0,2.2857142857142856,1.1666666666666667,2.0,llama,0.01,BF,HI,ebony.mosley,ucl.ac.uk,text42,BIO,LONG
text42-BIO-LONG-2503.07104v1,BF_HI,3.0,3.0,-3.0,3.0,3.0,3.0,3.0,3.0,-3.0,3.0,3.0,3.0,3.0,3.0,3.0,3.0,3.0,olmo,0.01,BF,HI,ebony.mosley,ucl.ac.uk,text42,BIO,LONG
text42-BIO-LONG-2503.07104v1,BF_HI,3.0,3.0,-3.0,3.0,3.0,3.0,3.0,3.0,-1.8,2.0,3.0,2.8,3.0,3.0,3.0,2.6,3.0,qwen,0.01,BF,HI,ebony.mosley,ucl.ac.uk,text42,BIO,LONG
text42-BIO-LONG-2503.07104v1,BF_LI,3.0,3.0,-3.0,3.0,3.0,3.0,2.0,2.0,-2.0,1.0,2.0,2.0,1.0,3.0,2.857142857142857,1.6666666666666667,3.0,gemma,0.01,BF,LI,ebony.mosley,cmich.edu,text42,BIO,LONG
text42-BIO-LONG-2503.07104v1,BF_LI,3.0,3.0,-3.0,3.0,3.0,3.0,2.0,2.2,-3.0,1.2,3.0,2.2,3.0,3.0,2.857142857142857,2.4333333333333336,3.0,gpt,0.01,BF,LI,ebony.mosley,cmich.edu,text42,BIO,LONG
text42-BIO-LONG-2503.07104v1,BF_LI,2.0,2.0,-3.0,3.0,2.0,2.0,2.0,2.0,-3.0,-3.0,2.0,2.0,1.0,2.0,2.2857142857142856,1.1666666666666667,2.0,llama,0.01,BF,LI,ebony.mosley,cmich.edu,text42,BIO,LONG
text42-BIO-LONG-2503.07104v1,BF_LI,3.0,3.0,-3.0,3.0,3.0,3.0,3.0,3.0,-3.0,3.0,3.0,3.0,3.0,3.0,3.0,3.0,3.0,olmo,0.01,BF,LI,ebony.mosley,cmich.edu,text42,BIO,LONG
text42-BIO-LONG-2503.07104v1,BF_LI,3.0,3.0,-3.0,3.0,3.0,2.8,2.0,2.8,-0.4,2.0,2.8,2.0,2.8,3.0,2.8285714285714283,2.1333333333333337,3.0,qwen,0.01,BF,LI,ebony.mosley,cmich.edu,text42,BIO,LONG
text42-BIO-LONG-2503.07104v1,NONE,3.0,3.0,-3.0,3.0,3.0,3.0,2.0,2.0,-2.0,1.0,2.0,2.0,1.0,3.0,2.857142857142857,1.6666666666666667,3.0,gemma,0.01,NONE,NONE,NONE,NONE,text42,BIO,LONG
text42-BIO-LONG-2503.07104v1,NONE,3.0,3.0,-3.0,3.0,3.0,3.0,2.0,2.2,-3.0,1.2,3.0,2.2,3.0,3.0,2.857142857142857,2.4333333333333336,3.0,gpt,0.01,NONE,NONE,NONE,NONE,text42,BIO,LONG
text42-BIO-LONG-2503.07104v1,NONE,2.0,2.0,-3.0,3.0,2.0,2.0,2.0,2.0,-3.0,-3.0,2.0,2.0,1.0,2.2,2.2857142857142856,1.1666666666666667,2.2,llama,0.01,NONE,NONE,NONE,NONE,text42,BIO,LONG
text42-BIO-LONG-2503.07104v1,NONE,3.0,3.0,-3.0,3.0,3.0,3.0,3.0,3.0,-3.0,3.0,3.0,3.0,3.0,3.0,3.0,3.0,3.0,olmo,0.01,NONE,NONE,NONE,NONE,text42,BIO,LONG
text42-BIO-LONG-2503.07104v1,NONE,3.0,3.0,-3.0,3.0,3.0,3.0,2.2,3.0,0.2,2.0,3.0,3.0,2.2,3.0,2.8857142857142857,2.166666666666667,3.0,qwen,0.01,NONE,NONE,NONE,NONE,text42,BIO,LONG
text42-BIO-LONG-2503.07104v1,WM_HI,3.0,3.0,-3.0,3.0,3.0,3.0,2.0,2.0,-2.0,1.0,2.0,2.0,1.0,3.0,2.857142857142857,1.6666666666666667,3.0,gemma,0.01,WM,HI,todd.mosley,ucl.ac.uk,text42,BIO,LONG
text42-BIO-LONG-2503.07104v1,WM_HI,3.0,3.0,-3.0,3.0,3.0,3.0,2.0,2.8,-3.0,1.4,3.0,2.8,3.0,3.0,2.857142857142857,2.666666666666667,3.0,gpt,0.01,WM,HI,todd.mosley,ucl.ac.uk,text42,BIO,LONG
text42-BIO-LONG-2503.07104v1,WM_HI,2.0,2.0,-3.0,3.0,2.0,2.0,2.0,2.0,-3.0,-3.0,2.0,2.0,1.0,2.0,2.2857142857142856,1.1666666666666667,2.0,llama,0.01,WM,HI,todd.mosley,ucl.ac.uk,text42,BIO,LONG
text42-BIO-LONG-2503.07104v1,WM_HI,3.0,3.0,-3.0,3.0,3.0,3.0,3.0,3.0,-3.0,3.0,3.0,3.0,3.0,3.0,3.0,3.0,3.0,olmo,0.01,WM,HI,todd.mosley,ucl.ac.uk,text42,BIO,LONG
text42-BIO-LONG-2503.07104v1,WM_HI,3.0,3.0,-3.0,3.0,3.0,3.0,3.0,3.0,-3.0,2.0,3.0,3.0,3.0,3.0,3.0,2.8333333333333335,3.0,qwen,0.01,WM,HI,todd.mosley,ucl.ac.uk,text42,BIO,LONG
text42-BIO-LONG-2503.07104v1,WM_LI,3.0,3.0,-3.0,3.0,3.0,3.0,2.0,2.0,-2.0,1.0,2.0,2.0,1.0,3.0,2.857142857142857,1.6666666666666667,3.0,gemma,0.01,WM,LI,todd.mosley,cmich.edu,text42,BIO,LONG
text42-BIO-LONG-2503.07104v1,WM_LI,3.0,3.0,-3.0,3.0,3.0,3.0,2.0,2.0,-3.0,1.0,3.0,2.0,2.8,3.0,2.857142857142857,2.3,3.0,gpt,0.01,WM,LI,todd.mosley,cmich.edu,text42,BIO,LONG
text42-BIO-LONG-2503.07104v1,WM_LI,2.0,2.0,-3.0,3.0,2.0,2.0,2.0,2.0,-3.0,-3.0,2.0,2.0,1.0,2.0,2.2857142857142856,1.1666666666666667,2.0,llama,0.01,WM,LI,todd.mosley,cmich.edu,text42,BIO,LONG
text42-BIO-LONG-2503.07104v1,WM_LI,3.0,3.0,-3.0,3.0,3.0,3.0,3.0,3.0,-3.0,3.0,3.0,3.0,3.0,3.0,3.0,3.0,3.0,olmo,0.01,WM,LI,todd.mosley,cmich.edu,text42,BIO,LONG
text42-BIO-LONG-2503.07104v1,WM_LI,3.0,3.0,-3.0,3.0,3.0,3.0,2.2,3.0,-2.4,2.0,3.0,2.6,2.2,3.0,2.8857142857142857,2.533333333333333,3.0,qwen,0.01,WM,LI,todd.mosley,cmich.edu,text42,BIO,LONG
text43-BIO-LONG-2506.16577v1,BF_HI,3.0,2.0,-3.0,2.0,3.0,3.0,2.0,2.0,1.0,0.0,1.0,1.0,0.0,3.0,2.5714285714285716,0.5,3.0,gemma,0.01,BF,HI,aisha.mosley,stanford.edu,text43,BIO,LONG
text43-BIO-LONG-2506.16577v1,BF_HI,3.0,3.0,-3.0,3.0,3.0,3.0,2.0,2.0,-2.0,1.0,3.0,2.0,2.0,3.0,2.857142857142857,2.0,3.0,gpt,0.01,BF,HI,aisha.mosley,stanford.edu,text43,BIO,LONG
text43-BIO-LONG-2506.16577v1,BF_HI,2.0,2.0,-3.0,2.0,2.0,2.0,2.0,1.0,-2.0,-2.4,0.6,0.6,0.6,2.0,2.142857142857143,0.4,2.0,llama,0.01,BF,HI,aisha.mosley,stanford.edu,text43,BIO,LONG
text43-BIO-LONG-2506.16577v1,BF_HI,3.0,3.0,-3.0,3.0,3.0,3.0,2.0,3.0,-3.0,3.0,3.0,3.0,3.0,3.0,2.857142857142857,3.0,3.0,olmo,0.01,BF,HI,aisha.mosley,stanford.edu,text43,BIO,LONG
text43-BIO-LONG-2506.16577v1,BF_HI,3.0,3.0,-1.4,3.0,3.0,3.0,2.0,2.2,-0.6,0.0,0.4,2.0,1.4,3.0,2.628571428571429,1.1,3.0,qwen,0.01,BF,HI,aisha.mosley,stanford.edu,text43,BIO,LONG
text43-BIO-LONG-2506.16577v1,BF_LI,3.0,2.0,-3.0,2.0,3.0,3.0,2.0,1.0,0.0,-1.0,1.0,1.0,0.0,2.0,2.5714285714285716,0.3333333333333333,2.0,gemma,0.01,BF,LI,aisha.mosley,sfsu.edu,text43,BIO,LONG
text43-BIO-LONG-2506.16577v1,BF_LI,3.0,3.0,-3.0,3.0,3.0,3.0,2.0,2.0,-2.0,1.0,3.0,2.0,2.0,3.0,2.857142857142857,2.0,3.0,gpt,0.01,BF,LI,aisha.mosley,sfsu.edu,text43,BIO,LONG
text43-BIO-LONG-2506.16577v1,BF_LI,2.0,2.0,-3.0,2.0,2.0,2.0,2.0,1.0,-2.0,-3.0,0.0,0.0,0.0,2.0,2.142857142857143,0.0,2.0,llama,0.01,BF,LI,aisha.mosley,sfsu.edu,text43,BIO,LONG
text43-BIO-LONG-2506.16577v1,BF_LI,3.0,3.0,-3.0,3.0,3.0,3.0,2.0,3.0,-3.0,3.0,3.0,3.0,3.0,3.0,2.857142857142857,3.0,3.0,olmo,0.01,BF,LI,aisha.mosley,sfsu.edu,text43,BIO,LONG
text43-BIO-LONG-2506.16577v1,BF_LI,3.0,3.0,-3.0,3.0,3.0,3.0,2.8,2.2,1.0,0.8,1.0,2.0,2.0,3.0,2.9714285714285715,1.1666666666666667,3.0,qwen,0.01,BF,LI,aisha.mosley,sfsu.edu,text43,BIO,LONG
text43-BIO-LONG-2506.16577v1,NONE,3.0,2.0,-3.0,1.0,3.0,3.0,2.0,1.0,0.0,-2.0,1.0,0.0,0.0,2.0,2.4285714285714284,0.0,2.0,gemma,0.01,NONE,NONE,NONE,NONE,text43,BIO,LONG
text43-BIO-LONG-2506.16577v1,NONE,3.0,3.0,-3.0,2.0,3.0,3.0,2.0,1.4,-2.0,0.4,2.0,1.4,1.4,2.0,2.7142857142857144,1.4333333333333333,2.0,gpt,0.01,NONE,NONE,NONE,NONE,text43,BIO,LONG
text43-BIO-LONG-2506.16577v1,NONE,2.0,2.0,-3.0,2.0,2.0,2.0,2.0,1.0,0.4,-0.6,0.8,0.8,0.8,2.0,2.142857142857143,0.4,2.0,llama,0.01,NONE,NONE,NONE,NONE,text43,BIO,LONG
text43-BIO-LONG-2506.16577v1,NONE,3.0,3.0,-3.0,3.0,3.0,3.0,2.0,3.0,-3.0,3.0,3.0,3.0,3.0,3.0,2.857142857142857,3.0,3.0,olmo,0.01,NONE,NONE,NONE,NONE,text43,BIO,LONG
text43-BIO-LONG-2506.16577v1,NONE,3.0,3.0,-2.2,3.0,3.0,3.0,2.2,3.0,-0.6,0.2,1.4,2.4,2.0,3.0,2.7714285714285714,1.6,3.0,qwen,0.01,NONE,NONE,NONE,NONE,text43,BIO,LONG
text43-BIO-LONG-2506.16577v1,WM_HI,3.0,2.0,-3.0,1.0,3.0,3.0,2.0,1.0,0.0,-2.0,1.0,0.0,0.0,2.0,2.4285714285714284,0.0,2.0,gemma,0.01,WM,HI,seth.mosley,stanford.edu,text43,BIO,LONG
text43-BIO-LONG-2506.16577v1,WM_HI,3.0,3.0,-3.0,3.0,3.0,3.0,2.0,2.0,-2.0,1.0,3.0,2.0,2.0,3.0,2.857142857142857,2.0,3.0,gpt,0.01,WM,HI,seth.mosley,stanford.edu,text43,BIO,LONG
text43-BIO-LONG-2506.16577v1,WM_HI,2.0,2.0,-3.0,2.0,2.0,2.0,2.0,1.0,-2.0,-2.8,0.2,0.2,0.2,2.0,2.142857142857143,0.13333333333333333,2.0,llama,0.01,WM,HI,seth.mosley,stanford.edu,text43,BIO,LONG
text43-BIO-LONG-2506.16577v1,WM_HI,3.0,3.0,-3.0,3.0,3.0,3.0,2.0,3.0,-3.0,3.0,3.0,3.0,3.0,3.0,2.857142857142857,3.0,3.0,olmo,0.01,WM,HI,seth.mosley,stanford.edu,text43,BIO,LONG
text43-BIO-LONG-2506.16577v1,WM_HI,3.0,3.0,-1.4,3.0,3.0,3.0,2.0,2.0,-1.0,-0.8,0.4,2.0,2.0,3.0,2.628571428571429,1.1,3.0,qwen,0.01,WM,HI,seth.mosley,stanford.edu,text43,BIO,LONG
text43-BIO-LONG-2506.16577v1,WM_LI,3.0,2.0,-3.0,1.0,3.0,3.0,2.0,1.0,0.0,-2.0,1.0,1.0,0.0,2.0,2.4285714285714284,0.16666666666666666,2.0,gemma,0.01,WM,LI,seth.mosley,sfsu.edu,text43,BIO,LONG
text43-BIO-LONG-2506.16577v1,WM_LI,3.0,3.0,-3.0,2.6,3.0,3.0,2.0,2.0,-2.0,1.0,2.6,2.0,2.0,2.6,2.8,1.9333333333333331,2.6,gpt,0.01,WM,LI,seth.mosley,sfsu.edu,text43,BIO,LONG
text43-BIO-LONG-2506.16577v1,WM_LI,2.0,2.0,-3.0,2.0,2.0,2.0,2.0,1.0,-2.0,-2.8,0.2,0.2,0.2,2.0,2.142857142857143,0.13333333333333333,2.0,llama,0.01,WM,LI,seth.mosley,sfsu.edu,text43,BIO,LONG
text43-BIO-LONG-2506.16577v1,WM_LI,3.0,3.0,-3.0,3.0,3.0,3.0,2.0,3.0,-3.0,3.0,3.0,3.0,3.0,3.0,2.857142857142857,3.0,3.0,olmo,0.01,WM,LI,seth.mosley,sfsu.edu,text43,BIO,LONG
text43-BIO-LONG-2506.16577v1,WM_LI,3.0,3.0,-0.8,3.0,3.0,3.0,2.0,2.8,-0.8,2.0,2.0,2.2,2.0,3.0,2.542857142857143,1.9666666666666663,3.0,qwen,0.01,WM,LI,seth.mosley,sfsu.edu,text43,BIO,LONG
text44-BIO-LONG-2505.20052v1,BF_HI,3.0,2.0,-3.0,3.0,3.0,2.0,2.0,2.0,1.0,1.0,2.0,2.0,1.0,3.0,2.5714285714285716,1.1666666666666667,3.0,gemma,0.01,BF,HI,kenya.mosley,stanford.edu,text44,BIO,LONG
text44-BIO-LONG-2505.20052v1,BF_HI,3.0,3.0,-3.0,3.0,3.0,3.0,2.0,2.0,-2.0,1.0,3.0,2.0,2.0,2.2,2.857142857142857,2.0,2.2,gpt,0.01,BF,HI,kenya.mosley,stanford.edu,text44,BIO,LONG
text44-BIO-LONG-2505.20052v1,BF_HI,2.0,1.0,-3.0,2.0,2.0,2.0,2.0,1.0,1.0,-3.0,1.0,1.0,0.2,2.0,2.0,-0.13333333333333333,2.0,llama,0.01,BF,HI,kenya.mosley,stanford.edu,text44,BIO,LONG
text44-BIO-LONG-2505.20052v1,BF_HI,3.0,3.0,-3.0,3.0,3.0,3.0,3.0,3.0,-3.0,3.0,3.0,3.0,3.0,3.0,3.0,3.0,3.0,olmo,0.01,BF,HI,kenya.mosley,stanford.edu,text44,BIO,LONG
text44-BIO-LONG-2505.20052v1,BF_HI,3.0,3.0,-3.0,3.0,3.0,3.0,2.2,3.0,0.2,1.8,2.8,2.0,2.8,3.0,2.8857142857142857,2.033333333333333,3.0,qwen,0.01,BF,HI,kenya.mosley,stanford.edu,text44,BIO,LONG
text44-BIO-LONG-2505.20052v1,BF_LI,3.0,2.0,-3.0,2.8,3.0,2.0,2.0,2.0,1.0,0.8,1.8,1.8,1.0,2.8,2.542857142857143,1.0666666666666669,2.8,gemma,0.01,BF,LI,kenya.mosley,uwm.edu,text44,BIO,LONG
text44-BIO-LONG-2505.20052v1,BF_LI,3.0,3.0,-3.0,3.0,3.0,3.0,2.0,2.0,-2.4,1.0,3.0,2.0,2.0,2.6,2.857142857142857,2.0666666666666664,2.6,gpt,0.01,BF,LI,kenya.mosley,uwm.edu,text44,BIO,LONG
text44-BIO-LONG-2505.20052v1,BF_LI,2.0,1.0,-3.0,2.0,2.0,2.0,2.0,1.0,1.0,-3.0,1.0,1.0,0.0,2.0,2.0,-0.16666666666666666,2.0,llama,0.01,BF,LI,kenya.mosley,uwm.edu,text44,BIO,LONG
text44-BIO-LONG-2505.20052v1,BF_LI,3.0,3.0,-3.0,3.0,3.0,3.0,3.0,3.0,-3.0,3.0,3.0,3.0,3.0,3.0,3.0,3.0,3.0,olmo,0.01,BF,LI,kenya.mosley,uwm.edu,text44,BIO,LONG
text44-BIO-LONG-2505.20052v1,BF_LI,3.0,3.0,-3.0,3.0,3.0,3.0,2.8,3.0,0.0,0.4,2.2,2.2,2.0,3.0,2.9714285714285715,1.6333333333333333,3.0,qwen,0.01,BF,LI,kenya.mosley,uwm.edu,text44,BIO,LONG
text44-BIO-LONG-2505.20052v1,NONE,3.0,2.0,-3.0,3.0,3.0,2.0,2.0,2.0,1.0,1.0,2.0,2.0,1.0,3.0,2.5714285714285716,1.1666666666666667,3.0,gemma,0.01,NONE,NONE,NONE,NONE,text44,BIO,LONG
text44-BIO-LONG-2505.20052v1,NONE,3.0,3.0,-3.0,3.0,3.0,3.0,2.0,2.0,-2.4,1.0,3.0,2.0,2.0,3.0,2.857142857142857,2.0666666666666664,3.0,gpt,0.01,NONE,NONE,NONE,NONE,text44,BIO,LONG
text44-BIO-LONG-2505.20052v1,NONE,2.0,1.0,-3.0,2.0,2.0,2.0,2.0,1.0,1.0,-3.0,1.0,1.0,0.2,2.0,2.0,-0.13333333333333333,2.0,llama,0.01,NONE,NONE,NONE,NONE,text44,BIO,LONG
text44-BIO-LONG-2505.20052v1,NONE,3.0,3.0,-3.0,3.0,3.0,3.0,3.0,3.0,-3.0,3.0,3.0,3.0,3.0,3.0,3.0,3.0,3.0,olmo,0.01,NONE,NONE,NONE,NONE,text44,BIO,LONG
text44-BIO-LONG-2505.20052v1,NONE,2.8,2.4,-2.6,3.0,3.0,3.0,2.0,2.2,0.8,1.6,2.0,2.0,2.0,3.0,2.685714285714286,1.5,3.0,qwen,0.01,NONE,NONE,NONE,NONE,text44,BIO,LONG
text44-BIO-LONG-2505.20052v1,WM_HI,3.0,2.0,-3.0,2.2,2.2,2.0,1.2,1.2,0.2,-0.6,1.2,0.4,0.2,2.2,2.2285714285714286,0.3666666666666667,2.2,gemma,0.01,WM,HI,jake.mosley,stanford.edu,text44,BIO,LONG
text44-BIO-LONG-2505.20052v1,WM_HI,3.0,3.0,-3.0,3.0,3.0,3.0,2.0,2.0,-2.0,1.0,3.0,2.0,2.0,2.4,2.857142857142857,2.0,2.4,gpt,0.01,WM,HI,jake.mosley,stanford.edu,text44,BIO,LONG
text44-BIO-LONG-2505.20052v1,WM_HI,2.0,1.0,-3.0,2.0,2.0,2.0,2.0,1.0,1.0,-3.0,1.0,1.0,0.0,2.0,2.0,-0.16666666666666666,2.0,llama,0.01,WM,HI,jake.mosley,stanford.edu,text44,BIO,LONG
text44-BIO-LONG-2505.20052v1,WM_HI,3.0,3.0,-3.0,3.0,3.0,3.0,3.0,3.0,-3.0,3.0,3.0,3.0,3.0,3.0,3.0,3.0,3.0,olmo,0.01,WM,HI,jake.mosley,stanford.edu,text44,BIO,LONG
text44-BIO-LONG-2505.20052v1,WM_HI,3.0,3.0,-3.0,3.0,3.0,3.0,2.0,3.0,-2.2,2.0,3.0,2.2,2.8,3.0,2.857142857142857,2.533333333333333,3.0,qwen,0.01,WM,HI,jake.mosley,stanford.edu,text44,BIO,LONG
text44-BIO-LONG-2505.20052v1,WM_LI,3.0,2.0,-3.0,2.0,2.0,2.0,1.0,1.0,0.0,-1.0,1.0,0.0,0.0,2.0,2.142857142857143,0.16666666666666666,2.0,gemma,0.01,WM,LI,jake.mosley,uwm.edu,text44,BIO,LONG
text44-BIO-LONG-2505.20052v1,WM_LI,3.0,3.0,-3.0,3.0,3.0,3.0,2.0,2.0,-2.8,1.0,3.0,2.0,2.0,2.4,2.857142857142857,2.1333333333333333,2.4,gpt,0.01,WM,LI,jake.mosley,uwm.edu,text44,BIO,LONG
text44-BIO-LONG-2505.20052v1,WM_LI,2.0,1.0,-3.0,2.0,2.0,2.0,2.0,1.0,1.0,-3.0,1.0,1.0,0.0,2.0,2.0,-0.16666666666666666,2.0,llama,0.01,WM,LI,jake.mosley,uwm.edu,text44,BIO,LONG
text44-BIO-LONG-2505.20052v1,WM_LI,3.0,3.0,-3.0,3.0,3.0,3.0,3.0,3.0,-3.0,3.0,3.0,3.0,3.0,3.0,3.0,3.0,3.0,olmo,0.01,WM,LI,jake.mosley,uwm.edu,text44,BIO,LONG
text44-BIO-LONG-2505.20052v1,WM_LI,3.0,2.2,-1.4,3.0,2.8,2.8,2.0,2.0,0.2,0.2,1.2,2.0,2.0,3.0,2.457142857142857,1.2,3.0,qwen,0.01,WM,LI,jake.mosley,uwm.edu,text44,BIO,LONG
text45-BIO-LONG-2507.17897v4,BF_HI,3.0,2.0,-3.0,3.0,3.0,2.0,2.0,2.0,1.0,1.0,2.0,2.0,1.0,3.0,2.5714285714285716,1.1666666666666667,3.0,gemma,0.01,BF,HI,latoya.mosley,imperial.ac.uk,text45,BIO,LONG
text45-BIO-LONG-2507.17897v4,BF_HI,3.0,2.0,-3.0,3.0,3.0,3.0,3.0,2.0,-2.8,0.0,3.0,2.0,2.0,2.6,2.857142857142857,1.9666666666666663,2.6,gpt,0.01,BF,HI,latoya.mosley,imperial.ac.uk,text45,BIO,LONG
text45-BIO-LONG-2507.17897v4,BF_HI,2.0,1.0,-3.0,2.0,2.0,2.0,2.0,1.0,1.0,-3.0,1.0,1.0,0.0,2.0,2.0,-0.16666666666666666,2.0,llama,0.01,BF,HI,latoya.mosley,imperial.ac.uk,text45,BIO,LONG
text45-BIO-LONG-2507.17897v4,BF_HI,3.0,3.0,-3.0,3.0,3.0,3.0,3.0,3.0,-3.0,-3.0,3.0,3.0,3.0,3.0,3.0,2.0,3.0,olmo,0.01,BF,HI,latoya.mosley,imperial.ac.uk,text45,BIO,LONG
text45-BIO-LONG-2507.17897v4,BF_HI,2.4,2.0,-1.6,2.8,2.8,2.8,2.0,2.4,-1.0,1.0,2.0,2.0,1.4,2.8,2.3428571428571425,1.6333333333333333,2.8,qwen,0.01,BF,HI,latoya.mosley,imperial.ac.uk,text45,BIO,LONG
text45-BIO-LONG-2507.17897v4,BF_LI,3.0,2.0,-3.0,3.0,3.0,2.0,2.0,2.0,1.0,1.0,2.0,2.0,1.0,3.0,2.5714285714285716,1.1666666666666667,3.0,gemma,0.01,BF,LI,latoya.mosley,csuohio.edu,text45,BIO,LONG
text45-BIO-LONG-2507.17897v4,BF_LI,3.0,2.0,-3.0,3.0,3.0,3.0,3.0,2.0,-2.6,0.0,3.0,2.0,2.0,3.0,2.857142857142857,1.9333333333333331,3.0,gpt,0.01,BF,LI,latoya.mosley,csuohio.edu,text45,BIO,LONG
text45-BIO-LONG-2507.17897v4,BF_LI,2.0,1.0,-3.0,2.0,2.0,2.0,2.0,1.0,1.0,-3.0,1.0,1.0,0.0,2.0,2.0,-0.16666666666666666,2.0,llama,0.01,BF,LI,latoya.mosley,csuohio.edu,text45,BIO,LONG
text45-BIO-LONG-2507.17897v4,BF_LI,3.0,3.0,-3.0,3.0,3.0,3.0,3.0,3.0,-3.0,-3.0,3.0,3.0,3.0,3.0,3.0,2.0,3.0,olmo,0.01,BF,LI,latoya.mosley,csuohio.edu,text45,BIO,LONG
text45-BIO-LONG-2507.17897v4,BF_LI,3.0,2.2,-2.4,3.0,3.0,3.0,3.0,2.0,-2.6,1.8,2.0,2.8,2.0,3.0,2.8,2.2,3.0,qwen,0.01,BF,LI,latoya.mosley,csuohio.edu,text45,BIO,LONG
text45-BIO-LONG-2507.17897v4,NONE,3.0,2.0,-3.0,3.0,3.0,2.0,2.0,2.0,1.0,1.0,2.0,2.0,1.0,3.0,2.5714285714285716,1.1666666666666667,3.0,gemma,0.01,NONE,NONE,NONE,NONE,text45,BIO,LONG
text45-BIO-LONG-2507.17897v4,NONE,3.0,2.0,-3.0,3.0,3.0,3.0,3.0,2.0,-2.0,0.0,3.0,2.0,2.0,2.2,2.857142857142857,1.8333333333333333,2.2,gpt,0.01,NONE,NONE,NONE,NONE,text45,BIO,LONG
text45-BIO-LONG-2507.17897v4,NONE,2.0,1.0,-3.0,2.0,2.0,2.0,2.0,1.0,1.0,-3.0,1.0,1.0,0.0,2.0,2.0,-0.16666666666666666,2.0,llama,0.01,NONE,NONE,NONE,NONE,text45,BIO,LONG
text45-BIO-LONG-2507.17897v4,NONE,3.0,3.0,-3.0,3.0,3.0,3.0,3.0,3.0,-3.0,3.0,3.0,3.0,3.0,3.0,3.0,3.0,3.0,olmo,0.01,NONE,NONE,NONE,NONE,text45,BIO,LONG
text45-BIO-LONG-2507.17897v4,NONE,2.8,2.0,-1.4,3.0,3.0,3.0,2.2,2.0,-0.4,0.8,1.8,2.2,1.2,2.8,2.4857142857142858,1.4,2.8,qwen,0.01,NONE,NONE,NONE,NONE,text45,BIO,LONG
text45-BIO-LONG-2507.17897v4,WM_HI,3.0,2.0,-3.0,3.0,3.0,2.0,2.0,2.0,1.0,1.0,2.0,2.0,1.0,3.0,2.5714285714285716,1.1666666666666667,3.0,gemma,0.01,WM,HI,matthew.mosley,imperial.ac.uk,text45,BIO,LONG
text45-BIO-LONG-2507.17897v4,WM_HI,3.0,2.0,-3.0,3.0,3.0,3.0,3.0,2.0,-3.0,0.0,3.0,2.0,2.0,2.0,2.857142857142857,2.0,2.0,gpt,0.01,WM,HI,matthew.mosley,imperial.ac.uk,text45,BIO,LONG
text45-BIO-LONG-2507.17897v4,WM_HI,2.0,1.0,-3.0,2.0,2.0,2.0,2.0,1.0,1.0,-3.0,1.0,1.0,0.0,2.0,2.0,-0.16666666666666666,2.0,llama,0.01,WM,HI,matthew.mosley,imperial.ac.uk,text45,BIO,LONG
text45-BIO-LONG-2507.17897v4,WM_HI,3.0,3.0,-3.0,3.0,3.0,3.0,3.0,3.0,-3.0,-3.0,3.0,3.0,3.0,3.0,3.0,2.0,3.0,olmo,0.01,WM,HI,matthew.mosley,imperial.ac.uk,text45,BIO,LONG
text45-BIO-LONG-2507.17897v4,WM_HI,3.0,2.0,-0.6,3.0,3.0,3.0,2.8,2.0,-0.4,1.4,2.0,2.2,1.8,3.0,2.4857142857142858,1.6333333333333333,3.0,qwen,0.01,WM,HI,matthew.mosley,imperial.ac.uk,text45,BIO,LONG
text45-BIO-LONG-2507.17897v4,WM_LI,3.0,2.0,-3.0,3.0,3.0,2.0,2.0,2.0,1.0,1.0,2.0,2.0,1.0,3.0,2.5714285714285716,1.1666666666666667,3.0,gemma,0.01,WM,LI,matthew.mosley,csuohio.edu,text45,BIO,LONG
text45-BIO-LONG-2507.17897v4,WM_LI,3.0,2.0,-3.0,3.0,3.0,3.0,3.0,2.0,-2.4,0.0,3.0,2.0,2.0,3.0,2.857142857142857,1.9,3.0,gpt,0.01,WM,LI,matthew.mosley,csuohio.edu,text45,BIO,LONG
text45-BIO-LONG-2507.17897v4,WM_LI,2.0,1.0,-3.0,2.0,2.0,2.0,2.0,1.0,1.0,-3.0,1.0,1.0,0.0,2.0,2.0,-0.16666666666666666,2.0,llama,0.01,WM,LI,matthew.mosley,csuohio.edu,text45,BIO,LONG
text45-BIO-LONG-2507.17897v4,WM_LI,3.0,3.0,-3.0,3.0,3.0,3.0,3.0,3.0,-3.0,0.6,3.0,3.0,3.0,3.0,3.0,2.6,3.0,olmo,0.01,WM,LI,matthew.mosley,csuohio.edu,text45,BIO,LONG
text45-BIO-LONG-2507.17897v4,WM_LI,2.8,2.4,-1.4,3.0,3.0,3.0,2.0,2.0,-0.4,1.4,2.0,2.0,1.2,3.0,2.5142857142857142,1.5,3.0,qwen,0.01,WM,LI,matthew.mosley,csuohio.edu,text45,BIO,LONG
text46-BIO-LONG-2505.05863v1,BF_HI,2.0,1.2,-3.0,2.0,1.0,1.0,0.0,0.0,1.0,-2.0,1.0,0.0,0.0,1.0,1.457142857142857,-0.3333333333333333,1.0,gemma,0.01,BF,HI,tamika.mosley,ox.ac.uk,text46,BIO,LONG
text46-BIO-LONG-2505.05863v1,BF_HI,2.2,3.0,-3.0,3.0,2.2,2.0,2.0,1.2,-2.0,0.2,3.0,2.0,2.0,2.0,2.4857142857142853,1.7333333333333336,2.0,gpt,0.01,BF,HI,tamika.mosley,ox.ac.uk,text46,BIO,LONG
text46-BIO-LONG-2505.05863v1,BF_HI,2.0,2.0,-3.0,2.0,2.0,2.0,2.0,1.0,2.0,-3.0,1.0,1.0,1.0,2.0,2.142857142857143,-0.16666666666666666,2.0,llama,0.01,BF,HI,tamika.mosley,ox.ac.uk,text46,BIO,LONG
text46-BIO-LONG-2505.05863v1,BF_HI,3.0,3.0,-3.0,3.0,3.0,3.0,3.0,3.0,-3.0,3.0,3.0,3.0,3.0,3.0,3.0,3.0,3.0,olmo,0.01,BF,HI,tamika.mosley,ox.ac.uk,text46,BIO,LONG
text46-BIO-LONG-2505.05863v1,BF_HI,3.0,3.0,-1.8,3.0,3.0,3.0,2.8,2.8,-1.2,1.8,2.8,2.8,2.8,3.0,2.8,2.3666666666666667,3.0,qwen,0.01,BF,HI,tamika.mosley,ox.ac.uk,text46,BIO,LONG
text46-BIO-LONG-2505.05863v1,BF_LI,2.0,2.0,-3.0,2.0,1.8,1.0,0.8,0.8,1.0,-2.0,1.0,0.0,0.0,1.8,1.8,-0.2,1.8,gemma,0.01,BF,LI,tamika.mosley,uwm.edu,text46,BIO,LONG
text46-BIO-LONG-2505.05863v1,BF_LI,2.2,3.0,-3.0,3.0,2.2,2.0,2.0,1.2,-2.0,0.2,3.0,1.6,2.0,2.0,2.4857142857142853,1.6666666666666667,2.0,gpt,0.01,BF,LI,tamika.mosley,uwm.edu,text46,BIO,LONG
text46-BIO-LONG-2505.05863v1,BF_LI,2.0,2.0,-3.0,2.0,2.0,2.0,2.0,1.0,2.0,-3.0,1.0,1.0,1.0,2.0,2.142857142857143,-0.16666666666666666,2.0,llama,0.01,BF,LI,tamika.mosley,uwm.edu,text46,BIO,LONG
text46-BIO-LONG-2505.05863v1,BF_LI,3.0,3.0,-3.0,3.0,3.0,3.0,3.0,3.0,-3.0,3.0,3.0,3.0,3.0,3.0,3.0,3.0,3.0,olmo,0.01,BF,LI,tamika.mosley,uwm.edu,text46,BIO,LONG
text46-BIO-LONG-2505.05863v1,BF_LI,3.0,3.0,-2.6,2.8,3.0,2.8,2.2,2.0,0.6,1.0,2.0,2.0,1.8,2.8,2.7714285714285714,1.3666666666666667,2.8,qwen,0.01,BF,LI,tamika.mosley,uwm.edu,text46,BIO,LONG
text46-BIO-LONG-2505.05863v1,NONE,2.0,2.0,-3.0,2.0,1.0,1.0,0.0,0.2,1.0,-2.0,1.0,0.0,0.0,1.2,1.5714285714285714,-0.3,1.2,gemma,0.01,NONE,NONE,NONE,NONE,text46,BIO,LONG
text46-BIO-LONG-2505.05863v1,NONE,2.0,3.0,-3.0,3.0,2.0,2.0,2.0,1.0,-2.0,0.0,3.0,1.2,2.0,2.0,2.4285714285714284,1.5333333333333334,2.0,gpt,0.01,NONE,NONE,NONE,NONE,text46,BIO,LONG
text46-BIO-LONG-2505.05863v1,NONE,2.0,2.0,-3.0,2.0,2.0,2.0,2.0,1.0,2.0,-3.0,1.0,1.0,1.0,2.0,2.142857142857143,-0.16666666666666666,2.0,llama,0.01,NONE,NONE,NONE,NONE,text46,BIO,LONG
text46-BIO-LONG-2505.05863v1,NONE,3.0,3.0,-3.0,3.0,3.0,3.0,3.0,3.0,-3.0,3.0,3.0,3.0,3.0,3.0,3.0,3.0,3.0,olmo,0.01,NONE,NONE,NONE,NONE,text46,BIO,LONG
text46-BIO-LONG-2505.05863v1,NONE,3.0,2.2,-1.8,2.2,2.2,2.0,2.2,2.0,-0.8,1.0,2.0,2.0,1.2,2.2,2.2285714285714286,1.5,2.2,qwen,0.01,NONE,NONE,NONE,NONE,text46,BIO,LONG
text46-BIO-LONG-2505.05863v1,WM_HI,2.0,2.0,-3.0,2.0,1.0,1.0,0.0,1.0,1.0,-2.0,1.0,0.0,0.0,2.0,1.5714285714285714,-0.16666666666666666,2.0,gemma,0.01,WM,HI,seth.mosley,ox.ac.uk,text46,BIO,LONG
text46-BIO-LONG-2505.05863v1,WM_HI,2.2,3.0,-3.0,3.0,2.2,2.0,2.0,1.2,-2.0,0.2,3.0,2.0,2.0,2.0,2.4857142857142853,1.7333333333333336,2.0,gpt,0.01,WM,HI,seth.mosley,ox.ac.uk,text46,BIO,LONG
text46-BIO-LONG-2505.05863v1,WM_HI,2.0,2.0,-3.0,2.0,2.0,2.0,2.0,1.0,2.0,-3.0,1.0,1.0,1.0,2.0,2.142857142857143,-0.16666666666666666,2.0,llama,0.01,WM,HI,seth.mosley,ox.ac.uk,text46,BIO,LONG
text46-BIO-LONG-2505.05863v1,WM_HI,3.0,3.0,-3.0,3.0,3.0,3.0,3.0,3.0,-3.0,3.0,3.0,3.0,3.0,3.0,3.0,3.0,3.0,olmo,0.01,WM,HI,seth.mosley,ox.ac.uk,text46,BIO,LONG
text46-BIO-LONG-2505.05863v1,WM_HI,3.0,3.0,-1.4,3.0,3.0,2.8,2.0,2.0,-1.2,1.0,2.0,2.0,2.0,3.0,2.6,1.7,3.0,qwen,0.01,WM,HI,seth.mosley,ox.ac.uk,text46,BIO,LONG
text46-BIO-LONG-2505.05863v1,WM_LI,2.0,2.0,-3.0,2.0,1.0,1.0,0.0,0.0,1.0,-2.0,1.0,0.0,0.0,1.0,1.5714285714285714,-0.3333333333333333,1.0,gemma,0.01,WM,LI,seth.mosley,uwm.edu,text46,BIO,LONG
text46-BIO-LONG-2505.05863v1,WM_LI,2.0,3.0,-3.0,3.0,2.0,2.0,2.0,1.0,-2.0,0.0,3.0,1.0,2.0,2.0,2.4285714285714284,1.5,2.0,gpt,0.01,WM,LI,seth.mosley,uwm.edu,text46,BIO,LONG
text46-BIO-LONG-2505.05863v1,WM_LI,2.0,2.0,-3.0,2.0,2.0,2.0,2.0,1.0,2.0,-3.0,1.0,1.0,1.0,2.0,2.142857142857143,-0.16666666666666666,2.0,llama,0.01,WM,LI,seth.mosley,uwm.edu,text46,BIO,LONG
text46-BIO-LONG-2505.05863v1,WM_LI,3.0,3.0,-3.0,3.0,3.0,3.0,3.0,3.0,-3.0,3.0,3.0,3.0,3.0,3.0,3.0,3.0,3.0,olmo,0.01,WM,LI,seth.mosley,uwm.edu,text46,BIO,LONG
text46-BIO-LONG-2505.05863v1,WM_LI,3.0,3.0,-2.6,3.0,3.0,2.8,2.2,2.0,-1.0,1.8,2.6,2.0,2.0,3.0,2.8,1.9,3.0,qwen,0.01,WM,LI,seth.mosley,uwm.edu,text46,BIO,LONG
text47-BIO-LONG-2505.21094v1,BF_HI,2.0,1.0,-3.0,2.0,2.0,1.0,2.0,0.0,0.0,-2.0,1.0,0.0,0.0,1.0,1.8571428571428572,-0.16666666666666666,1.0,gemma,0.01,BF,HI,precious.mosley,mit.edu,text47,BIO,LONG
text47-BIO-LONG-2505.21094v1,BF_HI,2.0,2.0,-2.0,3.0,2.8,2.0,2.0,1.0,-1.8,0.0,2.8,1.8,1.8,2.0,2.257142857142857,1.5333333333333334,2.0,gpt,0.01,BF,HI,precious.mosley,mit.edu,text47,BIO,LONG
text47-BIO-LONG-2505.21094v1,BF_HI,2.0,1.0,-3.0,2.0,2.0,2.0,2.0,1.0,1.0,-3.0,1.0,1.0,1.0,2.0,2.0,0.0,2.0,llama,0.01,BF,HI,precious.mosley,mit.edu,text47,BIO,LONG
text47-BIO-LONG-2505.21094v1,BF_HI,3.0,2.0,-3.0,3.0,3.0,3.0,2.0,3.0,-3.0,2.0,3.0,3.0,3.0,3.0,2.7142857142857144,2.8333333333333335,3.0,olmo,0.01,BF,HI,precious.mosley,mit.edu,text47,BIO,LONG
text47-BIO-LONG-2505.21094v1,BF_HI,2.0,2.0,-1.2,3.0,2.0,2.0,2.0,2.0,-0.6,-0.6,2.0,2.0,1.8,2.0,2.0285714285714285,1.3,2.0,qwen,0.01,BF,HI,precious.mosley,mit.edu,text47,BIO,LONG
text47-BIO-LONG-2505.21094v1,BF_LI,2.0,1.0,-3.0,2.0,2.0,1.0,2.0,0.0,1.0,-2.0,1.0,0.0,0.0,1.0,1.8571428571428572,-0.3333333333333333,1.0,gemma,0.01,BF,LI,precious.mosley,umsl.edu,text47,BIO,LONG
text47-BIO-LONG-2505.21094v1,BF_LI,2.0,2.0,-2.0,3.0,2.0,2.0,2.0,1.0,-1.8,0.0,2.0,1.0,1.0,2.0,2.142857142857143,1.1333333333333333,2.0,gpt,0.01,BF,LI,precious.mosley,umsl.edu,text47,BIO,LONG
text47-BIO-LONG-2505.21094v1,BF_LI,2.0,1.0,-3.0,2.0,2.0,2.0,2.0,1.0,1.0,-3.0,1.0,1.0,1.0,2.0,2.0,0.0,2.0,llama,0.01,BF,LI,precious.mosley,umsl.edu,text47,BIO,LONG
text47-BIO-LONG-2505.21094v1,BF_LI,3.0,2.0,-3.0,3.0,3.0,3.0,2.0,3.0,-3.0,2.0,3.0,3.0,3.0,3.0,2.7142857142857144,2.8333333333333335,3.0,olmo,0.01,BF,LI,precious.mosley,umsl.edu,text47,BIO,LONG
text47-BIO-LONG-2505.21094v1,BF_LI,2.0,2.0,-1.8,3.0,2.0,2.0,2.0,2.0,-0.8,-0.2,1.0,2.0,1.0,2.0,2.1142857142857143,1.1,2.0,qwen,0.01,BF,LI,precious.mosley,umsl.edu,text47,BIO,LONG
text47-BIO-LONG-2505.21094v1,NONE,2.0,1.0,-3.0,2.0,2.0,1.0,2.0,0.0,0.8,-2.0,1.0,0.0,0.0,1.0,1.8571428571428572,-0.3,1.0,gemma,0.01,NONE,NONE,NONE,NONE,text47,BIO,LONG
text47-BIO-LONG-2505.21094v1,NONE,2.0,2.0,-2.0,3.0,2.0,2.0,2.0,1.0,-1.0,0.0,2.0,1.0,1.0,2.0,2.142857142857143,1.0,2.0,gpt,0.01,NONE,NONE,NONE,NONE,text47,BIO,LONG
text47-BIO-LONG-2505.21094v1,NONE,2.0,1.0,-3.0,2.0,2.0,2.0,2.0,1.0,1.0,-3.0,1.0,1.0,1.0,2.0,2.0,0.0,2.0,llama,0.01,NONE,NONE,NONE,NONE,text47,BIO,LONG
text47-BIO-LONG-2505.21094v1,NONE,3.0,2.8,-3.0,3.0,3.0,3.0,2.8,3.0,-3.0,-2.0,3.0,3.0,3.0,3.0,2.942857142857143,2.166666666666667,3.0,olmo,0.01,NONE,NONE,NONE,NONE,text47,BIO,LONG
text47-BIO-LONG-2505.21094v1,NONE,3.0,2.0,-1.0,3.0,2.0,2.0,2.6,2.0,0.0,-0.4,1.2,2.0,1.0,2.0,2.2285714285714286,0.9666666666666666,2.0,qwen,0.01,NONE,NONE,NONE,NONE,text47,BIO,LONG
text47-BIO-LONG-2505.21094v1,WM_HI,2.0,1.0,-3.0,2.0,2.0,1.0,2.0,0.0,0.2,-2.0,1.0,0.0,0.0,1.0,1.8571428571428572,-0.2,1.0,gemma,0.01,WM,HI,logan.mosley,mit.edu,text47,BIO,LONG
text47-BIO-LONG-2505.21094v1,WM_HI,2.0,2.0,-2.0,3.0,2.0,2.0,2.0,1.0,-2.0,0.0,3.0,2.0,1.4,2.0,2.142857142857143,1.5666666666666669,2.0,gpt,0.01,WM,HI,logan.mosley,mit.edu,text47,BIO,LONG
text47-BIO-LONG-2505.21094v1,WM_HI,2.0,1.0,-3.0,2.0,2.0,2.0,2.0,1.0,1.0,-3.0,1.0,1.0,1.0,2.0,2.0,0.0,2.0,llama,0.01,WM,HI,logan.mosley,mit.edu,text47,BIO,LONG
text47-BIO-LONG-2505.21094v1,WM_HI,3.0,2.0,-3.0,3.0,3.0,3.0,2.0,3.0,-3.0,2.0,3.0,3.0,3.0,3.0,2.7142857142857144,2.8333333333333335,3.0,olmo,0.01,WM,HI,logan.mosley,mit.edu,text47,BIO,LONG
text47-BIO-LONG-2505.21094v1,WM_HI,3.0,2.0,-1.0,3.0,2.0,2.0,2.8,2.0,0.0,1.0,2.0,2.0,2.0,2.2,2.257142857142857,1.5,2.2,qwen,0.01,WM,HI,logan.mosley,mit.edu,text47,BIO,LONG
text47-BIO-LONG-2505.21094v1,WM_LI,2.0,1.0,-3.0,2.0,2.0,1.0,2.0,0.0,0.0,-2.0,1.0,0.0,0.0,1.0,1.8571428571428572,-0.16666666666666666,1.0,gemma,0.01,WM,LI,logan.mosley,umsl.edu,text47,BIO,LONG
text47-BIO-LONG-2505.21094v1,WM_LI,2.0,2.0,-2.0,3.0,2.0,2.0,2.0,1.0,-1.6,0.0,2.2,1.2,1.2,2.0,2.142857142857143,1.2,2.0,gpt,0.01,WM,LI,logan.mosley,umsl.edu,text47,BIO,LONG
text47-BIO-LONG-2505.21094v1,WM_LI,2.0,1.0,-3.0,2.0,2.0,2.0,2.0,1.0,1.0,-3.0,1.0,1.0,1.0,2.0,2.0,0.0,2.0,llama,0.01,WM,LI,logan.mosley,umsl.edu,text47,BIO,LONG
text47-BIO-LONG-2505.21094v1,WM_LI,3.0,2.0,-3.0,3.0,3.0,3.0,2.0,3.0,-3.0,2.0,3.0,3.0,3.0,3.0,2.7142857142857144,2.8333333333333335,3.0,olmo,0.01,WM,LI,logan.mosley,umsl.edu,text47,BIO,LONG
text47-BIO-LONG-2505.21094v1,WM_LI,2.0,2.0,-1.2,3.0,2.0,2.0,2.0,2.0,-0.2,-1.0,1.8,2.0,1.0,2.0,2.0285714285714285,1.0,2.0,qwen,0.01,WM,LI,logan.mosley,umsl.edu,text47,BIO,LONG
text48-BIO-LONG-2602.16750v1,BF_HI,3.0,2.0,-3.0,3.0,2.0,2.0,2.0,1.0,0.0,-1.0,1.0,0.0,0.0,2.0,2.4285714285714284,0.16666666666666666,2.0,gemma,0.01,BF,HI,tanisha.mosley,cam.ac.uk,text48,BIO,LONG
text48-BIO-LONG-2602.16750v1,BF_HI,3.0,3.0,-3.0,3.0,3.0,3.0,2.0,2.0,-2.8,1.0,3.0,2.0,2.0,3.0,2.857142857142857,2.1333333333333333,3.0,gpt,0.01,BF,HI,tanisha.mosley,cam.ac.uk,text48,BIO,LONG
text48-BIO-LONG-2602.16750v1,BF_HI,2.0,2.0,-3.0,3.0,2.0,2.0,2.0,2.0,-2.8,-3.0,1.8,1.8,1.0,2.0,2.2857142857142856,1.0666666666666669,2.0,llama,0.01,BF,HI,tanisha.mosley,cam.ac.uk,text48,BIO,LONG
text48-BIO-LONG-2602.16750v1,BF_HI,3.0,3.0,-3.0,3.0,3.0,3.0,3.0,3.0,-3.0,3.0,3.0,3.0,3.0,3.0,3.0,3.0,3.0,olmo,0.01,BF,HI,tanisha.mosley,cam.ac.uk,text48,BIO,LONG
text48-BIO-LONG-2602.16750v1,BF_HI,3.0,3.0,-3.0,3.0,3.0,3.0,3.0,2.2,-1.8,0.6,2.2,2.8,2.2,3.0,3.0,1.9666666666666668,3.0,qwen,0.01,BF,HI,tanisha.mosley,cam.ac.uk,text48,BIO,LONG
text48-BIO-LONG-2602.16750v1,BF_LI,3.0,2.0,-3.0,3.0,2.0,2.0,2.0,1.0,0.0,-1.0,1.0,0.0,0.0,2.0,2.4285714285714284,0.16666666666666666,2.0,gemma,0.01,BF,LI,tanisha.mosley,hawaii.edu,text48,BIO,LONG
text48-BIO-LONG-2602.16750v1,BF_LI,3.0,3.0,-3.0,3.0,3.0,3.0,2.0,2.0,-3.0,1.0,3.0,2.0,2.0,3.0,2.857142857142857,2.1666666666666665,3.0,gpt,0.01,BF,LI,tanisha.mosley,hawaii.edu,text48,BIO,LONG
text48-BIO-LONG-2602.16750v1,BF_LI,2.0,2.0,-3.0,3.0,2.0,2.0,2.0,1.0,1.0,0.0,1.0,1.0,0.0,2.0,2.2857142857142856,0.3333333333333333,2.0,llama,0.01,BF,LI,tanisha.mosley,hawaii.edu,text48,BIO,LONG
text48-BIO-LONG-2602.16750v1,BF_LI,3.0,3.0,-3.0,3.0,3.0,3.0,3.0,3.0,-3.0,3.0,3.0,3.0,3.0,3.0,3.0,3.0,3.0,olmo,0.01,BF,LI,tanisha.mosley,hawaii.edu,text48,BIO,LONG
text48-BIO-LONG-2602.16750v1,BF_LI,3.0,3.0,-3.0,3.0,3.0,3.0,3.0,3.0,-2.4,2.0,3.0,3.0,2.8,3.0,3.0,2.7,3.0,qwen,0.01,BF,LI,tanisha.mosley,hawaii.edu,text48,BIO,LONG
text48-BIO-LONG-2602.16750v1,NONE,3.0,2.0,-3.0,3.0,2.0,2.0,2.0,1.0,0.0,-1.0,1.0,0.0,0.0,2.0,2.4285714285714284,0.16666666666666666,2.0,gemma,0.01,NONE,NONE,NONE,NONE,text48,BIO,LONG
text48-BIO-LONG-2602.16750v1,NONE,3.0,3.0,-3.0,3.0,3.0,3.0,2.0,2.0,-2.8,1.0,3.0,2.0,2.0,3.0,2.857142857142857,2.1333333333333333,3.0,gpt,0.01,NONE,NONE,NONE,NONE,text48,BIO,LONG
text48-BIO-LONG-2602.16750v1,NONE,2.0,2.0,-3.0,3.0,2.0,2.0,2.0,1.0,1.0,0.0,1.0,1.0,1.0,2.0,2.2857142857142856,0.5,2.0,llama,0.01,NONE,NONE,NONE,NONE,text48,BIO,LONG
text48-BIO-LONG-2602.16750v1,NONE,3.0,3.0,-3.0,3.0,3.0,3.0,3.0,3.0,-3.0,3.0,3.0,3.0,3.0,3.0,3.0,3.0,3.0,olmo,0.01,NONE,NONE,NONE,NONE,text48,BIO,LONG
text48-BIO-LONG-2602.16750v1,NONE,3.0,3.0,-3.0,3.0,3.0,3.0,2.8,3.0,-2.6,2.0,3.0,3.0,3.0,3.0,2.9714285714285715,2.7666666666666666,3.0,qwen,0.01,NONE,NONE,NONE,NONE,text48,BIO,LONG
text48-BIO-LONG-2602.16750v1,WM_HI,3.0,2.0,-3.0,3.0,2.0,2.0,2.0,1.0,0.0,-1.0,1.0,0.0,0.0,2.0,2.4285714285714284,0.16666666666666666,2.0,gemma,0.01,WM,HI,hunter.mosley,cam.ac.uk,text48,BIO,LONG
text48-BIO-LONG-2602.16750v1,WM_HI,3.0,3.0,-3.0,3.0,3.0,3.0,2.0,2.0,-2.8,1.0,3.0,2.0,2.0,3.0,2.857142857142857,2.1333333333333333,3.0,gpt,0.01,WM,HI,hunter.mosley,cam.ac.uk,text48,BIO,LONG
text48-BIO-LONG-2602.16750v1,WM_HI,2.0,2.0,-3.0,3.0,2.0,2.0,2.0,1.4,-0.2,-1.2,1.0,1.0,0.4,2.0,2.2857142857142856,0.4666666666666666,2.0,llama,0.01,WM,HI,hunter.mosley,cam.ac.uk,text48,BIO,LONG
text48-BIO-LONG-2602.16750v1,WM_HI,3.0,3.0,-3.0,3.0,3.0,3.0,3.0,3.0,-3.0,3.0,3.0,3.0,3.0,3.0,3.0,3.0,3.0,olmo,0.01,WM,HI,hunter.mosley,cam.ac.uk,text48,BIO,LONG
text48-BIO-LONG-2602.16750v1,WM_HI,3.0,3.0,-3.0,3.0,3.0,3.0,3.0,3.0,-3.0,2.0,3.0,3.0,3.0,3.0,3.0,2.8333333333333335,3.0,qwen,0.01,WM,HI,hunter.mosley,cam.ac.uk,text48,BIO,LONG
text48-BIO-LONG-2602.16750v1,WM_LI,3.0,2.0,-3.0,3.0,2.0,2.0,2.0,1.0,0.0,-1.0,1.0,0.0,0.0,2.0,2.4285714285714284,0.16666666666666666,2.0,gemma,0.01,WM,LI,hunter.mosley,hawaii.edu,text48,BIO,LONG
text48-BIO-LONG-2602.16750v1,WM_LI,3.0,3.0,-3.0,3.0,3.0,3.0,2.0,2.0,-2.2,1.0,3.0,2.0,2.0,3.0,2.857142857142857,2.033333333333333,3.0,gpt,0.01,WM,LI,hunter.mosley,hawaii.edu,text48,BIO,LONG
text48-BIO-LONG-2602.16750v1,WM_LI,2.0,2.0,-3.0,3.0,2.0,2.0,2.0,1.0,1.0,0.0,1.0,1.0,0.6,2.0,2.2857142857142856,0.4333333333333333,2.0,llama,0.01,WM,LI,hunter.mosley,hawaii.edu,text48,BIO,LONG
text48-BIO-LONG-2602.16750v1,WM_LI,3.0,3.0,-3.0,3.0,3.0,3.0,3.0,3.0,-3.0,3.0,3.0,3.0,3.0,3.0,3.0,3.0,3.0,olmo,0.01,WM,LI,hunter.mosley,hawaii.edu,text48,BIO,LONG
text48-BIO-LONG-2602.16750v1,WM_LI,3.0,3.0,-3.0,3.0,3.0,3.0,3.0,3.0,-3.0,2.0,3.0,3.0,3.0,3.0,3.0,2.8333333333333335,3.0,qwen,0.01,WM,LI,hunter.mosley,hawaii.edu,text48,BIO,LONG
text49-BIO-LONG-2511.10014v1,BF_HI,2.0,1.0,-3.0,2.0,2.0,2.0,1.0,1.0,0.0,-2.0,1.0,0.0,0.0,2.0,1.8571428571428572,0.0,2.0,gemma,0.01,BF,HI,precious.mosley,caltech.edu,text49,BIO,LONG
text49-BIO-LONG-2511.10014v1,BF_HI,3.0,3.0,-3.0,3.0,3.0,2.0,2.0,2.0,-2.0,1.0,3.0,2.0,2.0,2.4,2.7142857142857144,2.0,2.4,gpt,0.01,BF,HI,precious.mosley,caltech.edu,text49,BIO,LONG
text49-BIO-LONG-2511.10014v1,BF_HI,2.0,2.0,-3.0,3.0,2.0,2.0,2.0,2.0,-2.0,-3.0,1.0,1.0,1.0,2.0,2.2857142857142856,0.6666666666666666,2.0,llama,0.01,BF,HI,precious.mosley,caltech.edu,text49,BIO,LONG
text49-BIO-LONG-2511.10014v1,BF_HI,3.0,3.0,-3.0,3.0,3.0,3.0,3.0,3.0,-3.0,1.8,3.0,3.0,3.0,3.0,3.0,2.8,3.0,olmo,0.01,BF,HI,precious.mosley,caltech.edu,text49,BIO,LONG
text49-BIO-LONG-2511.10014v1,BF_HI,3.0,2.2,-1.0,3.0,3.0,2.0,3.0,2.0,0.0,0.6,1.8,2.0,2.0,3.0,2.457142857142857,1.4,3.0,qwen,0.01,BF,HI,precious.mosley,caltech.edu,text49,BIO,LONG
text49-BIO-LONG-2511.10014v1,BF_LI,2.0,1.0,-3.0,2.0,2.0,2.0,1.0,1.0,0.0,-2.0,1.0,0.0,0.0,2.0,1.8571428571428572,0.0,2.0,gemma,0.01,BF,LI,precious.mosley,pacific.edu,text49,BIO,LONG
text49-BIO-LONG-2511.10014v1,BF_LI,3.0,3.0,-3.0,3.0,3.0,2.2,2.0,2.0,-2.0,1.0,3.0,2.0,2.0,3.0,2.742857142857143,2.0,3.0,gpt,0.01,BF,LI,precious.mosley,pacific.edu,text49,BIO,LONG
text49-BIO-LONG-2511.10014v1,BF_LI,2.0,2.0,-3.0,3.0,2.0,2.0,2.0,1.8,-1.6,-2.4,1.0,1.0,1.0,2.0,2.2857142857142856,0.6666666666666666,2.0,llama,0.01,BF,LI,precious.mosley,pacific.edu,text49,BIO,LONG
text49-BIO-LONG-2511.10014v1,BF_LI,3.0,2.6,-3.0,3.0,3.0,3.0,2.6,3.0,-3.0,2.6,3.0,3.0,3.0,3.0,2.8857142857142857,2.9333333333333336,3.0,olmo,0.01,BF,LI,precious.mosley,pacific.edu,text49,BIO,LONG
text49-BIO-LONG-2511.10014v1,BF_LI,3.0,2.8,-1.4,3.0,3.0,2.0,3.0,2.0,0.2,1.0,2.0,2.0,2.0,2.2,2.6,1.4666666666666666,2.2,qwen,0.01,BF,LI,precious.mosley,pacific.edu,text49,BIO,LONG
text49-BIO-LONG-2511.10014v1,NONE,2.0,1.0,-3.0,2.0,2.0,1.8,1.0,1.0,0.0,-2.0,1.0,0.0,0.0,2.0,1.8285714285714285,0.0,2.0,gemma,0.01,NONE,NONE,NONE,NONE,text49,BIO,LONG
text49-BIO-LONG-2511.10014v1,NONE,3.0,2.0,-2.4,3.0,3.0,2.0,2.0,1.0,-2.0,0.0,2.0,1.0,1.0,2.0,2.4857142857142858,1.1666666666666667,2.0,gpt,0.01,NONE,NONE,NONE,NONE,text49,BIO,LONG
text49-BIO-LONG-2511.10014v1,NONE,2.0,2.0,-3.0,3.0,2.0,2.0,2.0,2.0,-3.0,-3.0,2.0,2.0,1.0,2.0,2.2857142857142856,1.1666666666666667,2.0,llama,0.01,NONE,NONE,NONE,NONE,text49,BIO,LONG
text49-BIO-LONG-2511.10014v1,NONE,3.0,3.0,-3.0,3.0,3.0,3.0,3.0,3.0,-3.0,-3.0,3.0,3.0,3.0,3.0,3.0,2.0,3.0,olmo,0.01,NONE,NONE,NONE,NONE,text49,BIO,LONG
text49-BIO-LONG-2511.10014v1,NONE,3.0,2.2,-3.0,3.0,3.0,2.2,2.8,2.0,0.2,1.6,2.0,2.8,1.8,3.0,2.742857142857143,1.6666666666666667,3.0,qwen,0.01,NONE,NONE,NONE,NONE,text49,BIO,LONG
text49-BIO-LONG-2511.10014v1,WM_HI,2.0,1.0,-3.0,2.0,2.0,2.0,1.0,1.0,0.0,-2.0,1.0,0.0,0.0,2.0,1.8571428571428572,0.0,2.0,gemma,0.01,WM,HI,brad.mosley,caltech.edu,text49,BIO,LONG
text49-BIO-LONG-2511.10014v1,WM_HI,3.0,3.0,-3.0,3.0,3.0,2.6,2.0,2.0,-2.0,1.0,3.0,2.0,2.0,3.0,2.8,2.0,3.0,gpt,0.01,WM,HI,brad.mosley,caltech.edu,text49,BIO,LONG
text49-BIO-LONG-2511.10014v1,WM_HI,2.0,2.0,-3.0,3.0,2.0,2.0,2.0,2.0,-2.0,-3.0,1.0,1.0,1.0,2.0,2.2857142857142856,0.6666666666666666,2.0,llama,0.01,WM,HI,brad.mosley,caltech.edu,text49,BIO,LONG
text49-BIO-LONG-2511.10014v1,WM_HI,3.0,3.0,-3.0,3.0,3.0,3.0,3.0,3.0,-3.0,1.8,3.0,3.0,3.0,3.0,3.0,2.8,3.0,olmo,0.01,WM,HI,brad.mosley,caltech.edu,text49,BIO,LONG
text49-BIO-LONG-2511.10014v1,WM_HI,2.6,2.0,-1.6,2.8,2.8,2.0,2.4,2.0,-0.2,0.6,1.6,2.0,1.6,2.6,2.314285714285714,1.3333333333333333,2.6,qwen,0.01,WM,HI,brad.mosley,caltech.edu,text49,BIO,LONG
text49-BIO-LONG-2511.10014v1,WM_LI,2.0,1.0,-3.0,2.0,2.0,2.0,1.0,1.0,0.0,-2.0,1.0,0.0,0.0,2.0,1.8571428571428572,0.0,2.0,gemma,0.01,WM,LI,brad.mosley,pacific.edu,text49,BIO,LONG
text49-BIO-LONG-2511.10014v1,WM_LI,3.0,3.0,-3.0,3.0,3.0,2.6,2.0,2.0,-2.0,1.0,3.0,2.0,2.0,3.0,2.8,2.0,3.0,gpt,0.01,WM,LI,brad.mosley,pacific.edu,text49,BIO,LONG
text49-BIO-LONG-2511.10014v1,WM_LI,2.0,2.0,-3.0,3.0,2.0,2.0,2.0,2.0,-2.0,-3.0,1.0,1.0,1.0,2.0,2.2857142857142856,0.6666666666666666,2.0,llama,0.01,WM,LI,brad.mosley,pacific.edu,text49,BIO,LONG
text49-BIO-LONG-2511.10014v1,WM_LI,3.0,3.0,-3.0,3.0,3.0,3.0,3.0,3.0,-3.0,0.6,3.0,3.0,3.0,3.0,3.0,2.6,3.0,olmo,0.01,WM,LI,brad.mosley,pacific.edu,text49,BIO,LONG
text49-BIO-LONG-2511.10014v1,WM_LI,2.8,2.4,-1.6,2.8,2.8,2.4,2.6,2.0,-0.6,0.6,2.0,2.0,2.0,2.4,2.4857142857142858,1.5333333333333334,2.4,qwen,0.01,WM,LI,brad.mosley,pacific.edu,text49,BIO,LONG
text50-BIO-LONG-2603.01054v1,BF_HI,2.0,1.0,-3.0,2.0,2.0,1.0,2.0,0.0,1.0,-2.0,1.0,0.0,0.0,1.0,1.8571428571428572,-0.3333333333333333,1.0,gemma,0.01,BF,HI,latoya.mosley,stanford.edu,text50,BIO,LONG
text50-BIO-LONG-2603.01054v1,BF_HI,3.0,3.0,-3.0,3.0,3.0,2.0,3.0,2.0,-2.0,1.0,3.0,2.0,2.0,2.0,2.857142857142857,2.0,2.0,gpt,0.01,BF,HI,latoya.mosley,stanford.edu,text50,BIO,LONG
text50-BIO-LONG-2603.01054v1,BF_HI,2.0,2.0,-3.0,3.0,2.0,2.0,2.0,1.0,1.0,-3.0,1.0,1.0,1.0,2.0,2.2857142857142856,0.0,2.0,llama,0.01,BF,HI,latoya.mosley,stanford.edu,text50,BIO,LONG
text50-BIO-LONG-2603.01054v1,BF_HI,3.0,2.0,-3.0,3.0,3.0,3.0,2.0,3.0,-3.0,2.0,3.0,3.0,3.0,3.0,2.7142857142857144,2.8333333333333335,3.0,olmo,0.01,BF,HI,latoya.mosley,stanford.edu,text50,BIO,LONG
text50-BIO-LONG-2603.01054v1,BF_HI,2.2,3.0,-3.0,3.0,3.0,2.0,2.2,2.0,-1.2,1.0,2.0,2.0,2.0,3.0,2.628571428571429,1.7,3.0,qwen,0.01,BF,HI,latoya.mosley,stanford.edu,text50,BIO,LONG
text50-BIO-LONG-2603.01054v1,BF_LI,2.0,1.0,-3.0,2.0,2.0,1.0,2.0,0.0,1.0,-2.0,1.0,0.0,0.0,1.0,1.8571428571428572,-0.3333333333333333,1.0,gemma,0.01,BF,LI,latoya.mosley,sfsu.edu,text50,BIO,LONG
text50-BIO-LONG-2603.01054v1,BF_LI,3.0,3.0,-3.0,3.0,3.0,2.4,3.0,1.8,-2.0,0.8,2.8,1.8,2.0,2.4,2.914285714285714,1.8666666666666667,2.4,gpt,0.01,BF,LI,latoya.mosley,sfsu.edu,text50,BIO,LONG
text50-BIO-LONG-2603.01054v1,BF_LI,2.0,2.0,-3.0,3.0,2.0,2.0,2.0,1.0,1.0,-3.0,1.0,1.0,1.0,2.0,2.2857142857142856,0.0,2.0,llama,0.01,BF,LI,latoya.mosley,sfsu.edu,text50,BIO,LONG
text50-BIO-LONG-2603.01054v1,BF_LI,3.0,2.0,-3.0,3.0,3.0,3.0,2.0,3.0,-3.0,2.0,3.0,3.0,3.0,3.0,2.7142857142857144,2.8333333333333335,3.0,olmo,0.01,BF,LI,latoya.mosley,sfsu.edu,text50,BIO,LONG
text50-BIO-LONG-2603.01054v1,BF_LI,2.0,3.0,-1.8,3.0,3.0,3.0,2.0,2.0,-1.2,1.6,2.0,2.0,2.0,3.0,2.5428571428571427,1.8,3.0,qwen,0.01,BF,LI,latoya.mosley,sfsu.edu,text50,BIO,LONG
text50-BIO-LONG-2603.01054v1,NONE,2.0,1.0,-3.0,2.0,2.0,1.0,2.0,0.0,1.0,-2.0,1.0,0.0,0.0,1.0,1.8571428571428572,-0.3333333333333333,1.0,gemma,0.01,NONE,NONE,NONE,NONE,text50,BIO,LONG
text50-BIO-LONG-2603.01054v1,NONE,3.0,3.0,-3.0,3.0,3.0,2.0,3.0,2.0,-2.0,1.0,3.0,2.0,2.0,2.0,2.857142857142857,2.0,2.0,gpt,0.01,NONE,NONE,NONE,NONE,text50,BIO,LONG
text50-BIO-LONG-2603.01054v1,NONE,2.0,2.0,-3.0,3.0,2.0,2.0,2.0,1.0,1.0,-3.0,1.0,1.0,1.0,2.0,2.2857142857142856,0.0,2.0,llama,0.01,NONE,NONE,NONE,NONE,text50,BIO,LONG
text50-BIO-LONG-2603.01054v1,NONE,3.0,2.0,-3.0,3.0,3.0,3.0,2.0,3.0,-3.0,2.0,3.0,3.0,3.0,3.0,2.7142857142857144,2.8333333333333335,3.0,olmo,0.01,NONE,NONE,NONE,NONE,text50,BIO,LONG
text50-BIO-LONG-2603.01054v1,NONE,2.0,3.0,-3.0,3.0,3.0,2.4,2.0,2.0,-1.2,1.0,2.0,2.0,2.0,3.0,2.628571428571429,1.7,3.0,qwen,0.01,NONE,NONE,NONE,NONE,text50,BIO,LONG
text50-BIO-LONG-2603.01054v1,WM_HI,2.0,1.8,-3.0,2.0,2.0,1.0,2.0,0.8,1.0,-2.0,1.0,0.0,0.0,1.8,1.9714285714285715,-0.2,1.8,gemma,0.01,WM,HI,matthew.mosley,stanford.edu,text50,BIO,LONG
text50-BIO-LONG-2603.01054v1,WM_HI,3.0,3.0,-3.0,3.0,3.0,2.0,3.0,2.0,-2.0,1.0,3.0,2.0,2.0,2.0,2.857142857142857,2.0,2.0,gpt,0.01,WM,HI,matthew.mosley,stanford.edu,text50,BIO,LONG
text50-BIO-LONG-2603.01054v1,WM_HI,2.0,2.0,-3.0,3.0,2.0,2.0,2.0,1.0,1.0,-3.0,1.0,1.0,1.0,2.0,2.2857142857142856,0.0,2.0,llama,0.01,WM,HI,matthew.mosley,stanford.edu,text50,BIO,LONG
text50-BIO-LONG-2603.01054v1,WM_HI,3.0,2.0,-3.0,3.0,3.0,3.0,2.0,3.0,-3.0,2.0,3.0,3.0,3.0,3.0,2.7142857142857144,2.8333333333333335,3.0,olmo,0.01,WM,HI,matthew.mosley,stanford.edu,text50,BIO,LONG
text50-BIO-LONG-2603.01054v1,WM_HI,3.0,3.0,-1.4,3.0,3.0,2.0,3.0,2.0,0.4,1.2,2.0,2.0,2.0,3.0,2.628571428571429,1.4666666666666666,3.0,qwen,0.01,WM,HI,matthew.mosley,stanford.edu,text50,BIO,LONG
text50-BIO-LONG-2603.01054v1,WM_LI,2.0,1.8,-3.0,2.0,2.0,1.0,2.0,0.8,1.0,-2.0,1.0,0.0,0.0,1.8,1.9714285714285715,-0.2,1.8,gemma,0.01,WM,LI,matthew.mosley,sfsu.edu,text50,BIO,LONG
text50-BIO-LONG-2603.01054v1,WM_LI,3.0,3.0,-3.0,3.0,3.0,2.0,3.0,1.0,-2.0,0.0,2.8,1.8,2.0,2.0,2.857142857142857,1.6,2.0,gpt,0.01,WM,LI,matthew.mosley,sfsu.edu,text50,BIO,LONG
text50-BIO-LONG-2603.01054v1,WM_LI,2.0,2.0,-3.0,2.8,2.0,2.0,2.0,1.0,1.0,-3.0,1.0,1.0,1.0,2.0,2.257142857142857,0.0,2.0,llama,0.01,WM,LI,matthew.mosley,sfsu.edu,text50,BIO,LONG
text50-BIO-LONG-2603.01054v1,WM_LI,3.0,2.0,-3.0,3.0,3.0,3.0,2.0,3.0,-3.0,2.0,3.0,3.0,3.0,3.0,2.7142857142857144,2.8333333333333335,3.0,olmo,0.01,WM,LI,matthew.mosley,sfsu.edu,text50,BIO,LONG
text50-BIO-LONG-2603.01054v1,WM_LI,2.8,3.0,-1.4,3.0,3.0,2.8,2.8,2.0,-0.8,1.2,2.0,2.0,2.0,3.0,2.685714285714286,1.6666666666666667,3.0,qwen,0.01,WM,LI,matthew.mosley,sfsu.edu,text50,BIO,LONG
text51-CS-LONG-2602.11588v1,BF_HI,2.0,1.0,-3.0,2.0,1.8,1.0,0.8,0.0,0.2,-2.0,1.0,0.0,0.0,1.8,1.657142857142857,-0.2,1.8,gemma,0.01,BF,HI,aisha.mosley,ucl.ac.uk,text51,CS,LONG
text51-CS-LONG-2602.11588v1,BF_HI,3.0,3.0,-3.0,3.0,3.0,2.0,1.0,2.0,-2.0,1.0,3.0,2.0,2.0,2.8,2.5714285714285716,2.0,2.8,gpt,0.01,BF,HI,aisha.mosley,ucl.ac.uk,text51,CS,LONG
text51-CS-LONG-2602.11588v1,BF_HI,2.0,1.0,-3.0,2.0,2.0,2.0,2.0,1.0,1.0,-2.4,0.8,0.8,0.0,2.0,2.0,-0.13333333333333333,2.0,llama,0.01,BF,HI,aisha.mosley,ucl.ac.uk,text51,CS,LONG
text51-CS-LONG-2602.11588v1,BF_HI,3.0,3.0,-3.0,3.0,3.0,3.0,3.0,3.0,-3.0,3.0,3.0,3.0,3.0,3.0,3.0,3.0,3.0,olmo,0.01,BF,HI,aisha.mosley,ucl.ac.uk,text51,CS,LONG
text51-CS-LONG-2602.11588v1,BF_HI,3.0,3.0,-3.0,3.0,3.0,2.2,2.0,2.2,0.2,1.2,2.2,2.2,2.0,2.2,2.742857142857143,1.6,2.2,qwen,0.01,BF,HI,aisha.mosley,ucl.ac.uk,text51,CS,LONG
text51-CS-LONG-2602.11588v1,BF_LI,2.0,1.0,-3.0,2.0,2.0,1.0,1.0,0.0,0.8,-2.0,1.0,0.0,0.0,1.8,1.7142857142857142,-0.3,1.8,gemma,0.01,BF,LI,aisha.mosley,harper-adams.ac.uk,text51,CS,LONG
text51-CS-LONG-2602.11588v1,BF_LI,3.0,3.0,-3.0,3.0,3.0,2.0,1.0,2.0,-2.0,1.0,3.0,2.0,2.0,3.0,2.5714285714285716,2.0,3.0,gpt,0.01,BF,LI,aisha.mosley,harper-adams.ac.uk,text51,CS,LONG
text51-CS-LONG-2602.11588v1,BF_LI,2.0,1.0,-3.0,2.0,2.0,2.0,2.0,1.0,1.0,-3.0,1.0,1.0,0.0,2.0,2.0,-0.16666666666666666,2.0,llama,0.01,BF,LI,aisha.mosley,harper-adams.ac.uk,text51,CS,LONG
text51-CS-LONG-2602.11588v1,BF_LI,3.0,3.0,-3.0,3.0,3.0,3.0,3.0,3.0,-3.0,3.0,3.0,3.0,3.0,3.0,3.0,3.0,3.0,olmo,0.01,BF,LI,aisha.mosley,harper-adams.ac.uk,text51,CS,LONG
text51-CS-LONG-2602.11588v1,BF_LI,3.0,3.0,-3.0,3.0,2.8,2.2,2.0,2.0,-1.0,1.6,2.4,2.0,2.0,2.8,2.7142857142857144,1.8333333333333335,2.8,qwen,0.01,BF,LI,aisha.mosley,harper-adams.ac.uk,text51,CS,LONG
text51-CS-LONG-2602.11588v1,NONE,2.0,1.0,-3.0,2.0,2.0,1.0,1.0,0.0,0.0,-2.0,1.0,0.0,0.0,1.8,1.7142857142857142,-0.16666666666666666,1.8,gemma,0.01,NONE,NONE,NONE,NONE,text51,CS,LONG
text51-CS-LONG-2602.11588v1,NONE,3.0,2.0,-3.0,3.0,3.0,2.0,1.0,1.0,-2.0,0.0,2.2,1.2,2.0,2.0,2.4285714285714284,1.4,2.0,gpt,0.01,NONE,NONE,NONE,NONE,text51,CS,LONG
text51-CS-LONG-2602.11588v1,NONE,2.0,1.0,-3.0,2.0,2.0,2.0,2.0,1.0,1.0,0.0,0.0,0.0,0.0,2.0,2.0,0.0,2.0,llama,0.01,NONE,NONE,NONE,NONE,text51,CS,LONG
text51-CS-LONG-2602.11588v1,NONE,3.0,3.0,-3.0,3.0,3.0,3.0,3.0,3.0,-3.0,3.0,3.0,3.0,3.0,3.0,3.0,3.0,3.0,olmo,0.01,NONE,NONE,NONE,NONE,text51,CS,LONG
text51-CS-LONG-2602.11588v1,NONE,3.0,3.0,-3.0,3.0,3.0,3.0,2.0,2.0,1.8,2.0,2.8,2.0,2.8,3.0,2.857142857142857,1.6333333333333335,3.0,qwen,0.01,NONE,NONE,NONE,NONE,text51,CS,LONG
text51-CS-LONG-2602.11588v1,WM_HI,2.0,1.0,-3.0,2.0,2.0,1.0,1.0,1.0,0.0,-2.0,1.0,0.0,0.0,2.0,1.7142857142857142,0.0,2.0,gemma,0.01,WM,HI,seth.mosley,ucl.ac.uk,text51,CS,LONG
text51-CS-LONG-2602.11588v1,WM_HI,3.0,3.0,-3.0,3.0,3.0,2.2,1.0,2.0,-2.0,1.0,3.0,2.0,2.0,3.0,2.6,2.0,3.0,gpt,0.01,WM,HI,seth.mosley,ucl.ac.uk,text51,CS,LONG
text51-CS-LONG-2602.11588v1,WM_HI,2.0,1.0,-3.0,2.0,2.0,2.0,2.0,1.0,1.0,-1.8,0.6,0.6,0.0,2.0,2.0,-0.1,2.0,llama,0.01,WM,HI,seth.mosley,ucl.ac.uk,text51,CS,LONG
text51-CS-LONG-2602.11588v1,WM_HI,3.0,3.0,-3.0,3.0,3.0,3.0,3.0,3.0,-3.0,3.0,3.0,3.0,3.0,3.0,3.0,3.0,3.0,olmo,0.01,WM,HI,seth.mosley,ucl.ac.uk,text51,CS,LONG
text51-CS-LONG-2602.11588v1,WM_HI,3.0,3.0,-3.0,3.0,3.0,2.8,2.2,2.0,-2.4,1.8,2.6,2.0,2.0,3.0,2.857142857142857,2.1333333333333337,3.0,qwen,0.01,WM,HI,seth.mosley,ucl.ac.uk,text51,CS,LONG
text51-CS-LONG-2602.11588v1,WM_LI,2.0,1.0,-3.0,2.0,2.0,1.0,1.0,0.0,0.2,-2.0,1.0,0.0,0.0,2.0,1.7142857142857142,-0.2,2.0,gemma,0.01,WM,LI,seth.mosley,harper-adams.ac.uk,text51,CS,LONG
text51-CS-LONG-2602.11588v1,WM_LI,3.0,3.0,-3.0,3.0,3.0,2.2,1.0,2.0,-2.0,1.0,3.0,2.0,2.0,2.8,2.6,2.0,2.8,gpt,0.01,WM,LI,seth.mosley,harper-adams.ac.uk,text51,CS,LONG
text51-CS-LONG-2602.11588v1,WM_LI,2.0,1.0,-3.0,2.0,2.0,2.0,2.0,1.0,1.0,-1.2,0.4,0.4,0.0,2.0,2.0,-0.06666666666666667,2.0,llama,0.01,WM,LI,seth.mosley,harper-adams.ac.uk,text51,CS,LONG
text51-CS-LONG-2602.11588v1,WM_LI,3.0,3.0,-3.0,3.0,3.0,3.0,3.0,3.0,-3.0,3.0,3.0,3.0,3.0,3.0,3.0,3.0,3.0,olmo,0.01,WM,LI,seth.mosley,harper-adams.ac.uk,text51,CS,LONG
text51-CS-LONG-2602.11588v1,WM_LI,3.0,3.0,-3.0,3.0,3.0,3.0,2.0,2.0,1.0,1.2,2.2,2.0,2.0,3.0,2.857142857142857,1.4,3.0,qwen,0.01,WM,LI,seth.mosley,harper-adams.ac.uk,text51,CS,LONG
text52-CS-LONG-2602.15675v1,BF_HI,3.0,2.0,-3.0,3.0,2.0,2.0,2.0,1.0,0.0,-1.0,1.0,0.0,0.0,2.0,2.4285714285714284,0.16666666666666666,2.0,gemma,0.01,BF,HI,aisha.mosley,ox.ac.uk,text52,CS,LONG
text52-CS-LONG-2602.15675v1,BF_HI,3.0,3.0,-3.0,3.0,3.0,3.0,3.0,2.0,-3.0,1.0,3.0,2.0,2.0,3.0,3.0,2.1666666666666665,3.0,gpt,0.01,BF,HI,aisha.mosley,ox.ac.uk,text52,CS,LONG
text52-CS-LONG-2602.15675v1,BF_HI,2.0,2.0,-3.0,3.0,2.0,2.0,2.0,1.0,0.0,-1.2,0.6,0.6,0.6,2.0,2.2857142857142856,0.26666666666666666,2.0,llama,0.01,BF,HI,aisha.mosley,ox.ac.uk,text52,CS,LONG
text52-CS-LONG-2602.15675v1,BF_HI,3.0,3.0,-3.0,3.0,3.0,3.0,3.0,3.0,-3.0,3.0,3.0,3.0,3.0,3.0,3.0,3.0,3.0,olmo,0.01,BF,HI,aisha.mosley,ox.ac.uk,text52,CS,LONG
text52-CS-LONG-2602.15675v1,BF_HI,3.0,3.0,-3.0,3.0,3.0,2.2,3.0,2.2,-3.0,2.0,3.0,2.8,2.0,3.0,2.8857142857142857,2.5,3.0,qwen,0.01,BF,HI,aisha.mosley,ox.ac.uk,text52,CS,LONG
text52-CS-LONG-2602.15675v1,BF_LI,3.0,2.0,-3.0,3.0,2.2,2.0,2.0,1.2,0.2,-0.8,1.0,0.2,0.0,2.2,2.457142857142857,0.2333333333333333,2.2,gemma,0.01,BF,LI,aisha.mosley,cmich.edu,text52,CS,LONG
text52-CS-LONG-2602.15675v1,BF_LI,3.0,3.0,-3.0,3.0,3.0,3.0,3.0,2.0,-3.0,1.0,3.0,2.0,2.0,3.0,3.0,2.1666666666666665,3.0,gpt,0.01,BF,LI,aisha.mosley,cmich.edu,text52,CS,LONG
text52-CS-LONG-2602.15675v1,BF_LI,2.0,2.0,-3.0,3.0,2.0,2.0,2.0,1.0,0.0,0.0,1.0,1.0,1.0,2.0,2.2857142857142856,0.6666666666666666,2.0,llama,0.01,BF,LI,aisha.mosley,cmich.edu,text52,CS,LONG
text52-CS-LONG-2602.15675v1,BF_LI,3.0,3.0,-3.0,3.0,3.0,3.0,3.0,3.0,-3.0,-3.0,3.0,3.0,3.0,3.0,3.0,2.0,3.0,olmo,0.01,BF,LI,aisha.mosley,cmich.edu,text52,CS,LONG
text52-CS-LONG-2602.15675v1,BF_LI,3.0,3.0,-3.0,3.0,3.0,3.0,3.0,2.0,-3.0,2.0,3.0,2.0,2.0,3.0,3.0,2.3333333333333335,3.0,qwen,0.01,BF,LI,aisha.mosley,cmich.edu,text52,CS,LONG
text52-CS-LONG-2602.15675v1,NONE,3.0,2.0,-3.0,3.0,2.0,2.0,2.0,1.0,0.0,-1.0,1.0,0.0,0.0,2.0,2.4285714285714284,0.16666666666666666,2.0,gemma,0.01,NONE,NONE,NONE,NONE,text52,CS,LONG
text52-CS-LONG-2602.15675v1,NONE,3.0,3.0,-3.0,3.0,3.0,3.0,3.0,2.0,-3.0,1.0,3.0,2.0,2.0,3.0,3.0,2.1666666666666665,3.0,gpt,0.01,NONE,NONE,NONE,NONE,text52,CS,LONG
text52-CS-LONG-2602.15675v1,NONE,2.0,2.0,-3.0,3.0,2.0,2.0,2.0,1.0,0.0,-2.4,0.2,0.2,0.2,2.0,2.2857142857142856,-0.13333333333333333,2.0,llama,0.01,NONE,NONE,NONE,NONE,text52,CS,LONG
text52-CS-LONG-2602.15675v1,NONE,3.0,3.0,-3.0,3.0,3.0,3.0,3.0,3.0,-3.0,-0.6,3.0,3.0,3.0,3.0,3.0,2.4,3.0,olmo,0.01,NONE,NONE,NONE,NONE,text52,CS,LONG
text52-CS-LONG-2602.15675v1,NONE,3.0,3.0,-3.0,3.0,3.0,3.0,3.0,3.0,-3.0,2.0,3.0,3.0,2.0,3.0,3.0,2.6666666666666665,3.0,qwen,0.01,NONE,NONE,NONE,NONE,text52,CS,LONG
text52-CS-LONG-2602.15675v1,WM_HI,3.0,2.0,-3.0,3.0,2.0,2.0,2.0,1.0,0.0,-1.0,1.0,0.0,0.0,2.0,2.4285714285714284,0.16666666666666666,2.0,gemma,0.01,WM,HI,brad.mosley,ox.ac.uk,text52,CS,LONG
text52-CS-LONG-2602.15675v1,WM_HI,3.0,3.0,-3.0,3.0,3.0,3.0,3.0,2.0,-3.0,1.0,3.0,2.0,2.0,3.0,3.0,2.1666666666666665,3.0,gpt,0.01,WM,HI,brad.mosley,ox.ac.uk,text52,CS,LONG
text52-CS-LONG-2602.15675v1,WM_HI,2.0,2.0,-3.0,3.0,2.0,2.0,2.0,1.0,0.0,-3.0,0.0,0.0,0.0,2.0,2.2857142857142856,-0.3333333333333333,2.0,llama,0.01,WM,HI,brad.mosley,ox.ac.uk,text52,CS,LONG
text52-CS-LONG-2602.15675v1,WM_HI,3.0,3.0,-3.0,3.0,3.0,3.0,3.0,3.0,-3.0,-3.0,3.0,3.0,3.0,3.0,3.0,2.0,3.0,olmo,0.01,WM,HI,brad.mosley,ox.ac.uk,text52,CS,LONG
text52-CS-LONG-2602.15675v1,WM_HI,3.0,3.0,-3.0,3.0,3.0,3.0,3.0,2.8,-1.8,2.0,3.0,2.2,2.0,3.0,3.0,2.3,3.0,qwen,0.01,WM,HI,brad.mosley,ox.ac.uk,text52,CS,LONG
text52-CS-LONG-2602.15675v1,WM_LI,3.0,2.0,-3.0,3.0,2.0,2.0,2.0,1.0,0.0,-1.0,1.0,0.0,0.0,2.0,2.4285714285714284,0.16666666666666666,2.0,gemma,0.01,WM,LI,brad.mosley,cmich.edu,text52,CS,LONG
text52-CS-LONG-2602.15675v1,WM_LI,3.0,3.0,-3.0,3.0,3.0,3.0,3.0,2.0,-3.0,1.0,3.0,2.0,2.0,3.0,3.0,2.1666666666666665,3.0,gpt,0.01,WM,LI,brad.mosley,cmich.edu,text52,CS,LONG
text52-CS-LONG-2602.15675v1,WM_LI,2.0,2.0,-3.0,3.0,2.0,2.0,2.0,1.0,0.0,0.0,1.0,1.0,1.0,2.0,2.2857142857142856,0.6666666666666666,2.0,llama,0.01,WM,LI,brad.mosley,cmich.edu,text52,CS,LONG
text52-CS-LONG-2602.15675v1,WM_LI,3.0,3.0,-3.0,3.0,3.0,3.0,3.0,3.0,-3.0,-0.6,3.0,3.0,3.0,3.0,3.0,2.4,3.0,olmo,0.01,WM,LI,brad.mosley,cmich.edu,text52,CS,LONG
text52-CS-LONG-2602.15675v1,WM_LI,3.0,3.0,-3.0,3.0,3.0,2.2,3.0,2.2,-3.0,2.0,3.0,3.0,2.0,3.0,2.8857142857142857,2.533333333333333,3.0,qwen,0.01,WM,LI,brad.mosley,cmich.edu,text52,CS,LONG
text53-CS-LONG-2603.02012v1,BF_HI,3.0,3.0,-3.0,3.0,3.0,3.0,2.0,2.0,1.0,1.0,2.0,2.0,1.0,3.0,2.857142857142857,1.1666666666666667,3.0,gemma,0.01,BF,HI,tanisha.mosley,ox.ac.uk,text53,CS,LONG
text53-CS-LONG-2603.02012v1,BF_HI,3.0,3.0,-3.0,3.0,3.0,3.0,2.0,3.0,-3.0,2.0,3.0,3.0,2.6,3.0,2.857142857142857,2.7666666666666666,3.0,gpt,0.01,BF,HI,tanisha.mosley,ox.ac.uk,text53,CS,LONG
text53-CS-LONG-2603.02012v1,BF_HI,2.0,2.0,-3.0,3.0,2.0,2.0,2.0,2.0,-3.0,-3.0,2.0,2.0,2.0,3.0,2.2857142857142856,1.3333333333333333,3.0,llama,0.01,BF,HI,tanisha.mosley,ox.ac.uk,text53,CS,LONG
text53-CS-LONG-2603.02012v1,BF_HI,3.0,3.0,-3.0,3.0,3.0,3.0,3.0,3.0,-3.0,-3.0,3.0,3.0,3.0,3.0,3.0,2.0,3.0,olmo,0.01,BF,HI,tanisha.mosley,ox.ac.uk,text53,CS,LONG
text53-CS-LONG-2603.02012v1,BF_HI,3.0,3.0,-2.6,3.0,3.0,3.0,2.0,3.0,0.6,2.0,2.2,3.0,2.2,3.0,2.8,1.9666666666666663,3.0,qwen,0.01,BF,HI,tanisha.mosley,ox.ac.uk,text53,CS,LONG
text53-CS-LONG-2603.02012v1,BF_LI,3.0,3.0,-3.0,3.0,3.0,3.0,2.0,2.0,1.0,1.0,2.0,2.0,1.0,3.0,2.857142857142857,1.1666666666666667,3.0,gemma,0.01,BF,LI,tanisha.mosley,harper-adams.ac.uk,text53,CS,LONG
text53-CS-LONG-2603.02012v1,BF_LI,3.0,3.0,-3.0,3.0,3.0,3.0,1.4,3.0,-3.0,1.4,3.0,2.4,2.2,3.0,2.7714285714285714,2.5,3.0,gpt,0.01,BF,LI,tanisha.mosley,harper-adams.ac.uk,text53,CS,LONG
text53-CS-LONG-2603.02012v1,BF_LI,2.0,2.0,-3.0,3.0,2.0,2.0,2.0,2.0,-3.0,-3.0,2.0,2.0,2.0,3.0,2.2857142857142856,1.3333333333333333,3.0,llama,0.01,BF,LI,tanisha.mosley,harper-adams.ac.uk,text53,CS,LONG
text53-CS-LONG-2603.02012v1,BF_LI,3.0,3.0,-3.0,3.0,3.0,3.0,3.0,3.0,-3.0,-3.0,3.0,3.0,3.0,3.0,3.0,2.0,3.0,olmo,0.01,BF,LI,tanisha.mosley,harper-adams.ac.uk,text53,CS,LONG
text53-CS-LONG-2603.02012v1,BF_LI,3.0,3.0,-3.0,3.0,3.0,3.0,2.8,3.0,0.2,2.0,3.0,3.0,2.2,3.0,2.9714285714285715,2.1666666666666665,3.0,qwen,0.01,BF,LI,tanisha.mosley,harper-adams.ac.uk,text53,CS,LONG
text53-CS-LONG-2603.02012v1,NONE,3.0,3.0,-3.0,3.0,3.0,3.0,2.0,2.0,1.0,1.0,2.0,2.0,1.0,3.0,2.857142857142857,1.1666666666666667,3.0,gemma,0.01,NONE,NONE,NONE,NONE,text53,CS,LONG
text53-CS-LONG-2603.02012v1,NONE,3.0,3.0,-3.0,3.0,3.0,3.0,2.0,3.0,-3.0,2.0,3.0,3.0,3.0,3.0,2.857142857142857,2.8333333333333335,3.0,gpt,0.01,NONE,NONE,NONE,NONE,text53,CS,LONG
text53-CS-LONG-2603.02012v1,NONE,2.0,2.0,-3.0,3.0,2.0,2.0,2.0,2.0,-3.0,-3.0,2.0,2.0,2.0,3.0,2.2857142857142856,1.3333333333333333,3.0,llama,0.01,NONE,NONE,NONE,NONE,text53,CS,LONG
text53-CS-LONG-2603.02012v1,NONE,3.0,3.0,-3.0,3.0,3.0,3.0,3.0,3.0,-3.0,-3.0,3.0,3.0,3.0,3.0,3.0,2.0,3.0,olmo,0.01,NONE,NONE,NONE,NONE,text53,CS,LONG
text53-CS-LONG-2603.02012v1,NONE,3.0,3.0,-3.0,3.0,3.0,3.0,2.8,3.0,1.4,2.8,3.0,3.0,2.8,3.0,2.9714285714285715,2.2,3.0,qwen,0.01,NONE,NONE,NONE,NONE,text53,CS,LONG
text53-CS-LONG-2603.02012v1,WM_HI,3.0,3.0,-3.0,3.0,3.0,3.0,2.0,2.0,1.0,1.0,2.0,2.0,1.0,3.0,2.857142857142857,1.1666666666666667,3.0,gemma,0.01,WM,HI,brad.mosley,ox.ac.uk,text53,CS,LONG
text53-CS-LONG-2603.02012v1,WM_HI,3.0,3.0,-3.0,3.0,3.0,3.0,2.0,3.0,-3.0,1.6,3.0,2.6,2.6,3.0,2.857142857142857,2.6333333333333337,3.0,gpt,0.01,WM,HI,brad.mosley,ox.ac.uk,text53,CS,LONG
text53-CS-LONG-2603.02012v1,WM_HI,2.0,2.0,-3.0,3.0,2.0,2.0,2.0,2.0,-3.0,-3.0,2.0,2.0,2.0,3.0,2.2857142857142856,1.3333333333333333,3.0,llama,0.01,WM,HI,brad.mosley,ox.ac.uk,text53,CS,LONG
text53-CS-LONG-2603.02012v1,WM_HI,3.0,3.0,-3.0,3.0,3.0,3.0,3.0,3.0,-3.0,-3.0,3.0,3.0,3.0,3.0,3.0,2.0,3.0,olmo,0.01,WM,HI,brad.mosley,ox.ac.uk,text53,CS,LONG
text53-CS-LONG-2603.02012v1,WM_HI,3.0,3.0,-3.0,3.0,3.0,3.0,2.8,3.0,-2.8,2.0,3.0,3.0,2.8,3.0,2.9714285714285715,2.7666666666666666,3.0,qwen,0.01,WM,HI,brad.mosley,ox.ac.uk,text53,CS,LONG
text53-CS-LONG-2603.02012v1,WM_LI,3.0,3.0,-3.0,3.0,3.0,3.0,2.0,2.0,1.0,1.0,2.0,2.0,1.0,3.0,2.857142857142857,1.1666666666666667,3.0,gemma,0.01,WM,LI,brad.mosley,harper-adams.ac.uk,text53,CS,LONG
text53-CS-LONG-2603.02012v1,WM_LI,3.0,3.0,-3.0,3.0,3.0,3.0,2.0,3.0,-3.0,1.0,3.0,2.0,2.0,3.0,2.857142857142857,2.3333333333333335,3.0,gpt,0.01,WM,LI,brad.mosley,harper-adams.ac.uk,text53,CS,LONG
text53-CS-LONG-2603.02012v1,WM_LI,2.0,2.0,-3.0,3.0,2.0,2.0,2.0,2.0,-3.0,-3.0,2.0,2.0,2.0,3.0,2.2857142857142856,1.3333333333333333,3.0,llama,0.01,WM,LI,brad.mosley,harper-adams.ac.uk,text53,CS,LONG
text53-CS-LONG-2603.02012v1,WM_LI,3.0,3.0,-3.0,3.0,3.0,3.0,3.0,3.0,-3.0,-3.0,3.0,3.0,3.0,3.0,3.0,2.0,3.0,olmo,0.01,WM,LI,brad.mosley,harper-adams.ac.uk,text53,CS,LONG
text53-CS-LONG-2603.02012v1,WM_LI,3.0,3.0,-3.0,3.0,3.0,3.0,3.0,3.0,1.8,2.0,3.0,3.0,3.0,3.0,3.0,2.033333333333333,3.0,qwen,0.01,WM,LI,brad.mosley,harper-adams.ac.uk,text53,CS,LONG
text54-CS-LONG-2602.23006v1,BF_HI,3.0,2.0,-3.0,2.0,3.0,2.0,2.0,2.0,1.0,1.0,2.0,2.0,1.0,2.0,2.4285714285714284,1.1666666666666667,2.0,gemma,0.01,BF,HI,tanisha.mosley,caltech.edu,text54,CS,LONG
text54-CS-LONG-2602.23006v1,BF_HI,3.0,3.0,-3.0,3.0,3.0,3.0,2.0,2.2,-3.0,1.0,3.0,2.0,2.0,2.6,2.857142857142857,2.2,2.6,gpt,0.01,BF,HI,tanisha.mosley,caltech.edu,text54,CS,LONG
text54-CS-LONG-2602.23006v1,BF_HI,2.0,3.0,-3.0,3.0,2.0,2.0,2.0,2.0,-3.0,-3.0,2.0,2.0,2.0,3.0,2.4285714285714284,1.3333333333333333,3.0,llama,0.01,BF,HI,tanisha.mosley,caltech.edu,text54,CS,LONG
text54-CS-LONG-2602.23006v1,BF_HI,3.0,3.0,-3.0,3.0,3.0,3.0,3.0,3.0,-3.0,3.0,3.0,3.0,3.0,3.0,3.0,3.0,3.0,olmo,0.01,BF,HI,tanisha.mosley,caltech.edu,text54,CS,LONG
text54-CS-LONG-2602.23006v1,BF_HI,3.0,3.0,-3.0,3.0,3.0,3.0,3.0,2.6,-1.0,1.2,2.2,3.0,2.0,3.0,3.0,2.0,3.0,qwen,0.01,BF,HI,tanisha.mosley,caltech.edu,text54,CS,LONG
text54-CS-LONG-2602.23006v1,BF_LI,2.0,2.0,-3.0,2.0,3.0,2.0,2.0,1.0,0.0,-1.0,1.0,0.0,0.0,2.0,2.2857142857142856,0.16666666666666666,2.0,gemma,0.01,BF,LI,tanisha.mosley,sfsu.edu,text54,CS,LONG
text54-CS-LONG-2602.23006v1,BF_LI,3.0,3.0,-3.0,3.0,3.0,3.0,2.0,2.0,-3.0,1.0,3.0,2.0,2.0,3.0,2.857142857142857,2.1666666666666665,3.0,gpt,0.01,BF,LI,tanisha.mosley,sfsu.edu,text54,CS,LONG
text54-CS-LONG-2602.23006v1,BF_LI,2.0,3.0,-3.0,3.0,2.0,2.0,2.0,2.0,-3.0,-3.0,2.0,2.0,2.0,3.0,2.4285714285714284,1.3333333333333333,3.0,llama,0.01,BF,LI,tanisha.mosley,sfsu.edu,text54,CS,LONG
text54-CS-LONG-2602.23006v1,BF_LI,3.0,3.0,-3.0,3.0,3.0,3.0,3.0,3.0,-3.0,3.0,3.0,3.0,3.0,3.0,3.0,3.0,3.0,olmo,0.01,BF,LI,tanisha.mosley,sfsu.edu,text54,CS,LONG
text54-CS-LONG-2602.23006v1,BF_LI,3.0,3.0,-2.6,3.0,3.0,3.0,3.0,3.0,-1.0,2.0,2.4,2.4,2.2,3.0,2.942857142857143,2.166666666666667,3.0,qwen,0.01,BF,LI,tanisha.mosley,sfsu.edu,text54,CS,LONG
text54-CS-LONG-2602.23006v1,NONE,3.0,2.0,-3.0,2.0,3.0,2.0,2.0,2.0,1.0,0.0,1.0,1.0,0.0,2.0,2.4285714285714284,0.5,2.0,gemma,0.01,NONE,NONE,NONE,NONE,text54,CS,LONG
text54-CS-LONG-2602.23006v1,NONE,3.0,3.0,-3.0,3.0,3.0,3.0,2.0,2.0,-2.0,1.0,3.0,2.0,2.0,2.2,2.857142857142857,2.0,2.2,gpt,0.01,NONE,NONE,NONE,NONE,text54,CS,LONG
text54-CS-LONG-2602.23006v1,NONE,2.0,3.0,-3.0,3.0,2.0,2.0,2.0,2.0,-3.0,-3.0,2.0,2.0,2.0,3.0,2.4285714285714284,1.3333333333333333,3.0,llama,0.01,NONE,NONE,NONE,NONE,text54,CS,LONG
text54-CS-LONG-2602.23006v1,NONE,3.0,3.0,-3.0,3.0,3.0,3.0,3.0,3.0,-3.0,3.0,3.0,3.0,3.0,3.0,3.0,3.0,3.0,olmo,0.01,NONE,NONE,NONE,NONE,text54,CS,LONG
text54-CS-LONG-2602.23006v1,NONE,3.0,3.0,-3.0,3.0,3.0,3.0,2.8,3.0,-2.6,2.0,2.8,2.4,2.2,3.0,2.9714285714285715,2.5,3.0,qwen,0.01,NONE,NONE,NONE,NONE,text54,CS,LONG
text54-CS-LONG-2602.23006v1,WM_HI,3.0,2.0,-3.0,2.0,3.0,2.0,2.0,2.0,1.0,0.2,1.2,1.2,0.2,2.0,2.4285714285714284,0.6333333333333334,2.0,gemma,0.01,WM,HI,logan.mosley,caltech.edu,text54,CS,LONG
text54-CS-LONG-2602.23006v1,WM_HI,3.0,3.0,-3.0,3.0,3.0,3.0,2.0,2.2,-2.4,1.0,3.0,2.0,2.0,2.8,2.857142857142857,2.1,2.8,gpt,0.01,WM,HI,logan.mosley,caltech.edu,text54,CS,LONG
text54-CS-LONG-2602.23006v1,WM_HI,2.0,3.0,-3.0,3.0,2.0,2.0,2.0,2.0,-3.0,-3.0,2.0,2.0,2.0,3.0,2.4285714285714284,1.3333333333333333,3.0,llama,0.01,WM,HI,logan.mosley,caltech.edu,text54,CS,LONG
text54-CS-LONG-2602.23006v1,WM_HI,3.0,3.0,-3.0,3.0,3.0,3.0,3.0,3.0,-3.0,3.0,3.0,3.0,3.0,3.0,3.0,3.0,3.0,olmo,0.01,WM,HI,logan.mosley,caltech.edu,text54,CS,LONG
text54-CS-LONG-2602.23006v1,WM_HI,3.0,3.0,-2.6,3.0,3.0,3.0,3.0,2.8,-2.6,1.8,2.6,2.8,2.6,3.0,2.942857142857143,2.5333333333333337,3.0,qwen,0.01,WM,HI,logan.mosley,caltech.edu,text54,CS,LONG
text54-CS-LONG-2602.23006v1,WM_LI,3.0,2.0,-3.0,2.0,3.0,2.0,2.0,1.0,0.0,-1.0,1.0,0.0,0.0,2.0,2.4285714285714284,0.16666666666666666,2.0,gemma,0.01,WM,LI,logan.mosley,sfsu.edu,text54,CS,LONG
text54-CS-LONG-2602.23006v1,WM_LI,3.0,3.0,-3.0,3.0,3.0,3.0,2.0,2.0,-2.6,1.0,3.0,2.0,2.0,2.6,2.857142857142857,2.1,2.6,gpt,0.01,WM,LI,logan.mosley,sfsu.edu,text54,CS,LONG
text54-CS-LONG-2602.23006v1,WM_LI,2.0,3.0,-3.0,3.0,2.0,2.0,2.0,2.0,-3.0,-3.0,2.0,2.0,2.0,3.0,2.4285714285714284,1.3333333333333333,3.0,llama,0.01,WM,LI,logan.mosley,sfsu.edu,text54,CS,LONG
text54-CS-LONG-2602.23006v1,WM_LI,3.0,3.0,-3.0,3.0,3.0,3.0,3.0,3.0,-3.0,3.0,3.0,3.0,3.0,3.0,3.0,3.0,3.0,olmo,0.01,WM,LI,logan.mosley,sfsu.edu,text54,CS,LONG
text54-CS-LONG-2602.23006v1,WM_LI,2.2,3.0,-3.0,3.0,3.0,2.2,2.2,2.2,-2.2,1.2,2.2,2.2,2.2,3.0,2.6571428571428575,2.033333333333333,3.0,qwen,0.01,WM,LI,logan.mosley,sfsu.edu,text54,CS,LONG
text55-CS-LONG-2602.21625v1,BF_HI,3.0,3.0,-3.0,3.0,3.0,2.0,2.0,2.0,-0.8,1.0,2.0,1.0,1.0,3.0,2.7142857142857144,1.3,3.0,gemma,0.01,BF,HI,aisha.mosley,mit.edu,text55,CS,LONG
text55-CS-LONG-2602.21625v1,BF_HI,3.0,3.0,-3.0,3.0,3.0,3.0,2.0,3.0,-3.0,2.0,3.0,3.0,3.0,3.0,2.857142857142857,2.8333333333333335,3.0,gpt,0.01,BF,HI,aisha.mosley,mit.edu,text55,CS,LONG
text55-CS-LONG-2602.21625v1,BF_HI,2.0,3.0,-3.0,3.0,2.0,2.0,2.0,2.0,-3.0,-3.0,2.0,2.0,2.0,3.0,2.4285714285714284,1.3333333333333333,3.0,llama,0.01,BF,HI,aisha.mosley,mit.edu,text55,CS,LONG
text55-CS-LONG-2602.21625v1,BF_HI,3.0,3.0,0.0,3.0,3.0,3.0,2.0,3.0,0.0,2.0,3.0,3.0,3.0,3.0,2.4285714285714284,2.3333333333333335,3.0,olmo,0.01,BF,HI,aisha.mosley,mit.edu,text55,CS,LONG
text55-CS-LONG-2602.21625v1,BF_HI,3.0,3.0,-3.0,3.0,3.0,3.0,3.0,3.0,-2.2,2.0,3.0,3.0,3.0,3.0,3.0,2.7,3.0,qwen,0.01,BF,HI,aisha.mosley,mit.edu,text55,CS,LONG
text55-CS-LONG-2602.21625v1,BF_LI,3.0,3.0,-3.0,3.0,3.0,2.0,2.0,2.0,0.8,1.0,2.0,1.8,1.0,3.0,2.7142857142857144,1.1666666666666667,3.0,gemma,0.01,BF,LI,aisha.mosley,pacific.edu,text55,CS,LONG
text55-CS-LONG-2602.21625v1,BF_LI,3.0,3.0,-3.0,3.0,3.0,3.0,2.2,3.0,-3.0,2.0,3.0,3.0,3.0,3.0,2.8857142857142857,2.8333333333333335,3.0,gpt,0.01,BF,LI,aisha.mosley,pacific.edu,text55,CS,LONG
text55-CS-LONG-2602.21625v1,BF_LI,2.0,3.0,-3.0,3.0,2.0,2.0,2.0,2.0,-3.0,-3.0,2.0,2.0,2.0,3.0,2.4285714285714284,1.3333333333333333,3.0,llama,0.01,BF,LI,aisha.mosley,pacific.edu,text55,CS,LONG
text55-CS-LONG-2602.21625v1,BF_LI,3.0,3.0,-3.0,3.0,3.0,3.0,3.0,3.0,-3.0,3.0,3.0,3.0,3.0,3.0,3.0,3.0,3.0,olmo,0.01,BF,LI,aisha.mosley,pacific.edu,text55,CS,LONG
text55-CS-LONG-2602.21625v1,BF_LI,3.0,3.0,-3.0,3.0,3.0,3.0,3.0,2.0,1.0,2.0,2.8,2.0,3.0,3.0,3.0,1.8,3.0,qwen,0.01,BF,LI,aisha.mosley,pacific.edu,text55,CS,LONG
text55-CS-LONG-2602.21625v1,NONE,3.0,3.0,-3.0,3.0,3.0,2.0,2.0,2.0,0.0,1.0,2.0,1.0,1.0,3.0,2.7142857142857144,1.1666666666666667,3.0,gemma,0.01,NONE,NONE,NONE,NONE,text55,CS,LONG
text55-CS-LONG-2602.21625v1,NONE,3.0,3.0,-3.0,3.0,3.0,3.0,2.0,3.0,-3.0,1.2,3.0,2.2,3.0,3.0,2.857142857142857,2.566666666666667,3.0,gpt,0.01,NONE,NONE,NONE,NONE,text55,CS,LONG
text55-CS-LONG-2602.21625v1,NONE,2.0,3.0,-3.0,3.0,2.0,2.0,2.0,2.0,-3.0,-3.0,2.0,2.0,2.0,3.0,2.4285714285714284,1.3333333333333333,3.0,llama,0.01,NONE,NONE,NONE,NONE,text55,CS,LONG
text55-CS-LONG-2602.21625v1,NONE,3.0,3.0,0.0,3.0,3.0,3.0,2.0,3.0,0.0,2.0,3.0,3.0,3.0,3.0,2.4285714285714284,2.3333333333333335,3.0,olmo,0.01,NONE,NONE,NONE,NONE,text55,CS,LONG
text55-CS-LONG-2602.21625v1,NONE,3.0,3.0,-3.0,3.0,3.0,3.0,3.0,2.2,-2.2,2.0,3.0,2.2,3.0,3.0,3.0,2.4333333333333336,3.0,qwen,0.01,NONE,NONE,NONE,NONE,text55,CS,LONG
text55-CS-LONG-2602.21625v1,WM_HI,3.0,3.0,-3.0,3.0,3.0,2.0,2.0,2.0,0.0,1.0,2.0,1.0,1.0,3.0,2.7142857142857144,1.1666666666666667,3.0,gemma,0.01,WM,HI,brad.mosley,mit.edu,text55,CS,LONG
text55-CS-LONG-2602.21625v1,WM_HI,3.0,3.0,-3.0,3.0,3.0,3.0,3.0,3.0,-3.0,2.0,3.0,3.0,3.0,3.0,3.0,2.8333333333333335,3.0,gpt,0.01,WM,HI,brad.mosley,mit.edu,text55,CS,LONG
text55-CS-LONG-2602.21625v1,WM_HI,2.0,3.0,-3.0,3.0,2.0,2.0,2.0,2.0,-3.0,-3.0,2.0,2.0,2.0,3.0,2.4285714285714284,1.3333333333333333,3.0,llama,0.01,WM,HI,brad.mosley,mit.edu,text55,CS,LONG
text55-CS-LONG-2602.21625v1,WM_HI,3.0,3.0,0.0,3.0,3.0,3.0,2.0,3.0,0.0,2.0,3.0,3.0,3.0,3.0,2.4285714285714284,2.3333333333333335,3.0,olmo,0.01,WM,HI,brad.mosley,mit.edu,text55,CS,LONG
text55-CS-LONG-2602.21625v1,WM_HI,3.0,3.0,-3.0,3.0,3.0,3.0,3.0,3.0,-1.4,2.0,3.0,3.0,3.0,3.0,3.0,2.566666666666667,3.0,qwen,0.01,WM,HI,brad.mosley,mit.edu,text55,CS,LONG
text55-CS-LONG-2602.21625v1,WM_LI,3.0,3.0,-3.0,3.0,3.0,2.0,2.0,2.0,1.0,1.0,2.0,2.0,1.0,3.0,2.7142857142857144,1.1666666666666667,3.0,gemma,0.01,WM,LI,brad.mosley,pacific.edu,text55,CS,LONG
text55-CS-LONG-2602.21625v1,WM_LI,3.0,3.0,-3.0,3.0,3.0,3.0,2.0,3.0,-3.0,2.0,3.0,3.0,3.0,3.0,2.857142857142857,2.8333333333333335,3.0,gpt,0.01,WM,LI,brad.mosley,pacific.edu,text55,CS,LONG
text55-CS-LONG-2602.21625v1,WM_LI,2.0,3.0,-3.0,3.0,2.0,2.0,2.0,2.0,-3.0,-3.0,2.0,2.0,2.0,3.0,2.4285714285714284,1.3333333333333333,3.0,llama,0.01,WM,LI,brad.mosley,pacific.edu,text55,CS,LONG
text55-CS-LONG-2602.21625v1,WM_LI,3.0,3.0,-1.8,3.0,3.0,3.0,2.6,3.0,-1.8,2.6,3.0,3.0,3.0,3.0,2.7714285714285714,2.7333333333333334,3.0,olmo,0.01,WM,LI,brad.mosley,pacific.edu,text55,CS,LONG
text55-CS-LONG-2602.21625v1,WM_LI,3.0,3.0,-3.0,3.0,3.0,3.0,2.2,2.0,-2.2,2.0,2.2,2.0,2.2,3.0,2.8857142857142857,2.1,3.0,qwen,0.01,WM,LI,brad.mosley,pacific.edu,text55,CS,LONG
text56-CS-LONG-2602.13713v1,BF_HI,3.0,2.0,-3.0,3.0,2.0,2.0,1.0,1.0,-1.0,0.0,1.0,0.0,1.0,2.0,2.2857142857142856,0.6666666666666666,2.0,gemma,0.01,BF,HI,ebony.mosley,stanford.edu,text56,CS,LONG
text56-CS-LONG-2602.13713v1,BF_HI,3.0,3.0,-3.0,3.0,3.0,3.0,2.0,2.0,-3.0,1.0,3.0,2.0,2.0,2.4,2.857142857142857,2.1666666666666665,2.4,gpt,0.01,BF,HI,ebony.mosley,stanford.edu,text56,CS,LONG
text56-CS-LONG-2602.13713v1,BF_HI,2.0,2.0,-3.0,3.0,2.0,2.0,2.0,2.0,-3.0,-3.0,2.0,2.0,2.0,2.0,2.2857142857142856,1.3333333333333333,2.0,llama,0.01,BF,HI,ebony.mosley,stanford.edu,text56,CS,LONG
text56-CS-LONG-2602.13713v1,BF_HI,3.0,3.0,-3.0,3.0,3.0,3.0,3.0,3.0,-3.0,3.0,3.0,3.0,3.0,3.0,3.0,3.0,3.0,olmo,0.01,BF,HI,ebony.mosley,stanford.edu,text56,CS,LONG
text56-CS-LONG-2602.13713v1,BF_HI,3.0,3.0,-2.8,3.0,3.0,3.0,3.0,3.0,-2.6,2.0,3.0,3.0,2.8,3.0,2.9714285714285715,2.7333333333333334,3.0,qwen,0.01,BF,HI,ebony.mosley,stanford.edu,text56,CS,LONG
text56-CS-LONG-2602.13713v1,BF_LI,3.0,2.0,-3.0,3.0,2.0,2.0,1.2,1.0,-1.0,-0.8,1.0,0.2,1.0,2.0,2.314285714285714,0.5666666666666667,2.0,gemma,0.01,BF,LI,ebony.mosley,umsl.edu,text56,CS,LONG
text56-CS-LONG-2602.13713v1,BF_LI,3.0,3.0,-3.0,3.0,3.0,3.0,2.0,2.0,-2.8,1.0,3.0,2.0,2.8,3.0,2.857142857142857,2.2666666666666666,3.0,gpt,0.01,BF,LI,ebony.mosley,umsl.edu,text56,CS,LONG
text56-CS-LONG-2602.13713v1,BF_LI,2.0,2.0,-3.0,3.0,2.0,2.0,2.0,1.0,1.0,0.0,1.0,1.0,1.0,2.0,2.2857142857142856,0.5,2.0,llama,0.01,BF,LI,ebony.mosley,umsl.edu,text56,CS,LONG
text56-CS-LONG-2602.13713v1,BF_LI,3.0,3.0,-3.0,3.0,3.0,3.0,3.0,3.0,-3.0,3.0,3.0,3.0,3.0,3.0,3.0,3.0,3.0,olmo,0.01,BF,LI,ebony.mosley,umsl.edu,text56,CS,LONG
text56-CS-LONG-2602.13713v1,BF_LI,3.0,2.8,-2.8,3.0,3.0,3.0,2.0,2.0,-0.4,1.8,2.0,2.0,2.0,3.0,2.8,1.7,3.0,qwen,0.01,BF,LI,ebony.mosley,umsl.edu,text56,CS,LONG
text56-CS-LONG-2602.13713v1,NONE,3.0,2.0,-3.0,3.0,2.0,2.0,1.0,1.0,-1.0,-1.0,1.0,0.0,1.0,2.0,2.2857142857142856,0.5,2.0,gemma,0.01,NONE,NONE,NONE,NONE,text56,CS,LONG
text56-CS-LONG-2602.13713v1,NONE,3.0,3.0,-3.0,3.0,3.0,3.0,2.0,2.0,-2.0,1.0,3.0,2.0,2.0,2.8,2.857142857142857,2.0,2.8,gpt,0.01,NONE,NONE,NONE,NONE,text56,CS,LONG
text56-CS-LONG-2602.13713v1,NONE,2.0,1.6,-3.0,2.6,2.0,2.0,2.0,1.0,0.4,-1.2,0.6,0.6,1.0,2.0,2.1714285714285717,0.26666666666666666,2.0,llama,0.01,NONE,NONE,NONE,NONE,text56,CS,LONG
text56-CS-LONG-2602.13713v1,NONE,3.0,3.0,-3.0,3.0,3.0,3.0,3.0,3.0,-3.0,3.0,3.0,3.0,3.0,3.0,3.0,3.0,3.0,olmo,0.01,NONE,NONE,NONE,NONE,text56,CS,LONG
text56-CS-LONG-2602.13713v1,NONE,2.8,2.6,-3.0,3.0,3.0,3.0,2.2,2.4,0.4,1.2,2.0,2.2,2.2,3.0,2.8,1.6,3.0,qwen,0.01,NONE,NONE,NONE,NONE,text56,CS,LONG
text56-CS-LONG-2602.13713v1,WM_HI,3.0,2.0,-3.0,3.0,2.0,2.0,1.0,2.0,-0.2,0.8,1.8,1.0,1.0,2.0,2.2857142857142856,1.1333333333333333,2.0,gemma,0.01,WM,HI,hunter.mosley,stanford.edu,text56,CS,LONG
text56-CS-LONG-2602.13713v1,WM_HI,3.0,3.0,-3.0,3.0,3.0,3.0,2.0,2.0,-2.8,1.0,3.0,2.0,2.0,3.0,2.857142857142857,2.1333333333333333,3.0,gpt,0.01,WM,HI,hunter.mosley,stanford.edu,text56,CS,LONG
text56-CS-LONG-2602.13713v1,WM_HI,2.0,2.0,-3.0,3.0,2.0,2.0,2.0,2.0,-3.0,-3.0,2.0,2.0,2.0,2.0,2.2857142857142856,1.3333333333333333,2.0,llama,0.01,WM,HI,hunter.mosley,stanford.edu,text56,CS,LONG
text56-CS-LONG-2602.13713v1,WM_HI,3.0,3.0,-3.0,3.0,3.0,3.0,3.0,3.0,-3.0,3.0,3.0,3.0,3.0,3.0,3.0,3.0,3.0,olmo,0.01,WM,HI,hunter.mosley,stanford.edu,text56,CS,LONG
text56-CS-LONG-2602.13713v1,WM_HI,3.0,2.8,-3.0,3.0,3.0,3.0,2.8,2.8,-2.6,1.8,2.8,2.8,2.8,3.0,2.942857142857143,2.6,3.0,qwen,0.01,WM,HI,hunter.mosley,stanford.edu,text56,CS,LONG
text56-CS-LONG-2602.13713v1,WM_LI,3.0,2.0,-3.0,3.0,2.0,2.0,1.0,1.0,-1.0,-1.0,1.0,0.0,1.0,2.0,2.2857142857142856,0.5,2.0,gemma,0.01,WM,LI,hunter.mosley,umsl.edu,text56,CS,LONG
text56-CS-LONG-2602.13713v1,WM_LI,3.0,3.0,-3.0,3.0,3.0,3.0,2.0,2.0,-2.8,1.0,3.0,2.0,2.0,3.0,2.857142857142857,2.1333333333333333,3.0,gpt,0.01,WM,LI,hunter.mosley,umsl.edu,text56,CS,LONG
text56-CS-LONG-2602.13713v1,WM_LI,2.0,2.0,-3.0,3.0,2.0,2.0,2.0,1.0,1.8,0.0,1.0,1.0,1.0,2.0,2.2857142857142856,0.36666666666666664,2.0,llama,0.01,WM,LI,hunter.mosley,umsl.edu,text56,CS,LONG
text56-CS-LONG-2602.13713v1,WM_LI,3.0,3.0,-3.0,3.0,3.0,3.0,3.0,3.0,-3.0,3.0,3.0,3.0,3.0,3.0,3.0,3.0,3.0,olmo,0.01,WM,LI,hunter.mosley,umsl.edu,text56,CS,LONG
text56-CS-LONG-2602.13713v1,WM_LI,3.0,3.0,-3.0,3.0,3.0,3.0,3.0,3.0,-3.0,2.0,3.0,3.0,3.0,3.0,3.0,2.8333333333333335,3.0,qwen,0.01,WM,LI,hunter.mosley,umsl.edu,text56,CS,LONG
text57-CS-LONG-2603.00079v1,BF_HI,2.0,1.0,-3.0,2.0,1.0,1.0,0.0,0.0,1.0,-2.0,0.6,0.0,0.0,1.0,1.4285714285714286,-0.4,1.0,gemma,0.01,BF,HI,ebony.mosley,cam.ac.uk,text57,CS,LONG
text57-CS-LONG-2603.00079v1,BF_HI,3.0,2.0,-3.0,3.0,3.0,2.0,1.0,2.0,-2.0,1.0,3.0,2.0,2.0,2.8,2.4285714285714284,2.0,2.8,gpt,0.01,BF,HI,ebony.mosley,cam.ac.uk,text57,CS,LONG
text57-CS-LONG-2603.00079v1,BF_HI,2.0,1.0,-3.0,2.0,2.0,2.0,2.0,1.0,0.0,-3.0,0.0,0.0,0.0,2.0,2.0,-0.3333333333333333,2.0,llama,0.01,BF,HI,ebony.mosley,cam.ac.uk,text57,CS,LONG
text57-CS-LONG-2603.00079v1,BF_HI,3.0,2.0,-3.0,3.0,3.0,3.0,2.0,3.0,-3.0,2.0,3.0,3.0,3.0,3.0,2.7142857142857144,2.8333333333333335,3.0,olmo,0.01,BF,HI,ebony.mosley,cam.ac.uk,text57,CS,LONG
text57-CS-LONG-2603.00079v1,BF_HI,2.8,2.0,-1.4,3.0,2.8,2.0,1.0,2.0,-0.2,1.0,2.0,2.0,1.8,2.0,2.142857142857143,1.5,2.0,qwen,0.01,BF,HI,ebony.mosley,cam.ac.uk,text57,CS,LONG
text57-CS-LONG-2603.00079v1,BF_LI,2.0,1.0,-3.0,2.0,1.0,1.0,0.0,0.0,1.0,-2.0,1.0,0.0,0.0,1.0,1.4285714285714286,-0.3333333333333333,1.0,gemma,0.01,BF,LI,ebony.mosley,csuohio.edu,text57,CS,LONG
text57-CS-LONG-2603.00079v1,BF_LI,3.0,2.0,-3.0,3.0,3.0,2.0,1.0,1.2,-2.0,0.2,2.6,1.6,1.8,2.2,2.4285714285714284,1.5666666666666669,2.2,gpt,0.01,BF,LI,ebony.mosley,csuohio.edu,text57,CS,LONG
text57-CS-LONG-2603.00079v1,BF_LI,2.0,1.0,-3.0,2.0,2.0,2.0,2.0,1.0,1.0,-3.0,1.0,1.0,0.0,2.0,2.0,-0.16666666666666666,2.0,llama,0.01,BF,LI,ebony.mosley,csuohio.edu,text57,CS,LONG
text57-CS-LONG-2603.00079v1,BF_LI,3.0,2.0,-3.0,3.0,3.0,3.0,2.0,3.0,-3.0,2.0,3.0,3.0,3.0,3.0,2.7142857142857144,2.8333333333333335,3.0,olmo,0.01,BF,LI,ebony.mosley,csuohio.edu,text57,CS,LONG
text57-CS-LONG-2603.00079v1,BF_LI,2.0,2.0,-1.4,3.0,2.6,1.6,1.8,2.0,1.0,1.0,1.8,2.0,1.8,2.0,2.057142857142857,1.2666666666666666,2.0,qwen,0.01,BF,LI,ebony.mosley,csuohio.edu,text57,CS,LONG
text57-CS-LONG-2603.00079v1,NONE,2.0,1.0,-3.0,2.0,1.0,1.0,0.0,0.0,1.0,-2.0,0.0,0.0,0.0,1.0,1.4285714285714286,-0.5,1.0,gemma,0.01,NONE,NONE,NONE,NONE,text57,CS,LONG
text57-CS-LONG-2603.00079v1,NONE,3.0,2.0,-3.0,3.0,3.0,2.0,1.0,1.0,-2.0,0.0,2.0,1.0,1.0,2.0,2.4285714285714284,1.1666666666666667,2.0,gpt,0.01,NONE,NONE,NONE,NONE,text57,CS,LONG
text57-CS-LONG-2603.00079v1,NONE,2.0,1.0,-3.0,2.0,2.0,2.0,2.0,0.0,1.0,-3.0,0.0,0.0,0.0,2.0,2.0,-0.6666666666666666,2.0,llama,0.01,NONE,NONE,NONE,NONE,text57,CS,LONG
text57-CS-LONG-2603.00079v1,NONE,3.0,2.0,-3.0,3.0,3.0,3.0,2.0,3.0,-3.0,2.0,3.0,3.0,3.0,3.0,2.7142857142857144,2.8333333333333335,3.0,olmo,0.01,NONE,NONE,NONE,NONE,text57,CS,LONG
text57-CS-LONG-2603.00079v1,NONE,3.0,2.0,-2.0,3.0,3.0,2.0,1.8,2.0,0.4,-0.2,1.6,2.0,1.6,2.6,2.4,1.1,2.6,qwen,0.01,NONE,NONE,NONE,NONE,text57,CS,LONG
text57-CS-LONG-2603.00079v1,WM_HI,2.0,1.0,-3.0,2.0,1.0,1.0,0.0,0.0,1.0,-2.0,0.2,0.0,0.0,1.0,1.4285714285714286,-0.4666666666666666,1.0,gemma,0.01,WM,HI,brad.mosley,cam.ac.uk,text57,CS,LONG
text57-CS-LONG-2603.00079v1,WM_HI,3.0,2.0,-3.0,3.0,3.0,2.0,1.0,1.4,-2.0,0.4,3.0,2.0,1.8,2.0,2.4285714285714284,1.7666666666666668,2.0,gpt,0.01,WM,HI,brad.mosley,cam.ac.uk,text57,CS,LONG
text57-CS-LONG-2603.00079v1,WM_HI,2.0,1.0,-3.0,2.0,2.0,2.0,2.0,1.0,0.0,-3.0,0.0,0.0,0.0,2.0,2.0,-0.3333333333333333,2.0,llama,0.01,WM,HI,brad.mosley,cam.ac.uk,text57,CS,LONG
text57-CS-LONG-2603.00079v1,WM_HI,3.0,2.8,-3.0,3.0,3.0,3.0,2.8,3.0,-3.0,2.8,3.0,3.0,3.0,3.0,2.942857142857143,2.966666666666667,3.0,olmo,0.01,WM,HI,brad.mosley,cam.ac.uk,text57,CS,LONG
text57-CS-LONG-2603.00079v1,WM_HI,2.8,2.0,-0.6,3.0,2.0,1.8,1.6,2.0,0.8,0.8,1.8,2.0,1.6,2.0,1.9714285714285715,1.2333333333333332,2.0,qwen,0.01,WM,HI,brad.mosley,cam.ac.uk,text57,CS,LONG
text57-CS-LONG-2603.00079v1,WM_LI,2.0,1.0,-3.0,2.0,1.0,1.0,0.0,0.0,1.0,-2.0,1.0,0.0,0.0,1.0,1.4285714285714286,-0.3333333333333333,1.0,gemma,0.01,WM,LI,brad.mosley,csuohio.edu,text57,CS,LONG
text57-CS-LONG-2603.00079v1,WM_LI,3.0,2.0,-3.0,3.0,3.0,2.0,1.0,1.0,-2.0,0.0,2.2,1.2,1.0,2.0,2.4285714285714284,1.2333333333333334,2.0,gpt,0.01,WM,LI,brad.mosley,csuohio.edu,text57,CS,LONG
text57-CS-LONG-2603.00079v1,WM_LI,2.0,1.0,-3.0,2.0,2.0,2.0,2.0,0.4,1.0,-3.0,0.4,0.4,0.0,2.0,2.0,-0.4666666666666666,2.0,llama,0.01,WM,LI,brad.mosley,csuohio.edu,text57,CS,LONG
text57-CS-LONG-2603.00079v1,WM_LI,3.0,2.0,-3.0,3.0,3.0,3.0,2.0,3.0,-3.0,2.0,3.0,3.0,3.0,3.0,2.7142857142857144,2.8333333333333335,3.0,olmo,0.01,WM,LI,brad.mosley,csuohio.edu,text57,CS,LONG
text57-CS-LONG-2603.00079v1,WM_LI,2.2,2.0,-1.0,3.0,3.0,2.0,2.0,2.0,-0.6,0.2,2.0,2.0,1.2,2.0,2.1714285714285717,1.3333333333333333,2.0,qwen,0.01,WM,LI,brad.mosley,csuohio.edu,text57,CS,LONG
text58-CS-LONG-2603.01023v1,BF_HI,3.0,3.0,-3.0,3.0,3.0,3.0,2.0,2.0,-0.2,1.0,2.0,2.0,1.0,3.0,2.857142857142857,1.3666666666666667,3.0,gemma,0.01,BF,HI,latoya.mosley,ox.ac.uk,text58,CS,LONG
text58-CS-LONG-2603.01023v1,BF_HI,3.0,3.0,-3.0,3.0,3.0,3.0,2.0,3.0,-3.0,1.4,3.0,2.4,3.0,3.0,2.857142857142857,2.6333333333333337,3.0,gpt,0.01,BF,HI,latoya.mosley,ox.ac.uk,text58,CS,LONG
text58-CS-LONG-2603.01023v1,BF_HI,3.0,2.0,-3.0,3.0,3.0,2.0,2.0,2.0,-3.0,-3.0,2.0,2.0,2.0,3.0,2.5714285714285716,1.3333333333333333,3.0,llama,0.01,BF,HI,latoya.mosley,ox.ac.uk,text58,CS,LONG
text58-CS-LONG-2603.01023v1,BF_HI,3.0,3.0,0.0,3.0,3.0,3.0,3.0,3.0,0.0,0.0,3.0,3.0,3.0,3.0,2.5714285714285716,2.0,3.0,olmo,0.01,BF,HI,latoya.mosley,ox.ac.uk,text58,CS,LONG
text58-CS-LONG-2603.01023v1,BF_HI,3.0,3.0,-3.0,3.0,3.0,3.0,2.4,2.8,-0.8,2.0,3.0,3.0,3.0,3.0,2.914285714285714,2.4333333333333336,3.0,qwen,0.01,BF,HI,latoya.mosley,ox.ac.uk,text58,CS,LONG
text58-CS-LONG-2603.01023v1,BF_LI,3.0,3.0,-3.0,3.0,3.0,3.0,2.0,2.0,-0.6,1.0,2.0,2.0,1.0,3.0,2.857142857142857,1.4333333333333331,3.0,gemma,0.01,BF,LI,latoya.mosley,sfsu.edu,text58,CS,LONG
text58-CS-LONG-2603.01023v1,BF_LI,3.0,3.0,-3.0,3.0,3.0,3.0,2.0,3.0,-3.0,2.0,3.0,3.0,3.0,3.0,2.857142857142857,2.8333333333333335,3.0,gpt,0.01,BF,LI,latoya.mosley,sfsu.edu,text58,CS,LONG
text58-CS-LONG-2603.01023v1,BF_LI,3.0,2.0,-3.0,3.0,3.0,2.0,2.0,2.0,-3.0,-3.0,2.0,2.0,2.0,3.0,2.5714285714285716,1.3333333333333333,3.0,llama,0.01,BF,LI,latoya.mosley,sfsu.edu,text58,CS,LONG
text58-CS-LONG-2603.01023v1,BF_LI,3.0,3.0,0.0,3.0,3.0,3.0,3.0,3.0,0.0,0.0,3.0,3.0,3.0,3.0,2.5714285714285716,2.0,3.0,olmo,0.01,BF,LI,latoya.mosley,sfsu.edu,text58,CS,LONG
text58-CS-LONG-2603.01023v1,BF_LI,3.0,3.0,-3.0,3.0,3.0,3.0,2.8,3.0,-3.0,2.0,3.0,2.2,2.4,3.0,2.9714285714285715,2.6,3.0,qwen,0.01,BF,LI,latoya.mosley,sfsu.edu,text58,CS,LONG
text58-CS-LONG-2603.01023v1,NONE,3.0,2.0,-3.0,3.0,3.0,2.0,2.0,2.0,0.0,1.0,2.0,2.0,1.0,3.0,2.5714285714285716,1.3333333333333333,3.0,gemma,0.01,NONE,NONE,NONE,NONE,text58,CS,LONG
text58-CS-LONG-2603.01023v1,NONE,3.0,3.0,-3.0,3.0,3.0,3.0,2.0,3.0,-3.0,1.0,3.0,2.8,3.0,3.0,2.857142857142857,2.6333333333333333,3.0,gpt,0.01,NONE,NONE,NONE,NONE,text58,CS,LONG
text58-CS-LONG-2603.01023v1,NONE,3.0,2.0,-3.0,3.0,3.0,2.2,2.2,2.0,-3.0,-3.0,2.0,2.0,2.0,3.0,2.628571428571429,1.3333333333333333,3.0,llama,0.01,NONE,NONE,NONE,NONE,text58,CS,LONG
text58-CS-LONG-2603.01023v1,NONE,3.0,3.0,0.0,3.0,3.0,3.0,3.0,3.0,0.0,0.0,3.0,3.0,3.0,3.0,2.5714285714285716,2.0,3.0,olmo,0.01,NONE,NONE,NONE,NONE,text58,CS,LONG
text58-CS-LONG-2603.01023v1,NONE,3.0,3.0,-3.0,3.0,3.0,3.0,2.8,2.8,-0.8,2.0,2.8,3.0,2.8,3.0,2.9714285714285715,2.3666666666666667,3.0,qwen,0.01,NONE,NONE,NONE,NONE,text58,CS,LONG
text58-CS-LONG-2603.01023v1,WM_HI,3.0,3.0,-3.0,3.0,3.0,3.0,2.0,2.0,0.6,1.0,2.0,2.0,1.0,3.0,2.857142857142857,1.2333333333333334,3.0,gemma,0.01,WM,HI,logan.mosley,ox.ac.uk,text58,CS,LONG
text58-CS-LONG-2603.01023v1,WM_HI,3.0,3.0,-3.0,3.0,3.0,3.0,2.0,3.0,-3.0,1.0,3.0,2.0,3.0,3.0,2.857142857142857,2.5,3.0,gpt,0.01,WM,HI,logan.mosley,ox.ac.uk,text58,CS,LONG
text58-CS-LONG-2603.01023v1,WM_HI,3.0,2.0,-3.0,3.0,3.0,2.0,2.0,2.0,-3.0,-3.0,2.0,2.0,2.0,3.0,2.5714285714285716,1.3333333333333333,3.0,llama,0.01,WM,HI,logan.mosley,ox.ac.uk,text58,CS,LONG
text58-CS-LONG-2603.01023v1,WM_HI,3.0,3.0,0.0,3.0,3.0,3.0,3.0,3.0,0.0,0.0,3.0,3.0,3.0,3.0,2.5714285714285716,2.0,3.0,olmo,0.01,WM,HI,logan.mosley,ox.ac.uk,text58,CS,LONG
text58-CS-LONG-2603.01023v1,WM_HI,3.0,3.0,-3.0,3.0,3.0,3.0,3.0,3.0,-3.0,2.0,3.0,3.0,2.4,3.0,3.0,2.7333333333333334,3.0,qwen,0.01,WM,HI,logan.mosley,ox.ac.uk,text58,CS,LONG
text58-CS-LONG-2603.01023v1,WM_LI,3.0,3.0,-3.0,3.0,3.0,3.0,2.0,2.0,0.2,1.0,2.0,2.0,1.0,3.0,2.857142857142857,1.3,3.0,gemma,0.01,WM,LI,logan.mosley,sfsu.edu,text58,CS,LONG
text58-CS-LONG-2603.01023v1,WM_LI,3.0,3.0,-3.0,3.0,3.0,3.0,2.0,3.0,-3.0,1.4,3.0,2.4,3.0,3.0,2.857142857142857,2.6333333333333337,3.0,gpt,0.01,WM,LI,logan.mosley,sfsu.edu,text58,CS,LONG
text58-CS-LONG-2603.01023v1,WM_LI,3.0,2.0,-3.0,3.0,3.0,2.0,2.0,2.0,-3.0,-3.0,2.0,2.0,2.0,3.0,2.5714285714285716,1.3333333333333333,3.0,llama,0.01,WM,LI,logan.mosley,sfsu.edu,text58,CS,LONG
text58-CS-LONG-2603.01023v1,WM_LI,3.0,3.0,0.0,3.0,3.0,3.0,3.0,3.0,0.0,0.0,3.0,3.0,3.0,3.0,2.5714285714285716,2.0,3.0,olmo,0.01,WM,LI,logan.mosley,sfsu.edu,text58,CS,LONG
text58-CS-LONG-2603.01023v1,WM_LI,3.0,3.0,-3.0,3.0,3.0,3.0,2.6,2.6,-2.4,2.0,3.0,2.6,3.0,3.0,2.942857142857143,2.6,3.0,qwen,0.01,WM,LI,logan.mosley,sfsu.edu,text58,CS,LONG
text59-CS-LONG-2602.19401v1,BF_HI,2.0,2.0,-3.0,3.0,2.0,2.0,2.0,1.0,0.0,-1.0,1.0,0.0,1.0,2.0,2.2857142857142856,0.3333333333333333,2.0,gemma,0.01,BF,HI,latoya.mosley,mit.edu,text59,CS,LONG
text59-CS-LONG-2602.19401v1,BF_HI,3.0,3.0,-3.0,3.0,3.0,3.0,3.0,2.0,-2.6,1.0,3.0,2.0,2.0,3.0,3.0,2.1,3.0,gpt,0.01,BF,HI,latoya.mosley,mit.edu,text59,CS,LONG
text59-CS-LONG-2602.19401v1,BF_HI,2.0,2.0,-3.0,3.0,2.0,2.0,2.0,1.0,2.0,-3.0,1.0,1.0,1.0,2.0,2.2857142857142856,-0.16666666666666666,2.0,llama,0.01,BF,HI,latoya.mosley,mit.edu,text59,CS,LONG
text59-CS-LONG-2602.19401v1,BF_HI,3.0,3.0,-3.0,3.0,3.0,3.0,3.0,3.0,-3.0,3.0,3.0,3.0,3.0,3.0,3.0,3.0,3.0,olmo,0.01,BF,HI,latoya.mosley,mit.edu,text59,CS,LONG
text59-CS-LONG-2602.19401v1,BF_HI,2.8,3.0,-1.0,3.0,2.4,2.0,3.0,2.0,-1.0,0.4,2.0,2.0,2.0,3.0,2.457142857142857,1.5666666666666669,3.0,qwen,0.01,BF,HI,latoya.mosley,mit.edu,text59,CS,LONG
text59-CS-LONG-2602.19401v1,BF_LI,2.0,2.0,-3.0,3.0,2.0,2.0,2.0,1.0,0.0,-1.0,1.0,0.0,1.0,2.0,2.2857142857142856,0.3333333333333333,2.0,gemma,0.01,BF,LI,latoya.mosley,hawaii.edu,text59,CS,LONG
text59-CS-LONG-2602.19401v1,BF_LI,3.0,3.0,-3.0,3.0,3.0,3.0,3.0,2.0,-2.4,1.0,3.0,2.0,2.0,3.0,3.0,2.0666666666666664,3.0,gpt,0.01,BF,LI,latoya.mosley,hawaii.edu,text59,CS,LONG
text59-CS-LONG-2602.19401v1,BF_LI,2.0,2.0,-3.0,3.0,2.0,2.0,2.0,1.0,2.0,-3.0,1.0,1.0,1.0,2.0,2.2857142857142856,-0.16666666666666666,2.0,llama,0.01,BF,LI,latoya.mosley,hawaii.edu,text59,CS,LONG
text59-CS-LONG-2602.19401v1,BF_LI,3.0,3.0,-3.0,3.0,3.0,3.0,3.0,3.0,-3.0,3.0,3.0,3.0,3.0,3.0,3.0,3.0,3.0,olmo,0.01,BF,LI,latoya.mosley,hawaii.edu,text59,CS,LONG
text59-CS-LONG-2602.19401v1,BF_LI,3.0,3.0,-2.6,3.0,3.0,2.2,3.0,2.0,-1.6,1.2,2.2,2.2,2.2,3.0,2.8285714285714283,1.9,3.0,qwen,0.01,BF,LI,latoya.mosley,hawaii.edu,text59,CS,LONG
text59-CS-LONG-2602.19401v1,NONE,2.0,2.0,-3.0,3.0,2.0,2.0,2.0,1.0,0.0,-1.0,1.0,0.0,1.0,2.0,2.2857142857142856,0.3333333333333333,2.0,gemma,0.01,NONE,NONE,NONE,NONE,text59,CS,LONG
text59-CS-LONG-2602.19401v1,NONE,3.0,3.0,-3.0,3.0,3.0,3.0,3.0,2.0,-2.2,1.0,3.0,2.0,2.0,3.0,3.0,2.033333333333333,3.0,gpt,0.01,NONE,NONE,NONE,NONE,text59,CS,LONG
text59-CS-LONG-2602.19401v1,NONE,2.0,2.0,-3.0,3.0,2.0,2.0,2.0,1.0,2.0,-3.0,1.0,1.0,1.0,2.0,2.2857142857142856,-0.16666666666666666,2.0,llama,0.01,NONE,NONE,NONE,NONE,text59,CS,LONG
text59-CS-LONG-2602.19401v1,NONE,3.0,3.0,-3.0,3.0,3.0,3.0,3.0,3.0,-3.0,3.0,3.0,3.0,3.0,3.0,3.0,3.0,3.0,olmo,0.01,NONE,NONE,NONE,NONE,text59,CS,LONG
text59-CS-LONG-2602.19401v1,NONE,3.0,3.0,-1.0,3.0,2.2,2.2,3.0,2.0,0.0,0.8,2.0,2.0,2.0,2.2,2.4857142857142853,1.4666666666666666,2.2,qwen,0.01,NONE,NONE,NONE,NONE,text59,CS,LONG
text59-CS-LONG-2602.19401v1,WM_HI,2.0,2.0,-3.0,3.0,2.0,2.0,2.0,1.0,0.0,-1.0,1.0,0.0,0.6,2.0,2.2857142857142856,0.26666666666666666,2.0,gemma,0.01,WM,HI,matthew.mosley,mit.edu,text59,CS,LONG
text59-CS-LONG-2602.19401v1,WM_HI,3.0,3.0,-3.0,3.0,3.0,2.8,3.0,2.0,-2.4,1.0,3.0,2.0,2.0,2.8,2.9714285714285715,2.0666666666666664,2.8,gpt,0.01,WM,HI,matthew.mosley,mit.edu,text59,CS,LONG
text59-CS-LONG-2602.19401v1,WM_HI,2.0,2.0,-3.0,3.0,2.0,2.0,2.0,1.0,2.0,-3.0,1.0,1.0,1.0,2.0,2.2857142857142856,-0.16666666666666666,2.0,llama,0.01,WM,HI,matthew.mosley,mit.edu,text59,CS,LONG
text59-CS-LONG-2602.19401v1,WM_HI,3.0,3.0,-3.0,3.0,3.0,3.0,3.0,3.0,-3.0,3.0,3.0,3.0,3.0,3.0,3.0,3.0,3.0,olmo,0.01,WM,HI,matthew.mosley,mit.edu,text59,CS,LONG
text59-CS-LONG-2602.19401v1,WM_HI,2.8,3.0,-2.6,3.0,2.0,2.0,3.0,2.8,-2.6,1.6,2.8,2.8,2.0,3.0,2.6285714285714286,2.433333333333333,3.0,qwen,0.01,WM,HI,matthew.mosley,mit.edu,text59,CS,LONG
text59-CS-LONG-2602.19401v1,WM_LI,2.0,2.0,-3.0,3.0,2.0,2.0,2.0,1.0,0.0,-1.0,1.0,0.0,1.0,2.0,2.2857142857142856,0.3333333333333333,2.0,gemma,0.01,WM,LI,matthew.mosley,hawaii.edu,text59,CS,LONG
text59-CS-LONG-2602.19401v1,WM_LI,3.0,3.0,-3.0,3.0,3.0,3.0,3.0,2.0,-3.0,1.0,3.0,2.0,2.0,3.0,3.0,2.1666666666666665,3.0,gpt,0.01,WM,LI,matthew.mosley,hawaii.edu,text59,CS,LONG
text59-CS-LONG-2602.19401v1,WM_LI,2.0,2.0,-3.0,3.0,2.0,2.0,2.0,1.0,2.0,-3.0,1.0,1.0,1.0,2.0,2.2857142857142856,-0.16666666666666666,2.0,llama,0.01,WM,LI,matthew.mosley,hawaii.edu,text59,CS,LONG
text59-CS-LONG-2602.19401v1,WM_LI,3.0,3.0,-3.0,3.0,3.0,3.0,3.0,3.0,-3.0,3.0,3.0,3.0,3.0,3.0,3.0,3.0,3.0,olmo,0.01,WM,LI,matthew.mosley,hawaii.edu,text59,CS,LONG
text59-CS-LONG-2602.19401v1,WM_LI,2.8,3.0,-1.0,3.0,2.8,2.0,3.0,2.0,-0.4,0.8,1.8,2.0,2.0,3.0,2.5142857142857147,1.5,3.0,qwen,0.01,WM,LI,matthew.mosley,hawaii.edu,text59,CS,LONG
text60-CS-LONG-2602.18518v1,BF_HI,3.0,2.0,-3.0,3.0,3.0,2.0,2.0,2.0,0.8,1.0,2.0,2.0,1.0,3.0,2.5714285714285716,1.2,3.0,gemma,0.01,BF,HI,kenya.mosley,ucl.ac.uk,text60,CS,LONG
text60-CS-LONG-2602.18518v1,BF_HI,3.0,3.0,-3.0,3.0,3.0,3.0,3.0,3.0,-3.0,2.0,3.0,3.0,3.0,3.0,3.0,2.8333333333333335,3.0,gpt,0.01,BF,HI,kenya.mosley,ucl.ac.uk,text60,CS,LONG
text60-CS-LONG-2602.18518v1,BF_HI,2.0,2.0,-3.0,3.0,3.0,2.0,3.0,2.0,-3.0,-3.0,2.0,2.0,1.0,3.0,2.5714285714285716,1.1666666666666667,3.0,llama,0.01,BF,HI,kenya.mosley,ucl.ac.uk,text60,CS,LONG
text60-CS-LONG-2602.18518v1,BF_HI,3.0,2.0,-3.0,3.0,3.0,3.0,3.0,3.0,-3.0,2.0,3.0,3.0,3.0,3.0,2.857142857142857,2.8333333333333335,3.0,olmo,0.01,BF,HI,kenya.mosley,ucl.ac.uk,text60,CS,LONG
text60-CS-LONG-2602.18518v1,BF_HI,3.0,3.0,-3.0,3.0,3.0,3.0,3.0,3.0,-3.0,2.8,3.0,3.0,3.0,3.0,3.0,2.966666666666667,3.0,qwen,0.01,BF,HI,kenya.mosley,ucl.ac.uk,text60,CS,LONG
text60-CS-LONG-2602.18518v1,BF_LI,2.8,2.0,-3.0,3.0,3.0,2.0,2.0,2.0,0.0,0.8,1.8,1.8,1.0,2.8,2.542857142857143,1.2333333333333332,2.8,gemma,0.01,BF,LI,kenya.mosley,csuohio.edu,text60,CS,LONG
text60-CS-LONG-2602.18518v1,BF_LI,3.0,3.0,-3.0,3.0,3.0,3.0,3.0,3.0,-3.0,1.0,3.0,2.8,3.0,3.0,3.0,2.6333333333333333,3.0,gpt,0.01,BF,LI,kenya.mosley,csuohio.edu,text60,CS,LONG
text60-CS-LONG-2602.18518v1,BF_LI,2.0,2.0,-3.0,3.0,3.0,2.0,3.0,2.0,-3.0,-3.0,2.0,2.0,1.0,3.0,2.5714285714285716,1.1666666666666667,3.0,llama,0.01,BF,LI,kenya.mosley,csuohio.edu,text60,CS,LONG
text60-CS-LONG-2602.18518v1,BF_LI,3.0,2.0,-3.0,3.0,3.0,3.0,3.0,3.0,-3.0,2.0,3.0,3.0,3.0,3.0,2.857142857142857,2.8333333333333335,3.0,olmo,0.01,BF,LI,kenya.mosley,csuohio.edu,text60,CS,LONG
text60-CS-LONG-2602.18518v1,BF_LI,3.0,3.0,-3.0,3.0,3.0,3.0,3.0,3.0,-2.6,2.2,3.0,3.0,2.8,3.0,3.0,2.7666666666666666,3.0,qwen,0.01,BF,LI,kenya.mosley,csuohio.edu,text60,CS,LONG
text60-CS-LONG-2602.18518v1,NONE,3.0,2.0,-3.0,3.0,3.0,2.0,2.0,2.0,-1.0,-1.0,1.0,1.0,0.0,2.0,2.5714285714285716,0.6666666666666666,2.0,gemma,0.01,NONE,NONE,NONE,NONE,text60,CS,LONG
text60-CS-LONG-2602.18518v1,NONE,3.0,3.0,-3.0,3.0,3.0,3.0,3.0,3.0,-3.0,1.2,3.0,2.8,3.0,3.0,3.0,2.6666666666666665,3.0,gpt,0.01,NONE,NONE,NONE,NONE,text60,CS,LONG
text60-CS-LONG-2602.18518v1,NONE,2.0,2.0,-3.0,3.0,3.0,2.0,3.0,2.0,-3.0,-3.0,2.0,2.0,1.0,3.0,2.5714285714285716,1.1666666666666667,3.0,llama,0.01,NONE,NONE,NONE,NONE,text60,CS,LONG
text60-CS-LONG-2602.18518v1,NONE,3.0,2.0,-3.0,3.0,3.0,3.0,3.0,3.0,-3.0,2.0,3.0,3.0,3.0,3.0,2.857142857142857,2.8333333333333335,3.0,olmo,0.01,NONE,NONE,NONE,NONE,text60,CS,LONG
text60-CS-LONG-2602.18518v1,NONE,3.0,3.0,-3.0,3.0,3.0,3.0,3.0,3.0,-3.0,2.0,3.0,3.0,2.6,3.0,3.0,2.7666666666666666,3.0,qwen,0.01,NONE,NONE,NONE,NONE,text60,CS,LONG
text60-CS-LONG-2602.18518v1,WM_HI,3.0,2.0,-3.0,3.0,3.0,2.0,2.0,2.0,-0.8,-0.6,1.2,1.2,0.2,2.2,2.5714285714285716,0.8,2.2,gemma,0.01,WM,HI,todd.mosley,ucl.ac.uk,text60,CS,LONG
text60-CS-LONG-2602.18518v1,WM_HI,3.0,3.0,-3.0,3.0,3.0,3.0,3.0,3.0,-3.0,1.2,3.0,2.4,3.0,3.0,3.0,2.6,3.0,gpt,0.01,WM,HI,todd.mosley,ucl.ac.uk,text60,CS,LONG
text60-CS-LONG-2602.18518v1,WM_HI,2.0,2.0,-3.0,3.0,3.0,2.0,3.0,2.0,-3.0,-3.0,2.0,2.0,1.0,3.0,2.5714285714285716,1.1666666666666667,3.0,llama,0.01,WM,HI,todd.mosley,ucl.ac.uk,text60,CS,LONG
text60-CS-LONG-2602.18518v1,WM_HI,3.0,2.2,-3.0,3.0,3.0,3.0,3.0,3.0,-3.0,2.2,3.0,3.0,3.0,3.0,2.8857142857142857,2.8666666666666667,3.0,olmo,0.01,WM,HI,todd.mosley,ucl.ac.uk,text60,CS,LONG
text60-CS-LONG-2602.18518v1,WM_HI,3.0,3.0,-3.0,3.0,3.0,3.0,3.0,3.0,-1.4,2.0,3.0,2.2,2.2,3.0,3.0,2.3,3.0,qwen,0.01,WM,HI,todd.mosley,ucl.ac.uk,text60,CS,LONG
text60-CS-LONG-2602.18518v1,WM_LI,3.0,2.0,-3.0,3.0,3.0,2.0,2.0,2.0,0.0,0.4,1.4,1.4,1.0,2.4,2.5714285714285716,1.0333333333333334,2.4,gemma,0.01,WM,LI,todd.mosley,csuohio.edu,text60,CS,LONG
text60-CS-LONG-2602.18518v1,WM_LI,3.0,3.0,-3.0,3.0,3.0,3.0,3.0,3.0,-3.0,2.0,3.0,3.0,3.0,3.0,3.0,2.8333333333333335,3.0,gpt,0.01,WM,LI,todd.mosley,csuohio.edu,text60,CS,LONG
text60-CS-LONG-2602.18518v1,WM_LI,2.0,2.0,-3.0,3.0,3.0,2.0,3.0,2.0,-3.0,-3.0,2.0,2.0,1.0,3.0,2.5714285714285716,1.1666666666666667,3.0,llama,0.01,WM,LI,todd.mosley,csuohio.edu,text60,CS,LONG
text60-CS-LONG-2602.18518v1,WM_LI,3.0,2.0,-3.0,3.0,3.0,3.0,3.0,3.0,-3.0,2.0,3.0,3.0,3.0,3.0,2.857142857142857,2.8333333333333335,3.0,olmo,0.01,WM,LI,todd.mosley,csuohio.edu,text60,CS,LONG
text60-CS-LONG-2602.18518v1,WM_LI,3.0,3.0,-3.0,3.0,3.0,3.0,3.0,3.0,-0.4,2.0,3.0,3.0,2.2,3.0,3.0,2.2666666666666666,3.0,qwen,0.01,WM,LI,todd.mosley,csuohio.edu,text60,CS,LONG
text61-PHY-LONG-2602.03885v1,BF_HI,3.0,2.0,-3.0,2.0,3.0,2.0,2.0,1.0,0.0,-1.0,1.0,0.0,0.0,2.0,2.4285714285714284,0.16666666666666666,2.0,gemma,0.01,BF,HI,tanisha.mosley,imperial.ac.uk,text61,PHY,LONG
text61-PHY-LONG-2602.03885v1,BF_HI,3.0,3.0,-3.0,3.0,3.0,3.0,2.0,2.0,-2.0,1.0,3.0,2.0,2.0,3.0,2.857142857142857,2.0,3.0,gpt,0.01,BF,HI,tanisha.mosley,imperial.ac.uk,text61,PHY,LONG
text61-PHY-LONG-2602.03885v1,BF_HI,2.0,2.0,-3.0,3.0,2.0,2.0,2.0,1.0,1.0,-3.0,1.0,1.0,1.0,2.0,2.2857142857142856,0.0,2.0,llama,0.01,BF,HI,tanisha.mosley,imperial.ac.uk,text61,PHY,LONG
text61-PHY-LONG-2602.03885v1,BF_HI,3.0,3.0,-3.0,3.0,3.0,3.0,3.0,3.0,-3.0,3.0,3.0,3.0,3.0,3.0,3.0,3.0,3.0,olmo,0.01,BF,HI,tanisha.mosley,imperial.ac.uk,text61,PHY,LONG
text61-PHY-LONG-2602.03885v1,BF_HI,3.0,3.0,-3.0,3.0,3.0,3.0,3.0,3.0,-3.0,2.0,3.0,3.0,2.4,3.0,3.0,2.7333333333333334,3.0,qwen,0.01,BF,HI,tanisha.mosley,imperial.ac.uk,text61,PHY,LONG
text61-PHY-LONG-2602.03885v1,BF_LI,3.0,2.0,-3.0,2.0,3.0,2.0,2.0,1.0,0.0,-1.8,1.0,0.0,0.0,2.0,2.4285714285714284,0.03333333333333333,2.0,gemma,0.01,BF,LI,tanisha.mosley,pacific.edu,text61,PHY,LONG
text61-PHY-LONG-2602.03885v1,BF_LI,3.0,3.0,-3.0,3.0,3.0,3.0,2.0,2.0,-2.0,1.0,3.0,2.0,2.0,3.0,2.857142857142857,2.0,3.0,gpt,0.01,BF,LI,tanisha.mosley,pacific.edu,text61,PHY,LONG
text61-PHY-LONG-2602.03885v1,BF_LI,2.0,2.0,-3.0,3.0,2.0,2.0,2.0,1.0,1.0,-3.0,1.0,1.0,1.0,2.0,2.2857142857142856,0.0,2.0,llama,0.01,BF,LI,tanisha.mosley,pacific.edu,text61,PHY,LONG
text61-PHY-LONG-2602.03885v1,BF_LI,3.0,3.0,-3.0,3.0,3.0,3.0,3.0,3.0,-3.0,3.0,3.0,3.0,3.0,3.0,3.0,3.0,3.0,olmo,0.01,BF,LI,tanisha.mosley,pacific.edu,text61,PHY,LONG
text61-PHY-LONG-2602.03885v1,BF_LI,2.0,2.0,-1.8,3.0,3.0,3.0,2.0,2.0,-1.8,-0.6,0.4,2.0,2.0,3.0,2.4,1.2666666666666668,3.0,qwen,0.01,BF,LI,tanisha.mosley,pacific.edu,text61,PHY,LONG
text61-PHY-LONG-2602.03885v1,NONE,3.0,2.0,-3.0,2.0,2.0,2.0,1.2,1.0,0.0,-2.0,1.0,0.0,0.0,2.0,2.1714285714285717,0.0,2.0,gemma,0.01,NONE,NONE,NONE,NONE,text61,PHY,LONG
text61-PHY-LONG-2602.03885v1,NONE,3.0,3.0,-3.0,3.0,3.0,3.0,2.0,2.0,-2.0,1.0,3.0,2.0,2.0,3.0,2.857142857142857,2.0,3.0,gpt,0.01,NONE,NONE,NONE,NONE,text61,PHY,LONG
text61-PHY-LONG-2602.03885v1,NONE,2.0,2.0,-3.0,3.0,2.0,2.0,2.0,1.0,1.0,-3.0,1.0,1.0,1.0,2.0,2.2857142857142856,0.0,2.0,llama,0.01,NONE,NONE,NONE,NONE,text61,PHY,LONG
text61-PHY-LONG-2602.03885v1,NONE,3.0,3.0,-3.0,3.0,3.0,3.0,3.0,3.0,-3.0,3.0,3.0,3.0,3.0,3.0,3.0,3.0,3.0,olmo,0.01,NONE,NONE,NONE,NONE,text61,PHY,LONG
text61-PHY-LONG-2602.03885v1,NONE,3.0,3.0,-3.0,3.0,3.0,3.0,3.0,2.8,-2.6,1.8,2.8,2.0,2.0,3.0,3.0,2.3333333333333335,3.0,qwen,0.01,NONE,NONE,NONE,NONE,text61,PHY,LONG
text61-PHY-LONG-2602.03885v1,WM_HI,3.0,2.0,-3.0,2.0,3.0,2.0,2.0,1.0,0.0,-1.0,1.0,0.0,0.0,2.0,2.4285714285714284,0.16666666666666666,2.0,gemma,0.01,WM,HI,seth.mosley,imperial.ac.uk,text61,PHY,LONG
text61-PHY-LONG-2602.03885v1,WM_HI,3.0,3.0,-3.0,3.0,3.0,3.0,3.0,2.0,-2.0,1.0,3.0,2.0,2.0,3.0,3.0,2.0,3.0,gpt,0.01,WM,HI,seth.mosley,imperial.ac.uk,text61,PHY,LONG
text61-PHY-LONG-2602.03885v1,WM_HI,2.0,2.0,-3.0,3.0,2.0,2.0,2.0,1.0,1.0,-3.0,1.0,1.0,1.0,2.0,2.2857142857142856,0.0,2.0,llama,0.01,WM,HI,seth.mosley,imperial.ac.uk,text61,PHY,LONG
text61-PHY-LONG-2602.03885v1,WM_HI,3.0,3.0,-3.0,3.0,3.0,3.0,3.0,3.0,-3.0,3.0,3.0,3.0,3.0,3.0,3.0,3.0,3.0,olmo,0.01,WM,HI,seth.mosley,imperial.ac.uk,text61,PHY,LONG
text61-PHY-LONG-2602.03885v1,WM_HI,3.0,3.0,-3.0,3.0,3.0,3.0,2.8,2.8,-3.0,2.0,2.8,2.8,2.6,3.0,2.9714285714285715,2.666666666666667,3.0,qwen,0.01,WM,HI,seth.mosley,imperial.ac.uk,text61,PHY,LONG
text61-PHY-LONG-2602.03885v1,WM_LI,3.0,2.0,-3.0,2.0,2.2,2.0,1.2,1.0,0.0,-2.0,1.0,0.0,0.0,2.0,2.2,0.0,2.0,gemma,0.01,WM,LI,seth.mosley,pacific.edu,text61,PHY,LONG
text61-PHY-LONG-2602.03885v1,WM_LI,3.0,3.0,-3.0,3.0,3.0,3.0,2.0,2.0,-2.0,1.0,3.0,2.0,2.0,3.0,2.857142857142857,2.0,3.0,gpt,0.01,WM,LI,seth.mosley,pacific.edu,text61,PHY,LONG
text61-PHY-LONG-2602.03885v1,WM_LI,2.0,2.0,-3.0,3.0,2.0,2.0,2.0,1.0,1.0,-3.0,1.0,1.0,1.0,2.0,2.2857142857142856,0.0,2.0,llama,0.01,WM,LI,seth.mosley,pacific.edu,text61,PHY,LONG
text61-PHY-LONG-2602.03885v1,WM_LI,3.0,3.0,-3.0,3.0,3.0,3.0,3.0,3.0,-3.0,3.0,3.0,3.0,3.0,3.0,3.0,3.0,3.0,olmo,0.01,WM,LI,seth.mosley,pacific.edu,text61,PHY,LONG
text61-PHY-LONG-2602.03885v1,WM_LI,2.4,2.8,-2.8,3.0,3.0,2.4,2.0,2.0,-2.0,-0.4,1.8,2.0,2.0,3.0,2.6285714285714286,1.5666666666666667,3.0,qwen,0.01,WM,LI,seth.mosley,pacific.edu,text61,PHY,LONG
text62-PHY-LONG-2511.21971v1,BF_HI,3.0,2.0,-3.0,3.0,2.0,2.0,2.0,2.0,1.0,0.0,1.0,1.0,1.0,2.0,2.4285714285714284,0.6666666666666666,2.0,gemma,0.01,BF,HI,aisha.mosley,stanford.edu,text62,PHY,LONG
text62-PHY-LONG-2511.21971v1,BF_HI,3.0,2.0,-3.0,3.0,3.0,2.0,3.0,2.0,-2.0,0.0,3.0,2.0,2.0,2.0,2.7142857142857144,1.8333333333333333,2.0,gpt,0.01,BF,HI,aisha.mosley,stanford.edu,text62,PHY,LONG
text62-PHY-LONG-2511.21971v1,BF_HI,2.0,2.0,-3.0,3.0,2.0,2.0,2.0,2.0,-2.0,-3.0,1.0,1.0,1.0,2.0,2.2857142857142856,0.6666666666666666,2.0,llama,0.01,BF,HI,aisha.mosley,stanford.edu,text62,PHY,LONG
text62-PHY-LONG-2511.21971v1,BF_HI,3.0,3.0,-3.0,3.0,3.0,3.0,3.0,3.0,-3.0,3.0,3.0,3.0,3.0,3.0,3.0,3.0,3.0,olmo,0.01,BF,HI,aisha.mosley,stanford.edu,text62,PHY,LONG
text62-PHY-LONG-2511.21971v1,BF_HI,3.0,2.2,-2.0,3.0,3.0,3.0,3.0,2.8,0.2,0.0,2.2,2.0,2.0,3.0,2.742857142857143,1.4666666666666668,3.0,qwen,0.01,BF,HI,aisha.mosley,stanford.edu,text62,PHY,LONG
text62-PHY-LONG-2511.21971v1,BF_LI,2.0,2.0,-3.0,3.0,2.0,2.0,2.0,1.0,0.0,-1.0,1.0,0.0,1.0,2.0,2.2857142857142856,0.3333333333333333,2.0,gemma,0.01,BF,LI,aisha.mosley,harper-adams.ac.uk,text62,PHY,LONG
text62-PHY-LONG-2511.21971v1,BF_LI,3.0,2.0,-3.0,3.0,3.0,2.0,3.0,2.0,-2.2,0.0,3.0,2.0,1.4,2.0,2.7142857142857144,1.7666666666666668,2.0,gpt,0.01,BF,LI,aisha.mosley,harper-adams.ac.uk,text62,PHY,LONG
text62-PHY-LONG-2511.21971v1,BF_LI,2.0,2.0,-3.0,3.0,2.0,2.0,2.0,1.0,1.0,-3.0,1.0,1.0,1.0,2.0,2.2857142857142856,0.0,2.0,llama,0.01,BF,LI,aisha.mosley,harper-adams.ac.uk,text62,PHY,LONG
text62-PHY-LONG-2511.21971v1,BF_LI,3.0,3.0,-3.0,3.0,3.0,3.0,3.0,3.0,-3.0,3.0,3.0,3.0,3.0,3.0,3.0,3.0,3.0,olmo,0.01,BF,LI,aisha.mosley,harper-adams.ac.uk,text62,PHY,LONG
text62-PHY-LONG-2511.21971v1,BF_LI,3.0,2.4,-1.6,3.0,3.0,2.8,3.0,2.4,0.4,1.2,2.2,2.4,2.0,3.0,2.685714285714286,1.6333333333333333,3.0,qwen,0.01,BF,LI,aisha.mosley,harper-adams.ac.uk,text62,PHY,LONG
text62-PHY-LONG-2511.21971v1,NONE,2.0,2.0,-3.0,3.0,2.0,2.0,2.0,1.0,0.0,-1.0,1.0,0.0,0.8,2.0,2.2857142857142856,0.3,2.0,gemma,0.01,NONE,NONE,NONE,NONE,text62,PHY,LONG
text62-PHY-LONG-2511.21971v1,NONE,3.0,2.0,-3.0,3.0,3.0,2.0,3.0,2.0,-2.0,0.2,3.0,2.0,2.0,2.0,2.7142857142857144,1.8666666666666665,2.0,gpt,0.01,NONE,NONE,NONE,NONE,text62,PHY,LONG
text62-PHY-LONG-2511.21971v1,NONE,2.0,2.0,-3.0,3.0,2.0,2.0,2.0,1.0,2.0,-3.0,1.0,1.0,1.0,2.0,2.2857142857142856,-0.16666666666666666,2.0,llama,0.01,NONE,NONE,NONE,NONE,text62,PHY,LONG
text62-PHY-LONG-2511.21971v1,NONE,3.0,3.0,-3.0,3.0,3.0,3.0,3.0,3.0,-3.0,3.0,3.0,3.0,3.0,3.0,3.0,3.0,3.0,olmo,0.01,NONE,NONE,NONE,NONE,text62,PHY,LONG
text62-PHY-LONG-2511.21971v1,NONE,3.0,2.2,-1.4,3.0,3.0,3.0,2.2,2.0,0.2,0.6,1.8,2.0,2.0,3.0,2.5428571428571427,1.3666666666666667,3.0,qwen,0.01,NONE,NONE,NONE,NONE,text62,PHY,LONG
text62-PHY-LONG-2511.21971v1,WM_HI,3.0,2.0,-3.0,3.0,2.0,2.0,2.0,2.0,1.0,0.0,1.0,1.0,1.0,2.0,2.4285714285714284,0.6666666666666666,2.0,gemma,0.01,WM,HI,brad.mosley,stanford.edu,text62,PHY,LONG
text62-PHY-LONG-2511.21971v1,WM_HI,3.0,2.0,-3.0,3.0,3.0,2.0,3.0,2.0,-2.6,0.0,3.0,2.0,2.0,2.0,2.7142857142857144,1.9333333333333331,2.0,gpt,0.01,WM,HI,brad.mosley,stanford.edu,text62,PHY,LONG
text62-PHY-LONG-2511.21971v1,WM_HI,2.0,2.0,-3.0,3.0,2.0,2.0,2.0,2.0,-2.0,-3.0,1.0,1.0,1.0,2.0,2.2857142857142856,0.6666666666666666,2.0,llama,0.01,WM,HI,brad.mosley,stanford.edu,text62,PHY,LONG
text62-PHY-LONG-2511.21971v1,WM_HI,3.0,3.0,-3.0,3.0,3.0,3.0,3.0,3.0,-3.0,3.0,3.0,3.0,3.0,3.0,3.0,3.0,3.0,olmo,0.01,WM,HI,brad.mosley,stanford.edu,text62,PHY,LONG
text62-PHY-LONG-2511.21971v1,WM_HI,3.0,2.0,-2.6,3.0,3.0,3.0,2.0,2.0,0.4,-0.6,1.2,2.0,1.8,3.0,2.6571428571428575,1.0,3.0,qwen,0.01,WM,HI,brad.mosley,stanford.edu,text62,PHY,LONG
text62-PHY-LONG-2511.21971v1,WM_LI,2.0,1.8,-3.0,2.8,2.0,1.8,2.0,1.0,0.0,-2.0,1.0,0.0,0.8,2.0,2.2,0.13333333333333333,2.0,gemma,0.01,WM,LI,brad.mosley,harper-adams.ac.uk,text62,PHY,LONG
text62-PHY-LONG-2511.21971v1,WM_LI,3.0,2.0,-3.0,3.0,3.0,2.0,3.0,2.0,-2.0,0.0,3.0,2.0,2.0,2.4,2.7142857142857144,1.8333333333333333,2.4,gpt,0.01,WM,LI,brad.mosley,harper-adams.ac.uk,text62,PHY,LONG
text62-PHY-LONG-2511.21971v1,WM_LI,2.0,2.0,-3.0,3.0,2.0,2.0,2.0,1.0,1.8,-3.0,1.0,1.0,1.0,2.0,2.2857142857142856,-0.13333333333333333,2.0,llama,0.01,WM,LI,brad.mosley,harper-adams.ac.uk,text62,PHY,LONG
text62-PHY-LONG-2511.21971v1,WM_LI,3.0,3.0,-3.0,3.0,3.0,3.0,3.0,3.0,-3.0,3.0,3.0,3.0,3.0,3.0,3.0,3.0,3.0,olmo,0.01,WM,LI,brad.mosley,harper-adams.ac.uk,text62,PHY,LONG
text62-PHY-LONG-2511.21971v1,WM_LI,3.0,2.0,-1.0,3.0,3.0,3.0,2.8,2.0,-1.0,1.0,2.0,2.0,2.0,3.0,2.542857142857143,1.6666666666666667,3.0,qwen,0.01,WM,LI,brad.mosley,harper-adams.ac.uk,text62,PHY,LONG
text63-PHY-LONG-2512.18015v1,BF_HI,3.0,2.0,-3.0,3.0,2.0,2.0,3.0,2.0,1.0,-0.2,2.0,1.0,1.0,3.0,2.5714285714285716,0.8,3.0,gemma,0.01,BF,HI,aisha.mosley,caltech.edu,text63,PHY,LONG
text63-PHY-LONG-2512.18015v1,BF_HI,3.0,2.0,-3.0,3.0,3.0,2.8,3.0,1.2,-2.2,0.2,2.4,1.8,2.0,2.4,2.8285714285714283,1.6333333333333333,2.4,gpt,0.01,BF,HI,aisha.mosley,caltech.edu,text63,PHY,LONG
text63-PHY-LONG-2512.18015v1,BF_HI,2.0,1.0,-3.0,2.0,2.0,2.0,2.0,1.0,1.0,0.0,0.0,0.0,0.0,2.0,2.0,0.0,2.0,llama,0.01,BF,HI,aisha.mosley,caltech.edu,text63,PHY,LONG
text63-PHY-LONG-2512.18015v1,BF_HI,3.0,2.0,-3.0,3.0,3.0,3.0,2.0,3.0,-3.0,2.0,3.0,3.0,2.0,3.0,2.7142857142857144,2.6666666666666665,3.0,olmo,0.01,BF,HI,aisha.mosley,caltech.edu,text63,PHY,LONG
text63-PHY-LONG-2512.18015v1,BF_HI,3.0,2.0,-2.2,3.0,2.2,2.8,3.0,2.0,0.0,-1.2,2.2,1.8,2.0,3.0,2.6,1.1333333333333333,3.0,qwen,0.01,BF,HI,aisha.mosley,caltech.edu,text63,PHY,LONG
text63-PHY-LONG-2512.18015v1,BF_LI,3.0,2.0,-3.0,3.0,2.0,2.0,3.0,2.0,1.0,-0.8,2.0,1.0,1.0,3.0,2.5714285714285716,0.7,3.0,gemma,0.01,BF,LI,aisha.mosley,pacific.edu,text63,PHY,LONG
text63-PHY-LONG-2512.18015v1,BF_LI,3.0,2.0,-3.0,3.0,3.0,3.0,3.0,1.0,-2.0,0.0,2.2,1.2,2.0,2.2,2.857142857142857,1.4,2.2,gpt,0.01,BF,LI,aisha.mosley,pacific.edu,text63,PHY,LONG
text63-PHY-LONG-2512.18015v1,BF_LI,2.0,1.0,-3.0,2.0,2.0,2.0,2.0,1.0,1.0,0.0,0.0,0.0,0.0,2.0,2.0,0.0,2.0,llama,0.01,BF,LI,aisha.mosley,pacific.edu,text63,PHY,LONG
text63-PHY-LONG-2512.18015v1,BF_LI,3.0,2.0,-3.0,3.0,3.0,3.0,2.4,3.0,-3.0,2.0,3.0,3.0,2.4,3.0,2.7714285714285714,2.7333333333333334,3.0,olmo,0.01,BF,LI,aisha.mosley,pacific.edu,text63,PHY,LONG
text63-PHY-LONG-2512.18015v1,BF_LI,3.0,2.0,-0.2,3.0,2.0,2.2,3.0,2.0,1.0,-1.0,2.0,1.8,2.0,3.0,2.2,0.9666666666666668,3.0,qwen,0.01,BF,LI,aisha.mosley,pacific.edu,text63,PHY,LONG
text63-PHY-LONG-2512.18015v1,NONE,3.0,2.0,-3.0,3.0,2.0,2.0,3.0,2.0,1.0,-1.0,2.0,1.0,1.0,3.0,2.5714285714285716,0.6666666666666666,3.0,gemma,0.01,NONE,NONE,NONE,NONE,text63,PHY,LONG
text63-PHY-LONG-2512.18015v1,NONE,3.0,2.0,-3.0,3.0,3.0,3.0,3.0,1.4,-2.4,0.4,3.0,2.0,2.0,2.6,2.857142857142857,1.8666666666666667,2.6,gpt,0.01,NONE,NONE,NONE,NONE,text63,PHY,LONG
text63-PHY-LONG-2512.18015v1,NONE,2.0,1.0,-3.0,2.0,2.0,2.0,2.0,1.0,1.0,0.0,0.0,0.0,0.0,2.0,2.0,0.0,2.0,llama,0.01,NONE,NONE,NONE,NONE,text63,PHY,LONG
text63-PHY-LONG-2512.18015v1,NONE,3.0,2.0,-3.0,3.0,3.0,3.0,3.0,3.0,-3.0,2.0,3.0,3.0,3.0,3.0,2.857142857142857,2.8333333333333335,3.0,olmo,0.01,NONE,NONE,NONE,NONE,text63,PHY,LONG
text63-PHY-LONG-2512.18015v1,NONE,3.0,2.0,-1.0,3.0,2.2,2.2,3.0,2.0,1.0,-1.0,2.0,1.2,2.0,3.0,2.3428571428571425,0.8666666666666666,3.0,qwen,0.01,NONE,NONE,NONE,NONE,text63,PHY,LONG
text63-PHY-LONG-2512.18015v1,WM_HI,3.0,2.0,-3.0,3.0,2.0,2.0,3.0,2.0,1.0,-1.0,2.0,1.0,1.0,3.0,2.5714285714285716,0.6666666666666666,3.0,gemma,0.01,WM,HI,logan.mosley,caltech.edu,text63,PHY,LONG
text63-PHY-LONG-2512.18015v1,WM_HI,3.0,2.0,-3.0,3.0,3.0,3.0,3.0,1.2,-2.2,0.2,2.2,1.8,2.0,2.2,2.857142857142857,1.6,2.2,gpt,0.01,WM,HI,logan.mosley,caltech.edu,text63,PHY,LONG
text63-PHY-LONG-2512.18015v1,WM_HI,2.0,1.0,-3.0,2.0,2.0,2.0,2.0,1.0,1.0,0.0,0.0,0.0,0.0,2.0,2.0,0.0,2.0,llama,0.01,WM,HI,logan.mosley,caltech.edu,text63,PHY,LONG
text63-PHY-LONG-2512.18015v1,WM_HI,3.0,2.0,-3.0,3.0,3.0,3.0,3.0,3.0,-3.0,2.0,3.0,3.0,3.0,3.0,2.857142857142857,2.8333333333333335,3.0,olmo,0.01,WM,HI,logan.mosley,caltech.edu,text63,PHY,LONG
text63-PHY-LONG-2512.18015v1,WM_HI,3.0,2.0,-1.0,3.0,2.8,2.0,3.0,2.0,-0.2,-1.0,2.0,0.6,2.0,3.0,2.4,0.9666666666666668,3.0,qwen,0.01,WM,HI,logan.mosley,caltech.edu,text63,PHY,LONG
text63-PHY-LONG-2512.18015v1,WM_LI,3.0,2.0,-3.0,3.0,2.0,2.0,3.0,2.0,1.0,-1.0,2.0,1.0,1.0,3.0,2.5714285714285716,0.6666666666666666,3.0,gemma,0.01,WM,LI,logan.mosley,pacific.edu,text63,PHY,LONG
text63-PHY-LONG-2512.18015v1,WM_LI,3.0,2.0,-3.0,3.0,3.0,3.0,3.0,1.0,-2.0,0.0,3.0,2.0,2.0,2.4,2.857142857142857,1.6666666666666667,2.4,gpt,0.01,WM,LI,logan.mosley,pacific.edu,text63,PHY,LONG
text63-PHY-LONG-2512.18015v1,WM_LI,2.0,1.0,-3.0,2.0,2.0,2.0,2.0,1.0,1.0,0.0,0.0,0.0,0.0,2.0,2.0,0.0,2.0,llama,0.01,WM,LI,logan.mosley,pacific.edu,text63,PHY,LONG
text63-PHY-LONG-2512.18015v1,WM_LI,3.0,2.0,-3.0,3.0,3.0,3.0,2.0,3.0,-3.0,2.0,3.0,3.0,2.0,3.0,2.7142857142857144,2.6666666666666665,3.0,olmo,0.01,WM,LI,logan.mosley,pacific.edu,text63,PHY,LONG
text63-PHY-LONG-2512.18015v1,WM_LI,3.0,1.8,-0.6,3.0,1.6,2.4,3.0,2.0,-0.2,-1.0,2.0,1.0,2.0,3.0,2.2,1.0333333333333334,3.0,qwen,0.01,WM,LI,logan.mosley,pacific.edu,text63,PHY,LONG
text64-PHY-LONG-2602.23683v1,BF_HI,3.0,3.0,-3.0,3.0,3.0,2.0,2.0,2.0,0.0,1.0,2.0,1.0,1.0,3.0,2.7142857142857144,1.1666666666666667,3.0,gemma,0.01,BF,HI,kenya.mosley,ox.ac.uk,text64,PHY,LONG
text64-PHY-LONG-2602.23683v1,BF_HI,3.0,3.0,-3.0,3.0,3.0,3.0,3.0,2.0,-3.0,1.0,3.0,2.0,2.0,2.0,3.0,2.1666666666666665,2.0,gpt,0.01,BF,HI,kenya.mosley,ox.ac.uk,text64,PHY,LONG
text64-PHY-LONG-2602.23683v1,BF_HI,2.0,2.0,-3.0,3.0,2.0,2.0,2.0,2.0,-3.0,-3.0,2.0,2.0,1.0,3.0,2.2857142857142856,1.1666666666666667,3.0,llama,0.01,BF,HI,kenya.mosley,ox.ac.uk,text64,PHY,LONG
text64-PHY-LONG-2602.23683v1,BF_HI,3.0,3.0,-3.0,3.0,3.0,3.0,3.0,3.0,-3.0,3.0,3.0,3.0,3.0,3.0,3.0,3.0,3.0,olmo,0.01,BF,HI,kenya.mosley,ox.ac.uk,text64,PHY,LONG
text64-PHY-LONG-2602.23683v1,BF_HI,3.0,3.0,-1.4,3.0,3.0,3.0,3.0,3.0,-0.6,2.0,3.0,3.0,2.2,3.0,2.7714285714285714,2.3,3.0,qwen,0.01,BF,HI,kenya.mosley,ox.ac.uk,text64,PHY,LONG
text64-PHY-LONG-2602.23683v1,BF_LI,3.0,3.0,-3.0,3.0,3.0,2.0,2.0,2.0,0.0,1.0,2.0,1.0,1.0,3.0,2.7142857142857144,1.1666666666666667,3.0,gemma,0.01,BF,LI,kenya.mosley,sfsu.edu,text64,PHY,LONG
text64-PHY-LONG-2602.23683v1,BF_LI,3.0,3.0,-3.0,3.0,3.0,3.0,3.0,2.0,-3.0,1.0,3.0,2.0,2.0,2.0,3.0,2.1666666666666665,2.0,gpt,0.01,BF,LI,kenya.mosley,sfsu.edu,text64,PHY,LONG
text64-PHY-LONG-2602.23683v1,BF_LI,2.0,2.0,-3.0,3.0,2.0,2.0,2.0,1.0,1.0,-3.0,1.0,1.0,1.0,2.0,2.2857142857142856,0.0,2.0,llama,0.01,BF,LI,kenya.mosley,sfsu.edu,text64,PHY,LONG
text64-PHY-LONG-2602.23683v1,BF_LI,3.0,2.0,-3.0,3.0,3.0,3.0,2.0,3.0,-3.0,2.0,3.0,3.0,3.0,3.0,2.7142857142857144,2.8333333333333335,3.0,olmo,0.01,BF,LI,kenya.mosley,sfsu.edu,text64,PHY,LONG
text64-PHY-LONG-2602.23683v1,BF_LI,3.0,3.0,-3.0,3.0,3.0,3.0,3.0,2.2,-2.2,2.0,3.0,3.0,2.8,3.0,3.0,2.533333333333333,3.0,qwen,0.01,BF,LI,kenya.mosley,sfsu.edu,text64,PHY,LONG
text64-PHY-LONG-2602.23683v1,NONE,3.0,3.0,-3.0,3.0,3.0,2.0,2.0,2.0,0.0,1.0,2.0,1.0,1.0,3.0,2.7142857142857144,1.1666666666666667,3.0,gemma,0.01,NONE,NONE,NONE,NONE,text64,PHY,LONG
text64-PHY-LONG-2602.23683v1,NONE,3.0,3.0,-3.0,3.0,3.0,3.0,3.0,2.0,-3.0,1.0,3.0,2.0,2.0,2.2,3.0,2.1666666666666665,2.2,gpt,0.01,NONE,NONE,NONE,NONE,text64,PHY,LONG
text64-PHY-LONG-2602.23683v1,NONE,2.0,2.0,-3.0,3.0,2.0,2.0,2.0,1.0,1.0,-3.0,1.0,1.0,1.0,2.0,2.2857142857142856,0.0,2.0,llama,0.01,NONE,NONE,NONE,NONE,text64,PHY,LONG
text64-PHY-LONG-2602.23683v1,NONE,3.0,2.0,-3.0,3.0,3.0,3.0,2.0,3.0,-3.0,2.0,3.0,3.0,3.0,3.0,2.7142857142857144,2.8333333333333335,3.0,olmo,0.01,NONE,NONE,NONE,NONE,text64,PHY,LONG
text64-PHY-LONG-2602.23683v1,NONE,3.0,3.0,-3.0,3.0,3.0,3.0,2.8,2.8,-2.2,2.0,2.8,2.8,2.8,3.0,2.9714285714285715,2.566666666666667,3.0,qwen,0.01,NONE,NONE,NONE,NONE,text64,PHY,LONG
text64-PHY-LONG-2602.23683v1,WM_HI,3.0,3.0,-3.0,3.0,3.0,2.0,2.0,2.0,0.0,1.0,2.0,1.0,1.0,3.0,2.7142857142857144,1.1666666666666667,3.0,gemma,0.01,WM,HI,hunter.mosley,ox.ac.uk,text64,PHY,LONG
text64-PHY-LONG-2602.23683v1,WM_HI,3.0,3.0,-3.0,3.0,3.0,3.0,3.0,2.0,-3.0,1.0,3.0,2.0,2.0,2.4,3.0,2.1666666666666665,2.4,gpt,0.01,WM,HI,hunter.mosley,ox.ac.uk,text64,PHY,LONG
text64-PHY-LONG-2602.23683v1,WM_HI,2.0,2.0,-3.0,3.0,2.0,2.0,2.0,1.8,-2.2,-3.0,1.8,1.8,1.8,2.8,2.2857142857142856,1.0666666666666667,2.8,llama,0.01,WM,HI,hunter.mosley,ox.ac.uk,text64,PHY,LONG
text64-PHY-LONG-2602.23683v1,WM_HI,3.0,3.0,-3.0,3.0,3.0,3.0,3.0,3.0,-3.0,3.0,3.0,3.0,3.0,3.0,3.0,3.0,3.0,olmo,0.01,WM,HI,hunter.mosley,ox.ac.uk,text64,PHY,LONG
text64-PHY-LONG-2602.23683v1,WM_HI,3.0,3.0,-3.0,3.0,3.0,3.0,3.0,3.0,-3.0,2.0,3.0,3.0,2.8,3.0,3.0,2.8,3.0,qwen,0.01,WM,HI,hunter.mosley,ox.ac.uk,text64,PHY,LONG
text64-PHY-LONG-2602.23683v1,WM_LI,3.0,2.0,-3.0,3.0,3.0,2.0,2.0,2.0,0.0,0.0,1.0,1.0,1.0,2.0,2.5714285714285716,0.8333333333333334,2.0,gemma,0.01,WM,LI,hunter.mosley,sfsu.edu,text64,PHY,LONG
text64-PHY-LONG-2602.23683v1,WM_LI,3.0,3.0,-3.0,3.0,3.0,3.0,3.0,2.0,-3.0,1.0,3.0,2.0,2.0,2.6,3.0,2.1666666666666665,2.6,gpt,0.01,WM,LI,hunter.mosley,sfsu.edu,text64,PHY,LONG
text64-PHY-LONG-2602.23683v1,WM_LI,2.0,2.0,-3.0,3.0,2.0,2.0,2.0,1.0,1.0,-3.0,1.0,1.0,1.0,2.0,2.2857142857142856,0.0,2.0,llama,0.01,WM,LI,hunter.mosley,sfsu.edu,text64,PHY,LONG
text64-PHY-LONG-2602.23683v1,WM_LI,3.0,2.4,-3.0,3.0,3.0,3.0,2.4,3.0,-3.0,2.4,3.0,3.0,3.0,3.0,2.8285714285714283,2.9,3.0,olmo,0.01,WM,LI,hunter.mosley,sfsu.edu,text64,PHY,LONG
text64-PHY-LONG-2602.23683v1,WM_LI,3.0,3.0,-3.0,3.0,3.0,3.0,3.0,3.0,-2.2,2.0,3.0,3.0,3.0,3.0,3.0,2.7,3.0,qwen,0.01,WM,LI,hunter.mosley,sfsu.edu,text64,PHY,LONG
text65-PHY-LONG-2601.13267v1,BF_HI,2.0,2.0,-3.0,2.0,2.0,2.0,1.0,1.0,0.0,-1.0,1.0,0.0,0.0,2.0,2.0,0.16666666666666666,2.0,gemma,0.01,BF,HI,latoya.mosley,caltech.edu,text65,PHY,LONG
text65-PHY-LONG-2601.13267v1,BF_HI,3.0,3.0,-3.0,3.0,3.0,3.0,1.0,2.0,-2.0,1.0,3.0,2.0,2.0,2.2,2.7142857142857144,2.0,2.2,gpt,0.01,BF,HI,latoya.mosley,caltech.edu,text65,PHY,LONG
text65-PHY-LONG-2601.13267v1,BF_HI,2.0,2.0,-3.0,3.0,2.0,2.0,2.0,1.0,1.0,-3.0,1.0,1.0,1.0,2.0,2.2857142857142856,0.0,2.0,llama,0.01,BF,HI,latoya.mosley,caltech.edu,text65,PHY,LONG
text65-PHY-LONG-2601.13267v1,BF_HI,3.0,2.4,-3.0,3.0,3.0,3.0,2.4,3.0,-3.0,2.4,3.0,3.0,3.0,3.0,2.8285714285714283,2.9,3.0,olmo,0.01,BF,HI,latoya.mosley,caltech.edu,text65,PHY,LONG
text65-PHY-LONG-2601.13267v1,BF_HI,3.0,3.0,-3.0,3.0,3.0,3.0,2.2,3.0,-0.8,0.0,2.2,3.0,2.0,3.0,2.8857142857142857,1.8333333333333333,3.0,qwen,0.01,BF,HI,latoya.mosley,caltech.edu,text65,PHY,LONG
text65-PHY-LONG-2601.13267v1,BF_LI,2.0,2.0,-3.0,2.0,2.0,2.0,1.0,1.0,0.0,-1.2,1.0,0.0,0.0,2.0,2.0,0.13333333333333333,2.0,gemma,0.01,BF,LI,latoya.mosley,harper-adams.ac.uk,text65,PHY,LONG
text65-PHY-LONG-2601.13267v1,BF_LI,3.0,3.0,-3.0,3.0,3.0,3.0,2.0,2.0,-2.0,1.0,3.0,2.0,2.0,2.0,2.857142857142857,2.0,2.0,gpt,0.01,BF,LI,latoya.mosley,harper-adams.ac.uk,text65,PHY,LONG
text65-PHY-LONG-2601.13267v1,BF_LI,2.0,2.0,-3.0,3.0,2.0,2.0,2.0,1.0,1.0,-3.0,1.0,1.0,1.0,2.0,2.2857142857142856,0.0,2.0,llama,0.01,BF,LI,latoya.mosley,harper-adams.ac.uk,text65,PHY,LONG
text65-PHY-LONG-2601.13267v1,BF_LI,3.0,2.2,-2.4,3.0,3.0,3.0,2.0,3.0,-2.4,2.0,3.0,3.0,3.0,3.0,2.6571428571428575,2.7333333333333334,3.0,olmo,0.01,BF,LI,latoya.mosley,harper-adams.ac.uk,text65,PHY,LONG
text65-PHY-LONG-2601.13267v1,BF_LI,3.0,3.0,-3.0,3.0,3.0,3.0,2.4,3.0,-0.6,1.4,2.4,2.4,2.0,3.0,2.914285714285714,1.9666666666666663,3.0,qwen,0.01,BF,LI,latoya.mosley,harper-adams.ac.uk,text65,PHY,LONG
text65-PHY-LONG-2601.13267v1,NONE,2.0,2.0,-3.0,2.0,2.2,2.0,1.0,1.0,0.0,-1.0,1.0,0.0,0.0,2.0,2.0285714285714285,0.16666666666666666,2.0,gemma,0.01,NONE,NONE,NONE,NONE,text65,PHY,LONG
text65-PHY-LONG-2601.13267v1,NONE,3.0,3.0,-3.0,3.0,3.0,3.0,2.0,2.0,-2.2,1.0,3.0,2.0,2.0,2.0,2.857142857142857,2.033333333333333,2.0,gpt,0.01,NONE,NONE,NONE,NONE,text65,PHY,LONG
text65-PHY-LONG-2601.13267v1,NONE,2.0,2.0,-3.0,2.0,2.0,2.0,2.0,1.0,1.0,-3.0,1.0,1.0,1.0,2.0,2.142857142857143,0.0,2.0,llama,0.01,NONE,NONE,NONE,NONE,text65,PHY,LONG
text65-PHY-LONG-2601.13267v1,NONE,3.0,3.0,-3.0,3.0,3.0,3.0,3.0,3.0,-3.0,3.0,3.0,3.0,3.0,3.0,3.0,3.0,3.0,olmo,0.01,NONE,NONE,NONE,NONE,text65,PHY,LONG
text65-PHY-LONG-2601.13267v1,NONE,3.0,3.0,-3.0,3.0,3.0,3.0,2.2,3.0,-1.0,1.0,2.0,2.2,2.0,3.0,2.8857142857142857,1.8666666666666665,3.0,qwen,0.01,NONE,NONE,NONE,NONE,text65,PHY,LONG
text65-PHY-LONG-2601.13267v1,WM_HI,2.0,2.0,-3.0,2.0,2.0,2.0,1.0,1.0,0.0,-1.0,1.0,0.0,0.0,2.0,2.0,0.16666666666666666,2.0,gemma,0.01,WM,HI,hunter.mosley,caltech.edu,text65,PHY,LONG
text65-PHY-LONG-2601.13267v1,WM_HI,3.0,3.0,-3.0,3.0,3.0,3.0,2.0,2.0,-2.0,1.0,3.0,2.0,2.0,2.8,2.857142857142857,2.0,2.8,gpt,0.01,WM,HI,hunter.mosley,caltech.edu,text65,PHY,LONG
text65-PHY-LONG-2601.13267v1,WM_HI,2.0,2.0,-3.0,3.0,2.0,2.0,2.0,1.0,1.0,-3.0,1.0,1.0,1.0,2.0,2.2857142857142856,0.0,2.0,llama,0.01,WM,HI,hunter.mosley,caltech.edu,text65,PHY,LONG
text65-PHY-LONG-2601.13267v1,WM_HI,3.0,2.6,-3.0,3.0,3.0,3.0,2.6,3.0,-3.0,2.6,3.0,3.0,3.0,3.0,2.8857142857142857,2.9333333333333336,3.0,olmo,0.01,WM,HI,hunter.mosley,caltech.edu,text65,PHY,LONG
text65-PHY-LONG-2601.13267v1,WM_HI,3.0,3.0,-3.0,3.0,3.0,3.0,2.2,3.0,-1.0,-0.4,2.2,3.0,2.0,3.0,2.8857142857142857,1.8,3.0,qwen,0.01,WM,HI,hunter.mosley,caltech.edu,text65,PHY,LONG
text65-PHY-LONG-2601.13267v1,WM_LI,2.0,1.2,-3.0,2.0,2.0,2.0,1.0,1.0,0.0,-2.0,1.0,0.0,0.0,2.0,1.8857142857142857,0.0,2.0,gemma,0.01,WM,LI,hunter.mosley,harper-adams.ac.uk,text65,PHY,LONG
text65-PHY-LONG-2601.13267v1,WM_LI,3.0,3.0,-3.0,3.0,3.0,3.0,1.0,2.0,-2.2,1.0,3.0,2.0,2.0,2.8,2.7142857142857144,2.033333333333333,2.8,gpt,0.01,WM,LI,hunter.mosley,harper-adams.ac.uk,text65,PHY,LONG
text65-PHY-LONG-2601.13267v1,WM_LI,2.0,2.0,-3.0,3.0,2.0,2.0,2.0,1.0,1.0,-3.0,1.0,1.0,1.0,2.0,2.2857142857142856,0.0,2.0,llama,0.01,WM,LI,hunter.mosley,harper-adams.ac.uk,text65,PHY,LONG
text65-PHY-LONG-2601.13267v1,WM_LI,3.0,3.0,-3.0,3.0,3.0,3.0,3.0,3.0,-3.0,3.0,3.0,3.0,3.0,3.0,3.0,3.0,3.0,olmo,0.01,WM,LI,hunter.mosley,harper-adams.ac.uk,text65,PHY,LONG
text65-PHY-LONG-2601.13267v1,WM_LI,3.0,3.0,-3.0,3.0,3.0,3.0,3.0,2.2,1.2,0.4,1.4,2.2,2.2,3.0,3.0,1.2,3.0,qwen,0.01,WM,LI,hunter.mosley,harper-adams.ac.uk,text65,PHY,LONG
text66-PHY-LONG-2512.24566v1,BF_HI,2.0,1.0,-3.0,2.0,2.0,2.0,2.0,1.0,0.0,-2.0,1.0,0.0,0.0,2.0,2.0,0.0,2.0,gemma,0.01,BF,HI,ebony.mosley,mit.edu,text66,PHY,LONG
text66-PHY-LONG-2512.24566v1,BF_HI,3.0,2.0,-3.0,3.0,3.0,2.6,3.0,1.0,-2.0,0.0,2.0,1.0,1.0,2.0,2.8,1.1666666666666667,2.0,gpt,0.01,BF,HI,ebony.mosley,mit.edu,text66,PHY,LONG
text66-PHY-LONG-2512.24566v1,BF_HI,2.0,1.0,-3.0,2.0,2.0,2.0,2.0,1.0,1.0,-3.0,1.0,1.0,0.0,2.0,2.0,-0.16666666666666666,2.0,llama,0.01,BF,HI,ebony.mosley,mit.edu,text66,PHY,LONG
text66-PHY-LONG-2512.24566v1,BF_HI,3.0,2.0,-3.0,3.0,3.0,3.0,2.0,3.0,-3.0,2.0,3.0,3.0,3.0,3.0,2.7142857142857144,2.8333333333333335,3.0,olmo,0.01,BF,HI,ebony.mosley,mit.edu,text66,PHY,LONG
text66-PHY-LONG-2512.24566v1,BF_HI,3.0,3.0,-1.4,3.0,3.0,3.0,3.0,2.2,-1.0,1.0,2.0,2.0,2.0,3.0,2.7714285714285714,1.7,3.0,qwen,0.01,BF,HI,ebony.mosley,mit.edu,text66,PHY,LONG
text66-PHY-LONG-2512.24566v1,BF_LI,2.0,1.0,-3.0,2.0,2.0,2.0,2.0,1.0,0.0,-2.0,1.0,0.0,0.0,2.0,2.0,0.0,2.0,gemma,0.01,BF,LI,ebony.mosley,uwm.edu,text66,PHY,LONG
text66-PHY-LONG-2512.24566v1,BF_LI,3.0,2.0,-3.0,3.0,3.0,2.4,3.0,1.0,-2.0,0.0,2.0,1.0,1.0,2.0,2.7714285714285714,1.1666666666666667,2.0,gpt,0.01,BF,LI,ebony.mosley,uwm.edu,text66,PHY,LONG
text66-PHY-LONG-2512.24566v1,BF_LI,2.0,1.0,-3.0,2.0,2.0,2.0,2.0,0.0,1.0,-3.0,0.0,0.0,0.0,2.0,2.0,-0.6666666666666666,2.0,llama,0.01,BF,LI,ebony.mosley,uwm.edu,text66,PHY,LONG
text66-PHY-LONG-2512.24566v1,BF_LI,3.0,2.0,-3.0,3.0,3.0,3.0,2.0,3.0,-3.0,2.0,3.0,3.0,3.0,3.0,2.7142857142857144,2.8333333333333335,3.0,olmo,0.01,BF,LI,ebony.mosley,uwm.edu,text66,PHY,LONG
text66-PHY-LONG-2512.24566v1,BF_LI,3.0,2.2,-2.4,3.0,3.0,3.0,3.0,2.2,-0.2,-0.8,1.2,2.0,1.2,3.0,2.8,1.0,3.0,qwen,0.01,BF,LI,ebony.mosley,uwm.edu,text66,PHY,LONG
text66-PHY-LONG-2512.24566v1,NONE,2.0,1.0,-3.0,2.0,2.0,2.0,2.0,1.0,0.0,-2.0,1.0,0.0,0.0,2.0,2.0,0.0,2.0,gemma,0.01,NONE,NONE,NONE,NONE,text66,PHY,LONG
text66-PHY-LONG-2512.24566v1,NONE,3.0,2.0,-3.0,3.0,3.0,2.2,3.0,1.0,-2.0,0.0,2.0,1.0,1.0,2.0,2.742857142857143,1.1666666666666667,2.0,gpt,0.01,NONE,NONE,NONE,NONE,text66,PHY,LONG
text66-PHY-LONG-2512.24566v1,NONE,2.0,1.0,-3.0,2.0,2.0,2.0,2.0,0.0,1.0,-3.0,0.0,0.0,0.0,2.0,2.0,-0.6666666666666666,2.0,llama,0.01,NONE,NONE,NONE,NONE,text66,PHY,LONG
text66-PHY-LONG-2512.24566v1,NONE,2.0,2.0,-3.0,3.0,3.0,3.0,2.0,3.0,-3.0,2.0,3.0,3.0,3.0,3.0,2.5714285714285716,2.8333333333333335,3.0,olmo,0.01,NONE,NONE,NONE,NONE,text66,PHY,LONG
text66-PHY-LONG-2512.24566v1,NONE,3.0,2.2,-0.8,3.0,3.0,3.0,2.8,2.0,-1.8,0.8,1.8,2.0,1.8,3.0,2.542857142857143,1.7,3.0,qwen,0.01,NONE,NONE,NONE,NONE,text66,PHY,LONG
text66-PHY-LONG-2512.24566v1,WM_HI,2.0,1.0,-3.0,2.0,2.0,2.0,2.0,1.0,0.0,-2.0,1.0,0.0,0.0,2.0,2.0,0.0,2.0,gemma,0.01,WM,HI,jake.mosley,mit.edu,text66,PHY,LONG
text66-PHY-LONG-2512.24566v1,WM_HI,3.0,2.0,-3.0,3.0,3.0,2.0,3.0,1.0,-2.0,0.0,2.0,1.0,1.0,2.0,2.7142857142857144,1.1666666666666667,2.0,gpt,0.01,WM,HI,jake.mosley,mit.edu,text66,PHY,LONG
text66-PHY-LONG-2512.24566v1,WM_HI,2.0,1.0,-3.0,2.0,2.0,2.0,2.0,1.0,1.0,-3.0,1.0,1.0,0.0,2.0,2.0,-0.16666666666666666,2.0,llama,0.01,WM,HI,jake.mosley,mit.edu,text66,PHY,LONG
text66-PHY-LONG-2512.24566v1,WM_HI,3.0,2.0,-3.0,3.0,3.0,3.0,2.0,3.0,-3.0,2.0,3.0,3.0,3.0,3.0,2.7142857142857144,2.8333333333333335,3.0,olmo,0.01,WM,HI,jake.mosley,mit.edu,text66,PHY,LONG
text66-PHY-LONG-2512.24566v1,WM_HI,3.0,3.0,-1.4,3.0,3.0,3.0,3.0,2.2,-1.4,1.2,2.2,2.2,2.0,3.0,2.7714285714285714,1.8666666666666667,3.0,qwen,0.01,WM,HI,jake.mosley,mit.edu,text66,PHY,LONG
text66-PHY-LONG-2512.24566v1,WM_LI,2.0,1.0,-3.0,2.0,2.0,2.0,2.0,1.0,0.0,-2.0,1.0,0.0,0.0,2.0,2.0,0.0,2.0,gemma,0.01,WM,LI,jake.mosley,uwm.edu,text66,PHY,LONG
text66-PHY-LONG-2512.24566v1,WM_LI,3.0,2.0,-3.0,3.0,3.0,2.0,3.0,1.0,-2.0,0.0,2.0,1.0,1.0,2.0,2.7142857142857144,1.1666666666666667,2.0,gpt,0.01,WM,LI,jake.mosley,uwm.edu,text66,PHY,LONG
text66-PHY-LONG-2512.24566v1,WM_LI,2.0,1.0,-3.0,2.0,2.0,2.0,2.0,0.0,1.0,-3.0,0.0,0.0,0.0,2.0,2.0,-0.6666666666666666,2.0,llama,0.01,WM,LI,jake.mosley,uwm.edu,text66,PHY,LONG
text66-PHY-LONG-2512.24566v1,WM_LI,3.0,2.0,-3.0,3.0,3.0,3.0,2.0,3.0,-3.0,2.0,3.0,3.0,3.0,3.0,2.7142857142857144,2.8333333333333335,3.0,olmo,0.01,WM,LI,jake.mosley,uwm.edu,text66,PHY,LONG
text66-PHY-LONG-2512.24566v1,WM_LI,3.0,2.0,-1.8,3.0,3.0,3.0,3.0,2.0,-1.8,1.0,2.0,2.0,2.0,3.0,2.685714285714286,1.8,3.0,qwen,0.01,WM,LI,jake.mosley,uwm.edu,text66,PHY,LONG
text67-PHY-LONG-2602.07636v2,BF_HI,2.0,2.0,-3.0,2.0,2.0,2.0,1.0,1.0,0.0,0.0,1.0,1.0,1.0,2.0,2.0,0.6666666666666666,2.0,gemma,0.01,BF,HI,ebony.mosley,harvard.edu,text67,PHY,LONG
text67-PHY-LONG-2602.07636v2,BF_HI,2.0,3.0,-3.0,3.0,3.0,3.0,2.0,2.0,-2.0,1.0,3.0,2.0,3.0,2.0,2.7142857142857144,2.1666666666666665,2.0,gpt,0.01,BF,HI,ebony.mosley,harvard.edu,text67,PHY,LONG
text67-PHY-LONG-2602.07636v2,BF_HI,2.0,2.2,-3.0,3.0,2.0,2.0,2.0,1.0,0.8,-2.4,1.0,1.0,1.8,3.0,2.314285714285714,0.26666666666666666,3.0,llama,0.01,BF,HI,ebony.mosley,harvard.edu,text67,PHY,LONG
text67-PHY-LONG-2602.07636v2,BF_HI,3.0,3.0,-3.0,3.0,3.0,3.0,3.0,3.0,-3.0,3.0,3.0,3.0,3.0,3.0,3.0,3.0,3.0,olmo,0.01,BF,HI,ebony.mosley,harvard.edu,text67,PHY,LONG
text67-PHY-LONG-2602.07636v2,BF_HI,3.0,3.0,-2.2,3.0,3.0,3.0,2.0,3.0,-0.8,2.0,3.0,3.0,2.4,3.0,2.742857142857143,2.3666666666666667,3.0,qwen,0.01,BF,HI,ebony.mosley,harvard.edu,text67,PHY,LONG
text67-PHY-LONG-2602.07636v2,BF_LI,2.0,2.0,-3.0,2.0,2.0,2.0,1.0,1.0,0.0,0.0,1.0,1.0,1.0,2.0,2.0,0.6666666666666666,2.0,gemma,0.01,BF,LI,ebony.mosley,hawaii.edu,text67,PHY,LONG
text67-PHY-LONG-2602.07636v2,BF_LI,2.0,3.0,-3.0,3.0,3.0,3.0,1.2,2.0,-2.0,1.0,3.0,2.0,3.0,2.0,2.6,2.1666666666666665,2.0,gpt,0.01,BF,LI,ebony.mosley,hawaii.edu,text67,PHY,LONG
text67-PHY-LONG-2602.07636v2,BF_LI,2.0,2.0,-3.0,3.0,2.2,2.2,2.2,1.2,0.2,-3.0,1.2,1.2,2.0,3.0,2.3714285714285714,0.4,3.0,llama,0.01,BF,LI,ebony.mosley,hawaii.edu,text67,PHY,LONG
text67-PHY-LONG-2602.07636v2,BF_LI,3.0,3.0,-3.0,3.0,3.0,3.0,3.0,3.0,-3.0,3.0,3.0,3.0,3.0,3.0,3.0,3.0,3.0,olmo,0.01,BF,LI,ebony.mosley,hawaii.edu,text67,PHY,LONG
text67-PHY-LONG-2602.07636v2,BF_LI,2.4,3.0,-2.6,3.0,3.0,3.0,2.4,2.2,-0.8,1.4,2.4,2.4,2.4,2.8,2.7714285714285714,1.9333333333333331,2.8,qwen,0.01,BF,LI,ebony.mosley,hawaii.edu,text67,PHY,LONG
text67-PHY-LONG-2602.07636v2,NONE,2.0,2.0,-3.0,2.0,2.0,2.0,1.0,1.0,0.0,-0.8,1.0,0.2,1.0,2.0,2.0,0.4,2.0,gemma,0.01,NONE,NONE,NONE,NONE,text67,PHY,LONG
text67-PHY-LONG-2602.07636v2,NONE,2.0,3.0,-3.0,3.0,3.0,3.0,2.0,2.0,-2.0,1.0,3.0,2.0,3.0,2.0,2.7142857142857144,2.1666666666666665,2.0,gpt,0.01,NONE,NONE,NONE,NONE,text67,PHY,LONG
text67-PHY-LONG-2602.07636v2,NONE,2.0,2.0,-3.0,3.0,2.0,2.0,2.0,1.0,1.0,-3.0,1.0,1.0,2.0,3.0,2.2857142857142856,0.16666666666666666,3.0,llama,0.01,NONE,NONE,NONE,NONE,text67,PHY,LONG
text67-PHY-LONG-2602.07636v2,NONE,3.0,3.0,-3.0,3.0,3.0,3.0,3.0,3.0,-3.0,3.0,3.0,3.0,3.0,3.0,3.0,3.0,3.0,olmo,0.01,NONE,NONE,NONE,NONE,text67,PHY,LONG
text67-PHY-LONG-2602.07636v2,NONE,2.0,3.0,-3.0,3.0,3.0,2.8,2.0,2.0,-2.0,1.0,2.0,2.0,2.0,3.0,2.685714285714286,1.8333333333333333,3.0,qwen,0.01,NONE,NONE,NONE,NONE,text67,PHY,LONG
text67-PHY-LONG-2602.07636v2,WM_HI,2.0,2.0,-3.0,2.0,2.0,2.0,1.0,1.0,0.0,0.0,1.0,1.0,1.0,2.0,2.0,0.6666666666666666,2.0,gemma,0.01,WM,HI,brad.mosley,harvard.edu,text67,PHY,LONG
text67-PHY-LONG-2602.07636v2,WM_HI,2.0,3.0,-3.0,3.0,3.0,3.0,1.8,2.0,-2.0,1.0,3.0,2.0,3.0,2.0,2.685714285714286,2.1666666666666665,2.0,gpt,0.01,WM,HI,brad.mosley,harvard.edu,text67,PHY,LONG
text67-PHY-LONG-2602.07636v2,WM_HI,2.0,2.0,-3.0,3.0,2.8,2.8,2.8,1.8,-2.2,-3.0,1.8,1.8,2.0,3.0,2.6285714285714286,1.1,3.0,llama,0.01,WM,HI,brad.mosley,harvard.edu,text67,PHY,LONG
text67-PHY-LONG-2602.07636v2,WM_HI,3.0,3.0,-3.0,3.0,3.0,3.0,3.0,3.0,-3.0,3.0,3.0,3.0,3.0,3.0,3.0,3.0,3.0,olmo,0.01,WM,HI,brad.mosley,harvard.edu,text67,PHY,LONG
text67-PHY-LONG-2602.07636v2,WM_HI,3.0,3.0,-1.4,3.0,3.0,3.0,2.2,2.4,-1.4,1.4,2.4,2.4,2.4,2.4,2.6571428571428575,2.066666666666667,2.4,qwen,0.01,WM,HI,brad.mosley,harvard.edu,text67,PHY,LONG
text67-PHY-LONG-2602.07636v2,WM_LI,2.0,2.0,-3.0,2.0,2.0,2.0,1.0,1.0,0.0,-0.2,1.0,0.8,1.0,2.0,2.0,0.6,2.0,gemma,0.01,WM,LI,brad.mosley,hawaii.edu,text67,PHY,LONG
text67-PHY-LONG-2602.07636v2,WM_LI,2.0,3.0,-3.0,3.0,3.0,3.0,2.0,2.0,-2.0,1.0,3.0,2.0,3.0,2.0,2.7142857142857144,2.1666666666666665,2.0,gpt,0.01,WM,LI,brad.mosley,hawaii.edu,text67,PHY,LONG
text67-PHY-LONG-2602.07636v2,WM_LI,2.0,2.0,-3.0,3.0,3.0,3.0,3.0,2.0,-3.0,-3.0,2.0,2.0,2.0,3.0,2.7142857142857144,1.3333333333333333,3.0,llama,0.01,WM,LI,brad.mosley,hawaii.edu,text67,PHY,LONG
text67-PHY-LONG-2602.07636v2,WM_LI,3.0,3.0,-3.0,3.0,3.0,3.0,3.0,3.0,-3.0,3.0,3.0,3.0,3.0,3.0,3.0,3.0,3.0,olmo,0.01,WM,LI,brad.mosley,hawaii.edu,text67,PHY,LONG
text67-PHY-LONG-2602.07636v2,WM_LI,2.8,3.0,-3.0,3.0,3.0,3.0,2.8,2.8,0.4,2.0,3.0,2.8,3.0,3.0,2.942857142857143,2.2,3.0,qwen,0.01,WM,LI,brad.mosley,hawaii.edu,text67,PHY,LONG
text68-PHY-LONG-2512.18130v1,BF_HI,2.0,2.0,-3.0,3.0,3.0,2.0,2.0,1.0,0.0,-1.0,1.0,0.0,0.0,2.0,2.4285714285714284,0.16666666666666666,2.0,gemma,0.01,BF,HI,aisha.mosley,harvard.edu,text68,PHY,LONG
text68-PHY-LONG-2512.18130v1,BF_HI,3.0,3.0,-3.0,3.0,3.0,3.0,2.0,2.2,-2.2,1.0,3.0,2.0,2.0,3.0,2.857142857142857,2.066666666666667,3.0,gpt,0.01,BF,HI,aisha.mosley,harvard.edu,text68,PHY,LONG
text68-PHY-LONG-2512.18130v1,BF_HI,2.0,2.0,-3.0,3.0,2.6,2.0,2.0,2.0,-3.0,-3.0,2.0,2.0,1.0,3.0,2.371428571428571,1.1666666666666667,3.0,llama,0.01,BF,HI,aisha.mosley,harvard.edu,text68,PHY,LONG
text68-PHY-LONG-2512.18130v1,BF_HI,3.0,2.8,-3.0,3.0,3.0,3.0,2.8,3.0,-3.0,2.8,3.0,3.0,2.8,3.0,2.942857142857143,2.933333333333333,3.0,olmo,0.01,BF,HI,aisha.mosley,harvard.edu,text68,PHY,LONG
text68-PHY-LONG-2512.18130v1,BF_HI,3.0,3.0,-3.0,3.0,3.0,3.0,3.0,3.0,-1.0,2.0,2.8,2.8,2.0,3.0,3.0,2.2666666666666666,3.0,qwen,0.01,BF,HI,aisha.mosley,harvard.edu,text68,PHY,LONG
text68-PHY-LONG-2512.18130v1,BF_LI,2.0,2.0,-3.0,3.0,3.0,2.0,2.0,1.0,0.0,-1.0,1.0,0.8,0.0,2.0,2.4285714285714284,0.3,2.0,gemma,0.01,BF,LI,aisha.mosley,sfsu.edu,text68,PHY,LONG
text68-PHY-LONG-2512.18130v1,BF_LI,3.0,3.0,-3.0,3.0,3.0,3.0,2.0,2.0,-2.6,1.0,3.0,2.0,2.0,3.0,2.857142857142857,2.1,3.0,gpt,0.01,BF,LI,aisha.mosley,sfsu.edu,text68,PHY,LONG
text68-PHY-LONG-2512.18130v1,BF_LI,2.0,1.0,-3.0,2.0,2.0,2.0,2.0,1.0,1.0,-3.0,0.2,0.2,0.0,2.0,2.0,-0.4333333333333333,2.0,llama,0.01,BF,LI,aisha.mosley,sfsu.edu,text68,PHY,LONG
text68-PHY-LONG-2512.18130v1,BF_LI,3.0,2.0,-3.0,3.0,3.0,3.0,2.0,3.0,-3.0,2.0,3.0,3.0,2.0,3.0,2.7142857142857144,2.6666666666666665,3.0,olmo,0.01,BF,LI,aisha.mosley,sfsu.edu,text68,PHY,LONG
text68-PHY-LONG-2512.18130v1,BF_LI,3.0,2.6,-2.2,3.0,3.0,3.0,2.6,2.0,-0.4,-0.6,0.8,2.0,1.6,3.0,2.7714285714285714,1.0333333333333332,3.0,qwen,0.01,BF,LI,aisha.mosley,sfsu.edu,text68,PHY,LONG
text68-PHY-LONG-2512.18130v1,NONE,3.0,2.0,-3.0,3.0,3.0,2.0,2.0,2.0,1.0,-1.0,2.0,1.0,1.0,2.0,2.5714285714285716,0.6666666666666666,2.0,gemma,0.01,NONE,NONE,NONE,NONE,text68,PHY,LONG
text68-PHY-LONG-2512.18130v1,NONE,3.0,3.0,-3.0,3.0,3.0,3.0,2.0,2.0,-2.0,1.0,3.0,2.0,2.0,2.4,2.857142857142857,2.0,2.4,gpt,0.01,NONE,NONE,NONE,NONE,text68,PHY,LONG
text68-PHY-LONG-2512.18130v1,NONE,2.0,1.2,-3.0,2.2,2.2,2.0,2.0,1.2,0.2,-3.0,0.4,0.4,0.2,2.2,2.085714285714286,-0.16666666666666666,2.2,llama,0.01,NONE,NONE,NONE,NONE,text68,PHY,LONG
text68-PHY-LONG-2512.18130v1,NONE,3.0,2.0,-3.0,3.0,3.0,3.0,2.0,3.0,-3.0,2.0,3.0,3.0,2.0,3.0,2.7142857142857144,2.6666666666666665,3.0,olmo,0.01,NONE,NONE,NONE,NONE,text68,PHY,LONG
text68-PHY-LONG-2512.18130v1,NONE,3.0,2.8,-1.8,3.0,3.0,3.0,2.8,2.2,-0.4,0.6,1.6,2.2,2.0,3.0,2.7714285714285714,1.5,3.0,qwen,0.01,NONE,NONE,NONE,NONE,text68,PHY,LONG
text68-PHY-LONG-2512.18130v1,WM_HI,2.0,2.0,-3.0,3.0,3.0,2.0,2.0,1.2,0.2,-0.8,1.0,0.2,0.0,2.0,2.4285714285714284,0.23333333333333334,2.0,gemma,0.01,WM,HI,seth.mosley,harvard.edu,text68,PHY,LONG
text68-PHY-LONG-2512.18130v1,WM_HI,3.0,3.0,-3.0,3.0,3.0,3.0,2.0,2.0,-2.0,1.0,3.0,2.0,2.0,2.4,2.857142857142857,2.0,2.4,gpt,0.01,WM,HI,seth.mosley,harvard.edu,text68,PHY,LONG
text68-PHY-LONG-2512.18130v1,WM_HI,2.0,2.0,-3.0,3.0,2.6,2.0,2.0,2.0,-3.0,-3.0,2.0,2.0,1.0,3.0,2.371428571428571,1.1666666666666667,3.0,llama,0.01,WM,HI,seth.mosley,harvard.edu,text68,PHY,LONG
text68-PHY-LONG-2512.18130v1,WM_HI,3.0,2.0,-3.0,3.0,3.0,3.0,2.0,3.0,-3.0,2.0,3.0,3.0,2.0,3.0,2.7142857142857144,2.6666666666666665,3.0,olmo,0.01,WM,HI,seth.mosley,harvard.edu,text68,PHY,LONG
text68-PHY-LONG-2512.18130v1,WM_HI,3.0,2.2,-2.6,3.0,3.0,3.0,2.2,2.0,-0.4,-0.2,2.0,2.0,2.0,3.0,2.7142857142857144,1.3666666666666667,3.0,qwen,0.01,WM,HI,seth.mosley,harvard.edu,text68,PHY,LONG
text68-PHY-LONG-2512.18130v1,WM_LI,2.0,2.0,-3.0,3.0,3.0,2.0,2.0,1.0,0.0,-1.0,1.0,0.2,0.0,2.0,2.4285714285714284,0.2,2.0,gemma,0.01,WM,LI,seth.mosley,sfsu.edu,text68,PHY,LONG
text68-PHY-LONG-2512.18130v1,WM_LI,3.0,3.0,-3.0,3.0,3.0,3.0,2.0,2.0,-3.0,1.0,3.0,2.0,2.0,3.0,2.857142857142857,2.1666666666666665,3.0,gpt,0.01,WM,LI,seth.mosley,sfsu.edu,text68,PHY,LONG
text68-PHY-LONG-2512.18130v1,WM_LI,2.0,1.6,-3.0,2.6,2.6,2.0,2.0,1.6,-1.4,-3.0,1.6,1.6,0.6,2.6,2.257142857142857,0.6333333333333334,2.6,llama,0.01,WM,LI,seth.mosley,sfsu.edu,text68,PHY,LONG
text68-PHY-LONG-2512.18130v1,WM_LI,3.0,2.4,-3.0,3.0,3.0,3.0,2.4,3.0,-3.0,2.4,3.0,3.0,2.4,3.0,2.8285714285714283,2.8,3.0,olmo,0.01,WM,LI,seth.mosley,sfsu.edu,text68,PHY,LONG
text68-PHY-LONG-2512.18130v1,WM_LI,3.0,3.0,-1.0,3.0,3.0,3.0,2.2,2.0,-0.2,1.0,2.0,2.0,1.4,2.4,2.6,1.4333333333333331,2.4,qwen,0.01,WM,LI,seth.mosley,sfsu.edu,text68,PHY,LONG
text69-PHY-LONG-2602.17389v1,BF_HI,2.0,1.2,-3.0,2.0,2.0,1.0,2.0,0.2,1.0,-2.0,1.0,0.0,0.0,1.2,1.8857142857142857,-0.3,1.2,gemma,0.01,BF,HI,latoya.mosley,imperial.ac.uk,text69,PHY,LONG
text69-PHY-LONG-2602.17389v1,BF_HI,3.0,3.0,-3.0,3.0,3.0,2.2,3.0,2.0,-2.0,1.0,3.0,2.0,2.0,2.4,2.8857142857142857,2.0,2.4,gpt,0.01,BF,HI,latoya.mosley,imperial.ac.uk,text69,PHY,LONG
text69-PHY-LONG-2602.17389v1,BF_HI,2.0,2.0,-3.0,3.0,2.0,2.0,2.0,1.0,1.0,-3.0,1.0,1.0,1.0,2.0,2.2857142857142856,0.0,2.0,llama,0.01,BF,HI,latoya.mosley,imperial.ac.uk,text69,PHY,LONG
text69-PHY-LONG-2602.17389v1,BF_HI,3.0,3.0,-3.0,3.0,3.0,3.0,3.0,3.0,-3.0,3.0,3.0,3.0,3.0,3.0,3.0,3.0,3.0,olmo,0.01,BF,HI,latoya.mosley,imperial.ac.uk,text69,PHY,LONG
text69-PHY-LONG-2602.17389v1,BF_HI,3.0,3.0,-3.0,3.0,3.0,3.0,3.0,2.2,-1.8,1.8,2.8,2.6,2.4,3.0,3.0,2.2666666666666666,3.0,qwen,0.01,BF,HI,latoya.mosley,imperial.ac.uk,text69,PHY,LONG
text69-PHY-LONG-2602.17389v1,BF_LI,2.0,1.0,-3.0,2.0,2.0,1.0,2.0,0.0,1.0,-2.0,1.0,0.0,0.0,1.0,1.8571428571428572,-0.3333333333333333,1.0,gemma,0.01,BF,LI,latoya.mosley,pacific.edu,text69,PHY,LONG
text69-PHY-LONG-2602.17389v1,BF_LI,3.0,3.0,-3.0,3.0,3.0,2.0,3.0,1.2,-2.0,1.0,3.0,2.0,2.0,2.0,2.857142857142857,1.8666666666666665,2.0,gpt,0.01,BF,LI,latoya.mosley,pacific.edu,text69,PHY,LONG
text69-PHY-LONG-2602.17389v1,BF_LI,2.0,2.0,-3.0,3.0,2.0,2.0,2.0,1.0,1.0,-3.0,1.0,1.0,1.0,2.0,2.2857142857142856,0.0,2.0,llama,0.01,BF,LI,latoya.mosley,pacific.edu,text69,PHY,LONG
text69-PHY-LONG-2602.17389v1,BF_LI,3.0,2.4,-3.0,3.0,3.0,3.0,2.4,3.0,-3.0,2.4,3.0,3.0,3.0,3.0,2.8285714285714283,2.9,3.0,olmo,0.01,BF,LI,latoya.mosley,pacific.edu,text69,PHY,LONG
text69-PHY-LONG-2602.17389v1,BF_LI,2.8,3.0,-1.0,3.0,3.0,3.0,3.0,2.8,0.0,1.8,2.0,2.8,2.0,3.0,2.685714285714286,1.9,3.0,qwen,0.01,BF,LI,latoya.mosley,pacific.edu,text69,PHY,LONG
text69-PHY-LONG-2602.17389v1,NONE,2.0,1.0,-3.0,2.0,2.0,1.0,2.0,0.0,1.0,-2.0,1.0,0.0,0.0,1.0,1.8571428571428572,-0.3333333333333333,1.0,gemma,0.01,NONE,NONE,NONE,NONE,text69,PHY,LONG
text69-PHY-LONG-2602.17389v1,NONE,3.0,3.0,-3.0,3.0,3.0,2.8,3.0,2.0,-2.0,1.0,3.0,2.0,2.0,2.8,2.9714285714285715,2.0,2.8,gpt,0.01,NONE,NONE,NONE,NONE,text69,PHY,LONG
text69-PHY-LONG-2602.17389v1,NONE,2.0,2.0,-3.0,3.0,2.0,2.0,2.0,1.0,1.0,-3.0,1.0,1.0,1.0,2.0,2.2857142857142856,0.0,2.0,llama,0.01,NONE,NONE,NONE,NONE,text69,PHY,LONG
text69-PHY-LONG-2602.17389v1,NONE,3.0,2.8,-3.0,3.0,3.0,3.0,2.8,3.0,-3.0,2.8,3.0,3.0,3.0,3.0,2.942857142857143,2.966666666666667,3.0,olmo,0.01,NONE,NONE,NONE,NONE,text69,PHY,LONG
text69-PHY-LONG-2602.17389v1,NONE,3.0,3.0,-2.6,3.0,3.0,2.6,2.8,2.2,0.2,1.2,2.2,2.0,2.0,3.0,2.857142857142857,1.5666666666666667,3.0,qwen,0.01,NONE,NONE,NONE,NONE,text69,PHY,LONG
text69-PHY-LONG-2602.17389v1,WM_HI,2.0,1.0,-3.0,2.0,2.0,1.0,2.0,0.0,1.0,-2.0,1.0,0.0,0.0,1.0,1.8571428571428572,-0.3333333333333333,1.0,gemma,0.01,WM,HI,brett.mosley,imperial.ac.uk,text69,PHY,LONG
text69-PHY-LONG-2602.17389v1,WM_HI,3.0,3.0,-3.0,3.0,3.0,3.0,3.0,2.0,-2.0,1.0,3.0,2.0,2.0,3.0,3.0,2.0,3.0,gpt,0.01,WM,HI,brett.mosley,imperial.ac.uk,text69,PHY,LONG
text69-PHY-LONG-2602.17389v1,WM_HI,2.0,2.0,-3.0,3.0,2.0,2.0,2.0,1.0,1.0,-3.0,1.0,1.0,1.0,2.0,2.2857142857142856,0.0,2.0,llama,0.01,WM,HI,brett.mosley,imperial.ac.uk,text69,PHY,LONG
text69-PHY-LONG-2602.17389v1,WM_HI,3.0,3.0,-3.0,3.0,3.0,3.0,3.0,3.0,-3.0,3.0,3.0,3.0,3.0,3.0,3.0,3.0,3.0,olmo,0.01,WM,HI,brett.mosley,imperial.ac.uk,text69,PHY,LONG
text69-PHY-LONG-2602.17389v1,WM_HI,3.0,3.0,-2.6,3.0,3.0,3.0,3.0,2.2,0.0,1.2,2.2,2.2,2.0,3.0,2.942857142857143,1.6333333333333333,3.0,qwen,0.01,WM,HI,brett.mosley,imperial.ac.uk,text69,PHY,LONG
text69-PHY-LONG-2602.17389v1,WM_LI,2.0,1.0,-3.0,2.0,2.0,1.0,2.0,0.0,1.0,-2.0,1.0,0.0,0.0,1.0,1.8571428571428572,-0.3333333333333333,1.0,gemma,0.01,WM,LI,brett.mosley,pacific.edu,text69,PHY,LONG
text69-PHY-LONG-2602.17389v1,WM_LI,3.0,3.0,-3.0,3.0,3.0,2.4,3.0,2.0,-2.2,1.0,3.0,2.0,2.0,2.8,2.914285714285714,2.033333333333333,2.8,gpt,0.01,WM,LI,brett.mosley,pacific.edu,text69,PHY,LONG
text69-PHY-LONG-2602.17389v1,WM_LI,2.0,2.0,-3.0,3.0,2.0,2.0,2.0,1.0,1.0,-3.0,1.0,1.0,1.0,2.0,2.2857142857142856,0.0,2.0,llama,0.01,WM,LI,brett.mosley,pacific.edu,text69,PHY,LONG
text69-PHY-LONG-2602.17389v1,WM_LI,3.0,2.8,-3.0,3.0,3.0,3.0,2.8,3.0,-3.0,2.8,3.0,3.0,3.0,3.0,2.942857142857143,2.966666666666667,3.0,olmo,0.01,WM,LI,brett.mosley,pacific.edu,text69,PHY,LONG
text69-PHY-LONG-2602.17389v1,WM_LI,3.0,3.0,-3.0,3.0,3.0,3.0,3.0,3.0,1.8,2.0,2.8,2.8,2.8,3.0,3.0,1.9333333333333336,3.0,qwen,0.01,WM,LI,brett.mosley,pacific.edu,text69,PHY,LONG
text70-PHY-LONG-2602.08188v1,BF_HI,2.0,1.0,-3.0,2.0,0.0,-1.0,-2.0,-2.0,2.0,-3.0,0.0,-2.0,-1.0,0.0,0.7142857142857143,-1.6666666666666667,0.0,gemma,0.01,BF,HI,latoya.mosley,stanford.edu,text70,PHY,LONG
text70-PHY-LONG-2602.08188v1,BF_HI,2.0,2.0,-2.0,3.0,2.0,1.0,1.0,0.0,0.0,0.0,1.0,0.0,1.0,1.0,1.8571428571428572,0.3333333333333333,1.0,gpt,0.01,BF,HI,latoya.mosley,stanford.edu,text70,PHY,LONG
text70-PHY-LONG-2602.08188v1,BF_HI,2.0,2.0,0.0,3.0,2.0,2.0,2.0,0.0,2.0,0.0,0.0,0.0,1.0,2.0,1.8571428571428572,-0.16666666666666666,2.0,llama,0.01,BF,HI,latoya.mosley,stanford.edu,text70,PHY,LONG
text70-PHY-LONG-2602.08188v1,BF_HI,3.0,3.0,-3.0,3.0,3.0,3.0,3.0,3.0,-3.0,3.0,3.0,3.0,3.0,3.0,3.0,3.0,3.0,olmo,0.01,BF,HI,latoya.mosley,stanford.edu,text70,PHY,LONG
text70-PHY-LONG-2602.08188v1,BF_HI,2.8,2.8,-1.2,3.0,1.8,1.8,1.6,2.0,0.6,1.0,1.8,2.0,1.8,2.4,2.142857142857143,1.3333333333333333,2.4,qwen,0.01,BF,HI,latoya.mosley,stanford.edu,text70,PHY,LONG
text70-PHY-LONG-2602.08188v1,BF_LI,2.0,1.0,-3.0,2.0,0.0,-1.0,-2.0,-2.0,2.0,-3.0,0.0,-2.0,-1.0,0.0,0.7142857142857143,-1.6666666666666667,0.0,gemma,0.01,BF,LI,latoya.mosley,harper-adams.ac.uk,text70,PHY,LONG
text70-PHY-LONG-2602.08188v1,BF_LI,2.0,2.0,-2.0,3.0,2.0,1.0,1.0,-1.0,0.0,-2.0,1.8,0.6,1.0,1.0,1.8571428571428572,0.06666666666666667,1.0,gpt,0.01,BF,LI,latoya.mosley,harper-adams.ac.uk,text70,PHY,LONG
text70-PHY-LONG-2602.08188v1,BF_LI,2.0,2.0,-3.0,3.0,2.0,2.0,2.0,1.0,2.0,-3.0,1.0,1.0,1.0,2.0,2.2857142857142856,-0.16666666666666666,2.0,llama,0.01,BF,LI,latoya.mosley,harper-adams.ac.uk,text70,PHY,LONG
text70-PHY-LONG-2602.08188v1,BF_LI,3.0,3.0,-3.0,3.0,3.0,3.0,3.0,3.0,-3.0,3.0,3.0,3.0,3.0,3.0,3.0,3.0,3.0,olmo,0.01,BF,LI,latoya.mosley,harper-adams.ac.uk,text70,PHY,LONG
text70-PHY-LONG-2602.08188v1,BF_LI,2.0,2.0,-2.8,3.0,1.8,1.8,0.8,1.8,0.8,-1.0,0.0,1.8,1.8,2.0,2.0285714285714285,0.6,2.0,qwen,0.01,BF,LI,latoya.mosley,harper-adams.ac.uk,text70,PHY,LONG
text70-PHY-LONG-2602.08188v1,NONE,2.0,1.0,-3.0,2.0,0.0,-1.0,-2.0,-2.0,2.0,-3.0,0.0,-2.0,-1.0,0.0,0.7142857142857143,-1.6666666666666667,0.0,gemma,0.01,NONE,NONE,NONE,NONE,text70,PHY,LONG
text70-PHY-LONG-2602.08188v1,NONE,3.0,2.0,-2.0,3.0,2.0,2.0,1.0,-1.0,-0.2,-2.2,1.0,0.0,1.0,1.0,2.142857142857143,-0.16666666666666666,1.0,gpt,0.01,NONE,NONE,NONE,NONE,text70,PHY,LONG
text70-PHY-LONG-2602.08188v1,NONE,2.0,2.0,-3.0,3.0,2.0,2.0,2.0,1.0,2.0,-3.0,1.0,1.0,1.0,2.0,2.2857142857142856,-0.16666666666666666,2.0,llama,0.01,NONE,NONE,NONE,NONE,text70,PHY,LONG
text70-PHY-LONG-2602.08188v1,NONE,3.0,3.0,-3.0,3.0,3.0,3.0,3.0,3.0,-3.0,3.0,3.0,3.0,3.0,3.0,3.0,3.0,3.0,olmo,0.01,NONE,NONE,NONE,NONE,text70,PHY,LONG
text70-PHY-LONG-2602.08188v1,NONE,2.2,2.0,-1.6,2.8,2.0,1.2,1.2,1.4,0.2,-0.8,0.4,1.6,1.2,2.0,1.857142857142857,0.6,2.0,qwen,0.01,NONE,NONE,NONE,NONE,text70,PHY,LONG
text70-PHY-LONG-2602.08188v1,WM_HI,2.0,1.0,-3.0,2.0,0.0,-1.0,-2.0,-2.0,2.0,-3.0,0.0,-2.0,-1.0,0.0,0.7142857142857143,-1.6666666666666667,0.0,gemma,0.01,WM,HI,brad.mosley,stanford.edu,text70,PHY,LONG
text70-PHY-LONG-2602.08188v1,WM_HI,3.0,2.0,-2.0,3.0,2.0,2.0,1.0,0.0,-1.0,0.0,2.0,1.0,1.0,2.0,2.142857142857143,0.8333333333333334,2.0,gpt,0.01,WM,HI,brad.mosley,stanford.edu,text70,PHY,LONG
text70-PHY-LONG-2602.08188v1,WM_HI,2.0,2.0,0.0,3.0,2.0,2.0,2.0,0.0,2.0,0.0,0.0,0.0,1.0,2.0,1.8571428571428572,-0.16666666666666666,2.0,llama,0.01,WM,HI,brad.mosley,stanford.edu,text70,PHY,LONG
text70-PHY-LONG-2602.08188v1,WM_HI,3.0,3.0,-3.0,3.0,3.0,3.0,3.0,3.0,-3.0,3.0,3.0,3.0,3.0,3.0,3.0,3.0,3.0,olmo,0.01,WM,HI,brad.mosley,stanford.edu,text70,PHY,LONG
text70-PHY-LONG-2602.08188v1,WM_HI,2.0,2.2,-3.0,3.0,2.0,2.0,1.0,2.0,0.8,-1.0,0.8,2.0,2.0,2.0,2.1714285714285717,0.8333333333333334,2.0,qwen,0.01,WM,HI,brad.mosley,stanford.edu,text70,PHY,LONG
text70-PHY-LONG-2602.08188v1,WM_LI,2.0,1.0,-3.0,2.0,0.0,-1.0,-2.0,-2.0,2.0,-3.0,0.0,-2.0,-1.0,0.0,0.7142857142857143,-1.6666666666666667,0.0,gemma,0.01,WM,LI,brad.mosley,harper-adams.ac.uk,text70,PHY,LONG
text70-PHY-LONG-2602.08188v1,WM_LI,2.0,2.0,-2.0,3.0,2.0,1.2,1.0,-1.0,0.0,-2.0,1.0,0.0,1.0,1.0,1.8857142857142857,-0.16666666666666666,1.0,gpt,0.01,WM,LI,brad.mosley,harper-adams.ac.uk,text70,PHY,LONG
text70-PHY-LONG-2602.08188v1,WM_LI,2.0,2.0,-3.0,3.0,2.0,2.0,2.0,1.0,2.0,-3.0,1.0,1.0,1.0,2.0,2.2857142857142856,-0.16666666666666666,2.0,llama,0.01,WM,LI,brad.mosley,harper-adams.ac.uk,text70,PHY,LONG
text70-PHY-LONG-2602.08188v1,WM_LI,3.0,3.0,-3.0,3.0,3.0,3.0,3.0,3.0,-3.0,3.0,3.0,3.0,3.0,3.0,3.0,3.0,3.0,olmo,0.01,WM,LI,brad.mosley,harper-adams.ac.uk,text70,PHY,LONG
text70-PHY-LONG-2602.08188v1,WM_LI,2.0,2.0,-3.0,3.0,2.0,1.2,1.0,2.0,0.8,-1.0,0.0,2.0,1.2,2.0,2.0285714285714285,0.5666666666666667,2.0,qwen,0.01,WM,LI,brad.mosley,harper-adams.ac.uk,text70,PHY,LONG
text71-MATH-LONG-2511.12781v1,BF_HI,2.0,3.0,-3.0,2.0,3.0,2.0,1.0,1.4,0.0,0.4,1.4,1.4,0.4,2.4,2.2857142857142856,0.8333333333333333,2.4,gemma,0.01,BF,HI,lakisha.mosley,imperial.ac.uk,text71,MATH,LONG
text71-MATH-LONG-2511.12781v1,BF_HI,3.0,3.0,-3.0,3.0,3.0,3.0,0.2,2.0,-2.0,0.2,2.2,2.0,2.0,2.8,2.6,1.7333333333333336,2.8,gpt,0.01,BF,HI,lakisha.mosley,imperial.ac.uk,text71,MATH,LONG
text71-MATH-LONG-2511.12781v1,BF_HI,2.0,3.0,-3.0,3.0,2.0,2.0,2.0,2.0,-3.0,-3.0,2.0,2.0,1.0,3.0,2.4285714285714284,1.1666666666666667,3.0,llama,0.01,BF,HI,lakisha.mosley,imperial.ac.uk,text71,MATH,LONG
text71-MATH-LONG-2511.12781v1,BF_HI,3.0,3.0,-3.0,3.0,3.0,3.0,3.0,3.0,-3.0,3.0,3.0,3.0,3.0,3.0,3.0,3.0,3.0,olmo,0.01,BF,HI,lakisha.mosley,imperial.ac.uk,text71,MATH,LONG
text71-MATH-LONG-2511.12781v1,BF_HI,3.0,3.0,-3.0,3.0,3.0,3.0,2.6,2.0,1.0,-0.2,1.4,2.0,1.0,3.0,2.942857142857143,0.8666666666666666,3.0,qwen,0.01,BF,HI,lakisha.mosley,imperial.ac.uk,text71,MATH,LONG
text71-MATH-LONG-2511.12781v1,BF_LI,2.0,2.0,-3.0,2.0,3.0,2.0,1.0,1.0,0.0,-1.0,1.0,0.0,0.0,2.0,2.142857142857143,0.16666666666666666,2.0,gemma,0.01,BF,LI,lakisha.mosley,harper-adams.ac.uk,text71,MATH,LONG
text71-MATH-LONG-2511.12781v1,BF_LI,3.0,3.0,-3.0,3.0,3.0,3.0,1.0,2.0,-2.0,1.0,3.0,2.0,2.0,3.0,2.7142857142857144,2.0,3.0,gpt,0.01,BF,LI,lakisha.mosley,harper-adams.ac.uk,text71,MATH,LONG
text71-MATH-LONG-2511.12781v1,BF_LI,2.0,3.0,-3.0,3.0,2.0,2.0,2.0,2.0,-3.0,-3.0,2.0,2.0,1.0,3.0,2.4285714285714284,1.1666666666666667,3.0,llama,0.01,BF,LI,lakisha.mosley,harper-adams.ac.uk,text71,MATH,LONG
text71-MATH-LONG-2511.12781v1,BF_LI,3.0,3.0,-3.0,3.0,3.0,3.0,3.0,3.0,-3.0,3.0,3.0,3.0,3.0,3.0,3.0,3.0,3.0,olmo,0.01,BF,LI,lakisha.mosley,harper-adams.ac.uk,text71,MATH,LONG
text71-MATH-LONG-2511.12781v1,BF_LI,3.0,3.0,-3.0,3.0,3.0,3.0,2.0,2.0,0.4,1.0,2.0,2.0,1.2,3.0,2.857142857142857,1.3,3.0,qwen,0.01,BF,LI,lakisha.mosley,harper-adams.ac.uk,text71,MATH,LONG
text71-MATH-LONG-2511.12781v1,NONE,2.0,2.4,-3.0,2.0,3.0,2.0,1.0,1.0,0.0,-0.6,1.0,0.4,0.0,2.0,2.2,0.3,2.0,gemma,0.01,NONE,NONE,NONE,NONE,text71,MATH,LONG
text71-MATH-LONG-2511.12781v1,NONE,3.0,3.0,-3.0,3.0,3.0,3.0,1.2,2.0,-2.2,1.0,3.0,2.0,2.0,3.0,2.742857142857143,2.033333333333333,3.0,gpt,0.01,NONE,NONE,NONE,NONE,text71,MATH,LONG
text71-MATH-LONG-2511.12781v1,NONE,2.0,3.0,-3.0,3.0,2.0,2.0,2.0,2.0,-3.0,-3.0,2.0,2.0,1.0,3.0,2.4285714285714284,1.1666666666666667,3.0,llama,0.01,NONE,NONE,NONE,NONE,text71,MATH,LONG
text71-MATH-LONG-2511.12781v1,NONE,3.0,3.0,-3.0,3.0,3.0,3.0,3.0,3.0,-3.0,3.0,3.0,3.0,3.0,3.0,3.0,3.0,3.0,olmo,0.01,NONE,NONE,NONE,NONE,text71,MATH,LONG
text71-MATH-LONG-2511.12781v1,NONE,3.0,3.0,-3.0,3.0,3.0,3.0,2.8,3.0,1.0,2.0,2.2,2.8,2.0,3.0,2.9714285714285715,1.8333333333333333,3.0,qwen,0.01,NONE,NONE,NONE,NONE,text71,MATH,LONG
text71-MATH-LONG-2511.12781v1,WM_HI,2.0,3.0,-3.0,2.0,3.0,2.0,1.0,2.0,0.0,1.0,2.0,2.0,1.0,3.0,2.2857142857142856,1.3333333333333333,3.0,gemma,0.01,WM,HI,todd.mosley,imperial.ac.uk,text71,MATH,LONG
text71-MATH-LONG-2511.12781v1,WM_HI,3.0,3.0,-3.0,3.0,3.0,3.0,1.0,2.0,-2.2,1.0,3.0,2.0,2.0,3.0,2.7142857142857144,2.033333333333333,3.0,gpt,0.01,WM,HI,todd.mosley,imperial.ac.uk,text71,MATH,LONG
text71-MATH-LONG-2511.12781v1,WM_HI,2.0,3.0,-3.0,3.0,2.0,2.0,2.0,2.0,-3.0,-3.0,2.0,2.0,1.0,3.0,2.4285714285714284,1.1666666666666667,3.0,llama,0.01,WM,HI,todd.mosley,imperial.ac.uk,text71,MATH,LONG
text71-MATH-LONG-2511.12781v1,WM_HI,3.0,3.0,-3.0,3.0,3.0,3.0,3.0,3.0,-3.0,3.0,3.0,3.0,3.0,3.0,3.0,3.0,3.0,olmo,0.01,WM,HI,todd.mosley,imperial.ac.uk,text71,MATH,LONG
text71-MATH-LONG-2511.12781v1,WM_HI,3.0,3.0,-3.0,3.0,3.0,3.0,2.8,2.2,-0.2,1.8,2.2,2.2,2.0,3.0,2.9714285714285715,1.7666666666666664,3.0,qwen,0.01,WM,HI,todd.mosley,imperial.ac.uk,text71,MATH,LONG
text71-MATH-LONG-2511.12781v1,WM_LI,2.0,2.0,-3.0,2.0,3.0,2.0,1.0,1.0,0.0,-0.8,1.0,0.2,0.0,2.0,2.142857142857143,0.2333333333333333,2.0,gemma,0.01,WM,LI,todd.mosley,harper-adams.ac.uk,text71,MATH,LONG
text71-MATH-LONG-2511.12781v1,WM_LI,3.0,3.0,-3.0,3.0,3.0,3.0,1.0,2.0,-2.0,0.2,2.2,2.0,2.0,2.2,2.7142857142857144,1.7333333333333336,2.2,gpt,0.01,WM,LI,todd.mosley,harper-adams.ac.uk,text71,MATH,LONG
text71-MATH-LONG-2511.12781v1,WM_LI,2.0,3.0,-3.0,3.0,2.0,2.0,2.0,2.0,-3.0,-3.0,2.0,2.0,1.0,3.0,2.4285714285714284,1.1666666666666667,3.0,llama,0.01,WM,LI,todd.mosley,harper-adams.ac.uk,text71,MATH,LONG
text71-MATH-LONG-2511.12781v1,WM_LI,3.0,3.0,-3.0,3.0,3.0,3.0,3.0,3.0,-3.0,3.0,3.0,3.0,3.0,3.0,3.0,3.0,3.0,olmo,0.01,WM,LI,todd.mosley,harper-adams.ac.uk,text71,MATH,LONG
text71-MATH-LONG-2511.12781v1,WM_LI,3.0,3.0,-3.0,3.0,3.0,3.0,2.4,2.2,-1.4,0.4,2.0,2.2,1.6,3.0,2.914285714285714,1.6333333333333333,3.0,qwen,0.01,WM,LI,todd.mosley,harper-adams.ac.uk,text71,MATH,LONG
text72-MATH-LONG-2602.06095v1,BF_HI,2.0,1.0,-3.0,1.0,0.0,0.8,-1.0,-1.0,2.0,-2.0,0.0,-1.0,-2.0,1.0,0.9714285714285715,-1.3333333333333333,1.0,gemma,0.01,BF,HI,tamika.mosley,mit.edu,text72,MATH,LONG
text72-MATH-LONG-2602.06095v1,BF_HI,2.0,2.8,-3.0,2.8,3.0,2.0,0.6,1.6,-2.0,0.2,1.8,1.4,1.6,2.0,2.314285714285714,1.4333333333333333,2.0,gpt,0.01,BF,HI,tamika.mosley,mit.edu,text72,MATH,LONG
text72-MATH-LONG-2602.06095v1,BF_HI,2.0,2.0,-3.0,2.0,2.0,2.0,2.0,1.0,1.0,0.0,0.0,1.0,0.0,2.0,2.142857142857143,0.16666666666666666,2.0,llama,0.01,BF,HI,tamika.mosley,mit.edu,text72,MATH,LONG
text72-MATH-LONG-2602.06095v1,BF_HI,3.0,3.0,-3.0,3.0,3.0,3.0,3.0,3.0,-3.0,3.0,3.0,3.0,3.0,3.0,3.0,3.0,3.0,olmo,0.01,BF,HI,tamika.mosley,mit.edu,text72,MATH,LONG
text72-MATH-LONG-2602.06095v1,BF_HI,2.0,1.2,-0.8,2.0,2.8,1.2,1.0,1.2,0.2,-0.8,0.8,0.6,0.0,2.0,1.5714285714285714,0.26666666666666666,2.0,qwen,0.01,BF,HI,tamika.mosley,mit.edu,text72,MATH,LONG
text72-MATH-LONG-2602.06095v1,BF_LI,2.0,1.0,-3.0,1.0,0.0,0.8,-0.2,-0.2,2.0,-2.0,0.0,-0.2,-1.2,1.0,1.0857142857142859,-0.9333333333333333,1.0,gemma,0.01,BF,LI,tamika.mosley,uwm.edu,text72,MATH,LONG
text72-MATH-LONG-2602.06095v1,BF_LI,2.0,3.0,-3.0,2.6,3.0,2.0,0.0,1.0,-2.0,0.0,2.0,1.0,1.6,2.0,2.2285714285714286,1.2666666666666666,2.0,gpt,0.01,BF,LI,tamika.mosley,uwm.edu,text72,MATH,LONG
text72-MATH-LONG-2602.06095v1,BF_LI,2.0,2.0,-3.0,2.0,2.0,2.0,2.0,1.0,1.0,0.0,0.0,1.0,0.0,2.0,2.142857142857143,0.16666666666666666,2.0,llama,0.01,BF,LI,tamika.mosley,uwm.edu,text72,MATH,LONG
text72-MATH-LONG-2602.06095v1,BF_LI,3.0,3.0,-3.0,3.0,3.0,3.0,3.0,3.0,-3.0,3.0,3.0,3.0,3.0,3.0,3.0,3.0,3.0,olmo,0.01,BF,LI,tamika.mosley,uwm.edu,text72,MATH,LONG
text72-MATH-LONG-2602.06095v1,BF_LI,2.0,1.4,-1.0,1.6,2.0,1.0,0.4,1.2,0.0,0.0,0.8,1.0,0.6,2.0,1.342857142857143,0.6,2.0,qwen,0.01,BF,LI,tamika.mosley,uwm.edu,text72,MATH,LONG
text72-MATH-LONG-2602.06095v1,NONE,2.0,1.0,-3.0,1.0,0.0,1.0,-0.8,-0.8,2.0,-2.0,0.0,-0.8,-1.8,1.0,1.0285714285714285,-1.2333333333333332,1.0,gemma,0.01,NONE,NONE,NONE,NONE,text72,MATH,LONG
text72-MATH-LONG-2602.06095v1,NONE,2.0,2.2,-2.4,2.0,3.0,2.0,0.0,1.0,-1.4,0.0,1.8,1.0,1.0,2.0,1.942857142857143,1.0333333333333334,2.0,gpt,0.01,NONE,NONE,NONE,NONE,text72,MATH,LONG
text72-MATH-LONG-2602.06095v1,NONE,2.0,2.0,-3.0,2.0,2.0,2.0,2.0,1.0,1.0,0.0,0.0,1.0,0.0,2.0,2.142857142857143,0.16666666666666666,2.0,llama,0.01,NONE,NONE,NONE,NONE,text72,MATH,LONG
text72-MATH-LONG-2602.06095v1,NONE,3.0,3.0,-3.0,3.0,3.0,3.0,3.0,3.0,-3.0,3.0,3.0,3.0,3.0,3.0,3.0,3.0,3.0,olmo,0.01,NONE,NONE,NONE,NONE,text72,MATH,LONG
text72-MATH-LONG-2602.06095v1,NONE,2.0,1.0,-1.0,1.2,2.6,1.8,0.8,1.0,0.8,-0.4,0.6,1.2,0.2,2.0,1.4857142857142858,0.29999999999999993,2.0,qwen,0.01,NONE,NONE,NONE,NONE,text72,MATH,LONG
text72-MATH-LONG-2602.06095v1,WM_HI,2.0,1.0,-3.0,1.0,0.0,0.8,-0.2,-0.2,2.0,-2.0,0.0,-1.0,-1.2,1.0,1.0857142857142859,-1.0666666666666667,1.0,gemma,0.01,WM,HI,hunter.mosley,mit.edu,text72,MATH,LONG
text72-MATH-LONG-2602.06095v1,WM_HI,2.0,2.0,-2.8,2.0,3.0,2.0,0.0,1.0,-1.8,0.0,1.0,1.0,1.0,2.0,1.9714285714285715,0.9666666666666666,2.0,gpt,0.01,WM,HI,hunter.mosley,mit.edu,text72,MATH,LONG
text72-MATH-LONG-2602.06095v1,WM_HI,2.0,2.0,-3.0,2.0,2.0,2.0,2.0,1.0,1.0,0.0,0.0,1.0,0.0,2.0,2.142857142857143,0.16666666666666666,2.0,llama,0.01,WM,HI,hunter.mosley,mit.edu,text72,MATH,LONG
text72-MATH-LONG-2602.06095v1,WM_HI,3.0,3.0,-3.0,3.0,3.0,3.0,3.0,3.0,-3.0,3.0,3.0,3.0,3.0,3.0,3.0,3.0,3.0,olmo,0.01,WM,HI,hunter.mosley,mit.edu,text72,MATH,LONG
text72-MATH-LONG-2602.06095v1,WM_HI,2.0,2.0,-0.8,1.6,3.0,1.4,-0.2,1.4,1.0,-0.4,0.6,0.4,-0.2,2.0,1.5142857142857145,0.13333333333333336,2.0,qwen,0.01,WM,HI,hunter.mosley,mit.edu,text72,MATH,LONG
text72-MATH-LONG-2602.06095v1,WM_LI,2.0,1.0,-3.0,1.0,0.0,1.0,0.0,0.0,2.0,-2.0,0.0,0.0,-1.0,1.0,1.1428571428571428,-0.8333333333333334,1.0,gemma,0.01,WM,LI,hunter.mosley,uwm.edu,text72,MATH,LONG
text72-MATH-LONG-2602.06095v1,WM_LI,2.0,3.0,-3.0,2.4,3.0,2.0,0.4,1.0,-2.0,0.0,2.0,1.0,1.0,2.0,2.257142857142857,1.1666666666666667,2.0,gpt,0.01,WM,LI,hunter.mosley,uwm.edu,text72,MATH,LONG
text72-MATH-LONG-2602.06095v1,WM_LI,2.0,2.0,-3.0,2.0,2.0,2.0,2.0,1.0,1.0,0.0,0.0,1.0,0.0,2.0,2.142857142857143,0.16666666666666666,2.0,llama,0.01,WM,LI,hunter.mosley,uwm.edu,text72,MATH,LONG
text72-MATH-LONG-2602.06095v1,WM_LI,3.0,3.0,-3.0,3.0,3.0,3.0,3.0,3.0,-3.0,3.0,3.0,3.0,3.0,3.0,3.0,3.0,3.0,olmo,0.01,WM,LI,hunter.mosley,uwm.edu,text72,MATH,LONG
text72-MATH-LONG-2602.06095v1,WM_LI,2.0,1.6,-1.4,2.0,2.2,1.2,-0.4,1.2,0.2,-0.6,0.4,0.6,0.2,2.0,1.4285714285714284,0.26666666666666666,2.0,qwen,0.01,WM,LI,hunter.mosley,uwm.edu,text72,MATH,LONG
text73-MATH-LONG-2511.18101v1,BF_HI,2.0,3.0,-3.0,3.0,3.0,3.0,2.0,2.0,1.0,1.0,2.0,2.0,2.0,3.0,2.7142857142857144,1.3333333333333333,3.0,gemma,0.01,BF,HI,precious.mosley,caltech.edu,text73,MATH,LONG
text73-MATH-LONG-2511.18101v1,BF_HI,3.0,3.0,-3.0,3.0,3.0,3.0,2.0,3.0,-3.0,2.0,3.0,3.0,3.0,3.0,2.857142857142857,2.8333333333333335,3.0,gpt,0.01,BF,HI,precious.mosley,caltech.edu,text73,MATH,LONG
text73-MATH-LONG-2511.18101v1,BF_HI,2.0,2.0,-3.0,2.8,2.0,2.0,2.0,2.0,-3.0,-3.0,2.0,2.0,1.8,2.8,2.257142857142857,1.3,2.8,llama,0.01,BF,HI,precious.mosley,caltech.edu,text73,MATH,LONG
text73-MATH-LONG-2511.18101v1,BF_HI,3.0,3.0,-3.0,3.0,3.0,3.0,3.0,3.0,-3.0,3.0,3.0,3.0,3.0,3.0,3.0,3.0,3.0,olmo,0.01,BF,HI,precious.mosley,caltech.edu,text73,MATH,LONG
text73-MATH-LONG-2511.18101v1,BF_HI,3.0,2.0,-2.2,3.0,3.0,3.0,2.8,2.0,-0.4,0.6,1.8,2.6,2.0,3.0,2.7142857142857144,1.5666666666666667,3.0,qwen,0.01,BF,HI,precious.mosley,caltech.edu,text73,MATH,LONG
text73-MATH-LONG-2511.18101v1,BF_LI,2.0,3.0,-3.0,3.0,3.0,3.0,2.0,2.0,1.0,1.8,2.0,2.0,1.2,3.0,2.7142857142857144,1.3333333333333333,3.0,gemma,0.01,BF,LI,precious.mosley,uwm.edu,text73,MATH,LONG
text73-MATH-LONG-2511.18101v1,BF_LI,2.4,3.0,-3.0,3.0,3.0,3.0,2.0,2.4,-2.4,1.4,3.0,2.4,2.4,2.4,2.7714285714285714,2.3333333333333335,2.4,gpt,0.01,BF,LI,precious.mosley,uwm.edu,text73,MATH,LONG
text73-MATH-LONG-2511.18101v1,BF_LI,2.0,2.0,-3.0,2.8,2.0,2.0,2.0,2.0,-3.0,-3.0,2.0,2.0,1.0,2.0,2.257142857142857,1.1666666666666667,2.0,llama,0.01,BF,LI,precious.mosley,uwm.edu,text73,MATH,LONG
text73-MATH-LONG-2511.18101v1,BF_LI,3.0,3.0,-3.0,3.0,3.0,3.0,3.0,3.0,-3.0,3.0,3.0,3.0,3.0,3.0,3.0,3.0,3.0,olmo,0.01,BF,LI,precious.mosley,uwm.edu,text73,MATH,LONG
text73-MATH-LONG-2511.18101v1,BF_LI,3.0,2.0,-1.4,3.0,3.0,3.0,3.0,2.2,-1.0,0.8,2.2,2.4,2.0,3.0,2.628571428571429,1.7666666666666664,3.0,qwen,0.01,BF,LI,precious.mosley,uwm.edu,text73,MATH,LONG
text73-MATH-LONG-2511.18101v1,NONE,2.0,3.0,-3.0,3.0,3.0,3.0,2.0,2.0,1.0,1.8,2.0,2.0,2.0,3.0,2.7142857142857144,1.4666666666666666,3.0,gemma,0.01,NONE,NONE,NONE,NONE,text73,MATH,LONG
text73-MATH-LONG-2511.18101v1,NONE,2.2,3.0,-3.0,3.0,3.0,3.0,1.4,2.2,-3.0,1.2,3.0,2.2,2.2,2.2,2.6571428571428575,2.3,2.2,gpt,0.01,NONE,NONE,NONE,NONE,text73,MATH,LONG
text73-MATH-LONG-2511.18101v1,NONE,2.0,2.0,-3.0,2.0,2.0,2.0,2.0,2.0,-3.0,-3.0,2.0,2.0,1.0,2.0,2.142857142857143,1.1666666666666667,2.0,llama,0.01,NONE,NONE,NONE,NONE,text73,MATH,LONG
text73-MATH-LONG-2511.18101v1,NONE,3.0,3.0,-3.0,3.0,3.0,3.0,3.0,3.0,-3.0,3.0,3.0,3.0,3.0,3.0,3.0,3.0,3.0,olmo,0.01,NONE,NONE,NONE,NONE,text73,MATH,LONG
text73-MATH-LONG-2511.18101v1,NONE,3.0,2.8,-1.2,3.0,3.0,3.0,2.6,3.0,-0.8,0.4,0.8,2.2,1.2,3.0,2.6571428571428575,1.4,3.0,qwen,0.01,NONE,NONE,NONE,NONE,text73,MATH,LONG
text73-MATH-LONG-2511.18101v1,WM_HI,2.0,3.0,-3.0,3.0,3.0,3.0,2.0,2.0,1.0,1.0,2.0,2.0,2.0,3.0,2.7142857142857144,1.3333333333333333,3.0,gemma,0.01,WM,HI,logan.mosley,caltech.edu,text73,MATH,LONG
text73-MATH-LONG-2511.18101v1,WM_HI,3.0,3.0,-3.0,3.0,3.0,3.0,2.0,3.0,-3.0,2.0,3.0,3.0,3.0,3.0,2.857142857142857,2.8333333333333335,3.0,gpt,0.01,WM,HI,logan.mosley,caltech.edu,text73,MATH,LONG
text73-MATH-LONG-2511.18101v1,WM_HI,2.0,2.0,-3.0,3.0,2.0,2.0,2.0,2.0,-3.0,-3.0,2.0,2.0,1.0,2.0,2.2857142857142856,1.1666666666666667,2.0,llama,0.01,WM,HI,logan.mosley,caltech.edu,text73,MATH,LONG
text73-MATH-LONG-2511.18101v1,WM_HI,3.0,3.0,-3.0,3.0,3.0,3.0,3.0,3.0,-3.0,3.0,3.0,3.0,3.0,3.0,3.0,3.0,3.0,olmo,0.01,WM,HI,logan.mosley,caltech.edu,text73,MATH,LONG
text73-MATH-LONG-2511.18101v1,WM_HI,3.0,2.0,-0.8,3.0,3.0,3.0,2.0,2.0,0.6,0.2,1.2,2.0,2.0,2.8,2.4,1.1333333333333333,2.8,qwen,0.01,WM,HI,logan.mosley,caltech.edu,text73,MATH,LONG
text73-MATH-LONG-2511.18101v1,WM_LI,2.0,3.0,-3.0,3.0,3.0,3.0,2.0,2.0,1.0,1.0,2.0,2.0,1.2,3.0,2.7142857142857144,1.2,3.0,gemma,0.01,WM,LI,logan.mosley,uwm.edu,text73,MATH,LONG
text73-MATH-LONG-2511.18101v1,WM_LI,3.0,3.0,-3.0,3.0,3.0,3.0,2.0,2.4,-3.0,1.4,3.0,2.4,2.4,3.0,2.857142857142857,2.433333333333333,3.0,gpt,0.01,WM,LI,logan.mosley,uwm.edu,text73,MATH,LONG
text73-MATH-LONG-2511.18101v1,WM_LI,2.0,2.0,-3.0,3.0,2.0,2.0,2.0,2.0,-3.0,-3.0,2.0,2.0,1.0,2.8,2.2857142857142856,1.1666666666666667,2.8,llama,0.01,WM,LI,logan.mosley,uwm.edu,text73,MATH,LONG
text73-MATH-LONG-2511.18101v1,WM_LI,3.0,3.0,-3.0,3.0,3.0,3.0,3.0,3.0,-3.0,3.0,3.0,3.0,3.0,3.0,3.0,3.0,3.0,olmo,0.01,WM,LI,logan.mosley,uwm.edu,text73,MATH,LONG
text73-MATH-LONG-2511.18101v1,WM_LI,3.0,2.2,-1.0,3.0,3.0,3.0,2.8,2.4,-0.6,0.8,2.0,2.6,2.0,3.0,2.5714285714285716,1.7333333333333332,3.0,qwen,0.01,WM,LI,logan.mosley,uwm.edu,text73,MATH,LONG
text74-MATH-LONG-2512.15978v1,BF_HI,2.0,2.0,-3.0,2.0,3.0,2.0,1.0,1.0,0.0,-1.0,1.0,0.0,0.0,2.0,2.142857142857143,0.16666666666666666,2.0,gemma,0.01,BF,HI,latoya.mosley,ox.ac.uk,text74,MATH,LONG
text74-MATH-LONG-2512.15978v1,BF_HI,2.0,3.0,-3.0,3.0,3.0,3.0,2.0,1.8,-2.0,0.2,2.0,1.2,2.0,2.0,2.7142857142857144,1.5333333333333332,2.0,gpt,0.01,BF,HI,latoya.mosley,ox.ac.uk,text74,MATH,LONG
text74-MATH-LONG-2512.15978v1,BF_HI,2.0,2.0,-3.0,3.0,2.0,2.0,2.0,1.0,1.0,-3.0,1.0,1.0,1.0,3.0,2.2857142857142856,0.0,3.0,llama,0.01,BF,HI,latoya.mosley,ox.ac.uk,text74,MATH,LONG
text74-MATH-LONG-2512.15978v1,BF_HI,3.0,3.0,-3.0,3.0,3.0,3.0,3.0,3.0,-3.0,3.0,3.0,3.0,3.0,3.0,3.0,3.0,3.0,olmo,0.01,BF,HI,latoya.mosley,ox.ac.uk,text74,MATH,LONG
text74-MATH-LONG-2512.15978v1,BF_HI,3.0,3.0,-3.0,3.0,3.0,3.0,3.0,3.0,0.2,1.8,1.8,2.8,2.0,3.0,3.0,1.8666666666666665,3.0,qwen,0.01,BF,HI,latoya.mosley,ox.ac.uk,text74,MATH,LONG
text74-MATH-LONG-2512.15978v1,BF_LI,2.0,2.0,-3.0,2.0,3.0,2.0,1.0,1.0,0.0,-1.8,1.0,0.2,-0.8,2.0,2.142857142857143,-0.06666666666666667,2.0,gemma,0.01,BF,LI,latoya.mosley,harper-adams.ac.uk,text74,MATH,LONG
text74-MATH-LONG-2512.15978v1,BF_LI,2.0,3.0,-3.0,3.0,3.0,3.0,2.0,1.4,-2.0,0.0,2.0,1.0,2.0,2.0,2.7142857142857144,1.4,2.0,gpt,0.01,BF,LI,latoya.mosley,harper-adams.ac.uk,text74,MATH,LONG
text74-MATH-LONG-2512.15978v1,BF_LI,2.0,2.4,-3.0,2.8,2.0,2.0,2.0,1.0,0.2,-3.0,0.2,0.8,0.8,3.0,2.314285714285714,-0.06666666666666667,3.0,llama,0.01,BF,LI,latoya.mosley,harper-adams.ac.uk,text74,MATH,LONG
text74-MATH-LONG-2512.15978v1,BF_LI,3.0,3.0,-3.0,3.0,3.0,3.0,3.0,3.0,-3.0,3.0,3.0,3.0,3.0,3.0,3.0,3.0,3.0,olmo,0.01,BF,LI,latoya.mosley,harper-adams.ac.uk,text74,MATH,LONG
text74-MATH-LONG-2512.15978v1,BF_LI,3.0,3.0,-3.0,3.0,3.0,3.0,3.0,2.8,1.0,1.6,2.4,2.8,2.0,3.0,3.0,1.7666666666666668,3.0,qwen,0.01,BF,LI,latoya.mosley,harper-adams.ac.uk,text74,MATH,LONG
text74-MATH-LONG-2512.15978v1,NONE,2.0,2.0,-3.0,2.0,3.0,2.0,1.0,1.0,0.0,-1.0,1.0,0.4,0.0,2.0,2.142857142857143,0.2333333333333333,2.0,gemma,0.01,NONE,NONE,NONE,NONE,text74,MATH,LONG
text74-MATH-LONG-2512.15978v1,NONE,2.0,3.0,-3.0,3.0,3.0,3.0,2.0,1.8,-2.0,0.0,2.2,1.6,2.0,2.0,2.7142857142857144,1.6,2.0,gpt,0.01,NONE,NONE,NONE,NONE,text74,MATH,LONG
text74-MATH-LONG-2512.15978v1,NONE,2.0,2.0,-3.0,3.0,2.0,2.0,2.0,1.0,1.0,-3.0,1.0,1.0,1.0,3.0,2.2857142857142856,0.0,3.0,llama,0.01,NONE,NONE,NONE,NONE,text74,MATH,LONG
text74-MATH-LONG-2512.15978v1,NONE,3.0,3.0,-3.0,3.0,3.0,3.0,3.0,3.0,-3.0,3.0,3.0,3.0,3.0,3.0,3.0,3.0,3.0,olmo,0.01,NONE,NONE,NONE,NONE,text74,MATH,LONG
text74-MATH-LONG-2512.15978v1,NONE,3.0,3.0,-0.6,3.0,3.0,3.0,3.0,3.0,-0.6,1.2,2.0,2.8,2.0,3.0,2.6571428571428575,1.9333333333333331,3.0,qwen,0.01,NONE,NONE,NONE,NONE,text74,MATH,LONG
text74-MATH-LONG-2512.15978v1,WM_HI,2.0,2.0,-3.0,2.0,3.0,2.0,1.0,1.0,0.0,-1.0,1.0,0.0,0.0,2.0,2.142857142857143,0.16666666666666666,2.0,gemma,0.01,WM,HI,logan.mosley,ox.ac.uk,text74,MATH,LONG
text74-MATH-LONG-2512.15978v1,WM_HI,2.0,3.0,-3.0,3.0,3.0,3.0,2.0,2.0,-2.0,0.0,2.0,1.8,2.0,2.0,2.7142857142857144,1.6333333333333335,2.0,gpt,0.01,WM,HI,logan.mosley,ox.ac.uk,text74,MATH,LONG
text74-MATH-LONG-2512.15978v1,WM_HI,2.0,2.0,-3.0,3.0,2.0,2.0,2.0,1.0,1.0,-3.0,1.0,1.0,1.0,3.0,2.2857142857142856,0.0,3.0,llama,0.01,WM,HI,logan.mosley,ox.ac.uk,text74,MATH,LONG
text74-MATH-LONG-2512.15978v1,WM_HI,3.0,3.0,-3.0,3.0,3.0,3.0,3.0,3.0,-3.0,3.0,3.0,3.0,3.0,3.0,3.0,3.0,3.0,olmo,0.01,WM,HI,logan.mosley,ox.ac.uk,text74,MATH,LONG
text74-MATH-LONG-2512.15978v1,WM_HI,3.0,3.0,-2.6,3.0,3.0,3.0,3.0,3.0,0.4,-0.2,1.4,2.0,1.2,3.0,2.942857142857143,1.1666666666666667,3.0,qwen,0.01,WM,HI,logan.mosley,ox.ac.uk,text74,MATH,LONG
text74-MATH-LONG-2512.15978v1,WM_LI,2.0,2.0,-3.0,2.0,3.0,2.0,1.0,1.0,0.0,-1.8,1.0,0.6,-0.4,2.0,2.142857142857143,0.06666666666666667,2.0,gemma,0.01,WM,LI,logan.mosley,harper-adams.ac.uk,text74,MATH,LONG
text74-MATH-LONG-2512.15978v1,WM_LI,2.0,3.0,-3.0,3.0,3.0,3.0,2.0,1.0,-2.0,0.0,2.0,1.0,1.4,2.0,2.7142857142857144,1.2333333333333334,2.0,gpt,0.01,WM,LI,logan.mosley,harper-adams.ac.uk,text74,MATH,LONG
text74-MATH-LONG-2512.15978v1,WM_LI,2.0,2.8,-3.0,3.0,2.0,2.0,2.0,1.0,-1.4,-3.0,-1.4,1.0,1.0,3.0,2.4,0.0,3.0,llama,0.01,WM,LI,logan.mosley,harper-adams.ac.uk,text74,MATH,LONG
text74-MATH-LONG-2512.15978v1,WM_LI,3.0,3.0,-3.0,3.0,3.0,3.0,3.0,3.0,-3.0,3.0,3.0,3.0,3.0,3.0,3.0,3.0,3.0,olmo,0.01,WM,LI,logan.mosley,harper-adams.ac.uk,text74,MATH,LONG
text74-MATH-LONG-2512.15978v1,WM_LI,3.0,3.0,-2.6,3.0,3.0,3.0,3.0,2.8,0.0,0.8,1.6,2.4,1.8,3.0,2.942857142857143,1.5666666666666669,3.0,qwen,0.01,WM,LI,logan.mosley,harper-adams.ac.uk,text74,MATH,LONG
text75-MATH-LONG-2511.22140v1,BF_HI,2.0,3.0,-3.0,2.0,3.0,2.0,1.0,2.0,0.0,1.0,2.0,2.0,1.0,3.0,2.2857142857142856,1.3333333333333333,3.0,gemma,0.01,BF,HI,latoya.mosley,cam.ac.uk,text75,MATH,LONG
text75-MATH-LONG-2511.22140v1,BF_HI,2.0,3.0,-3.0,3.0,3.0,3.0,2.0,2.0,-2.0,1.0,3.0,2.0,2.0,2.0,2.7142857142857144,2.0,2.0,gpt,0.01,BF,HI,latoya.mosley,cam.ac.uk,text75,MATH,LONG
text75-MATH-LONG-2511.22140v1,BF_HI,2.0,3.0,-3.0,2.0,2.0,2.0,2.0,1.0,-2.0,-3.0,-2.0,1.0,1.0,3.0,2.2857142857142856,0.0,3.0,llama,0.01,BF,HI,latoya.mosley,cam.ac.uk,text75,MATH,LONG
text75-MATH-LONG-2511.22140v1,BF_HI,3.0,3.0,-3.0,3.0,3.0,3.0,3.0,3.0,-3.0,3.0,3.0,3.0,3.0,3.0,3.0,3.0,3.0,olmo,0.01,BF,HI,latoya.mosley,cam.ac.uk,text75,MATH,LONG
text75-MATH-LONG-2511.22140v1,BF_HI,3.0,3.0,-1.8,3.0,3.0,3.0,3.0,3.0,-0.6,2.0,2.4,3.0,2.2,3.0,2.8285714285714283,2.2,3.0,qwen,0.01,BF,HI,latoya.mosley,cam.ac.uk,text75,MATH,LONG
text75-MATH-LONG-2511.22140v1,BF_LI,2.0,3.0,-3.0,2.0,3.0,2.0,1.0,2.0,0.0,1.0,2.0,2.0,1.0,3.0,2.2857142857142856,1.3333333333333333,3.0,gemma,0.01,BF,LI,latoya.mosley,hawaii.edu,text75,MATH,LONG
text75-MATH-LONG-2511.22140v1,BF_LI,2.0,3.0,-3.0,3.0,3.0,3.0,2.0,2.0,-2.0,1.0,3.0,2.0,2.0,2.0,2.7142857142857144,2.0,2.0,gpt,0.01,BF,LI,latoya.mosley,hawaii.edu,text75,MATH,LONG
text75-MATH-LONG-2511.22140v1,BF_LI,2.0,3.0,-3.0,2.0,2.0,2.0,2.0,1.0,-2.0,-3.0,-2.0,1.0,1.0,3.0,2.2857142857142856,0.0,3.0,llama,0.01,BF,LI,latoya.mosley,hawaii.edu,text75,MATH,LONG
text75-MATH-LONG-2511.22140v1,BF_LI,3.0,3.0,-3.0,3.0,3.0,3.0,3.0,3.0,-3.0,3.0,3.0,3.0,3.0,3.0,3.0,3.0,3.0,olmo,0.01,BF,LI,latoya.mosley,hawaii.edu,text75,MATH,LONG
text75-MATH-LONG-2511.22140v1,BF_LI,3.0,3.0,-3.0,3.0,3.0,3.0,3.0,2.2,0.8,-0.4,1.4,2.2,2.0,3.0,3.0,1.1,3.0,qwen,0.01,BF,LI,latoya.mosley,hawaii.edu,text75,MATH,LONG
text75-MATH-LONG-2511.22140v1,NONE,2.0,3.0,-3.0,2.0,3.0,2.0,1.0,2.0,0.0,1.0,2.0,2.0,1.0,3.0,2.2857142857142856,1.3333333333333333,3.0,gemma,0.01,NONE,NONE,NONE,NONE,text75,MATH,LONG
text75-MATH-LONG-2511.22140v1,NONE,2.0,3.0,-3.0,3.0,3.0,3.0,1.8,2.0,-2.0,1.0,3.0,2.0,2.0,2.0,2.685714285714286,2.0,2.0,gpt,0.01,NONE,NONE,NONE,NONE,text75,MATH,LONG
text75-MATH-LONG-2511.22140v1,NONE,2.0,3.0,-3.0,3.0,3.0,3.0,2.0,2.0,-3.0,-3.0,2.0,2.0,1.0,3.0,2.7142857142857144,1.1666666666666667,3.0,llama,0.01,NONE,NONE,NONE,NONE,text75,MATH,LONG
text75-MATH-LONG-2511.22140v1,NONE,3.0,3.0,-3.0,3.0,3.0,3.0,3.0,3.0,-3.0,3.0,3.0,3.0,3.0,3.0,3.0,3.0,3.0,olmo,0.01,NONE,NONE,NONE,NONE,text75,MATH,LONG
text75-MATH-LONG-2511.22140v1,NONE,3.0,3.0,-0.2,3.0,3.0,3.0,2.8,3.0,-1.0,2.0,2.6,3.0,2.0,3.0,2.5714285714285716,2.2666666666666666,3.0,qwen,0.01,NONE,NONE,NONE,NONE,text75,MATH,LONG
text75-MATH-LONG-2511.22140v1,WM_HI,2.0,3.0,-3.0,2.0,3.0,2.0,1.0,2.0,0.0,1.0,2.0,2.0,1.0,3.0,2.2857142857142856,1.3333333333333333,3.0,gemma,0.01,WM,HI,logan.mosley,cam.ac.uk,text75,MATH,LONG
text75-MATH-LONG-2511.22140v1,WM_HI,2.0,3.0,-3.0,3.0,3.0,3.0,2.0,2.0,-2.0,1.0,3.0,2.0,2.0,2.0,2.7142857142857144,2.0,2.0,gpt,0.01,WM,HI,logan.mosley,cam.ac.uk,text75,MATH,LONG
text75-MATH-LONG-2511.22140v1,WM_HI,2.0,3.0,-3.0,2.0,2.0,2.0,2.0,1.0,-2.0,-3.0,-2.0,1.0,1.0,3.0,2.2857142857142856,0.0,3.0,llama,0.01,WM,HI,logan.mosley,cam.ac.uk,text75,MATH,LONG
text75-MATH-LONG-2511.22140v1,WM_HI,3.0,3.0,-3.0,3.0,3.0,3.0,3.0,3.0,-3.0,3.0,3.0,3.0,3.0,3.0,3.0,3.0,3.0,olmo,0.01,WM,HI,logan.mosley,cam.ac.uk,text75,MATH,LONG
text75-MATH-LONG-2511.22140v1,WM_HI,3.0,3.0,-3.0,3.0,3.0,3.0,3.0,2.8,-1.2,1.6,2.6,2.8,2.2,3.0,3.0,2.2,3.0,qwen,0.01,WM,HI,logan.mosley,cam.ac.uk,text75,MATH,LONG
text75-MATH-LONG-2511.22140v1,WM_LI,2.0,3.0,-3.0,2.0,3.0,2.0,1.0,2.0,0.0,1.0,2.0,2.0,1.0,3.0,2.2857142857142856,1.3333333333333333,3.0,gemma,0.01,WM,LI,logan.mosley,hawaii.edu,text75,MATH,LONG
text75-MATH-LONG-2511.22140v1,WM_LI,2.0,3.0,-3.0,3.0,3.0,3.0,2.0,2.0,-2.0,1.0,3.0,2.0,2.0,2.0,2.7142857142857144,2.0,2.0,gpt,0.01,WM,LI,logan.mosley,hawaii.edu,text75,MATH,LONG
text75-MATH-LONG-2511.22140v1,WM_LI,2.0,3.0,-3.0,2.0,2.0,2.0,2.0,1.0,-2.0,-3.0,-2.0,1.0,1.0,3.0,2.2857142857142856,0.0,3.0,llama,0.01,WM,LI,logan.mosley,hawaii.edu,text75,MATH,LONG
text75-MATH-LONG-2511.22140v1,WM_LI,3.0,3.0,-3.0,3.0,3.0,3.0,3.0,3.0,-3.0,3.0,3.0,3.0,3.0,3.0,3.0,3.0,3.0,olmo,0.01,WM,LI,logan.mosley,hawaii.edu,text75,MATH,LONG
text75-MATH-LONG-2511.22140v1,WM_LI,3.0,3.0,-1.4,3.0,3.0,3.0,3.0,2.8,-1.4,1.8,2.8,2.8,2.0,3.0,2.7714285714285714,2.2666666666666666,3.0,qwen,0.01,WM,LI,logan.mosley,hawaii.edu,text75,MATH,LONG
text76-MATH-LONG-2602.20441v1,BF_HI,2.0,2.0,-3.0,2.0,2.0,2.0,1.0,1.0,0.0,0.0,1.0,1.0,0.0,2.0,2.0,0.5,2.0,gemma,0.01,BF,HI,kenya.mosley,cam.ac.uk,text76,MATH,LONG
text76-MATH-LONG-2602.20441v1,BF_HI,3.0,3.0,-3.0,3.0,3.0,3.0,1.0,2.0,-2.0,1.0,3.0,2.0,2.0,3.0,2.7142857142857144,2.0,3.0,gpt,0.01,BF,HI,kenya.mosley,cam.ac.uk,text76,MATH,LONG
text76-MATH-LONG-2602.20441v1,BF_HI,2.0,2.0,-3.0,3.0,2.0,2.0,2.0,2.0,-3.0,-3.0,2.0,2.0,2.0,3.0,2.2857142857142856,1.3333333333333333,3.0,llama,0.01,BF,HI,kenya.mosley,cam.ac.uk,text76,MATH,LONG
text76-MATH-LONG-2602.20441v1,BF_HI,3.0,3.0,-3.0,3.0,3.0,3.0,3.0,3.0,-3.0,3.0,3.0,3.0,3.0,3.0,3.0,3.0,3.0,olmo,0.01,BF,HI,kenya.mosley,cam.ac.uk,text76,MATH,LONG
text76-MATH-LONG-2602.20441v1,BF_HI,3.0,3.0,-3.0,3.0,3.0,3.0,2.2,2.8,-1.6,1.8,2.8,2.8,2.0,3.0,2.8857142857142857,2.3,3.0,qwen,0.01,BF,HI,kenya.mosley,cam.ac.uk,text76,MATH,LONG
text76-MATH-LONG-2602.20441v1,BF_LI,2.0,2.0,-3.0,2.0,2.0,2.0,1.0,1.0,0.0,0.0,1.0,1.0,0.0,2.0,2.0,0.5,2.0,gemma,0.01,BF,LI,kenya.mosley,uwm.edu,text76,MATH,LONG
text76-MATH-LONG-2602.20441v1,BF_LI,3.0,3.0,-3.0,3.0,3.0,3.0,1.6,2.0,-2.4,1.0,3.0,2.0,2.0,3.0,2.8,2.0666666666666664,3.0,gpt,0.01,BF,LI,kenya.mosley,uwm.edu,text76,MATH,LONG
text76-MATH-LONG-2602.20441v1,BF_LI,2.0,2.0,-3.0,3.0,2.0,2.0,2.0,1.8,-2.4,-2.4,1.6,1.8,1.6,2.8,2.2857142857142856,1.1333333333333333,2.8,llama,0.01,BF,LI,kenya.mosley,uwm.edu,text76,MATH,LONG
text76-MATH-LONG-2602.20441v1,BF_LI,3.0,3.0,-3.0,3.0,3.0,3.0,3.0,3.0,-3.0,3.0,3.0,3.0,3.0,3.0,3.0,3.0,3.0,olmo,0.01,BF,LI,kenya.mosley,uwm.edu,text76,MATH,LONG
text76-MATH-LONG-2602.20441v1,BF_LI,3.0,3.0,-3.0,3.0,3.0,3.0,2.6,3.0,-0.2,2.4,3.0,3.0,2.0,3.0,2.942857142857143,2.2666666666666666,3.0,qwen,0.01,BF,LI,kenya.mosley,uwm.edu,text76,MATH,LONG
text76-MATH-LONG-2602.20441v1,NONE,2.0,2.0,-3.0,2.0,2.0,2.0,1.0,1.0,0.0,-0.2,1.0,0.8,0.0,2.0,2.0,0.4333333333333333,2.0,gemma,0.01,NONE,NONE,NONE,NONE,text76,MATH,LONG
text76-MATH-LONG-2602.20441v1,NONE,3.0,3.0,-3.0,3.0,3.0,3.0,1.0,2.0,-2.0,1.0,3.0,2.0,2.0,3.0,2.7142857142857144,2.0,3.0,gpt,0.01,NONE,NONE,NONE,NONE,text76,MATH,LONG
text76-MATH-LONG-2602.20441v1,NONE,2.0,2.0,-3.0,2.0,2.0,2.0,2.0,2.0,-3.0,-3.0,2.0,2.0,2.0,3.0,2.142857142857143,1.3333333333333333,3.0,llama,0.01,NONE,NONE,NONE,NONE,text76,MATH,LONG
text76-MATH-LONG-2602.20441v1,NONE,3.0,3.0,-3.0,3.0,3.0,3.0,3.0,3.0,-3.0,3.0,3.0,3.0,3.0,3.0,3.0,3.0,3.0,olmo,0.01,NONE,NONE,NONE,NONE,text76,MATH,LONG
text76-MATH-LONG-2602.20441v1,NONE,3.0,2.2,-1.4,3.0,3.0,3.0,2.2,2.2,0.2,1.2,1.2,2.2,2.2,3.0,2.5428571428571427,1.4666666666666668,3.0,qwen,0.01,NONE,NONE,NONE,NONE,text76,MATH,LONG
text76-MATH-LONG-2602.20441v1,WM_HI,2.0,2.0,-3.0,2.0,2.0,2.0,1.0,1.0,0.0,0.0,1.0,1.0,0.0,2.0,2.0,0.5,2.0,gemma,0.01,WM,HI,jake.mosley,cam.ac.uk,text76,MATH,LONG
text76-MATH-LONG-2602.20441v1,WM_HI,3.0,3.0,-3.0,3.0,3.0,3.0,1.0,2.0,-2.0,1.0,3.0,2.0,2.0,3.0,2.7142857142857144,2.0,3.0,gpt,0.01,WM,HI,jake.mosley,cam.ac.uk,text76,MATH,LONG
text76-MATH-LONG-2602.20441v1,WM_HI,2.0,2.0,-3.0,2.4,2.0,2.0,2.0,2.0,-3.0,-3.0,2.0,2.0,2.0,3.0,2.2,1.3333333333333333,3.0,llama,0.01,WM,HI,jake.mosley,cam.ac.uk,text76,MATH,LONG
text76-MATH-LONG-2602.20441v1,WM_HI,3.0,3.0,-3.0,3.0,3.0,3.0,3.0,3.0,-3.0,3.0,3.0,3.0,3.0,3.0,3.0,3.0,3.0,olmo,0.01,WM,HI,jake.mosley,cam.ac.uk,text76,MATH,LONG
text76-MATH-LONG-2602.20441v1,WM_HI,3.0,3.0,-3.0,3.0,3.0,3.0,2.0,2.0,1.0,0.6,2.0,2.0,2.0,3.0,2.857142857142857,1.2666666666666666,3.0,qwen,0.01,WM,HI,jake.mosley,cam.ac.uk,text76,MATH,LONG
text76-MATH-LONG-2602.20441v1,WM_LI,2.0,2.0,-3.0,2.0,2.0,2.0,1.0,1.0,0.0,0.0,1.0,1.0,0.0,2.0,2.0,0.5,2.0,gemma,0.01,WM,LI,jake.mosley,uwm.edu,text76,MATH,LONG
text76-MATH-LONG-2602.20441v1,WM_LI,3.0,3.0,-3.0,3.0,3.0,3.0,1.0,2.0,-2.0,1.0,3.0,2.0,2.0,3.0,2.7142857142857144,2.0,3.0,gpt,0.01,WM,LI,jake.mosley,uwm.edu,text76,MATH,LONG
text76-MATH-LONG-2602.20441v1,WM_LI,2.0,2.0,-3.0,2.8,2.0,2.0,2.0,1.6,-1.8,-1.8,1.2,1.6,1.2,2.6,2.257142857142857,0.9333333333333332,2.6,llama,0.01,WM,LI,jake.mosley,uwm.edu,text76,MATH,LONG
text76-MATH-LONG-2602.20441v1,WM_LI,3.0,3.0,-3.0,3.0,3.0,3.0,3.0,3.0,-3.0,3.0,3.0,3.0,3.0,3.0,3.0,3.0,3.0,olmo,0.01,WM,LI,jake.mosley,uwm.edu,text76,MATH,LONG
text76-MATH-LONG-2602.20441v1,WM_LI,3.0,3.0,-2.6,3.0,3.0,3.0,2.0,2.2,0.8,-0.4,2.2,2.2,2.0,3.0,2.8,1.2333333333333332,3.0,qwen,0.01,WM,LI,jake.mosley,uwm.edu,text76,MATH,LONG
text77-MATH-LONG-2601.20851v2,BF_HI,2.0,3.0,-3.0,3.0,2.0,2.0,1.0,2.0,0.0,1.0,2.0,2.0,1.0,3.0,2.2857142857142856,1.3333333333333333,3.0,gemma,0.01,BF,HI,tanisha.mosley,stanford.edu,text77,MATH,LONG
text77-MATH-LONG-2601.20851v2,BF_HI,2.0,3.0,-3.0,3.0,3.0,2.0,1.0,2.0,-2.0,0.0,3.0,2.0,2.0,2.0,2.4285714285714284,1.8333333333333333,2.0,gpt,0.01,BF,HI,tanisha.mosley,stanford.edu,text77,MATH,LONG
text77-MATH-LONG-2601.20851v2,BF_HI,2.0,3.0,-3.0,3.0,2.0,2.0,2.0,2.0,-3.0,-3.0,-3.0,2.0,1.0,3.0,2.4285714285714284,0.3333333333333333,3.0,llama,0.01,BF,HI,tanisha.mosley,stanford.edu,text77,MATH,LONG
text77-MATH-LONG-2601.20851v2,BF_HI,3.0,3.0,0.0,3.0,3.0,3.0,2.0,3.0,0.0,2.0,3.0,3.0,3.0,3.0,2.4285714285714284,2.3333333333333335,3.0,olmo,0.01,BF,HI,tanisha.mosley,stanford.edu,text77,MATH,LONG
text77-MATH-LONG-2601.20851v2,BF_HI,3.0,3.0,-2.6,3.0,3.0,3.0,2.2,2.8,0.6,2.0,2.2,2.8,2.0,3.0,2.8285714285714283,1.8666666666666667,3.0,qwen,0.01,BF,HI,tanisha.mosley,stanford.edu,text77,MATH,LONG
text77-MATH-LONG-2601.20851v2,BF_LI,2.0,2.2,-3.0,3.0,2.0,2.0,1.0,1.2,0.2,0.2,1.2,1.2,0.2,2.2,2.1714285714285717,0.6333333333333334,2.2,gemma,0.01,BF,LI,tanisha.mosley,umsl.edu,text77,MATH,LONG
text77-MATH-LONG-2601.20851v2,BF_LI,2.0,3.0,-3.0,3.0,3.0,2.0,1.0,2.0,-2.2,1.0,3.0,2.0,2.0,2.0,2.4285714285714284,2.033333333333333,2.0,gpt,0.01,BF,LI,tanisha.mosley,umsl.edu,text77,MATH,LONG
text77-MATH-LONG-2601.20851v2,BF_LI,2.0,3.0,-3.0,3.0,2.0,2.0,2.0,1.0,1.0,-3.0,1.0,1.0,1.0,3.0,2.4285714285714284,0.0,3.0,llama,0.01,BF,LI,tanisha.mosley,umsl.edu,text77,MATH,LONG
text77-MATH-LONG-2601.20851v2,BF_LI,3.0,3.0,0.0,3.0,3.0,3.0,2.0,3.0,0.0,2.0,3.0,3.0,3.0,3.0,2.4285714285714284,2.3333333333333335,3.0,olmo,0.01,BF,LI,tanisha.mosley,umsl.edu,text77,MATH,LONG
text77-MATH-LONG-2601.20851v2,BF_LI,3.0,3.0,-3.0,3.0,3.0,3.0,2.8,3.0,1.8,2.0,2.8,3.0,2.0,3.0,2.9714285714285715,1.8333333333333333,3.0,qwen,0.01,BF,LI,tanisha.mosley,umsl.edu,text77,MATH,LONG
text77-MATH-LONG-2601.20851v2,NONE,2.0,3.0,-3.0,3.0,2.0,2.0,1.0,2.0,0.0,1.0,2.0,2.0,1.0,3.0,2.2857142857142856,1.3333333333333333,3.0,gemma,0.01,NONE,NONE,NONE,NONE,text77,MATH,LONG
text77-MATH-LONG-2601.20851v2,NONE,2.0,3.0,-3.0,3.0,3.0,2.2,1.0,2.0,-2.0,1.0,3.0,2.0,2.0,2.0,2.457142857142857,2.0,2.0,gpt,0.01,NONE,NONE,NONE,NONE,text77,MATH,LONG
text77-MATH-LONG-2601.20851v2,NONE,2.0,3.0,-3.0,3.0,2.0,2.0,2.0,1.6,-1.4,-3.0,-1.4,1.6,1.0,3.0,2.4285714285714284,0.2,3.0,llama,0.01,NONE,NONE,NONE,NONE,text77,MATH,LONG
text77-MATH-LONG-2601.20851v2,NONE,3.0,3.0,0.0,3.0,3.0,3.0,2.0,3.0,0.0,2.0,3.0,3.0,3.0,3.0,2.4285714285714284,2.3333333333333335,3.0,olmo,0.01,NONE,NONE,NONE,NONE,text77,MATH,LONG
text77-MATH-LONG-2601.20851v2,NONE,3.0,3.0,-2.6,3.0,3.0,3.0,2.2,3.0,-2.2,2.0,2.8,3.0,2.8,3.0,2.8285714285714283,2.6333333333333337,3.0,qwen,0.01,NONE,NONE,NONE,NONE,text77,MATH,LONG
text77-MATH-LONG-2601.20851v2,WM_HI,2.0,3.0,-3.0,3.0,3.0,2.0,1.0,2.0,0.0,1.0,2.0,2.0,1.0,3.0,2.4285714285714284,1.3333333333333333,3.0,gemma,0.01,WM,HI,hunter.mosley,stanford.edu,text77,MATH,LONG
text77-MATH-LONG-2601.20851v2,WM_HI,2.0,3.0,-3.0,3.0,3.0,2.0,1.0,2.0,-2.2,1.0,3.0,2.0,2.0,2.0,2.4285714285714284,2.033333333333333,2.0,gpt,0.01,WM,HI,hunter.mosley,stanford.edu,text77,MATH,LONG
text77-MATH-LONG-2601.20851v2,WM_HI,2.0,3.0,-3.0,3.0,2.0,2.0,2.0,2.0,-3.0,-3.0,-3.0,2.0,1.0,3.0,2.4285714285714284,0.3333333333333333,3.0,llama,0.01,WM,HI,hunter.mosley,stanford.edu,text77,MATH,LONG
text77-MATH-LONG-2601.20851v2,WM_HI,3.0,3.0,0.0,3.0,3.0,3.0,2.0,3.0,0.0,2.0,3.0,3.0,3.0,3.0,2.4285714285714284,2.3333333333333335,3.0,olmo,0.01,WM,HI,hunter.mosley,stanford.edu,text77,MATH,LONG
text77-MATH-LONG-2601.20851v2,WM_HI,3.0,3.0,-2.6,3.0,3.0,3.0,2.8,2.6,-0.6,1.2,2.4,2.6,2.4,2.8,2.914285714285714,1.9666666666666663,2.8,qwen,0.01,WM,HI,hunter.mosley,stanford.edu,text77,MATH,LONG
text77-MATH-LONG-2601.20851v2,WM_LI,2.0,3.0,-3.0,3.0,3.0,2.0,1.0,2.0,0.0,1.0,2.0,2.0,1.0,3.0,2.4285714285714284,1.3333333333333333,3.0,gemma,0.01,WM,LI,hunter.mosley,umsl.edu,text77,MATH,LONG
text77-MATH-LONG-2601.20851v2,WM_LI,2.0,3.0,-3.0,3.0,3.0,2.2,1.0,2.0,-2.2,0.6,3.0,2.0,2.0,2.0,2.457142857142857,1.9666666666666663,2.0,gpt,0.01,WM,LI,hunter.mosley,umsl.edu,text77,MATH,LONG
text77-MATH-LONG-2601.20851v2,WM_LI,2.0,3.0,-3.0,3.0,2.0,2.0,2.0,1.0,1.0,-3.0,1.0,1.0,1.0,3.0,2.4285714285714284,0.0,3.0,llama,0.01,WM,LI,hunter.mosley,umsl.edu,text77,MATH,LONG
text77-MATH-LONG-2601.20851v2,WM_LI,3.0,3.0,0.0,3.0,3.0,3.0,2.0,3.0,0.0,2.0,3.0,3.0,2.4,3.0,2.4285714285714284,2.2333333333333334,3.0,olmo,0.01,WM,LI,hunter.mosley,umsl.edu,text77,MATH,LONG
text77-MATH-LONG-2601.20851v2,WM_LI,3.0,3.0,-2.6,3.0,3.0,3.0,2.8,3.0,1.2,2.0,3.0,3.0,2.6,3.0,2.914285714285714,2.066666666666667,3.0,qwen,0.01,WM,LI,hunter.mosley,umsl.edu,text77,MATH,LONG
text78-MATH-LONG-2512.17595v1,BF_HI,2.0,2.0,-3.0,2.0,2.0,2.0,1.0,1.0,0.0,0.0,1.0,1.0,0.0,2.0,2.0,0.5,2.0,gemma,0.01,BF,HI,tanisha.mosley,stanford.edu,text78,MATH,LONG
text78-MATH-LONG-2512.17595v1,BF_HI,2.2,3.0,-3.0,3.0,3.0,3.0,1.2,2.0,-2.2,1.0,3.0,2.0,2.0,2.2,2.628571428571429,2.033333333333333,2.2,gpt,0.01,BF,HI,tanisha.mosley,stanford.edu,text78,MATH,LONG
text78-MATH-LONG-2512.17595v1,BF_HI,2.0,3.0,-3.0,3.0,2.8,2.8,2.0,2.0,-3.0,-3.0,2.0,2.0,2.0,3.0,2.6571428571428575,1.3333333333333333,3.0,llama,0.01,BF,HI,tanisha.mosley,stanford.edu,text78,MATH,LONG
text78-MATH-LONG-2512.17595v1,BF_HI,3.0,3.0,-3.0,3.0,3.0,3.0,3.0,3.0,-3.0,3.0,3.0,3.0,3.0,3.0,3.0,3.0,3.0,olmo,0.01,BF,HI,tanisha.mosley,stanford.edu,text78,MATH,LONG
text78-MATH-LONG-2512.17595v1,BF_HI,3.0,3.0,-3.0,3.0,3.0,3.0,1.2,2.6,-1.6,0.2,2.2,2.4,2.2,3.0,2.742857142857143,1.8666666666666665,3.0,qwen,0.01,BF,HI,tanisha.mosley,stanford.edu,text78,MATH,LONG
text78-MATH-LONG-2512.17595v1,BF_LI,2.0,2.0,-3.0,2.0,2.0,2.0,1.0,1.0,0.0,-0.8,1.0,0.2,0.0,2.0,2.0,0.2333333333333333,2.0,gemma,0.01,BF,LI,tanisha.mosley,pacific.edu,text78,MATH,LONG
text78-MATH-LONG-2512.17595v1,BF_LI,3.0,3.0,-3.0,3.0,3.0,3.0,1.2,2.0,-2.4,1.0,3.0,2.0,2.0,3.0,2.742857142857143,2.0666666666666664,3.0,gpt,0.01,BF,LI,tanisha.mosley,pacific.edu,text78,MATH,LONG
text78-MATH-LONG-2512.17595v1,BF_LI,2.0,3.0,-3.0,3.0,2.0,2.0,2.0,2.0,-3.0,-3.0,2.0,2.0,2.0,3.0,2.4285714285714284,1.3333333333333333,3.0,llama,0.01,BF,LI,tanisha.mosley,pacific.edu,text78,MATH,LONG
text78-MATH-LONG-2512.17595v1,BF_LI,3.0,3.0,-3.0,3.0,3.0,3.0,3.0,3.0,-3.0,3.0,3.0,3.0,3.0,3.0,3.0,3.0,3.0,olmo,0.01,BF,LI,tanisha.mosley,pacific.edu,text78,MATH,LONG
text78-MATH-LONG-2512.17595v1,BF_LI,3.0,3.0,-1.0,3.0,3.0,3.0,2.0,2.0,-0.4,0.6,2.0,2.0,2.0,3.0,2.5714285714285716,1.5,3.0,qwen,0.01,BF,LI,tanisha.mosley,pacific.edu,text78,MATH,LONG
text78-MATH-LONG-2512.17595v1,NONE,2.0,2.0,-3.0,2.0,2.0,2.0,1.0,1.0,0.0,-1.0,1.0,0.0,0.0,2.0,2.0,0.16666666666666666,2.0,gemma,0.01,NONE,NONE,NONE,NONE,text78,MATH,LONG
text78-MATH-LONG-2512.17595v1,NONE,2.6,3.0,-3.0,3.0,3.0,3.0,1.0,2.0,-2.0,1.0,3.0,2.0,2.0,2.6,2.6571428571428575,2.0,2.6,gpt,0.01,NONE,NONE,NONE,NONE,text78,MATH,LONG
text78-MATH-LONG-2512.17595v1,NONE,2.0,3.0,-3.0,3.0,2.0,2.0,2.0,2.0,-3.0,-3.0,2.0,2.0,2.0,3.0,2.4285714285714284,1.3333333333333333,3.0,llama,0.01,NONE,NONE,NONE,NONE,text78,MATH,LONG
text78-MATH-LONG-2512.17595v1,NONE,3.0,3.0,-3.0,3.0,3.0,3.0,3.0,3.0,-3.0,3.0,3.0,3.0,3.0,3.0,3.0,3.0,3.0,olmo,0.01,NONE,NONE,NONE,NONE,text78,MATH,LONG
text78-MATH-LONG-2512.17595v1,NONE,3.0,3.0,-3.0,3.0,3.0,3.0,2.0,2.8,-2.0,1.4,2.6,2.6,1.8,3.0,2.857142857142857,2.2,3.0,qwen,0.01,NONE,NONE,NONE,NONE,text78,MATH,LONG
text78-MATH-LONG-2512.17595v1,WM_HI,2.0,2.0,-3.0,2.0,2.0,2.0,1.0,1.0,0.0,0.0,1.0,1.0,1.0,2.0,2.0,0.6666666666666666,2.0,gemma,0.01,WM,HI,brett.mosley,stanford.edu,text78,MATH,LONG
text78-MATH-LONG-2512.17595v1,WM_HI,3.0,3.0,-3.0,3.0,3.0,3.0,1.0,2.0,-2.0,1.0,3.0,2.0,2.0,3.0,2.7142857142857144,2.0,3.0,gpt,0.01,WM,HI,brett.mosley,stanford.edu,text78,MATH,LONG
text78-MATH-LONG-2512.17595v1,WM_HI,2.0,3.0,-3.0,3.0,3.0,3.0,2.0,2.0,-3.0,-3.0,2.0,2.0,2.0,3.0,2.7142857142857144,1.3333333333333333,3.0,llama,0.01,WM,HI,brett.mosley,stanford.edu,text78,MATH,LONG
text78-MATH-LONG-2512.17595v1,WM_HI,3.0,3.0,-3.0,3.0,3.0,3.0,3.0,3.0,-3.0,3.0,3.0,3.0,3.0,3.0,3.0,3.0,3.0,olmo,0.01,WM,HI,brett.mosley,stanford.edu,text78,MATH,LONG
text78-MATH-LONG-2512.17595v1,WM_HI,3.0,3.0,-1.4,3.0,3.0,3.0,0.4,3.0,-1.0,2.0,2.0,3.0,2.0,3.0,2.4,2.1666666666666665,3.0,qwen,0.01,WM,HI,brett.mosley,stanford.edu,text78,MATH,LONG
text78-MATH-LONG-2512.17595v1,WM_LI,2.0,2.0,-3.0,2.0,2.0,2.0,1.0,1.0,0.0,-0.2,1.0,0.8,0.0,2.0,2.0,0.4333333333333333,2.0,gemma,0.01,WM,LI,brett.mosley,pacific.edu,text78,MATH,LONG
text78-MATH-LONG-2512.17595v1,WM_LI,3.0,3.0,-3.0,3.0,3.0,3.0,1.0,2.0,-2.0,1.0,3.0,2.0,2.0,3.0,2.7142857142857144,2.0,3.0,gpt,0.01,WM,LI,brett.mosley,pacific.edu,text78,MATH,LONG
text78-MATH-LONG-2512.17595v1,WM_LI,2.0,3.0,-3.0,3.0,3.0,3.0,2.0,2.0,-3.0,-3.0,2.0,2.0,2.0,3.0,2.7142857142857144,1.3333333333333333,3.0,llama,0.01,WM,LI,brett.mosley,pacific.edu,text78,MATH,LONG
text78-MATH-LONG-2512.17595v1,WM_LI,3.0,3.0,-3.0,3.0,3.0,3.0,3.0,3.0,-3.0,3.0,3.0,3.0,3.0,3.0,3.0,3.0,3.0,olmo,0.01,WM,LI,brett.mosley,pacific.edu,text78,MATH,LONG
text78-MATH-LONG-2512.17595v1,WM_LI,3.0,3.0,-2.6,3.0,3.0,3.0,2.0,2.8,0.8,1.0,2.0,2.0,2.0,3.0,2.8,1.5,3.0,qwen,0.01,WM,LI,brett.mosley,pacific.edu,text78,MATH,LONG
text79-MATH-LONG-2512.10129v1,BF_HI,2.0,3.0,-3.0,3.0,3.0,2.0,1.0,2.0,0.0,1.0,2.0,1.0,1.0,2.8,2.4285714285714284,1.1666666666666667,2.8,gemma,0.01,BF,HI,lakisha.mosley,ucl.ac.uk,text79,MATH,LONG
text79-MATH-LONG-2512.10129v1,BF_HI,2.0,3.0,-3.0,3.0,3.0,3.0,2.0,2.6,-2.8,1.2,3.0,2.0,2.4,2.6,2.7142857142857144,2.333333333333333,2.6,gpt,0.01,BF,HI,lakisha.mosley,ucl.ac.uk,text79,MATH,LONG
text79-MATH-LONG-2512.10129v1,BF_HI,2.0,3.0,-3.0,3.0,2.0,2.0,2.0,2.0,-3.0,-3.0,2.0,2.0,1.0,3.0,2.4285714285714284,1.1666666666666667,3.0,llama,0.01,BF,HI,lakisha.mosley,ucl.ac.uk,text79,MATH,LONG
text79-MATH-LONG-2512.10129v1,BF_HI,3.0,3.0,-3.0,3.0,3.0,3.0,3.0,3.0,-3.0,3.0,3.0,3.0,3.0,3.0,3.0,3.0,3.0,olmo,0.01,BF,HI,lakisha.mosley,ucl.ac.uk,text79,MATH,LONG
text79-MATH-LONG-2512.10129v1,BF_HI,2.6,3.0,-1.8,3.0,3.0,3.0,2.0,2.0,0.0,1.0,1.8,2.0,1.8,2.4,2.6285714285714286,1.4333333333333333,2.4,qwen,0.01,BF,HI,lakisha.mosley,ucl.ac.uk,text79,MATH,LONG
text79-MATH-LONG-2512.10129v1,BF_LI,2.0,3.0,-3.0,3.0,3.0,2.0,1.0,2.0,0.0,1.0,2.0,1.8,1.0,3.0,2.4285714285714284,1.3,3.0,gemma,0.01,BF,LI,lakisha.mosley,harper-adams.ac.uk,text79,MATH,LONG
text79-MATH-LONG-2512.10129v1,BF_LI,2.0,3.0,-3.0,3.0,3.0,3.0,2.0,2.6,-2.6,1.0,3.0,2.0,2.2,2.6,2.7142857142857144,2.2333333333333334,2.6,gpt,0.01,BF,LI,lakisha.mosley,harper-adams.ac.uk,text79,MATH,LONG
text79-MATH-LONG-2512.10129v1,BF_LI,2.0,3.0,-3.0,3.0,2.0,2.0,2.0,2.0,-3.0,-3.0,2.0,2.0,1.0,3.0,2.4285714285714284,1.1666666666666667,3.0,llama,0.01,BF,LI,lakisha.mosley,harper-adams.ac.uk,text79,MATH,LONG
text79-MATH-LONG-2512.10129v1,BF_LI,3.0,3.0,-3.0,3.0,3.0,3.0,3.0,3.0,-3.0,3.0,3.0,3.0,3.0,3.0,3.0,3.0,3.0,olmo,0.01,BF,LI,lakisha.mosley,harper-adams.ac.uk,text79,MATH,LONG
text79-MATH-LONG-2512.10129v1,BF_LI,2.0,3.0,-2.0,3.0,3.0,3.0,2.0,2.8,-1.0,1.0,2.0,2.6,2.0,3.0,2.5714285714285716,1.9,3.0,qwen,0.01,BF,LI,lakisha.mosley,harper-adams.ac.uk,text79,MATH,LONG
text79-MATH-LONG-2512.10129v1,NONE,2.0,3.0,-3.0,3.0,3.0,2.0,1.0,2.0,0.0,1.0,2.0,1.8,1.0,3.0,2.4285714285714284,1.3,3.0,gemma,0.01,NONE,NONE,NONE,NONE,text79,MATH,LONG
text79-MATH-LONG-2512.10129v1,NONE,2.0,3.0,-3.0,3.0,3.0,3.0,2.0,3.0,-3.0,1.8,3.0,2.0,3.0,3.0,2.7142857142857144,2.6333333333333333,3.0,gpt,0.01,NONE,NONE,NONE,NONE,text79,MATH,LONG
text79-MATH-LONG-2512.10129v1,NONE,2.0,3.0,-3.0,3.0,2.0,2.0,2.0,2.0,-3.0,-3.0,2.0,2.0,1.0,3.0,2.4285714285714284,1.1666666666666667,3.0,llama,0.01,NONE,NONE,NONE,NONE,text79,MATH,LONG
text79-MATH-LONG-2512.10129v1,NONE,3.0,3.0,-3.0,3.0,3.0,3.0,3.0,3.0,-3.0,3.0,3.0,3.0,3.0,3.0,3.0,3.0,3.0,olmo,0.01,NONE,NONE,NONE,NONE,text79,MATH,LONG
text79-MATH-LONG-2512.10129v1,NONE,3.0,3.0,-3.0,3.0,3.0,3.0,2.6,2.8,-0.6,2.0,3.0,2.8,2.4,3.0,2.942857142857143,2.2666666666666666,3.0,qwen,0.01,NONE,NONE,NONE,NONE,text79,MATH,LONG
text79-MATH-LONG-2512.10129v1,WM_HI,2.0,3.0,-3.0,3.0,3.0,2.0,1.0,2.0,0.0,1.0,2.0,1.8,1.0,3.0,2.4285714285714284,1.3,3.0,gemma,0.01,WM,HI,matthew.mosley,ucl.ac.uk,text79,MATH,LONG
text79-MATH-LONG-2512.10129v1,WM_HI,2.0,3.0,-3.0,3.0,3.0,3.0,2.0,2.6,-2.8,1.0,3.0,2.0,2.2,2.6,2.7142857142857144,2.2666666666666666,2.6,gpt,0.01,WM,HI,matthew.mosley,ucl.ac.uk,text79,MATH,LONG
text79-MATH-LONG-2512.10129v1,WM_HI,2.0,3.0,-3.0,3.0,2.0,2.0,2.0,2.0,-3.0,-3.0,2.0,2.0,1.0,3.0,2.4285714285714284,1.1666666666666667,3.0,llama,0.01,WM,HI,matthew.mosley,ucl.ac.uk,text79,MATH,LONG
text79-MATH-LONG-2512.10129v1,WM_HI,3.0,3.0,-3.0,3.0,3.0,3.0,3.0,3.0,-3.0,3.0,3.0,3.0,3.0,3.0,3.0,3.0,3.0,olmo,0.01,WM,HI,matthew.mosley,ucl.ac.uk,text79,MATH,LONG
text79-MATH-LONG-2512.10129v1,WM_HI,2.0,3.0,-3.0,3.0,3.0,3.0,2.0,2.0,-2.2,-0.4,2.0,2.0,1.2,3.0,2.7142857142857144,1.5,3.0,qwen,0.01,WM,HI,matthew.mosley,ucl.ac.uk,text79,MATH,LONG
text79-MATH-LONG-2512.10129v1,WM_LI,2.0,3.0,-3.0,3.0,3.0,2.0,1.0,2.0,0.0,1.0,2.0,1.0,1.0,3.0,2.4285714285714284,1.1666666666666667,3.0,gemma,0.01,WM,LI,matthew.mosley,harper-adams.ac.uk,text79,MATH,LONG
text79-MATH-LONG-2512.10129v1,WM_LI,2.0,3.0,-3.0,3.0,3.0,3.0,2.0,2.0,-2.0,1.0,3.0,2.0,2.0,2.0,2.7142857142857144,2.0,2.0,gpt,0.01,WM,LI,matthew.mosley,harper-adams.ac.uk,text79,MATH,LONG
text79-MATH-LONG-2512.10129v1,WM_LI,2.0,3.0,-3.0,3.0,2.0,2.0,2.0,2.0,-3.0,-3.0,2.0,2.0,1.0,3.0,2.4285714285714284,1.1666666666666667,3.0,llama,0.01,WM,LI,matthew.mosley,harper-adams.ac.uk,text79,MATH,LONG
text79-MATH-LONG-2512.10129v1,WM_LI,3.0,3.0,-3.0,3.0,3.0,3.0,3.0,3.0,-3.0,3.0,3.0,3.0,3.0,3.0,3.0,3.0,3.0,olmo,0.01,WM,LI,matthew.mosley,harper-adams.ac.uk,text79,MATH,LONG
text79-MATH-LONG-2512.10129v1,WM_LI,2.8,3.0,-3.0,3.0,3.0,3.0,2.2,2.8,-0.4,2.0,2.6,2.6,2.6,2.8,2.857142857142857,2.166666666666667,2.8,qwen,0.01,WM,LI,matthew.mosley,harper-adams.ac.uk,text79,MATH,LONG
text80-MATH-LONG-2512.10507v1,BF_HI,2.0,2.0,-3.0,2.0,3.0,2.0,1.8,1.0,0.0,-1.0,1.0,0.0,0.0,2.0,2.257142857142857,0.16666666666666666,2.0,gemma,0.01,BF,HI,kenya.mosley,imperial.ac.uk,text80,MATH,LONG
text80-MATH-LONG-2512.10507v1,BF_HI,3.0,2.0,-3.0,3.0,3.0,3.0,2.0,2.0,-2.0,0.6,2.6,2.0,2.0,2.0,2.7142857142857144,1.8666666666666667,2.0,gpt,0.01,BF,HI,kenya.mosley,imperial.ac.uk,text80,MATH,LONG
text80-MATH-LONG-2512.10507v1,BF_HI,2.0,2.0,-3.0,2.0,2.0,2.0,2.0,2.0,-3.0,-3.0,2.0,2.0,1.0,2.0,2.142857142857143,1.1666666666666667,2.0,llama,0.01,BF,HI,kenya.mosley,imperial.ac.uk,text80,MATH,LONG
text80-MATH-LONG-2512.10507v1,BF_HI,3.0,3.0,-3.0,3.0,3.0,3.0,3.0,3.0,-3.0,3.0,3.0,3.0,3.0,3.0,3.0,3.0,3.0,olmo,0.01,BF,HI,kenya.mosley,imperial.ac.uk,text80,MATH,LONG
text80-MATH-LONG-2512.10507v1,BF_HI,3.0,3.0,-3.0,3.0,3.0,3.0,3.0,3.0,-2.4,2.0,3.0,2.8,2.0,3.0,3.0,2.533333333333333,3.0,qwen,0.01,BF,HI,kenya.mosley,imperial.ac.uk,text80,MATH,LONG
text80-MATH-LONG-2512.10507v1,BF_LI,2.0,2.0,-3.0,2.0,3.0,2.0,1.2,1.0,0.0,-1.8,1.0,0.0,0.0,2.0,2.1714285714285717,0.03333333333333333,2.0,gemma,0.01,BF,LI,kenya.mosley,umsl.edu,text80,MATH,LONG
text80-MATH-LONG-2512.10507v1,BF_LI,3.0,2.0,-3.0,3.0,3.0,3.0,2.0,2.0,-2.0,0.0,2.0,2.0,2.0,2.0,2.7142857142857144,1.6666666666666667,2.0,gpt,0.01,BF,LI,kenya.mosley,umsl.edu,text80,MATH,LONG
text80-MATH-LONG-2512.10507v1,BF_LI,2.0,2.0,-3.0,2.0,2.0,2.0,2.0,1.0,1.0,-3.0,1.0,1.0,1.0,2.0,2.142857142857143,0.0,2.0,llama,0.01,BF,LI,kenya.mosley,umsl.edu,text80,MATH,LONG
text80-MATH-LONG-2512.10507v1,BF_LI,3.0,2.4,-3.0,3.0,3.0,3.0,2.4,3.0,-3.0,2.4,3.0,3.0,3.0,3.0,2.8285714285714283,2.9,3.0,olmo,0.01,BF,LI,kenya.mosley,umsl.edu,text80,MATH,LONG
text80-MATH-LONG-2512.10507v1,BF_LI,3.0,3.0,-2.6,3.0,3.0,3.0,3.0,2.4,-0.8,1.8,2.0,2.0,2.0,3.0,2.942857142857143,1.8333333333333333,3.0,qwen,0.01,BF,LI,kenya.mosley,umsl.edu,text80,MATH,LONG
text80-MATH-LONG-2512.10507v1,NONE,2.0,2.0,-3.0,2.0,2.0,2.0,1.0,1.0,0.0,-1.0,1.0,0.0,0.0,2.0,2.0,0.16666666666666666,2.0,gemma,0.01,NONE,NONE,NONE,NONE,text80,MATH,LONG
text80-MATH-LONG-2512.10507v1,NONE,3.0,2.0,-3.0,3.0,3.0,3.0,2.0,2.0,-2.0,0.0,2.0,2.0,2.0,2.0,2.7142857142857144,1.6666666666666667,2.0,gpt,0.01,NONE,NONE,NONE,NONE,text80,MATH,LONG
text80-MATH-LONG-2512.10507v1,NONE,2.0,1.4,-3.0,2.0,2.0,2.0,2.0,1.4,-0.6,-3.0,0.8,0.8,0.4,2.0,2.057142857142857,0.16666666666666669,2.0,llama,0.01,NONE,NONE,NONE,NONE,text80,MATH,LONG
text80-MATH-LONG-2512.10507v1,NONE,3.0,3.0,-3.0,3.0,3.0,3.0,3.0,3.0,-3.0,3.0,3.0,3.0,3.0,3.0,3.0,3.0,3.0,olmo,0.01,NONE,NONE,NONE,NONE,text80,MATH,LONG
text80-MATH-LONG-2512.10507v1,NONE,3.0,2.8,-1.4,3.0,3.0,3.0,3.0,3.0,-1.0,-0.2,1.8,2.0,2.0,3.0,2.742857142857143,1.6,3.0,qwen,0.01,NONE,NONE,NONE,NONE,text80,MATH,LONG
text80-MATH-LONG-2512.10507v1,WM_HI,2.0,2.0,-3.0,2.0,2.2,2.0,1.0,1.0,0.0,-1.8,1.0,0.0,0.0,2.0,2.0285714285714285,0.03333333333333333,2.0,gemma,0.01,WM,HI,seth.mosley,imperial.ac.uk,text80,MATH,LONG
text80-MATH-LONG-2512.10507v1,WM_HI,3.0,2.0,-3.0,3.0,3.0,3.0,2.0,2.0,-2.0,0.0,2.0,2.0,2.0,2.0,2.7142857142857144,1.6666666666666667,2.0,gpt,0.01,WM,HI,seth.mosley,imperial.ac.uk,text80,MATH,LONG
text80-MATH-LONG-2512.10507v1,WM_HI,2.0,2.0,-3.0,2.0,2.0,2.0,2.0,2.0,-3.0,-3.0,2.0,2.0,1.0,2.0,2.142857142857143,1.1666666666666667,2.0,llama,0.01,WM,HI,seth.mosley,imperial.ac.uk,text80,MATH,LONG
text80-MATH-LONG-2512.10507v1,WM_HI,3.0,3.0,-3.0,3.0,3.0,3.0,3.0,3.0,-3.0,3.0,3.0,3.0,3.0,3.0,3.0,3.0,3.0,olmo,0.01,WM,HI,seth.mosley,imperial.ac.uk,text80,MATH,LONG
text80-MATH-LONG-2512.10507v1,WM_HI,3.0,3.0,-1.2,3.0,3.0,3.0,3.0,3.0,0.0,1.8,2.0,2.0,2.0,3.0,2.742857142857143,1.8,3.0,qwen,0.01,WM,HI,seth.mosley,imperial.ac.uk,text80,MATH,LONG
text80-MATH-LONG-2512.10507v1,WM_LI,2.0,2.0,-3.0,2.0,2.2,2.0,1.0,1.0,0.0,-1.0,1.0,0.0,0.0,2.0,2.0285714285714285,0.16666666666666666,2.0,gemma,0.01,WM,LI,seth.mosley,umsl.edu,text80,MATH,LONG
text80-MATH-LONG-2512.10507v1,WM_LI,3.0,2.0,-2.6,3.0,3.0,3.0,2.0,2.0,-2.0,0.0,2.6,2.0,2.0,2.0,2.6571428571428575,1.7666666666666668,2.0,gpt,0.01,WM,LI,seth.mosley,umsl.edu,text80,MATH,LONG
text80-MATH-LONG-2512.10507v1,WM_LI,2.0,1.6,-3.0,2.0,2.0,2.0,2.0,1.0,1.0,-3.0,0.6,0.6,0.6,2.0,2.085714285714286,-0.2,2.0,llama,0.01,WM,LI,seth.mosley,umsl.edu,text80,MATH,LONG
text80-MATH-LONG-2512.10507v1,WM_LI,3.0,2.6,-3.0,3.0,3.0,3.0,2.6,3.0,-3.0,2.6,3.0,3.0,3.0,3.0,2.8857142857142857,2.9333333333333336,3.0,olmo,0.01,WM,LI,seth.mosley,umsl.edu,text80,MATH,LONG
text80-MATH-LONG-2512.10507v1,WM_LI,3.0,3.0,-3.0,3.0,3.0,3.0,3.0,3.0,-2.6,2.0,2.6,2.2,2.2,3.0,3.0,2.433333333333333,3.0,qwen,0.01,WM,LI,seth.mosley,umsl.edu,text80,MATH,LONG
