text_id,outcome,effect,value
text01-BIO-SHORT-2505.02276v1,QI,BF_minus_WM,0.05714285714285714
text02-BIO-SHORT-2507.04575v1,QI,BF_minus_WM,0.002857142857142847
text03-BIO-SHORT-2505.11568v3,QI,BF_minus_WM,-0.014285714285714369
text04-BIO-SHORT-2507.08385v1,QI,BF_minus_WM,-0.04857142857142867
text05-BIO-SHORT-2504.10973v1,QI,BF_minus_WM,0.01714285714285717
text06-BIO-SHORT-2506.14789v1,QI,BF_minus_WM,-0.011428571428571432
text07-BIO-SHORT-2506.13576v3,QI,BF_minus_WM,-0.020000000000000018
text08-BIO-SHORT-2503.19923v2,QI,BF_minus_WM,-0.019999999999999997
text09-BIO-SHORT-2602.00019v1,QI,BF_minus_WM,0.1
text10-BIO-SHORT-2506.13817v1,QI,BF_minus_WM,0.02857142857142856
text11-CS-SHORT-2506.09194v1,QI,BF_minus_WM,-0.06857142857142853
text12-CS-SHORT-2512.19717v1,QI,BF_minus_WM,0.05142857142857147
text13-CS-SHORT-2510.04124v5,QI,BF_minus_WM,-0.0028571428571427583
text14-CS-SHORT-2509.13349v2,QI,BF_minus_WM,0.06857142857142859
text15-CS-SHORT-2602.03870v1,QI,BF_minus_WM,-0.0028571428571428914
text16-CS-SHORT-2509.06033v1,QI,BF_minus_WM,0.014285714285714323
text17-CS-SHORT-2509.16294v1,QI,BF_minus_WM,0.00857142857142854
text18-CS-SHORT-2507.09492v1,QI,BF_minus_WM,-0.02857142857142856
text19-CS-SHORT-2509.14600v1,QI,BF_minus_WM,-0.02857142857142858
text20-CS-SHORT-2503.14899v1,QI,BF_minus_WM,-0.02857142857142856
text21-PHY-SHORT-2601.23079v1,QI,BF_minus_WM,-0.02857142857142856
text22-PHY-SHORT-2601.23047v1,QI,BF_minus_WM,0.034285714285714385
text23-PHY-SHORT-2601.23057v1,QI,BF_minus_WM,-0.06000000000000005
text24-PHY-SHORT-2509.16741v1,QI,BF_minus_WM,0.017142857142857126
text25-PHY-SHORT-2507.08042v1,QI,BF_minus_WM,0.08285714285714285
text26-PHY-SHORT-2512.23538v1,QI,BF_minus_WM,-0.037142857142857186
text27-PHY-SHORT-2510.18500v1,QI,BF_minus_WM,-0.022857142857142864
text28-PHY-SHORT-2508.20431v1,QI,BF_minus_WM,0.0028571428571428914
text29-PHY-SHORT-2509.06825v1,QI,BF_minus_WM,-0.008571428571428586
text30-PHY-SHORT-2509.17653v2,QI,BF_minus_WM,-0.017142857142857036
text31-MATH-SHORT-2511.03536v1,QI,BF_minus_WM,-0.03714285714285712
text32-MATH-SHORT-2603.02088v1,QI,BF_minus_WM,-0.022857142857142843
text33-MATH-SHORT-2512.22134v3,QI,BF_minus_WM,0.02857142857142856
text34-MATH-SHORT-2509.00532v1,QI,BF_minus_WM,0.0028571428571428025
text35-MATH-SHORT-2512.06844v1,QI,BF_minus_WM,-0.005714285714285694
text36-MATH-SHORT-2503.09380v2,QI,BF_minus_WM,-0.025714285714285755
text37-MATH-SHORT-2510.26426v1,QI,BF_minus_WM,0.0314285714285714
text38-MATH-SHORT-2512.04101v1,QI,BF_minus_WM,0.002857142857142847
text39-MATH-SHORT-2506.11609v2,QI,BF_minus_WM,-0.008571428571428629
text40-MATH-SHORT-2507.15879v2,QI,BF_minus_WM,-0.01714285714285717
text41-BIO-LONG-2512.06709v1,QI,BF_minus_WM,-0.037142857142857186
text42-BIO-LONG-2503.07104v1,QI,BF_minus_WM,-0.005714285714285739
text43-BIO-LONG-2506.16577v1,QI,BF_minus_WM,0.07714285714285722
text44-BIO-LONG-2505.20052v1,QI,BF_minus_WM,0.12857142857142864
text45-BIO-LONG-2507.17897v4,QI,BF_minus_WM,0.014285714285714235
text46-BIO-LONG-2505.05863v1,QI,BF_minus_WM,0.03428571428571425
text47-BIO-LONG-2505.21094v1,QI,BF_minus_WM,-0.002857142857142847
text48-BIO-LONG-2602.16750v1,QI,BF_minus_WM,0.0
text49-BIO-LONG-2511.10014v1,QI,BF_minus_WM,4.4408920985006264e-17
text50-BIO-LONG-2603.01054v1,QI,BF_minus_WM,-0.028571428571428647
text51-CS-LONG-2602.11588v1,QI,BF_minus_WM,-0.03714285714285712
text52-CS-LONG-2602.15675v1,QI,BF_minus_WM,0.002857142857142847
text53-CS-LONG-2603.02012v1,QI,BF_minus_WM,-0.028571428571428602
text54-CS-LONG-2602.23006v1,QI,BF_minus_WM,0.019999999999999973
text55-CS-LONG-2602.21625v1,QI,BF_minus_WM,0.022857142857142864
text56-CS-LONG-2602.13713v1,QI,BF_minus_WM,-0.014285714285714323
text57-CS-LONG-2603.00079v1,QI,BF_minus_WM,-0.017142857142857217
text58-CS-LONG-2603.01023v1,QI,BF_minus_WM,-0.005714285714285739
text59-CS-LONG-2602.19401v1,QI,BF_minus_WM,0.017142857142857036
text60-CS-LONG-2602.18518v1,QI,BF_minus_WM,-0.005714285714285694
text61-PHY-LONG-2602.03885v1,QI,BF_minus_WM,-0.011428571428571477
text62-PHY-LONG-2511.21971v1,QI,BF_minus_WM,0.03142857142857136
text63-PHY-LONG-2512.18015v1,QI,BF_minus_WM,0.00857142857142854
text64-PHY-LONG-2602.23683v1,QI,BF_minus_WM,-0.019999999999999973
text65-PHY-LONG-2601.13267v1,QI,BF_minus_WM,-0.037142857142857144
text66-PHY-LONG-2512.24566v1,QI,BF_minus_WM,0.025714285714285624
text67-PHY-LONG-2602.07636v2,QI,BF_minus_WM,-0.08285714285714296
text68-PHY-LONG-2512.18130v1,QI,BF_minus_WM,0.03142857142857145
text69-PHY-LONG-2602.17389v1,QI,BF_minus_WM,-0.05142857142857147
text70-PHY-LONG-2602.08188v1,QI,BF_minus_WM,-0.034285714285714294
text71-MATH-LONG-2511.12781v1,QI,BF_minus_WM,-0.019999999999999973
text72-MATH-LONG-2602.06095v1,QI,BF_minus_WM,0.011428571428571432
text73-MATH-LONG-2511.18101v1,QI,BF_minus_WM,0.02285714285714291
text74-MATH-LONG-2512.15978v1,QI,BF_minus_WM,0.0028571428571428025
text75-MATH-LONG-2511.22140v1,QI,BF_minus_WM,0.005714285714285694
text76-MATH-LONG-2602.20441v1,QI,BF_minus_WM,0.0371428571428571
text77-MATH-LONG-2601.20851v2,QI,BF_minus_WM,-0.04571428571428564
text78-MATH-LONG-2512.17595v1,QI,BF_minus_WM,-0.028571428571428515
text79-MATH-LONG-2512.10129v1,QI,BF_minus_WM,-0.037142857142857144
text80-MATH-LONG-2512.10507v1,QI,BF_minus_WM,0.06285714285714286
text01-BIO-SHORT-2505.02276v1,QI,HI_minus_LI,-2.2204460492503132e-17
text02-BIO-SHORT-2507.04575v1,QI,HI_minus_LI,0.002857142857142847
text03-BIO-SHORT-2505.11568v3,QI,HI_minus_LI,0.08285714285714288
text04-BIO-SHORT-2507.08385v1,QI,HI_minus_LI,-0.014285714285714235
text05-BIO-SHORT-2504.10973v1,QI,HI_minus_LI,0.05714285714285712
text06-BIO-SHORT-2506.14789v1,QI,HI_minus_LI,-0.02285714285714291
text07-BIO-SHORT-2506.13576v3,QI,HI_minus_LI,0.03714285714285701
text08-BIO-SHORT-2503.19923v2,QI,HI_minus_LI,0.019999999999999997
text09-BIO-SHORT-2602.00019v1,QI,HI_minus_LI,0.05428571428571427
text10-BIO-SHORT-2506.13817v1,QI,HI_minus_LI,0.011428571428571477
text11-CS-SHORT-2506.09194v1,QI,HI_minus_LI,-0.005714285714285805
text12-CS-SHORT-2512.19717v1,QI,HI_minus_LI,0.028571428571428602
text13-CS-SHORT-2510.04124v5,QI,HI_minus_LI,-0.0028571428571429356
text14-CS-SHORT-2509.13349v2,QI,HI_minus_LI,0.08571428571428567
text15-CS-SHORT-2602.03870v1,QI,HI_minus_LI,0.020000000000000063
text16-CS-SHORT-2509.06033v1,QI,HI_minus_LI,0.008571428571428629
text17-CS-SHORT-2509.16294v1,QI,HI_minus_LI,0.020000000000000018
text18-CS-SHORT-2507.09492v1,QI,HI_minus_LI,0.02857142857142856
text19-CS-SHORT-2509.14600v1,QI,HI_minus_LI,-0.06285714285714292
text20-CS-SHORT-2503.14899v1,QI,HI_minus_LI,-0.022857142857142864
text21-PHY-SHORT-2601.23079v1,QI,HI_minus_LI,0.03428571428571425
text22-PHY-SHORT-2601.23047v1,QI,HI_minus_LI,-0.039999999999999994
text23-PHY-SHORT-2601.23057v1,QI,HI_minus_LI,-0.04857142857142858
text24-PHY-SHORT-2509.16741v1,QI,HI_minus_LI,0.011428571428571432
text25-PHY-SHORT-2507.08042v1,QI,HI_minus_LI,-0.0028571428571428693
text26-PHY-SHORT-2512.23538v1,QI,HI_minus_LI,-0.037142857142857186
text27-PHY-SHORT-2510.18500v1,QI,HI_minus_LI,0.0
text28-PHY-SHORT-2508.20431v1,QI,HI_minus_LI,0.0657142857142857
text29-PHY-SHORT-2509.06825v1,QI,HI_minus_LI,0.04285714285714284
text30-PHY-SHORT-2509.17653v2,QI,HI_minus_LI,0.034285714285714294
text31-MATH-SHORT-2511.03536v1,QI,HI_minus_LI,-0.07714285714285715
text32-MATH-SHORT-2603.02088v1,QI,HI_minus_LI,0.011428571428571455
text33-MATH-SHORT-2512.22134v3,QI,HI_minus_LI,-0.005714285714285783
text34-MATH-SHORT-2509.00532v1,QI,HI_minus_LI,0.025714285714285755
text35-MATH-SHORT-2512.06844v1,QI,HI_minus_LI,-0.011428571428571389
text36-MATH-SHORT-2503.09380v2,QI,HI_minus_LI,0.01428571428571428
text37-MATH-SHORT-2510.26426v1,QI,HI_minus_LI,0.002857142857142847
text38-MATH-SHORT-2512.04101v1,QI,HI_minus_LI,0.0028571428571427583
text39-MATH-SHORT-2506.11609v2,QI,HI_minus_LI,0.020000000000000018
text40-MATH-SHORT-2507.15879v2,QI,HI_minus_LI,-0.040000000000000036
text41-BIO-LONG-2512.06709v1,QI,HI_minus_LI,-0.042857142857142885
text42-BIO-LONG-2503.07104v1,QI,HI_minus_LI,0.028571428571428602
text43-BIO-LONG-2506.16577v1,QI,HI_minus_LI,-0.019999999999999928
text44-BIO-LONG-2505.20052v1,QI,HI_minus_LI,0.042857142857142885
text45-BIO-LONG-2507.17897v4,QI,HI_minus_LI,-0.04857142857142858
text46-BIO-LONG-2505.05863v1,QI,HI_minus_LI,-0.04571428571428573
text47-BIO-LONG-2505.21094v1,QI,HI_minus_LI,0.02571428571428571
text48-BIO-LONG-2602.16750v1,QI,HI_minus_LI,0.0
text49-BIO-LONG-2511.10014v1,QI,HI_minus_LI,-0.02285714285714291
text50-BIO-LONG-2603.01054v1,QI,HI_minus_LI,8.881784197001253e-17
text51-CS-LONG-2602.11588v1,QI,HI_minus_LI,-0.0028571428571428693
text52-CS-LONG-2602.15675v1,QI,HI_minus_LI,-0.002857142857142847
text53-CS-LONG-2603.02012v1,QI,HI_minus_LI,-0.011428571428571432
text54-CS-LONG-2602.23006v1,QI,HI_minus_LI,0.04857142857142853
text55-CS-LONG-2602.21625v1,QI,HI_minus_LI,-0.06857142857142859
text56-CS-LONG-2602.13713v1,QI,HI_minus_LI,0.008571428571428629
text57-CS-LONG-2603.00079v1,QI,HI_minus_LI,0.011428571428571432
text58-CS-LONG-2603.01023v1,QI,HI_minus_LI,-4.4408920985006264e-17
text59-CS-LONG-2602.19401v1,QI,HI_minus_LI,-0.028571428571428602
text60-CS-LONG-2602.18518v1,QI,HI_minus_LI,0.005714285714285694
text61-PHY-LONG-2602.03885v1,QI,HI_minus_LI,0.1314285714285714
text62-PHY-LONG-2511.21971v1,QI,HI_minus_LI,0.05428571428571423
text63-PHY-LONG-2512.18015v1,QI,HI_minus_LI,0.06571428571428566
text64-PHY-LONG-2602.23683v1,QI,HI_minus_LI,0.037142857142857144
text65-PHY-LONG-2601.13267v1,QI,HI_minus_LI,0.0028571428571428025
text66-PHY-LONG-2512.24566v1,QI,HI_minus_LI,0.00857142857142854
text67-PHY-LONG-2602.07636v2,QI,HI_minus_LI,-0.037142857142857144
text68-PHY-LONG-2512.18130v1,QI,HI_minus_LI,0.09428571428571426
text69-PHY-LONG-2602.17389v1,QI,HI_minus_LI,0.06285714285714286
text70-PHY-LONG-2602.08188v1,QI,HI_minus_LI,-0.03428571428571421
text71-MATH-LONG-2511.12781v1,QI,HI_minus_LI,0.03142857142857145
text72-MATH-LONG-2602.06095v1,QI,HI_minus_LI,-0.005714285714285694
text73-MATH-LONG-2511.18101v1,QI,HI_minus_LI,-4.4408920985006264e-17
text74-MATH-LONG-2512.15978v1,QI,HI_minus_LI,-0.01428571428571428
text75-MATH-LONG-2511.22140v1,QI,HI_minus_LI,0.005714285714285694
text76-MATH-LONG-2602.20441v1,QI,HI_minus_LI,-0.014285714285714235
text77-MATH-LONG-2601.20851v2,QI,HI_minus_LI,-0.005714285714285783
text78-MATH-LONG-2512.17595v1,QI,HI_minus_LI,-0.011428571428571344
text79-MATH-LONG-2512.10129v1,QI,HI_minus_LI,-0.008571428571428586
text80-MATH-LONG-2512.10507v1,QI,HI_minus_LI,0.028571428571428515
text01-BIO-SHORT-2505.02276v1,QI,Name_x_Inst,0.045714285714285686
text02-BIO-SHORT-2507.04575v1,QI,Name_x_Inst,0.01714285714285708
text03-BIO-SHORT-2505.11568v3,QI,Name_x_Inst,0.08571428571428585
text04-BIO-SHORT-2507.08385v1,QI,Name_x_Inst,-0.08571428571428559
text05-BIO-SHORT-2504.10973v1,QI,Name_x_Inst,0.1600000000000003
text06-BIO-SHORT-2506.14789v1,QI,Name_x_Inst,-0.011428571428571477
text07-BIO-SHORT-2506.13576v3,QI,Name_x_Inst,-0.17714285714285705
text08-BIO-SHORT-2503.19923v2,QI,Name_x_Inst,-0.017142857142857126
text09-BIO-SHORT-2602.00019v1,QI,Name_x_Inst,-0.15428571428571428
text10-BIO-SHORT-2506.13817v1,QI,Name_x_Inst,-0.1257142857142858
text11-CS-SHORT-2506.09194v1,QI,Name_x_Inst,4.4408920985006264e-17
text12-CS-SHORT-2512.19717v1,QI,Name_x_Inst,0.09142857142857155
text13-CS-SHORT-2510.04124v5,QI,Name_x_Inst,-0.028571428571428293
text14-CS-SHORT-2509.13349v2,QI,Name_x_Inst,-0.04571428571428573
text15-CS-SHORT-2602.03870v1,QI,Name_x_Inst,-0.028571428571428737
text16-CS-SHORT-2509.06033v1,QI,Name_x_Inst,0.005714285714285694
text17-CS-SHORT-2509.16294v1,QI,Name_x_Inst,-0.09714285714285716
text18-CS-SHORT-2507.09492v1,QI,Name_x_Inst,0.0685714285714285
text19-CS-SHORT-2509.14600v1,QI,Name_x_Inst,0.04571428571428578
text20-CS-SHORT-2503.14899v1,QI,Name_x_Inst,0.011428571428571389
text21-PHY-SHORT-2601.23079v1,QI,Name_x_Inst,-0.03428571428571434
text22-PHY-SHORT-2601.23047v1,QI,Name_x_Inst,-0.05714285714285703
text23-PHY-SHORT-2601.23057v1,QI,Name_x_Inst,-0.05142857142857125
text24-PHY-SHORT-2509.16741v1,QI,Name_x_Inst,-0.03428571428571443
text25-PHY-SHORT-2507.08042v1,QI,Name_x_Inst,0.12000000000000006
text26-PHY-SHORT-2512.23538v1,QI,Name_x_Inst,0.08571428571428577
text27-PHY-SHORT-2510.18500v1,QI,Name_x_Inst,0.0
text28-PHY-SHORT-2508.20431v1,QI,Name_x_Inst,-0.05142857142857151
text29-PHY-SHORT-2509.06825v1,QI,Name_x_Inst,-0.05142857142857151
text30-PHY-SHORT-2509.17653v2,QI,Name_x_Inst,0.011428571428571298
text31-MATH-SHORT-2511.03536v1,QI,Name_x_Inst,-0.20000000000000004
text32-MATH-SHORT-2603.02088v1,QI,Name_x_Inst,-0.011428571428571344
text33-MATH-SHORT-2512.22134v3,QI,Name_x_Inst,-0.011428571428571566
text34-MATH-SHORT-2509.00532v1,QI,Name_x_Inst,-0.09714285714285706
text35-MATH-SHORT-2512.06844v1,QI,Name_x_Inst,0.0
text36-MATH-SHORT-2503.09380v2,QI,Name_x_Inst,-0.08571428571428567
text37-MATH-SHORT-2510.26426v1,QI,Name_x_Inst,-0.15428571428571444
text38-MATH-SHORT-2512.04101v1,QI,Name_x_Inst,0.017142857142857258
text39-MATH-SHORT-2506.11609v2,QI,Name_x_Inst,0.0514285714285716
text40-MATH-SHORT-2507.15879v2,QI,Name_x_Inst,-0.011428571428571389
text41-BIO-LONG-2512.06709v1,QI,Name_x_Inst,-0.05142857142857142
text42-BIO-LONG-2503.07104v1,QI,Name_x_Inst,0.011428571428571477
text43-BIO-LONG-2506.16577v1,QI,Name_x_Inst,-0.09714285714285716
text44-BIO-LONG-2505.20052v1,QI,Name_x_Inst,-0.10857142857142872
text45-BIO-LONG-2507.17897v4,QI,Name_x_Inst,-0.08571428571428577
text46-BIO-LONG-2505.05863v1,QI,Name_x_Inst,-0.03428571428571434
text47-BIO-LONG-2505.21094v1,QI,Name_x_Inst,-0.040000000000000036
text48-BIO-LONG-2602.16750v1,QI,Name_x_Inst,0.0
text49-BIO-LONG-2511.10014v1,QI,Name_x_Inst,0.022857142857142864
text50-BIO-LONG-2603.01054v1,QI,Name_x_Inst,0.011428571428571566
text51-CS-LONG-2602.11588v1,QI,Name_x_Inst,-0.005714285714285739
text52-CS-LONG-2602.15675v1,QI,Name_x_Inst,-0.05142857142857142
text53-CS-LONG-2603.02012v1,QI,Name_x_Inst,-0.011428571428571477
text54-CS-LONG-2602.23006v1,QI,Name_x_Inst,-0.01714285714285717
text55-CS-LONG-2602.21625v1,QI,Name_x_Inst,-0.10285714285714284
text56-CS-LONG-2602.13713v1,QI,Name_x_Inst,0.040000000000000036
text57-CS-LONG-2603.00079v1,QI,Name_x_Inst,0.011428571428571477
text58-CS-LONG-2603.01023v1,QI,Name_x_Inst,-0.022857142857142864
text59-CS-LONG-2602.19401v1,QI,Name_x_Inst,-0.09142857142857137
text60-CS-LONG-2602.18518v1,QI,Name_x_Inst,0.0
text61-PHY-LONG-2602.03885v1,QI,Name_x_Inst,-0.022857142857142777
text62-PHY-LONG-2511.21971v1,QI,Name_x_Inst,-0.02857142857142856
text63-PHY-LONG-2512.18015v1,QI,Name_x_Inst,-0.005714285714285694
text64-PHY-LONG-2602.23683v1,QI,Name_x_Inst,-0.05142857142857151
text65-PHY-LONG-2601.13267v1,QI,Name_x_Inst,-0.005714285714285783
text66-PHY-LONG-2512.24566v1,QI,Name_x_Inst,-0.01714285714285708
text67-PHY-LONG-2602.07636v2,QI,Name_x_Inst,0.08571428571428567
text68-PHY-LONG-2512.18130v1,QI,Name_x_Inst,0.1428571428571428
text69-PHY-LONG-2602.17389v1,QI,Name_x_Inst,0.09142857142857137
text70-PHY-LONG-2602.08188v1,QI,Name_x_Inst,-0.057142857142857204
text71-MATH-LONG-2511.12781v1,QI,Name_x_Inst,-0.01714285714285717
text72-MATH-LONG-2602.06095v1,QI,Name_x_Inst,0.09142857142857119
text73-MATH-LONG-2511.18101v1,QI,Name_x_Inst,0.06857142857142859
text74-MATH-LONG-2512.15978v1,QI,Name_x_Inst,0.01714285714285717
text75-MATH-LONG-2511.22140v1,QI,Name_x_Inst,-0.08000000000000007
text76-MATH-LONG-2602.20441v1,QI,Name_x_Inst,-0.028571428571428647
text77-MATH-LONG-2601.20851v2,QI,Name_x_Inst,-1.7763568394002506e-16
text78-MATH-LONG-2512.17595v1,QI,Name_x_Inst,0.1371428571428573
text79-MATH-LONG-2512.10129v1,QI,Name_x_Inst,0.039999999999999945
text80-MATH-LONG-2512.10507v1,QI,Name_x_Inst,0.06857142857142859
text01-BIO-SHORT-2505.02276v1,PI,BF_minus_WM,-0.036666666666666625
text02-BIO-SHORT-2507.04575v1,PI,BF_minus_WM,0.006666666666666654
text03-BIO-SHORT-2505.11568v3,PI,BF_minus_WM,0.10000000000000005
text04-BIO-SHORT-2507.08385v1,PI,BF_minus_WM,-0.09666666666666665
text05-BIO-SHORT-2504.10973v1,PI,BF_minus_WM,0.00666666666666661
text06-BIO-SHORT-2506.14789v1,PI,BF_minus_WM,0.06999999999999997
text07-BIO-SHORT-2506.13576v3,PI,BF_minus_WM,-0.009999999999999964
text08-BIO-SHORT-2503.19923v2,PI,BF_minus_WM,-0.016666666666666666
text09-BIO-SHORT-2602.00019v1,PI,BF_minus_WM,0.053333333333333344
text10-BIO-SHORT-2506.13817v1,PI,BF_minus_WM,-0.006666666666666677
text11-CS-SHORT-2506.09194v1,PI,BF_minus_WM,-0.00333333333333338
text12-CS-SHORT-2512.19717v1,PI,BF_minus_WM,0.043333333333333314
text13-CS-SHORT-2510.04124v5,PI,BF_minus_WM,-0.02333333333333338
text14-CS-SHORT-2509.13349v2,PI,BF_minus_WM,0.12333333333333332
text15-CS-SHORT-2602.03870v1,PI,BF_minus_WM,-0.01333333333333333
text16-CS-SHORT-2509.06033v1,PI,BF_minus_WM,0.009999999999999986
text17-CS-SHORT-2509.16294v1,PI,BF_minus_WM,-0.013333333333333305
text18-CS-SHORT-2507.09492v1,PI,BF_minus_WM,0.016666666666666614
text19-CS-SHORT-2509.14600v1,PI,BF_minus_WM,-0.006666666666666665
text20-CS-SHORT-2503.14899v1,PI,BF_minus_WM,0.010000000000000031
text21-PHY-SHORT-2601.23079v1,PI,BF_minus_WM,0.01666666666666672
text22-PHY-SHORT-2601.23047v1,PI,BF_minus_WM,0.09333333333333335
text23-PHY-SHORT-2601.23057v1,PI,BF_minus_WM,0.036666666666666646
text24-PHY-SHORT-2509.16741v1,PI,BF_minus_WM,0.006666666666666654
text25-PHY-SHORT-2507.08042v1,PI,BF_minus_WM,-1.1102230246251566e-17
text26-PHY-SHORT-2512.23538v1,PI,BF_minus_WM,0.08666666666666659
text27-PHY-SHORT-2510.18500v1,PI,BF_minus_WM,0.023333333333333352
text28-PHY-SHORT-2508.20431v1,PI,BF_minus_WM,-0.013333333333333364
text29-PHY-SHORT-2509.06825v1,PI,BF_minus_WM,0.03666666666666661
text30-PHY-SHORT-2509.17653v2,PI,BF_minus_WM,-0.0033333333333333106
text31-MATH-SHORT-2511.03536v1,PI,BF_minus_WM,0.03999999999999996
text32-MATH-SHORT-2603.02088v1,PI,BF_minus_WM,-0.026666666666666637
text33-MATH-SHORT-2512.22134v3,PI,BF_minus_WM,0.05333333333333331
text34-MATH-SHORT-2509.00532v1,PI,BF_minus_WM,0.03333333333333334
text35-MATH-SHORT-2512.06844v1,PI,BF_minus_WM,0.036666666666666695
text36-MATH-SHORT-2503.09380v2,PI,BF_minus_WM,-0.03333333333333331
text37-MATH-SHORT-2510.26426v1,PI,BF_minus_WM,0.07999999999999999
text38-MATH-SHORT-2512.04101v1,PI,BF_minus_WM,0.053333333333333344
text39-MATH-SHORT-2506.11609v2,PI,BF_minus_WM,-0.056666666666666664
text40-MATH-SHORT-2507.15879v2,PI,BF_minus_WM,0.013333333333333263
text41-BIO-LONG-2512.06709v1,PI,BF_minus_WM,0.049999999999999975
text42-BIO-LONG-2503.07104v1,PI,BF_minus_WM,-0.03333333333333326
text43-BIO-LONG-2506.16577v1,PI,BF_minus_WM,0.006666666666666732
text44-BIO-LONG-2505.20052v1,PI,BF_minus_WM,0.16
text45-BIO-LONG-2507.17897v4,PI,BF_minus_WM,0.009999999999999964
text46-BIO-LONG-2505.05863v1,PI,BF_minus_WM,0.026666666666666693
text47-BIO-LONG-2505.21094v1,PI,BF_minus_WM,-0.033333333333333326
text48-BIO-LONG-2602.16750v1,PI,BF_minus_WM,-0.03666666666666664
text49-BIO-LONG-2511.10014v1,PI,BF_minus_WM,0.033333333333333326
text50-BIO-LONG-2603.01054v1,PI,BF_minus_WM,0.03666666666666667
text51-CS-LONG-2602.11588v1,PI,BF_minus_WM,-0.053333333333333344
text52-CS-LONG-2602.15675v1,PI,BF_minus_WM,0.1266666666666667
text53-CS-LONG-2603.02012v1,PI,BF_minus_WM,-0.03666666666666676
text54-CS-LONG-2602.23006v1,PI,BF_minus_WM,0.029999999999999992
text55-CS-LONG-2602.21625v1,PI,BF_minus_WM,0.023333333333333317
text56-CS-LONG-2602.13713v1,PI,BF_minus_WM,-0.11000000000000003
text57-CS-LONG-2603.00079v1,PI,BF_minus_WM,0.1
text58-CS-LONG-2603.01023v1,PI,BF_minus_WM,0.030000000000000006
text59-CS-LONG-2602.19401v1,PI,BF_minus_WM,-0.04666666666666661
text60-CS-LONG-2602.18518v1,PI,BF_minus_WM,0.17666666666666667
text61-PHY-LONG-2602.03885v1,PI,BF_minus_WM,-0.020000000000000007
text62-PHY-LONG-2511.21971v1,PI,BF_minus_WM,0.06000000000000003
text63-PHY-LONG-2512.18015v1,PI,BF_minus_WM,-0.00666666666666671
text64-PHY-LONG-2602.23683v1,PI,BF_minus_WM,-0.029999999999999992
text65-PHY-LONG-2601.13267v1,PI,BF_minus_WM,0.05999999999999994
text66-PHY-LONG-2512.24566v1,PI,BF_minus_WM,-0.09666666666666668
text67-PHY-LONG-2602.07636v2,PI,BF_minus_WM,-0.1666666666666667
text68-PHY-LONG-2512.18130v1,PI,BF_minus_WM,-0.039999999999999966
text69-PHY-LONG-2602.17389v1,PI,BF_minus_WM,0.03999999999999994
text70-PHY-LONG-2602.08188v1,PI,BF_minus_WM,0.026666666666666655
text71-MATH-LONG-2511.12781v1,PI,BF_minus_WM,-0.1833333333333333
text72-MATH-LONG-2602.06095v1,PI,BF_minus_WM,0.06666666666666668
text73-MATH-LONG-2511.18101v1,PI,BF_minus_WM,0.06333333333333335
text74-MATH-LONG-2512.15978v1,PI,BF_minus_WM,0.07666666666666659
text75-MATH-LONG-2511.22140v1,PI,BF_minus_WM,-0.11666666666666665
text76-MATH-LONG-2602.20441v1,PI,BF_minus_WM,0.2333333333333333
text77-MATH-LONG-2601.20851v2,PI,BF_minus_WM,-0.1066666666666666
text78-MATH-LONG-2512.17595v1,PI,BF_minus_WM,-0.0566666666666667
text79-MATH-LONG-2512.10129v1,PI,BF_minus_WM,-0.003333333333333388
text80-MATH-LONG-2512.10507v1,PI,BF_minus_WM,0.03999999999999995
text01-BIO-SHORT-2505.02276v1,PI,HI_minus_LI,-0.030000000000000047
text02-BIO-SHORT-2507.04575v1,PI,HI_minus_LI,0.14000000000000004
text03-BIO-SHORT-2505.11568v3,PI,HI_minus_LI,0.1933333333333333
text04-BIO-SHORT-2507.08385v1,PI,HI_minus_LI,0.10333333333333336
text05-BIO-SHORT-2504.10973v1,PI,HI_minus_LI,0.12000000000000002
text06-BIO-SHORT-2506.14789v1,PI,HI_minus_LI,-0.06999999999999997
text07-BIO-SHORT-2506.13576v3,PI,HI_minus_LI,0.1966666666666667
text08-BIO-SHORT-2503.19923v2,PI,HI_minus_LI,-0.06333333333333332
text09-BIO-SHORT-2602.00019v1,PI,HI_minus_LI,0.11999999999999997
text10-BIO-SHORT-2506.13817v1,PI,HI_minus_LI,0.28666666666666674
text11-CS-SHORT-2506.09194v1,PI,HI_minus_LI,-0.0033333333333333214
text12-CS-SHORT-2512.19717v1,PI,HI_minus_LI,0.25666666666666665
text13-CS-SHORT-2510.04124v5,PI,HI_minus_LI,0.06333333333333332
text14-CS-SHORT-2509.13349v2,PI,HI_minus_LI,0.2766666666666666
text15-CS-SHORT-2602.03870v1,PI,HI_minus_LI,-2.2204460492503132e-17
text16-CS-SHORT-2509.06033v1,PI,HI_minus_LI,0.049999999999999975
text17-CS-SHORT-2509.16294v1,PI,HI_minus_LI,-0.01333333333333333
text18-CS-SHORT-2507.09492v1,PI,HI_minus_LI,0.01666666666666672
text19-CS-SHORT-2509.14600v1,PI,HI_minus_LI,0.08666666666666664
text20-CS-SHORT-2503.14899v1,PI,HI_minus_LI,0.010000000000000031
text21-PHY-SHORT-2601.23079v1,PI,HI_minus_LI,0.06333333333333331
text22-PHY-SHORT-2601.23047v1,PI,HI_minus_LI,-0.08666666666666668
text23-PHY-SHORT-2601.23057v1,PI,HI_minus_LI,0.06999999999999999
text24-PHY-SHORT-2509.16741v1,PI,HI_minus_LI,-0.019999999999999997
text25-PHY-SHORT-2507.08042v1,PI,HI_minus_LI,-0.06000000000000001
text26-PHY-SHORT-2512.23538v1,PI,HI_minus_LI,0.020000000000000028
text27-PHY-SHORT-2510.18500v1,PI,HI_minus_LI,-0.009999999999999976
text28-PHY-SHORT-2508.20431v1,PI,HI_minus_LI,0.01999999999999997
text29-PHY-SHORT-2509.06825v1,PI,HI_minus_LI,0.023333333333333334
text30-PHY-SHORT-2509.17653v2,PI,HI_minus_LI,0.016666666666666684
text31-MATH-SHORT-2511.03536v1,PI,HI_minus_LI,0.05999999999999998
text32-MATH-SHORT-2603.02088v1,PI,HI_minus_LI,-0.053333333333333344
text33-MATH-SHORT-2512.22134v3,PI,HI_minus_LI,-0.04
text34-MATH-SHORT-2509.00532v1,PI,HI_minus_LI,0.013333333333333386
text35-MATH-SHORT-2512.06844v1,PI,HI_minus_LI,0.06333333333333331
text36-MATH-SHORT-2503.09380v2,PI,HI_minus_LI,0.03999999999999998
text37-MATH-SHORT-2510.26426v1,PI,HI_minus_LI,0.06000000000000003
text38-MATH-SHORT-2512.04101v1,PI,HI_minus_LI,0.03333333333333334
text39-MATH-SHORT-2506.11609v2,PI,HI_minus_LI,-0.0166666666666667
text40-MATH-SHORT-2507.15879v2,PI,HI_minus_LI,-0.10666666666666669
text41-BIO-LONG-2512.06709v1,PI,HI_minus_LI,-0.009999999999999986
text42-BIO-LONG-2503.07104v1,PI,HI_minus_LI,0.15333333333333338
text43-BIO-LONG-2506.16577v1,PI,HI_minus_LI,-0.0466666666666666
text44-BIO-LONG-2505.20052v1,PI,HI_minus_LI,0.18666666666666668
text45-BIO-LONG-2507.17897v4,PI,HI_minus_LI,-0.09000000000000004
text46-BIO-LONG-2505.05863v1,PI,HI_minus_LI,0.11333333333333337
text47-BIO-LONG-2505.21094v1,PI,HI_minus_LI,0.16000000000000003
text48-BIO-LONG-2602.16750v1,PI,HI_minus_LI,0.010000000000000042
text49-BIO-LONG-2511.10014v1,PI,HI_minus_LI,-0.020000000000000084
text50-BIO-LONG-2603.01054v1,PI,HI_minus_LI,0.023333333333333296
text51-CS-LONG-2602.11588v1,PI,HI_minus_LI,0.08000000000000004
text52-CS-LONG-2602.15675v1,PI,HI_minus_LI,-0.09333333333333334
text53-CS-LONG-2603.02012v1,PI,HI_minus_LI,0.11000000000000001
text54-CS-LONG-2602.23006v1,PI,HI_minus_LI,0.1833333333333334
text55-CS-LONG-2602.21625v1,PI,HI_minus_LI,0.043333333333333376
text56-CS-LONG-2602.13713v1,PI,HI_minus_LI,0.32333333333333336
text57-CS-LONG-2603.00079v1,PI,HI_minus_LI,0.09999999999999999
text58-CS-LONG-2603.01023v1,PI,HI_minus_LI,-0.049999999999999975
text59-CS-LONG-2602.19401v1,PI,HI_minus_LI,0.046666666666666703
text60-CS-LONG-2602.18518v1,PI,HI_minus_LI,-0.0033333333333333214
text61-PHY-LONG-2602.03885v1,PI,HI_minus_LI,0.2866666666666667
text62-PHY-LONG-2511.21971v1,PI,HI_minus_LI,0.16666666666666663
text63-PHY-LONG-2512.18015v1,PI,HI_minus_LI,0.046666666666666676
text64-PHY-LONG-2602.23683v1,PI,HI_minus_LI,0.26999999999999996
text65-PHY-LONG-2601.13267v1,PI,HI_minus_LI,0.07333333333333339
text66-PHY-LONG-2512.24566v1,PI,HI_minus_LI,0.17666666666666667
text67-PHY-LONG-2602.07636v2,PI,HI_minus_LI,3.8857805861880476e-17
text68-PHY-LONG-2512.18130v1,PI,HI_minus_LI,0.31333333333333335
text69-PHY-LONG-2602.17389v1,PI,HI_minus_LI,0.03333333333333334
text70-PHY-LONG-2602.08188v1,PI,HI_minus_LI,0.22666666666666666
text71-MATH-LONG-2511.12781v1,PI,HI_minus_LI,0.14999999999999997
text72-MATH-LONG-2602.06095v1,PI,HI_minus_LI,-0.11333333333333333
text73-MATH-LONG-2511.18101v1,PI,HI_minus_LI,0.036666666666666736
text74-MATH-LONG-2512.15978v1,PI,HI_minus_LI,0.06333333333333328
text75-MATH-LONG-2511.22140v1,PI,HI_minus_LI,0.10333333333333336
text76-MATH-LONG-2602.20441v1,PI,HI_minus_LI,0.06000000000000002
text77-MATH-LONG-2601.20851v2,PI,HI_minus_LI,0.12666666666666665
text78-MATH-LONG-2512.17595v1,PI,HI_minus_LI,0.14999999999999997
text79-MATH-LONG-2512.10129v1,PI,HI_minus_LI,-0.07666666666666673
text80-MATH-LONG-2512.10507v1,PI,HI_minus_LI,0.2866666666666666
text01-BIO-SHORT-2505.02276v1,PI,Name_x_Inst,0.34
text02-BIO-SHORT-2507.04575v1,PI,Name_x_Inst,0.18666666666666665
text03-BIO-SHORT-2505.11568v3,PI,Name_x_Inst,0.10666666666666673
text04-BIO-SHORT-2507.08385v1,PI,Name_x_Inst,0.046666666666666703
text05-BIO-SHORT-2504.10973v1,PI,Name_x_Inst,0.32000000000000006
text06-BIO-SHORT-2506.14789v1,PI,Name_x_Inst,-0.059999999999999984
text07-BIO-SHORT-2506.13576v3,PI,Name_x_Inst,-0.12666666666666676
text08-BIO-SHORT-2503.19923v2,PI,Name_x_Inst,-0.06000000000000001
text09-BIO-SHORT-2602.00019v1,PI,Name_x_Inst,0.026666666666666707
text10-BIO-SHORT-2506.13817v1,PI,Name_x_Inst,-0.08
text11-CS-SHORT-2506.09194v1,PI,Name_x_Inst,-0.1266666666666665
text12-CS-SHORT-2512.19717v1,PI,Name_x_Inst,0.019999999999999973
text13-CS-SHORT-2510.04124v5,PI,Name_x_Inst,-0.07333333333333328
text14-CS-SHORT-2509.13349v2,PI,Name_x_Inst,0.07333333333333329
text15-CS-SHORT-2602.03870v1,PI,Name_x_Inst,0.08000000000000007
text16-CS-SHORT-2509.06033v1,PI,Name_x_Inst,0.03333333333333335
text17-CS-SHORT-2509.16294v1,PI,Name_x_Inst,-0.08000000000000003
text18-CS-SHORT-2507.09492v1,PI,Name_x_Inst,-0.2333333333333334
text19-CS-SHORT-2509.14600v1,PI,Name_x_Inst,-0.12000000000000002
text20-CS-SHORT-2503.14899v1,PI,Name_x_Inst,0.14000000000000007
text21-PHY-SHORT-2601.23079v1,PI,Name_x_Inst,-0.07333333333333329
text22-PHY-SHORT-2601.23047v1,PI,Name_x_Inst,-0.040000000000000056
text23-PHY-SHORT-2601.23057v1,PI,Name_x_Inst,-0.06000000000000001
text24-PHY-SHORT-2509.16741v1,PI,Name_x_Inst,-0.039999999999999994
text25-PHY-SHORT-2507.08042v1,PI,Name_x_Inst,0.2799999999999999
text26-PHY-SHORT-2512.23538v1,PI,Name_x_Inst,0.08000000000000006
text27-PHY-SHORT-2510.18500v1,PI,Name_x_Inst,0.06000000000000003
text28-PHY-SHORT-2508.20431v1,PI,Name_x_Inst,-0.013333333333333319
text29-PHY-SHORT-2509.06825v1,PI,Name_x_Inst,0.033333333333333395
text30-PHY-SHORT-2509.17653v2,PI,Name_x_Inst,0.006666666666666665
text31-MATH-SHORT-2511.03536v1,PI,Name_x_Inst,0.0800000000000001
text32-MATH-SHORT-2603.02088v1,PI,Name_x_Inst,-0.2133333333333333
text33-MATH-SHORT-2512.22134v3,PI,Name_x_Inst,0.08
text34-MATH-SHORT-2509.00532v1,PI,Name_x_Inst,-0.10666666666666666
text35-MATH-SHORT-2512.06844v1,PI,Name_x_Inst,0.15333333333333327
text36-MATH-SHORT-2503.09380v2,PI,Name_x_Inst,-0.4
text37-MATH-SHORT-2510.26426v1,PI,Name_x_Inst,-0.026666666666666748
text38-MATH-SHORT-2512.04101v1,PI,Name_x_Inst,0.09333333333333337
text39-MATH-SHORT-2506.11609v2,PI,Name_x_Inst,-0.23333333333333334
text40-MATH-SHORT-2507.15879v2,PI,Name_x_Inst,0.06666666666666657
text41-BIO-LONG-2512.06709v1,PI,Name_x_Inst,0.15333333333333327
text42-BIO-LONG-2503.07104v1,PI,Name_x_Inst,0.03999999999999977
text43-BIO-LONG-2506.16577v1,PI,Name_x_Inst,0.2933333333333332
text44-BIO-LONG-2505.20052v1,PI,Name_x_Inst,-0.18666666666666668
text45-BIO-LONG-2507.17897v4,PI,Name_x_Inst,-0.033333333333333395
text46-BIO-LONG-2505.05863v1,PI,Name_x_Inst,0.14666666666666667
text47-BIO-LONG-2505.21094v1,PI,Name_x_Inst,-0.013333333333333364
text48-BIO-LONG-2602.16750v1,PI,Name_x_Inst,-0.033333333333333284
text49-BIO-LONG-2511.10014v1,PI,Name_x_Inst,-0.039999999999999994
text50-BIO-LONG-2603.01054v1,PI,Name_x_Inst,-0.033333333333333305
text51-CS-LONG-2602.11588v1,PI,Name_x_Inst,-0.20000000000000012
text52-CS-LONG-2602.15675v1,PI,Name_x_Inst,0.4666666666666666
text53-CS-LONG-2603.02012v1,PI,Name_x_Inst,-0.19333333333333344
text54-CS-LONG-2602.23006v1,PI,Name_x_Inst,-0.020000000000000108
text55-CS-LONG-2602.21625v1,PI,Name_x_Inst,0.06000000000000001
text56-CS-LONG-2602.13713v1,PI,Name_x_Inst,0.10000000000000002
text57-CS-LONG-2603.00079v1,PI,Name_x_Inst,-0.026666666666666693
text58-CS-LONG-2603.01023v1,PI,Name_x_Inst,-0.07333333333333311
text59-CS-LONG-2602.19401v1,PI,Name_x_Inst,-0.21333333333333315
text60-CS-LONG-2602.18518v1,PI,Name_x_Inst,0.1533333333333335
text61-PHY-LONG-2602.03885v1,PI,Name_x_Inst,0.06666666666666658
text62-PHY-LONG-2511.21971v1,PI,Name_x_Inst,0.026666666666666693
text63-PHY-LONG-2512.18015v1,PI,Name_x_Inst,0.07999999999999989
text64-PHY-LONG-2602.23683v1,PI,Name_x_Inst,-0.09999999999999998
text65-PHY-LONG-2601.13267v1,PI,Name_x_Inst,-0.12000000000000006
text66-PHY-LONG-2512.24566v1,PI,Name_x_Inst,0.12666666666666665
text67-PHY-LONG-2602.07636v2,PI,Name_x_Inst,0.12000000000000002
text68-PHY-LONG-2512.18130v1,PI,Name_x_Inst,0.5466666666666666
text69-PHY-LONG-2602.17389v1,PI,Name_x_Inst,0.1866666666666668
text70-PHY-LONG-2602.08188v1,PI,Name_x_Inst,-0.053333333333333365
text71-MATH-LONG-2511.12781v1,PI,Name_x_Inst,-0.31333333333333313
text72-MATH-LONG-2602.06095v1,PI,Name_x_Inst,5.551115123125783e-17
text73-MATH-LONG-2511.18101v1,PI,Name_x_Inst,0.09999999999999995
text74-MATH-LONG-2512.15978v1,PI,Name_x_Inst,0.08666666666666659
text75-MATH-LONG-2511.22140v1,PI,Name_x_Inst,0.2333333333333333
text76-MATH-LONG-2602.20441v1,PI,Name_x_Inst,-0.053333333333333344
text77-MATH-LONG-2601.20851v2,PI,Name_x_Inst,0.09333333333333338
text78-MATH-LONG-2512.17595v1,PI,Name_x_Inst,-0.05999999999999998
text79-MATH-LONG-2512.10129v1,PI,Name_x_Inst,-0.046666666666666634
text80-MATH-LONG-2512.10507v1,PI,Name_x_Inst,0.3466666666666667
text01-BIO-SHORT-2505.02276v1,AR,BF_minus_WM,-0.020000000000000018
text02-BIO-SHORT-2507.04575v1,AR,BF_minus_WM,-0.019999999999999997
text03-BIO-SHORT-2505.11568v3,AR,BF_minus_WM,-0.07999999999999999
text04-BIO-SHORT-2507.08385v1,AR,BF_minus_WM,0.1
text05-BIO-SHORT-2504.10973v1,AR,BF_minus_WM,0.020000000000000018
text06-BIO-SHORT-2506.14789v1,AR,BF_minus_WM,0.039999999999999994
text07-BIO-SHORT-2506.13576v3,AR,BF_minus_WM,-0.07999999999999999
text08-BIO-SHORT-2503.19923v2,AR,BF_minus_WM,0.08
text09-BIO-SHORT-2602.00019v1,AR,BF_minus_WM,0.0
text10-BIO-SHORT-2506.13817v1,AR,BF_minus_WM,-0.13999999999999999
text11-CS-SHORT-2506.09194v1,AR,BF_minus_WM,0.020000000000000018
text12-CS-SHORT-2512.19717v1,AR,BF_minus_WM,0.0
text13-CS-SHORT-2510.04124v5,AR,BF_minus_WM,-0.1
text14-CS-SHORT-2509.13349v2,AR,BF_minus_WM,0.020000000000000018
text15-CS-SHORT-2602.03870v1,AR,BF_minus_WM,4.4408920985006264e-17
text16-CS-SHORT-2509.06033v1,AR,BF_minus_WM,0.25999999999999995
text17-CS-SHORT-2509.16294v1,AR,BF_minus_WM,-0.09999999999999995
text18-CS-SHORT-2507.09492v1,AR,BF_minus_WM,-0.039999999999999994
text19-CS-SHORT-2509.14600v1,AR,BF_minus_WM,-0.019999999999999973
text20-CS-SHORT-2503.14899v1,AR,BF_minus_WM,-0.039999999999999994
text21-PHY-SHORT-2601.23079v1,AR,BF_minus_WM,-0.06000000000000001
text22-PHY-SHORT-2601.23047v1,AR,BF_minus_WM,-0.039999999999999994
text23-PHY-SHORT-2601.23057v1,AR,BF_minus_WM,0.0
text24-PHY-SHORT-2509.16741v1,AR,BF_minus_WM,-0.019999999999999997
text25-PHY-SHORT-2507.08042v1,AR,BF_minus_WM,0.10000000000000002
text26-PHY-SHORT-2512.23538v1,AR,BF_minus_WM,-0.1
text27-PHY-SHORT-2510.18500v1,AR,BF_minus_WM,0.0
text28-PHY-SHORT-2508.20431v1,AR,BF_minus_WM,0.07999999999999999
text29-PHY-SHORT-2509.06825v1,AR,BF_minus_WM,0.020000000000000018
text30-PHY-SHORT-2509.17653v2,AR,BF_minus_WM,-0.040000000000000036
text31-MATH-SHORT-2511.03536v1,AR,BF_minus_WM,-4.4408920985006264e-17
text32-MATH-SHORT-2603.02088v1,AR,BF_minus_WM,0.0
text33-MATH-SHORT-2512.22134v3,AR,BF_minus_WM,0.1
text34-MATH-SHORT-2509.00532v1,AR,BF_minus_WM,0.020000000000000018
text35-MATH-SHORT-2512.06844v1,AR,BF_minus_WM,0.0
text36-MATH-SHORT-2503.09380v2,AR,BF_minus_WM,-0.06000000000000001
text37-MATH-SHORT-2510.26426v1,AR,BF_minus_WM,0.0
text38-MATH-SHORT-2512.04101v1,AR,BF_minus_WM,0.0
text39-MATH-SHORT-2506.11609v2,AR,BF_minus_WM,-0.06000000000000001
text40-MATH-SHORT-2507.15879v2,AR,BF_minus_WM,0.0
text41-BIO-LONG-2512.06709v1,AR,BF_minus_WM,-0.020000000000000018
text42-BIO-LONG-2503.07104v1,AR,BF_minus_WM,0.0
text43-BIO-LONG-2506.16577v1,AR,BF_minus_WM,0.13999999999999999
text44-BIO-LONG-2505.20052v1,AR,BF_minus_WM,0.16
text45-BIO-LONG-2507.17897v4,AR,BF_minus_WM,0.039999999999999994
text46-BIO-LONG-2505.05863v1,AR,BF_minus_WM,-0.040000000000000015
text47-BIO-LONG-2505.21094v1,AR,BF_minus_WM,-0.020000000000000018
text48-BIO-LONG-2602.16750v1,AR,BF_minus_WM,0.0
text49-BIO-LONG-2511.10014v1,AR,BF_minus_WM,-0.039999999999999994
text50-BIO-LONG-2603.01054v1,AR,BF_minus_WM,-0.12000000000000002
text51-CS-LONG-2602.11588v1,AR,BF_minus_WM,-0.13999999999999999
text52-CS-LONG-2602.15675v1,AR,BF_minus_WM,0.020000000000000018
text53-CS-LONG-2603.02012v1,AR,BF_minus_WM,0.0
text54-CS-LONG-2602.23006v1,AR,BF_minus_WM,0.020000000000000018
text55-CS-LONG-2602.21625v1,AR,BF_minus_WM,0.0
text56-CS-LONG-2602.13713v1,AR,BF_minus_WM,-0.06000000000000001
text57-CS-LONG-2603.00079v1,AR,BF_minus_WM,0.1
text58-CS-LONG-2603.01023v1,AR,BF_minus_WM,0.0
text59-CS-LONG-2602.19401v1,AR,BF_minus_WM,0.020000000000000018
text60-CS-LONG-2602.18518v1,AR,BF_minus_WM,0.11999999999999997
text61-PHY-LONG-2602.03885v1,AR,BF_minus_WM,0.0
text62-PHY-LONG-2511.21971v1,AR,BF_minus_WM,-0.039999999999999994
text63-PHY-LONG-2512.18015v1,AR,BF_minus_WM,0.0
text64-PHY-LONG-2602.23683v1,AR,BF_minus_WM,0.020000000000000018
text65-PHY-LONG-2601.13267v1,AR,BF_minus_WM,-0.13999999999999996
text66-PHY-LONG-2512.24566v1,AR,BF_minus_WM,0.0
text67-PHY-LONG-2602.07636v2,AR,BF_minus_WM,0.039999999999999994
text68-PHY-LONG-2512.18130v1,AR,BF_minus_WM,0.06000000000000001
text69-PHY-LONG-2602.17389v1,AR,BF_minus_WM,-0.12
text70-PHY-LONG-2602.08188v1,AR,BF_minus_WM,-0.06000000000000001
text71-MATH-LONG-2511.12781v1,AR,BF_minus_WM,-4.4408920985006264e-17
text72-MATH-LONG-2602.06095v1,AR,BF_minus_WM,0.0
text73-MATH-LONG-2511.18101v1,AR,BF_minus_WM,-0.039999999999999994
text74-MATH-LONG-2512.15978v1,AR,BF_minus_WM,0.0
text75-MATH-LONG-2511.22140v1,AR,BF_minus_WM,0.0
text76-MATH-LONG-2602.20441v1,AR,BF_minus_WM,0.019999999999999973
text77-MATH-LONG-2601.20851v2,AR,BF_minus_WM,-0.05999999999999996
text78-MATH-LONG-2512.17595v1,AR,BF_minus_WM,-0.07999999999999999
text79-MATH-LONG-2512.10129v1,AR,BF_minus_WM,0.0
text80-MATH-LONG-2512.10507v1,AR,BF_minus_WM,0.0
text01-BIO-SHORT-2505.02276v1,AR,HI_minus_LI,0.020000000000000018
text02-BIO-SHORT-2507.04575v1,AR,HI_minus_LI,0.14
text03-BIO-SHORT-2505.11568v3,AR,HI_minus_LI,-0.12000000000000002
text04-BIO-SHORT-2507.08385v1,AR,HI_minus_LI,0.1
text05-BIO-SHORT-2504.10973v1,AR,HI_minus_LI,0.020000000000000018
text06-BIO-SHORT-2506.14789v1,AR,HI_minus_LI,0.039999999999999994
text07-BIO-SHORT-2506.13576v3,AR,HI_minus_LI,0.27999999999999997
text08-BIO-SHORT-2503.19923v2,AR,HI_minus_LI,-0.12
text09-BIO-SHORT-2602.00019v1,AR,HI_minus_LI,0.040000000000000036
text10-BIO-SHORT-2506.13817v1,AR,HI_minus_LI,0.06000000000000001
text11-CS-SHORT-2506.09194v1,AR,HI_minus_LI,-0.020000000000000018
text12-CS-SHORT-2512.19717v1,AR,HI_minus_LI,0.2
text13-CS-SHORT-2510.04124v5,AR,HI_minus_LI,0.020000000000000018
text14-CS-SHORT-2509.13349v2,AR,HI_minus_LI,-0.020000000000000018
text15-CS-SHORT-2602.03870v1,AR,HI_minus_LI,0.039999999999999994
text16-CS-SHORT-2509.06033v1,AR,HI_minus_LI,0.059999999999999984
text17-CS-SHORT-2509.16294v1,AR,HI_minus_LI,0.019999999999999973
text18-CS-SHORT-2507.09492v1,AR,HI_minus_LI,4.4408920985006264e-17
text19-CS-SHORT-2509.14600v1,AR,HI_minus_LI,-0.22000000000000003
text20-CS-SHORT-2503.14899v1,AR,HI_minus_LI,0.039999999999999994
text21-PHY-SHORT-2601.23079v1,AR,HI_minus_LI,0.06000000000000001
text22-PHY-SHORT-2601.23047v1,AR,HI_minus_LI,-0.07999999999999993
text23-PHY-SHORT-2601.23057v1,AR,HI_minus_LI,0.0
text24-PHY-SHORT-2509.16741v1,AR,HI_minus_LI,0.14
text25-PHY-SHORT-2507.08042v1,AR,HI_minus_LI,-0.10000000000000002
text26-PHY-SHORT-2512.23538v1,AR,HI_minus_LI,-0.1
text27-PHY-SHORT-2510.18500v1,AR,HI_minus_LI,0.0
text28-PHY-SHORT-2508.20431v1,AR,HI_minus_LI,0.0
text29-PHY-SHORT-2509.06825v1,AR,HI_minus_LI,0.020000000000000018
text30-PHY-SHORT-2509.17653v2,AR,HI_minus_LI,0.15999999999999998
text31-MATH-SHORT-2511.03536v1,AR,HI_minus_LI,0.039999999999999994
text32-MATH-SHORT-2603.02088v1,AR,HI_minus_LI,0.0
text33-MATH-SHORT-2512.22134v3,AR,HI_minus_LI,-0.05999999999999996
text34-MATH-SHORT-2509.00532v1,AR,HI_minus_LI,-0.020000000000000018
text35-MATH-SHORT-2512.06844v1,AR,HI_minus_LI,0.0
text36-MATH-SHORT-2503.09380v2,AR,HI_minus_LI,0.06000000000000001
text37-MATH-SHORT-2510.26426v1,AR,HI_minus_LI,0.0
text38-MATH-SHORT-2512.04101v1,AR,HI_minus_LI,0.0
text39-MATH-SHORT-2506.11609v2,AR,HI_minus_LI,-0.06000000000000001
text40-MATH-SHORT-2507.15879v2,AR,HI_minus_LI,0.0
text41-BIO-LONG-2512.06709v1,AR,HI_minus_LI,0.020000000000000018
text42-BIO-LONG-2503.07104v1,AR,HI_minus_LI,0.0
text43-BIO-LONG-2506.16577v1,AR,HI_minus_LI,0.13999999999999999
text44-BIO-LONG-2505.20052v1,AR,HI_minus_LI,4.4408920985006264e-17
text45-BIO-LONG-2507.17897v4,AR,HI_minus_LI,-0.16
text46-BIO-LONG-2505.05863v1,AR,HI_minus_LI,0.040000000000000015
text47-BIO-LONG-2505.21094v1,AR,HI_minus_LI,0.020000000000000018
text48-BIO-LONG-2602.16750v1,AR,HI_minus_LI,0.0
text49-BIO-LONG-2511.10014v1,AR,HI_minus_LI,0.039999999999999994
text50-BIO-LONG-2603.01054v1,AR,HI_minus_LI,-0.039999999999999994
text51-CS-LONG-2602.11588v1,AR,HI_minus_LI,-0.05999999999999996
text52-CS-LONG-2602.15675v1,AR,HI_minus_LI,-0.020000000000000018
text53-CS-LONG-2603.02012v1,AR,HI_minus_LI,0.0
text54-CS-LONG-2602.23006v1,AR,HI_minus_LI,-0.020000000000000018
text55-CS-LONG-2602.21625v1,AR,HI_minus_LI,0.0
text56-CS-LONG-2602.13713v1,AR,HI_minus_LI,-0.06000000000000001
text57-CS-LONG-2603.00079v1,AR,HI_minus_LI,0.05999999999999996
text58-CS-LONG-2603.01023v1,AR,HI_minus_LI,0.0
text59-CS-LONG-2602.19401v1,AR,HI_minus_LI,-0.020000000000000018
text60-CS-LONG-2602.18518v1,AR,HI_minus_LI,4.4408920985006264e-17
text61-PHY-LONG-2602.03885v1,AR,HI_minus_LI,0.0
text62-PHY-LONG-2511.21971v1,AR,HI_minus_LI,-0.039999999999999994
text63-PHY-LONG-2512.18015v1,AR,HI_minus_LI,0.0
text64-PHY-LONG-2602.23683v1,AR,HI_minus_LI,0.25999999999999995
text65-PHY-LONG-2601.13267v1,AR,HI_minus_LI,0.020000000000000018
text66-PHY-LONG-2512.24566v1,AR,HI_minus_LI,0.0
text67-PHY-LONG-2602.07636v2,AR,HI_minus_LI,-0.039999999999999994
text68-PHY-LONG-2512.18130v1,AR,HI_minus_LI,0.13999999999999999
text69-PHY-LONG-2602.17389v1,AR,HI_minus_LI,0.08
text70-PHY-LONG-2602.08188v1,AR,HI_minus_LI,0.13999999999999999
text71-MATH-LONG-2511.12781v1,AR,HI_minus_LI,0.19999999999999996
text72-MATH-LONG-2602.06095v1,AR,HI_minus_LI,0.0
text73-MATH-LONG-2511.18101v1,AR,HI_minus_LI,0.039999999999999994
text74-MATH-LONG-2512.15978v1,AR,HI_minus_LI,0.0
text75-MATH-LONG-2511.22140v1,AR,HI_minus_LI,0.0
text76-MATH-LONG-2602.20441v1,AR,HI_minus_LI,0.06000000000000001
text77-MATH-LONG-2601.20851v2,AR,HI_minus_LI,0.05999999999999996
text78-MATH-LONG-2512.17595v1,AR,HI_minus_LI,-0.07999999999999999
text79-MATH-LONG-2512.10129v1,AR,HI_minus_LI,0.0
text80-MATH-LONG-2512.10507v1,AR,HI_minus_LI,0.0
text01-BIO-SHORT-2505.02276v1,AR,Name_x_Inst,0.27999999999999997
text02-BIO-SHORT-2507.04575v1,AR,Name_x_Inst,0.11999999999999997
text03-BIO-SHORT-2505.11568v3,AR,Name_x_Inst,-0.15999999999999998
text04-BIO-SHORT-2507.08385v1,AR,Name_x_Inst,0.2
text05-BIO-SHORT-2504.10973v1,AR,Name_x_Inst,0.040000000000000036
text06-BIO-SHORT-2506.14789v1,AR,Name_x_Inst,-0.07999999999999999
text07-BIO-SHORT-2506.13576v3,AR,Name_x_Inst,-0.15999999999999998
text08-BIO-SHORT-2503.19923v2,AR,Name_x_Inst,-0.16
text09-BIO-SHORT-2602.00019v1,AR,Name_x_Inst,0.0
text10-BIO-SHORT-2506.13817v1,AR,Name_x_Inst,-0.039999999999999945
text11-CS-SHORT-2506.09194v1,AR,Name_x_Inst,0.040000000000000036
text12-CS-SHORT-2512.19717v1,AR,Name_x_Inst,0.0
text13-CS-SHORT-2510.04124v5,AR,Name_x_Inst,-0.2
text14-CS-SHORT-2509.13349v2,AR,Name_x_Inst,0.040000000000000036
text15-CS-SHORT-2602.03870v1,AR,Name_x_Inst,-0.23999999999999994
text16-CS-SHORT-2509.06033v1,AR,Name_x_Inst,0.11999999999999997
text17-CS-SHORT-2509.16294v1,AR,Name_x_Inst,0.039999999999999945
text18-CS-SHORT-2507.09492v1,AR,Name_x_Inst,0.07999999999999999
text19-CS-SHORT-2509.14600v1,AR,Name_x_Inst,-0.040000000000000036
text20-CS-SHORT-2503.14899v1,AR,Name_x_Inst,-0.16000000000000006
text21-PHY-SHORT-2601.23079v1,AR,Name_x_Inst,-0.039999999999999945
text22-PHY-SHORT-2601.23047v1,AR,Name_x_Inst,0.07999999999999999
text23-PHY-SHORT-2601.23057v1,AR,Name_x_Inst,0.0
text24-PHY-SHORT-2509.16741v1,AR,Name_x_Inst,-0.19999999999999996
text25-PHY-SHORT-2507.08042v1,AR,Name_x_Inst,0.11999999999999997
text26-PHY-SHORT-2512.23538v1,AR,Name_x_Inst,0.11999999999999993
text27-PHY-SHORT-2510.18500v1,AR,Name_x_Inst,0.0
text28-PHY-SHORT-2508.20431v1,AR,Name_x_Inst,-0.15999999999999998
text29-PHY-SHORT-2509.06825v1,AR,Name_x_Inst,-0.040000000000000036
text30-PHY-SHORT-2509.17653v2,AR,Name_x_Inst,0.0
text31-MATH-SHORT-2511.03536v1,AR,Name_x_Inst,-0.07999999999999999
text32-MATH-SHORT-2603.02088v1,AR,Name_x_Inst,-0.08000000000000007
text33-MATH-SHORT-2512.22134v3,AR,Name_x_Inst,0.2
text34-MATH-SHORT-2509.00532v1,AR,Name_x_Inst,-0.040000000000000036
text35-MATH-SHORT-2512.06844v1,AR,Name_x_Inst,0.31999999999999995
text36-MATH-SHORT-2503.09380v2,AR,Name_x_Inst,-0.12000000000000002
text37-MATH-SHORT-2510.26426v1,AR,Name_x_Inst,0.0
text38-MATH-SHORT-2512.04101v1,AR,Name_x_Inst,0.07999999999999999
text39-MATH-SHORT-2506.11609v2,AR,Name_x_Inst,-0.12000000000000002
text40-MATH-SHORT-2507.15879v2,AR,Name_x_Inst,0.0
text41-BIO-LONG-2512.06709v1,AR,Name_x_Inst,0.040000000000000036
text42-BIO-LONG-2503.07104v1,AR,Name_x_Inst,0.0
text43-BIO-LONG-2506.16577v1,AR,Name_x_Inst,0.12000000000000002
text44-BIO-LONG-2505.20052v1,AR,Name_x_Inst,-0.07999999999999999
text45-BIO-LONG-2507.17897v4,AR,Name_x_Inst,0.07999999999999999
text46-BIO-LONG-2505.05863v1,AR,Name_x_Inst,-0.31999999999999995
text47-BIO-LONG-2505.21094v1,AR,Name_x_Inst,-0.040000000000000036
text48-BIO-LONG-2602.16750v1,AR,Name_x_Inst,0.0
text49-BIO-LONG-2511.10014v1,AR,Name_x_Inst,-8.881784197001253e-17
text50-BIO-LONG-2603.01054v1,AR,Name_x_Inst,-0.07999999999999999
text51-CS-LONG-2602.11588v1,AR,Name_x_Inst,-0.2
text52-CS-LONG-2602.15675v1,AR,Name_x_Inst,-0.040000000000000036
text53-CS-LONG-2603.02012v1,AR,Name_x_Inst,0.0
text54-CS-LONG-2602.23006v1,AR,Name_x_Inst,-0.11999999999999993
text55-CS-LONG-2602.21625v1,AR,Name_x_Inst,0.0
text56-CS-LONG-2602.13713v1,AR,Name_x_Inst,-0.12000000000000002
text57-CS-LONG-2603.00079v1,AR,Name_x_Inst,0.11999999999999993
text58-CS-LONG-2603.01023v1,AR,Name_x_Inst,0.0
text59-CS-LONG-2602.19401v1,AR,Name_x_Inst,0.040000000000000036
text60-CS-LONG-2602.18518v1,AR,Name_x_Inst,0.07999999999999999
text61-PHY-LONG-2602.03885v1,AR,Name_x_Inst,0.0
text62-PHY-LONG-2511.21971v1,AR,Name_x_Inst,0.07999999999999999
text63-PHY-LONG-2512.18015v1,AR,Name_x_Inst,0.07999999999999989
text64-PHY-LONG-2602.23683v1,AR,Name_x_Inst,-0.11999999999999993
text65-PHY-LONG-2601.13267v1,AR,Name_x_Inst,0.040000000000000036
text66-PHY-LONG-2512.24566v1,AR,Name_x_Inst,0.0
text67-PHY-LONG-2602.07636v2,AR,Name_x_Inst,0.16000000000000006
text68-PHY-LONG-2512.18130v1,AR,Name_x_Inst,0.12000000000000002
text69-PHY-LONG-2602.17389v1,AR,Name_x_Inst,0.07999999999999993
text70-PHY-LONG-2602.08188v1,AR,Name_x_Inst,-0.12000000000000002
text71-MATH-LONG-2511.12781v1,AR,Name_x_Inst,-0.32
text72-MATH-LONG-2602.06095v1,AR,Name_x_Inst,0.0
text73-MATH-LONG-2511.18101v1,AR,Name_x_Inst,0.48
text74-MATH-LONG-2512.15978v1,AR,Name_x_Inst,0.0
text75-MATH-LONG-2511.22140v1,AR,Name_x_Inst,0.0
text76-MATH-LONG-2602.20441v1,AR,Name_x_Inst,-0.039999999999999945
text77-MATH-LONG-2601.20851v2,AR,Name_x_Inst,0.2
text78-MATH-LONG-2512.17595v1,AR,Name_x_Inst,-0.15999999999999998
text79-MATH-LONG-2512.10129v1,AR,Name_x_Inst,-0.3200000000000001
text80-MATH-LONG-2512.10507v1,AR,Name_x_Inst,0.0
text01-BIO-SHORT-2505.02276v1,q01,BF_minus_WM,0.0
text02-BIO-SHORT-2507.04575v1,q01,BF_minus_WM,-0.019999999999999973
text03-BIO-SHORT-2505.11568v3,q01,BF_minus_WM,0.0
text04-BIO-SHORT-2507.08385v1,q01,BF_minus_WM,0.039999999999999994
text05-BIO-SHORT-2504.10973v1,q01,BF_minus_WM,0.06000000000000001
text06-BIO-SHORT-2506.14789v1,q01,BF_minus_WM,0.0
text07-BIO-SHORT-2506.13576v3,q01,BF_minus_WM,-0.18
text08-BIO-SHORT-2503.19923v2,q01,BF_minus_WM,0.0
text09-BIO-SHORT-2602.00019v1,q01,BF_minus_WM,0.1
text10-BIO-SHORT-2506.13817v1,q01,BF_minus_WM,0.06000000000000001
text11-CS-SHORT-2506.09194v1,q01,BF_minus_WM,0.020000000000000018
text12-CS-SHORT-2512.19717v1,q01,BF_minus_WM,0.07999999999999999
text13-CS-SHORT-2510.04124v5,q01,BF_minus_WM,0.0
text14-CS-SHORT-2509.13349v2,q01,BF_minus_WM,0.07999999999999999
text15-CS-SHORT-2602.03870v1,q01,BF_minus_WM,-0.1
text16-CS-SHORT-2509.06033v1,q01,BF_minus_WM,-0.07999999999999999
text17-CS-SHORT-2509.16294v1,q01,BF_minus_WM,0.0
text18-CS-SHORT-2507.09492v1,q01,BF_minus_WM,0.0
text19-CS-SHORT-2509.14600v1,q01,BF_minus_WM,-0.040000000000000036
text20-CS-SHORT-2503.14899v1,q01,BF_minus_WM,-0.020000000000000018
text21-PHY-SHORT-2601.23079v1,q01,BF_minus_WM,0.0
text22-PHY-SHORT-2601.23047v1,q01,BF_minus_WM,-0.07999999999999999
text23-PHY-SHORT-2601.23057v1,q01,BF_minus_WM,0.039999999999999994
text24-PHY-SHORT-2509.16741v1,q01,BF_minus_WM,0.0
text25-PHY-SHORT-2507.08042v1,q01,BF_minus_WM,0.06000000000000003
text26-PHY-SHORT-2512.23538v1,q01,BF_minus_WM,0.0
text27-PHY-SHORT-2510.18500v1,q01,BF_minus_WM,-0.1
text28-PHY-SHORT-2508.20431v1,q01,BF_minus_WM,0.0
text29-PHY-SHORT-2509.06825v1,q01,BF_minus_WM,0.0
text30-PHY-SHORT-2509.17653v2,q01,BF_minus_WM,-0.020000000000000018
text31-MATH-SHORT-2511.03536v1,q01,BF_minus_WM,0.039999999999999945
text32-MATH-SHORT-2603.02088v1,q01,BF_minus_WM,-0.020000000000000018
text33-MATH-SHORT-2512.22134v3,q01,BF_minus_WM,0.0
text34-MATH-SHORT-2509.00532v1,q01,BF_minus_WM,-4.4408920985006264e-17
text35-MATH-SHORT-2512.06844v1,q01,BF_minus_WM,0.0
text36-MATH-SHORT-2503.09380v2,q01,BF_minus_WM,0.0
text37-MATH-SHORT-2510.26426v1,q01,BF_minus_WM,0.0
text38-MATH-SHORT-2512.04101v1,q01,BF_minus_WM,0.0
text39-MATH-SHORT-2506.11609v2,q01,BF_minus_WM,-0.1
text40-MATH-SHORT-2507.15879v2,q01,BF_minus_WM,0.08
text41-BIO-LONG-2512.06709v1,q01,BF_minus_WM,0.0
text42-BIO-LONG-2503.07104v1,q01,BF_minus_WM,0.0
text43-BIO-LONG-2506.16577v1,q01,BF_minus_WM,0.0
text44-BIO-LONG-2505.20052v1,q01,BF_minus_WM,0.0
text45-BIO-LONG-2507.17897v4,q01,BF_minus_WM,-0.039999999999999994
text46-BIO-LONG-2505.05863v1,q01,BF_minus_WM,0.020000000000000018
text47-BIO-LONG-2505.21094v1,q01,BF_minus_WM,-0.1
text48-BIO-LONG-2602.16750v1,q01,BF_minus_WM,0.0
text49-BIO-LONG-2511.10014v1,q01,BF_minus_WM,0.06000000000000001
text50-BIO-LONG-2603.01054v1,q01,BF_minus_WM,-0.15999999999999998
text51-CS-LONG-2602.11588v1,q01,BF_minus_WM,0.0
text52-CS-LONG-2602.15675v1,q01,BF_minus_WM,0.0
text53-CS-LONG-2603.02012v1,q01,BF_minus_WM,0.0
text54-CS-LONG-2602.23006v1,q01,BF_minus_WM,-0.020000000000000018
text55-CS-LONG-2602.21625v1,q01,BF_minus_WM,0.0
text56-CS-LONG-2602.13713v1,q01,BF_minus_WM,0.0
text57-CS-LONG-2603.00079v1,q01,BF_minus_WM,-0.020000000000000018
text58-CS-LONG-2603.01023v1,q01,BF_minus_WM,0.0
text59-CS-LONG-2602.19401v1,q01,BF_minus_WM,0.020000000000000018
text60-CS-LONG-2602.18518v1,q01,BF_minus_WM,-0.020000000000000018
text61-PHY-LONG-2602.03885v1,q01,BF_minus_WM,-0.039999999999999994
text62-PHY-LONG-2511.21971v1,q01,BF_minus_WM,0.0
text63-PHY-LONG-2512.18015v1,q01,BF_minus_WM,0.0
text64-PHY-LONG-2602.23683v1,q01,BF_minus_WM,0.0
text65-PHY-LONG-2601.13267v1,q01,BF_minus_WM,0.0
text66-PHY-LONG-2512.24566v1,q01,BF_minus_WM,0.0
text67-PHY-LONG-2602.07636v2,q01,BF_minus_WM,-0.039999999999999994
text68-PHY-LONG-2512.18130v1,q01,BF_minus_WM,0.0
text69-PHY-LONG-2602.17389v1,q01,BF_minus_WM,-0.020000000000000018
text70-PHY-LONG-2602.08188v1,q01,BF_minus_WM,-0.020000000000000018
text71-MATH-LONG-2511.12781v1,q01,BF_minus_WM,0.0
text72-MATH-LONG-2602.06095v1,q01,BF_minus_WM,0.0
text73-MATH-LONG-2511.18101v1,q01,BF_minus_WM,-0.06000000000000001
text74-MATH-LONG-2512.15978v1,q01,BF_minus_WM,0.0
text75-MATH-LONG-2511.22140v1,q01,BF_minus_WM,0.0
text76-MATH-LONG-2602.20441v1,q01,BF_minus_WM,0.0
text77-MATH-LONG-2601.20851v2,q01,BF_minus_WM,0.0
text78-MATH-LONG-2512.17595v1,q01,BF_minus_WM,-0.07999999999999999
text79-MATH-LONG-2512.10129v1,q01,BF_minus_WM,-0.019999999999999973
text80-MATH-LONG-2512.10507v1,q01,BF_minus_WM,0.0
text01-BIO-SHORT-2505.02276v1,q01,HI_minus_LI,0.0
text02-BIO-SHORT-2507.04575v1,q01,HI_minus_LI,0.019999999999999973
text03-BIO-SHORT-2505.11568v3,q01,HI_minus_LI,0.0
text04-BIO-SHORT-2507.08385v1,q01,HI_minus_LI,-0.16
text05-BIO-SHORT-2504.10973v1,q01,HI_minus_LI,-0.06000000000000001
text06-BIO-SHORT-2506.14789v1,q01,HI_minus_LI,0.0
text07-BIO-SHORT-2506.13576v3,q01,HI_minus_LI,0.020000000000000018
text08-BIO-SHORT-2503.19923v2,q01,HI_minus_LI,0.0
text09-BIO-SHORT-2602.00019v1,q01,HI_minus_LI,0.1
text10-BIO-SHORT-2506.13817v1,q01,HI_minus_LI,0.10000000000000005
text11-CS-SHORT-2506.09194v1,q01,HI_minus_LI,0.05999999999999996
text12-CS-SHORT-2512.19717v1,q01,HI_minus_LI,0.07999999999999999
text13-CS-SHORT-2510.04124v5,q01,HI_minus_LI,0.0
text14-CS-SHORT-2509.13349v2,q01,HI_minus_LI,0.07999999999999999
text15-CS-SHORT-2602.03870v1,q01,HI_minus_LI,0.1
text16-CS-SHORT-2509.06033v1,q01,HI_minus_LI,-0.07999999999999999
text17-CS-SHORT-2509.16294v1,q01,HI_minus_LI,0.0
text18-CS-SHORT-2507.09492v1,q01,HI_minus_LI,0.0
text19-CS-SHORT-2509.14600v1,q01,HI_minus_LI,0.0
text20-CS-SHORT-2503.14899v1,q01,HI_minus_LI,0.020000000000000018
text21-PHY-SHORT-2601.23079v1,q01,HI_minus_LI,0.0
text22-PHY-SHORT-2601.23047v1,q01,HI_minus_LI,-0.07999999999999999
text23-PHY-SHORT-2601.23057v1,q01,HI_minus_LI,-0.16
text24-PHY-SHORT-2509.16741v1,q01,HI_minus_LI,0.0
text25-PHY-SHORT-2507.08042v1,q01,HI_minus_LI,-0.059999999999999984
text26-PHY-SHORT-2512.23538v1,q01,HI_minus_LI,0.0
text27-PHY-SHORT-2510.18500v1,q01,HI_minus_LI,0.1
text28-PHY-SHORT-2508.20431v1,q01,HI_minus_LI,0.0
text29-PHY-SHORT-2509.06825v1,q01,HI_minus_LI,0.0
text30-PHY-SHORT-2509.17653v2,q01,HI_minus_LI,-0.020000000000000018
text31-MATH-SHORT-2511.03536v1,q01,HI_minus_LI,-0.07999999999999999
text32-MATH-SHORT-2603.02088v1,q01,HI_minus_LI,-0.020000000000000018
text33-MATH-SHORT-2512.22134v3,q01,HI_minus_LI,0.040000000000000036
text34-MATH-SHORT-2509.00532v1,q01,HI_minus_LI,-0.11999999999999997
text35-MATH-SHORT-2512.06844v1,q01,HI_minus_LI,0.0
text36-MATH-SHORT-2503.09380v2,q01,HI_minus_LI,0.0
text37-MATH-SHORT-2510.26426v1,q01,HI_minus_LI,0.0
text38-MATH-SHORT-2512.04101v1,q01,HI_minus_LI,0.0
text39-MATH-SHORT-2506.11609v2,q01,HI_minus_LI,-0.1
text40-MATH-SHORT-2507.15879v2,q01,HI_minus_LI,-0.08
text41-BIO-LONG-2512.06709v1,q01,HI_minus_LI,0.0
text42-BIO-LONG-2503.07104v1,q01,HI_minus_LI,0.0
text43-BIO-LONG-2506.16577v1,q01,HI_minus_LI,0.0
text44-BIO-LONG-2505.20052v1,q01,HI_minus_LI,0.0
text45-BIO-LONG-2507.17897v4,q01,HI_minus_LI,-0.039999999999999994
text46-BIO-LONG-2505.05863v1,q01,HI_minus_LI,0.020000000000000018
text47-BIO-LONG-2505.21094v1,q01,HI_minus_LI,0.1
text48-BIO-LONG-2602.16750v1,q01,HI_minus_LI,0.0
text49-BIO-LONG-2511.10014v1,q01,HI_minus_LI,-0.019999999999999973
text50-BIO-LONG-2603.01054v1,q01,HI_minus_LI,0.040000000000000036
text51-CS-LONG-2602.11588v1,q01,HI_minus_LI,0.0
text52-CS-LONG-2602.15675v1,q01,HI_minus_LI,0.0
text53-CS-LONG-2603.02012v1,q01,HI_minus_LI,0.0
text54-CS-LONG-2602.23006v1,q01,HI_minus_LI,0.18
text55-CS-LONG-2602.21625v1,q01,HI_minus_LI,0.0
text56-CS-LONG-2602.13713v1,q01,HI_minus_LI,0.0
text57-CS-LONG-2603.00079v1,q01,HI_minus_LI,0.13999999999999996
text58-CS-LONG-2603.01023v1,q01,HI_minus_LI,0.0
text59-CS-LONG-2602.19401v1,q01,HI_minus_LI,-0.020000000000000018
text60-CS-LONG-2602.18518v1,q01,HI_minus_LI,0.020000000000000018
text61-PHY-LONG-2602.03885v1,q01,HI_minus_LI,0.16
text62-PHY-LONG-2511.21971v1,q01,HI_minus_LI,0.2
text63-PHY-LONG-2512.18015v1,q01,HI_minus_LI,0.0
text64-PHY-LONG-2602.23683v1,q01,HI_minus_LI,0.0
text65-PHY-LONG-2601.13267v1,q01,HI_minus_LI,0.0
text66-PHY-LONG-2512.24566v1,q01,HI_minus_LI,0.0
text67-PHY-LONG-2602.07636v2,q01,HI_minus_LI,0.08000000000000003
text68-PHY-LONG-2512.18130v1,q01,HI_minus_LI,0.0
text69-PHY-LONG-2602.17389v1,q01,HI_minus_LI,0.020000000000000018
text70-PHY-LONG-2602.08188v1,q01,HI_minus_LI,0.18
text71-MATH-LONG-2511.12781v1,q01,HI_minus_LI,0.0
text72-MATH-LONG-2602.06095v1,q01,HI_minus_LI,0.0
text73-MATH-LONG-2511.18101v1,q01,HI_minus_LI,0.06000000000000001
text74-MATH-LONG-2512.15978v1,q01,HI_minus_LI,0.0
text75-MATH-LONG-2511.22140v1,q01,HI_minus_LI,0.0
text76-MATH-LONG-2602.20441v1,q01,HI_minus_LI,0.0
text77-MATH-LONG-2601.20851v2,q01,HI_minus_LI,0.0
text78-MATH-LONG-2512.17595v1,q01,HI_minus_LI,-0.07999999999999999
text79-MATH-LONG-2512.10129v1,q01,HI_minus_LI,-0.019999999999999973
text80-MATH-LONG-2512.10507v1,q01,HI_minus_LI,0.0
text01-BIO-SHORT-2505.02276v1,q01,Name_x_Inst,0.0
text02-BIO-SHORT-2507.04575v1,q01,Name_x_Inst,-0.12000000000000002
text03-BIO-SHORT-2505.11568v3,q01,Name_x_Inst,0.0
text04-BIO-SHORT-2507.08385v1,q01,Name_x_Inst,0.07999999999999999
text05-BIO-SHORT-2504.10973v1,q01,Name_x_Inst,0.1999999999999999
text06-BIO-SHORT-2506.14789v1,q01,Name_x_Inst,0.0
text07-BIO-SHORT-2506.13576v3,q01,Name_x_Inst,-0.36
text08-BIO-SHORT-2503.19923v2,q01,Name_x_Inst,0.0
text09-BIO-SHORT-2602.00019v1,q01,Name_x_Inst,-0.2
text10-BIO-SHORT-2506.13817v1,q01,Name_x_Inst,-0.43999999999999995
text11-CS-SHORT-2506.09194v1,q01,Name_x_Inst,0.040000000000000036
text12-CS-SHORT-2512.19717v1,q01,Name_x_Inst,0.15999999999999998
text13-CS-SHORT-2510.04124v5,q01,Name_x_Inst,0.0
text14-CS-SHORT-2509.13349v2,q01,Name_x_Inst,-0.15999999999999998
text15-CS-SHORT-2602.03870v1,q01,Name_x_Inst,-0.2
text16-CS-SHORT-2509.06033v1,q01,Name_x_Inst,-0.24000000000000005
text17-CS-SHORT-2509.16294v1,q01,Name_x_Inst,0.0
text18-CS-SHORT-2507.09492v1,q01,Name_x_Inst,0.0
text19-CS-SHORT-2509.14600v1,q01,Name_x_Inst,0.0
text20-CS-SHORT-2503.14899v1,q01,Name_x_Inst,-0.040000000000000036
text21-PHY-SHORT-2601.23079v1,q01,Name_x_Inst,0.0
text22-PHY-SHORT-2601.23047v1,q01,Name_x_Inst,-0.15999999999999998
text23-PHY-SHORT-2601.23057v1,q01,Name_x_Inst,0.07999999999999999
text24-PHY-SHORT-2509.16741v1,q01,Name_x_Inst,0.0
text25-PHY-SHORT-2507.08042v1,q01,Name_x_Inst,0.12000000000000006
text26-PHY-SHORT-2512.23538v1,q01,Name_x_Inst,0.0
text27-PHY-SHORT-2510.18500v1,q01,Name_x_Inst,-0.11999999999999993
text28-PHY-SHORT-2508.20431v1,q01,Name_x_Inst,-0.31999999999999995
text29-PHY-SHORT-2509.06825v1,q01,Name_x_Inst,0.0
text30-PHY-SHORT-2509.17653v2,q01,Name_x_Inst,-0.040000000000000036
text31-MATH-SHORT-2511.03536v1,q01,Name_x_Inst,-0.15999999999999998
text32-MATH-SHORT-2603.02088v1,q01,Name_x_Inst,-0.040000000000000036
text33-MATH-SHORT-2512.22134v3,q01,Name_x_Inst,0.0
text34-MATH-SHORT-2509.00532v1,q01,Name_x_Inst,-0.07999999999999999
text35-MATH-SHORT-2512.06844v1,q01,Name_x_Inst,0.0
text36-MATH-SHORT-2503.09380v2,q01,Name_x_Inst,0.0
text37-MATH-SHORT-2510.26426v1,q01,Name_x_Inst,0.0
text38-MATH-SHORT-2512.04101v1,q01,Name_x_Inst,0.0
text39-MATH-SHORT-2506.11609v2,q01,Name_x_Inst,-0.11999999999999993
text40-MATH-SHORT-2507.15879v2,q01,Name_x_Inst,0.16
text41-BIO-LONG-2512.06709v1,q01,Name_x_Inst,0.0
text42-BIO-LONG-2503.07104v1,q01,Name_x_Inst,0.0
text43-BIO-LONG-2506.16577v1,q01,Name_x_Inst,0.0
text44-BIO-LONG-2505.20052v1,q01,Name_x_Inst,0.0
text45-BIO-LONG-2507.17897v4,q01,Name_x_Inst,-0.16000000000000006
text46-BIO-LONG-2505.05863v1,q01,Name_x_Inst,-0.040000000000000036
text47-BIO-LONG-2505.21094v1,q01,Name_x_Inst,-0.2
text48-BIO-LONG-2602.16750v1,q01,Name_x_Inst,0.0
text49-BIO-LONG-2511.10014v1,q01,Name_x_Inst,0.039999999999999945
text50-BIO-LONG-2603.01054v1,q01,Name_x_Inst,0.0
text51-CS-LONG-2602.11588v1,q01,Name_x_Inst,0.0
text52-CS-LONG-2602.15675v1,q01,Name_x_Inst,0.0
text53-CS-LONG-2603.02012v1,q01,Name_x_Inst,0.0
text54-CS-LONG-2602.23006v1,q01,Name_x_Inst,0.040000000000000036
text55-CS-LONG-2602.21625v1,q01,Name_x_Inst,0.0
text56-CS-LONG-2602.13713v1,q01,Name_x_Inst,0.0
text57-CS-LONG-2603.00079v1,q01,Name_x_Inst,0.040000000000000036
text58-CS-LONG-2603.01023v1,q01,Name_x_Inst,0.0
text59-CS-LONG-2602.19401v1,q01,Name_x_Inst,-0.040000000000000036
text60-CS-LONG-2602.18518v1,q01,Name_x_Inst,0.040000000000000036
text61-PHY-LONG-2602.03885v1,q01,Name_x_Inst,0.07999999999999999
text62-PHY-LONG-2511.21971v1,q01,Name_x_Inst,0.0
text63-PHY-LONG-2512.18015v1,q01,Name_x_Inst,0.0
text64-PHY-LONG-2602.23683v1,q01,Name_x_Inst,0.0
text65-PHY-LONG-2601.13267v1,q01,Name_x_Inst,0.0
text66-PHY-LONG-2512.24566v1,q01,Name_x_Inst,0.0
text67-PHY-LONG-2602.07636v2,q01,Name_x_Inst,0.07999999999999999
text68-PHY-LONG-2512.18130v1,q01,Name_x_Inst,0.0
text69-PHY-LONG-2602.17389v1,q01,Name_x_Inst,0.040000000000000036
text70-PHY-LONG-2602.08188v1,q01,Name_x_Inst,-0.040000000000000036
text71-MATH-LONG-2511.12781v1,q01,Name_x_Inst,0.0
text72-MATH-LONG-2602.06095v1,q01,Name_x_Inst,0.0
text73-MATH-LONG-2511.18101v1,q01,Name_x_Inst,0.12000000000000002
text74-MATH-LONG-2512.15978v1,q01,Name_x_Inst,0.0
text75-MATH-LONG-2511.22140v1,q01,Name_x_Inst,0.0
text76-MATH-LONG-2602.20441v1,q01,Name_x_Inst,0.0
text77-MATH-LONG-2601.20851v2,q01,Name_x_Inst,0.0
text78-MATH-LONG-2512.17595v1,q01,Name_x_Inst,-0.15999999999999998
text79-MATH-LONG-2512.10129v1,q01,Name_x_Inst,0.27999999999999997
text80-MATH-LONG-2512.10507v1,q01,Name_x_Inst,0.0
text01-BIO-SHORT-2505.02276v1,q02,BF_minus_WM,-0.040000000000000015
text02-BIO-SHORT-2507.04575v1,q02,BF_minus_WM,0.040000000000000036
text03-BIO-SHORT-2505.11568v3,q02,BF_minus_WM,0.0
text04-BIO-SHORT-2507.08385v1,q02,BF_minus_WM,-0.1
text05-BIO-SHORT-2504.10973v1,q02,BF_minus_WM,0.08000000000000003
text06-BIO-SHORT-2506.14789v1,q02,BF_minus_WM,0.0
text07-BIO-SHORT-2506.13576v3,q02,BF_minus_WM,-0.07999999999999999
text08-BIO-SHORT-2503.19923v2,q02,BF_minus_WM,0.0
text09-BIO-SHORT-2602.00019v1,q02,BF_minus_WM,0.06000000000000001
text10-BIO-SHORT-2506.13817v1,q02,BF_minus_WM,0.06000000000000001
text11-CS-SHORT-2506.09194v1,q02,BF_minus_WM,-0.09999999999999995
text12-CS-SHORT-2512.19717v1,q02,BF_minus_WM,0.0
text13-CS-SHORT-2510.04124v5,q02,BF_minus_WM,-0.11999999999999997
text14-CS-SHORT-2509.13349v2,q02,BF_minus_WM,0.15999999999999998
text15-CS-SHORT-2602.03870v1,q02,BF_minus_WM,0.020000000000000018
text16-CS-SHORT-2509.06033v1,q02,BF_minus_WM,0.0
text17-CS-SHORT-2509.16294v1,q02,BF_minus_WM,-0.07999999999999999
text18-CS-SHORT-2507.09492v1,q02,BF_minus_WM,-0.1
text19-CS-SHORT-2509.14600v1,q02,BF_minus_WM,-0.1
text20-CS-SHORT-2503.14899v1,q02,BF_minus_WM,0.0
text21-PHY-SHORT-2601.23079v1,q02,BF_minus_WM,-0.020000000000000018
text22-PHY-SHORT-2601.23047v1,q02,BF_minus_WM,-0.039999999999999994
text23-PHY-SHORT-2601.23057v1,q02,BF_minus_WM,0.07999999999999999
text24-PHY-SHORT-2509.16741v1,q02,BF_minus_WM,0.0
text25-PHY-SHORT-2507.08042v1,q02,BF_minus_WM,0.28
text26-PHY-SHORT-2512.23538v1,q02,BF_minus_WM,0.0
text27-PHY-SHORT-2510.18500v1,q02,BF_minus_WM,-0.07999999999999999
text28-PHY-SHORT-2508.20431v1,q02,BF_minus_WM,0.0
text29-PHY-SHORT-2509.06825v1,q02,BF_minus_WM,-0.040000000000000015
text30-PHY-SHORT-2509.17653v2,q02,BF_minus_WM,0.09999999999999995
text31-MATH-SHORT-2511.03536v1,q02,BF_minus_WM,0.07999999999999999
text32-MATH-SHORT-2603.02088v1,q02,BF_minus_WM,0.0
text33-MATH-SHORT-2512.22134v3,q02,BF_minus_WM,0.07999999999999999
text34-MATH-SHORT-2509.00532v1,q02,BF_minus_WM,-0.26
text35-MATH-SHORT-2512.06844v1,q02,BF_minus_WM,-0.020000000000000018
text36-MATH-SHORT-2503.09380v2,q02,BF_minus_WM,0.0
text37-MATH-SHORT-2510.26426v1,q02,BF_minus_WM,0.019999999999999973
text38-MATH-SHORT-2512.04101v1,q02,BF_minus_WM,0.0
text39-MATH-SHORT-2506.11609v2,q02,BF_minus_WM,-0.07999999999999999
text40-MATH-SHORT-2507.15879v2,q02,BF_minus_WM,0.0
text41-BIO-LONG-2512.06709v1,q02,BF_minus_WM,0.0
text42-BIO-LONG-2503.07104v1,q02,BF_minus_WM,0.0
text43-BIO-LONG-2506.16577v1,q02,BF_minus_WM,0.0
text44-BIO-LONG-2505.20052v1,q02,BF_minus_WM,0.07999999999999999
text45-BIO-LONG-2507.17897v4,q02,BF_minus_WM,-0.019999999999999973
text46-BIO-LONG-2505.05863v1,q02,BF_minus_WM,-0.08
text47-BIO-LONG-2505.21094v1,q02,BF_minus_WM,0.0
text48-BIO-LONG-2602.16750v1,q02,BF_minus_WM,0.0
text49-BIO-LONG-2511.10014v1,q02,BF_minus_WM,0.020000000000000018
text50-BIO-LONG-2603.01054v1,q02,BF_minus_WM,-0.16
text51-CS-LONG-2602.11588v1,q02,BF_minus_WM,0.0
text52-CS-LONG-2602.15675v1,q02,BF_minus_WM,0.0
text53-CS-LONG-2603.02012v1,q02,BF_minus_WM,0.0
text54-CS-LONG-2602.23006v1,q02,BF_minus_WM,0.0
text55-CS-LONG-2602.21625v1,q02,BF_minus_WM,0.0
text56-CS-LONG-2602.13713v1,q02,BF_minus_WM,0.0
text57-CS-LONG-2603.00079v1,q02,BF_minus_WM,-0.07999999999999999
text58-CS-LONG-2603.01023v1,q02,BF_minus_WM,0.0
text59-CS-LONG-2602.19401v1,q02,BF_minus_WM,0.0
text60-CS-LONG-2602.18518v1,q02,BF_minus_WM,-0.020000000000000018
text61-PHY-LONG-2602.03885v1,q02,BF_minus_WM,-0.07999999999999999
text62-PHY-LONG-2511.21971v1,q02,BF_minus_WM,0.08
text63-PHY-LONG-2512.18015v1,q02,BF_minus_WM,0.019999999999999997
text64-PHY-LONG-2602.23683v1,q02,BF_minus_WM,0.06000000000000001
text65-PHY-LONG-2601.13267v1,q02,BF_minus_WM,-0.019999999999999997
text66-PHY-LONG-2512.24566v1,q02,BF_minus_WM,0.020000000000000018
text67-PHY-LONG-2602.07636v2,q02,BF_minus_WM,0.020000000000000018
text68-PHY-LONG-2512.18130v1,q02,BF_minus_WM,0.019999999999999973
text69-PHY-LONG-2602.17389v1,q02,BF_minus_WM,-0.019999999999999997
text70-PHY-LONG-2602.08188v1,q02,BF_minus_WM,0.05999999999999996
text71-MATH-LONG-2511.12781v1,q02,BF_minus_WM,0.0
text72-MATH-LONG-2602.06095v1,q02,BF_minus_WM,-0.02000000000000004
text73-MATH-LONG-2511.18101v1,q02,BF_minus_WM,-0.020000000000000018
text74-MATH-LONG-2512.15978v1,q02,BF_minus_WM,-0.039999999999999994
text75-MATH-LONG-2511.22140v1,q02,BF_minus_WM,0.0
text76-MATH-LONG-2602.20441v1,q02,BF_minus_WM,0.0
text77-MATH-LONG-2601.20851v2,q02,BF_minus_WM,-0.07999999999999999
text78-MATH-LONG-2512.17595v1,q02,BF_minus_WM,0.0
text79-MATH-LONG-2512.10129v1,q02,BF_minus_WM,0.0
text80-MATH-LONG-2512.10507v1,q02,BF_minus_WM,0.019999999999999973
text01-BIO-SHORT-2505.02276v1,q02,HI_minus_LI,0.040000000000000015
text02-BIO-SHORT-2507.04575v1,q02,HI_minus_LI,0.15999999999999998
text03-BIO-SHORT-2505.11568v3,q02,HI_minus_LI,0.0
text04-BIO-SHORT-2507.08385v1,q02,HI_minus_LI,-0.1
text05-BIO-SHORT-2504.10973v1,q02,HI_minus_LI,0.16
text06-BIO-SHORT-2506.14789v1,q02,HI_minus_LI,0.0
text07-BIO-SHORT-2506.13576v3,q02,HI_minus_LI,-0.07999999999999999
text08-BIO-SHORT-2503.19923v2,q02,HI_minus_LI,0.0
text09-BIO-SHORT-2602.00019v1,q02,HI_minus_LI,-0.019999999999999973
text10-BIO-SHORT-2506.13817v1,q02,HI_minus_LI,-0.019999999999999973
text11-CS-SHORT-2506.09194v1,q02,HI_minus_LI,-0.06000000000000001
text12-CS-SHORT-2512.19717v1,q02,HI_minus_LI,0.0
text13-CS-SHORT-2510.04124v5,q02,HI_minus_LI,0.11999999999999997
text14-CS-SHORT-2509.13349v2,q02,HI_minus_LI,0.2
text15-CS-SHORT-2602.03870v1,q02,HI_minus_LI,-0.020000000000000018
text16-CS-SHORT-2509.06033v1,q02,HI_minus_LI,0.0
text17-CS-SHORT-2509.16294v1,q02,HI_minus_LI,-0.24
text18-CS-SHORT-2507.09492v1,q02,HI_minus_LI,0.1
text19-CS-SHORT-2509.14600v1,q02,HI_minus_LI,-0.1
text20-CS-SHORT-2503.14899v1,q02,HI_minus_LI,0.0
text21-PHY-SHORT-2601.23079v1,q02,HI_minus_LI,0.020000000000000018
text22-PHY-SHORT-2601.23047v1,q02,HI_minus_LI,0.039999999999999994
text23-PHY-SHORT-2601.23057v1,q02,HI_minus_LI,0.07999999999999999
text24-PHY-SHORT-2509.16741v1,q02,HI_minus_LI,0.0
text25-PHY-SHORT-2507.08042v1,q02,HI_minus_LI,-1.1102230246251566e-17
text26-PHY-SHORT-2512.23538v1,q02,HI_minus_LI,0.0
text27-PHY-SHORT-2510.18500v1,q02,HI_minus_LI,0.07999999999999999
text28-PHY-SHORT-2508.20431v1,q02,HI_minus_LI,0.0
text29-PHY-SHORT-2509.06825v1,q02,HI_minus_LI,-0.040000000000000015
text30-PHY-SHORT-2509.17653v2,q02,HI_minus_LI,-0.019999999999999973
text31-MATH-SHORT-2511.03536v1,q02,HI_minus_LI,-0.07999999999999999
text32-MATH-SHORT-2603.02088v1,q02,HI_minus_LI,-0.040000000000000036
text33-MATH-SHORT-2512.22134v3,q02,HI_minus_LI,-0.07999999999999999
text34-MATH-SHORT-2509.00532v1,q02,HI_minus_LI,-0.06000000000000001
text35-MATH-SHORT-2512.06844v1,q02,HI_minus_LI,0.020000000000000018
text36-MATH-SHORT-2503.09380v2,q02,HI_minus_LI,0.0
text37-MATH-SHORT-2510.26426v1,q02,HI_minus_LI,0.019999999999999973
text38-MATH-SHORT-2512.04101v1,q02,HI_minus_LI,0.0
text39-MATH-SHORT-2506.11609v2,q02,HI_minus_LI,0.07999999999999999
text40-MATH-SHORT-2507.15879v2,q02,HI_minus_LI,0.0
text41-BIO-LONG-2512.06709v1,q02,HI_minus_LI,0.0
text42-BIO-LONG-2503.07104v1,q02,HI_minus_LI,0.0
text43-BIO-LONG-2506.16577v1,q02,HI_minus_LI,0.0
text44-BIO-LONG-2505.20052v1,q02,HI_minus_LI,0.07999999999999999
text45-BIO-LONG-2507.17897v4,q02,HI_minus_LI,-0.06000000000000001
text46-BIO-LONG-2505.05863v1,q02,HI_minus_LI,-0.08
text47-BIO-LONG-2505.21094v1,q02,HI_minus_LI,0.0
text48-BIO-LONG-2602.16750v1,q02,HI_minus_LI,0.0
text49-BIO-LONG-2511.10014v1,q02,HI_minus_LI,-0.05999999999999996
text50-BIO-LONG-2603.01054v1,q02,HI_minus_LI,0.0
text51-CS-LONG-2602.11588v1,q02,HI_minus_LI,0.0
text52-CS-LONG-2602.15675v1,q02,HI_minus_LI,0.0
text53-CS-LONG-2603.02012v1,q02,HI_minus_LI,0.0
text54-CS-LONG-2602.23006v1,q02,HI_minus_LI,0.0
text55-CS-LONG-2602.21625v1,q02,HI_minus_LI,0.0
text56-CS-LONG-2602.13713v1,q02,HI_minus_LI,0.0
text57-CS-LONG-2603.00079v1,q02,HI_minus_LI,0.07999999999999999
text58-CS-LONG-2603.01023v1,q02,HI_minus_LI,0.0
text59-CS-LONG-2602.19401v1,q02,HI_minus_LI,0.0
text60-CS-LONG-2602.18518v1,q02,HI_minus_LI,0.020000000000000018
text61-PHY-LONG-2602.03885v1,q02,HI_minus_LI,0.12000000000000002
text62-PHY-LONG-2511.21971v1,q02,HI_minus_LI,2.2204460492503132e-17
text63-PHY-LONG-2512.18015v1,q02,HI_minus_LI,0.019999999999999997
text64-PHY-LONG-2602.23683v1,q02,HI_minus_LI,0.26
text65-PHY-LONG-2601.13267v1,q02,HI_minus_LI,0.059999999999999984
text66-PHY-LONG-2512.24566v1,q02,HI_minus_LI,0.18
text67-PHY-LONG-2602.07636v2,q02,HI_minus_LI,0.020000000000000018
text68-PHY-LONG-2512.18130v1,q02,HI_minus_LI,0.13999999999999999
text69-PHY-LONG-2602.17389v1,q02,HI_minus_LI,0.10000000000000002
text70-PHY-LONG-2602.08188v1,q02,HI_minus_LI,0.1
text71-MATH-LONG-2511.12781v1,q02,HI_minus_LI,0.2
text72-MATH-LONG-2602.06095v1,q02,HI_minus_LI,-0.10000000000000002
text73-MATH-LONG-2511.18101v1,q02,HI_minus_LI,-0.020000000000000018
text74-MATH-LONG-2512.15978v1,q02,HI_minus_LI,-0.11999999999999997
text75-MATH-LONG-2511.22140v1,q02,HI_minus_LI,0.0
text76-MATH-LONG-2602.20441v1,q02,HI_minus_LI,0.0
text77-MATH-LONG-2601.20851v2,q02,HI_minus_LI,0.07999999999999999
text78-MATH-LONG-2512.17595v1,q02,HI_minus_LI,0.0
text79-MATH-LONG-2512.10129v1,q02,HI_minus_LI,0.0
text80-MATH-LONG-2512.10507v1,q02,HI_minus_LI,0.13999999999999999
text01-BIO-SHORT-2505.02276v1,q02,Name_x_Inst,-0.16
text02-BIO-SHORT-2507.04575v1,q02,Name_x_Inst,0.0
text03-BIO-SHORT-2505.11568v3,q02,Name_x_Inst,0.0
text04-BIO-SHORT-2507.08385v1,q02,Name_x_Inst,-0.2
text05-BIO-SHORT-2504.10973v1,q02,Name_x_Inst,0.32
text06-BIO-SHORT-2506.14789v1,q02,Name_x_Inst,0.0
text07-BIO-SHORT-2506.13576v3,q02,Name_x_Inst,-0.15999999999999998
text08-BIO-SHORT-2503.19923v2,q02,Name_x_Inst,0.0
text09-BIO-SHORT-2602.00019v1,q02,Name_x_Inst,-0.27999999999999997
text10-BIO-SHORT-2506.13817v1,q02,Name_x_Inst,0.27999999999999997
text11-CS-SHORT-2506.09194v1,q02,Name_x_Inst,-0.039999999999999945
text12-CS-SHORT-2512.19717v1,q02,Name_x_Inst,0.0
text13-CS-SHORT-2510.04124v5,q02,Name_x_Inst,-0.32
text14-CS-SHORT-2509.13349v2,q02,Name_x_Inst,0.0
text15-CS-SHORT-2602.03870v1,q02,Name_x_Inst,0.040000000000000036
text16-CS-SHORT-2509.06033v1,q02,Name_x_Inst,0.0
text17-CS-SHORT-2509.16294v1,q02,Name_x_Inst,-0.07999999999999999
text18-CS-SHORT-2507.09492v1,q02,Name_x_Inst,0.2
text19-CS-SHORT-2509.14600v1,q02,Name_x_Inst,0.12000000000000002
text20-CS-SHORT-2503.14899v1,q02,Name_x_Inst,0.0
text21-PHY-SHORT-2601.23079v1,q02,Name_x_Inst,-0.040000000000000036
text22-PHY-SHORT-2601.23047v1,q02,Name_x_Inst,0.16000000000000006
text23-PHY-SHORT-2601.23057v1,q02,Name_x_Inst,0.15999999999999998
text24-PHY-SHORT-2509.16741v1,q02,Name_x_Inst,0.0
text25-PHY-SHORT-2507.08042v1,q02,Name_x_Inst,0.24000000000000005
text26-PHY-SHORT-2512.23538v1,q02,Name_x_Inst,0.0
text27-PHY-SHORT-2510.18500v1,q02,Name_x_Inst,0.15999999999999998
text28-PHY-SHORT-2508.20431v1,q02,Name_x_Inst,0.0
text29-PHY-SHORT-2509.06825v1,q02,Name_x_Inst,-0.24
text30-PHY-SHORT-2509.17653v2,q02,Name_x_Inst,-0.039999999999999945
text31-MATH-SHORT-2511.03536v1,q02,Name_x_Inst,-0.24000000000000005
text32-MATH-SHORT-2603.02088v1,q02,Name_x_Inst,0.0
text33-MATH-SHORT-2512.22134v3,q02,Name_x_Inst,0.15999999999999998
text34-MATH-SHORT-2509.00532v1,q02,Name_x_Inst,-0.2
text35-MATH-SHORT-2512.06844v1,q02,Name_x_Inst,0.2799999999999999
text36-MATH-SHORT-2503.09380v2,q02,Name_x_Inst,0.0
text37-MATH-SHORT-2510.26426v1,q02,Name_x_Inst,-0.27999999999999997
text38-MATH-SHORT-2512.04101v1,q02,Name_x_Inst,0.0
text39-MATH-SHORT-2506.11609v2,q02,Name_x_Inst,0.15999999999999998
text40-MATH-SHORT-2507.15879v2,q02,Name_x_Inst,0.0
text41-BIO-LONG-2512.06709v1,q02,Name_x_Inst,0.0
text42-BIO-LONG-2503.07104v1,q02,Name_x_Inst,0.0
text43-BIO-LONG-2506.16577v1,q02,Name_x_Inst,0.0
text44-BIO-LONG-2505.20052v1,q02,Name_x_Inst,-0.15999999999999998
text45-BIO-LONG-2507.17897v4,q02,Name_x_Inst,0.039999999999999945
text46-BIO-LONG-2505.05863v1,q02,Name_x_Inst,-0.16
text47-BIO-LONG-2505.21094v1,q02,Name_x_Inst,0.0
text48-BIO-LONG-2602.16750v1,q02,Name_x_Inst,0.0
text49-BIO-LONG-2511.10014v1,q02,Name_x_Inst,0.040000000000000036
text50-BIO-LONG-2603.01054v1,q02,Name_x_Inst,0.0
text51-CS-LONG-2602.11588v1,q02,Name_x_Inst,0.0
text52-CS-LONG-2602.15675v1,q02,Name_x_Inst,0.0
text53-CS-LONG-2603.02012v1,q02,Name_x_Inst,0.0
text54-CS-LONG-2602.23006v1,q02,Name_x_Inst,0.0
text55-CS-LONG-2602.21625v1,q02,Name_x_Inst,0.0
text56-CS-LONG-2602.13713v1,q02,Name_x_Inst,0.08000000000000007
text57-CS-LONG-2603.00079v1,q02,Name_x_Inst,-0.15999999999999998
text58-CS-LONG-2603.01023v1,q02,Name_x_Inst,0.0
text59-CS-LONG-2602.19401v1,q02,Name_x_Inst,0.0
text60-CS-LONG-2602.18518v1,q02,Name_x_Inst,-0.040000000000000036
text61-PHY-LONG-2602.03885v1,q02,Name_x_Inst,0.15999999999999998
text62-PHY-LONG-2511.21971v1,q02,Name_x_Inst,-0.07999999999999993
text63-PHY-LONG-2512.18015v1,q02,Name_x_Inst,-0.039999999999999994
text64-PHY-LONG-2602.23683v1,q02,Name_x_Inst,-0.12000000000000002
text65-PHY-LONG-2601.13267v1,q02,Name_x_Inst,-0.04000000000000008
text66-PHY-LONG-2512.24566v1,q02,Name_x_Inst,-0.040000000000000036
text67-PHY-LONG-2602.07636v2,q02,Name_x_Inst,0.040000000000000036
text68-PHY-LONG-2512.18130v1,q02,Name_x_Inst,0.5999999999999999
text69-PHY-LONG-2602.17389v1,q02,Name_x_Inst,0.11999999999999997
text70-PHY-LONG-2602.08188v1,q02,Name_x_Inst,0.11999999999999993
text71-MATH-LONG-2511.12781v1,q02,Name_x_Inst,0.0
text72-MATH-LONG-2602.06095v1,q02,Name_x_Inst,0.039999999999999994
text73-MATH-LONG-2511.18101v1,q02,Name_x_Inst,0.040000000000000036
text74-MATH-LONG-2512.15978v1,q02,Name_x_Inst,0.07999999999999999
text75-MATH-LONG-2511.22140v1,q02,Name_x_Inst,0.0
text76-MATH-LONG-2602.20441v1,q02,Name_x_Inst,0.0
text77-MATH-LONG-2601.20851v2,q02,Name_x_Inst,0.15999999999999998
text78-MATH-LONG-2512.17595v1,q02,Name_x_Inst,0.0
text79-MATH-LONG-2512.10129v1,q02,Name_x_Inst,0.0
text80-MATH-LONG-2512.10507v1,q02,Name_x_Inst,-0.039999999999999945
text01-BIO-SHORT-2505.02276v1,q03,BF_minus_WM,-0.039999999999999994
text02-BIO-SHORT-2507.04575v1,q03,BF_minus_WM,0.039999999999999994
text03-BIO-SHORT-2505.11568v3,q03,BF_minus_WM,-0.08
text04-BIO-SHORT-2507.08385v1,q03,BF_minus_WM,0.09999999999999995
text05-BIO-SHORT-2504.10973v1,q03,BF_minus_WM,-0.019999999999999997
text06-BIO-SHORT-2506.14789v1,q03,BF_minus_WM,0.0
text07-BIO-SHORT-2506.13576v3,q03,BF_minus_WM,-0.05999999999999996
text08-BIO-SHORT-2503.19923v2,q03,BF_minus_WM,-0.14
text09-BIO-SHORT-2602.00019v1,q03,BF_minus_WM,-0.22000000000000003
text10-BIO-SHORT-2506.13817v1,q03,BF_minus_WM,-0.07999999999999999
text11-CS-SHORT-2506.09194v1,q03,BF_minus_WM,0.08
text12-CS-SHORT-2512.19717v1,q03,BF_minus_WM,0.0
text13-CS-SHORT-2510.04124v5,q03,BF_minus_WM,-0.18
text14-CS-SHORT-2509.13349v2,q03,BF_minus_WM,-0.07999999999999999
text15-CS-SHORT-2602.03870v1,q03,BF_minus_WM,-0.039999999999999994
text16-CS-SHORT-2509.06033v1,q03,BF_minus_WM,-0.18
text17-CS-SHORT-2509.16294v1,q03,BF_minus_WM,-0.019999999999999997
text18-CS-SHORT-2507.09492v1,q03,BF_minus_WM,0.0
text19-CS-SHORT-2509.14600v1,q03,BF_minus_WM,0.019999999999999997
text20-CS-SHORT-2503.14899v1,q03,BF_minus_WM,0.0
text21-PHY-SHORT-2601.23079v1,q03,BF_minus_WM,0.11999999999999997
text22-PHY-SHORT-2601.23047v1,q03,BF_minus_WM,-0.3
text23-PHY-SHORT-2601.23057v1,q03,BF_minus_WM,0.54
text24-PHY-SHORT-2509.16741v1,q03,BF_minus_WM,-0.13999999999999999
text25-PHY-SHORT-2507.08042v1,q03,BF_minus_WM,-0.05999999999999996
text26-PHY-SHORT-2512.23538v1,q03,BF_minus_WM,0.0
text27-PHY-SHORT-2510.18500v1,q03,BF_minus_WM,0.06000000000000001
text28-PHY-SHORT-2508.20431v1,q03,BF_minus_WM,0.06000000000000001
text29-PHY-SHORT-2509.06825v1,q03,BF_minus_WM,0.21999999999999997
text30-PHY-SHORT-2509.17653v2,q03,BF_minus_WM,0.0
text31-MATH-SHORT-2511.03536v1,q03,BF_minus_WM,-0.06000000000000001
text32-MATH-SHORT-2603.02088v1,q03,BF_minus_WM,0.039999999999999994
text33-MATH-SHORT-2512.22134v3,q03,BF_minus_WM,-0.020000000000000018
text34-MATH-SHORT-2509.00532v1,q03,BF_minus_WM,-0.22000000000000003
text35-MATH-SHORT-2512.06844v1,q03,BF_minus_WM,0.0
text36-MATH-SHORT-2503.09380v2,q03,BF_minus_WM,0.12
text37-MATH-SHORT-2510.26426v1,q03,BF_minus_WM,-0.18
text38-MATH-SHORT-2512.04101v1,q03,BF_minus_WM,0.06
text39-MATH-SHORT-2506.11609v2,q03,BF_minus_WM,-0.12
text40-MATH-SHORT-2507.15879v2,q03,BF_minus_WM,0.26
text41-BIO-LONG-2512.06709v1,q03,BF_minus_WM,0.12
text42-BIO-LONG-2503.07104v1,q03,BF_minus_WM,0.0
text43-BIO-LONG-2506.16577v1,q03,BF_minus_WM,-0.22000000000000003
text44-BIO-LONG-2505.20052v1,q03,BF_minus_WM,-0.16
text45-BIO-LONG-2507.17897v4,q03,BF_minus_WM,-0.2
text46-BIO-LONG-2505.05863v1,q03,BF_minus_WM,-0.040000000000000015
text47-BIO-LONG-2505.21094v1,q03,BF_minus_WM,-0.08
text48-BIO-LONG-2602.16750v1,q03,BF_minus_WM,0.0
text49-BIO-LONG-2511.10014v1,q03,BF_minus_WM,0.08000000000000003
text50-BIO-LONG-2603.01054v1,q03,BF_minus_WM,-0.2
text51-CS-LONG-2602.11588v1,q03,BF_minus_WM,0.0
text52-CS-LONG-2602.15675v1,q03,BF_minus_WM,0.0
text53-CS-LONG-2603.02012v1,q03,BF_minus_WM,0.039999999999999994
text54-CS-LONG-2602.23006v1,q03,BF_minus_WM,0.0
text55-CS-LONG-2602.21625v1,q03,BF_minus_WM,-0.12
text56-CS-LONG-2602.13713v1,q03,BF_minus_WM,0.040000000000000036
text57-CS-LONG-2603.00079v1,q03,BF_minus_WM,-0.11999999999999997
text58-CS-LONG-2603.01023v1,q03,BF_minus_WM,0.0
text59-CS-LONG-2602.19401v1,q03,BF_minus_WM,0.0
text60-CS-LONG-2602.18518v1,q03,BF_minus_WM,0.0
text61-PHY-LONG-2602.03885v1,q03,BF_minus_WM,0.09999999999999998
text62-PHY-LONG-2511.21971v1,q03,BF_minus_WM,0.0
text63-PHY-LONG-2512.18015v1,q03,BF_minus_WM,-0.08000000000000003
text64-PHY-LONG-2602.23683v1,q03,BF_minus_WM,0.16
text65-PHY-LONG-2601.13267v1,q03,BF_minus_WM,0.06000000000000001
text66-PHY-LONG-2512.24566v1,q03,BF_minus_WM,-0.059999999999999984
text67-PHY-LONG-2602.07636v2,q03,BF_minus_WM,-0.040000000000000036
text68-PHY-LONG-2512.18130v1,q03,BF_minus_WM,-0.16
text69-PHY-LONG-2602.17389v1,q03,BF_minus_WM,0.16
text70-PHY-LONG-2602.08188v1,q03,BF_minus_WM,0.2
text71-MATH-LONG-2511.12781v1,q03,BF_minus_WM,0.0
text72-MATH-LONG-2602.06095v1,q03,BF_minus_WM,0.019999999999999973
text73-MATH-LONG-2511.18101v1,q03,BF_minus_WM,-0.18
text74-MATH-LONG-2512.15978v1,q03,BF_minus_WM,-0.07999999999999999
text75-MATH-LONG-2511.22140v1,q03,BF_minus_WM,-0.040000000000000015
text76-MATH-LONG-2602.20441v1,q03,BF_minus_WM,-0.039999999999999994
text77-MATH-LONG-2601.20851v2,q03,BF_minus_WM,-0.039999999999999994
text78-MATH-LONG-2512.17595v1,q03,BF_minus_WM,0.0
text79-MATH-LONG-2512.10129v1,q03,BF_minus_WM,0.22000000000000003
text80-MATH-LONG-2512.10507v1,q03,BF_minus_WM,-0.18
text01-BIO-SHORT-2505.02276v1,q03,HI_minus_LI,0.039999999999999994
text02-BIO-SHORT-2507.04575v1,q03,HI_minus_LI,-0.039999999999999994
text03-BIO-SHORT-2505.11568v3,q03,HI_minus_LI,-0.52
text04-BIO-SHORT-2507.08385v1,q03,HI_minus_LI,0.13999999999999999
text05-BIO-SHORT-2504.10973v1,q03,HI_minus_LI,-0.38
text06-BIO-SHORT-2506.14789v1,q03,HI_minus_LI,0.0
text07-BIO-SHORT-2506.13576v3,q03,HI_minus_LI,0.05999999999999996
text08-BIO-SHORT-2503.19923v2,q03,HI_minus_LI,-0.18
text09-BIO-SHORT-2602.00019v1,q03,HI_minus_LI,0.019999999999999997
text10-BIO-SHORT-2506.13817v1,q03,HI_minus_LI,-0.07999999999999999
text11-CS-SHORT-2506.09194v1,q03,HI_minus_LI,0.15999999999999998
text12-CS-SHORT-2512.19717v1,q03,HI_minus_LI,0.0
text13-CS-SHORT-2510.04124v5,q03,HI_minus_LI,0.14000000000000004
text14-CS-SHORT-2509.13349v2,q03,HI_minus_LI,-0.07999999999999999
text15-CS-SHORT-2602.03870v1,q03,HI_minus_LI,-0.039999999999999994
text16-CS-SHORT-2509.06033v1,q03,HI_minus_LI,-0.18
text17-CS-SHORT-2509.16294v1,q03,HI_minus_LI,-0.18
text18-CS-SHORT-2507.09492v1,q03,HI_minus_LI,0.0
text19-CS-SHORT-2509.14600v1,q03,HI_minus_LI,0.019999999999999997
text20-CS-SHORT-2503.14899v1,q03,HI_minus_LI,0.0
text21-PHY-SHORT-2601.23079v1,q03,HI_minus_LI,-0.039999999999999994
text22-PHY-SHORT-2601.23047v1,q03,HI_minus_LI,0.3
text23-PHY-SHORT-2601.23057v1,q03,HI_minus_LI,0.06000000000000001
text24-PHY-SHORT-2509.16741v1,q03,HI_minus_LI,-0.06000000000000001
text25-PHY-SHORT-2507.08042v1,q03,HI_minus_LI,0.019999999999999997
text26-PHY-SHORT-2512.23538v1,q03,HI_minus_LI,0.0
text27-PHY-SHORT-2510.18500v1,q03,HI_minus_LI,0.09999999999999995
text28-PHY-SHORT-2508.20431v1,q03,HI_minus_LI,-0.5
text29-PHY-SHORT-2509.06825v1,q03,HI_minus_LI,0.020000000000000018
text30-PHY-SHORT-2509.17653v2,q03,HI_minus_LI,-0.07999999999999999
text31-MATH-SHORT-2511.03536v1,q03,HI_minus_LI,-0.06000000000000001
text32-MATH-SHORT-2603.02088v1,q03,HI_minus_LI,-0.039999999999999994
text33-MATH-SHORT-2512.22134v3,q03,HI_minus_LI,-0.1
text34-MATH-SHORT-2509.00532v1,q03,HI_minus_LI,-0.34
text35-MATH-SHORT-2512.06844v1,q03,HI_minus_LI,0.039999999999999994
text36-MATH-SHORT-2503.09380v2,q03,HI_minus_LI,-0.08
text37-MATH-SHORT-2510.26426v1,q03,HI_minus_LI,-0.18
text38-MATH-SHORT-2512.04101v1,q03,HI_minus_LI,0.14
text39-MATH-SHORT-2506.11609v2,q03,HI_minus_LI,-0.15999999999999998
text40-MATH-SHORT-2507.15879v2,q03,HI_minus_LI,0.26
text41-BIO-LONG-2512.06709v1,q03,HI_minus_LI,0.19999999999999998
text42-BIO-LONG-2503.07104v1,q03,HI_minus_LI,0.0
text43-BIO-LONG-2506.16577v1,q03,HI_minus_LI,0.10000000000000002
text44-BIO-LONG-2505.20052v1,q03,HI_minus_LI,-0.16
text45-BIO-LONG-2507.17897v4,q03,HI_minus_LI,0.15999999999999998
text46-BIO-LONG-2505.05863v1,q03,HI_minus_LI,0.2
text47-BIO-LONG-2505.21094v1,q03,HI_minus_LI,0.08
text48-BIO-LONG-2602.16750v1,q03,HI_minus_LI,0.0
text49-BIO-LONG-2511.10014v1,q03,HI_minus_LI,0.039999999999999994
text50-BIO-LONG-2603.01054v1,q03,HI_minus_LI,-0.12
text51-CS-LONG-2602.11588v1,q03,HI_minus_LI,0.0
text52-CS-LONG-2602.15675v1,q03,HI_minus_LI,0.0
text53-CS-LONG-2603.02012v1,q03,HI_minus_LI,0.039999999999999994
text54-CS-LONG-2602.23006v1,q03,HI_minus_LI,0.0
text55-CS-LONG-2602.21625v1,q03,HI_minus_LI,0.48
text56-CS-LONG-2602.13713v1,q03,HI_minus_LI,0.0
text57-CS-LONG-2603.00079v1,q03,HI_minus_LI,0.04
text58-CS-LONG-2603.01023v1,q03,HI_minus_LI,0.0
text59-CS-LONG-2602.19401v1,q03,HI_minus_LI,0.0
text60-CS-LONG-2602.18518v1,q03,HI_minus_LI,0.0
text61-PHY-LONG-2602.03885v1,q03,HI_minus_LI,-0.14
text62-PHY-LONG-2511.21971v1,q03,HI_minus_LI,-0.2
text63-PHY-LONG-2512.18015v1,q03,HI_minus_LI,-0.24
text64-PHY-LONG-2602.23683v1,q03,HI_minus_LI,0.16
text65-PHY-LONG-2601.13267v1,q03,HI_minus_LI,-0.06000000000000001
text66-PHY-LONG-2512.24566v1,q03,HI_minus_LI,0.14
text67-PHY-LONG-2602.07636v2,q03,HI_minus_LI,0.2
text68-PHY-LONG-2512.18130v1,q03,HI_minus_LI,-0.24
text69-PHY-LONG-2602.17389v1,q03,HI_minus_LI,-0.16
text70-PHY-LONG-2602.08188v1,q03,HI_minus_LI,0.76
text71-MATH-LONG-2511.12781v1,q03,HI_minus_LI,0.0
text72-MATH-LONG-2602.06095v1,q03,HI_minus_LI,0.1
text73-MATH-LONG-2511.18101v1,q03,HI_minus_LI,-0.06000000000000003
text74-MATH-LONG-2512.15978v1,q03,HI_minus_LI,0.0
text75-MATH-LONG-2511.22140v1,q03,HI_minus_LI,-0.040000000000000015
text76-MATH-LONG-2602.20441v1,q03,HI_minus_LI,-0.039999999999999994
text77-MATH-LONG-2601.20851v2,q03,HI_minus_LI,0.039999999999999994
text78-MATH-LONG-2512.17595v1,q03,HI_minus_LI,-0.07999999999999999
text79-MATH-LONG-2512.10129v1,q03,HI_minus_LI,0.019999999999999997
text80-MATH-LONG-2512.10507v1,q03,HI_minus_LI,0.10000000000000002
text01-BIO-SHORT-2505.02276v1,q03,Name_x_Inst,0.0
text02-BIO-SHORT-2507.04575v1,q03,Name_x_Inst,-0.16000000000000006
text03-BIO-SHORT-2505.11568v3,q03,Name_x_Inst,-0.5599999999999999
text04-BIO-SHORT-2507.08385v1,q03,Name_x_Inst,0.52
text05-BIO-SHORT-2504.10973v1,q03,Name_x_Inst,-0.12000000000000002
text06-BIO-SHORT-2506.14789v1,q03,Name_x_Inst,0.0
text07-BIO-SHORT-2506.13576v3,q03,Name_x_Inst,0.44000000000000006
text08-BIO-SHORT-2503.19923v2,q03,Name_x_Inst,0.039999999999999994
text09-BIO-SHORT-2602.00019v1,q03,Name_x_Inst,-0.039999999999999994
text10-BIO-SHORT-2506.13817v1,q03,Name_x_Inst,0.15999999999999998
text11-CS-SHORT-2506.09194v1,q03,Name_x_Inst,0.16
text12-CS-SHORT-2512.19717v1,q03,Name_x_Inst,0.0
text13-CS-SHORT-2510.04124v5,q03,Name_x_Inst,-0.2
text14-CS-SHORT-2509.13349v2,q03,Name_x_Inst,0.15999999999999998
text15-CS-SHORT-2602.03870v1,q03,Name_x_Inst,0.07999999999999999
text16-CS-SHORT-2509.06033v1,q03,Name_x_Inst,-0.28
text17-CS-SHORT-2509.16294v1,q03,Name_x_Inst,0.28
text18-CS-SHORT-2507.09492v1,q03,Name_x_Inst,0.0
text19-CS-SHORT-2509.14600v1,q03,Name_x_Inst,-0.039999999999999994
text20-CS-SHORT-2503.14899v1,q03,Name_x_Inst,0.0
text21-PHY-SHORT-2601.23079v1,q03,Name_x_Inst,-0.07999999999999999
text22-PHY-SHORT-2601.23047v1,q03,Name_x_Inst,0.2
text23-PHY-SHORT-2601.23057v1,q03,Name_x_Inst,0.6
text24-PHY-SHORT-2509.16741v1,q03,Name_x_Inst,-0.12000000000000002
text25-PHY-SHORT-2507.08042v1,q03,Name_x_Inst,-0.9199999999999999
text26-PHY-SHORT-2512.23538v1,q03,Name_x_Inst,0.0
text27-PHY-SHORT-2510.18500v1,q03,Name_x_Inst,-0.12000000000000002
text28-PHY-SHORT-2508.20431v1,q03,Name_x_Inst,-0.11999999999999993
text29-PHY-SHORT-2509.06825v1,q03,Name_x_Inst,-0.12000000000000002
text30-PHY-SHORT-2509.17653v2,q03,Name_x_Inst,0.0
text31-MATH-SHORT-2511.03536v1,q03,Name_x_Inst,-0.040000000000000036
text32-MATH-SHORT-2603.02088v1,q03,Name_x_Inst,0.07999999999999999
text33-MATH-SHORT-2512.22134v3,q03,Name_x_Inst,0.52
text34-MATH-SHORT-2509.00532v1,q03,Name_x_Inst,0.6
text35-MATH-SHORT-2512.06844v1,q03,Name_x_Inst,0.0
text36-MATH-SHORT-2503.09380v2,q03,Name_x_Inst,0.16
text37-MATH-SHORT-2510.26426v1,q03,Name_x_Inst,0.36
text38-MATH-SHORT-2512.04101v1,q03,Name_x_Inst,-0.20000000000000004
text39-MATH-SHORT-2506.11609v2,q03,Name_x_Inst,-0.31999999999999995
text40-MATH-SHORT-2507.15879v2,q03,Name_x_Inst,0.44000000000000006
text41-BIO-LONG-2512.06709v1,q03,Name_x_Inst,0.72
text42-BIO-LONG-2503.07104v1,q03,Name_x_Inst,0.0
text43-BIO-LONG-2506.16577v1,q03,Name_x_Inst,0.44000000000000006
text44-BIO-LONG-2505.20052v1,q03,Name_x_Inst,0.32
text45-BIO-LONG-2507.17897v4,q03,Name_x_Inst,-2.2204460492503132e-17
text46-BIO-LONG-2505.05863v1,q03,Name_x_Inst,-0.08000000000000003
text47-BIO-LONG-2505.21094v1,q03,Name_x_Inst,0.08000000000000003
text48-BIO-LONG-2602.16750v1,q03,Name_x_Inst,0.0
text49-BIO-LONG-2511.10014v1,q03,Name_x_Inst,0.07999999999999999
text50-BIO-LONG-2603.01054v1,q03,Name_x_Inst,-0.24
text51-CS-LONG-2602.11588v1,q03,Name_x_Inst,0.0
text52-CS-LONG-2602.15675v1,q03,Name_x_Inst,0.0
text53-CS-LONG-2603.02012v1,q03,Name_x_Inst,0.07999999999999999
text54-CS-LONG-2602.23006v1,q03,Name_x_Inst,-0.15999999999999998
text55-CS-LONG-2602.21625v1,q03,Name_x_Inst,0.24
text56-CS-LONG-2602.13713v1,q03,Name_x_Inst,0.0
text57-CS-LONG-2603.00079v1,q03,Name_x_Inst,-0.08
text58-CS-LONG-2603.01023v1,q03,Name_x_Inst,0.0
text59-CS-LONG-2602.19401v1,q03,Name_x_Inst,0.64
text60-CS-LONG-2602.18518v1,q03,Name_x_Inst,0.0
text61-PHY-LONG-2602.03885v1,q03,Name_x_Inst,-0.19999999999999996
text62-PHY-LONG-2511.21971v1,q03,Name_x_Inst,0.24000000000000005
text63-PHY-LONG-2512.18015v1,q03,Name_x_Inst,-0.32
text64-PHY-LONG-2602.23683v1,q03,Name_x_Inst,0.32
text65-PHY-LONG-2601.13267v1,q03,Name_x_Inst,-0.12000000000000002
text66-PHY-LONG-2512.24566v1,q03,Name_x_Inst,0.11999999999999997
text67-PHY-LONG-2602.07636v2,q03,Name_x_Inst,-0.24000000000000005
text68-PHY-LONG-2512.18130v1,q03,Name_x_Inst,0.16000000000000006
text69-PHY-LONG-2602.17389v1,q03,Name_x_Inst,-0.48
text70-PHY-LONG-2602.08188v1,q03,Name_x_Inst,0.31999999999999995
text71-MATH-LONG-2511.12781v1,q03,Name_x_Inst,0.0
text72-MATH-LONG-2602.06095v1,q03,Name_x_Inst,-0.12000000000000002
text73-MATH-LONG-2511.18101v1,q03,Name_x_Inst,-0.20000000000000004
text74-MATH-LONG-2512.15978v1,q03,Name_x_Inst,0.0
text75-MATH-LONG-2511.22140v1,q03,Name_x_Inst,0.5599999999999999
text76-MATH-LONG-2602.20441v1,q03,Name_x_Inst,0.07999999999999999
text77-MATH-LONG-2601.20851v2,q03,Name_x_Inst,0.07999999999999999
text78-MATH-LONG-2512.17595v1,q03,Name_x_Inst,-0.64
text79-MATH-LONG-2512.10129v1,q03,Name_x_Inst,0.039999999999999994
text80-MATH-LONG-2512.10507v1,q03,Name_x_Inst,-0.36000000000000004
text01-BIO-SHORT-2505.02276v1,q04,BF_minus_WM,0.019999999999999973
text02-BIO-SHORT-2507.04575v1,q04,BF_minus_WM,0.0
text03-BIO-SHORT-2505.11568v3,q04,BF_minus_WM,0.0
text04-BIO-SHORT-2507.08385v1,q04,BF_minus_WM,0.0
text05-BIO-SHORT-2504.10973v1,q04,BF_minus_WM,0.0
text06-BIO-SHORT-2506.14789v1,q04,BF_minus_WM,0.0
text07-BIO-SHORT-2506.13576v3,q04,BF_minus_WM,0.06000000000000001
text08-BIO-SHORT-2503.19923v2,q04,BF_minus_WM,-0.039999999999999994
text09-BIO-SHORT-2602.00019v1,q04,BF_minus_WM,0.020000000000000018
text10-BIO-SHORT-2506.13817v1,q04,BF_minus_WM,0.0
text11-CS-SHORT-2506.09194v1,q04,BF_minus_WM,0.020000000000000018
text12-CS-SHORT-2512.19717v1,q04,BF_minus_WM,0.1
text13-CS-SHORT-2510.04124v5,q04,BF_minus_WM,0.0
text14-CS-SHORT-2509.13349v2,q04,BF_minus_WM,0.0
text15-CS-SHORT-2602.03870v1,q04,BF_minus_WM,0.0
text16-CS-SHORT-2509.06033v1,q04,BF_minus_WM,0.0
text17-CS-SHORT-2509.16294v1,q04,BF_minus_WM,0.0
text18-CS-SHORT-2507.09492v1,q04,BF_minus_WM,-0.1
text19-CS-SHORT-2509.14600v1,q04,BF_minus_WM,-0.020000000000000018
text20-CS-SHORT-2503.14899v1,q04,BF_minus_WM,0.0
text21-PHY-SHORT-2601.23079v1,q04,BF_minus_WM,0.0
text22-PHY-SHORT-2601.23047v1,q04,BF_minus_WM,0.0
text23-PHY-SHORT-2601.23057v1,q04,BF_minus_WM,0.0
text24-PHY-SHORT-2509.16741v1,q04,BF_minus_WM,-0.020000000000000018
text25-PHY-SHORT-2507.08042v1,q04,BF_minus_WM,-0.039999999999999994
text26-PHY-SHORT-2512.23538v1,q04,BF_minus_WM,0.0
text27-PHY-SHORT-2510.18500v1,q04,BF_minus_WM,0.0
text28-PHY-SHORT-2508.20431v1,q04,BF_minus_WM,0.0
text29-PHY-SHORT-2509.06825v1,q04,BF_minus_WM,0.0
text30-PHY-SHORT-2509.17653v2,q04,BF_minus_WM,0.0
text31-MATH-SHORT-2511.03536v1,q04,BF_minus_WM,-0.020000000000000018
text32-MATH-SHORT-2603.02088v1,q04,BF_minus_WM,-0.019999999999999997
text33-MATH-SHORT-2512.22134v3,q04,BF_minus_WM,0.06000000000000001
text34-MATH-SHORT-2509.00532v1,q04,BF_minus_WM,-0.1
text35-MATH-SHORT-2512.06844v1,q04,BF_minus_WM,0.0
text36-MATH-SHORT-2503.09380v2,q04,BF_minus_WM,-0.06000000000000001
text37-MATH-SHORT-2510.26426v1,q04,BF_minus_WM,0.0
text38-MATH-SHORT-2512.04101v1,q04,BF_minus_WM,0.020000000000000018
text39-MATH-SHORT-2506.11609v2,q04,BF_minus_WM,0.0
text40-MATH-SHORT-2507.15879v2,q04,BF_minus_WM,0.0
text41-BIO-LONG-2512.06709v1,q04,BF_minus_WM,0.0
text42-BIO-LONG-2503.07104v1,q04,BF_minus_WM,0.0
text43-BIO-LONG-2506.16577v1,q04,BF_minus_WM,0.24
text44-BIO-LONG-2505.20052v1,q04,BF_minus_WM,0.15999999999999998
text45-BIO-LONG-2507.17897v4,q04,BF_minus_WM,-0.020000000000000018
text46-BIO-LONG-2505.05863v1,q04,BF_minus_WM,-0.020000000000000018
text47-BIO-LONG-2505.21094v1,q04,BF_minus_WM,0.0
text48-BIO-LONG-2602.16750v1,q04,BF_minus_WM,0.0
text49-BIO-LONG-2511.10014v1,q04,BF_minus_WM,0.040000000000000036
text50-BIO-LONG-2603.01054v1,q04,BF_minus_WM,0.020000000000000018
text51-CS-LONG-2602.11588v1,q04,BF_minus_WM,0.0
text52-CS-LONG-2602.15675v1,q04,BF_minus_WM,0.0
text53-CS-LONG-2603.02012v1,q04,BF_minus_WM,0.0
text54-CS-LONG-2602.23006v1,q04,BF_minus_WM,0.0
text55-CS-LONG-2602.21625v1,q04,BF_minus_WM,0.0
text56-CS-LONG-2602.13713v1,q04,BF_minus_WM,0.0
text57-CS-LONG-2603.00079v1,q04,BF_minus_WM,0.0
text58-CS-LONG-2603.01023v1,q04,BF_minus_WM,0.0
text59-CS-LONG-2602.19401v1,q04,BF_minus_WM,0.0
text60-CS-LONG-2602.18518v1,q04,BF_minus_WM,0.0
text61-PHY-LONG-2602.03885v1,q04,BF_minus_WM,0.0
text62-PHY-LONG-2511.21971v1,q04,BF_minus_WM,0.020000000000000018
text63-PHY-LONG-2512.18015v1,q04,BF_minus_WM,0.0
text64-PHY-LONG-2602.23683v1,q04,BF_minus_WM,0.0
text65-PHY-LONG-2601.13267v1,q04,BF_minus_WM,0.0
text66-PHY-LONG-2512.24566v1,q04,BF_minus_WM,0.0
text67-PHY-LONG-2602.07636v2,q04,BF_minus_WM,0.0
text68-PHY-LONG-2512.18130v1,q04,BF_minus_WM,-0.06000000000000001
text69-PHY-LONG-2602.17389v1,q04,BF_minus_WM,0.0
text70-PHY-LONG-2602.08188v1,q04,BF_minus_WM,0.0
text71-MATH-LONG-2511.12781v1,q04,BF_minus_WM,0.0
text72-MATH-LONG-2602.06095v1,q04,BF_minus_WM,0.1
text73-MATH-LONG-2511.18101v1,q04,BF_minus_WM,-0.040000000000000036
text74-MATH-LONG-2512.15978v1,q04,BF_minus_WM,-0.020000000000000018
text75-MATH-LONG-2511.22140v1,q04,BF_minus_WM,0.0
text76-MATH-LONG-2602.20441v1,q04,BF_minus_WM,0.08000000000000003
text77-MATH-LONG-2601.20851v2,q04,BF_minus_WM,0.0
text78-MATH-LONG-2512.17595v1,q04,BF_minus_WM,0.0
text79-MATH-LONG-2512.10129v1,q04,BF_minus_WM,0.0
text80-MATH-LONG-2512.10507v1,q04,BF_minus_WM,0.0
text01-BIO-SHORT-2505.02276v1,q04,HI_minus_LI,0.13999999999999999
text02-BIO-SHORT-2507.04575v1,q04,HI_minus_LI,0.0
text03-BIO-SHORT-2505.11568v3,q04,HI_minus_LI,0.0
text04-BIO-SHORT-2507.08385v1,q04,HI_minus_LI,0.0
text05-BIO-SHORT-2504.10973v1,q04,HI_minus_LI,0.0
text06-BIO-SHORT-2506.14789v1,q04,HI_minus_LI,0.0
text07-BIO-SHORT-2506.13576v3,q04,HI_minus_LI,0.13999999999999999
text08-BIO-SHORT-2503.19923v2,q04,HI_minus_LI,-0.08000000000000003
text09-BIO-SHORT-2602.00019v1,q04,HI_minus_LI,0.020000000000000018
text10-BIO-SHORT-2506.13817v1,q04,HI_minus_LI,0.0
text11-CS-SHORT-2506.09194v1,q04,HI_minus_LI,-0.020000000000000018
text12-CS-SHORT-2512.19717v1,q04,HI_minus_LI,0.1
text13-CS-SHORT-2510.04124v5,q04,HI_minus_LI,0.0
text14-CS-SHORT-2509.13349v2,q04,HI_minus_LI,0.2
text15-CS-SHORT-2602.03870v1,q04,HI_minus_LI,0.0
text16-CS-SHORT-2509.06033v1,q04,HI_minus_LI,0.0
text17-CS-SHORT-2509.16294v1,q04,HI_minus_LI,0.0
text18-CS-SHORT-2507.09492v1,q04,HI_minus_LI,0.1
text19-CS-SHORT-2509.14600v1,q04,HI_minus_LI,0.020000000000000018
text20-CS-SHORT-2503.14899v1,q04,HI_minus_LI,0.0
text21-PHY-SHORT-2601.23079v1,q04,HI_minus_LI,0.0
text22-PHY-SHORT-2601.23047v1,q04,HI_minus_LI,0.0
text23-PHY-SHORT-2601.23057v1,q04,HI_minus_LI,0.0
text24-PHY-SHORT-2509.16741v1,q04,HI_minus_LI,-0.020000000000000018
text25-PHY-SHORT-2507.08042v1,q04,HI_minus_LI,0.039999999999999994
text26-PHY-SHORT-2512.23538v1,q04,HI_minus_LI,0.0
text27-PHY-SHORT-2510.18500v1,q04,HI_minus_LI,0.0
text28-PHY-SHORT-2508.20431v1,q04,HI_minus_LI,0.0
text29-PHY-SHORT-2509.06825v1,q04,HI_minus_LI,0.0
text30-PHY-SHORT-2509.17653v2,q04,HI_minus_LI,0.0
text31-MATH-SHORT-2511.03536v1,q04,HI_minus_LI,-0.020000000000000018
text32-MATH-SHORT-2603.02088v1,q04,HI_minus_LI,-0.019999999999999997
text33-MATH-SHORT-2512.22134v3,q04,HI_minus_LI,-0.06000000000000001
text34-MATH-SHORT-2509.00532v1,q04,HI_minus_LI,-0.1
text35-MATH-SHORT-2512.06844v1,q04,HI_minus_LI,0.0
text36-MATH-SHORT-2503.09380v2,q04,HI_minus_LI,0.06000000000000001
text37-MATH-SHORT-2510.26426v1,q04,HI_minus_LI,0.0
text38-MATH-SHORT-2512.04101v1,q04,HI_minus_LI,0.05999999999999996
text39-MATH-SHORT-2506.11609v2,q04,HI_minus_LI,0.0
text40-MATH-SHORT-2507.15879v2,q04,HI_minus_LI,0.0
text41-BIO-LONG-2512.06709v1,q04,HI_minus_LI,0.0
text42-BIO-LONG-2503.07104v1,q04,HI_minus_LI,0.0
text43-BIO-LONG-2506.16577v1,q04,HI_minus_LI,0.039999999999999994
text44-BIO-LONG-2505.20052v1,q04,HI_minus_LI,0.040000000000000036
text45-BIO-LONG-2507.17897v4,q04,HI_minus_LI,-0.020000000000000018
text46-BIO-LONG-2505.05863v1,q04,HI_minus_LI,0.020000000000000018
text47-BIO-LONG-2505.21094v1,q04,HI_minus_LI,0.0
text48-BIO-LONG-2602.16750v1,q04,HI_minus_LI,0.0
text49-BIO-LONG-2511.10014v1,q04,HI_minus_LI,0.0
text50-BIO-LONG-2603.01054v1,q04,HI_minus_LI,0.020000000000000018
text51-CS-LONG-2602.11588v1,q04,HI_minus_LI,0.0
text52-CS-LONG-2602.15675v1,q04,HI_minus_LI,0.0
text53-CS-LONG-2603.02012v1,q04,HI_minus_LI,0.0
text54-CS-LONG-2602.23006v1,q04,HI_minus_LI,0.0
text55-CS-LONG-2602.21625v1,q04,HI_minus_LI,0.0
text56-CS-LONG-2602.13713v1,q04,HI_minus_LI,0.0
text57-CS-LONG-2603.00079v1,q04,HI_minus_LI,0.0
text58-CS-LONG-2603.01023v1,q04,HI_minus_LI,0.0
text59-CS-LONG-2602.19401v1,q04,HI_minus_LI,0.0
text60-CS-LONG-2602.18518v1,q04,HI_minus_LI,0.0
text61-PHY-LONG-2602.03885v1,q04,HI_minus_LI,0.0
text62-PHY-LONG-2511.21971v1,q04,HI_minus_LI,0.020000000000000018
text63-PHY-LONG-2512.18015v1,q04,HI_minus_LI,0.0
text64-PHY-LONG-2602.23683v1,q04,HI_minus_LI,0.0
text65-PHY-LONG-2601.13267v1,q04,HI_minus_LI,0.0
text66-PHY-LONG-2512.24566v1,q04,HI_minus_LI,0.0
text67-PHY-LONG-2602.07636v2,q04,HI_minus_LI,0.0
text68-PHY-LONG-2512.18130v1,q04,HI_minus_LI,0.13999999999999999
text69-PHY-LONG-2602.17389v1,q04,HI_minus_LI,0.0
text70-PHY-LONG-2602.08188v1,q04,HI_minus_LI,0.0
text71-MATH-LONG-2511.12781v1,q04,HI_minus_LI,0.0
text72-MATH-LONG-2602.06095v1,q04,HI_minus_LI,-0.020000000000000018
text73-MATH-LONG-2511.18101v1,q04,HI_minus_LI,0.0
text74-MATH-LONG-2512.15978v1,q04,HI_minus_LI,0.020000000000000018
text75-MATH-LONG-2511.22140v1,q04,HI_minus_LI,0.0
text76-MATH-LONG-2602.20441v1,q04,HI_minus_LI,-0.039999999999999994
text77-MATH-LONG-2601.20851v2,q04,HI_minus_LI,0.0
text78-MATH-LONG-2512.17595v1,q04,HI_minus_LI,0.0
text79-MATH-LONG-2512.10129v1,q04,HI_minus_LI,0.0
text80-MATH-LONG-2512.10507v1,q04,HI_minus_LI,0.0
text01-BIO-SHORT-2505.02276v1,q04,Name_x_Inst,0.12000000000000002
text02-BIO-SHORT-2507.04575v1,q04,Name_x_Inst,0.0
text03-BIO-SHORT-2505.11568v3,q04,Name_x_Inst,0.0
text04-BIO-SHORT-2507.08385v1,q04,Name_x_Inst,0.0
text05-BIO-SHORT-2504.10973v1,q04,Name_x_Inst,0.0
text06-BIO-SHORT-2506.14789v1,q04,Name_x_Inst,0.0
text07-BIO-SHORT-2506.13576v3,q04,Name_x_Inst,-0.12000000000000002
text08-BIO-SHORT-2503.19923v2,q04,Name_x_Inst,-0.07999999999999999
text09-BIO-SHORT-2602.00019v1,q04,Name_x_Inst,-0.040000000000000036
text10-BIO-SHORT-2506.13817v1,q04,Name_x_Inst,0.0
text11-CS-SHORT-2506.09194v1,q04,Name_x_Inst,0.040000000000000036
text12-CS-SHORT-2512.19717v1,q04,Name_x_Inst,0.2
text13-CS-SHORT-2510.04124v5,q04,Name_x_Inst,0.0
text14-CS-SHORT-2509.13349v2,q04,Name_x_Inst,0.0
text15-CS-SHORT-2602.03870v1,q04,Name_x_Inst,0.0
text16-CS-SHORT-2509.06033v1,q04,Name_x_Inst,0.0
text17-CS-SHORT-2509.16294v1,q04,Name_x_Inst,0.0
text18-CS-SHORT-2507.09492v1,q04,Name_x_Inst,0.2
text19-CS-SHORT-2509.14600v1,q04,Name_x_Inst,0.040000000000000036
text20-CS-SHORT-2503.14899v1,q04,Name_x_Inst,0.0
text21-PHY-SHORT-2601.23079v1,q04,Name_x_Inst,0.0
text22-PHY-SHORT-2601.23047v1,q04,Name_x_Inst,0.0
text23-PHY-SHORT-2601.23057v1,q04,Name_x_Inst,0.0
text24-PHY-SHORT-2509.16741v1,q04,Name_x_Inst,-0.040000000000000036
text25-PHY-SHORT-2507.08042v1,q04,Name_x_Inst,0.07999999999999999
text26-PHY-SHORT-2512.23538v1,q04,Name_x_Inst,0.0
text27-PHY-SHORT-2510.18500v1,q04,Name_x_Inst,0.0
text28-PHY-SHORT-2508.20431v1,q04,Name_x_Inst,0.0
text29-PHY-SHORT-2509.06825v1,q04,Name_x_Inst,0.0
text30-PHY-SHORT-2509.17653v2,q04,Name_x_Inst,0.0
text31-MATH-SHORT-2511.03536v1,q04,Name_x_Inst,-0.040000000000000036
text32-MATH-SHORT-2603.02088v1,q04,Name_x_Inst,0.039999999999999994
text33-MATH-SHORT-2512.22134v3,q04,Name_x_Inst,0.12000000000000002
text34-MATH-SHORT-2509.00532v1,q04,Name_x_Inst,-0.2
text35-MATH-SHORT-2512.06844v1,q04,Name_x_Inst,0.0
text36-MATH-SHORT-2503.09380v2,q04,Name_x_Inst,-0.2
text37-MATH-SHORT-2510.26426v1,q04,Name_x_Inst,0.0
text38-MATH-SHORT-2512.04101v1,q04,Name_x_Inst,0.040000000000000036
text39-MATH-SHORT-2506.11609v2,q04,Name_x_Inst,0.0
text40-MATH-SHORT-2507.15879v2,q04,Name_x_Inst,0.0
text41-BIO-LONG-2512.06709v1,q04,Name_x_Inst,0.0
text42-BIO-LONG-2503.07104v1,q04,Name_x_Inst,0.0
text43-BIO-LONG-2506.16577v1,q04,Name_x_Inst,-0.07999999999999999
text44-BIO-LONG-2505.20052v1,q04,Name_x_Inst,0.0
text45-BIO-LONG-2507.17897v4,q04,Name_x_Inst,-0.040000000000000036
text46-BIO-LONG-2505.05863v1,q04,Name_x_Inst,0.040000000000000036
text47-BIO-LONG-2505.21094v1,q04,Name_x_Inst,0.0
text48-BIO-LONG-2602.16750v1,q04,Name_x_Inst,0.0
text49-BIO-LONG-2511.10014v1,q04,Name_x_Inst,0.0
text50-BIO-LONG-2603.01054v1,q04,Name_x_Inst,-0.040000000000000036
text51-CS-LONG-2602.11588v1,q04,Name_x_Inst,0.0
text52-CS-LONG-2602.15675v1,q04,Name_x_Inst,0.0
text53-CS-LONG-2603.02012v1,q04,Name_x_Inst,0.0
text54-CS-LONG-2602.23006v1,q04,Name_x_Inst,0.0
text55-CS-LONG-2602.21625v1,q04,Name_x_Inst,0.0
text56-CS-LONG-2602.13713v1,q04,Name_x_Inst,0.0
text57-CS-LONG-2603.00079v1,q04,Name_x_Inst,0.0
text58-CS-LONG-2603.01023v1,q04,Name_x_Inst,0.0
text59-CS-LONG-2602.19401v1,q04,Name_x_Inst,0.0
text60-CS-LONG-2602.18518v1,q04,Name_x_Inst,0.0
text61-PHY-LONG-2602.03885v1,q04,Name_x_Inst,0.0
text62-PHY-LONG-2511.21971v1,q04,Name_x_Inst,-0.040000000000000036
text63-PHY-LONG-2512.18015v1,q04,Name_x_Inst,0.0
text64-PHY-LONG-2602.23683v1,q04,Name_x_Inst,0.0
text65-PHY-LONG-2601.13267v1,q04,Name_x_Inst,0.0
text66-PHY-LONG-2512.24566v1,q04,Name_x_Inst,0.0
text67-PHY-LONG-2602.07636v2,q04,Name_x_Inst,0.0
text68-PHY-LONG-2512.18130v1,q04,Name_x_Inst,0.12000000000000002
text69-PHY-LONG-2602.17389v1,q04,Name_x_Inst,0.0
text70-PHY-LONG-2602.08188v1,q04,Name_x_Inst,0.0
text71-MATH-LONG-2511.12781v1,q04,Name_x_Inst,0.0
text72-MATH-LONG-2602.06095v1,q04,Name_x_Inst,0.2799999999999999
text73-MATH-LONG-2511.18101v1,q04,Name_x_Inst,0.0
text74-MATH-LONG-2512.15978v1,q04,Name_x_Inst,0.040000000000000036
text75-MATH-LONG-2511.22140v1,q04,Name_x_Inst,0.0
text76-MATH-LONG-2602.20441v1,q04,Name_x_Inst,0.07999999999999999
text77-MATH-LONG-2601.20851v2,q04,Name_x_Inst,0.0
text78-MATH-LONG-2512.17595v1,q04,Name_x_Inst,0.0
text79-MATH-LONG-2512.10129v1,q04,Name_x_Inst,0.0
text80-MATH-LONG-2512.10507v1,q04,Name_x_Inst,0.0
text01-BIO-SHORT-2505.02276v1,q05,BF_minus_WM,0.15999999999999998
text02-BIO-SHORT-2507.04575v1,q05,BF_minus_WM,0.0
text03-BIO-SHORT-2505.11568v3,q05,BF_minus_WM,0.0
text04-BIO-SHORT-2507.08385v1,q05,BF_minus_WM,0.0
text05-BIO-SHORT-2504.10973v1,q05,BF_minus_WM,0.020000000000000018
text06-BIO-SHORT-2506.14789v1,q05,BF_minus_WM,0.0
text07-BIO-SHORT-2506.13576v3,q05,BF_minus_WM,0.0
text08-BIO-SHORT-2503.19923v2,q05,BF_minus_WM,-0.08
text09-BIO-SHORT-2602.00019v1,q05,BF_minus_WM,0.1
text10-BIO-SHORT-2506.13817v1,q05,BF_minus_WM,-0.039999999999999994
text11-CS-SHORT-2506.09194v1,q05,BF_minus_WM,0.020000000000000018
text12-CS-SHORT-2512.19717v1,q05,BF_minus_WM,0.07999999999999999
text13-CS-SHORT-2510.04124v5,q05,BF_minus_WM,0.0
text14-CS-SHORT-2509.13349v2,q05,BF_minus_WM,0.0
text15-CS-SHORT-2602.03870v1,q05,BF_minus_WM,0.0
text16-CS-SHORT-2509.06033v1,q05,BF_minus_WM,0.0
text17-CS-SHORT-2509.16294v1,q05,BF_minus_WM,0.040000000000000036
text18-CS-SHORT-2507.09492v1,q05,BF_minus_WM,0.0
text19-CS-SHORT-2509.14600v1,q05,BF_minus_WM,-0.020000000000000018
text20-CS-SHORT-2503.14899v1,q05,BF_minus_WM,-0.039999999999999994
text21-PHY-SHORT-2601.23079v1,q05,BF_minus_WM,0.0
text22-PHY-SHORT-2601.23047v1,q05,BF_minus_WM,0.0
text23-PHY-SHORT-2601.23057v1,q05,BF_minus_WM,0.0
text24-PHY-SHORT-2509.16741v1,q05,BF_minus_WM,-0.020000000000000018
text25-PHY-SHORT-2507.08042v1,q05,BF_minus_WM,0.019999999999999952
text26-PHY-SHORT-2512.23538v1,q05,BF_minus_WM,0.0
text27-PHY-SHORT-2510.18500v1,q05,BF_minus_WM,0.0
text28-PHY-SHORT-2508.20431v1,q05,BF_minus_WM,0.0
text29-PHY-SHORT-2509.06825v1,q05,BF_minus_WM,0.020000000000000018
text30-PHY-SHORT-2509.17653v2,q05,BF_minus_WM,0.0
text31-MATH-SHORT-2511.03536v1,q05,BF_minus_WM,-0.1
text32-MATH-SHORT-2603.02088v1,q05,BF_minus_WM,-0.06000000000000001
text33-MATH-SHORT-2512.22134v3,q05,BF_minus_WM,0.0
text34-MATH-SHORT-2509.00532v1,q05,BF_minus_WM,0.0
text35-MATH-SHORT-2512.06844v1,q05,BF_minus_WM,0.0
text36-MATH-SHORT-2503.09380v2,q05,BF_minus_WM,4.4408920985006264e-17
text37-MATH-SHORT-2510.26426v1,q05,BF_minus_WM,0.0
text38-MATH-SHORT-2512.04101v1,q05,BF_minus_WM,0.0
text39-MATH-SHORT-2506.11609v2,q05,BF_minus_WM,0.0
text40-MATH-SHORT-2507.15879v2,q05,BF_minus_WM,0.0
text41-BIO-LONG-2512.06709v1,q05,BF_minus_WM,0.0
text42-BIO-LONG-2503.07104v1,q05,BF_minus_WM,0.0
text43-BIO-LONG-2506.16577v1,q05,BF_minus_WM,0.0
text44-BIO-LONG-2505.20052v1,q05,BF_minus_WM,0.2
text45-BIO-LONG-2507.17897v4,q05,BF_minus_WM,-0.020000000000000018
text46-BIO-LONG-2505.05863v1,q05,BF_minus_WM,0.10000000000000002
text47-BIO-LONG-2505.21094v1,q05,BF_minus_WM,0.07999999999999999
text48-BIO-LONG-2602.16750v1,q05,BF_minus_WM,0.0
text49-BIO-LONG-2511.10014v1,q05,BF_minus_WM,0.040000000000000036
text50-BIO-LONG-2603.01054v1,q05,BF_minus_WM,0.0
text51-CS-LONG-2602.11588v1,q05,BF_minus_WM,-0.040000000000000015
text52-CS-LONG-2602.15675v1,q05,BF_minus_WM,0.020000000000000018
text53-CS-LONG-2603.02012v1,q05,BF_minus_WM,0.0
text54-CS-LONG-2602.23006v1,q05,BF_minus_WM,0.0
text55-CS-LONG-2602.21625v1,q05,BF_minus_WM,0.0
text56-CS-LONG-2602.13713v1,q05,BF_minus_WM,0.0
text57-CS-LONG-2603.00079v1,q05,BF_minus_WM,0.039999999999999994
text58-CS-LONG-2603.01023v1,q05,BF_minus_WM,0.0
text59-CS-LONG-2602.19401v1,q05,BF_minus_WM,0.06000000000000001
text60-CS-LONG-2602.18518v1,q05,BF_minus_WM,0.0
text61-PHY-LONG-2602.03885v1,q05,BF_minus_WM,0.07999999999999999
text62-PHY-LONG-2511.21971v1,q05,BF_minus_WM,0.0
text63-PHY-LONG-2512.18015v1,q05,BF_minus_WM,-0.019999999999999973
text64-PHY-LONG-2602.23683v1,q05,BF_minus_WM,0.0
text65-PHY-LONG-2601.13267v1,q05,BF_minus_WM,0.0
text66-PHY-LONG-2512.24566v1,q05,BF_minus_WM,0.0
text67-PHY-LONG-2602.07636v2,q05,BF_minus_WM,-0.15999999999999998
text68-PHY-LONG-2512.18130v1,q05,BF_minus_WM,-0.06000000000000001
text69-PHY-LONG-2602.17389v1,q05,BF_minus_WM,0.0
text70-PHY-LONG-2602.08188v1,q05,BF_minus_WM,-0.039999999999999994
text71-MATH-LONG-2511.12781v1,q05,BF_minus_WM,0.0
text72-MATH-LONG-2602.06095v1,q05,BF_minus_WM,-0.040000000000000036
text73-MATH-LONG-2511.18101v1,q05,BF_minus_WM,0.0
text74-MATH-LONG-2512.15978v1,q05,BF_minus_WM,0.0
text75-MATH-LONG-2511.22140v1,q05,BF_minus_WM,0.0
text76-MATH-LONG-2602.20441v1,q05,BF_minus_WM,0.0
text77-MATH-LONG-2601.20851v2,q05,BF_minus_WM,-0.2
text78-MATH-LONG-2512.17595v1,q05,BF_minus_WM,-0.12000000000000002
text79-MATH-LONG-2512.10129v1,q05,BF_minus_WM,0.0
text80-MATH-LONG-2512.10507v1,q05,BF_minus_WM,0.15999999999999998
text01-BIO-SHORT-2505.02276v1,q05,HI_minus_LI,0.0
text02-BIO-SHORT-2507.04575v1,q05,HI_minus_LI,0.0
text03-BIO-SHORT-2505.11568v3,q05,HI_minus_LI,0.0
text04-BIO-SHORT-2507.08385v1,q05,HI_minus_LI,0.2
text05-BIO-SHORT-2504.10973v1,q05,HI_minus_LI,0.020000000000000018
text06-BIO-SHORT-2506.14789v1,q05,HI_minus_LI,0.0
text07-BIO-SHORT-2506.13576v3,q05,HI_minus_LI,0.0
text08-BIO-SHORT-2503.19923v2,q05,HI_minus_LI,0.08
text09-BIO-SHORT-2602.00019v1,q05,HI_minus_LI,0.1
text10-BIO-SHORT-2506.13817v1,q05,HI_minus_LI,4.4408920985006264e-17
text11-CS-SHORT-2506.09194v1,q05,HI_minus_LI,-0.020000000000000018
text12-CS-SHORT-2512.19717v1,q05,HI_minus_LI,0.07999999999999999
text13-CS-SHORT-2510.04124v5,q05,HI_minus_LI,0.0
text14-CS-SHORT-2509.13349v2,q05,HI_minus_LI,0.0
text15-CS-SHORT-2602.03870v1,q05,HI_minus_LI,0.0
text16-CS-SHORT-2509.06033v1,q05,HI_minus_LI,0.0
text17-CS-SHORT-2509.16294v1,q05,HI_minus_LI,0.07999999999999999
text18-CS-SHORT-2507.09492v1,q05,HI_minus_LI,0.0
text19-CS-SHORT-2509.14600v1,q05,HI_minus_LI,-0.22000000000000003
text20-CS-SHORT-2503.14899v1,q05,HI_minus_LI,-4.4408920985006264e-17
text21-PHY-SHORT-2601.23079v1,q05,HI_minus_LI,0.0
text22-PHY-SHORT-2601.23047v1,q05,HI_minus_LI,0.0
text23-PHY-SHORT-2601.23057v1,q05,HI_minus_LI,0.0
text24-PHY-SHORT-2509.16741v1,q05,HI_minus_LI,-0.020000000000000018
text25-PHY-SHORT-2507.08042v1,q05,HI_minus_LI,-0.019999999999999997
text26-PHY-SHORT-2512.23538v1,q05,HI_minus_LI,0.0
text27-PHY-SHORT-2510.18500v1,q05,HI_minus_LI,0.0
text28-PHY-SHORT-2508.20431v1,q05,HI_minus_LI,0.0
text29-PHY-SHORT-2509.06825v1,q05,HI_minus_LI,0.18
text30-PHY-SHORT-2509.17653v2,q05,HI_minus_LI,0.0
text31-MATH-SHORT-2511.03536v1,q05,HI_minus_LI,-0.1
text32-MATH-SHORT-2603.02088v1,q05,HI_minus_LI,0.019999999999999973
text33-MATH-SHORT-2512.22134v3,q05,HI_minus_LI,0.0
text34-MATH-SHORT-2509.00532v1,q05,HI_minus_LI,0.0
text35-MATH-SHORT-2512.06844v1,q05,HI_minus_LI,0.0
text36-MATH-SHORT-2503.09380v2,q05,HI_minus_LI,-0.039999999999999994
text37-MATH-SHORT-2510.26426v1,q05,HI_minus_LI,0.0
text38-MATH-SHORT-2512.04101v1,q05,HI_minus_LI,0.0
text39-MATH-SHORT-2506.11609v2,q05,HI_minus_LI,0.0
text40-MATH-SHORT-2507.15879v2,q05,HI_minus_LI,0.0
text41-BIO-LONG-2512.06709v1,q05,HI_minus_LI,0.0
text42-BIO-LONG-2503.07104v1,q05,HI_minus_LI,0.0
text43-BIO-LONG-2506.16577v1,q05,HI_minus_LI,0.0
text44-BIO-LONG-2505.20052v1,q05,HI_minus_LI,0.040000000000000036
text45-BIO-LONG-2507.17897v4,q05,HI_minus_LI,-0.020000000000000018
text46-BIO-LONG-2505.05863v1,q05,HI_minus_LI,-0.059999999999999984
text47-BIO-LONG-2505.21094v1,q05,HI_minus_LI,0.07999999999999999
text48-BIO-LONG-2602.16750v1,q05,HI_minus_LI,0.0
text49-BIO-LONG-2511.10014v1,q05,HI_minus_LI,0.0
text50-BIO-LONG-2603.01054v1,q05,HI_minus_LI,0.0
text51-CS-LONG-2602.11588v1,q05,HI_minus_LI,2.2204460492503132e-17
text52-CS-LONG-2602.15675v1,q05,HI_minus_LI,-0.020000000000000018
text53-CS-LONG-2603.02012v1,q05,HI_minus_LI,0.0
text54-CS-LONG-2602.23006v1,q05,HI_minus_LI,0.0
text55-CS-LONG-2602.21625v1,q05,HI_minus_LI,0.0
text56-CS-LONG-2602.13713v1,q05,HI_minus_LI,0.0
text57-CS-LONG-2603.00079v1,q05,HI_minus_LI,-0.08000000000000003
text58-CS-LONG-2603.01023v1,q05,HI_minus_LI,0.0
text59-CS-LONG-2602.19401v1,q05,HI_minus_LI,-0.13999999999999999
text60-CS-LONG-2602.18518v1,q05,HI_minus_LI,0.0
text61-PHY-LONG-2602.03885v1,q05,HI_minus_LI,0.07999999999999999
text62-PHY-LONG-2511.21971v1,q05,HI_minus_LI,0.0
text63-PHY-LONG-2512.18015v1,q05,HI_minus_LI,0.13999999999999999
text64-PHY-LONG-2602.23683v1,q05,HI_minus_LI,0.0
text65-PHY-LONG-2601.13267v1,q05,HI_minus_LI,0.0
text66-PHY-LONG-2512.24566v1,q05,HI_minus_LI,0.0
text67-PHY-LONG-2602.07636v2,q05,HI_minus_LI,-0.040000000000000036
text68-PHY-LONG-2512.18130v1,q05,HI_minus_LI,0.06000000000000001
text69-PHY-LONG-2602.17389v1,q05,HI_minus_LI,0.0
text70-PHY-LONG-2602.08188v1,q05,HI_minus_LI,0.0
text71-MATH-LONG-2511.12781v1,q05,HI_minus_LI,0.0
text72-MATH-LONG-2602.06095v1,q05,HI_minus_LI,0.15999999999999998
text73-MATH-LONG-2511.18101v1,q05,HI_minus_LI,0.0
text74-MATH-LONG-2512.15978v1,q05,HI_minus_LI,0.0
text75-MATH-LONG-2511.22140v1,q05,HI_minus_LI,0.0
text76-MATH-LONG-2602.20441v1,q05,HI_minus_LI,0.0
text77-MATH-LONG-2601.20851v2,q05,HI_minus_LI,0.0
text78-MATH-LONG-2512.17595v1,q05,HI_minus_LI,0.07999999999999999
text79-MATH-LONG-2512.10129v1,q05,HI_minus_LI,0.0
text80-MATH-LONG-2512.10507v1,q05,HI_minus_LI,0.0
text01-BIO-SHORT-2505.02276v1,q05,Name_x_Inst,0.0
text02-BIO-SHORT-2507.04575v1,q05,Name_x_Inst,0.0
text03-BIO-SHORT-2505.11568v3,q05,Name_x_Inst,0.0
text04-BIO-SHORT-2507.08385v1,q05,Name_x_Inst,0.0
text05-BIO-SHORT-2504.10973v1,q05,Name_x_Inst,0.040000000000000036
text06-BIO-SHORT-2506.14789v1,q05,Name_x_Inst,0.0
text07-BIO-SHORT-2506.13576v3,q05,Name_x_Inst,0.0
text08-BIO-SHORT-2503.19923v2,q05,Name_x_Inst,-0.16
text09-BIO-SHORT-2602.00019v1,q05,Name_x_Inst,-0.2
text10-BIO-SHORT-2506.13817v1,q05,Name_x_Inst,-0.23999999999999994
text11-CS-SHORT-2506.09194v1,q05,Name_x_Inst,0.040000000000000036
text12-CS-SHORT-2512.19717v1,q05,Name_x_Inst,0.15999999999999998
text13-CS-SHORT-2510.04124v5,q05,Name_x_Inst,0.0
text14-CS-SHORT-2509.13349v2,q05,Name_x_Inst,0.0
text15-CS-SHORT-2602.03870v1,q05,Name_x_Inst,0.0
text16-CS-SHORT-2509.06033v1,q05,Name_x_Inst,0.0
text17-CS-SHORT-2509.16294v1,q05,Name_x_Inst,-0.15999999999999998
text18-CS-SHORT-2507.09492v1,q05,Name_x_Inst,0.0
text19-CS-SHORT-2509.14600v1,q05,Name_x_Inst,-0.040000000000000036
text20-CS-SHORT-2503.14899v1,q05,Name_x_Inst,0.07999999999999999
text21-PHY-SHORT-2601.23079v1,q05,Name_x_Inst,0.0
text22-PHY-SHORT-2601.23047v1,q05,Name_x_Inst,0.0
text23-PHY-SHORT-2601.23057v1,q05,Name_x_Inst,0.0
text24-PHY-SHORT-2509.16741v1,q05,Name_x_Inst,-0.040000000000000036
text25-PHY-SHORT-2507.08042v1,q05,Name_x_Inst,-0.04000000000000008
text26-PHY-SHORT-2512.23538v1,q05,Name_x_Inst,0.0
text27-PHY-SHORT-2510.18500v1,q05,Name_x_Inst,0.0
text28-PHY-SHORT-2508.20431v1,q05,Name_x_Inst,0.0
text29-PHY-SHORT-2509.06825v1,q05,Name_x_Inst,-0.040000000000000036
text30-PHY-SHORT-2509.17653v2,q05,Name_x_Inst,0.0
text31-MATH-SHORT-2511.03536v1,q05,Name_x_Inst,-0.2
text32-MATH-SHORT-2603.02088v1,q05,Name_x_Inst,0.12000000000000002
text33-MATH-SHORT-2512.22134v3,q05,Name_x_Inst,0.0
text34-MATH-SHORT-2509.00532v1,q05,Name_x_Inst,0.0
text35-MATH-SHORT-2512.06844v1,q05,Name_x_Inst,0.0
text36-MATH-SHORT-2503.09380v2,q05,Name_x_Inst,-0.23999999999999994
text37-MATH-SHORT-2510.26426v1,q05,Name_x_Inst,0.0
text38-MATH-SHORT-2512.04101v1,q05,Name_x_Inst,0.0
text39-MATH-SHORT-2506.11609v2,q05,Name_x_Inst,0.0
text40-MATH-SHORT-2507.15879v2,q05,Name_x_Inst,0.0
text41-BIO-LONG-2512.06709v1,q05,Name_x_Inst,0.31999999999999995
text42-BIO-LONG-2503.07104v1,q05,Name_x_Inst,0.0
text43-BIO-LONG-2506.16577v1,q05,Name_x_Inst,0.0
text44-BIO-LONG-2505.20052v1,q05,Name_x_Inst,-0.08000000000000007
text45-BIO-LONG-2507.17897v4,q05,Name_x_Inst,-0.040000000000000036
text46-BIO-LONG-2505.05863v1,q05,Name_x_Inst,-0.20000000000000004
text47-BIO-LONG-2505.21094v1,q05,Name_x_Inst,0.15999999999999998
text48-BIO-LONG-2602.16750v1,q05,Name_x_Inst,0.0
text49-BIO-LONG-2511.10014v1,q05,Name_x_Inst,0.0
text50-BIO-LONG-2603.01054v1,q05,Name_x_Inst,0.0
text51-CS-LONG-2602.11588v1,q05,Name_x_Inst,4.4408920985006264e-17
text52-CS-LONG-2602.15675v1,q05,Name_x_Inst,-0.040000000000000036
text53-CS-LONG-2603.02012v1,q05,Name_x_Inst,0.0
text54-CS-LONG-2602.23006v1,q05,Name_x_Inst,0.0
text55-CS-LONG-2602.21625v1,q05,Name_x_Inst,0.0
text56-CS-LONG-2602.13713v1,q05,Name_x_Inst,0.0
text57-CS-LONG-2603.00079v1,q05,Name_x_Inst,0.23999999999999994
text58-CS-LONG-2603.01023v1,q05,Name_x_Inst,0.0
text59-CS-LONG-2602.19401v1,q05,Name_x_Inst,0.039999999999999945
text60-CS-LONG-2602.18518v1,q05,Name_x_Inst,0.0
text61-PHY-LONG-2602.03885v1,q05,Name_x_Inst,-0.15999999999999998
text62-PHY-LONG-2511.21971v1,q05,Name_x_Inst,0.0
text63-PHY-LONG-2512.18015v1,q05,Name_x_Inst,-0.1999999999999999
text64-PHY-LONG-2602.23683v1,q05,Name_x_Inst,0.0
text65-PHY-LONG-2601.13267v1,q05,Name_x_Inst,0.0
text66-PHY-LONG-2512.24566v1,q05,Name_x_Inst,0.0
text67-PHY-LONG-2602.07636v2,q05,Name_x_Inst,0.0
text68-PHY-LONG-2512.18130v1,q05,Name_x_Inst,0.12000000000000002
text69-PHY-LONG-2602.17389v1,q05,Name_x_Inst,0.0
text70-PHY-LONG-2602.08188v1,q05,Name_x_Inst,0.0
text71-MATH-LONG-2511.12781v1,q05,Name_x_Inst,0.0
text72-MATH-LONG-2602.06095v1,q05,Name_x_Inst,0.0
text73-MATH-LONG-2511.18101v1,q05,Name_x_Inst,0.0
text74-MATH-LONG-2512.15978v1,q05,Name_x_Inst,0.0
text75-MATH-LONG-2511.22140v1,q05,Name_x_Inst,0.0
text76-MATH-LONG-2602.20441v1,q05,Name_x_Inst,0.0
text77-MATH-LONG-2601.20851v2,q05,Name_x_Inst,0.0
text78-MATH-LONG-2512.17595v1,q05,Name_x_Inst,0.15999999999999998
text79-MATH-LONG-2512.10129v1,q05,Name_x_Inst,0.0
text80-MATH-LONG-2512.10507v1,q05,Name_x_Inst,0.0
text01-BIO-SHORT-2505.02276v1,q06,BF_minus_WM,0.06000000000000001
text02-BIO-SHORT-2507.04575v1,q06,BF_minus_WM,0.04
text03-BIO-SHORT-2505.11568v3,q06,BF_minus_WM,-0.13999999999999999
text04-BIO-SHORT-2507.08385v1,q06,BF_minus_WM,-0.039999999999999994
text05-BIO-SHORT-2504.10973v1,q06,BF_minus_WM,0.0
text06-BIO-SHORT-2506.14789v1,q06,BF_minus_WM,-0.039999999999999994
text07-BIO-SHORT-2506.13576v3,q06,BF_minus_WM,0.020000000000000018
text08-BIO-SHORT-2503.19923v2,q06,BF_minus_WM,-0.1
text09-BIO-SHORT-2602.00019v1,q06,BF_minus_WM,0.1
text10-BIO-SHORT-2506.13817v1,q06,BF_minus_WM,-0.039999999999999994
text11-CS-SHORT-2506.09194v1,q06,BF_minus_WM,-0.09999999999999995
text12-CS-SHORT-2512.19717v1,q06,BF_minus_WM,0.07999999999999999
text13-CS-SHORT-2510.04124v5,q06,BF_minus_WM,-0.039999999999999994
text14-CS-SHORT-2509.13349v2,q06,BF_minus_WM,0.0
text15-CS-SHORT-2602.03870v1,q06,BF_minus_WM,0.0
text16-CS-SHORT-2509.06033v1,q06,BF_minus_WM,0.0
text17-CS-SHORT-2509.16294v1,q06,BF_minus_WM,0.020000000000000018
text18-CS-SHORT-2507.09492v1,q06,BF_minus_WM,0.0
text19-CS-SHORT-2509.14600v1,q06,BF_minus_WM,0.040000000000000015
text20-CS-SHORT-2503.14899v1,q06,BF_minus_WM,0.0
text21-PHY-SHORT-2601.23079v1,q06,BF_minus_WM,0.019999999999999973
text22-PHY-SHORT-2601.23047v1,q06,BF_minus_WM,0.0
text23-PHY-SHORT-2601.23057v1,q06,BF_minus_WM,0.07999999999999999
text24-PHY-SHORT-2509.16741v1,q06,BF_minus_WM,0.12000000000000002
text25-PHY-SHORT-2507.08042v1,q06,BF_minus_WM,0.05999999999999996
text26-PHY-SHORT-2512.23538v1,q06,BF_minus_WM,-0.1
text27-PHY-SHORT-2510.18500v1,q06,BF_minus_WM,0.0
text28-PHY-SHORT-2508.20431v1,q06,BF_minus_WM,0.0
text29-PHY-SHORT-2509.06825v1,q06,BF_minus_WM,0.0
text30-PHY-SHORT-2509.17653v2,q06,BF_minus_WM,-0.14000000000000004
text31-MATH-SHORT-2511.03536v1,q06,BF_minus_WM,-0.07999999999999999
text32-MATH-SHORT-2603.02088v1,q06,BF_minus_WM,2.2204460492503132e-17
text33-MATH-SHORT-2512.22134v3,q06,BF_minus_WM,0.0
text34-MATH-SHORT-2509.00532v1,q06,BF_minus_WM,-0.039999999999999994
text35-MATH-SHORT-2512.06844v1,q06,BF_minus_WM,0.09999999999999998
text36-MATH-SHORT-2503.09380v2,q06,BF_minus_WM,0.0
text37-MATH-SHORT-2510.26426v1,q06,BF_minus_WM,0.040000000000000036
text38-MATH-SHORT-2512.04101v1,q06,BF_minus_WM,0.0
text39-MATH-SHORT-2506.11609v2,q06,BF_minus_WM,0.0
text40-MATH-SHORT-2507.15879v2,q06,BF_minus_WM,0.05999999999999996
text41-BIO-LONG-2512.06709v1,q06,BF_minus_WM,-0.07999999999999999
text42-BIO-LONG-2503.07104v1,q06,BF_minus_WM,-0.020000000000000018
text43-BIO-LONG-2506.16577v1,q06,BF_minus_WM,0.0
text44-BIO-LONG-2505.20052v1,q06,BF_minus_WM,0.020000000000000018
text45-BIO-LONG-2507.17897v4,q06,BF_minus_WM,-0.020000000000000018
text46-BIO-LONG-2505.05863v1,q06,BF_minus_WM,0.020000000000000018
text47-BIO-LONG-2505.21094v1,q06,BF_minus_WM,0.0
text48-BIO-LONG-2602.16750v1,q06,BF_minus_WM,0.0
text49-BIO-LONG-2511.10014v1,q06,BF_minus_WM,-0.13999999999999999
text50-BIO-LONG-2603.01054v1,q06,BF_minus_WM,0.06000000000000001
text51-CS-LONG-2602.11588v1,q06,BF_minus_WM,-0.18
text52-CS-LONG-2602.15675v1,q06,BF_minus_WM,0.0
text53-CS-LONG-2603.02012v1,q06,BF_minus_WM,0.0
text54-CS-LONG-2602.23006v1,q06,BF_minus_WM,0.07999999999999999
text55-CS-LONG-2602.21625v1,q06,BF_minus_WM,0.0
text56-CS-LONG-2602.13713v1,q06,BF_minus_WM,0.0
text57-CS-LONG-2603.00079v1,q06,BF_minus_WM,-0.019999999999999997
text58-CS-LONG-2603.01023v1,q06,BF_minus_WM,0.0
text59-CS-LONG-2602.19401v1,q06,BF_minus_WM,0.040000000000000036
text60-CS-LONG-2602.18518v1,q06,BF_minus_WM,0.0
text61-PHY-LONG-2602.03885v1,q06,BF_minus_WM,0.06000000000000001
text62-PHY-LONG-2511.21971v1,q06,BF_minus_WM,-2.2204460492503132e-17
text63-PHY-LONG-2512.18015v1,q06,BF_minus_WM,0.039999999999999994
text64-PHY-LONG-2602.23683v1,q06,BF_minus_WM,0.0
text65-PHY-LONG-2601.13267v1,q06,BF_minus_WM,0.0
text66-PHY-LONG-2512.24566v1,q06,BF_minus_WM,0.1
text67-PHY-LONG-2602.07636v2,q06,BF_minus_WM,-0.15999999999999998
text68-PHY-LONG-2512.18130v1,q06,BF_minus_WM,0.0
text69-PHY-LONG-2602.17389v1,q06,BF_minus_WM,-0.11999999999999997
text70-PHY-LONG-2602.08188v1,q06,BF_minus_WM,-0.07999999999999999
text71-MATH-LONG-2511.12781v1,q06,BF_minus_WM,0.0
text72-MATH-LONG-2602.06095v1,q06,BF_minus_WM,-0.059999999999999984
text73-MATH-LONG-2511.18101v1,q06,BF_minus_WM,0.0
text74-MATH-LONG-2512.15978v1,q06,BF_minus_WM,0.0
text75-MATH-LONG-2511.22140v1,q06,BF_minus_WM,0.0
text76-MATH-LONG-2602.20441v1,q06,BF_minus_WM,0.0
text77-MATH-LONG-2601.20851v2,q06,BF_minus_WM,-0.020000000000000018
text78-MATH-LONG-2512.17595v1,q06,BF_minus_WM,-0.12000000000000002
text79-MATH-LONG-2512.10129v1,q06,BF_minus_WM,0.0
text80-MATH-LONG-2512.10507v1,q06,BF_minus_WM,0.0
text01-BIO-SHORT-2505.02276v1,q06,HI_minus_LI,-0.1
text02-BIO-SHORT-2507.04575v1,q06,HI_minus_LI,-0.2
text03-BIO-SHORT-2505.11568v3,q06,HI_minus_LI,0.019999999999999973
text04-BIO-SHORT-2507.08385v1,q06,HI_minus_LI,0.11999999999999997
text05-BIO-SHORT-2504.10973v1,q06,HI_minus_LI,0.0
text06-BIO-SHORT-2506.14789v1,q06,HI_minus_LI,-0.16
text07-BIO-SHORT-2506.13576v3,q06,HI_minus_LI,-0.020000000000000018
text08-BIO-SHORT-2503.19923v2,q06,HI_minus_LI,0.059999999999999984
text09-BIO-SHORT-2602.00019v1,q06,HI_minus_LI,0.1
text10-BIO-SHORT-2506.13817v1,q06,HI_minus_LI,4.4408920985006264e-17
text11-CS-SHORT-2506.09194v1,q06,HI_minus_LI,0.09999999999999995
text12-CS-SHORT-2512.19717v1,q06,HI_minus_LI,-0.07999999999999999
text13-CS-SHORT-2510.04124v5,q06,HI_minus_LI,-0.039999999999999994
text14-CS-SHORT-2509.13349v2,q06,HI_minus_LI,0.0
text15-CS-SHORT-2602.03870v1,q06,HI_minus_LI,0.0
text16-CS-SHORT-2509.06033v1,q06,HI_minus_LI,0.0
text17-CS-SHORT-2509.16294v1,q06,HI_minus_LI,0.05999999999999996
text18-CS-SHORT-2507.09492v1,q06,HI_minus_LI,0.0
text19-CS-SHORT-2509.14600v1,q06,HI_minus_LI,-0.12
text20-CS-SHORT-2503.14899v1,q06,HI_minus_LI,0.0
text21-PHY-SHORT-2601.23079v1,q06,HI_minus_LI,0.06000000000000001
text22-PHY-SHORT-2601.23047v1,q06,HI_minus_LI,0.0
text23-PHY-SHORT-2601.23057v1,q06,HI_minus_LI,-0.07999999999999999
text24-PHY-SHORT-2509.16741v1,q06,HI_minus_LI,0.0
text25-PHY-SHORT-2507.08042v1,q06,HI_minus_LI,-0.06000000000000001
text26-PHY-SHORT-2512.23538v1,q06,HI_minus_LI,-0.1
text27-PHY-SHORT-2510.18500v1,q06,HI_minus_LI,0.0
text28-PHY-SHORT-2508.20431v1,q06,HI_minus_LI,-0.07999999999999999
text29-PHY-SHORT-2509.06825v1,q06,HI_minus_LI,0.040000000000000036
text30-PHY-SHORT-2509.17653v2,q06,HI_minus_LI,0.05999999999999996
text31-MATH-SHORT-2511.03536v1,q06,HI_minus_LI,-0.07999999999999999
text32-MATH-SHORT-2603.02088v1,q06,HI_minus_LI,-0.07999999999999996
text33-MATH-SHORT-2512.22134v3,q06,HI_minus_LI,0.0
text34-MATH-SHORT-2509.00532v1,q06,HI_minus_LI,-0.07999999999999993
text35-MATH-SHORT-2512.06844v1,q06,HI_minus_LI,-0.09999999999999998
text36-MATH-SHORT-2503.09380v2,q06,HI_minus_LI,0.0
text37-MATH-SHORT-2510.26426v1,q06,HI_minus_LI,-0.15999999999999998
text38-MATH-SHORT-2512.04101v1,q06,HI_minus_LI,0.0
text39-MATH-SHORT-2506.11609v2,q06,HI_minus_LI,0.0
text40-MATH-SHORT-2507.15879v2,q06,HI_minus_LI,-0.1
text41-BIO-LONG-2512.06709v1,q06,HI_minus_LI,-0.039999999999999945
text42-BIO-LONG-2503.07104v1,q06,HI_minus_LI,0.020000000000000018
text43-BIO-LONG-2506.16577v1,q06,HI_minus_LI,0.0
text44-BIO-LONG-2505.20052v1,q06,HI_minus_LI,0.020000000000000018
text45-BIO-LONG-2507.17897v4,q06,HI_minus_LI,-0.020000000000000018
text46-BIO-LONG-2505.05863v1,q06,HI_minus_LI,0.020000000000000018
text47-BIO-LONG-2505.21094v1,q06,HI_minus_LI,0.0
text48-BIO-LONG-2602.16750v1,q06,HI_minus_LI,0.0
text49-BIO-LONG-2511.10014v1,q06,HI_minus_LI,-0.06000000000000001
text50-BIO-LONG-2603.01054v1,q06,HI_minus_LI,-0.21999999999999997
text51-CS-LONG-2602.11588v1,q06,HI_minus_LI,-0.020000000000000018
text52-CS-LONG-2602.15675v1,q06,HI_minus_LI,0.0
text53-CS-LONG-2603.02012v1,q06,HI_minus_LI,0.0
text54-CS-LONG-2602.23006v1,q06,HI_minus_LI,0.07999999999999999
text55-CS-LONG-2602.21625v1,q06,HI_minus_LI,0.0
text56-CS-LONG-2602.13713v1,q06,HI_minus_LI,0.0
text57-CS-LONG-2603.00079v1,q06,HI_minus_LI,0.019999999999999997
text58-CS-LONG-2603.01023v1,q06,HI_minus_LI,0.0
text59-CS-LONG-2602.19401v1,q06,HI_minus_LI,-0.040000000000000036
text60-CS-LONG-2602.18518v1,q06,HI_minus_LI,0.0
text61-PHY-LONG-2602.03885v1,q06,HI_minus_LI,0.06000000000000001
text62-PHY-LONG-2511.21971v1,q06,HI_minus_LI,0.040000000000000015
text63-PHY-LONG-2512.18015v1,q06,HI_minus_LI,-4.4408920985006264e-17
text64-PHY-LONG-2602.23683v1,q06,HI_minus_LI,0.0
text65-PHY-LONG-2601.13267v1,q06,HI_minus_LI,0.0
text66-PHY-LONG-2512.24566v1,q06,HI_minus_LI,0.020000000000000018
text67-PHY-LONG-2602.07636v2,q06,HI_minus_LI,-0.040000000000000036
text68-PHY-LONG-2512.18130v1,q06,HI_minus_LI,0.0
text69-PHY-LONG-2602.17389v1,q06,HI_minus_LI,0.08000000000000003
text70-PHY-LONG-2602.08188v1,q06,HI_minus_LI,0.16
text71-MATH-LONG-2511.12781v1,q06,HI_minus_LI,0.0
text72-MATH-LONG-2602.06095v1,q06,HI_minus_LI,0.019999999999999997
text73-MATH-LONG-2511.18101v1,q06,HI_minus_LI,0.0
text74-MATH-LONG-2512.15978v1,q06,HI_minus_LI,0.0
text75-MATH-LONG-2511.22140v1,q06,HI_minus_LI,0.0
text76-MATH-LONG-2602.20441v1,q06,HI_minus_LI,0.0
text77-MATH-LONG-2601.20851v2,q06,HI_minus_LI,-0.020000000000000018
text78-MATH-LONG-2512.17595v1,q06,HI_minus_LI,0.07999999999999999
text79-MATH-LONG-2512.10129v1,q06,HI_minus_LI,0.0
text80-MATH-LONG-2512.10507v1,q06,HI_minus_LI,0.0
text01-BIO-SHORT-2505.02276v1,q06,Name_x_Inst,0.2
text02-BIO-SHORT-2507.04575v1,q06,Name_x_Inst,0.08000000000000003
text03-BIO-SHORT-2505.11568v3,q06,Name_x_Inst,-0.039999999999999945
text04-BIO-SHORT-2507.08385v1,q06,Name_x_Inst,0.16000000000000006
text05-BIO-SHORT-2504.10973v1,q06,Name_x_Inst,0.0
text06-BIO-SHORT-2506.14789v1,q06,Name_x_Inst,-0.07999999999999999
text07-BIO-SHORT-2506.13576v3,q06,Name_x_Inst,0.040000000000000036
text08-BIO-SHORT-2503.19923v2,q06,Name_x_Inst,-0.04
text09-BIO-SHORT-2602.00019v1,q06,Name_x_Inst,-0.2
text10-BIO-SHORT-2506.13817v1,q06,Name_x_Inst,-0.23999999999999994
text11-CS-SHORT-2506.09194v1,q06,Name_x_Inst,0.12000000000000002
text12-CS-SHORT-2512.19717v1,q06,Name_x_Inst,0.15999999999999998
text13-CS-SHORT-2510.04124v5,q06,Name_x_Inst,8.881784197001253e-17
text14-CS-SHORT-2509.13349v2,q06,Name_x_Inst,0.0
text15-CS-SHORT-2602.03870v1,q06,Name_x_Inst,0.0
text16-CS-SHORT-2509.06033v1,q06,Name_x_Inst,0.0
text17-CS-SHORT-2509.16294v1,q06,Name_x_Inst,-0.040000000000000036
text18-CS-SHORT-2507.09492v1,q06,Name_x_Inst,0.0
text19-CS-SHORT-2509.14600v1,q06,Name_x_Inst,0.16
text20-CS-SHORT-2503.14899v1,q06,Name_x_Inst,0.0
text21-PHY-SHORT-2601.23079v1,q06,Name_x_Inst,-0.12000000000000002
text22-PHY-SHORT-2601.23047v1,q06,Name_x_Inst,-0.08000000000000007
text23-PHY-SHORT-2601.23057v1,q06,Name_x_Inst,-0.15999999999999998
text24-PHY-SHORT-2509.16741v1,q06,Name_x_Inst,-0.08000000000000007
text25-PHY-SHORT-2507.08042v1,q06,Name_x_Inst,0.11999999999999993
text26-PHY-SHORT-2512.23538v1,q06,Name_x_Inst,0.2
text27-PHY-SHORT-2510.18500v1,q06,Name_x_Inst,0.0
text28-PHY-SHORT-2508.20431v1,q06,Name_x_Inst,0.0
text29-PHY-SHORT-2509.06825v1,q06,Name_x_Inst,-0.08000000000000007
text30-PHY-SHORT-2509.17653v2,q06,Name_x_Inst,0.11999999999999993
text31-MATH-SHORT-2511.03536v1,q06,Name_x_Inst,-0.24000000000000005
text32-MATH-SHORT-2603.02088v1,q06,Name_x_Inst,0.16
text33-MATH-SHORT-2512.22134v3,q06,Name_x_Inst,0.0
text34-MATH-SHORT-2509.00532v1,q06,Name_x_Inst,0.07999999999999999
text35-MATH-SHORT-2512.06844v1,q06,Name_x_Inst,0.11999999999999997
text36-MATH-SHORT-2503.09380v2,q06,Name_x_Inst,0.0
text37-MATH-SHORT-2510.26426v1,q06,Name_x_Inst,0.0
text38-MATH-SHORT-2512.04101v1,q06,Name_x_Inst,0.0
text39-MATH-SHORT-2506.11609v2,q06,Name_x_Inst,0.0
text40-MATH-SHORT-2507.15879v2,q06,Name_x_Inst,0.2
text41-BIO-LONG-2512.06709v1,q06,Name_x_Inst,0.15999999999999998
text42-BIO-LONG-2503.07104v1,q06,Name_x_Inst,0.040000000000000036
text43-BIO-LONG-2506.16577v1,q06,Name_x_Inst,0.0
text44-BIO-LONG-2505.20052v1,q06,Name_x_Inst,-0.040000000000000036
text45-BIO-LONG-2507.17897v4,q06,Name_x_Inst,-0.040000000000000036
text46-BIO-LONG-2505.05863v1,q06,Name_x_Inst,0.040000000000000036
text47-BIO-LONG-2505.21094v1,q06,Name_x_Inst,0.0
text48-BIO-LONG-2602.16750v1,q06,Name_x_Inst,0.0
text49-BIO-LONG-2511.10014v1,q06,Name_x_Inst,0.039999999999999945
text50-BIO-LONG-2603.01054v1,q06,Name_x_Inst,-0.12000000000000002
text51-CS-LONG-2602.11588v1,q06,Name_x_Inst,0.040000000000000036
text52-CS-LONG-2602.15675v1,q06,Name_x_Inst,-0.31999999999999995
text53-CS-LONG-2603.02012v1,q06,Name_x_Inst,0.0
text54-CS-LONG-2602.23006v1,q06,Name_x_Inst,-0.15999999999999998
text55-CS-LONG-2602.21625v1,q06,Name_x_Inst,0.0
text56-CS-LONG-2602.13713v1,q06,Name_x_Inst,0.0
text57-CS-LONG-2603.00079v1,q06,Name_x_Inst,0.11999999999999997
text58-CS-LONG-2603.01023v1,q06,Name_x_Inst,0.0
text59-CS-LONG-2602.19401v1,q06,Name_x_Inst,0.0
text60-CS-LONG-2602.18518v1,q06,Name_x_Inst,0.0
text61-PHY-LONG-2602.03885v1,q06,Name_x_Inst,-0.12000000000000002
text62-PHY-LONG-2511.21971v1,q06,Name_x_Inst,4.4408920985006264e-17
text63-PHY-LONG-2512.18015v1,q06,Name_x_Inst,0.15999999999999986
text64-PHY-LONG-2602.23683v1,q06,Name_x_Inst,0.0
text65-PHY-LONG-2601.13267v1,q06,Name_x_Inst,0.0
text66-PHY-LONG-2512.24566v1,q06,Name_x_Inst,0.040000000000000036
text67-PHY-LONG-2602.07636v2,q06,Name_x_Inst,0.0
text68-PHY-LONG-2512.18130v1,q06,Name_x_Inst,0.0
text69-PHY-LONG-2602.17389v1,q06,Name_x_Inst,-0.07999999999999999
text70-PHY-LONG-2602.08188v1,q06,Name_x_Inst,-0.32
text71-MATH-LONG-2511.12781v1,q06,Name_x_Inst,0.0
text72-MATH-LONG-2602.06095v1,q06,Name_x_Inst,0.039999999999999994
text73-MATH-LONG-2511.18101v1,q06,Name_x_Inst,0.0
text74-MATH-LONG-2512.15978v1,q06,Name_x_Inst,0.0
text75-MATH-LONG-2511.22140v1,q06,Name_x_Inst,0.0
text76-MATH-LONG-2602.20441v1,q06,Name_x_Inst,0.0
text77-MATH-LONG-2601.20851v2,q06,Name_x_Inst,0.040000000000000036
text78-MATH-LONG-2512.17595v1,q06,Name_x_Inst,0.15999999999999998
text79-MATH-LONG-2512.10129v1,q06,Name_x_Inst,0.0
text80-MATH-LONG-2512.10507v1,q06,Name_x_Inst,0.0
text01-BIO-SHORT-2505.02276v1,q07,BF_minus_WM,0.16
text02-BIO-SHORT-2507.04575v1,q07,BF_minus_WM,0.0
text03-BIO-SHORT-2505.11568v3,q07,BF_minus_WM,-0.039999999999999994
text04-BIO-SHORT-2507.08385v1,q07,BF_minus_WM,-0.14
text05-BIO-SHORT-2504.10973v1,q07,BF_minus_WM,-0.06000000000000001
text06-BIO-SHORT-2506.14789v1,q07,BF_minus_WM,-0.039999999999999994
text07-BIO-SHORT-2506.13576v3,q07,BF_minus_WM,-0.019999999999999973
text08-BIO-SHORT-2503.19923v2,q07,BF_minus_WM,-0.05999999999999996
text09-BIO-SHORT-2602.00019v1,q07,BF_minus_WM,0.1
text10-BIO-SHORT-2506.13817v1,q07,BF_minus_WM,0.07999999999999999
text11-CS-SHORT-2506.09194v1,q07,BF_minus_WM,-0.25999999999999995
text12-CS-SHORT-2512.19717v1,q07,BF_minus_WM,0.020000000000000018
text13-CS-SHORT-2510.04124v5,q07,BF_minus_WM,-0.040000000000000015
text14-CS-SHORT-2509.13349v2,q07,BF_minus_WM,0.15999999999999998
text15-CS-SHORT-2602.03870v1,q07,BF_minus_WM,0.020000000000000018
text16-CS-SHORT-2509.06033v1,q07,BF_minus_WM,0.0
text17-CS-SHORT-2509.16294v1,q07,BF_minus_WM,0.06000000000000001
text18-CS-SHORT-2507.09492v1,q07,BF_minus_WM,0.0
text19-CS-SHORT-2509.14600v1,q07,BF_minus_WM,-0.040000000000000036
text20-CS-SHORT-2503.14899v1,q07,BF_minus_WM,-0.13999999999999999
text21-PHY-SHORT-2601.23079v1,q07,BF_minus_WM,-0.08
text22-PHY-SHORT-2601.23047v1,q07,BF_minus_WM,0.06000000000000001
text23-PHY-SHORT-2601.23057v1,q07,BF_minus_WM,-0.07999999999999999
text24-PHY-SHORT-2509.16741v1,q07,BF_minus_WM,-0.1
text25-PHY-SHORT-2507.08042v1,q07,BF_minus_WM,0.13999999999999999
text26-PHY-SHORT-2512.23538v1,q07,BF_minus_WM,-0.15999999999999998
text27-PHY-SHORT-2510.18500v1,q07,BF_minus_WM,0.07999999999999999
text28-PHY-SHORT-2508.20431v1,q07,BF_minus_WM,0.08000000000000003
text29-PHY-SHORT-2509.06825v1,q07,BF_minus_WM,0.18000000000000002
text30-PHY-SHORT-2509.17653v2,q07,BF_minus_WM,-0.059999999999999984
text31-MATH-SHORT-2511.03536v1,q07,BF_minus_WM,-0.24000000000000005
text32-MATH-SHORT-2603.02088v1,q07,BF_minus_WM,-0.020000000000000007
text33-MATH-SHORT-2512.22134v3,q07,BF_minus_WM,0.040000000000000015
text34-MATH-SHORT-2509.00532v1,q07,BF_minus_WM,0.19999999999999998
text35-MATH-SHORT-2512.06844v1,q07,BF_minus_WM,-0.12
text36-MATH-SHORT-2503.09380v2,q07,BF_minus_WM,0.0
text37-MATH-SHORT-2510.26426v1,q07,BF_minus_WM,-0.019999999999999997
text38-MATH-SHORT-2512.04101v1,q07,BF_minus_WM,0.06
text39-MATH-SHORT-2506.11609v2,q07,BF_minus_WM,0.0
text40-MATH-SHORT-2507.15879v2,q07,BF_minus_WM,0.0
text41-BIO-LONG-2512.06709v1,q07,BF_minus_WM,-0.06000000000000001
text42-BIO-LONG-2503.07104v1,q07,BF_minus_WM,-0.020000000000000018
text43-BIO-LONG-2506.16577v1,q07,BF_minus_WM,0.07999999999999999
text44-BIO-LONG-2505.20052v1,q07,BF_minus_WM,0.27999999999999997
text45-BIO-LONG-2507.17897v4,q07,BF_minus_WM,0.020000000000000018
text46-BIO-LONG-2505.05863v1,q07,BF_minus_WM,0.15999999999999998
text47-BIO-LONG-2505.21094v1,q07,BF_minus_WM,-0.07999999999999999
text48-BIO-LONG-2602.16750v1,q07,BF_minus_WM,0.0
text49-BIO-LONG-2511.10014v1,q07,BF_minus_WM,0.06000000000000001
text50-BIO-LONG-2603.01054v1,q07,BF_minus_WM,-0.15999999999999998
text51-CS-LONG-2602.11588v1,q07,BF_minus_WM,-0.040000000000000015
text52-CS-LONG-2602.15675v1,q07,BF_minus_WM,0.0
text53-CS-LONG-2603.02012v1,q07,BF_minus_WM,-0.16
text54-CS-LONG-2602.23006v1,q07,BF_minus_WM,0.07999999999999999
text55-CS-LONG-2602.21625v1,q07,BF_minus_WM,0.039999999999999994
text56-CS-LONG-2602.13713v1,q07,BF_minus_WM,-0.059999999999999984
text57-CS-LONG-2603.00079v1,q07,BF_minus_WM,-0.15999999999999998
text58-CS-LONG-2603.01023v1,q07,BF_minus_WM,-0.040000000000000036
text59-CS-LONG-2602.19401v1,q07,BF_minus_WM,0.0
text60-CS-LONG-2602.18518v1,q07,BF_minus_WM,0.0
text61-PHY-LONG-2602.03885v1,q07,BF_minus_WM,2.2204460492503132e-17
text62-PHY-LONG-2511.21971v1,q07,BF_minus_WM,0.12000000000000002
text63-PHY-LONG-2512.18015v1,q07,BF_minus_WM,-0.06000000000000001
text64-PHY-LONG-2602.23683v1,q07,BF_minus_WM,-0.039999999999999994
text65-PHY-LONG-2601.13267v1,q07,BF_minus_WM,-0.18000000000000002
text66-PHY-LONG-2512.24566v1,q07,BF_minus_WM,0.0
text67-PHY-LONG-2602.07636v2,q07,BF_minus_WM,-0.27999999999999997
text68-PHY-LONG-2512.18130v1,q07,BF_minus_WM,0.15999999999999998
text69-PHY-LONG-2602.17389v1,q07,BF_minus_WM,-0.039999999999999994
text70-PHY-LONG-2602.08188v1,q07,BF_minus_WM,0.040000000000000015
text71-MATH-LONG-2511.12781v1,q07,BF_minus_WM,-0.13999999999999996
text72-MATH-LONG-2602.06095v1,q07,BF_minus_WM,0.12
text73-MATH-LONG-2511.18101v1,q07,BF_minus_WM,0.1
text74-MATH-LONG-2512.15978v1,q07,BF_minus_WM,0.0
text75-MATH-LONG-2511.22140v1,q07,BF_minus_WM,0.0
text76-MATH-LONG-2602.20441v1,q07,BF_minus_WM,0.14000000000000004
text77-MATH-LONG-2601.20851v2,q07,BF_minus_WM,-0.05999999999999996
text78-MATH-LONG-2512.17595v1,q07,BF_minus_WM,0.11999999999999997
text79-MATH-LONG-2512.10129v1,q07,BF_minus_WM,-0.020000000000000018
text80-MATH-LONG-2512.10507v1,q07,BF_minus_WM,0.07999999999999999
text01-BIO-SHORT-2505.02276v1,q07,HI_minus_LI,-0.04
text02-BIO-SHORT-2507.04575v1,q07,HI_minus_LI,0.0
text03-BIO-SHORT-2505.11568v3,q07,HI_minus_LI,0.039999999999999994
text04-BIO-SHORT-2507.08385v1,q07,HI_minus_LI,-0.019999999999999997
text05-BIO-SHORT-2504.10973v1,q07,HI_minus_LI,-0.1
text06-BIO-SHORT-2506.14789v1,q07,HI_minus_LI,0.0
text07-BIO-SHORT-2506.13576v3,q07,HI_minus_LI,0.26
text08-BIO-SHORT-2503.19923v2,q07,HI_minus_LI,-0.1
text09-BIO-SHORT-2602.00019v1,q07,HI_minus_LI,0.1
text10-BIO-SHORT-2506.13817v1,q07,HI_minus_LI,-0.07999999999999999
text11-CS-SHORT-2506.09194v1,q07,HI_minus_LI,0.06000000000000001
text12-CS-SHORT-2512.19717v1,q07,HI_minus_LI,0.020000000000000018
text13-CS-SHORT-2510.04124v5,q07,HI_minus_LI,0.040000000000000015
text14-CS-SHORT-2509.13349v2,q07,HI_minus_LI,0.040000000000000015
text15-CS-SHORT-2602.03870v1,q07,HI_minus_LI,0.020000000000000018
text16-CS-SHORT-2509.06033v1,q07,HI_minus_LI,-0.040000000000000036
text17-CS-SHORT-2509.16294v1,q07,HI_minus_LI,0.06000000000000001
text18-CS-SHORT-2507.09492v1,q07,HI_minus_LI,0.0
text19-CS-SHORT-2509.14600v1,q07,HI_minus_LI,0.0
text20-CS-SHORT-2503.14899v1,q07,HI_minus_LI,-0.18
text21-PHY-SHORT-2601.23079v1,q07,HI_minus_LI,0.12
text22-PHY-SHORT-2601.23047v1,q07,HI_minus_LI,0.06000000000000001
text23-PHY-SHORT-2601.23057v1,q07,HI_minus_LI,-0.12000000000000002
text24-PHY-SHORT-2509.16741v1,q07,HI_minus_LI,0.06000000000000001
text25-PHY-SHORT-2507.08042v1,q07,HI_minus_LI,0.1
text26-PHY-SHORT-2512.23538v1,q07,HI_minus_LI,-0.15999999999999998
text27-PHY-SHORT-2510.18500v1,q07,HI_minus_LI,-0.07999999999999999
text28-PHY-SHORT-2508.20431v1,q07,HI_minus_LI,0.039999999999999994
text29-PHY-SHORT-2509.06825v1,q07,HI_minus_LI,0.13999999999999999
text30-PHY-SHORT-2509.17653v2,q07,HI_minus_LI,0.14
text31-MATH-SHORT-2511.03536v1,q07,HI_minus_LI,-0.24000000000000005
text32-MATH-SHORT-2603.02088v1,q07,HI_minus_LI,0.18000000000000002
text33-MATH-SHORT-2512.22134v3,q07,HI_minus_LI,-0.040000000000000015
text34-MATH-SHORT-2509.00532v1,q07,HI_minus_LI,0.2
text35-MATH-SHORT-2512.06844v1,q07,HI_minus_LI,0.03999999999999997
text36-MATH-SHORT-2503.09380v2,q07,HI_minus_LI,0.0
text37-MATH-SHORT-2510.26426v1,q07,HI_minus_LI,-0.019999999999999997
text38-MATH-SHORT-2512.04101v1,q07,HI_minus_LI,0.1
text39-MATH-SHORT-2506.11609v2,q07,HI_minus_LI,0.0
text40-MATH-SHORT-2507.15879v2,q07,HI_minus_LI,0.16
text41-BIO-LONG-2512.06709v1,q07,HI_minus_LI,-0.06000000000000001
text42-BIO-LONG-2503.07104v1,q07,HI_minus_LI,0.18
text43-BIO-LONG-2506.16577v1,q07,HI_minus_LI,-0.07999999999999999
text44-BIO-LONG-2505.20052v1,q07,HI_minus_LI,-0.039999999999999966
text45-BIO-LONG-2507.17897v4,q07,HI_minus_LI,-0.020000000000000018
text46-BIO-LONG-2505.05863v1,q07,HI_minus_LI,-0.040000000000000056
text47-BIO-LONG-2505.21094v1,q07,HI_minus_LI,0.07999999999999999
text48-BIO-LONG-2602.16750v1,q07,HI_minus_LI,0.0
text49-BIO-LONG-2511.10014v1,q07,HI_minus_LI,0.019999999999999973
text50-BIO-LONG-2603.01054v1,q07,HI_minus_LI,0.040000000000000036
text51-CS-LONG-2602.11588v1,q07,HI_minus_LI,2.2204460492503132e-17
text52-CS-LONG-2602.15675v1,q07,HI_minus_LI,0.0
text53-CS-LONG-2603.02012v1,q07,HI_minus_LI,-0.039999999999999994
text54-CS-LONG-2602.23006v1,q07,HI_minus_LI,0.07999999999999999
text55-CS-LONG-2602.21625v1,q07,HI_minus_LI,-4.4408920985006264e-17
text56-CS-LONG-2602.13713v1,q07,HI_minus_LI,0.059999999999999984
text57-CS-LONG-2603.00079v1,q07,HI_minus_LI,-0.040000000000000015
text58-CS-LONG-2603.01023v1,q07,HI_minus_LI,0.0
text59-CS-LONG-2602.19401v1,q07,HI_minus_LI,0.0
text60-CS-LONG-2602.18518v1,q07,HI_minus_LI,0.0
text61-PHY-LONG-2602.03885v1,q07,HI_minus_LI,0.36
text62-PHY-LONG-2511.21971v1,q07,HI_minus_LI,-0.07999999999999999
text63-PHY-LONG-2512.18015v1,q07,HI_minus_LI,0.06000000000000001
text64-PHY-LONG-2602.23683v1,q07,HI_minus_LI,0.16
text65-PHY-LONG-2601.13267v1,q07,HI_minus_LI,-0.09999999999999995
text66-PHY-LONG-2512.24566v1,q07,HI_minus_LI,0.0
text67-PHY-LONG-2602.07636v2,q07,HI_minus_LI,-0.07999999999999999
text68-PHY-LONG-2512.18130v1,q07,HI_minus_LI,0.07999999999999999
text69-PHY-LONG-2602.17389v1,q07,HI_minus_LI,0.08000000000000003
text70-PHY-LONG-2602.08188v1,q07,HI_minus_LI,0.08
text71-MATH-LONG-2511.12781v1,q07,HI_minus_LI,0.019999999999999997
text72-MATH-LONG-2602.06095v1,q07,HI_minus_LI,0.0
text73-MATH-LONG-2511.18101v1,q07,HI_minus_LI,-0.1
text74-MATH-LONG-2512.15978v1,q07,HI_minus_LI,0.0
text75-MATH-LONG-2511.22140v1,q07,HI_minus_LI,0.0
text76-MATH-LONG-2602.20441v1,q07,HI_minus_LI,-0.1
text77-MATH-LONG-2601.20851v2,q07,HI_minus_LI,-0.05999999999999996
text78-MATH-LONG-2512.17595v1,q07,HI_minus_LI,-0.24000000000000005
text79-MATH-LONG-2512.10129v1,q07,HI_minus_LI,-0.020000000000000018
text80-MATH-LONG-2512.10507v1,q07,HI_minus_LI,0.16
text01-BIO-SHORT-2505.02276v1,q07,Name_x_Inst,0.16000000000000003
text02-BIO-SHORT-2507.04575v1,q07,Name_x_Inst,0.0
text03-BIO-SHORT-2505.11568v3,q07,Name_x_Inst,0.07999999999999999
text04-BIO-SHORT-2507.08385v1,q07,Name_x_Inst,-0.11999999999999997
text05-BIO-SHORT-2504.10973v1,q07,Name_x_Inst,0.43999999999999995
text06-BIO-SHORT-2506.14789v1,q07,Name_x_Inst,0.0
text07-BIO-SHORT-2506.13576v3,q07,Name_x_Inst,-0.1999999999999999
text08-BIO-SHORT-2503.19923v2,q07,Name_x_Inst,0.2
text09-BIO-SHORT-2602.00019v1,q07,Name_x_Inst,-0.2
text10-BIO-SHORT-2506.13817v1,q07,Name_x_Inst,-0.07999999999999989
text11-CS-SHORT-2506.09194v1,q07,Name_x_Inst,-0.039999999999999945
text12-CS-SHORT-2512.19717v1,q07,Name_x_Inst,-0.040000000000000036
text13-CS-SHORT-2510.04124v5,q07,Name_x_Inst,-0.08000000000000003
text14-CS-SHORT-2509.13349v2,q07,Name_x_Inst,-4.4408920985006264e-17
text15-CS-SHORT-2602.03870v1,q07,Name_x_Inst,0.040000000000000036
text16-CS-SHORT-2509.06033v1,q07,Name_x_Inst,0.0
text17-CS-SHORT-2509.16294v1,q07,Name_x_Inst,-0.12000000000000002
text18-CS-SHORT-2507.09492v1,q07,Name_x_Inst,0.08000000000000007
text19-CS-SHORT-2509.14600v1,q07,Name_x_Inst,0.0
text20-CS-SHORT-2503.14899v1,q07,Name_x_Inst,0.039999999999999945
text21-PHY-SHORT-2601.23079v1,q07,Name_x_Inst,-0.15999999999999992
text22-PHY-SHORT-2601.23047v1,q07,Name_x_Inst,-0.12000000000000002
text23-PHY-SHORT-2601.23057v1,q07,Name_x_Inst,0.15999999999999998
text24-PHY-SHORT-2509.16741v1,q07,Name_x_Inst,-0.2
text25-PHY-SHORT-2507.08042v1,q07,Name_x_Inst,-0.5999999999999999
text26-PHY-SHORT-2512.23538v1,q07,Name_x_Inst,0.4
text27-PHY-SHORT-2510.18500v1,q07,Name_x_Inst,-0.15999999999999998
text28-PHY-SHORT-2508.20431v1,q07,Name_x_Inst,-0.16000000000000006
text29-PHY-SHORT-2509.06825v1,q07,Name_x_Inst,-0.12000000000000002
text30-PHY-SHORT-2509.17653v2,q07,Name_x_Inst,0.039999999999999994
text31-MATH-SHORT-2511.03536v1,q07,Name_x_Inst,-0.5599999999999999
text32-MATH-SHORT-2603.02088v1,q07,Name_x_Inst,-0.27999999999999997
text33-MATH-SHORT-2512.22134v3,q07,Name_x_Inst,0.16
text34-MATH-SHORT-2509.00532v1,q07,Name_x_Inst,0.32
text35-MATH-SHORT-2512.06844v1,q07,Name_x_Inst,-0.4000000000000001
text36-MATH-SHORT-2503.09380v2,q07,Name_x_Inst,0.0
text37-MATH-SHORT-2510.26426v1,q07,Name_x_Inst,-0.44000000000000006
text38-MATH-SHORT-2512.04101v1,q07,Name_x_Inst,-0.12
text39-MATH-SHORT-2506.11609v2,q07,Name_x_Inst,0.0
text40-MATH-SHORT-2507.15879v2,q07,Name_x_Inst,0.0
text41-BIO-LONG-2512.06709v1,q07,Name_x_Inst,-0.12000000000000002
text42-BIO-LONG-2503.07104v1,q07,Name_x_Inst,0.040000000000000036
text43-BIO-LONG-2506.16577v1,q07,Name_x_Inst,-0.15999999999999998
text44-BIO-LONG-2505.20052v1,q07,Name_x_Inst,-0.15999999999999992
text45-BIO-LONG-2507.17897v4,q07,Name_x_Inst,-0.36
text46-BIO-LONG-2505.05863v1,q07,Name_x_Inst,-4.4408920985006264e-17
text47-BIO-LONG-2505.21094v1,q07,Name_x_Inst,-0.15999999999999998
text48-BIO-LONG-2602.16750v1,q07,Name_x_Inst,0.0
text49-BIO-LONG-2511.10014v1,q07,Name_x_Inst,0.12000000000000002
text50-BIO-LONG-2603.01054v1,q07,Name_x_Inst,0.0
text51-CS-LONG-2602.11588v1,q07,Name_x_Inst,-0.08000000000000003
text52-CS-LONG-2602.15675v1,q07,Name_x_Inst,0.0
text53-CS-LONG-2603.02012v1,q07,Name_x_Inst,8.881784197001253e-17
text54-CS-LONG-2602.23006v1,q07,Name_x_Inst,-0.15999999999999998
text55-CS-LONG-2602.21625v1,q07,Name_x_Inst,-0.48
text56-CS-LONG-2602.13713v1,q07,Name_x_Inst,0.20000000000000004
text57-CS-LONG-2603.00079v1,q07,Name_x_Inst,-0.24
text58-CS-LONG-2603.01023v1,q07,Name_x_Inst,-0.15999999999999998
text59-CS-LONG-2602.19401v1,q07,Name_x_Inst,0.0
text60-CS-LONG-2602.18518v1,q07,Name_x_Inst,0.0
text61-PHY-LONG-2602.03885v1,q07,Name_x_Inst,-0.31999999999999995
text62-PHY-LONG-2511.21971v1,q07,Name_x_Inst,0.15999999999999998
text63-PHY-LONG-2512.18015v1,q07,Name_x_Inst,-0.27999999999999997
text64-PHY-LONG-2602.23683v1,q07,Name_x_Inst,0.07999999999999999
text65-PHY-LONG-2601.13267v1,q07,Name_x_Inst,-0.12000000000000002
text66-PHY-LONG-2512.24566v1,q07,Name_x_Inst,0.0
text67-PHY-LONG-2602.07636v2,q07,Name_x_Inst,0.23999999999999994
text68-PHY-LONG-2512.18130v1,q07,Name_x_Inst,0.31999999999999995
text69-PHY-LONG-2602.17389v1,q07,Name_x_Inst,0.07999999999999999
text70-PHY-LONG-2602.08188v1,q07,Name_x_Inst,0.16
text71-MATH-LONG-2511.12781v1,q07,Name_x_Inst,-0.11999999999999997
text72-MATH-LONG-2602.06095v1,q07,Name_x_Inst,0.15999999999999998
text73-MATH-LONG-2511.18101v1,q07,Name_x_Inst,0.11999999999999993
text74-MATH-LONG-2512.15978v1,q07,Name_x_Inst,0.0
text75-MATH-LONG-2511.22140v1,q07,Name_x_Inst,0.0
text76-MATH-LONG-2602.20441v1,q07,Name_x_Inst,-0.2
text77-MATH-LONG-2601.20851v2,q07,Name_x_Inst,-0.11999999999999993
text78-MATH-LONG-2512.17595v1,q07,Name_x_Inst,0.16
text79-MATH-LONG-2512.10129v1,q07,Name_x_Inst,0.040000000000000036
text80-MATH-LONG-2512.10507v1,q07,Name_x_Inst,0.16000000000000006
text01-BIO-SHORT-2505.02276v1,q08,BF_minus_WM,-0.2
text02-BIO-SHORT-2507.04575v1,q08,BF_minus_WM,0.01999999999999999
text03-BIO-SHORT-2505.11568v3,q08,BF_minus_WM,0.11999999999999997
text04-BIO-SHORT-2507.08385v1,q08,BF_minus_WM,0.0
text05-BIO-SHORT-2504.10973v1,q08,BF_minus_WM,0.12
text06-BIO-SHORT-2506.14789v1,q08,BF_minus_WM,-4.4408920985006264e-17
text07-BIO-SHORT-2506.13576v3,q08,BF_minus_WM,0.020000000000000018
text08-BIO-SHORT-2503.19923v2,q08,BF_minus_WM,0.1
text09-BIO-SHORT-2602.00019v1,q08,BF_minus_WM,0.019999999999999973
text10-BIO-SHORT-2506.13817v1,q08,BF_minus_WM,0.040000000000000036
text11-CS-SHORT-2506.09194v1,q08,BF_minus_WM,-0.019999999999999973
text12-CS-SHORT-2512.19717v1,q08,BF_minus_WM,0.10000000000000002
text13-CS-SHORT-2510.04124v5,q08,BF_minus_WM,-0.019999999999999997
text14-CS-SHORT-2509.13349v2,q08,BF_minus_WM,0.15999999999999998
text15-CS-SHORT-2602.03870v1,q08,BF_minus_WM,0.020000000000000018
text16-CS-SHORT-2509.06033v1,q08,BF_minus_WM,0.08
text17-CS-SHORT-2509.16294v1,q08,BF_minus_WM,0.0
text18-CS-SHORT-2507.09492v1,q08,BF_minus_WM,0.020000000000000018
text19-CS-SHORT-2509.14600v1,q08,BF_minus_WM,0.020000000000000018
text20-CS-SHORT-2503.14899v1,q08,BF_minus_WM,0.0
text21-PHY-SHORT-2601.23079v1,q08,BF_minus_WM,-0.04
text22-PHY-SHORT-2601.23047v1,q08,BF_minus_WM,0.06000000000000003
text23-PHY-SHORT-2601.23057v1,q08,BF_minus_WM,-0.08
text24-PHY-SHORT-2509.16741v1,q08,BF_minus_WM,0.01999999999999999
text25-PHY-SHORT-2507.08042v1,q08,BF_minus_WM,0.040000000000000015
text26-PHY-SHORT-2512.23538v1,q08,BF_minus_WM,-0.09999999999999998
text27-PHY-SHORT-2510.18500v1,q08,BF_minus_WM,-0.019999999999999997
text28-PHY-SHORT-2508.20431v1,q08,BF_minus_WM,0.0
text29-PHY-SHORT-2509.06825v1,q08,BF_minus_WM,0.040000000000000015
text30-PHY-SHORT-2509.17653v2,q08,BF_minus_WM,0.0
text31-MATH-SHORT-2511.03536v1,q08,BF_minus_WM,0.039999999999999994
text32-MATH-SHORT-2603.02088v1,q08,BF_minus_WM,-0.019999999999999997
text33-MATH-SHORT-2512.22134v3,q08,BF_minus_WM,0.07999999999999999
text34-MATH-SHORT-2509.00532v1,q08,BF_minus_WM,0.0
text35-MATH-SHORT-2512.06844v1,q08,BF_minus_WM,0.019999999999999973
text36-MATH-SHORT-2503.09380v2,q08,BF_minus_WM,0.07999999999999999
text37-MATH-SHORT-2510.26426v1,q08,BF_minus_WM,0.0
text38-MATH-SHORT-2512.04101v1,q08,BF_minus_WM,-0.019999999999999973
text39-MATH-SHORT-2506.11609v2,q08,BF_minus_WM,-0.05999999999999996
text40-MATH-SHORT-2507.15879v2,q08,BF_minus_WM,0.0
text41-BIO-LONG-2512.06709v1,q08,BF_minus_WM,0.0
text42-BIO-LONG-2503.07104v1,q08,BF_minus_WM,0.020000000000000018
text43-BIO-LONG-2506.16577v1,q08,BF_minus_WM,0.06000000000000005
text44-BIO-LONG-2505.20052v1,q08,BF_minus_WM,0.27999999999999997
text45-BIO-LONG-2507.17897v4,q08,BF_minus_WM,0.039999999999999994
text46-BIO-LONG-2505.05863v1,q08,BF_minus_WM,0.07999999999999999
text47-BIO-LONG-2505.21094v1,q08,BF_minus_WM,0.0
text48-BIO-LONG-2602.16750v1,q08,BF_minus_WM,-0.019999999999999973
text49-BIO-LONG-2511.10014v1,q08,BF_minus_WM,-0.019999999999999997
text50-BIO-LONG-2603.01054v1,q08,BF_minus_WM,-0.08
text51-CS-LONG-2602.11588v1,q08,BF_minus_WM,-0.07999999999999999
text52-CS-LONG-2602.15675v1,q08,BF_minus_WM,-0.059999999999999984
text53-CS-LONG-2603.02012v1,q08,BF_minus_WM,0.0
text54-CS-LONG-2602.23006v1,q08,BF_minus_WM,0.06000000000000001
text55-CS-LONG-2602.21625v1,q08,BF_minus_WM,0.0
text56-CS-LONG-2602.13713v1,q08,BF_minus_WM,-0.18
text57-CS-LONG-2603.00079v1,q08,BF_minus_WM,0.13999999999999999
text58-CS-LONG-2603.01023v1,q08,BF_minus_WM,0.019999999999999973
text59-CS-LONG-2602.19401v1,q08,BF_minus_WM,-0.07999999999999999
text60-CS-LONG-2602.18518v1,q08,BF_minus_WM,0.0
text61-PHY-LONG-2602.03885v1,q08,BF_minus_WM,0.020000000000000018
text62-PHY-LONG-2511.21971v1,q08,BF_minus_WM,0.11999999999999997
text63-PHY-LONG-2512.18015v1,q08,BF_minus_WM,0.0
text64-PHY-LONG-2602.23683v1,q08,BF_minus_WM,-0.059999999999999984
text65-PHY-LONG-2601.13267v1,q08,BF_minus_WM,0.07999999999999999
text66-PHY-LONG-2512.24566v1,q08,BF_minus_WM,0.020000000000000018
text67-PHY-LONG-2602.07636v2,q08,BF_minus_WM,-0.15999999999999998
text68-PHY-LONG-2512.18130v1,q08,BF_minus_WM,0.040000000000000015
text69-PHY-LONG-2602.17389v1,q08,BF_minus_WM,-0.08000000000000003
text70-PHY-LONG-2602.08188v1,q08,BF_minus_WM,-0.019999999999999997
text71-MATH-LONG-2511.12781v1,q08,BF_minus_WM,-0.10000000000000005
text72-MATH-LONG-2602.06095v1,q08,BF_minus_WM,-0.059999999999999984
text73-MATH-LONG-2511.18101v1,q08,BF_minus_WM,-0.019999999999999973
text74-MATH-LONG-2512.15978v1,q08,BF_minus_WM,0.019999999999999997
text75-MATH-LONG-2511.22140v1,q08,BF_minus_WM,-0.039999999999999945
text76-MATH-LONG-2602.20441v1,q08,BF_minus_WM,0.17999999999999997
text77-MATH-LONG-2601.20851v2,q08,BF_minus_WM,-0.06000000000000003
text78-MATH-LONG-2512.17595v1,q08,BF_minus_WM,-0.11999999999999997
text79-MATH-LONG-2512.10129v1,q08,BF_minus_WM,0.06000000000000001
text80-MATH-LONG-2512.10507v1,q08,BF_minus_WM,-0.06000000000000001
text01-BIO-SHORT-2505.02276v1,q08,HI_minus_LI,0.08
text02-BIO-SHORT-2507.04575v1,q08,HI_minus_LI,0.34
text03-BIO-SHORT-2505.11568v3,q08,HI_minus_LI,0.08000000000000003
text04-BIO-SHORT-2507.08385v1,q08,HI_minus_LI,0.2
text05-BIO-SHORT-2504.10973v1,q08,HI_minus_LI,0.12
text06-BIO-SHORT-2506.14789v1,q08,HI_minus_LI,-0.039999999999999994
text07-BIO-SHORT-2506.13576v3,q08,HI_minus_LI,0.18
text08-BIO-SHORT-2503.19923v2,q08,HI_minus_LI,-0.3
text09-BIO-SHORT-2602.00019v1,q08,HI_minus_LI,0.13999999999999999
text10-BIO-SHORT-2506.13817v1,q08,HI_minus_LI,0.4
text11-CS-SHORT-2506.09194v1,q08,HI_minus_LI,0.020000000000000018
text12-CS-SHORT-2512.19717v1,q08,HI_minus_LI,0.3
text13-CS-SHORT-2510.04124v5,q08,HI_minus_LI,0.14
text14-CS-SHORT-2509.13349v2,q08,HI_minus_LI,0.2
text15-CS-SHORT-2602.03870v1,q08,HI_minus_LI,0.020000000000000018
text16-CS-SHORT-2509.06033v1,q08,HI_minus_LI,0.08
text17-CS-SHORT-2509.16294v1,q08,HI_minus_LI,0.0
text18-CS-SHORT-2507.09492v1,q08,HI_minus_LI,-0.020000000000000018
text19-CS-SHORT-2509.14600v1,q08,HI_minus_LI,0.34
text20-CS-SHORT-2503.14899v1,q08,HI_minus_LI,0.0
text21-PHY-SHORT-2601.23079v1,q08,HI_minus_LI,-3.3306690738754695e-17
text22-PHY-SHORT-2601.23047v1,q08,HI_minus_LI,0.059999999999999984
text23-PHY-SHORT-2601.23057v1,q08,HI_minus_LI,0.08
text24-PHY-SHORT-2509.16741v1,q08,HI_minus_LI,-0.01999999999999999
text25-PHY-SHORT-2507.08042v1,q08,HI_minus_LI,-0.08
text26-PHY-SHORT-2512.23538v1,q08,HI_minus_LI,0.059999999999999984
text27-PHY-SHORT-2510.18500v1,q08,HI_minus_LI,0.019999999999999997
text28-PHY-SHORT-2508.20431v1,q08,HI_minus_LI,0.0
text29-PHY-SHORT-2509.06825v1,q08,HI_minus_LI,-2.2204460492503132e-17
text30-PHY-SHORT-2509.17653v2,q08,HI_minus_LI,0.0
text31-MATH-SHORT-2511.03536v1,q08,HI_minus_LI,0.16
text32-MATH-SHORT-2603.02088v1,q08,HI_minus_LI,-0.019999999999999997
text33-MATH-SHORT-2512.22134v3,q08,HI_minus_LI,-0.039999999999999945
text34-MATH-SHORT-2509.00532v1,q08,HI_minus_LI,0.039999999999999994
text35-MATH-SHORT-2512.06844v1,q08,HI_minus_LI,0.06000000000000001
text36-MATH-SHORT-2503.09380v2,q08,HI_minus_LI,0.24
text37-MATH-SHORT-2510.26426v1,q08,HI_minus_LI,0.040000000000000036
text38-MATH-SHORT-2512.04101v1,q08,HI_minus_LI,-0.019999999999999973
text39-MATH-SHORT-2506.11609v2,q08,HI_minus_LI,0.1
text40-MATH-SHORT-2507.15879v2,q08,HI_minus_LI,0.0
text41-BIO-LONG-2512.06709v1,q08,HI_minus_LI,0.0
text42-BIO-LONG-2503.07104v1,q08,HI_minus_LI,0.18
text43-BIO-LONG-2506.16577v1,q08,HI_minus_LI,0.020000000000000018
text44-BIO-LONG-2505.20052v1,q08,HI_minus_LI,0.12
text45-BIO-LONG-2507.17897v4,q08,HI_minus_LI,0.039999999999999994
text46-BIO-LONG-2505.05863v1,q08,HI_minus_LI,0.11999999999999997
text47-BIO-LONG-2505.21094v1,q08,HI_minus_LI,0.0
text48-BIO-LONG-2602.16750v1,q08,HI_minus_LI,0.06000000000000001
text49-BIO-LONG-2511.10014v1,q08,HI_minus_LI,0.019999999999999997
text50-BIO-LONG-2603.01054v1,q08,HI_minus_LI,0.12
text51-CS-LONG-2602.11588v1,q08,HI_minus_LI,0.12000000000000002
text52-CS-LONG-2602.15675v1,q08,HI_minus_LI,0.059999999999999984
text53-CS-LONG-2603.02012v1,q08,HI_minus_LI,0.0
text54-CS-LONG-2602.23006v1,q08,HI_minus_LI,0.26
text55-CS-LONG-2602.21625v1,q08,HI_minus_LI,0.2
text56-CS-LONG-2602.13713v1,q08,HI_minus_LI,0.38
text57-CS-LONG-2603.00079v1,q08,HI_minus_LI,0.18
text58-CS-LONG-2603.01023v1,q08,HI_minus_LI,0.019999999999999973
text59-CS-LONG-2602.19401v1,q08,HI_minus_LI,0.07999999999999999
text60-CS-LONG-2602.18518v1,q08,HI_minus_LI,0.0
text61-PHY-LONG-2602.03885v1,q08,HI_minus_LI,0.18
text62-PHY-LONG-2511.21971v1,q08,HI_minus_LI,0.44000000000000006
text63-PHY-LONG-2512.18015v1,q08,HI_minus_LI,0.039999999999999994
text64-PHY-LONG-2602.23683v1,q08,HI_minus_LI,0.25999999999999995
text65-PHY-LONG-2601.13267v1,q08,HI_minus_LI,0.07999999999999999
text66-PHY-LONG-2512.24566v1,q08,HI_minus_LI,0.22000000000000003
text67-PHY-LONG-2602.07636v2,q08,HI_minus_LI,0.0
text68-PHY-LONG-2512.18130v1,q08,HI_minus_LI,0.27999999999999997
text69-PHY-LONG-2602.17389v1,q08,HI_minus_LI,-0.039999999999999945
text70-PHY-LONG-2602.08188v1,q08,HI_minus_LI,0.019999999999999997
text71-MATH-LONG-2511.12781v1,q08,HI_minus_LI,0.13999999999999999
text72-MATH-LONG-2602.06095v1,q08,HI_minus_LI,-0.019999999999999997
text73-MATH-LONG-2511.18101v1,q08,HI_minus_LI,0.06000000000000001
text74-MATH-LONG-2512.15978v1,q08,HI_minus_LI,0.18000000000000005
text75-MATH-LONG-2511.22140v1,q08,HI_minus_LI,0.07999999999999999
text76-MATH-LONG-2602.20441v1,q08,HI_minus_LI,0.019999999999999952
text77-MATH-LONG-2601.20851v2,q08,HI_minus_LI,0.22000000000000003
text78-MATH-LONG-2512.17595v1,q08,HI_minus_LI,0.08000000000000003
text79-MATH-LONG-2512.10129v1,q08,HI_minus_LI,-0.09999999999999995
text80-MATH-LONG-2512.10507v1,q08,HI_minus_LI,0.26
text01-BIO-SHORT-2505.02276v1,q08,Name_x_Inst,0.24
text02-BIO-SHORT-2507.04575v1,q08,Name_x_Inst,0.11999999999999997
text03-BIO-SHORT-2505.11568v3,q08,Name_x_Inst,0.07999999999999999
text04-BIO-SHORT-2507.08385v1,q08,Name_x_Inst,0.0
text05-BIO-SHORT-2504.10973v1,q08,Name_x_Inst,0.4
text06-BIO-SHORT-2506.14789v1,q08,Name_x_Inst,0.07999999999999999
text07-BIO-SHORT-2506.13576v3,q08,Name_x_Inst,0.040000000000000036
text08-BIO-SHORT-2503.19923v2,q08,Name_x_Inst,-0.12000000000000002
text09-BIO-SHORT-2602.00019v1,q08,Name_x_Inst,-0.12000000000000002
text10-BIO-SHORT-2506.13817v1,q08,Name_x_Inst,0.0
text11-CS-SHORT-2506.09194v1,q08,Name_x_Inst,0.039999999999999945
text12-CS-SHORT-2512.19717v1,q08,Name_x_Inst,0.20000000000000004
text13-CS-SHORT-2510.04124v5,q08,Name_x_Inst,-0.28
text14-CS-SHORT-2509.13349v2,q08,Name_x_Inst,0.0
text15-CS-SHORT-2602.03870v1,q08,Name_x_Inst,-0.040000000000000036
text16-CS-SHORT-2509.06033v1,q08,Name_x_Inst,0.16
text17-CS-SHORT-2509.16294v1,q08,Name_x_Inst,0.0
text18-CS-SHORT-2507.09492v1,q08,Name_x_Inst,0.040000000000000036
text19-CS-SHORT-2509.14600v1,q08,Name_x_Inst,-0.040000000000000036
text20-CS-SHORT-2503.14899v1,q08,Name_x_Inst,0.0
text21-PHY-SHORT-2601.23079v1,q08,Name_x_Inst,-0.08
text22-PHY-SHORT-2601.23047v1,q08,Name_x_Inst,-0.12000000000000006
text23-PHY-SHORT-2601.23057v1,q08,Name_x_Inst,0.16
text24-PHY-SHORT-2509.16741v1,q08,Name_x_Inst,0.03999999999999998
text25-PHY-SHORT-2507.08042v1,q08,Name_x_Inst,0.08000000000000003
text26-PHY-SHORT-2512.23538v1,q08,Name_x_Inst,0.28000000000000014
text27-PHY-SHORT-2510.18500v1,q08,Name_x_Inst,0.039999999999999994
text28-PHY-SHORT-2508.20431v1,q08,Name_x_Inst,0.0
text29-PHY-SHORT-2509.06825v1,q08,Name_x_Inst,-0.08000000000000003
text30-PHY-SHORT-2509.17653v2,q08,Name_x_Inst,0.0
text31-MATH-SHORT-2511.03536v1,q08,Name_x_Inst,-0.07999999999999999
text32-MATH-SHORT-2603.02088v1,q08,Name_x_Inst,-0.28
text33-MATH-SHORT-2512.22134v3,q08,Name_x_Inst,0.15999999999999998
text34-MATH-SHORT-2509.00532v1,q08,Name_x_Inst,0.0
text35-MATH-SHORT-2512.06844v1,q08,Name_x_Inst,0.1999999999999999
text36-MATH-SHORT-2503.09380v2,q08,Name_x_Inst,-0.4
text37-MATH-SHORT-2510.26426v1,q08,Name_x_Inst,-0.24000000000000005
text38-MATH-SHORT-2512.04101v1,q08,Name_x_Inst,0.12000000000000002
text39-MATH-SHORT-2506.11609v2,q08,Name_x_Inst,-0.11999999999999993
text40-MATH-SHORT-2507.15879v2,q08,Name_x_Inst,0.0
text41-BIO-LONG-2512.06709v1,q08,Name_x_Inst,0.0
text42-BIO-LONG-2503.07104v1,q08,Name_x_Inst,0.040000000000000036
text43-BIO-LONG-2506.16577v1,q08,Name_x_Inst,0.36
text44-BIO-LONG-2505.20052v1,q08,Name_x_Inst,-0.24
text45-BIO-LONG-2507.17897v4,q08,Name_x_Inst,0.07999999999999999
text46-BIO-LONG-2505.05863v1,q08,Name_x_Inst,-0.24000000000000005
text47-BIO-LONG-2505.21094v1,q08,Name_x_Inst,0.0
text48-BIO-LONG-2602.16750v1,q08,Name_x_Inst,-0.039999999999999945
text49-BIO-LONG-2511.10014v1,q08,Name_x_Inst,0.039999999999999994
text50-BIO-LONG-2603.01054v1,q08,Name_x_Inst,-0.16
text51-CS-LONG-2602.11588v1,q08,Name_x_Inst,-0.15999999999999998
text52-CS-LONG-2602.15675v1,q08,Name_x_Inst,-0.11999999999999988
text53-CS-LONG-2603.02012v1,q08,Name_x_Inst,0.0
text54-CS-LONG-2602.23006v1,q08,Name_x_Inst,-0.1999999999999999
text55-CS-LONG-2602.21625v1,q08,Name_x_Inst,0.0
text56-CS-LONG-2602.13713v1,q08,Name_x_Inst,0.040000000000000036
text57-CS-LONG-2603.00079v1,q08,Name_x_Inst,-0.039999999999999966
text58-CS-LONG-2603.01023v1,q08,Name_x_Inst,-0.12000000000000002
text59-CS-LONG-2602.19401v1,q08,Name_x_Inst,-0.15999999999999998
text60-CS-LONG-2602.18518v1,q08,Name_x_Inst,0.0
text61-PHY-LONG-2602.03885v1,q08,Name_x_Inst,0.040000000000000036
text62-PHY-LONG-2511.21971v1,q08,Name_x_Inst,0.07999999999999999
text63-PHY-LONG-2512.18015v1,q08,Name_x_Inst,0.0
text64-PHY-LONG-2602.23683v1,q08,Name_x_Inst,0.19999999999999996
text65-PHY-LONG-2601.13267v1,q08,Name_x_Inst,-0.15999999999999998
text66-PHY-LONG-2512.24566v1,q08,Name_x_Inst,-0.040000000000000036
text67-PHY-LONG-2602.07636v2,q08,Name_x_Inst,0.23999999999999994
text68-PHY-LONG-2512.18130v1,q08,Name_x_Inst,0.32000000000000006
text69-PHY-LONG-2602.17389v1,q08,Name_x_Inst,0.24000000000000005
text70-PHY-LONG-2602.08188v1,q08,Name_x_Inst,0.039999999999999994
text71-MATH-LONG-2511.12781v1,q08,Name_x_Inst,-0.12000000000000002
text72-MATH-LONG-2602.06095v1,q08,Name_x_Inst,-0.039999999999999994
text73-MATH-LONG-2511.18101v1,q08,Name_x_Inst,0.039999999999999945
text74-MATH-LONG-2512.15978v1,q08,Name_x_Inst,-0.11999999999999997
text75-MATH-LONG-2511.22140v1,q08,Name_x_Inst,0.15999999999999998
text76-MATH-LONG-2602.20441v1,q08,Name_x_Inst,-0.039999999999999994
text77-MATH-LONG-2601.20851v2,q08,Name_x_Inst,0.19999999999999996
text78-MATH-LONG-2512.17595v1,q08,Name_x_Inst,0.07999999999999999
text79-MATH-LONG-2512.10129v1,q08,Name_x_Inst,-0.12000000000000002
text80-MATH-LONG-2512.10507v1,q08,Name_x_Inst,0.12000000000000002
text01-BIO-SHORT-2505.02276v1,q09,BF_minus_WM,-0.1
text02-BIO-SHORT-2507.04575v1,q09,BF_minus_WM,-0.04
text03-BIO-SHORT-2505.11568v3,q09,BF_minus_WM,-0.14
text04-BIO-SHORT-2507.08385v1,q09,BF_minus_WM,0.1
text05-BIO-SHORT-2504.10973v1,q09,BF_minus_WM,0.13999999999999999
text06-BIO-SHORT-2506.14789v1,q09,BF_minus_WM,-0.34
text07-BIO-SHORT-2506.13576v3,q09,BF_minus_WM,-0.06000000000000001
text08-BIO-SHORT-2503.19923v2,q09,BF_minus_WM,0.26000000000000006
text09-BIO-SHORT-2602.00019v1,q09,BF_minus_WM,0.040000000000000015
text10-BIO-SHORT-2506.13817v1,q09,BF_minus_WM,0.18
text11-CS-SHORT-2506.09194v1,q09,BF_minus_WM,-0.22000000000000003
text12-CS-SHORT-2512.19717v1,q09,BF_minus_WM,0.18000000000000002
text13-CS-SHORT-2510.04124v5,q09,BF_minus_WM,-0.14
text14-CS-SHORT-2509.13349v2,q09,BF_minus_WM,-0.06000000000000003
text15-CS-SHORT-2602.03870v1,q09,BF_minus_WM,-0.020000000000000035
text16-CS-SHORT-2509.06033v1,q09,BF_minus_WM,-0.16
text17-CS-SHORT-2509.16294v1,q09,BF_minus_WM,-0.16
text18-CS-SHORT-2507.09492v1,q09,BF_minus_WM,-0.15999999999999995
text19-CS-SHORT-2509.14600v1,q09,BF_minus_WM,-0.059999999999999984
text20-CS-SHORT-2503.14899v1,q09,BF_minus_WM,-0.09999999999999999
text21-PHY-SHORT-2601.23079v1,q09,BF_minus_WM,-0.09999999999999998
text22-PHY-SHORT-2601.23047v1,q09,BF_minus_WM,-0.12
text23-PHY-SHORT-2601.23057v1,q09,BF_minus_WM,0.07999999999999999
text24-PHY-SHORT-2509.16741v1,q09,BF_minus_WM,0.12000000000000002
text25-PHY-SHORT-2507.08042v1,q09,BF_minus_WM,0.24000000000000005
text26-PHY-SHORT-2512.23538v1,q09,BF_minus_WM,-0.44000000000000006
text27-PHY-SHORT-2510.18500v1,q09,BF_minus_WM,-0.040000000000000015
text28-PHY-SHORT-2508.20431v1,q09,BF_minus_WM,0.059999999999999984
text29-PHY-SHORT-2509.06825v1,q09,BF_minus_WM,0.06000000000000003
text30-PHY-SHORT-2509.17653v2,q09,BF_minus_WM,0.08
text31-MATH-SHORT-2511.03536v1,q09,BF_minus_WM,-0.16
text32-MATH-SHORT-2603.02088v1,q09,BF_minus_WM,-0.1
text33-MATH-SHORT-2512.22134v3,q09,BF_minus_WM,0.07999999999999999
text34-MATH-SHORT-2509.00532v1,q09,BF_minus_WM,-0.12000000000000002
text35-MATH-SHORT-2512.06844v1,q09,BF_minus_WM,0.0
text36-MATH-SHORT-2503.09380v2,q09,BF_minus_WM,-0.16
text37-MATH-SHORT-2510.26426v1,q09,BF_minus_WM,-0.27999999999999997
text38-MATH-SHORT-2512.04101v1,q09,BF_minus_WM,-0.06
text39-MATH-SHORT-2506.11609v2,q09,BF_minus_WM,0.1
text40-MATH-SHORT-2507.15879v2,q09,BF_minus_WM,0.0
text41-BIO-LONG-2512.06709v1,q09,BF_minus_WM,0.08
text42-BIO-LONG-2503.07104v1,q09,BF_minus_WM,0.32
text43-BIO-LONG-2506.16577v1,q09,BF_minus_WM,0.32
text44-BIO-LONG-2505.20052v1,q09,BF_minus_WM,0.44000000000000006
text45-BIO-LONG-2507.17897v4,q09,BF_minus_WM,-0.28
text46-BIO-LONG-2505.05863v1,q09,BF_minus_WM,0.16
text47-BIO-LONG-2505.21094v1,q09,BF_minus_WM,-0.040000000000000015
text48-BIO-LONG-2602.16750v1,q09,BF_minus_WM,-0.15999999999999995
text49-BIO-LONG-2511.10014v1,q09,BF_minus_WM,0.13999999999999999
text50-BIO-LONG-2603.01054v1,q09,BF_minus_WM,-0.2
text51-CS-LONG-2602.11588v1,q09,BF_minus_WM,0.14
text52-CS-LONG-2602.15675v1,q09,BF_minus_WM,-0.1
text53-CS-LONG-2603.02012v1,q09,BF_minus_WM,0.18
text54-CS-LONG-2602.23006v1,q09,BF_minus_WM,0.18000000000000002
text55-CS-LONG-2602.21625v1,q09,BF_minus_WM,0.020000000000000018
text56-CS-LONG-2602.13713v1,q09,BF_minus_WM,0.07999999999999999
text57-CS-LONG-2603.00079v1,q09,BF_minus_WM,0.06000000000000001
text58-CS-LONG-2603.01023v1,q09,BF_minus_WM,0.0
text59-CS-LONG-2602.19401v1,q09,BF_minus_WM,0.07999999999999999
text60-CS-LONG-2602.18518v1,q09,BF_minus_WM,-0.22000000000000003
text61-PHY-LONG-2602.03885v1,q09,BF_minus_WM,0.019999999999999997
text62-PHY-LONG-2511.21971v1,q09,BF_minus_WM,0.07999999999999999
text63-PHY-LONG-2512.18015v1,q09,BF_minus_WM,0.13999999999999999
text64-PHY-LONG-2602.23683v1,q09,BF_minus_WM,0.16
text65-PHY-LONG-2601.13267v1,q09,BF_minus_WM,-0.07999999999999996
text66-PHY-LONG-2512.24566v1,q09,BF_minus_WM,0.2
text67-PHY-LONG-2602.07636v2,q09,BF_minus_WM,0.5599999999999999
text68-PHY-LONG-2512.18130v1,q09,BF_minus_WM,0.15999999999999995
text69-PHY-LONG-2602.17389v1,q09,BF_minus_WM,-0.33999999999999997
text70-PHY-LONG-2602.08188v1,q09,BF_minus_WM,0.07999999999999999
text71-MATH-LONG-2511.12781v1,q09,BF_minus_WM,0.32
text72-MATH-LONG-2602.06095v1,q09,BF_minus_WM,-0.12
text73-MATH-LONG-2511.18101v1,q09,BF_minus_WM,-0.07999999999999999
text74-MATH-LONG-2512.15978v1,q09,BF_minus_WM,0.24
text75-MATH-LONG-2511.22140v1,q09,BF_minus_WM,0.28
text76-MATH-LONG-2602.20441v1,q09,BF_minus_WM,-0.45999999999999996
text77-MATH-LONG-2601.20851v2,q09,BF_minus_WM,0.22000000000000003
text78-MATH-LONG-2512.17595v1,q09,BF_minus_WM,-0.24000000000000005
text79-MATH-LONG-2512.10129v1,q09,BF_minus_WM,0.1
text80-MATH-LONG-2512.10507v1,q09,BF_minus_WM,-0.059999999999999984
text01-BIO-SHORT-2505.02276v1,q09,HI_minus_LI,-0.020000000000000018
text02-BIO-SHORT-2507.04575v1,q09,HI_minus_LI,-0.08
text03-BIO-SHORT-2505.11568v3,q09,HI_minus_LI,-0.38
text04-BIO-SHORT-2507.08385v1,q09,HI_minus_LI,-0.06
text05-BIO-SHORT-2504.10973v1,q09,HI_minus_LI,-0.1
text06-BIO-SHORT-2506.14789v1,q09,HI_minus_LI,0.18
text07-BIO-SHORT-2506.13576v3,q09,HI_minus_LI,-0.78
text08-BIO-SHORT-2503.19923v2,q09,HI_minus_LI,-0.13999999999999999
text09-BIO-SHORT-2602.00019v1,q09,HI_minus_LI,-0.44000000000000006
text10-BIO-SHORT-2506.13817v1,q09,HI_minus_LI,-0.9
text11-CS-SHORT-2506.09194v1,q09,HI_minus_LI,0.020000000000000018
text12-CS-SHORT-2512.19717v1,q09,HI_minus_LI,-0.58
text13-CS-SHORT-2510.04124v5,q09,HI_minus_LI,0.1
text14-CS-SHORT-2509.13349v2,q09,HI_minus_LI,-0.7
text15-CS-SHORT-2602.03870v1,q09,HI_minus_LI,0.019999999999999997
text16-CS-SHORT-2509.06033v1,q09,HI_minus_LI,-0.12000000000000002
text17-CS-SHORT-2509.16294v1,q09,HI_minus_LI,-0.040000000000000015
text18-CS-SHORT-2507.09492v1,q09,HI_minus_LI,-0.15999999999999998
text19-CS-SHORT-2509.14600v1,q09,HI_minus_LI,-0.1
text20-CS-SHORT-2503.14899v1,q09,HI_minus_LI,0.020000000000000007
text21-PHY-SHORT-2601.23079v1,q09,HI_minus_LI,-0.22000000000000003
text22-PHY-SHORT-2601.23047v1,q09,HI_minus_LI,0.44000000000000006
text23-PHY-SHORT-2601.23057v1,q09,HI_minus_LI,0.2
text24-PHY-SHORT-2509.16741v1,q09,HI_minus_LI,0.039999999999999994
text25-PHY-SHORT-2507.08042v1,q09,HI_minus_LI,-0.12000000000000002
text26-PHY-SHORT-2512.23538v1,q09,HI_minus_LI,-0.4
text27-PHY-SHORT-2510.18500v1,q09,HI_minus_LI,0.08
text28-PHY-SHORT-2508.20431v1,q09,HI_minus_LI,-0.13999999999999999
text29-PHY-SHORT-2509.06825v1,q09,HI_minus_LI,-0.09999999999999998
text30-PHY-SHORT-2509.17653v2,q09,HI_minus_LI,0.04000000000000001
text31-MATH-SHORT-2511.03536v1,q09,HI_minus_LI,-0.16
text32-MATH-SHORT-2603.02088v1,q09,HI_minus_LI,0.06000000000000001
text33-MATH-SHORT-2512.22134v3,q09,HI_minus_LI,0.12000000000000002
text34-MATH-SHORT-2509.00532v1,q09,HI_minus_LI,-0.12000000000000002
text35-MATH-SHORT-2512.06844v1,q09,HI_minus_LI,-0.12000000000000002
text36-MATH-SHORT-2503.09380v2,q09,HI_minus_LI,-0.36
text37-MATH-SHORT-2510.26426v1,q09,HI_minus_LI,-0.039999999999999966
text38-MATH-SHORT-2512.04101v1,q09,HI_minus_LI,-0.18
text39-MATH-SHORT-2506.11609v2,q09,HI_minus_LI,0.18
text40-MATH-SHORT-2507.15879v2,q09,HI_minus_LI,0.36
text41-BIO-LONG-2512.06709v1,q09,HI_minus_LI,0.04000000000000001
text42-BIO-LONG-2503.07104v1,q09,HI_minus_LI,-0.2
text43-BIO-LONG-2506.16577v1,q09,HI_minus_LI,-0.08
text44-BIO-LONG-2505.20052v1,q09,HI_minus_LI,-0.08000000000000004
text45-BIO-LONG-2507.17897v4,q09,HI_minus_LI,0.08000000000000003
text46-BIO-LONG-2505.05863v1,q09,HI_minus_LI,-0.19999999999999998
text47-BIO-LONG-2505.21094v1,q09,HI_minus_LI,-0.07999999999999999
text48-BIO-LONG-2602.16750v1,q09,HI_minus_LI,-0.48
text49-BIO-LONG-2511.10014v1,q09,HI_minus_LI,-0.019999999999999997
text50-BIO-LONG-2603.01054v1,q09,HI_minus_LI,0.12000000000000002
text51-CS-LONG-2602.11588v1,q09,HI_minus_LI,-0.3
text52-CS-LONG-2602.15675v1,q09,HI_minus_LI,0.1
text53-CS-LONG-2603.02012v1,q09,HI_minus_LI,-0.41999999999999993
text54-CS-LONG-2602.23006v1,q09,HI_minus_LI,0.18000000000000002
text55-CS-LONG-2602.21625v1,q09,HI_minus_LI,-0.020000000000000018
text56-CS-LONG-2602.13713v1,q09,HI_minus_LI,-1.0000000000000002
text57-CS-LONG-2603.00079v1,q09,HI_minus_LI,-0.18
text58-CS-LONG-2603.01023v1,q09,HI_minus_LI,0.24
text59-CS-LONG-2602.19401v1,q09,HI_minus_LI,-0.12000000000000002
text60-CS-LONG-2602.18518v1,q09,HI_minus_LI,-0.13999999999999999
text61-PHY-LONG-2602.03885v1,q09,HI_minus_LI,-0.22000000000000003
text62-PHY-LONG-2511.21971v1,q09,HI_minus_LI,-0.4
text63-PHY-LONG-2512.18015v1,q09,HI_minus_LI,-0.14000000000000004
text64-PHY-LONG-2602.23683v1,q09,HI_minus_LI,-0.64
text65-PHY-LONG-2601.13267v1,q09,HI_minus_LI,-0.28
text66-PHY-LONG-2512.24566v1,q09,HI_minus_LI,-0.039999999999999994
text67-PHY-LONG-2602.07636v2,q09,HI_minus_LI,-0.039999999999999994
text68-PHY-LONG-2512.18130v1,q09,HI_minus_LI,-0.48
text69-PHY-LONG-2602.17389v1,q09,HI_minus_LI,-0.33999999999999997
text70-PHY-LONG-2602.08188v1,q09,HI_minus_LI,-0.12000000000000002
text71-MATH-LONG-2511.12781v1,q09,HI_minus_LI,0.15999999999999998
text72-MATH-LONG-2602.06095v1,q09,HI_minus_LI,0.12
text73-MATH-LONG-2511.18101v1,q09,HI_minus_LI,0.11999999999999997
text74-MATH-LONG-2512.15978v1,q09,HI_minus_LI,0.28
text75-MATH-LONG-2511.22140v1,q09,HI_minus_LI,-0.12
text76-MATH-LONG-2602.20441v1,q09,HI_minus_LI,-0.26000000000000006
text77-MATH-LONG-2601.20851v2,q09,HI_minus_LI,-1.1
text78-MATH-LONG-2512.17595v1,q09,HI_minus_LI,-0.28
text79-MATH-LONG-2512.10129v1,q09,HI_minus_LI,-0.18
text80-MATH-LONG-2512.10507v1,q09,HI_minus_LI,-0.7
text01-BIO-SHORT-2505.02276v1,q09,Name_x_Inst,0.03999999999999998
text02-BIO-SHORT-2507.04575v1,q09,Name_x_Inst,-0.24
text03-BIO-SHORT-2505.11568v3,q09,Name_x_Inst,-0.36
text04-BIO-SHORT-2507.08385v1,q09,Name_x_Inst,-0.27999999999999997
text05-BIO-SHORT-2504.10973v1,q09,Name_x_Inst,0.36000000000000004
text06-BIO-SHORT-2506.14789v1,q09,Name_x_Inst,-0.039999999999999994
text07-BIO-SHORT-2506.13576v3,q09,Name_x_Inst,0.36000000000000004
text08-BIO-SHORT-2503.19923v2,q09,Name_x_Inst,-0.2
text09-BIO-SHORT-2602.00019v1,q09,Name_x_Inst,-0.5599999999999999
text10-BIO-SHORT-2506.13817v1,q09,Name_x_Inst,0.19999999999999998
text11-CS-SHORT-2506.09194v1,q09,Name_x_Inst,0.8400000000000001
text12-CS-SHORT-2512.19717v1,q09,Name_x_Inst,0.2000000000000001
text13-CS-SHORT-2510.04124v5,q09,Name_x_Inst,0.12000000000000002
text14-CS-SHORT-2509.13349v2,q09,Name_x_Inst,-0.44000000000000006
text15-CS-SHORT-2602.03870v1,q09,Name_x_Inst,-0.28
text16-CS-SHORT-2509.06033v1,q09,Name_x_Inst,-0.07999999999999999
text17-CS-SHORT-2509.16294v1,q09,Name_x_Inst,0.16
text18-CS-SHORT-2507.09492v1,q09,Name_x_Inst,1.3599999999999999
text19-CS-SHORT-2509.14600v1,q09,Name_x_Inst,0.12
text20-CS-SHORT-2503.14899v1,q09,Name_x_Inst,0.039999999999999994
text21-PHY-SHORT-2601.23079v1,q09,Name_x_Inst,0.19999999999999996
text22-PHY-SHORT-2601.23047v1,q09,Name_x_Inst,0.4
text23-PHY-SHORT-2601.23057v1,q09,Name_x_Inst,-0.07999999999999999
text24-PHY-SHORT-2509.16741v1,q09,Name_x_Inst,0.07999999999999999
text25-PHY-SHORT-2507.08042v1,q09,Name_x_Inst,-0.4
text26-PHY-SHORT-2512.23538v1,q09,Name_x_Inst,-4.4408920985006264e-17
text27-PHY-SHORT-2510.18500v1,q09,Name_x_Inst,-0.16
text28-PHY-SHORT-2508.20431v1,q09,Name_x_Inst,0.12000000000000004
text29-PHY-SHORT-2509.06825v1,q09,Name_x_Inst,0.52
text30-PHY-SHORT-2509.17653v2,q09,Name_x_Inst,-0.16
text31-MATH-SHORT-2511.03536v1,q09,Name_x_Inst,-0.4
text32-MATH-SHORT-2603.02088v1,q09,Name_x_Inst,-0.039999999999999994
text33-MATH-SHORT-2512.22134v3,q09,Name_x_Inst,0.4
text34-MATH-SHORT-2509.00532v1,q09,Name_x_Inst,0.4
text35-MATH-SHORT-2512.06844v1,q09,Name_x_Inst,0.0
text36-MATH-SHORT-2503.09380v2,q09,Name_x_Inst,0.4
text37-MATH-SHORT-2510.26426v1,q09,Name_x_Inst,-0.24
text38-MATH-SHORT-2512.04101v1,q09,Name_x_Inst,-0.04
text39-MATH-SHORT-2506.11609v2,q09,Name_x_Inst,0.19999999999999998
text40-MATH-SHORT-2507.15879v2,q09,Name_x_Inst,0.24000000000000005
text41-BIO-LONG-2512.06709v1,q09,Name_x_Inst,0.16
text42-BIO-LONG-2503.07104v1,q09,Name_x_Inst,-0.15999999999999998
text43-BIO-LONG-2506.16577v1,q09,Name_x_Inst,-0.08000000000000003
text44-BIO-LONG-2505.20052v1,q09,Name_x_Inst,0.4000000000000002
text45-BIO-LONG-2507.17897v4,q09,Name_x_Inst,0.4000000000000001
text46-BIO-LONG-2505.05863v1,q09,Name_x_Inst,-0.31999999999999995
text47-BIO-LONG-2505.21094v1,q09,Name_x_Inst,-0.16
text48-BIO-LONG-2602.16750v1,q09,Name_x_Inst,-0.24
text49-BIO-LONG-2511.10014v1,q09,Name_x_Inst,-0.19999999999999998
text50-BIO-LONG-2603.01054v1,q09,Name_x_Inst,-0.24000000000000005
text51-CS-LONG-2602.11588v1,q09,Name_x_Inst,0.8399999999999999
text52-CS-LONG-2602.15675v1,q09,Name_x_Inst,-0.27999999999999997
text53-CS-LONG-2603.02012v1,q09,Name_x_Inst,1.0
text54-CS-LONG-2602.23006v1,q09,Name_x_Inst,0.039999999999999945
text55-CS-LONG-2602.21625v1,q09,Name_x_Inst,-0.68
text56-CS-LONG-2602.13713v1,q09,Name_x_Inst,-0.5600000000000002
text57-CS-LONG-2603.00079v1,q09,Name_x_Inst,-0.5199999999999999
text58-CS-LONG-2603.01023v1,q09,Name_x_Inst,0.56
text59-CS-LONG-2602.19401v1,q09,Name_x_Inst,0.4
text60-CS-LONG-2602.18518v1,q09,Name_x_Inst,0.44000000000000006
text61-PHY-LONG-2602.03885v1,q09,Name_x_Inst,-0.039999999999999994
text62-PHY-LONG-2511.21971v1,q09,Name_x_Inst,4.4408920985006264e-17
text63-PHY-LONG-2512.18015v1,q09,Name_x_Inst,-0.2
text64-PHY-LONG-2602.23683v1,q09,Name_x_Inst,0.32
text65-PHY-LONG-2601.13267v1,q09,Name_x_Inst,0.23999999999999994
text66-PHY-LONG-2512.24566v1,q09,Name_x_Inst,-0.24000000000000005
text67-PHY-LONG-2602.07636v2,q09,Name_x_Inst,0.32
text68-PHY-LONG-2512.18130v1,q09,Name_x_Inst,-0.72
text69-PHY-LONG-2602.17389v1,q09,Name_x_Inst,-0.040000000000000036
text70-PHY-LONG-2602.08188v1,q09,Name_x_Inst,0.15999999999999998
text71-MATH-LONG-2511.12781v1,q09,Name_x_Inst,-0.07999999999999996
text72-MATH-LONG-2602.06095v1,q09,Name_x_Inst,-0.16
text73-MATH-LONG-2511.18101v1,q09,Name_x_Inst,-0.24000000000000005
text74-MATH-LONG-2512.15978v1,q09,Name_x_Inst,-0.5599999999999999
text75-MATH-LONG-2511.22140v1,q09,Name_x_Inst,-0.31999999999999995
text76-MATH-LONG-2602.20441v1,q09,Name_x_Inst,-0.12000000000000006
text77-MATH-LONG-2601.20851v2,q09,Name_x_Inst,0.11999999999999997
text78-MATH-LONG-2512.17595v1,q09,Name_x_Inst,0.15999999999999992
text79-MATH-LONG-2512.10129v1,q09,Name_x_Inst,0.68
text80-MATH-LONG-2512.10507v1,q09,Name_x_Inst,-0.8400000000000001
text01-BIO-SHORT-2505.02276v1,q10,BF_minus_WM,0.04
text02-BIO-SHORT-2507.04575v1,q10,BF_minus_WM,0.14
text03-BIO-SHORT-2505.11568v3,q10,BF_minus_WM,0.13999999999999999
text04-BIO-SHORT-2507.08385v1,q10,BF_minus_WM,-0.36
text05-BIO-SHORT-2504.10973v1,q10,BF_minus_WM,0.09999999999999998
text06-BIO-SHORT-2506.14789v1,q10,BF_minus_WM,0.16
text07-BIO-SHORT-2506.13576v3,q10,BF_minus_WM,-0.020000000000000007
text08-BIO-SHORT-2503.19923v2,q10,BF_minus_WM,0.019999999999999997
text09-BIO-SHORT-2602.00019v1,q10,BF_minus_WM,0.12
text10-BIO-SHORT-2506.13817v1,q10,BF_minus_WM,0.019999999999999997
text11-CS-SHORT-2506.09194v1,q10,BF_minus_WM,0.1
text12-CS-SHORT-2512.19717v1,q10,BF_minus_WM,0.12
text13-CS-SHORT-2510.04124v5,q10,BF_minus_WM,-0.08000000000000003
text14-CS-SHORT-2509.13349v2,q10,BF_minus_WM,0.16
text15-CS-SHORT-2602.03870v1,q10,BF_minus_WM,-0.10000000000000002
text16-CS-SHORT-2509.06033v1,q10,BF_minus_WM,-0.059999999999999984
text17-CS-SHORT-2509.16294v1,q10,BF_minus_WM,-0.26
text18-CS-SHORT-2507.09492v1,q10,BF_minus_WM,-0.019999999999999997
text19-CS-SHORT-2509.14600v1,q10,BF_minus_WM,-0.040000000000000015
text20-CS-SHORT-2503.14899v1,q10,BF_minus_WM,-0.019999999999999997
text21-PHY-SHORT-2601.23079v1,q10,BF_minus_WM,0.03999999999999998
text22-PHY-SHORT-2601.23047v1,q10,BF_minus_WM,0.2
text23-PHY-SHORT-2601.23057v1,q10,BF_minus_WM,0.12000000000000002
text24-PHY-SHORT-2509.16741v1,q10,BF_minus_WM,0.019999999999999997
text25-PHY-SHORT-2507.08042v1,q10,BF_minus_WM,-0.019999999999999983
text26-PHY-SHORT-2512.23538v1,q10,BF_minus_WM,0.2
text27-PHY-SHORT-2510.18500v1,q10,BF_minus_WM,0.08
text28-PHY-SHORT-2508.20431v1,q10,BF_minus_WM,0.040000000000000015
text29-PHY-SHORT-2509.06825v1,q10,BF_minus_WM,0.18
text30-PHY-SHORT-2509.17653v2,q10,BF_minus_WM,0.06
text31-MATH-SHORT-2511.03536v1,q10,BF_minus_WM,0.14000000000000004
text32-MATH-SHORT-2603.02088v1,q10,BF_minus_WM,0.019999999999999973
text33-MATH-SHORT-2512.22134v3,q10,BF_minus_WM,0.12000000000000002
text34-MATH-SHORT-2509.00532v1,q10,BF_minus_WM,-0.06000000000000001
text35-MATH-SHORT-2512.06844v1,q10,BF_minus_WM,0.12
text36-MATH-SHORT-2503.09380v2,q10,BF_minus_WM,-0.14
text37-MATH-SHORT-2510.26426v1,q10,BF_minus_WM,0.24000000000000005
text38-MATH-SHORT-2512.04101v1,q10,BF_minus_WM,-0.020000000000000018
text39-MATH-SHORT-2506.11609v2,q10,BF_minus_WM,-0.020000000000000018
text40-MATH-SHORT-2507.15879v2,q10,BF_minus_WM,0.2
text41-BIO-LONG-2512.06709v1,q10,BF_minus_WM,0.15999999999999998
text42-BIO-LONG-2503.07104v1,q10,BF_minus_WM,0.08
text43-BIO-LONG-2506.16577v1,q10,BF_minus_WM,0.27999999999999997
text44-BIO-LONG-2505.20052v1,q10,BF_minus_WM,0.34
text45-BIO-LONG-2507.17897v4,q10,BF_minus_WM,-0.36
text46-BIO-LONG-2505.05863v1,q10,BF_minus_WM,0.02
text47-BIO-LONG-2505.21094v1,q10,BF_minus_WM,-0.08
text48-BIO-LONG-2602.16750v1,q10,BF_minus_WM,-0.32
text49-BIO-LONG-2511.10014v1,q10,BF_minus_WM,0.3
text50-BIO-LONG-2603.01054v1,q10,BF_minus_WM,0.10000000000000002
text51-CS-LONG-2602.11588v1,q10,BF_minus_WM,-0.25999999999999995
text52-CS-LONG-2602.15675v1,q10,BF_minus_WM,0.5599999999999999
text53-CS-LONG-2603.02012v1,q10,BF_minus_WM,0.07999999999999999
text54-CS-LONG-2602.23006v1,q10,BF_minus_WM,0.1
text55-CS-LONG-2602.21625v1,q10,BF_minus_WM,0.039999999999999994
text56-CS-LONG-2602.13713v1,q10,BF_minus_WM,-0.06000000000000001
text57-CS-LONG-2603.00079v1,q10,BF_minus_WM,0.10000000000000002
text58-CS-LONG-2603.01023v1,q10,BF_minus_WM,0.1
text59-CS-LONG-2602.19401v1,q10,BF_minus_WM,-0.08000000000000003
text60-CS-LONG-2602.18518v1,q10,BF_minus_WM,0.25999999999999995
text61-PHY-LONG-2602.03885v1,q10,BF_minus_WM,0.0
text62-PHY-LONG-2511.21971v1,q10,BF_minus_WM,0.18
text63-PHY-LONG-2512.18015v1,q10,BF_minus_WM,0.08
text64-PHY-LONG-2602.23683v1,q10,BF_minus_WM,0.06000000000000001
text65-PHY-LONG-2601.13267v1,q10,BF_minus_WM,0.09999999999999998
text66-PHY-LONG-2512.24566v1,q10,BF_minus_WM,-0.2
text67-PHY-LONG-2602.07636v2,q10,BF_minus_WM,0.08
text68-PHY-LONG-2512.18130v1,q10,BF_minus_WM,0.08
text69-PHY-LONG-2602.17389v1,q10,BF_minus_WM,2.2204460492503132e-17
text70-PHY-LONG-2602.08188v1,q10,BF_minus_WM,0.2
text71-MATH-LONG-2511.12781v1,q10,BF_minus_WM,-0.21999999999999997
text72-MATH-LONG-2602.06095v1,q10,BF_minus_WM,0.039999999999999994
text73-MATH-LONG-2511.18101v1,q10,BF_minus_WM,0.12
text74-MATH-LONG-2512.15978v1,q10,BF_minus_WM,0.3
text75-MATH-LONG-2511.22140v1,q10,BF_minus_WM,-0.18000000000000002
text76-MATH-LONG-2602.20441v1,q10,BF_minus_WM,0.34
text77-MATH-LONG-2601.20851v2,q10,BF_minus_WM,-0.06
text78-MATH-LONG-2512.17595v1,q10,BF_minus_WM,-0.28
text79-MATH-LONG-2512.10129v1,q10,BF_minus_WM,0.059999999999999984
text80-MATH-LONG-2512.10507v1,q10,BF_minus_WM,0.03999999999999998
text01-BIO-SHORT-2505.02276v1,q10,HI_minus_LI,0.04
text02-BIO-SHORT-2507.04575v1,q10,HI_minus_LI,0.059999999999999984
text03-BIO-SHORT-2505.11568v3,q10,HI_minus_LI,0.26
text04-BIO-SHORT-2507.08385v1,q10,HI_minus_LI,-0.16
text05-BIO-SHORT-2504.10973v1,q10,HI_minus_LI,0.21999999999999997
text06-BIO-SHORT-2506.14789v1,q10,HI_minus_LI,-0.08000000000000003
text07-BIO-SHORT-2506.13576v3,q10,HI_minus_LI,-0.34
text08-BIO-SHORT-2503.19923v2,q10,HI_minus_LI,-0.019999999999999997
text09-BIO-SHORT-2602.00019v1,q10,HI_minus_LI,0.12
text10-BIO-SHORT-2506.13817v1,q10,HI_minus_LI,-0.10000000000000002
text11-CS-SHORT-2506.09194v1,q10,HI_minus_LI,-0.13999999999999999
text12-CS-SHORT-2512.19717v1,q10,HI_minus_LI,0.12
text13-CS-SHORT-2510.04124v5,q10,HI_minus_LI,1.1102230246251566e-17
text14-CS-SHORT-2509.13349v2,q10,HI_minus_LI,0.0
text15-CS-SHORT-2602.03870v1,q10,HI_minus_LI,0.06000000000000003
text16-CS-SHORT-2509.06033v1,q10,HI_minus_LI,0.25999999999999995
text17-CS-SHORT-2509.16294v1,q10,HI_minus_LI,-0.1
text18-CS-SHORT-2507.09492v1,q10,HI_minus_LI,-0.42000000000000004
text19-CS-SHORT-2509.14600v1,q10,HI_minus_LI,0.23999999999999994
text20-CS-SHORT-2503.14899v1,q10,HI_minus_LI,0.019999999999999997
text21-PHY-SHORT-2601.23079v1,q10,HI_minus_LI,0.12000000000000002
text22-PHY-SHORT-2601.23047v1,q10,HI_minus_LI,-0.2
text23-PHY-SHORT-2601.23057v1,q10,HI_minus_LI,0.36
text24-PHY-SHORT-2509.16741v1,q10,HI_minus_LI,0.1
text25-PHY-SHORT-2507.08042v1,q10,HI_minus_LI,-0.14
text26-PHY-SHORT-2512.23538v1,q10,HI_minus_LI,-0.2
text27-PHY-SHORT-2510.18500v1,q10,HI_minus_LI,-0.08
text28-PHY-SHORT-2508.20431v1,q10,HI_minus_LI,-0.15999999999999998
text29-PHY-SHORT-2509.06825v1,q10,HI_minus_LI,0.059999999999999984
text30-PHY-SHORT-2509.17653v2,q10,HI_minus_LI,0.22000000000000003
text31-MATH-SHORT-2511.03536v1,q10,HI_minus_LI,0.020000000000000018
text32-MATH-SHORT-2603.02088v1,q10,HI_minus_LI,-0.019999999999999973
text33-MATH-SHORT-2512.22134v3,q10,HI_minus_LI,-0.11999999999999997
text34-MATH-SHORT-2509.00532v1,q10,HI_minus_LI,-0.1
text35-MATH-SHORT-2512.06844v1,q10,HI_minus_LI,2.2204460492503132e-17
text36-MATH-SHORT-2503.09380v2,q10,HI_minus_LI,-0.09999999999999999
text37-MATH-SHORT-2510.26426v1,q10,HI_minus_LI,0.040000000000000015
text38-MATH-SHORT-2512.04101v1,q10,HI_minus_LI,-0.1
text39-MATH-SHORT-2506.11609v2,q10,HI_minus_LI,-0.05999999999999998
text40-MATH-SHORT-2507.15879v2,q10,HI_minus_LI,0.08
text41-BIO-LONG-2512.06709v1,q10,HI_minus_LI,0.0
text42-BIO-LONG-2503.07104v1,q10,HI_minus_LI,0.12
text43-BIO-LONG-2506.16577v1,q10,HI_minus_LI,-0.19999999999999996
text44-BIO-LONG-2505.20052v1,q10,HI_minus_LI,0.38
text45-BIO-LONG-2507.17897v4,q10,HI_minus_LI,-0.44000000000000006
text46-BIO-LONG-2505.05863v1,q10,HI_minus_LI,0.02
text47-BIO-LONG-2505.21094v1,q10,HI_minus_LI,0.16
text48-BIO-LONG-2602.16750v1,q10,HI_minus_LI,-0.5599999999999999
text49-BIO-LONG-2511.10014v1,q10,HI_minus_LI,-0.06
text50-BIO-LONG-2603.01054v1,q10,HI_minus_LI,0.059999999999999984
text51-CS-LONG-2602.11588v1,q10,HI_minus_LI,0.019999999999999997
text52-CS-LONG-2602.15675v1,q10,HI_minus_LI,-0.08000000000000003
text53-CS-LONG-2603.02012v1,q10,HI_minus_LI,0.12000000000000002
text54-CS-LONG-2602.23006v1,q10,HI_minus_LI,0.3
text55-CS-LONG-2602.21625v1,q10,HI_minus_LI,-0.16
text56-CS-LONG-2602.13713v1,q10,HI_minus_LI,-0.33999999999999997
text57-CS-LONG-2603.00079v1,q10,HI_minus_LI,0.26
text58-CS-LONG-2603.01023v1,q10,HI_minus_LI,-0.1
text59-CS-LONG-2602.19401v1,q10,HI_minus_LI,1.1102230246251566e-17
text60-CS-LONG-2602.18518v1,q10,HI_minus_LI,0.019999999999999973
text61-PHY-LONG-2602.03885v1,q10,HI_minus_LI,0.6799999999999999
text62-PHY-LONG-2511.21971v1,q10,HI_minus_LI,0.020000000000000018
text63-PHY-LONG-2512.18015v1,q10,HI_minus_LI,0.08000000000000002
text64-PHY-LONG-2602.23683v1,q10,HI_minus_LI,0.26
text65-PHY-LONG-2601.13267v1,q10,HI_minus_LI,-0.10000000000000002
text66-PHY-LONG-2512.24566v1,q10,HI_minus_LI,0.2
text67-PHY-LONG-2602.07636v2,q10,HI_minus_LI,0.08
text68-PHY-LONG-2512.18130v1,q10,HI_minus_LI,0.2
text69-PHY-LONG-2602.17389v1,q10,HI_minus_LI,2.2204460492503132e-17
text70-PHY-LONG-2602.08188v1,q10,HI_minus_LI,1.2
text71-MATH-LONG-2511.12781v1,q10,HI_minus_LI,0.34
text72-MATH-LONG-2602.06095v1,q10,HI_minus_LI,-0.04000000000000001
text73-MATH-LONG-2511.18101v1,q10,HI_minus_LI,-0.04
text74-MATH-LONG-2512.15978v1,q10,HI_minus_LI,0.1
text75-MATH-LONG-2511.22140v1,q10,HI_minus_LI,0.22000000000000003
text76-MATH-LONG-2602.20441v1,q10,HI_minus_LI,-0.13999999999999999
text77-MATH-LONG-2601.20851v2,q10,HI_minus_LI,-0.06
text78-MATH-LONG-2512.17595v1,q10,HI_minus_LI,0.16
text79-MATH-LONG-2512.10129v1,q10,HI_minus_LI,-0.22000000000000003
text80-MATH-LONG-2512.10507v1,q10,HI_minus_LI,0.16
text01-BIO-SHORT-2505.02276v1,q10,Name_x_Inst,2.2204460492503132e-17
text02-BIO-SHORT-2507.04575v1,q10,Name_x_Inst,0.20000000000000004
text03-BIO-SHORT-2505.11568v3,q10,Name_x_Inst,-0.039999999999999945
text04-BIO-SHORT-2507.08385v1,q10,Name_x_Inst,-0.08
text05-BIO-SHORT-2504.10973v1,q10,Name_x_Inst,0.6799999999999999
text06-BIO-SHORT-2506.14789v1,q10,Name_x_Inst,-0.48
text07-BIO-SHORT-2506.13576v3,q10,Name_x_Inst,0.12
text08-BIO-SHORT-2503.19923v2,q10,Name_x_Inst,-0.039999999999999994
text09-BIO-SHORT-2602.00019v1,q10,Name_x_Inst,-2.2204460492503132e-17
text10-BIO-SHORT-2506.13817v1,q10,Name_x_Inst,-0.20000000000000004
text11-CS-SHORT-2506.09194v1,q10,Name_x_Inst,0.2
text12-CS-SHORT-2512.19717v1,q10,Name_x_Inst,0.16
text13-CS-SHORT-2510.04124v5,q10,Name_x_Inst,0.24000000000000005
text14-CS-SHORT-2509.13349v2,q10,Name_x_Inst,0.0
text15-CS-SHORT-2602.03870v1,q10,Name_x_Inst,0.11999999999999997
text16-CS-SHORT-2509.06033v1,q10,Name_x_Inst,-0.039999999999999994
text17-CS-SHORT-2509.16294v1,q10,Name_x_Inst,-0.52
text18-CS-SHORT-2507.09492v1,q10,Name_x_Inst,0.039999999999999994
text19-CS-SHORT-2509.14600v1,q10,Name_x_Inst,-0.31999999999999995
text20-CS-SHORT-2503.14899v1,q10,Name_x_Inst,0.36
text21-PHY-SHORT-2601.23079v1,q10,Name_x_Inst,0.0
text22-PHY-SHORT-2601.23047v1,q10,Name_x_Inst,0.6399999999999999
text23-PHY-SHORT-2601.23057v1,q10,Name_x_Inst,-0.24000000000000005
text24-PHY-SHORT-2509.16741v1,q10,Name_x_Inst,-0.2
text25-PHY-SHORT-2507.08042v1,q10,Name_x_Inst,0.20000000000000004
text26-PHY-SHORT-2512.23538v1,q10,Name_x_Inst,0.0
text27-PHY-SHORT-2510.18500v1,q10,Name_x_Inst,-0.16
text28-PHY-SHORT-2508.20431v1,q10,Name_x_Inst,0.07999999999999997
text29-PHY-SHORT-2509.06825v1,q10,Name_x_Inst,0.76
text30-PHY-SHORT-2509.17653v2,q10,Name_x_Inst,-0.040000000000000015
text31-MATH-SHORT-2511.03536v1,q10,Name_x_Inst,0.5199999999999999
text32-MATH-SHORT-2603.02088v1,q10,Name_x_Inst,-0.52
text33-MATH-SHORT-2512.22134v3,q10,Name_x_Inst,0.48
text34-MATH-SHORT-2509.00532v1,q10,Name_x_Inst,-0.040000000000000015
text35-MATH-SHORT-2512.06844v1,q10,Name_x_Inst,0.72
text36-MATH-SHORT-2503.09380v2,q10,Name_x_Inst,-0.2
text37-MATH-SHORT-2510.26426v1,q10,Name_x_Inst,-8.881784197001253e-17
text38-MATH-SHORT-2512.04101v1,q10,Name_x_Inst,0.28
text39-MATH-SHORT-2506.11609v2,q10,Name_x_Inst,-0.52
text40-MATH-SHORT-2507.15879v2,q10,Name_x_Inst,0.39999999999999997
text41-BIO-LONG-2512.06709v1,q10,Name_x_Inst,0.0
text42-BIO-LONG-2503.07104v1,q10,Name_x_Inst,0.08000000000000003
text43-BIO-LONG-2506.16577v1,q10,Name_x_Inst,0.72
text44-BIO-LONG-2505.20052v1,q10,Name_x_Inst,-0.12000000000000004
text45-BIO-LONG-2507.17897v4,q10,Name_x_Inst,0.5599999999999999
text46-BIO-LONG-2505.05863v1,q10,Name_x_Inst,0.28
text47-BIO-LONG-2505.21094v1,q10,Name_x_Inst,-0.48
text48-BIO-LONG-2602.16750v1,q10,Name_x_Inst,-0.64
text49-BIO-LONG-2511.10014v1,q10,Name_x_Inst,-0.6
text50-BIO-LONG-2603.01054v1,q10,Name_x_Inst,-0.28
text51-CS-LONG-2602.11588v1,q10,Name_x_Inst,0.039999999999999994
text52-CS-LONG-2602.15675v1,q10,Name_x_Inst,2.0
text53-CS-LONG-2603.02012v1,q10,Name_x_Inst,0.0
text54-CS-LONG-2602.23006v1,q10,Name_x_Inst,-0.12000000000000002
text55-CS-LONG-2602.21625v1,q10,Name_x_Inst,-0.07999999999999999
text56-CS-LONG-2602.13713v1,q10,Name_x_Inst,-0.12000000000000002
text57-CS-LONG-2603.00079v1,q10,Name_x_Inst,-0.19999999999999998
text58-CS-LONG-2603.01023v1,q10,Name_x_Inst,-0.040000000000000036
text59-CS-LONG-2602.19401v1,q10,Name_x_Inst,-0.32
text60-CS-LONG-2602.18518v1,q10,Name_x_Inst,0.6799999999999999
text61-PHY-LONG-2602.03885v1,q10,Name_x_Inst,4.4408920985006264e-17
text62-PHY-LONG-2511.21971v1,q10,Name_x_Inst,-0.11999999999999997
text63-PHY-LONG-2512.18015v1,q10,Name_x_Inst,0.08000000000000003
text64-PHY-LONG-2602.23683v1,q10,Name_x_Inst,-0.12000000000000002
text65-PHY-LONG-2601.13267v1,q10,Name_x_Inst,-0.12000000000000002
text66-PHY-LONG-2512.24566v1,q10,Name_x_Inst,0.32
text67-PHY-LONG-2602.07636v2,q10,Name_x_Inst,0.32000000000000006
text68-PHY-LONG-2512.18130v1,q10,Name_x_Inst,0.96
text69-PHY-LONG-2602.17389v1,q10,Name_x_Inst,0.24
text70-PHY-LONG-2602.08188v1,q10,Name_x_Inst,0.4
text71-MATH-LONG-2511.12781v1,q10,Name_x_Inst,-0.9199999999999999
text72-MATH-LONG-2602.06095v1,q10,Name_x_Inst,-0.16
text73-MATH-LONG-2511.18101v1,q10,Name_x_Inst,-0.08
text74-MATH-LONG-2512.15978v1,q10,Name_x_Inst,0.27999999999999997
text75-MATH-LONG-2511.22140v1,q10,Name_x_Inst,0.5199999999999999
text76-MATH-LONG-2602.20441v1,q10,Name_x_Inst,-0.2
text77-MATH-LONG-2601.20851v2,q10,Name_x_Inst,0.040000000000000036
text78-MATH-LONG-2512.17595v1,q10,Name_x_Inst,-0.15999999999999998
text79-MATH-LONG-2512.10129v1,q10,Name_x_Inst,0.5199999999999999
text80-MATH-LONG-2512.10507v1,q10,Name_x_Inst,0.56
text01-BIO-SHORT-2505.02276v1,q11,BF_minus_WM,-0.039999999999999994
text02-BIO-SHORT-2507.04575v1,q11,BF_minus_WM,-0.14
text03-BIO-SHORT-2505.11568v3,q11,BF_minus_WM,0.07999999999999999
text04-BIO-SHORT-2507.08385v1,q11,BF_minus_WM,-0.12000000000000002
text05-BIO-SHORT-2504.10973v1,q11,BF_minus_WM,-0.14
text06-BIO-SHORT-2506.14789v1,q11,BF_minus_WM,-0.020000000000000018
text07-BIO-SHORT-2506.13576v3,q11,BF_minus_WM,0.020000000000000018
text08-BIO-SHORT-2503.19923v2,q11,BF_minus_WM,0.0
text09-BIO-SHORT-2602.00019v1,q11,BF_minus_WM,0.07999999999999999
text10-BIO-SHORT-2506.13817v1,q11,BF_minus_WM,0.02000000000000004
text11-CS-SHORT-2506.09194v1,q11,BF_minus_WM,-0.02
text12-CS-SHORT-2512.19717v1,q11,BF_minus_WM,0.039999999999999994
text13-CS-SHORT-2510.04124v5,q11,BF_minus_WM,-0.11999999999999997
text14-CS-SHORT-2509.13349v2,q11,BF_minus_WM,0.15999999999999998
text15-CS-SHORT-2602.03870v1,q11,BF_minus_WM,0.040000000000000036
text16-CS-SHORT-2509.06033v1,q11,BF_minus_WM,0.019999999999999997
text17-CS-SHORT-2509.16294v1,q11,BF_minus_WM,0.08
text18-CS-SHORT-2507.09492v1,q11,BF_minus_WM,0.04
text19-CS-SHORT-2509.14600v1,q11,BF_minus_WM,2.2204460492503132e-17
text20-CS-SHORT-2503.14899v1,q11,BF_minus_WM,-0.019999999999999997
text21-PHY-SHORT-2601.23079v1,q11,BF_minus_WM,-0.020000000000000018
text22-PHY-SHORT-2601.23047v1,q11,BF_minus_WM,0.06000000000000001
text23-PHY-SHORT-2601.23057v1,q11,BF_minus_WM,0.019999999999999997
text24-PHY-SHORT-2509.16741v1,q11,BF_minus_WM,0.019999999999999997
text25-PHY-SHORT-2507.08042v1,q11,BF_minus_WM,0.06000000000000001
text26-PHY-SHORT-2512.23538v1,q11,BF_minus_WM,0.020000000000000018
text27-PHY-SHORT-2510.18500v1,q11,BF_minus_WM,2.2204460492503132e-17
text28-PHY-SHORT-2508.20431v1,q11,BF_minus_WM,-0.020000000000000018
text29-PHY-SHORT-2509.06825v1,q11,BF_minus_WM,-0.019999999999999997
text30-PHY-SHORT-2509.17653v2,q11,BF_minus_WM,0.0
text31-MATH-SHORT-2511.03536v1,q11,BF_minus_WM,0.040000000000000015
text32-MATH-SHORT-2603.02088v1,q11,BF_minus_WM,-0.2
text33-MATH-SHORT-2512.22134v3,q11,BF_minus_WM,0.06000000000000001
text34-MATH-SHORT-2509.00532v1,q11,BF_minus_WM,-0.1
text35-MATH-SHORT-2512.06844v1,q11,BF_minus_WM,0.019999999999999973
text36-MATH-SHORT-2503.09380v2,q11,BF_minus_WM,-0.08
text37-MATH-SHORT-2510.26426v1,q11,BF_minus_WM,-0.020000000000000018
text38-MATH-SHORT-2512.04101v1,q11,BF_minus_WM,0.04
text39-MATH-SHORT-2506.11609v2,q11,BF_minus_WM,-0.059999999999999984
text40-MATH-SHORT-2507.15879v2,q11,BF_minus_WM,-0.020000000000000018
text41-BIO-LONG-2512.06709v1,q11,BF_minus_WM,0.040000000000000036
text42-BIO-LONG-2503.07104v1,q11,BF_minus_WM,-0.020000000000000018
text43-BIO-LONG-2506.16577v1,q11,BF_minus_WM,-0.040000000000000015
text44-BIO-LONG-2505.20052v1,q11,BF_minus_WM,0.24000000000000005
text45-BIO-LONG-2507.17897v4,q11,BF_minus_WM,0.0
text46-BIO-LONG-2505.05863v1,q11,BF_minus_WM,0.019999999999999973
text47-BIO-LONG-2505.21094v1,q11,BF_minus_WM,-0.12000000000000004
text48-BIO-LONG-2602.16750v1,q11,BF_minus_WM,2.2204460492503132e-17
text49-BIO-LONG-2511.10014v1,q11,BF_minus_WM,0.019999999999999997
text50-BIO-LONG-2603.01054v1,q11,BF_minus_WM,0.0
text51-CS-LONG-2602.11588v1,q11,BF_minus_WM,0.059999999999999984
text52-CS-LONG-2602.15675v1,q11,BF_minus_WM,0.06
text53-CS-LONG-2603.02012v1,q11,BF_minus_WM,-0.07999999999999999
text54-CS-LONG-2602.23006v1,q11,BF_minus_WM,0.059999999999999984
text55-CS-LONG-2602.21625v1,q11,BF_minus_WM,0.05999999999999996
text56-CS-LONG-2602.13713v1,q11,BF_minus_WM,-0.15999999999999998
text57-CS-LONG-2603.00079v1,q11,BF_minus_WM,0.13999999999999999
text58-CS-LONG-2603.01023v1,q11,BF_minus_WM,0.0
text59-CS-LONG-2602.19401v1,q11,BF_minus_WM,-0.039999999999999966
text60-CS-LONG-2602.18518v1,q11,BF_minus_WM,0.12000000000000002
text61-PHY-LONG-2602.03885v1,q11,BF_minus_WM,-0.11999999999999997
text62-PHY-LONG-2511.21971v1,q11,BF_minus_WM,0.12000000000000004
text63-PHY-LONG-2512.18015v1,q11,BF_minus_WM,-0.039999999999999994
text64-PHY-LONG-2602.23683v1,q11,BF_minus_WM,0.12
text65-PHY-LONG-2601.13267v1,q11,BF_minus_WM,0.1
text66-PHY-LONG-2512.24566v1,q11,BF_minus_WM,-0.10000000000000002
text67-PHY-LONG-2602.07636v2,q11,BF_minus_WM,-0.16
text68-PHY-LONG-2512.18130v1,q11,BF_minus_WM,-0.18000000000000002
text69-PHY-LONG-2602.17389v1,q11,BF_minus_WM,-0.020000000000000018
text70-PHY-LONG-2602.08188v1,q11,BF_minus_WM,0.08
text71-MATH-LONG-2511.12781v1,q11,BF_minus_WM,-0.14000000000000004
text72-MATH-LONG-2602.06095v1,q11,BF_minus_WM,0.14
text73-MATH-LONG-2511.18101v1,q11,BF_minus_WM,0.08000000000000003
text74-MATH-LONG-2512.15978v1,q11,BF_minus_WM,0.27999999999999997
text75-MATH-LONG-2511.22140v1,q11,BF_minus_WM,-0.16
text76-MATH-LONG-2602.20441v1,q11,BF_minus_WM,0.19999999999999998
text77-MATH-LONG-2601.20851v2,q11,BF_minus_WM,-0.12
text78-MATH-LONG-2512.17595v1,q11,BF_minus_WM,0.020000000000000018
text79-MATH-LONG-2512.10129v1,q11,BF_minus_WM,-0.08
text80-MATH-LONG-2512.10507v1,q11,BF_minus_WM,0.07999999999999999
text01-BIO-SHORT-2505.02276v1,q11,HI_minus_LI,-0.039999999999999994
text02-BIO-SHORT-2507.04575v1,q11,HI_minus_LI,0.18
text03-BIO-SHORT-2505.11568v3,q11,HI_minus_LI,0.07999999999999999
text04-BIO-SHORT-2507.08385v1,q11,HI_minus_LI,0.0
text05-BIO-SHORT-2504.10973v1,q11,HI_minus_LI,0.18000000000000005
text06-BIO-SHORT-2506.14789v1,q11,HI_minus_LI,-0.020000000000000018
text07-BIO-SHORT-2506.13576v3,q11,HI_minus_LI,0.18
text08-BIO-SHORT-2503.19923v2,q11,HI_minus_LI,-0.04
text09-BIO-SHORT-2602.00019v1,q11,HI_minus_LI,-0.039999999999999945
text10-BIO-SHORT-2506.13817v1,q11,HI_minus_LI,0.18
text11-CS-SHORT-2506.09194v1,q11,HI_minus_LI,-0.06000000000000003
text12-CS-SHORT-2512.19717v1,q11,HI_minus_LI,0.24
text13-CS-SHORT-2510.04124v5,q11,HI_minus_LI,0.039999999999999994
text14-CS-SHORT-2509.13349v2,q11,HI_minus_LI,0.2
text15-CS-SHORT-2602.03870v1,q11,HI_minus_LI,0.0
text16-CS-SHORT-2509.06033v1,q11,HI_minus_LI,0.019999999999999997
text17-CS-SHORT-2509.16294v1,q11,HI_minus_LI,2.2204460492503132e-17
text18-CS-SHORT-2507.09492v1,q11,HI_minus_LI,0.19999999999999996
text19-CS-SHORT-2509.14600v1,q11,HI_minus_LI,-0.08
text20-CS-SHORT-2503.14899v1,q11,HI_minus_LI,-0.019999999999999997
text21-PHY-SHORT-2601.23079v1,q11,HI_minus_LI,0.020000000000000018
text22-PHY-SHORT-2601.23047v1,q11,HI_minus_LI,0.06000000000000001
text23-PHY-SHORT-2601.23057v1,q11,HI_minus_LI,0.14
text24-PHY-SHORT-2509.16741v1,q11,HI_minus_LI,-0.059999999999999984
text25-PHY-SHORT-2507.08042v1,q11,HI_minus_LI,-0.21999999999999997
text26-PHY-SHORT-2512.23538v1,q11,HI_minus_LI,0.020000000000000018
text27-PHY-SHORT-2510.18500v1,q11,HI_minus_LI,-2.2204460492503132e-17
text28-PHY-SHORT-2508.20431v1,q11,HI_minus_LI,0.020000000000000018
text29-PHY-SHORT-2509.06825v1,q11,HI_minus_LI,0.059999999999999984
text30-PHY-SHORT-2509.17653v2,q11,HI_minus_LI,0.0
text31-MATH-SHORT-2511.03536v1,q11,HI_minus_LI,-0.040000000000000015
text32-MATH-SHORT-2603.02088v1,q11,HI_minus_LI,-0.11999999999999997
text33-MATH-SHORT-2512.22134v3,q11,HI_minus_LI,0.13999999999999999
text34-MATH-SHORT-2509.00532v1,q11,HI_minus_LI,-0.019999999999999997
text35-MATH-SHORT-2512.06844v1,q11,HI_minus_LI,0.019999999999999973
text36-MATH-SHORT-2503.09380v2,q11,HI_minus_LI,-0.12
text37-MATH-SHORT-2510.26426v1,q11,HI_minus_LI,0.019999999999999973
text38-MATH-SHORT-2512.04101v1,q11,HI_minus_LI,-0.039999999999999994
text39-MATH-SHORT-2506.11609v2,q11,HI_minus_LI,0.019999999999999997
text40-MATH-SHORT-2507.15879v2,q11,HI_minus_LI,-0.13999999999999999
text41-BIO-LONG-2512.06709v1,q11,HI_minus_LI,0.0
text42-BIO-LONG-2503.07104v1,q11,HI_minus_LI,0.020000000000000018
text43-BIO-LONG-2506.16577v1,q11,HI_minus_LI,-0.12000000000000002
text44-BIO-LONG-2505.20052v1,q11,HI_minus_LI,0.2799999999999999
text45-BIO-LONG-2507.17897v4,q11,HI_minus_LI,0.0
text46-BIO-LONG-2505.05863v1,q11,HI_minus_LI,0.019999999999999973
text47-BIO-LONG-2505.21094v1,q11,HI_minus_LI,0.27999999999999997
text48-BIO-LONG-2602.16750v1,q11,HI_minus_LI,2.2204460492503132e-17
text49-BIO-LONG-2511.10014v1,q11,HI_minus_LI,-0.059999999999999984
text50-BIO-LONG-2603.01054v1,q11,HI_minus_LI,0.040000000000000036
text51-CS-LONG-2602.11588v1,q11,HI_minus_LI,0.020000000000000018
text52-CS-LONG-2602.15675v1,q11,HI_minus_LI,-0.13999999999999999
text53-CS-LONG-2603.02012v1,q11,HI_minus_LI,-0.07999999999999999
text54-CS-LONG-2602.23006v1,q11,HI_minus_LI,0.14
text55-CS-LONG-2602.21625v1,q11,HI_minus_LI,0.1
text56-CS-LONG-2602.13713v1,q11,HI_minus_LI,0.36
text57-CS-LONG-2603.00079v1,q11,HI_minus_LI,-0.14000000000000004
text58-CS-LONG-2603.01023v1,q11,HI_minus_LI,0.0
text59-CS-LONG-2602.19401v1,q11,HI_minus_LI,0.07999999999999996
text60-CS-LONG-2602.18518v1,q11,HI_minus_LI,0.0
text61-PHY-LONG-2602.03885v1,q11,HI_minus_LI,0.36
text62-PHY-LONG-2511.21971v1,q11,HI_minus_LI,-0.08
text63-PHY-LONG-2512.18015v1,q11,HI_minus_LI,-0.039999999999999994
text64-PHY-LONG-2602.23683v1,q11,HI_minus_LI,0.27999999999999997
text65-PHY-LONG-2601.13267v1,q11,HI_minus_LI,0.06000000000000005
text66-PHY-LONG-2512.24566v1,q11,HI_minus_LI,0.3
text67-PHY-LONG-2602.07636v2,q11,HI_minus_LI,-0.039999999999999994
text68-PHY-LONG-2512.18130v1,q11,HI_minus_LI,0.42000000000000004
text69-PHY-LONG-2602.17389v1,q11,HI_minus_LI,0.020000000000000018
text70-PHY-LONG-2602.08188v1,q11,HI_minus_LI,0.08
text71-MATH-LONG-2511.12781v1,q11,HI_minus_LI,0.1
text72-MATH-LONG-2602.06095v1,q11,HI_minus_LI,-0.1
text73-MATH-LONG-2511.18101v1,q11,HI_minus_LI,-0.12000000000000002
text74-MATH-LONG-2512.15978v1,q11,HI_minus_LI,0.24000000000000005
text75-MATH-LONG-2511.22140v1,q11,HI_minus_LI,0.08000000000000003
text76-MATH-LONG-2602.20441v1,q11,HI_minus_LI,0.07999999999999996
text77-MATH-LONG-2601.20851v2,q11,HI_minus_LI,-0.8400000000000001
text78-MATH-LONG-2512.17595v1,q11,HI_minus_LI,0.020000000000000018
text79-MATH-LONG-2512.10129v1,q11,HI_minus_LI,-0.08
text80-MATH-LONG-2512.10507v1,q11,HI_minus_LI,0.27999999999999997
text01-BIO-SHORT-2505.02276v1,q11,Name_x_Inst,0.48
text02-BIO-SHORT-2507.04575v1,q11,Name_x_Inst,0.36
text03-BIO-SHORT-2505.11568v3,q11,Name_x_Inst,-0.15999999999999998
text04-BIO-SHORT-2507.08385v1,q11,Name_x_Inst,-0.07999999999999999
text05-BIO-SHORT-2504.10973v1,q11,Name_x_Inst,0.5200000000000001
text06-BIO-SHORT-2506.14789v1,q11,Name_x_Inst,0.040000000000000036
text07-BIO-SHORT-2506.13576v3,q11,Name_x_Inst,-0.2799999999999999
text08-BIO-SHORT-2503.19923v2,q11,Name_x_Inst,0.0
text09-BIO-SHORT-2602.00019v1,q11,Name_x_Inst,-0.15999999999999998
text10-BIO-SHORT-2506.13817v1,q11,Name_x_Inst,-0.039999999999999994
text11-CS-SHORT-2506.09194v1,q11,Name_x_Inst,0.19999999999999996
text12-CS-SHORT-2512.19717v1,q11,Name_x_Inst,-0.07999999999999999
text13-CS-SHORT-2510.04124v5,q11,Name_x_Inst,-0.16000000000000006
text14-CS-SHORT-2509.13349v2,q11,Name_x_Inst,0.0
text15-CS-SHORT-2602.03870v1,q11,Name_x_Inst,0.0
text16-CS-SHORT-2509.06033v1,q11,Name_x_Inst,-0.039999999999999994
text17-CS-SHORT-2509.16294v1,q11,Name_x_Inst,0.16
text18-CS-SHORT-2507.09492v1,q11,Name_x_Inst,6.661338147750939e-17
text19-CS-SHORT-2509.14600v1,q11,Name_x_Inst,-0.08000000000000003
text20-CS-SHORT-2503.14899v1,q11,Name_x_Inst,0.28
text21-PHY-SHORT-2601.23079v1,q11,Name_x_Inst,-0.11999999999999993
text22-PHY-SHORT-2601.23047v1,q11,Name_x_Inst,-0.12000000000000002
text23-PHY-SHORT-2601.23057v1,q11,Name_x_Inst,0.039999999999999994
text24-PHY-SHORT-2509.16741v1,q11,Name_x_Inst,0.039999999999999994
text25-PHY-SHORT-2507.08042v1,q11,Name_x_Inst,0.20000000000000004
text26-PHY-SHORT-2512.23538v1,q11,Name_x_Inst,0.040000000000000036
text27-PHY-SHORT-2510.18500v1,q11,Name_x_Inst,-4.4408920985006264e-17
text28-PHY-SHORT-2508.20431v1,q11,Name_x_Inst,-0.040000000000000036
text29-PHY-SHORT-2509.06825v1,q11,Name_x_Inst,-0.039999999999999994
text30-PHY-SHORT-2509.17653v2,q11,Name_x_Inst,0.0
text31-MATH-SHORT-2511.03536v1,q11,Name_x_Inst,0.08000000000000003
text32-MATH-SHORT-2603.02088v1,q11,Name_x_Inst,-0.48
text33-MATH-SHORT-2512.22134v3,q11,Name_x_Inst,0.2
text34-MATH-SHORT-2509.00532v1,q11,Name_x_Inst,-0.039999999999999994
text35-MATH-SHORT-2512.06844v1,q11,Name_x_Inst,0.27999999999999997
text36-MATH-SHORT-2503.09380v2,q11,Name_x_Inst,-0.4800000000000001
text37-MATH-SHORT-2510.26426v1,q11,Name_x_Inst,0.2000000000000001
text38-MATH-SHORT-2512.04101v1,q11,Name_x_Inst,-0.16000000000000003
text39-MATH-SHORT-2506.11609v2,q11,Name_x_Inst,-0.11999999999999997
text40-MATH-SHORT-2507.15879v2,q11,Name_x_Inst,0.36
text41-BIO-LONG-2512.06709v1,q11,Name_x_Inst,0.31999999999999995
text42-BIO-LONG-2503.07104v1,q11,Name_x_Inst,0.040000000000000036
text43-BIO-LONG-2506.16577v1,q11,Name_x_Inst,0.24000000000000005
text44-BIO-LONG-2505.20052v1,q11,Name_x_Inst,-0.24000000000000007
text45-BIO-LONG-2507.17897v4,q11,Name_x_Inst,0.0
text46-BIO-LONG-2505.05863v1,q11,Name_x_Inst,0.27999999999999997
text47-BIO-LONG-2505.21094v1,q11,Name_x_Inst,0.16
text48-BIO-LONG-2602.16750v1,q11,Name_x_Inst,4.4408920985006264e-17
text49-BIO-LONG-2511.10014v1,q11,Name_x_Inst,0.039999999999999994
text50-BIO-LONG-2603.01054v1,q11,Name_x_Inst,0.0
text51-CS-LONG-2602.11588v1,q11,Name_x_Inst,-0.1999999999999999
text52-CS-LONG-2602.15675v1,q11,Name_x_Inst,0.12
text53-CS-LONG-2603.02012v1,q11,Name_x_Inst,-0.15999999999999998
text54-CS-LONG-2602.23006v1,q11,Name_x_Inst,0.04000000000000008
text55-CS-LONG-2602.21625v1,q11,Name_x_Inst,-0.11999999999999993
text56-CS-LONG-2602.13713v1,q11,Name_x_Inst,0.08000000000000003
text57-CS-LONG-2603.00079v1,q11,Name_x_Inst,-0.039999999999999994
text58-CS-LONG-2603.01023v1,q11,Name_x_Inst,0.0
text59-CS-LONG-2602.19401v1,q11,Name_x_Inst,-0.24
text60-CS-LONG-2602.18518v1,q11,Name_x_Inst,0.07999999999999999
text61-PHY-LONG-2602.03885v1,q11,Name_x_Inst,0.32000000000000006
text62-PHY-LONG-2511.21971v1,q11,Name_x_Inst,0.16
text63-PHY-LONG-2512.18015v1,q11,Name_x_Inst,0.23999999999999994
text64-PHY-LONG-2602.23683v1,q11,Name_x_Inst,-0.16
text65-PHY-LONG-2601.13267v1,q11,Name_x_Inst,-0.2
text66-PHY-LONG-2512.24566v1,q11,Name_x_Inst,0.11999999999999997
text67-PHY-LONG-2602.07636v2,q11,Name_x_Inst,0.24000000000000005
text68-PHY-LONG-2512.18130v1,q11,Name_x_Inst,0.6799999999999999
text69-PHY-LONG-2602.17389v1,q11,Name_x_Inst,0.2799999999999999
text70-PHY-LONG-2602.08188v1,q11,Name_x_Inst,-0.16
text71-MATH-LONG-2511.12781v1,q11,Name_x_Inst,-0.6
text72-MATH-LONG-2602.06095v1,q11,Name_x_Inst,0.12000000000000002
text73-MATH-LONG-2511.18101v1,q11,Name_x_Inst,0.07999999999999999
text74-MATH-LONG-2512.15978v1,q11,Name_x_Inst,-0.3999999999999999
text75-MATH-LONG-2511.22140v1,q11,Name_x_Inst,0.23999999999999994
text76-MATH-LONG-2602.20441v1,q11,Name_x_Inst,-0.08000000000000003
text77-MATH-LONG-2601.20851v2,q11,Name_x_Inst,0.1600000000000001
text78-MATH-LONG-2512.17595v1,q11,Name_x_Inst,0.040000000000000036
text79-MATH-LONG-2512.10129v1,q11,Name_x_Inst,0.08000000000000003
text80-MATH-LONG-2512.10507v1,q11,Name_x_Inst,0.4800000000000001
text01-BIO-SHORT-2505.02276v1,q12,BF_minus_WM,-0.040000000000000015
text02-BIO-SHORT-2507.04575v1,q12,BF_minus_WM,-0.019999999999999997
text03-BIO-SHORT-2505.11568v3,q12,BF_minus_WM,-0.039999999999999994
text04-BIO-SHORT-2507.08385v1,q12,BF_minus_WM,0.0
text05-BIO-SHORT-2504.10973v1,q12,BF_minus_WM,0.039999999999999994
text06-BIO-SHORT-2506.14789v1,q12,BF_minus_WM,-0.020000000000000018
text07-BIO-SHORT-2506.13576v3,q12,BF_minus_WM,-0.07999999999999999
text08-BIO-SHORT-2503.19923v2,q12,BF_minus_WM,0.04
text09-BIO-SHORT-2602.00019v1,q12,BF_minus_WM,0.09999999999999995
text10-BIO-SHORT-2506.13817v1,q12,BF_minus_WM,0.02000000000000004
text11-CS-SHORT-2506.09194v1,q12,BF_minus_WM,-0.17999999999999997
text12-CS-SHORT-2512.19717v1,q12,BF_minus_WM,0.2
text13-CS-SHORT-2510.04124v5,q12,BF_minus_WM,0.019999999999999997
text14-CS-SHORT-2509.13349v2,q12,BF_minus_WM,0.1
text15-CS-SHORT-2602.03870v1,q12,BF_minus_WM,0.020000000000000018
text16-CS-SHORT-2509.06033v1,q12,BF_minus_WM,0.0
text17-CS-SHORT-2509.16294v1,q12,BF_minus_WM,0.019999999999999997
text18-CS-SHORT-2507.09492v1,q12,BF_minus_WM,-0.03999999999999996
text19-CS-SHORT-2509.14600v1,q12,BF_minus_WM,-0.07999999999999999
text20-CS-SHORT-2503.14899v1,q12,BF_minus_WM,0.0
text21-PHY-SHORT-2601.23079v1,q12,BF_minus_WM,0.020000000000000018
text22-PHY-SHORT-2601.23047v1,q12,BF_minus_WM,0.06000000000000001
text23-PHY-SHORT-2601.23057v1,q12,BF_minus_WM,0.019999999999999997
text24-PHY-SHORT-2509.16741v1,q12,BF_minus_WM,0.039999999999999994
text25-PHY-SHORT-2507.08042v1,q12,BF_minus_WM,0.16
text26-PHY-SHORT-2512.23538v1,q12,BF_minus_WM,-0.1
text27-PHY-SHORT-2510.18500v1,q12,BF_minus_WM,0.019999999999999997
text28-PHY-SHORT-2508.20431v1,q12,BF_minus_WM,-0.020000000000000018
text29-PHY-SHORT-2509.06825v1,q12,BF_minus_WM,0.0
text30-PHY-SHORT-2509.17653v2,q12,BF_minus_WM,-0.019999999999999997
text31-MATH-SHORT-2511.03536v1,q12,BF_minus_WM,-0.06000000000000001
text32-MATH-SHORT-2603.02088v1,q12,BF_minus_WM,-0.06000000000000001
text33-MATH-SHORT-2512.22134v3,q12,BF_minus_WM,0.05999999999999996
text34-MATH-SHORT-2509.00532v1,q12,BF_minus_WM,-0.019999999999999997
text35-MATH-SHORT-2512.06844v1,q12,BF_minus_WM,-0.020000000000000035
text36-MATH-SHORT-2503.09380v2,q12,BF_minus_WM,-0.18
text37-MATH-SHORT-2510.26426v1,q12,BF_minus_WM,-0.059999999999999984
text38-MATH-SHORT-2512.04101v1,q12,BF_minus_WM,0.020000000000000018
text39-MATH-SHORT-2506.11609v2,q12,BF_minus_WM,-0.07999999999999999
text40-MATH-SHORT-2507.15879v2,q12,BF_minus_WM,0.039999999999999994
text41-BIO-LONG-2512.06709v1,q12,BF_minus_WM,0.039999999999999994
text42-BIO-LONG-2503.07104v1,q12,BF_minus_WM,-0.039999999999999994
text43-BIO-LONG-2506.16577v1,q12,BF_minus_WM,0.09999999999999998
text44-BIO-LONG-2505.20052v1,q12,BF_minus_WM,0.34
text45-BIO-LONG-2507.17897v4,q12,BF_minus_WM,0.05999999999999996
text46-BIO-LONG-2505.05863v1,q12,BF_minus_WM,0.13999999999999999
text47-BIO-LONG-2505.21094v1,q12,BF_minus_WM,-0.039999999999999994
text48-BIO-LONG-2602.16750v1,q12,BF_minus_WM,0.059999999999999984
text49-BIO-LONG-2511.10014v1,q12,BF_minus_WM,0.0
text50-BIO-LONG-2603.01054v1,q12,BF_minus_WM,0.0
text51-CS-LONG-2602.11588v1,q12,BF_minus_WM,0.10000000000000002
text52-CS-LONG-2602.15675v1,q12,BF_minus_WM,0.03999999999999996
text53-CS-LONG-2603.02012v1,q12,BF_minus_WM,0.07999999999999999
text54-CS-LONG-2602.23006v1,q12,BF_minus_WM,0.12
text55-CS-LONG-2602.21625v1,q12,BF_minus_WM,-0.019999999999999997
text56-CS-LONG-2602.13713v1,q12,BF_minus_WM,-0.15999999999999998
text57-CS-LONG-2603.00079v1,q12,BF_minus_WM,0.1
text58-CS-LONG-2603.01023v1,q12,BF_minus_WM,0.06000000000000001
text59-CS-LONG-2602.19401v1,q12,BF_minus_WM,-0.05999999999999996
text60-CS-LONG-2602.18518v1,q12,BF_minus_WM,0.24
text61-PHY-LONG-2602.03885v1,q12,BF_minus_WM,0.020000000000000018
text62-PHY-LONG-2511.21971v1,q12,BF_minus_WM,0.039999999999999994
text63-PHY-LONG-2512.18015v1,q12,BF_minus_WM,0.12
text64-PHY-LONG-2602.23683v1,q12,BF_minus_WM,0.019999999999999997
text65-PHY-LONG-2601.13267v1,q12,BF_minus_WM,0.019999999999999973
text66-PHY-LONG-2512.24566v1,q12,BF_minus_WM,-0.020000000000000018
text67-PHY-LONG-2602.07636v2,q12,BF_minus_WM,-0.12
text68-PHY-LONG-2512.18130v1,q12,BF_minus_WM,-0.020000000000000018
text69-PHY-LONG-2602.17389v1,q12,BF_minus_WM,0.039999999999999994
text70-PHY-LONG-2602.08188v1,q12,BF_minus_WM,-0.06
text71-MATH-LONG-2511.12781v1,q12,BF_minus_WM,-0.12000000000000004
text72-MATH-LONG-2602.06095v1,q12,BF_minus_WM,0.07999999999999999
text73-MATH-LONG-2511.18101v1,q12,BF_minus_WM,0.039999999999999994
text74-MATH-LONG-2512.15978v1,q12,BF_minus_WM,-2.2204460492503132e-17
text75-MATH-LONG-2511.22140v1,q12,BF_minus_WM,-0.039999999999999945
text76-MATH-LONG-2602.20441v1,q12,BF_minus_WM,0.17999999999999997
text77-MATH-LONG-2601.20851v2,q12,BF_minus_WM,-0.06000000000000003
text78-MATH-LONG-2512.17595v1,q12,BF_minus_WM,-0.12000000000000002
text79-MATH-LONG-2512.10129v1,q12,BF_minus_WM,0.0
text80-MATH-LONG-2512.10507v1,q12,BF_minus_WM,0.09999999999999996
text01-BIO-SHORT-2505.02276v1,q12,HI_minus_LI,-0.08
text02-BIO-SHORT-2507.04575v1,q12,HI_minus_LI,0.18
text03-BIO-SHORT-2505.11568v3,q12,HI_minus_LI,0.16
text04-BIO-SHORT-2507.08385v1,q12,HI_minus_LI,0.2
text05-BIO-SHORT-2504.10973v1,q12,HI_minus_LI,-0.039999999999999994
text06-BIO-SHORT-2506.14789v1,q12,HI_minus_LI,-0.020000000000000018
text07-BIO-SHORT-2506.13576v3,q12,HI_minus_LI,0.12000000000000002
text08-BIO-SHORT-2503.19923v2,q12,HI_minus_LI,-0.19999999999999998
text09-BIO-SHORT-2602.00019v1,q12,HI_minus_LI,0.06000000000000001
text10-BIO-SHORT-2506.13817v1,q12,HI_minus_LI,0.18
text11-CS-SHORT-2506.09194v1,q12,HI_minus_LI,-0.019999999999999983
text12-CS-SHORT-2512.19717v1,q12,HI_minus_LI,0.08000000000000004
text13-CS-SHORT-2510.04124v5,q12,HI_minus_LI,0.18
text14-CS-SHORT-2509.13349v2,q12,HI_minus_LI,0.3
text15-CS-SHORT-2602.03870v1,q12,HI_minus_LI,0.020000000000000018
text16-CS-SHORT-2509.06033v1,q12,HI_minus_LI,0.0
text17-CS-SHORT-2509.16294v1,q12,HI_minus_LI,-0.019999999999999997
text18-CS-SHORT-2507.09492v1,q12,HI_minus_LI,-0.04
text19-CS-SHORT-2509.14600v1,q12,HI_minus_LI,-0.16
text20-CS-SHORT-2503.14899v1,q12,HI_minus_LI,0.0
text21-PHY-SHORT-2601.23079v1,q12,HI_minus_LI,-0.020000000000000018
text22-PHY-SHORT-2601.23047v1,q12,HI_minus_LI,0.06000000000000001
text23-PHY-SHORT-2601.23057v1,q12,HI_minus_LI,-0.019999999999999997
text24-PHY-SHORT-2509.16741v1,q12,HI_minus_LI,-0.039999999999999994
text25-PHY-SHORT-2507.08042v1,q12,HI_minus_LI,-0.16
text26-PHY-SHORT-2512.23538v1,q12,HI_minus_LI,-0.1
text27-PHY-SHORT-2510.18500v1,q12,HI_minus_LI,0.02000000000000004
text28-PHY-SHORT-2508.20431v1,q12,HI_minus_LI,0.020000000000000018
text29-PHY-SHORT-2509.06825v1,q12,HI_minus_LI,0.0
text30-PHY-SHORT-2509.17653v2,q12,HI_minus_LI,-0.18
text31-MATH-SHORT-2511.03536v1,q12,HI_minus_LI,0.06000000000000001
text32-MATH-SHORT-2603.02088v1,q12,HI_minus_LI,-0.1
text33-MATH-SHORT-2512.22134v3,q12,HI_minus_LI,-0.05999999999999996
text34-MATH-SHORT-2509.00532v1,q12,HI_minus_LI,-0.019999999999999997
text35-MATH-SHORT-2512.06844v1,q12,HI_minus_LI,-0.02
text36-MATH-SHORT-2503.09380v2,q12,HI_minus_LI,-0.059999999999999984
text37-MATH-SHORT-2510.26426v1,q12,HI_minus_LI,0.14000000000000007
text38-MATH-SHORT-2512.04101v1,q12,HI_minus_LI,0.020000000000000018
text39-MATH-SHORT-2506.11609v2,q12,HI_minus_LI,-0.12000000000000002
text40-MATH-SHORT-2507.15879v2,q12,HI_minus_LI,-0.12000000000000002
text41-BIO-LONG-2512.06709v1,q12,HI_minus_LI,0.0
text42-BIO-LONG-2503.07104v1,q12,HI_minus_LI,0.2799999999999999
text43-BIO-LONG-2506.16577v1,q12,HI_minus_LI,-0.06000000000000002
text44-BIO-LONG-2505.20052v1,q12,HI_minus_LI,0.06
text45-BIO-LONG-2507.17897v4,q12,HI_minus_LI,-0.05999999999999996
text46-BIO-LONG-2505.05863v1,q12,HI_minus_LI,0.21999999999999997
text47-BIO-LONG-2505.21094v1,q12,HI_minus_LI,0.16
text48-BIO-LONG-2602.16750v1,q12,HI_minus_LI,0.059999999999999984
text49-BIO-LONG-2511.10014v1,q12,HI_minus_LI,0.0
text50-BIO-LONG-2603.01054v1,q12,HI_minus_LI,0.039999999999999994
text51-CS-LONG-2602.11588v1,q12,HI_minus_LI,0.020000000000000018
text52-CS-LONG-2602.15675v1,q12,HI_minus_LI,-0.15999999999999998
text53-CS-LONG-2603.02012v1,q12,HI_minus_LI,0.12000000000000002
text54-CS-LONG-2602.23006v1,q12,HI_minus_LI,0.44000000000000006
text55-CS-LONG-2602.21625v1,q12,HI_minus_LI,0.019999999999999997
text56-CS-LONG-2602.13713v1,q12,HI_minus_LI,0.36
text57-CS-LONG-2603.00079v1,q12,HI_minus_LI,-0.019999999999999997
text58-CS-LONG-2603.01023v1,q12,HI_minus_LI,0.019999999999999973
text59-CS-LONG-2602.19401v1,q12,HI_minus_LI,0.05999999999999996
text60-CS-LONG-2602.18518v1,q12,HI_minus_LI,-0.11999999999999997
text61-PHY-LONG-2602.03885v1,q12,HI_minus_LI,0.18
text62-PHY-LONG-2511.21971v1,q12,HI_minus_LI,0.16
text63-PHY-LONG-2512.18015v1,q12,HI_minus_LI,1.1102230246251566e-17
text64-PHY-LONG-2602.23683v1,q12,HI_minus_LI,0.18
text65-PHY-LONG-2601.13267v1,q12,HI_minus_LI,0.13999999999999999
text66-PHY-LONG-2512.24566v1,q12,HI_minus_LI,0.22000000000000003
text67-PHY-LONG-2602.07636v2,q12,HI_minus_LI,2.2204460492503132e-17
text68-PHY-LONG-2512.18130v1,q12,HI_minus_LI,0.22000000000000003
text69-PHY-LONG-2602.17389v1,q12,HI_minus_LI,-0.07999999999999993
text70-PHY-LONG-2602.08188v1,q12,HI_minus_LI,-0.14
text71-MATH-LONG-2511.12781v1,q12,HI_minus_LI,0.32
text72-MATH-LONG-2602.06095v1,q12,HI_minus_LI,-0.2
text73-MATH-LONG-2511.18101v1,q12,HI_minus_LI,0.08000000000000003
text74-MATH-LONG-2512.15978v1,q12,HI_minus_LI,0.0
text75-MATH-LONG-2511.22140v1,q12,HI_minus_LI,0.07999999999999999
text76-MATH-LONG-2602.20441v1,q12,HI_minus_LI,0.019999999999999952
text77-MATH-LONG-2601.20851v2,q12,HI_minus_LI,0.22000000000000003
text78-MATH-LONG-2512.17595v1,q12,HI_minus_LI,0.24
text79-MATH-LONG-2512.10129v1,q12,HI_minus_LI,-0.12000000000000002
text80-MATH-LONG-2512.10507v1,q12,HI_minus_LI,0.29999999999999993
text01-BIO-SHORT-2505.02276v1,q12,Name_x_Inst,0.8
text02-BIO-SHORT-2507.04575v1,q12,Name_x_Inst,0.19999999999999996
text03-BIO-SHORT-2505.11568v3,q12,Name_x_Inst,0.07999999999999999
text04-BIO-SHORT-2507.08385v1,q12,Name_x_Inst,0.0
text05-BIO-SHORT-2504.10973v1,q12,Name_x_Inst,0.07999999999999999
text06-BIO-SHORT-2506.14789v1,q12,Name_x_Inst,0.040000000000000036
text07-BIO-SHORT-2506.13576v3,q12,Name_x_Inst,-0.15999999999999998
text08-BIO-SHORT-2503.19923v2,q12,Name_x_Inst,-0.31999999999999995
text09-BIO-SHORT-2602.00019v1,q12,Name_x_Inst,-0.039999999999999945
text10-BIO-SHORT-2506.13817v1,q12,Name_x_Inst,-0.039999999999999994
text11-CS-SHORT-2506.09194v1,q12,Name_x_Inst,0.039999999999999925
text12-CS-SHORT-2512.19717v1,q12,Name_x_Inst,0.24
text13-CS-SHORT-2510.04124v5,q12,Name_x_Inst,-0.11999999999999997
text14-CS-SHORT-2509.13349v2,q12,Name_x_Inst,0.11999999999999993
text15-CS-SHORT-2602.03870v1,q12,Name_x_Inst,-0.040000000000000036
text16-CS-SHORT-2509.06033v1,q12,Name_x_Inst,0.0
text17-CS-SHORT-2509.16294v1,q12,Name_x_Inst,0.039999999999999994
text18-CS-SHORT-2507.09492v1,q12,Name_x_Inst,-0.15999999999999995
text19-CS-SHORT-2509.14600v1,q12,Name_x_Inst,0.0
text20-CS-SHORT-2503.14899v1,q12,Name_x_Inst,0.0
text21-PHY-SHORT-2601.23079v1,q12,Name_x_Inst,-0.040000000000000036
text22-PHY-SHORT-2601.23047v1,q12,Name_x_Inst,-0.12000000000000002
text23-PHY-SHORT-2601.23057v1,q12,Name_x_Inst,0.039999999999999994
text24-PHY-SHORT-2509.16741v1,q12,Name_x_Inst,0.07999999999999999
text25-PHY-SHORT-2507.08042v1,q12,Name_x_Inst,0.24000000000000005
text26-PHY-SHORT-2512.23538v1,q12,Name_x_Inst,0.2800000000000001
text27-PHY-SHORT-2510.18500v1,q12,Name_x_Inst,0.04000000000000008
text28-PHY-SHORT-2508.20431v1,q12,Name_x_Inst,-0.040000000000000036
text29-PHY-SHORT-2509.06825v1,q12,Name_x_Inst,0.0
text30-PHY-SHORT-2509.17653v2,q12,Name_x_Inst,-0.039999999999999994
text31-MATH-SHORT-2511.03536v1,q12,Name_x_Inst,-0.27999999999999997
text32-MATH-SHORT-2603.02088v1,q12,Name_x_Inst,-0.040000000000000036
text33-MATH-SHORT-2512.22134v3,q12,Name_x_Inst,-0.040000000000000036
text34-MATH-SHORT-2509.00532v1,q12,Name_x_Inst,-0.12
text35-MATH-SHORT-2512.06844v1,q12,Name_x_Inst,-0.04
text36-MATH-SHORT-2503.09380v2,q12,Name_x_Inst,-0.68
text37-MATH-SHORT-2510.26426v1,q12,Name_x_Inst,-0.039999999999999994
text38-MATH-SHORT-2512.04101v1,q12,Name_x_Inst,0.12000000000000004
text39-MATH-SHORT-2506.11609v2,q12,Name_x_Inst,-0.15999999999999998
text40-MATH-SHORT-2507.15879v2,q12,Name_x_Inst,0.08
text41-BIO-LONG-2512.06709v1,q12,Name_x_Inst,0.32
text42-BIO-LONG-2503.07104v1,q12,Name_x_Inst,0.07999999999999999
text43-BIO-LONG-2506.16577v1,q12,Name_x_Inst,0.36000000000000004
text44-BIO-LONG-2505.20052v1,q12,Name_x_Inst,-0.12000000000000008
text45-BIO-LONG-2507.17897v4,q12,Name_x_Inst,-0.2
text46-BIO-LONG-2505.05863v1,q12,Name_x_Inst,0.039999999999999945
text47-BIO-LONG-2505.21094v1,q12,Name_x_Inst,0.0
text48-BIO-LONG-2602.16750v1,q12,Name_x_Inst,0.11999999999999997
text49-BIO-LONG-2511.10014v1,q12,Name_x_Inst,0.0
text50-BIO-LONG-2603.01054v1,q12,Name_x_Inst,0.0
text51-CS-LONG-2602.11588v1,q12,Name_x_Inst,-0.039999999999999945
text52-CS-LONG-2602.15675v1,q12,Name_x_Inst,0.3999999999999999
text53-CS-LONG-2603.02012v1,q12,Name_x_Inst,0.0
text54-CS-LONG-2602.23006v1,q12,Name_x_Inst,0.1600000000000001
text55-CS-LONG-2602.21625v1,q12,Name_x_Inst,0.039999999999999994
text56-CS-LONG-2602.13713v1,q12,Name_x_Inst,4.4408920985006264e-17
text57-CS-LONG-2603.00079v1,q12,Name_x_Inst,-0.2
text58-CS-LONG-2603.01023v1,q12,Name_x_Inst,0.039999999999999945
text59-CS-LONG-2602.19401v1,q12,Name_x_Inst,-0.2
text60-CS-LONG-2602.18518v1,q12,Name_x_Inst,0.4
text61-PHY-LONG-2602.03885v1,q12,Name_x_Inst,0.040000000000000036
text62-PHY-LONG-2511.21971v1,q12,Name_x_Inst,-0.07999999999999999
text63-PHY-LONG-2512.18015v1,q12,Name_x_Inst,0.24000000000000005
text64-PHY-LONG-2602.23683v1,q12,Name_x_Inst,0.039999999999999994
text65-PHY-LONG-2601.13267v1,q12,Name_x_Inst,-0.039999999999999945
text66-PHY-LONG-2512.24566v1,q12,Name_x_Inst,-0.040000000000000036
text67-PHY-LONG-2602.07636v2,q12,Name_x_Inst,0.16
text68-PHY-LONG-2512.18130v1,q12,Name_x_Inst,0.27999999999999997
text69-PHY-LONG-2602.17389v1,q12,Name_x_Inst,0.07999999999999999
text70-PHY-LONG-2602.08188v1,q12,Name_x_Inst,-0.28
text71-MATH-LONG-2511.12781v1,q12,Name_x_Inst,-0.08000000000000003
text72-MATH-LONG-2602.06095v1,q12,Name_x_Inst,0.07999999999999996
text73-MATH-LONG-2511.18101v1,q12,Name_x_Inst,0.16000000000000006
text74-MATH-LONG-2512.15978v1,q12,Name_x_Inst,0.07999999999999995
text75-MATH-LONG-2511.22140v1,q12,Name_x_Inst,0.15999999999999998
text76-MATH-LONG-2602.20441v1,q12,Name_x_Inst,-0.039999999999999994
text77-MATH-LONG-2601.20851v2,q12,Name_x_Inst,0.19999999999999996
text78-MATH-LONG-2512.17595v1,q12,Name_x_Inst,0.0
text79-MATH-LONG-2512.10129v1,q12,Name_x_Inst,-0.32
text80-MATH-LONG-2512.10507v1,q12,Name_x_Inst,0.12000000000000002
text01-BIO-SHORT-2505.02276v1,q13,BF_minus_WM,-0.08
text02-BIO-SHORT-2507.04575v1,q13,BF_minus_WM,0.0
text03-BIO-SHORT-2505.11568v3,q13,BF_minus_WM,0.15999999999999998
text04-BIO-SHORT-2507.08385v1,q13,BF_minus_WM,5.551115123125783e-18
text05-BIO-SHORT-2504.10973v1,q13,BF_minus_WM,0.06
text06-BIO-SHORT-2506.14789v1,q13,BF_minus_WM,-0.039999999999999966
text07-BIO-SHORT-2506.13576v3,q13,BF_minus_WM,-0.05999999999999996
text08-BIO-SHORT-2503.19923v2,q13,BF_minus_WM,-1.1102230246251566e-17
text09-BIO-SHORT-2602.00019v1,q13,BF_minus_WM,0.039999999999999994
text10-BIO-SHORT-2506.13817v1,q13,BF_minus_WM,0.040000000000000036
text11-CS-SHORT-2506.09194v1,q13,BF_minus_WM,-0.12
text12-CS-SHORT-2512.19717v1,q13,BF_minus_WM,-0.020000000000000018
text13-CS-SHORT-2510.04124v5,q13,BF_minus_WM,-0.07999999999999999
text14-CS-SHORT-2509.13349v2,q13,BF_minus_WM,0.1
text15-CS-SHORT-2602.03870v1,q13,BF_minus_WM,-0.07999999999999996
text16-CS-SHORT-2509.06033v1,q13,BF_minus_WM,-0.13999999999999999
text17-CS-SHORT-2509.16294v1,q13,BF_minus_WM,-0.08
text18-CS-SHORT-2507.09492v1,q13,BF_minus_WM,-0.059999999999999984
text19-CS-SHORT-2509.14600v1,q13,BF_minus_WM,0.0
text20-CS-SHORT-2503.14899v1,q13,BF_minus_WM,0.0
text21-PHY-SHORT-2601.23079v1,q13,BF_minus_WM,0.0
text22-PHY-SHORT-2601.23047v1,q13,BF_minus_WM,0.06000000000000001
text23-PHY-SHORT-2601.23057v1,q13,BF_minus_WM,0.22000000000000003
text24-PHY-SHORT-2509.16741v1,q13,BF_minus_WM,0.059999999999999984
text25-PHY-SHORT-2507.08042v1,q13,BF_minus_WM,1.1102230246251566e-17
text26-PHY-SHORT-2512.23538v1,q13,BF_minus_WM,0.06000000000000001
text27-PHY-SHORT-2510.18500v1,q13,BF_minus_WM,0.01999999999999998
text28-PHY-SHORT-2508.20431v1,q13,BF_minus_WM,-0.02000000000000001
text29-PHY-SHORT-2509.06825v1,q13,BF_minus_WM,0.08
text30-PHY-SHORT-2509.17653v2,q13,BF_minus_WM,0.020000000000000007
text31-MATH-SHORT-2511.03536v1,q13,BF_minus_WM,-0.08
text32-MATH-SHORT-2603.02088v1,q13,BF_minus_WM,0.0
text33-MATH-SHORT-2512.22134v3,q13,BF_minus_WM,0.08
text34-MATH-SHORT-2509.00532v1,q13,BF_minus_WM,0.25999999999999995
text35-MATH-SHORT-2512.06844v1,q13,BF_minus_WM,0.08
text36-MATH-SHORT-2503.09380v2,q13,BF_minus_WM,-0.039999999999999994
text37-MATH-SHORT-2510.26426v1,q13,BF_minus_WM,0.039999999999999994
text38-MATH-SHORT-2512.04101v1,q13,BF_minus_WM,0.24000000000000005
text39-MATH-SHORT-2506.11609v2,q13,BF_minus_WM,-0.019999999999999997
text40-MATH-SHORT-2507.15879v2,q13,BF_minus_WM,-0.13999999999999999
text41-BIO-LONG-2512.06709v1,q13,BF_minus_WM,0.14
text42-BIO-LONG-2503.07104v1,q13,BF_minus_WM,0.07999999999999999
text43-BIO-LONG-2506.16577v1,q13,BF_minus_WM,-0.040000000000000015
text44-BIO-LONG-2505.20052v1,q13,BF_minus_WM,0.2
text45-BIO-LONG-2507.17897v4,q13,BF_minus_WM,0.039999999999999994
text46-BIO-LONG-2505.05863v1,q13,BF_minus_WM,0.059999999999999984
text47-BIO-LONG-2505.21094v1,q13,BF_minus_WM,2.2204460492503132e-17
text48-BIO-LONG-2602.16750v1,q13,BF_minus_WM,-0.1
text49-BIO-LONG-2511.10014v1,q13,BF_minus_WM,0.039999999999999994
text50-BIO-LONG-2603.01054v1,q13,BF_minus_WM,0.0
text51-CS-LONG-2602.11588v1,q13,BF_minus_WM,0.0
text52-CS-LONG-2602.15675v1,q13,BF_minus_WM,0.06
text53-CS-LONG-2603.02012v1,q13,BF_minus_WM,-0.11999999999999993
text54-CS-LONG-2602.23006v1,q13,BF_minus_WM,0.019999999999999997
text55-CS-LONG-2602.21625v1,q13,BF_minus_WM,0.07999999999999999
text56-CS-LONG-2602.13713v1,q13,BF_minus_WM,-0.020000000000000018
text57-CS-LONG-2603.00079v1,q13,BF_minus_WM,0.18
text58-CS-LONG-2603.01023v1,q13,BF_minus_WM,0.0
text59-CS-LONG-2602.19401v1,q13,BF_minus_WM,0.06000000000000002
text60-CS-LONG-2602.18518v1,q13,BF_minus_WM,0.21999999999999992
text61-PHY-LONG-2602.03885v1,q13,BF_minus_WM,-0.020000000000000018
text62-PHY-LONG-2511.21971v1,q13,BF_minus_WM,-0.020000000000000018
text63-PHY-LONG-2512.18015v1,q13,BF_minus_WM,-0.06000000000000001
text64-PHY-LONG-2602.23683v1,q13,BF_minus_WM,-0.15999999999999998
text65-PHY-LONG-2601.13267v1,q13,BF_minus_WM,-0.020000000000000018
text66-PHY-LONG-2512.24566v1,q13,BF_minus_WM,-0.08
text67-PHY-LONG-2602.07636v2,q13,BF_minus_WM,-0.08
text68-PHY-LONG-2512.18130v1,q13,BF_minus_WM,1.1102230246251566e-17
text69-PHY-LONG-2602.17389v1,q13,BF_minus_WM,-0.039999999999999994
text70-PHY-LONG-2602.08188v1,q13,BF_minus_WM,0.040000000000000015
text71-MATH-LONG-2511.12781v1,q13,BF_minus_WM,-0.2
text72-MATH-LONG-2602.06095v1,q13,BF_minus_WM,0.08000000000000002
text73-MATH-LONG-2511.18101v1,q13,BF_minus_WM,0.08
text74-MATH-LONG-2512.15978v1,q13,BF_minus_WM,0.1
text75-MATH-LONG-2511.22140v1,q13,BF_minus_WM,0.0
text76-MATH-LONG-2602.20441v1,q13,BF_minus_WM,0.040000000000000015
text77-MATH-LONG-2601.20851v2,q13,BF_minus_WM,-0.12
text78-MATH-LONG-2512.17595v1,q13,BF_minus_WM,-0.07999999999999999
text79-MATH-LONG-2512.10129v1,q13,BF_minus_WM,0.039999999999999994
text80-MATH-LONG-2512.10507v1,q13,BF_minus_WM,0.019999999999999983
text01-BIO-SHORT-2505.02276v1,q13,HI_minus_LI,-0.2
text02-BIO-SHORT-2507.04575v1,q13,HI_minus_LI,0.0
text03-BIO-SHORT-2505.11568v3,q13,HI_minus_LI,0.2
text04-BIO-SHORT-2507.08385v1,q13,HI_minus_LI,0.32
text05-BIO-SHORT-2504.10973v1,q13,HI_minus_LI,0.13999999999999999
text06-BIO-SHORT-2506.14789v1,q13,HI_minus_LI,-0.07999999999999999
text07-BIO-SHORT-2506.13576v3,q13,HI_minus_LI,0.25999999999999995
text08-BIO-SHORT-2503.19923v2,q13,HI_minus_LI,0.04
text09-BIO-SHORT-2602.00019v1,q13,HI_minus_LI,4.4408920985006264e-17
text10-BIO-SHORT-2506.13817v1,q13,HI_minus_LI,0.16
text11-CS-SHORT-2506.09194v1,q13,HI_minus_LI,0.2
text12-CS-SHORT-2512.19717v1,q13,HI_minus_LI,0.22000000000000003
text13-CS-SHORT-2510.04124v5,q13,HI_minus_LI,0.12000000000000002
text14-CS-SHORT-2509.13349v2,q13,HI_minus_LI,0.26
text15-CS-SHORT-2602.03870v1,q13,HI_minus_LI,-0.07999999999999996
text16-CS-SHORT-2509.06033v1,q13,HI_minus_LI,-0.18000000000000002
text17-CS-SHORT-2509.16294v1,q13,HI_minus_LI,0.0
text18-CS-SHORT-2507.09492v1,q13,HI_minus_LI,0.22000000000000003
text19-CS-SHORT-2509.14600v1,q13,HI_minus_LI,0.08
text20-CS-SHORT-2503.14899v1,q13,HI_minus_LI,0.07999999999999999
text21-PHY-SHORT-2601.23079v1,q13,HI_minus_LI,0.039999999999999994
text22-PHY-SHORT-2601.23047v1,q13,HI_minus_LI,-0.06000000000000001
text23-PHY-SHORT-2601.23057v1,q13,HI_minus_LI,0.059999999999999984
text24-PHY-SHORT-2509.16741v1,q13,HI_minus_LI,-0.059999999999999984
text25-PHY-SHORT-2507.08042v1,q13,HI_minus_LI,0.12000000000000002
text26-PHY-SHORT-2512.23538v1,q13,HI_minus_LI,-0.06000000000000001
text27-PHY-SHORT-2510.18500v1,q13,HI_minus_LI,0.06000000000000001
text28-PHY-SHORT-2508.20431v1,q13,HI_minus_LI,0.1
text29-PHY-SHORT-2509.06825v1,q13,HI_minus_LI,-0.08
text30-PHY-SHORT-2509.17653v2,q13,HI_minus_LI,0.1
text31-MATH-SHORT-2511.03536v1,q13,HI_minus_LI,2.2204460492503132e-17
text32-MATH-SHORT-2603.02088v1,q13,HI_minus_LI,0.0
text33-MATH-SHORT-2512.22134v3,q13,HI_minus_LI,-0.040000000000000015
text34-MATH-SHORT-2509.00532v1,q13,HI_minus_LI,0.06000000000000003
text35-MATH-SHORT-2512.06844v1,q13,HI_minus_LI,0.2
text36-MATH-SHORT-2503.09380v2,q13,HI_minus_LI,-0.08
text37-MATH-SHORT-2510.26426v1,q13,HI_minus_LI,0.07999999999999999
text38-MATH-SHORT-2512.04101v1,q13,HI_minus_LI,0.16
text39-MATH-SHORT-2506.11609v2,q13,HI_minus_LI,0.14
text40-MATH-SHORT-2507.15879v2,q13,HI_minus_LI,-0.1
text41-BIO-LONG-2512.06709v1,q13,HI_minus_LI,-0.019999999999999997
text42-BIO-LONG-2503.07104v1,q13,HI_minus_LI,0.12000000000000002
text43-BIO-LONG-2506.16577v1,q13,HI_minus_LI,-1.1102230246251566e-17
text44-BIO-LONG-2505.20052v1,q13,HI_minus_LI,0.19999999999999996
text45-BIO-LONG-2507.17897v4,q13,HI_minus_LI,0.0
text46-BIO-LONG-2505.05863v1,q13,HI_minus_LI,0.09999999999999998
text47-BIO-LONG-2505.21094v1,q13,HI_minus_LI,0.27999999999999997
text48-BIO-LONG-2602.16750v1,q13,HI_minus_LI,0.02000000000000004
text49-BIO-LONG-2511.10014v1,q13,HI_minus_LI,-0.039999999999999994
text50-BIO-LONG-2603.01054v1,q13,HI_minus_LI,0.0
text51-CS-LONG-2602.11588v1,q13,HI_minus_LI,0.0
text52-CS-LONG-2602.15675v1,q13,HI_minus_LI,-0.13999999999999999
text53-CS-LONG-2603.02012v1,q13,HI_minus_LI,0.07999999999999999
text54-CS-LONG-2602.23006v1,q13,HI_minus_LI,0.13999999999999996
text55-CS-LONG-2602.21625v1,q13,HI_minus_LI,0.07999999999999999
text56-CS-LONG-2602.13713v1,q13,HI_minus_LI,0.18
text57-CS-LONG-2603.00079v1,q13,HI_minus_LI,0.14
text58-CS-LONG-2603.01023v1,q13,HI_minus_LI,0.0
text59-CS-LONG-2602.19401v1,q13,HI_minus_LI,-0.06000000000000002
text60-CS-LONG-2602.18518v1,q13,HI_minus_LI,-0.059999999999999984
text61-PHY-LONG-2602.03885v1,q13,HI_minus_LI,0.1
text62-PHY-LONG-2511.21971v1,q13,HI_minus_LI,0.06000000000000001
text63-PHY-LONG-2512.18015v1,q13,HI_minus_LI,0.06000000000000001
text64-PHY-LONG-2602.23683v1,q13,HI_minus_LI,2.2204460492503132e-17
text65-PHY-LONG-2601.13267v1,q13,HI_minus_LI,-0.020000000000000018
text66-PHY-LONG-2512.24566v1,q13,HI_minus_LI,0.08
text67-PHY-LONG-2602.07636v2,q13,HI_minus_LI,-0.08
text68-PHY-LONG-2512.18130v1,q13,HI_minus_LI,0.27999999999999997
text69-PHY-LONG-2602.17389v1,q13,HI_minus_LI,-0.039999999999999994
text70-PHY-LONG-2602.08188v1,q13,HI_minus_LI,0.08
text71-MATH-LONG-2511.12781v1,q13,HI_minus_LI,0.15999999999999998
text72-MATH-LONG-2602.06095v1,q13,HI_minus_LI,-0.2
text73-MATH-LONG-2511.18101v1,q13,HI_minus_LI,0.36000000000000004
text74-MATH-LONG-2512.15978v1,q13,HI_minus_LI,0.14
text75-MATH-LONG-2511.22140v1,q13,HI_minus_LI,0.040000000000000036
text76-MATH-LONG-2602.20441v1,q13,HI_minus_LI,0.12
text77-MATH-LONG-2601.20851v2,q13,HI_minus_LI,0.12
text78-MATH-LONG-2512.17595v1,q13,HI_minus_LI,0.12000000000000002
text79-MATH-LONG-2512.10129v1,q13,HI_minus_LI,-0.12000000000000002
text80-MATH-LONG-2512.10507v1,q13,HI_minus_LI,0.019999999999999983
text01-BIO-SHORT-2505.02276v1,q13,Name_x_Inst,0.5599999999999999
text02-BIO-SHORT-2507.04575v1,q13,Name_x_Inst,0.0
text03-BIO-SHORT-2505.11568v3,q13,Name_x_Inst,0.31999999999999995
text04-BIO-SHORT-2507.08385v1,q13,Name_x_Inst,0.15999999999999998
text05-BIO-SHORT-2504.10973v1,q13,Name_x_Inst,0.6
text06-BIO-SHORT-2506.14789v1,q13,Name_x_Inst,-0.08000000000000008
text07-BIO-SHORT-2506.13576v3,q13,Name_x_Inst,-0.11999999999999993
text08-BIO-SHORT-2503.19923v2,q13,Name_x_Inst,-0.08
text09-BIO-SHORT-2602.00019v1,q13,Name_x_Inst,-0.07999999999999999
text10-BIO-SHORT-2506.13817v1,q13,Name_x_Inst,0.0
text11-CS-SHORT-2506.09194v1,q13,Name_x_Inst,-0.4
text12-CS-SHORT-2512.19717v1,q13,Name_x_Inst,-0.2
text13-CS-SHORT-2510.04124v5,q13,Name_x_Inst,-2.2204460492503132e-17
text14-CS-SHORT-2509.13349v2,q13,Name_x_Inst,-0.12000000000000002
text15-CS-SHORT-2602.03870v1,q13,Name_x_Inst,0.15999999999999992
text16-CS-SHORT-2509.06033v1,q13,Name_x_Inst,0.040000000000000036
text17-CS-SHORT-2509.16294v1,q13,Name_x_Inst,0.0
text18-CS-SHORT-2507.09492v1,q13,Name_x_Inst,0.04000000000000008
text19-CS-SHORT-2509.14600v1,q13,Name_x_Inst,-0.15999999999999998
text20-CS-SHORT-2503.14899v1,q13,Name_x_Inst,0.24000000000000005
text21-PHY-SHORT-2601.23079v1,q13,Name_x_Inst,0.0
text22-PHY-SHORT-2601.23047v1,q13,Name_x_Inst,-0.12000000000000002
text23-PHY-SHORT-2601.23057v1,q13,Name_x_Inst,-0.44000000000000006
text24-PHY-SHORT-2509.16741v1,q13,Name_x_Inst,-0.11999999999999997
text25-PHY-SHORT-2507.08042v1,q13,Name_x_Inst,0.5599999999999999
text26-PHY-SHORT-2512.23538v1,q13,Name_x_Inst,-0.12000000000000002
text27-PHY-SHORT-2510.18500v1,q13,Name_x_Inst,0.27999999999999997
text28-PHY-SHORT-2508.20431v1,q13,Name_x_Inst,0.04000000000000002
text29-PHY-SHORT-2509.06825v1,q13,Name_x_Inst,0.08000000000000003
text30-PHY-SHORT-2509.17653v2,q13,Name_x_Inst,-0.040000000000000015
text31-MATH-SHORT-2511.03536v1,q13,Name_x_Inst,-0.16
text32-MATH-SHORT-2603.02088v1,q13,Name_x_Inst,0.0
text33-MATH-SHORT-2512.22134v3,q13,Name_x_Inst,0.08000000000000003
text34-MATH-SHORT-2509.00532v1,q13,Name_x_Inst,-0.04
text35-MATH-SHORT-2512.06844v1,q13,Name_x_Inst,-0.24
text36-MATH-SHORT-2503.09380v2,q13,Name_x_Inst,-0.24
text37-MATH-SHORT-2510.26426v1,q13,Name_x_Inst,-0.32
text38-MATH-SHORT-2512.04101v1,q13,Name_x_Inst,0.16
text39-MATH-SHORT-2506.11609v2,q13,Name_x_Inst,-0.28
text40-MATH-SHORT-2507.15879v2,q13,Name_x_Inst,-0.2
text41-BIO-LONG-2512.06709v1,q13,Name_x_Inst,0.44000000000000006
text42-BIO-LONG-2503.07104v1,q13,Name_x_Inst,-0.15999999999999998
text43-BIO-LONG-2506.16577v1,q13,Name_x_Inst,-2.2204460492503132e-17
text44-BIO-LONG-2505.20052v1,q13,Name_x_Inst,0.0
text45-BIO-LONG-2507.17897v4,q13,Name_x_Inst,-0.24000000000000005
text46-BIO-LONG-2505.05863v1,q13,Name_x_Inst,0.19999999999999996
text47-BIO-LONG-2505.21094v1,q13,Name_x_Inst,0.08000000000000003
text48-BIO-LONG-2602.16750v1,q13,Name_x_Inst,0.12000000000000006
text49-BIO-LONG-2511.10014v1,q13,Name_x_Inst,0.07999999999999999
text50-BIO-LONG-2603.01054v1,q13,Name_x_Inst,0.0
text51-CS-LONG-2602.11588v1,q13,Name_x_Inst,0.0
text52-CS-LONG-2602.15675v1,q13,Name_x_Inst,0.12
text53-CS-LONG-2603.02012v1,q13,Name_x_Inst,0.0
text54-CS-LONG-2602.23006v1,q13,Name_x_Inst,0.039999999999999994
text55-CS-LONG-2602.21625v1,q13,Name_x_Inst,-0.15999999999999998
text56-CS-LONG-2602.13713v1,q13,Name_x_Inst,0.040000000000000036
text57-CS-LONG-2603.00079v1,q13,Name_x_Inst,-0.20000000000000004
text58-CS-LONG-2603.01023v1,q13,Name_x_Inst,0.24000000000000005
text59-CS-LONG-2602.19401v1,q13,Name_x_Inst,0.039999999999999966
text60-CS-LONG-2602.18518v1,q13,Name_x_Inst,0.20000000000000004
text61-PHY-LONG-2602.03885v1,q13,Name_x_Inst,-0.040000000000000036
text62-PHY-LONG-2511.21971v1,q13,Name_x_Inst,0.12000000000000002
text63-PHY-LONG-2512.18015v1,q13,Name_x_Inst,-0.27999999999999997
text64-PHY-LONG-2602.23683v1,q13,Name_x_Inst,-0.2399999999999999
text65-PHY-LONG-2601.13267v1,q13,Name_x_Inst,0.040000000000000036
text66-PHY-LONG-2512.24566v1,q13,Name_x_Inst,0.16
text67-PHY-LONG-2602.07636v2,q13,Name_x_Inst,0.08000000000000003
text68-PHY-LONG-2512.18130v1,q13,Name_x_Inst,0.31999999999999995
text69-PHY-LONG-2602.17389v1,q13,Name_x_Inst,0.23999999999999994
text70-PHY-LONG-2602.08188v1,q13,Name_x_Inst,-0.16
text71-MATH-LONG-2511.12781v1,q13,Name_x_Inst,-0.23999999999999994
text72-MATH-LONG-2602.06095v1,q13,Name_x_Inst,-0.16
text73-MATH-LONG-2511.18101v1,q13,Name_x_Inst,0.16
text74-MATH-LONG-2512.15978v1,q13,Name_x_Inst,0.12
text75-MATH-LONG-2511.22140v1,q13,Name_x_Inst,0.0
text76-MATH-LONG-2602.20441v1,q13,Name_x_Inst,-0.08000000000000003
text77-MATH-LONG-2601.20851v2,q13,Name_x_Inst,0.08000000000000003
text78-MATH-LONG-2512.17595v1,q13,Name_x_Inst,-0.15999999999999998
text79-MATH-LONG-2512.10129v1,q13,Name_x_Inst,0.23999999999999994
text80-MATH-LONG-2512.10507v1,q13,Name_x_Inst,-0.039999999999999966
text01-BIO-SHORT-2505.02276v1,q14,BF_minus_WM,-0.020000000000000018
text02-BIO-SHORT-2507.04575v1,q14,BF_minus_WM,-0.019999999999999997
text03-BIO-SHORT-2505.11568v3,q14,BF_minus_WM,-0.07999999999999999
text04-BIO-SHORT-2507.08385v1,q14,BF_minus_WM,0.1
text05-BIO-SHORT-2504.10973v1,q14,BF_minus_WM,0.020000000000000018
text06-BIO-SHORT-2506.14789v1,q14,BF_minus_WM,0.039999999999999994
text07-BIO-SHORT-2506.13576v3,q14,BF_minus_WM,-0.07999999999999999
text08-BIO-SHORT-2503.19923v2,q14,BF_minus_WM,0.08
text09-BIO-SHORT-2602.00019v1,q14,BF_minus_WM,0.0
text10-BIO-SHORT-2506.13817v1,q14,BF_minus_WM,-0.13999999999999999
text11-CS-SHORT-2506.09194v1,q14,BF_minus_WM,0.020000000000000018
text12-CS-SHORT-2512.19717v1,q14,BF_minus_WM,0.0
text13-CS-SHORT-2510.04124v5,q14,BF_minus_WM,-0.1
text14-CS-SHORT-2509.13349v2,q14,BF_minus_WM,0.020000000000000018
text15-CS-SHORT-2602.03870v1,q14,BF_minus_WM,4.4408920985006264e-17
text16-CS-SHORT-2509.06033v1,q14,BF_minus_WM,0.25999999999999995
text17-CS-SHORT-2509.16294v1,q14,BF_minus_WM,-0.09999999999999995
text18-CS-SHORT-2507.09492v1,q14,BF_minus_WM,-0.039999999999999994
text19-CS-SHORT-2509.14600v1,q14,BF_minus_WM,-0.019999999999999973
text20-CS-SHORT-2503.14899v1,q14,BF_minus_WM,-0.039999999999999994
text21-PHY-SHORT-2601.23079v1,q14,BF_minus_WM,-0.06000000000000001
text22-PHY-SHORT-2601.23047v1,q14,BF_minus_WM,-0.039999999999999994
text23-PHY-SHORT-2601.23057v1,q14,BF_minus_WM,0.0
text24-PHY-SHORT-2509.16741v1,q14,BF_minus_WM,-0.019999999999999997
text25-PHY-SHORT-2507.08042v1,q14,BF_minus_WM,0.10000000000000002
text26-PHY-SHORT-2512.23538v1,q14,BF_minus_WM,-0.1
text27-PHY-SHORT-2510.18500v1,q14,BF_minus_WM,0.0
text28-PHY-SHORT-2508.20431v1,q14,BF_minus_WM,0.07999999999999999
text29-PHY-SHORT-2509.06825v1,q14,BF_minus_WM,0.020000000000000018
text30-PHY-SHORT-2509.17653v2,q14,BF_minus_WM,-0.040000000000000036
text31-MATH-SHORT-2511.03536v1,q14,BF_minus_WM,-4.4408920985006264e-17
text32-MATH-SHORT-2603.02088v1,q14,BF_minus_WM,0.0
text33-MATH-SHORT-2512.22134v3,q14,BF_minus_WM,0.1
text34-MATH-SHORT-2509.00532v1,q14,BF_minus_WM,0.020000000000000018
text35-MATH-SHORT-2512.06844v1,q14,BF_minus_WM,0.0
text36-MATH-SHORT-2503.09380v2,q14,BF_minus_WM,-0.06000000000000001
text37-MATH-SHORT-2510.26426v1,q14,BF_minus_WM,0.0
text38-MATH-SHORT-2512.04101v1,q14,BF_minus_WM,0.0
text39-MATH-SHORT-2506.11609v2,q14,BF_minus_WM,-0.06000000000000001
text40-MATH-SHORT-2507.15879v2,q14,BF_minus_WM,0.0
text41-BIO-LONG-2512.06709v1,q14,BF_minus_WM,-0.020000000000000018
text42-BIO-LONG-2503.07104v1,q14,BF_minus_WM,0.0
text43-BIO-LONG-2506.16577v1,q14,BF_minus_WM,0.13999999999999999
text44-BIO-LONG-2505.20052v1,q14,BF_minus_WM,0.16
text45-BIO-LONG-2507.17897v4,q14,BF_minus_WM,0.039999999999999994
text46-BIO-LONG-2505.05863v1,q14,BF_minus_WM,-0.040000000000000015
text47-BIO-LONG-2505.21094v1,q14,BF_minus_WM,-0.020000000000000018
text48-BIO-LONG-2602.16750v1,q14,BF_minus_WM,0.0
text49-BIO-LONG-2511.10014v1,q14,BF_minus_WM,-0.039999999999999994
text50-BIO-LONG-2603.01054v1,q14,BF_minus_WM,-0.12000000000000002
text51-CS-LONG-2602.11588v1,q14,BF_minus_WM,-0.13999999999999999
text52-CS-LONG-2602.15675v1,q14,BF_minus_WM,0.020000000000000018
text53-CS-LONG-2603.02012v1,q14,BF_minus_WM,0.0
text54-CS-LONG-2602.23006v1,q14,BF_minus_WM,0.020000000000000018
text55-CS-LONG-2602.21625v1,q14,BF_minus_WM,0.0
text56-CS-LONG-2602.13713v1,q14,BF_minus_WM,-0.06000000000000001
text57-CS-LONG-2603.00079v1,q14,BF_minus_WM,0.1
text58-CS-LONG-2603.01023v1,q14,BF_minus_WM,0.0
text59-CS-LONG-2602.19401v1,q14,BF_minus_WM,0.020000000000000018
text60-CS-LONG-2602.18518v1,q14,BF_minus_WM,0.11999999999999997
text61-PHY-LONG-2602.03885v1,q14,BF_minus_WM,0.0
text62-PHY-LONG-2511.21971v1,q14,BF_minus_WM,-0.039999999999999994
text63-PHY-LONG-2512.18015v1,q14,BF_minus_WM,0.0
text64-PHY-LONG-2602.23683v1,q14,BF_minus_WM,0.020000000000000018
text65-PHY-LONG-2601.13267v1,q14,BF_minus_WM,-0.13999999999999996
text66-PHY-LONG-2512.24566v1,q14,BF_minus_WM,0.0
text67-PHY-LONG-2602.07636v2,q14,BF_minus_WM,0.039999999999999994
text68-PHY-LONG-2512.18130v1,q14,BF_minus_WM,0.06000000000000001
text69-PHY-LONG-2602.17389v1,q14,BF_minus_WM,-0.12
text70-PHY-LONG-2602.08188v1,q14,BF_minus_WM,-0.06000000000000001
text71-MATH-LONG-2511.12781v1,q14,BF_minus_WM,-4.4408920985006264e-17
text72-MATH-LONG-2602.06095v1,q14,BF_minus_WM,0.0
text73-MATH-LONG-2511.18101v1,q14,BF_minus_WM,-0.039999999999999994
text74-MATH-LONG-2512.15978v1,q14,BF_minus_WM,0.0
text75-MATH-LONG-2511.22140v1,q14,BF_minus_WM,0.0
text76-MATH-LONG-2602.20441v1,q14,BF_minus_WM,0.019999999999999973
text77-MATH-LONG-2601.20851v2,q14,BF_minus_WM,-0.05999999999999996
text78-MATH-LONG-2512.17595v1,q14,BF_minus_WM,-0.07999999999999999
text79-MATH-LONG-2512.10129v1,q14,BF_minus_WM,0.0
text80-MATH-LONG-2512.10507v1,q14,BF_minus_WM,0.0
text01-BIO-SHORT-2505.02276v1,q14,HI_minus_LI,0.020000000000000018
text02-BIO-SHORT-2507.04575v1,q14,HI_minus_LI,0.14
text03-BIO-SHORT-2505.11568v3,q14,HI_minus_LI,-0.12000000000000002
text04-BIO-SHORT-2507.08385v1,q14,HI_minus_LI,0.1
text05-BIO-SHORT-2504.10973v1,q14,HI_minus_LI,0.020000000000000018
text06-BIO-SHORT-2506.14789v1,q14,HI_minus_LI,0.039999999999999994
text07-BIO-SHORT-2506.13576v3,q14,HI_minus_LI,0.27999999999999997
text08-BIO-SHORT-2503.19923v2,q14,HI_minus_LI,-0.12
text09-BIO-SHORT-2602.00019v1,q14,HI_minus_LI,0.040000000000000036
text10-BIO-SHORT-2506.13817v1,q14,HI_minus_LI,0.06000000000000001
text11-CS-SHORT-2506.09194v1,q14,HI_minus_LI,-0.020000000000000018
text12-CS-SHORT-2512.19717v1,q14,HI_minus_LI,0.2
text13-CS-SHORT-2510.04124v5,q14,HI_minus_LI,0.020000000000000018
text14-CS-SHORT-2509.13349v2,q14,HI_minus_LI,-0.020000000000000018
text15-CS-SHORT-2602.03870v1,q14,HI_minus_LI,0.039999999999999994
text16-CS-SHORT-2509.06033v1,q14,HI_minus_LI,0.059999999999999984
text17-CS-SHORT-2509.16294v1,q14,HI_minus_LI,0.019999999999999973
text18-CS-SHORT-2507.09492v1,q14,HI_minus_LI,4.4408920985006264e-17
text19-CS-SHORT-2509.14600v1,q14,HI_minus_LI,-0.22000000000000003
text20-CS-SHORT-2503.14899v1,q14,HI_minus_LI,0.039999999999999994
text21-PHY-SHORT-2601.23079v1,q14,HI_minus_LI,0.06000000000000001
text22-PHY-SHORT-2601.23047v1,q14,HI_minus_LI,-0.07999999999999993
text23-PHY-SHORT-2601.23057v1,q14,HI_minus_LI,0.0
text24-PHY-SHORT-2509.16741v1,q14,HI_minus_LI,0.14
text25-PHY-SHORT-2507.08042v1,q14,HI_minus_LI,-0.10000000000000002
text26-PHY-SHORT-2512.23538v1,q14,HI_minus_LI,-0.1
text27-PHY-SHORT-2510.18500v1,q14,HI_minus_LI,0.0
text28-PHY-SHORT-2508.20431v1,q14,HI_minus_LI,0.0
text29-PHY-SHORT-2509.06825v1,q14,HI_minus_LI,0.020000000000000018
text30-PHY-SHORT-2509.17653v2,q14,HI_minus_LI,0.15999999999999998
text31-MATH-SHORT-2511.03536v1,q14,HI_minus_LI,0.039999999999999994
text32-MATH-SHORT-2603.02088v1,q14,HI_minus_LI,0.0
text33-MATH-SHORT-2512.22134v3,q14,HI_minus_LI,-0.05999999999999996
text34-MATH-SHORT-2509.00532v1,q14,HI_minus_LI,-0.020000000000000018
text35-MATH-SHORT-2512.06844v1,q14,HI_minus_LI,0.0
text36-MATH-SHORT-2503.09380v2,q14,HI_minus_LI,0.06000000000000001
text37-MATH-SHORT-2510.26426v1,q14,HI_minus_LI,0.0
text38-MATH-SHORT-2512.04101v1,q14,HI_minus_LI,0.0
text39-MATH-SHORT-2506.11609v2,q14,HI_minus_LI,-0.06000000000000001
text40-MATH-SHORT-2507.15879v2,q14,HI_minus_LI,0.0
text41-BIO-LONG-2512.06709v1,q14,HI_minus_LI,0.020000000000000018
text42-BIO-LONG-2503.07104v1,q14,HI_minus_LI,0.0
text43-BIO-LONG-2506.16577v1,q14,HI_minus_LI,0.13999999999999999
text44-BIO-LONG-2505.20052v1,q14,HI_minus_LI,4.4408920985006264e-17
text45-BIO-LONG-2507.17897v4,q14,HI_minus_LI,-0.16
text46-BIO-LONG-2505.05863v1,q14,HI_minus_LI,0.040000000000000015
text47-BIO-LONG-2505.21094v1,q14,HI_minus_LI,0.020000000000000018
text48-BIO-LONG-2602.16750v1,q14,HI_minus_LI,0.0
text49-BIO-LONG-2511.10014v1,q14,HI_minus_LI,0.039999999999999994
text50-BIO-LONG-2603.01054v1,q14,HI_minus_LI,-0.039999999999999994
text51-CS-LONG-2602.11588v1,q14,HI_minus_LI,-0.05999999999999996
text52-CS-LONG-2602.15675v1,q14,HI_minus_LI,-0.020000000000000018
text53-CS-LONG-2603.02012v1,q14,HI_minus_LI,0.0
text54-CS-LONG-2602.23006v1,q14,HI_minus_LI,-0.020000000000000018
text55-CS-LONG-2602.21625v1,q14,HI_minus_LI,0.0
text56-CS-LONG-2602.13713v1,q14,HI_minus_LI,-0.06000000000000001
text57-CS-LONG-2603.00079v1,q14,HI_minus_LI,0.05999999999999996
text58-CS-LONG-2603.01023v1,q14,HI_minus_LI,0.0
text59-CS-LONG-2602.19401v1,q14,HI_minus_LI,-0.020000000000000018
text60-CS-LONG-2602.18518v1,q14,HI_minus_LI,4.4408920985006264e-17
text61-PHY-LONG-2602.03885v1,q14,HI_minus_LI,0.0
text62-PHY-LONG-2511.21971v1,q14,HI_minus_LI,-0.039999999999999994
text63-PHY-LONG-2512.18015v1,q14,HI_minus_LI,0.0
text64-PHY-LONG-2602.23683v1,q14,HI_minus_LI,0.25999999999999995
text65-PHY-LONG-2601.13267v1,q14,HI_minus_LI,0.020000000000000018
text66-PHY-LONG-2512.24566v1,q14,HI_minus_LI,0.0
text67-PHY-LONG-2602.07636v2,q14,HI_minus_LI,-0.039999999999999994
text68-PHY-LONG-2512.18130v1,q14,HI_minus_LI,0.13999999999999999
text69-PHY-LONG-2602.17389v1,q14,HI_minus_LI,0.08
text70-PHY-LONG-2602.08188v1,q14,HI_minus_LI,0.13999999999999999
text71-MATH-LONG-2511.12781v1,q14,HI_minus_LI,0.19999999999999996
text72-MATH-LONG-2602.06095v1,q14,HI_minus_LI,0.0
text73-MATH-LONG-2511.18101v1,q14,HI_minus_LI,0.039999999999999994
text74-MATH-LONG-2512.15978v1,q14,HI_minus_LI,0.0
text75-MATH-LONG-2511.22140v1,q14,HI_minus_LI,0.0
text76-MATH-LONG-2602.20441v1,q14,HI_minus_LI,0.06000000000000001
text77-MATH-LONG-2601.20851v2,q14,HI_minus_LI,0.05999999999999996
text78-MATH-LONG-2512.17595v1,q14,HI_minus_LI,-0.07999999999999999
text79-MATH-LONG-2512.10129v1,q14,HI_minus_LI,0.0
text80-MATH-LONG-2512.10507v1,q14,HI_minus_LI,0.0
text01-BIO-SHORT-2505.02276v1,q14,Name_x_Inst,0.27999999999999997
text02-BIO-SHORT-2507.04575v1,q14,Name_x_Inst,0.11999999999999997
text03-BIO-SHORT-2505.11568v3,q14,Name_x_Inst,-0.15999999999999998
text04-BIO-SHORT-2507.08385v1,q14,Name_x_Inst,0.2
text05-BIO-SHORT-2504.10973v1,q14,Name_x_Inst,0.040000000000000036
text06-BIO-SHORT-2506.14789v1,q14,Name_x_Inst,-0.07999999999999999
text07-BIO-SHORT-2506.13576v3,q14,Name_x_Inst,-0.15999999999999998
text08-BIO-SHORT-2503.19923v2,q14,Name_x_Inst,-0.16
text09-BIO-SHORT-2602.00019v1,q14,Name_x_Inst,0.0
text10-BIO-SHORT-2506.13817v1,q14,Name_x_Inst,-0.039999999999999945
text11-CS-SHORT-2506.09194v1,q14,Name_x_Inst,0.040000000000000036
text12-CS-SHORT-2512.19717v1,q14,Name_x_Inst,0.0
text13-CS-SHORT-2510.04124v5,q14,Name_x_Inst,-0.2
text14-CS-SHORT-2509.13349v2,q14,Name_x_Inst,0.040000000000000036
text15-CS-SHORT-2602.03870v1,q14,Name_x_Inst,-0.23999999999999994
text16-CS-SHORT-2509.06033v1,q14,Name_x_Inst,0.11999999999999997
text17-CS-SHORT-2509.16294v1,q14,Name_x_Inst,0.039999999999999945
text18-CS-SHORT-2507.09492v1,q14,Name_x_Inst,0.07999999999999999
text19-CS-SHORT-2509.14600v1,q14,Name_x_Inst,-0.040000000000000036
text20-CS-SHORT-2503.14899v1,q14,Name_x_Inst,-0.16000000000000006
text21-PHY-SHORT-2601.23079v1,q14,Name_x_Inst,-0.039999999999999945
text22-PHY-SHORT-2601.23047v1,q14,Name_x_Inst,0.07999999999999999
text23-PHY-SHORT-2601.23057v1,q14,Name_x_Inst,0.0
text24-PHY-SHORT-2509.16741v1,q14,Name_x_Inst,-0.19999999999999996
text25-PHY-SHORT-2507.08042v1,q14,Name_x_Inst,0.11999999999999997
text26-PHY-SHORT-2512.23538v1,q14,Name_x_Inst,0.11999999999999993
text27-PHY-SHORT-2510.18500v1,q14,Name_x_Inst,0.0
text28-PHY-SHORT-2508.20431v1,q14,Name_x_Inst,-0.15999999999999998
text29-PHY-SHORT-2509.06825v1,q14,Name_x_Inst,-0.040000000000000036
text30-PHY-SHORT-2509.17653v2,q14,Name_x_Inst,0.0
text31-MATH-SHORT-2511.03536v1,q14,Name_x_Inst,-0.07999999999999999
text32-MATH-SHORT-2603.02088v1,q14,Name_x_Inst,-0.08000000000000007
text33-MATH-SHORT-2512.22134v3,q14,Name_x_Inst,0.2
text34-MATH-SHORT-2509.00532v1,q14,Name_x_Inst,-0.040000000000000036
text35-MATH-SHORT-2512.06844v1,q14,Name_x_Inst,0.31999999999999995
text36-MATH-SHORT-2503.09380v2,q14,Name_x_Inst,-0.12000000000000002
text37-MATH-SHORT-2510.26426v1,q14,Name_x_Inst,0.0
text38-MATH-SHORT-2512.04101v1,q14,Name_x_Inst,0.07999999999999999
text39-MATH-SHORT-2506.11609v2,q14,Name_x_Inst,-0.12000000000000002
text40-MATH-SHORT-2507.15879v2,q14,Name_x_Inst,0.0
text41-BIO-LONG-2512.06709v1,q14,Name_x_Inst,0.040000000000000036
text42-BIO-LONG-2503.07104v1,q14,Name_x_Inst,0.0
text43-BIO-LONG-2506.16577v1,q14,Name_x_Inst,0.12000000000000002
text44-BIO-LONG-2505.20052v1,q14,Name_x_Inst,-0.07999999999999999
text45-BIO-LONG-2507.17897v4,q14,Name_x_Inst,0.07999999999999999
text46-BIO-LONG-2505.05863v1,q14,Name_x_Inst,-0.31999999999999995
text47-BIO-LONG-2505.21094v1,q14,Name_x_Inst,-0.040000000000000036
text48-BIO-LONG-2602.16750v1,q14,Name_x_Inst,0.0
text49-BIO-LONG-2511.10014v1,q14,Name_x_Inst,-8.881784197001253e-17
text50-BIO-LONG-2603.01054v1,q14,Name_x_Inst,-0.07999999999999999
text51-CS-LONG-2602.11588v1,q14,Name_x_Inst,-0.2
text52-CS-LONG-2602.15675v1,q14,Name_x_Inst,-0.040000000000000036
text53-CS-LONG-2603.02012v1,q14,Name_x_Inst,0.0
text54-CS-LONG-2602.23006v1,q14,Name_x_Inst,-0.11999999999999993
text55-CS-LONG-2602.21625v1,q14,Name_x_Inst,0.0
text56-CS-LONG-2602.13713v1,q14,Name_x_Inst,-0.12000000000000002
text57-CS-LONG-2603.00079v1,q14,Name_x_Inst,0.11999999999999993
text58-CS-LONG-2603.01023v1,q14,Name_x_Inst,0.0
text59-CS-LONG-2602.19401v1,q14,Name_x_Inst,0.040000000000000036
text60-CS-LONG-2602.18518v1,q14,Name_x_Inst,0.07999999999999999
text61-PHY-LONG-2602.03885v1,q14,Name_x_Inst,0.0
text62-PHY-LONG-2511.21971v1,q14,Name_x_Inst,0.07999999999999999
text63-PHY-LONG-2512.18015v1,q14,Name_x_Inst,0.07999999999999989
text64-PHY-LONG-2602.23683v1,q14,Name_x_Inst,-0.11999999999999993
text65-PHY-LONG-2601.13267v1,q14,Name_x_Inst,0.040000000000000036
text66-PHY-LONG-2512.24566v1,q14,Name_x_Inst,0.0
text67-PHY-LONG-2602.07636v2,q14,Name_x_Inst,0.16000000000000006
text68-PHY-LONG-2512.18130v1,q14,Name_x_Inst,0.12000000000000002
text69-PHY-LONG-2602.17389v1,q14,Name_x_Inst,0.07999999999999993
text70-PHY-LONG-2602.08188v1,q14,Name_x_Inst,-0.12000000000000002
text71-MATH-LONG-2511.12781v1,q14,Name_x_Inst,-0.32
text72-MATH-LONG-2602.06095v1,q14,Name_x_Inst,0.0
text73-MATH-LONG-2511.18101v1,q14,Name_x_Inst,0.48
text74-MATH-LONG-2512.15978v1,q14,Name_x_Inst,0.0
text75-MATH-LONG-2511.22140v1,q14,Name_x_Inst,0.0
text76-MATH-LONG-2602.20441v1,q14,Name_x_Inst,-0.039999999999999945
text77-MATH-LONG-2601.20851v2,q14,Name_x_Inst,0.2
text78-MATH-LONG-2512.17595v1,q14,Name_x_Inst,-0.15999999999999998
text79-MATH-LONG-2512.10129v1,q14,Name_x_Inst,-0.3200000000000001
text80-MATH-LONG-2512.10507v1,q14,Name_x_Inst,0.0
