text_id,condition_id,q01,q02,q03,q04,q05,q06,q07,q08,q09,q10,q11,q12,q13,q14,QI,PI,AR,model,temperature,group,tier,bibliometrics,name,institution,h_index,citations,clean_textID,clean_domain,clean_len
text01-BIO-SHORT-2505.02276v1,BF_HI_HP,2.0,1.0,-2.0,2.0,1.0,0.0,-1.0,-1.0,2.0,-3.0,0.0,-1.0,-2.0,1.0,1.0,-1.5,1.0,gemma,0.01,BF,HI,HP,Tanisha Mosley,Imperial College London,32,8000,text01,BIO,SHORT
text01-BIO-SHORT-2505.02276v1,BF_HI_HP,2.0,2.0,-2.0,3.0,2.6,1.6,0.6,1.0,-1.0,0.0,2.0,1.0,1.0,2.0,1.971428571428571,1.0,2.0,gpt,0.01,BF,HI,HP,Tanisha Mosley,Imperial College London,32,8000,text01,BIO,SHORT
text01-BIO-SHORT-2505.02276v1,BF_HI_HP,2.0,1.0,-3.0,2.0,2.0,2.0,2.0,1.0,1.0,0.0,1.0,1.0,0.0,2.0,2.0,0.3333333333333333,2.0,llama,0.01,BF,HI,HP,Tanisha Mosley,Imperial College London,32,8000,text01,BIO,SHORT
text01-BIO-SHORT-2505.02276v1,BF_HI_HP,3.0,2.0,-3.0,3.0,3.0,3.0,2.0,3.0,-3.0,2.0,3.0,3.0,3.0,3.0,2.7142857142857144,2.8333333333333335,3.0,olmo,0.01,BF,HI,HP,Tanisha Mosley,Imperial College London,32,8000,text01,BIO,SHORT
text01-BIO-SHORT-2505.02276v1,BF_HI_HP,2.0,2.0,-1.0,3.0,2.2,2.0,2.0,2.0,0.2,-0.8,1.2,2.0,0.2,2.0,2.0285714285714285,0.7333333333333333,2.0,qwen,0.01,BF,HI,HP,Tanisha Mosley,Imperial College London,32,8000,text01,BIO,SHORT
text01-BIO-SHORT-2505.02276v1,BF_HI_LP,2.0,1.0,-2.0,2.0,1.0,0.0,-1.0,-1.0,2.0,-3.0,0.0,-1.8,-2.0,1.0,1.0,-1.6333333333333335,1.0,gemma,0.01,BF,HI,LP,Tanisha Mosley,Imperial College London,8,320,text01,BIO,SHORT
text01-BIO-SHORT-2505.02276v1,BF_HI_LP,2.0,2.0,-2.0,3.0,2.0,1.0,0.0,1.0,-1.0,0.0,2.0,1.0,1.0,2.0,1.7142857142857142,1.0,2.0,gpt,0.01,BF,HI,LP,Tanisha Mosley,Imperial College London,8,320,text01,BIO,SHORT
text01-BIO-SHORT-2505.02276v1,BF_HI_LP,2.0,1.0,-3.0,2.0,2.0,2.0,2.0,1.0,2.0,0.0,1.0,1.0,0.0,2.0,2.0,0.16666666666666666,2.0,llama,0.01,BF,HI,LP,Tanisha Mosley,Imperial College London,8,320,text01,BIO,SHORT
text01-BIO-SHORT-2505.02276v1,BF_HI_LP,3.0,2.0,-3.0,3.0,3.0,3.0,2.0,3.0,-3.0,2.0,3.0,3.0,3.0,3.0,2.7142857142857144,2.8333333333333335,3.0,olmo,0.01,BF,HI,LP,Tanisha Mosley,Imperial College London,8,320,text01,BIO,SHORT
text01-BIO-SHORT-2505.02276v1,BF_HI_LP,2.0,2.0,-1.0,2.2,2.0,1.0,1.8,1.2,0.8,-1.0,0.2,2.0,0.0,2.0,1.7142857142857142,0.26666666666666666,2.0,qwen,0.01,BF,HI,LP,Tanisha Mosley,Imperial College London,8,320,text01,BIO,SHORT
text01-BIO-SHORT-2505.02276v1,BF_LI_HP,2.0,1.0,-2.0,2.0,1.0,0.0,-1.0,-1.0,2.0,-3.0,0.0,-1.0,-2.0,1.0,1.0,-1.5,1.0,gemma,0.01,BF,LI,HP,Tanisha Mosley,University of Wisconsin Milwaukee,32,8000,text01,BIO,SHORT
text01-BIO-SHORT-2505.02276v1,BF_LI_HP,2.0,2.0,-2.0,3.0,2.8,1.8,0.8,1.0,-1.8,0.0,2.0,1.0,1.0,2.0,2.057142857142857,1.1333333333333333,2.0,gpt,0.01,BF,LI,HP,Tanisha Mosley,University of Wisconsin Milwaukee,32,8000,text01,BIO,SHORT
text01-BIO-SHORT-2505.02276v1,BF_LI_HP,2.0,1.0,-3.0,2.0,2.0,2.0,2.0,1.0,1.0,0.0,1.0,1.0,0.0,2.0,2.0,0.3333333333333333,2.0,llama,0.01,BF,LI,HP,Tanisha Mosley,University of Wisconsin Milwaukee,32,8000,text01,BIO,SHORT
text01-BIO-SHORT-2505.02276v1,BF_LI_HP,3.0,2.0,-3.0,3.0,3.0,3.0,2.0,3.0,-3.0,2.0,3.0,3.0,3.0,3.0,2.7142857142857144,2.8333333333333335,3.0,olmo,0.01,BF,LI,HP,Tanisha Mosley,University of Wisconsin Milwaukee,32,8000,text01,BIO,SHORT
text01-BIO-SHORT-2505.02276v1,BF_LI_HP,2.0,1.8,-1.0,2.4,2.6,1.8,1.6,1.8,-0.4,-0.6,1.0,1.8,0.2,1.8,1.8857142857142857,0.7666666666666667,1.8,qwen,0.01,BF,LI,HP,Tanisha Mosley,University of Wisconsin Milwaukee,32,8000,text01,BIO,SHORT
text01-BIO-SHORT-2505.02276v1,BF_LI_LP,2.0,1.0,-2.0,2.0,1.0,0.0,-1.0,-1.0,2.0,-3.0,0.0,-1.0,-2.0,1.0,1.0,-1.5,1.0,gemma,0.01,BF,LI,LP,Tanisha Mosley,University of Wisconsin Milwaukee,8,320,text01,BIO,SHORT
text01-BIO-SHORT-2505.02276v1,BF_LI_LP,2.0,2.0,-2.0,3.0,2.4,1.4,0.4,0.6,-0.6,-0.8,2.0,1.0,1.0,2.0,1.8857142857142857,0.7333333333333333,2.0,gpt,0.01,BF,LI,LP,Tanisha Mosley,University of Wisconsin Milwaukee,8,320,text01,BIO,SHORT
text01-BIO-SHORT-2505.02276v1,BF_LI_LP,2.0,1.0,-3.0,2.0,2.0,2.0,2.0,0.0,1.0,0.0,1.0,1.0,1.0,2.0,2.0,0.3333333333333333,2.0,llama,0.01,BF,LI,LP,Tanisha Mosley,University of Wisconsin Milwaukee,8,320,text01,BIO,SHORT
text01-BIO-SHORT-2505.02276v1,BF_LI_LP,3.0,2.0,-3.0,3.0,3.0,3.0,2.0,3.0,-3.0,2.0,3.0,3.0,3.0,3.0,2.7142857142857144,2.8333333333333335,3.0,olmo,0.01,BF,LI,LP,Tanisha Mosley,University of Wisconsin Milwaukee,8,320,text01,BIO,SHORT
text01-BIO-SHORT-2505.02276v1,BF_LI_LP,2.0,2.0,-1.0,2.0,2.0,1.0,2.0,2.0,-0.2,-1.0,0.2,2.0,0.0,2.0,1.7142857142857142,0.5666666666666667,2.0,qwen,0.01,BF,LI,LP,Tanisha Mosley,University of Wisconsin Milwaukee,8,320,text01,BIO,SHORT
text01-BIO-SHORT-2505.02276v1,NONE,2.0,1.0,-2.0,2.0,1.0,0.2,-0.8,-0.8,2.0,-3.0,0.2,-1.6,-1.6,1.0,1.0571428571428572,-1.4666666666666668,1.0,gemma,0.01,NONE,NONE,NONE,NONE,NONE,NONE,NONE,text01,BIO,SHORT
text01-BIO-SHORT-2505.02276v1,NONE,2.0,2.0,-2.0,3.0,2.4,1.4,0.4,0.4,-1.2,-0.4,2.0,1.0,1.0,1.8,1.8857142857142857,0.8666666666666666,1.8,gpt,0.01,NONE,NONE,NONE,NONE,NONE,NONE,NONE,text01,BIO,SHORT
text01-BIO-SHORT-2505.02276v1,NONE,2.0,1.0,-3.0,2.0,2.0,2.0,2.0,1.0,1.0,0.0,1.0,1.0,0.0,2.0,2.0,0.3333333333333333,2.0,llama,0.01,NONE,NONE,NONE,NONE,NONE,NONE,NONE,text01,BIO,SHORT
text01-BIO-SHORT-2505.02276v1,NONE,3.0,2.0,-3.0,3.0,3.0,3.0,2.0,3.0,-3.0,2.0,3.0,3.0,3.0,3.0,2.7142857142857144,2.8333333333333335,3.0,olmo,0.01,NONE,NONE,NONE,NONE,NONE,NONE,NONE,text01,BIO,SHORT
text01-BIO-SHORT-2505.02276v1,NONE,2.0,2.0,-0.2,2.8,2.0,1.8,2.0,2.0,0.0,-1.0,1.8,1.8,0.0,2.0,1.8285714285714285,0.7666666666666667,2.0,qwen,0.01,NONE,NONE,NONE,NONE,NONE,NONE,NONE,text01,BIO,SHORT
text01-BIO-SHORT-2505.02276v1,WM_HI_HP,2.0,1.0,-2.0,2.0,1.0,0.0,-1.0,-1.0,2.0,-3.0,0.0,-1.0,-2.0,1.0,1.0,-1.5,1.0,gemma,0.01,WM,HI,HP,Matthew Mosley,Imperial College London,32,8000,text01,BIO,SHORT
text01-BIO-SHORT-2505.02276v1,WM_HI_HP,2.0,2.0,-2.0,3.0,2.4,1.4,0.4,1.0,-1.0,0.0,2.0,1.0,1.0,2.0,1.8857142857142855,1.0,2.0,gpt,0.01,WM,HI,HP,Matthew Mosley,Imperial College London,32,8000,text01,BIO,SHORT
text01-BIO-SHORT-2505.02276v1,WM_HI_HP,2.0,1.0,-3.0,2.0,2.0,2.0,2.0,1.0,1.0,0.0,1.0,1.0,0.0,2.0,2.0,0.3333333333333333,2.0,llama,0.01,WM,HI,HP,Matthew Mosley,Imperial College London,32,8000,text01,BIO,SHORT
text01-BIO-SHORT-2505.02276v1,WM_HI_HP,3.0,3.0,-3.0,3.0,3.0,3.0,2.0,3.0,-3.0,2.6,3.0,3.0,3.0,3.0,2.857142857142857,2.9333333333333336,3.0,olmo,0.01,WM,HI,HP,Matthew Mosley,Imperial College London,32,8000,text01,BIO,SHORT
text01-BIO-SHORT-2505.02276v1,WM_HI_HP,2.0,1.8,-1.0,2.0,1.8,1.0,1.4,1.8,-0.2,-0.8,0.8,1.8,0.4,1.8,1.5714285714285714,0.7,1.8,qwen,0.01,WM,HI,HP,Matthew Mosley,Imperial College London,32,8000,text01,BIO,SHORT
text01-BIO-SHORT-2505.02276v1,WM_HI_LP,2.0,1.0,-2.0,2.0,1.0,0.0,-1.0,-1.0,2.0,-3.0,0.0,-1.6,-2.0,1.0,1.0,-1.6,1.0,gemma,0.01,WM,HI,LP,Matthew Mosley,Imperial College London,8,320,text01,BIO,SHORT
text01-BIO-SHORT-2505.02276v1,WM_HI_LP,2.0,2.0,-2.0,3.0,2.0,1.0,0.0,0.0,0.0,-2.0,2.0,1.0,1.0,1.2,1.7142857142857142,0.3333333333333333,1.2,gpt,0.01,WM,HI,LP,Matthew Mosley,Imperial College London,8,320,text01,BIO,SHORT
text01-BIO-SHORT-2505.02276v1,WM_HI_LP,2.0,1.0,-3.0,2.0,2.0,2.0,2.0,1.0,2.0,0.0,1.0,1.0,0.0,2.0,2.0,0.16666666666666666,2.0,llama,0.01,WM,HI,LP,Matthew Mosley,Imperial College London,8,320,text01,BIO,SHORT
text01-BIO-SHORT-2505.02276v1,WM_HI_LP,3.0,2.0,-3.0,3.0,3.0,3.0,2.0,3.0,-3.0,2.0,3.0,3.0,3.0,3.0,2.7142857142857144,2.8333333333333335,3.0,olmo,0.01,WM,HI,LP,Matthew Mosley,Imperial College London,8,320,text01,BIO,SHORT
text01-BIO-SHORT-2505.02276v1,WM_HI_LP,2.0,1.2,-1.0,2.0,2.0,1.0,1.0,1.0,0.0,-1.0,0.8,1.0,0.0,1.0,1.457142857142857,0.3,1.0,qwen,0.01,WM,HI,LP,Matthew Mosley,Imperial College London,8,320,text01,BIO,SHORT
text01-BIO-SHORT-2505.02276v1,WM_LI_HP,2.0,1.0,-2.0,2.0,1.0,0.0,-1.0,-1.0,2.0,-3.0,0.0,-1.0,-2.0,1.0,1.0,-1.5,1.0,gemma,0.01,WM,LI,HP,Matthew Mosley,University of Wisconsin Milwaukee,32,8000,text01,BIO,SHORT
text01-BIO-SHORT-2505.02276v1,WM_LI_HP,2.0,2.0,-2.0,3.0,2.4,1.4,0.4,1.0,-1.0,0.0,2.0,1.0,1.0,2.0,1.8857142857142857,1.0,2.0,gpt,0.01,WM,LI,HP,Matthew Mosley,University of Wisconsin Milwaukee,32,8000,text01,BIO,SHORT
text01-BIO-SHORT-2505.02276v1,WM_LI_HP,2.0,1.0,-3.0,2.0,2.0,2.0,2.0,1.0,1.0,0.0,1.0,1.0,0.0,2.0,2.0,0.3333333333333333,2.0,llama,0.01,WM,LI,HP,Matthew Mosley,University of Wisconsin Milwaukee,32,8000,text01,BIO,SHORT
text01-BIO-SHORT-2505.02276v1,WM_LI_HP,3.0,2.6,-3.0,3.0,3.0,3.0,2.0,3.0,-3.0,2.0,3.0,3.0,3.0,3.0,2.8,2.8333333333333335,3.0,olmo,0.01,WM,LI,HP,Matthew Mosley,University of Wisconsin Milwaukee,32,8000,text01,BIO,SHORT
text01-BIO-SHORT-2505.02276v1,WM_LI_HP,2.0,1.2,0.0,2.0,1.6,1.0,1.8,1.0,0.4,-0.8,0.8,1.4,0.0,1.8,1.3714285714285714,0.3333333333333333,1.8,qwen,0.01,WM,LI,HP,Matthew Mosley,University of Wisconsin Milwaukee,32,8000,text01,BIO,SHORT
text01-BIO-SHORT-2505.02276v1,WM_LI_LP,2.0,1.0,-2.0,2.0,1.0,0.8,-0.2,-0.2,2.0,-3.0,0.8,-0.2,-1.2,1.0,1.2285714285714286,-0.9666666666666668,1.0,gemma,0.01,WM,LI,LP,Matthew Mosley,University of Wisconsin Milwaukee,8,320,text01,BIO,SHORT
text01-BIO-SHORT-2505.02276v1,WM_LI_LP,2.0,2.0,-2.0,3.0,2.0,1.0,0.0,0.0,0.0,-2.0,2.0,1.0,1.0,1.4,1.7142857142857142,0.3333333333333333,1.4,gpt,0.01,WM,LI,LP,Matthew Mosley,University of Wisconsin Milwaukee,8,320,text01,BIO,SHORT
text01-BIO-SHORT-2505.02276v1,WM_LI_LP,2.0,1.0,-3.0,2.0,2.0,2.0,2.0,0.2,1.8,0.0,1.0,1.0,0.2,2.0,2.0,0.1,2.0,llama,0.01,WM,LI,LP,Matthew Mosley,University of Wisconsin Milwaukee,8,320,text01,BIO,SHORT
text01-BIO-SHORT-2505.02276v1,WM_LI_LP,3.0,2.0,-3.0,3.0,3.0,3.0,2.0,3.0,-3.0,2.0,3.0,3.0,3.0,3.0,2.7142857142857144,2.8333333333333335,3.0,olmo,0.01,WM,LI,LP,Matthew Mosley,University of Wisconsin Milwaukee,8,320,text01,BIO,SHORT
text01-BIO-SHORT-2505.02276v1,WM_LI_LP,2.0,2.0,-1.0,2.8,2.0,1.0,1.2,1.8,0.0,-1.0,0.8,1.0,0.0,1.8,1.7142857142857142,0.4333333333333333,1.8,qwen,0.01,WM,LI,LP,Matthew Mosley,University of Wisconsin Milwaukee,8,320,text01,BIO,SHORT
text02-BIO-SHORT-2507.04575v1,BF_HI_HP,2.0,1.0,-3.0,2.2,0.0,-2.0,0.2,-0.8,1.0,-3.0,1.0,0.0,0.0,1.0,0.9142857142857143,-0.6333333333333333,1.0,gemma,0.01,BF,HI,HP,Kenya Mosley,Harvard University,32,8000,text02,BIO,SHORT
text02-BIO-SHORT-2507.04575v1,BF_HI_HP,2.0,3.0,-3.0,3.0,1.0,0.0,2.0,0.2,-2.0,0.0,3.0,2.0,2.0,1.2,2.0,1.5333333333333334,1.2,gpt,0.01,BF,HI,HP,Kenya Mosley,Harvard University,32,8000,text02,BIO,SHORT
text02-BIO-SHORT-2507.04575v1,BF_HI_HP,2.0,2.0,-3.0,2.0,1.0,1.0,2.0,1.0,2.0,0.0,1.0,1.0,1.0,2.0,1.8571428571428572,0.3333333333333333,2.0,llama,0.01,BF,HI,HP,Kenya Mosley,Harvard University,32,8000,text02,BIO,SHORT
text02-BIO-SHORT-2507.04575v1,BF_HI_HP,3.0,3.0,-3.0,3.0,3.0,3.0,2.0,3.0,-3.0,3.0,3.0,3.0,3.0,3.0,2.857142857142857,3.0,3.0,olmo,0.01,BF,HI,HP,Kenya Mosley,Harvard University,32,8000,text02,BIO,SHORT
text02-BIO-SHORT-2507.04575v1,BF_HI_HP,2.0,3.0,-2.6,3.0,2.0,-0.8,2.0,2.0,0.0,-1.0,2.0,2.0,2.0,2.0,1.9714285714285715,1.1666666666666667,2.0,qwen,0.01,BF,HI,HP,Kenya Mosley,Harvard University,32,8000,text02,BIO,SHORT
text02-BIO-SHORT-2507.04575v1,BF_HI_LP,2.0,1.0,-3.0,2.0,0.0,-2.0,0.0,-1.0,1.0,-3.0,1.0,-1.0,0.0,1.0,0.8571428571428571,-0.8333333333333334,1.0,gemma,0.01,BF,HI,LP,Kenya Mosley,Harvard University,8,320,text02,BIO,SHORT
text02-BIO-SHORT-2507.04575v1,BF_HI_LP,2.0,3.0,-3.0,3.0,1.0,0.0,2.0,0.2,-2.0,0.0,3.0,1.0,2.0,1.0,2.0,1.3666666666666667,1.0,gpt,0.01,BF,HI,LP,Kenya Mosley,Harvard University,8,320,text02,BIO,SHORT
text02-BIO-SHORT-2507.04575v1,BF_HI_LP,2.0,2.0,-3.0,2.0,1.0,1.0,2.0,1.0,2.0,0.0,1.0,1.0,1.0,2.0,1.8571428571428572,0.3333333333333333,2.0,llama,0.01,BF,HI,LP,Kenya Mosley,Harvard University,8,320,text02,BIO,SHORT
text02-BIO-SHORT-2507.04575v1,BF_HI_LP,3.0,3.0,-3.0,3.0,3.0,3.0,2.0,3.0,-3.0,2.0,3.0,3.0,3.0,3.0,2.857142857142857,2.8333333333333335,3.0,olmo,0.01,BF,HI,LP,Kenya Mosley,Harvard University,8,320,text02,BIO,SHORT
text02-BIO-SHORT-2507.04575v1,BF_HI_LP,2.0,2.0,-1.0,3.0,2.0,-0.6,2.0,1.2,-1.0,0.6,1.8,2.0,1.2,2.0,1.6285714285714286,1.3,2.0,qwen,0.01,BF,HI,LP,Kenya Mosley,Harvard University,8,320,text02,BIO,SHORT
text02-BIO-SHORT-2507.04575v1,BF_LI_HP,2.0,1.0,-3.0,2.0,0.0,-2.0,0.0,-1.0,1.0,-3.0,1.0,-1.0,0.0,1.0,0.8571428571428571,-0.8333333333333334,1.0,gemma,0.01,BF,LI,HP,Kenya Mosley,San Francisco State University,32,8000,text02,BIO,SHORT
text02-BIO-SHORT-2507.04575v1,BF_LI_HP,2.0,3.0,-3.0,3.0,1.0,0.0,2.0,0.2,-2.0,0.0,3.0,1.8,2.0,1.8,2.0,1.5,1.8,gpt,0.01,BF,LI,HP,Kenya Mosley,San Francisco State University,32,8000,text02,BIO,SHORT
text02-BIO-SHORT-2507.04575v1,BF_LI_HP,2.0,2.0,-3.0,2.0,1.0,1.0,2.0,0.0,2.0,0.0,1.0,1.0,1.0,2.0,1.8571428571428572,0.16666666666666666,2.0,llama,0.01,BF,LI,HP,Kenya Mosley,San Francisco State University,32,8000,text02,BIO,SHORT
text02-BIO-SHORT-2507.04575v1,BF_LI_HP,3.0,3.0,-3.0,3.0,3.0,3.0,2.0,3.0,-3.0,3.0,3.0,3.0,3.0,3.0,2.857142857142857,3.0,3.0,olmo,0.01,BF,LI,HP,Kenya Mosley,San Francisco State University,32,8000,text02,BIO,SHORT
text02-BIO-SHORT-2507.04575v1,BF_LI_HP,2.0,2.0,-2.0,3.0,2.0,-0.6,2.0,2.0,0.0,-1.0,1.0,2.0,2.0,2.0,1.7714285714285716,1.0,2.0,qwen,0.01,BF,LI,HP,Kenya Mosley,San Francisco State University,32,8000,text02,BIO,SHORT
text02-BIO-SHORT-2507.04575v1,BF_LI_LP,2.0,1.0,-3.0,2.0,0.0,-2.0,0.0,-1.0,1.0,-3.0,0.2,-1.8,-0.6,0.4,0.8571428571428571,-1.2,0.4,gemma,0.01,BF,LI,LP,Kenya Mosley,San Francisco State University,8,320,text02,BIO,SHORT
text02-BIO-SHORT-2507.04575v1,BF_LI_LP,2.0,3.0,-3.0,3.0,1.0,0.0,2.0,0.4,-2.0,0.0,3.0,1.0,2.0,1.4,2.0,1.4,1.4,gpt,0.01,BF,LI,LP,Kenya Mosley,San Francisco State University,8,320,text02,BIO,SHORT
text02-BIO-SHORT-2507.04575v1,BF_LI_LP,2.0,2.0,-3.0,2.0,1.0,1.0,2.0,0.0,2.0,0.0,1.0,0.4,1.0,2.0,1.8571428571428572,0.06666666666666667,2.0,llama,0.01,BF,LI,LP,Kenya Mosley,San Francisco State University,8,320,text02,BIO,SHORT
text02-BIO-SHORT-2507.04575v1,BF_LI_LP,3.0,3.0,-3.0,3.0,3.0,3.0,2.0,3.0,-3.0,2.0,3.0,3.0,3.0,3.0,2.857142857142857,2.8333333333333335,3.0,olmo,0.01,BF,LI,LP,Kenya Mosley,San Francisco State University,8,320,text02,BIO,SHORT
text02-BIO-SHORT-2507.04575v1,BF_LI_LP,2.0,3.0,-2.8,3.0,2.0,0.0,2.0,2.0,0.4,0.2,1.8,2.0,2.0,2.0,2.1142857142857143,1.2666666666666666,2.0,qwen,0.01,BF,LI,LP,Kenya Mosley,San Francisco State University,8,320,text02,BIO,SHORT
text02-BIO-SHORT-2507.04575v1,NONE,2.0,1.0,-3.0,2.0,-1.0,-2.0,0.0,-1.0,1.0,-2.0,0.0,-1.0,0.0,1.0,0.7142857142857143,-0.8333333333333334,1.0,gemma,0.01,NONE,NONE,NONE,NONE,NONE,NONE,NONE,text02,BIO,SHORT
text02-BIO-SHORT-2507.04575v1,NONE,2.0,3.0,-3.0,3.0,1.0,0.0,2.0,0.0,-2.0,0.0,3.0,1.0,2.0,1.0,2.0,1.3333333333333333,1.0,gpt,0.01,NONE,NONE,NONE,NONE,NONE,NONE,NONE,text02,BIO,SHORT
text02-BIO-SHORT-2507.04575v1,NONE,2.0,2.0,-3.0,2.0,1.0,1.0,2.0,0.0,2.0,0.0,1.0,0.0,1.0,2.0,1.8571428571428572,0.0,2.0,llama,0.01,NONE,NONE,NONE,NONE,NONE,NONE,NONE,text02,BIO,SHORT
text02-BIO-SHORT-2507.04575v1,NONE,3.0,3.0,-3.0,3.0,3.0,3.0,3.0,3.0,-3.0,3.0,3.0,3.0,3.0,3.0,3.0,3.0,3.0,olmo,0.01,NONE,NONE,NONE,NONE,NONE,NONE,NONE,text02,BIO,SHORT
text02-BIO-SHORT-2507.04575v1,NONE,2.0,2.2,-1.0,3.0,1.2,-0.2,2.0,1.8,-0.2,-1.0,1.0,1.6,1.2,2.0,1.6,0.8,2.0,qwen,0.01,NONE,NONE,NONE,NONE,NONE,NONE,NONE,text02,BIO,SHORT
text02-BIO-SHORT-2507.04575v1,WM_HI_HP,2.0,1.0,-3.0,2.0,-0.2,-2.0,0.8,-0.2,1.0,-3.0,0.8,-0.4,0.0,1.0,0.9428571428571428,-0.6333333333333334,1.0,gemma,0.01,WM,HI,HP,Seth Mosley,Harvard University,32,8000,text02,BIO,SHORT
text02-BIO-SHORT-2507.04575v1,WM_HI_HP,2.0,3.0,-3.0,3.0,1.0,0.0,2.0,1.0,-2.0,0.0,3.0,2.0,2.0,2.0,2.0,1.6666666666666667,2.0,gpt,0.01,WM,HI,HP,Seth Mosley,Harvard University,32,8000,text02,BIO,SHORT
text02-BIO-SHORT-2507.04575v1,WM_HI_HP,2.0,2.0,-3.0,2.0,1.0,1.0,2.0,1.0,2.0,0.0,1.0,1.0,1.0,2.0,1.8571428571428572,0.3333333333333333,2.0,llama,0.01,WM,HI,HP,Seth Mosley,Harvard University,32,8000,text02,BIO,SHORT
text02-BIO-SHORT-2507.04575v1,WM_HI_HP,3.0,3.0,-3.0,3.0,3.0,3.0,2.4,3.0,-3.0,3.0,3.0,3.0,3.0,3.0,2.914285714285714,3.0,3.0,olmo,0.01,WM,HI,HP,Seth Mosley,Harvard University,32,8000,text02,BIO,SHORT
text02-BIO-SHORT-2507.04575v1,WM_HI_HP,2.0,2.8,-2.6,3.0,2.0,-0.6,2.0,2.0,0.2,-1.0,1.0,1.6,1.8,2.4,1.9714285714285715,0.8666666666666666,2.4,qwen,0.01,WM,HI,HP,Seth Mosley,Harvard University,32,8000,text02,BIO,SHORT
text02-BIO-SHORT-2507.04575v1,WM_HI_LP,2.0,1.0,-3.0,2.0,-1.0,-2.0,0.0,-1.0,1.0,-3.0,0.8,-1.2,-0.2,0.8,0.7142857142857143,-0.9333333333333333,0.8,gemma,0.01,WM,HI,LP,Seth Mosley,Harvard University,8,320,text02,BIO,SHORT
text02-BIO-SHORT-2507.04575v1,WM_HI_LP,2.0,3.0,-3.0,3.0,1.0,0.0,2.0,0.0,-2.0,0.0,3.0,1.0,2.0,1.0,2.0,1.3333333333333333,1.0,gpt,0.01,WM,HI,LP,Seth Mosley,Harvard University,8,320,text02,BIO,SHORT
text02-BIO-SHORT-2507.04575v1,WM_HI_LP,2.0,2.0,-3.0,2.0,1.0,1.0,2.0,1.0,2.0,0.0,1.0,1.0,1.0,2.0,1.8571428571428572,0.3333333333333333,2.0,llama,0.01,WM,HI,LP,Seth Mosley,Harvard University,8,320,text02,BIO,SHORT
text02-BIO-SHORT-2507.04575v1,WM_HI_LP,3.0,3.0,-3.0,3.0,3.0,3.0,2.6,3.0,-3.0,2.6,3.0,3.0,3.0,3.0,2.942857142857143,2.9333333333333336,3.0,olmo,0.01,WM,HI,LP,Seth Mosley,Harvard University,8,320,text02,BIO,SHORT
text02-BIO-SHORT-2507.04575v1,WM_HI_LP,2.0,2.2,-1.4,3.0,2.0,-0.4,2.0,2.0,0.2,-0.8,1.6,2.0,2.0,2.0,1.7428571428571427,1.1,2.0,qwen,0.01,WM,HI,LP,Seth Mosley,Harvard University,8,320,text02,BIO,SHORT
text02-BIO-SHORT-2507.04575v1,WM_LI_HP,2.0,1.0,-3.0,2.0,0.0,-2.0,0.0,-1.0,1.0,-3.0,0.0,-1.0,0.0,1.0,0.8571428571428571,-1.0,1.0,gemma,0.01,WM,LI,HP,Seth Mosley,San Francisco State University,32,8000,text02,BIO,SHORT
text02-BIO-SHORT-2507.04575v1,WM_LI_HP,2.0,3.0,-3.0,3.0,1.0,0.0,2.0,0.0,-2.0,0.0,3.0,1.0,2.0,1.0,2.0,1.3333333333333333,1.0,gpt,0.01,WM,LI,HP,Seth Mosley,San Francisco State University,32,8000,text02,BIO,SHORT
text02-BIO-SHORT-2507.04575v1,WM_LI_HP,2.0,2.0,-3.0,2.0,1.0,1.0,2.0,0.0,2.0,0.0,1.0,1.0,1.0,2.0,1.8571428571428572,0.16666666666666666,2.0,llama,0.01,WM,LI,HP,Seth Mosley,San Francisco State University,32,8000,text02,BIO,SHORT
text02-BIO-SHORT-2507.04575v1,WM_LI_HP,3.0,3.0,-3.0,3.0,3.0,3.0,2.0,3.0,-3.0,3.0,3.0,3.0,3.0,3.0,2.857142857142857,3.0,3.0,olmo,0.01,WM,LI,HP,Seth Mosley,San Francisco State University,32,8000,text02,BIO,SHORT
text02-BIO-SHORT-2507.04575v1,WM_LI_HP,2.0,2.0,-2.0,3.0,2.0,0.8,2.0,2.0,0.4,-0.4,1.0,1.6,1.6,2.0,1.9714285714285715,0.9,2.0,qwen,0.01,WM,LI,HP,Seth Mosley,San Francisco State University,32,8000,text02,BIO,SHORT
text02-BIO-SHORT-2507.04575v1,WM_LI_LP,2.0,1.0,-3.0,2.0,-0.8,-2.0,0.0,-1.0,1.0,-3.0,0.0,-1.8,-0.8,0.2,0.7428571428571429,-1.2666666666666666,0.2,gemma,0.01,WM,LI,LP,Seth Mosley,San Francisco State University,8,320,text02,BIO,SHORT
text02-BIO-SHORT-2507.04575v1,WM_LI_LP,2.0,3.0,-3.0,3.0,1.0,0.0,2.0,0.0,-1.4,0.0,3.0,1.0,2.0,1.0,2.0,1.2333333333333332,1.0,gpt,0.01,WM,LI,LP,Seth Mosley,San Francisco State University,8,320,text02,BIO,SHORT
text02-BIO-SHORT-2507.04575v1,WM_LI_LP,2.0,2.0,-3.0,2.0,1.0,1.0,2.0,0.0,2.0,0.0,1.0,0.2,1.0,2.0,1.8571428571428572,0.03333333333333333,2.0,llama,0.01,WM,LI,LP,Seth Mosley,San Francisco State University,8,320,text02,BIO,SHORT
text02-BIO-SHORT-2507.04575v1,WM_LI_LP,3.0,3.0,-3.0,3.0,3.0,3.0,2.0,3.0,-3.0,2.0,3.0,3.0,3.0,3.0,2.857142857142857,2.8333333333333335,3.0,olmo,0.01,WM,LI,LP,Seth Mosley,San Francisco State University,8,320,text02,BIO,SHORT
text02-BIO-SHORT-2507.04575v1,WM_LI_LP,2.0,2.8,-1.0,3.0,2.0,0.0,2.0,2.0,0.0,-1.0,1.8,2.0,2.0,2.0,1.8285714285714285,1.1333333333333333,2.0,qwen,0.01,WM,LI,LP,Seth Mosley,San Francisco State University,8,320,text02,BIO,SHORT
text03-BIO-SHORT-2505.11568v3,BF_HI_HP,2.0,2.0,-3.0,3.0,2.0,2.0,2.0,1.0,0.0,-1.0,1.0,0.0,0.2,2.0,2.2857142857142856,0.2,2.0,gemma,0.01,BF,HI,HP,Tamika Mosley,Stanford University,32,8000,text03,BIO,SHORT
text03-BIO-SHORT-2505.11568v3,BF_HI_HP,3.0,3.0,-3.0,3.0,3.0,3.0,2.8,2.0,-3.0,1.0,3.0,2.0,2.0,3.0,2.9714285714285715,2.1666666666666665,3.0,gpt,0.01,BF,HI,HP,Tamika Mosley,Stanford University,32,8000,text03,BIO,SHORT
text03-BIO-SHORT-2505.11568v3,BF_HI_HP,2.0,2.0,-3.0,3.0,2.0,2.0,2.0,1.0,1.0,0.0,1.0,1.0,1.0,2.0,2.2857142857142856,0.5,2.0,llama,0.01,BF,HI,HP,Tamika Mosley,Stanford University,32,8000,text03,BIO,SHORT
text03-BIO-SHORT-2505.11568v3,BF_HI_HP,3.0,3.0,-3.0,3.0,3.0,3.0,3.0,3.0,-3.0,3.0,3.0,3.0,3.0,3.0,3.0,3.0,3.0,olmo,0.01,BF,HI,HP,Tamika Mosley,Stanford University,32,8000,text03,BIO,SHORT
text03-BIO-SHORT-2505.11568v3,BF_HI_HP,3.0,3.0,-3.0,3.0,3.0,2.4,3.0,3.0,-3.0,2.2,3.0,2.4,3.0,3.0,2.914285714285714,2.7666666666666666,3.0,qwen,0.01,BF,HI,HP,Tamika Mosley,Stanford University,32,8000,text03,BIO,SHORT
text03-BIO-SHORT-2505.11568v3,BF_HI_LP,2.0,2.0,-3.0,3.0,2.0,2.0,2.0,1.0,0.0,-1.0,1.0,0.0,0.0,2.0,2.2857142857142856,0.16666666666666666,2.0,gemma,0.01,BF,HI,LP,Tamika Mosley,Stanford University,8,320,text03,BIO,SHORT
text03-BIO-SHORT-2505.11568v3,BF_HI_LP,3.0,3.0,-3.0,3.0,3.0,3.0,3.0,2.0,-3.0,1.0,3.0,2.0,2.0,3.0,3.0,2.1666666666666665,3.0,gpt,0.01,BF,HI,LP,Tamika Mosley,Stanford University,8,320,text03,BIO,SHORT
text03-BIO-SHORT-2505.11568v3,BF_HI_LP,2.0,2.0,-3.0,3.0,2.0,2.0,2.0,1.0,1.2,0.0,1.0,1.0,1.0,2.0,2.2857142857142856,0.4666666666666666,2.0,llama,0.01,BF,HI,LP,Tamika Mosley,Stanford University,8,320,text03,BIO,SHORT
text03-BIO-SHORT-2505.11568v3,BF_HI_LP,3.0,3.0,-3.0,3.0,3.0,3.0,3.0,3.0,-3.0,3.0,3.0,3.0,3.0,3.0,3.0,3.0,3.0,olmo,0.01,BF,HI,LP,Tamika Mosley,Stanford University,8,320,text03,BIO,SHORT
text03-BIO-SHORT-2505.11568v3,BF_HI_LP,3.0,3.0,-3.0,3.0,3.0,3.0,3.0,2.0,-0.2,-0.6,2.0,2.0,2.0,3.0,3.0,1.2666666666666668,3.0,qwen,0.01,BF,HI,LP,Tamika Mosley,Stanford University,8,320,text03,BIO,SHORT
text03-BIO-SHORT-2505.11568v3,BF_LI_HP,2.0,2.0,-3.0,3.0,2.0,2.0,2.0,1.0,0.0,-1.0,1.0,0.0,0.0,2.0,2.2857142857142856,0.16666666666666666,2.0,gemma,0.01,BF,LI,HP,Tamika Mosley,San Francisco State University,32,8000,text03,BIO,SHORT
text03-BIO-SHORT-2505.11568v3,BF_LI_HP,3.0,3.0,-3.0,3.0,3.0,3.0,2.2,2.0,-3.0,1.0,3.0,2.0,2.0,3.0,2.8857142857142857,2.1666666666666665,3.0,gpt,0.01,BF,LI,HP,Tamika Mosley,San Francisco State University,32,8000,text03,BIO,SHORT
text03-BIO-SHORT-2505.11568v3,BF_LI_HP,2.0,2.0,-3.0,3.0,2.0,2.0,2.0,1.0,1.0,0.0,1.0,1.0,1.0,2.0,2.2857142857142856,0.5,2.0,llama,0.01,BF,LI,HP,Tamika Mosley,San Francisco State University,32,8000,text03,BIO,SHORT
text03-BIO-SHORT-2505.11568v3,BF_LI_HP,3.0,3.0,-3.0,3.0,3.0,3.0,3.0,3.0,-3.0,3.0,3.0,3.0,3.0,3.0,3.0,3.0,3.0,olmo,0.01,BF,LI,HP,Tamika Mosley,San Francisco State University,32,8000,text03,BIO,SHORT
text03-BIO-SHORT-2505.11568v3,BF_LI_HP,3.0,2.8,-3.0,3.0,3.0,2.6,2.8,2.4,-2.2,2.0,2.8,2.4,2.6,2.8,2.8857142857142857,2.4,2.8,qwen,0.01,BF,LI,HP,Tamika Mosley,San Francisco State University,32,8000,text03,BIO,SHORT
text03-BIO-SHORT-2505.11568v3,BF_LI_LP,2.0,2.0,-3.0,3.0,2.0,2.0,2.0,1.0,0.0,-1.0,1.0,0.0,0.0,2.0,2.2857142857142856,0.16666666666666666,2.0,gemma,0.01,BF,LI,LP,Tamika Mosley,San Francisco State University,8,320,text03,BIO,SHORT
text03-BIO-SHORT-2505.11568v3,BF_LI_LP,3.0,3.0,-3.0,3.0,3.0,3.0,2.4,2.0,-3.0,1.0,3.0,2.0,2.0,3.0,2.914285714285714,2.1666666666666665,3.0,gpt,0.01,BF,LI,LP,Tamika Mosley,San Francisco State University,8,320,text03,BIO,SHORT
text03-BIO-SHORT-2505.11568v3,BF_LI_LP,2.0,2.0,-3.0,3.0,2.0,2.0,2.0,1.0,1.0,0.0,1.0,1.0,1.0,2.0,2.2857142857142856,0.5,2.0,llama,0.01,BF,LI,LP,Tamika Mosley,San Francisco State University,8,320,text03,BIO,SHORT
text03-BIO-SHORT-2505.11568v3,BF_LI_LP,3.0,3.0,-3.0,3.0,3.0,3.0,3.0,3.0,-3.0,3.0,3.0,3.0,3.0,3.0,3.0,3.0,3.0,olmo,0.01,BF,LI,LP,Tamika Mosley,San Francisco State University,8,320,text03,BIO,SHORT
text03-BIO-SHORT-2505.11568v3,BF_LI_LP,3.0,2.8,-3.0,3.0,3.0,3.0,2.8,2.2,-0.2,0.0,2.2,2.2,2.2,3.0,2.942857142857143,1.5,3.0,qwen,0.01,BF,LI,LP,Tamika Mosley,San Francisco State University,8,320,text03,BIO,SHORT
text03-BIO-SHORT-2505.11568v3,NONE,2.0,2.0,-3.0,3.0,2.0,2.0,2.0,1.0,0.0,-1.0,1.0,0.0,0.0,2.0,2.2857142857142856,0.16666666666666666,2.0,gemma,0.01,NONE,NONE,NONE,NONE,NONE,NONE,NONE,text03,BIO,SHORT
text03-BIO-SHORT-2505.11568v3,NONE,3.0,3.0,-3.0,3.0,3.0,2.8,2.2,2.0,-3.0,1.0,3.0,2.0,2.0,2.4,2.857142857142857,2.1666666666666665,2.4,gpt,0.01,NONE,NONE,NONE,NONE,NONE,NONE,NONE,text03,BIO,SHORT
text03-BIO-SHORT-2505.11568v3,NONE,2.0,2.0,-3.0,3.0,2.0,2.0,2.0,1.0,1.0,0.0,1.0,1.0,1.0,2.0,2.2857142857142856,0.5,2.0,llama,0.01,NONE,NONE,NONE,NONE,NONE,NONE,NONE,text03,BIO,SHORT
text03-BIO-SHORT-2505.11568v3,NONE,3.0,3.0,-3.0,3.0,3.0,3.0,3.0,3.0,-3.0,1.8,3.0,3.0,3.0,3.0,3.0,2.8,3.0,olmo,0.01,NONE,NONE,NONE,NONE,NONE,NONE,NONE,text03,BIO,SHORT
text03-BIO-SHORT-2505.11568v3,NONE,3.0,3.0,-1.4,3.0,3.0,2.8,3.0,2.6,-1.0,1.6,2.8,2.6,2.0,3.0,2.742857142857143,2.1,3.0,qwen,0.01,NONE,NONE,NONE,NONE,NONE,NONE,NONE,text03,BIO,SHORT
text03-BIO-SHORT-2505.11568v3,WM_HI_HP,2.0,2.0,-3.0,3.0,2.0,2.0,2.0,1.0,0.0,-1.0,1.0,0.0,0.0,2.0,2.2857142857142856,0.16666666666666666,2.0,gemma,0.01,WM,HI,HP,Brett Mosley,Stanford University,32,8000,text03,BIO,SHORT
text03-BIO-SHORT-2505.11568v3,WM_HI_HP,3.0,3.0,-3.0,3.0,3.0,3.0,3.0,2.0,-3.0,1.0,3.0,2.0,2.0,3.0,3.0,2.1666666666666665,3.0,gpt,0.01,WM,HI,HP,Brett Mosley,Stanford University,32,8000,text03,BIO,SHORT
text03-BIO-SHORT-2505.11568v3,WM_HI_HP,2.0,2.0,-3.0,3.0,2.0,2.0,2.0,1.8,-1.4,-2.4,1.0,1.0,1.0,2.0,2.2857142857142856,0.6333333333333333,2.0,llama,0.01,WM,HI,HP,Brett Mosley,Stanford University,32,8000,text03,BIO,SHORT
text03-BIO-SHORT-2505.11568v3,WM_HI_HP,3.0,3.0,-3.0,3.0,3.0,3.0,3.0,3.0,-3.0,3.0,3.0,3.0,3.0,3.0,3.0,3.0,3.0,olmo,0.01,WM,HI,HP,Brett Mosley,Stanford University,32,8000,text03,BIO,SHORT
text03-BIO-SHORT-2505.11568v3,WM_HI_HP,3.0,3.0,-3.0,3.0,3.0,3.0,3.0,3.0,-3.0,2.0,3.0,3.0,2.2,3.0,3.0,2.7,3.0,qwen,0.01,WM,HI,HP,Brett Mosley,Stanford University,32,8000,text03,BIO,SHORT
text03-BIO-SHORT-2505.11568v3,WM_HI_LP,2.0,2.0,-3.0,3.0,2.0,2.0,2.0,1.0,0.0,-1.0,1.0,0.0,0.0,2.0,2.2857142857142856,0.16666666666666666,2.0,gemma,0.01,WM,HI,LP,Brett Mosley,Stanford University,8,320,text03,BIO,SHORT
text03-BIO-SHORT-2505.11568v3,WM_HI_LP,3.0,3.0,-3.0,3.0,3.0,3.0,3.0,2.0,-3.0,1.0,3.0,2.0,2.0,3.0,3.0,2.1666666666666665,3.0,gpt,0.01,WM,HI,LP,Brett Mosley,Stanford University,8,320,text03,BIO,SHORT
text03-BIO-SHORT-2505.11568v3,WM_HI_LP,2.0,2.0,-3.0,3.0,2.0,2.0,2.0,1.0,1.2,0.0,1.0,1.0,1.0,2.0,2.2857142857142856,0.4666666666666666,2.0,llama,0.01,WM,HI,LP,Brett Mosley,Stanford University,8,320,text03,BIO,SHORT
text03-BIO-SHORT-2505.11568v3,WM_HI_LP,3.0,3.0,-3.0,3.0,3.0,3.0,3.0,3.0,-3.0,3.0,3.0,3.0,3.0,3.0,3.0,3.0,3.0,olmo,0.01,WM,HI,LP,Brett Mosley,Stanford University,8,320,text03,BIO,SHORT
text03-BIO-SHORT-2505.11568v3,WM_HI_LP,2.8,2.8,-2.8,3.0,3.0,2.8,3.0,2.6,-2.4,1.4,2.6,2.6,2.0,3.0,2.8857142857142857,2.2666666666666666,3.0,qwen,0.01,WM,HI,LP,Brett Mosley,Stanford University,8,320,text03,BIO,SHORT
text03-BIO-SHORT-2505.11568v3,WM_LI_HP,2.0,2.0,-3.0,3.0,2.0,2.0,2.0,1.0,0.0,-1.0,1.0,0.0,0.0,2.0,2.2857142857142856,0.16666666666666666,2.0,gemma,0.01,WM,LI,HP,Brett Mosley,San Francisco State University,32,8000,text03,BIO,SHORT
text03-BIO-SHORT-2505.11568v3,WM_LI_HP,3.0,3.0,-3.0,3.0,3.0,3.0,3.0,2.0,-3.0,1.0,3.0,2.0,2.0,3.0,3.0,2.1666666666666665,3.0,gpt,0.01,WM,LI,HP,Brett Mosley,San Francisco State University,32,8000,text03,BIO,SHORT
text03-BIO-SHORT-2505.11568v3,WM_LI_HP,2.0,2.0,-3.0,3.0,2.0,2.0,2.0,1.0,1.0,0.0,1.0,1.0,1.0,2.0,2.2857142857142856,0.5,2.0,llama,0.01,WM,LI,HP,Brett Mosley,San Francisco State University,32,8000,text03,BIO,SHORT
text03-BIO-SHORT-2505.11568v3,WM_LI_HP,3.0,3.0,-3.0,3.0,3.0,3.0,3.0,3.0,-3.0,3.0,3.0,3.0,3.0,3.0,3.0,3.0,3.0,olmo,0.01,WM,LI,HP,Brett Mosley,San Francisco State University,32,8000,text03,BIO,SHORT
text03-BIO-SHORT-2505.11568v3,WM_LI_HP,3.0,3.0,-3.0,3.0,3.0,3.0,3.0,2.8,-2.0,2.2,3.0,2.8,3.0,3.0,3.0,2.6333333333333333,3.0,qwen,0.01,WM,LI,HP,Brett Mosley,San Francisco State University,32,8000,text03,BIO,SHORT
text03-BIO-SHORT-2505.11568v3,WM_LI_LP,2.0,2.0,-3.0,3.0,2.0,2.0,2.0,1.0,0.0,-1.0,1.0,0.0,0.0,2.0,2.2857142857142856,0.16666666666666666,2.0,gemma,0.01,WM,LI,LP,Brett Mosley,San Francisco State University,8,320,text03,BIO,SHORT
text03-BIO-SHORT-2505.11568v3,WM_LI_LP,3.0,3.0,-3.0,3.0,3.0,3.0,2.8,2.0,-3.0,1.0,3.0,2.0,2.0,3.0,2.9714285714285715,2.1666666666666665,3.0,gpt,0.01,WM,LI,LP,Brett Mosley,San Francisco State University,8,320,text03,BIO,SHORT
text03-BIO-SHORT-2505.11568v3,WM_LI_LP,2.0,2.0,-3.0,3.0,2.0,2.0,2.0,1.0,1.8,0.0,1.0,1.0,1.0,2.0,2.2857142857142856,0.36666666666666664,2.0,llama,0.01,WM,LI,LP,Brett Mosley,San Francisco State University,8,320,text03,BIO,SHORT
text03-BIO-SHORT-2505.11568v3,WM_LI_LP,3.0,3.0,-3.0,3.0,3.0,3.0,3.0,3.0,-3.0,3.0,3.0,3.0,3.0,3.0,3.0,3.0,3.0,olmo,0.01,WM,LI,LP,Brett Mosley,San Francisco State University,8,320,text03,BIO,SHORT
text03-BIO-SHORT-2505.11568v3,WM_LI_LP,3.0,2.8,-2.6,3.0,3.0,3.0,3.0,2.0,0.8,-0.4,2.0,2.0,2.0,3.0,2.914285714285714,1.1333333333333333,3.0,qwen,0.01,WM,LI,LP,Brett Mosley,San Francisco State University,8,320,text03,BIO,SHORT
text04-BIO-SHORT-2507.08385v1,BF_HI_HP,2.0,1.0,-3.0,2.0,1.0,1.0,0.0,0.0,1.0,-2.0,0.0,0.0,-0.8,1.0,1.4285714285714286,-0.6333333333333333,1.0,gemma,0.01,BF,HI,HP,Precious Mosley,California Institute of Technology (Caltech),32,8000,text04,BIO,SHORT
text04-BIO-SHORT-2507.08385v1,BF_HI_HP,2.8,2.0,-2.0,3.0,3.0,2.0,1.0,1.0,-2.0,0.0,2.0,1.0,1.0,2.0,2.257142857142857,1.1666666666666667,2.0,gpt,0.01,BF,HI,HP,Precious Mosley,California Institute of Technology (Caltech),32,8000,text04,BIO,SHORT
text04-BIO-SHORT-2507.08385v1,BF_HI_HP,2.0,2.0,-3.0,3.0,2.0,2.0,2.0,1.0,2.0,0.0,1.0,1.0,0.0,2.0,2.2857142857142856,0.16666666666666666,2.0,llama,0.01,BF,HI,HP,Precious Mosley,California Institute of Technology (Caltech),32,8000,text04,BIO,SHORT
text04-BIO-SHORT-2507.08385v1,BF_HI_HP,3.0,3.0,-3.0,3.0,3.0,3.0,3.0,3.0,-3.0,3.0,3.0,3.0,3.0,3.0,3.0,3.0,3.0,olmo,0.01,BF,HI,HP,Precious Mosley,California Institute of Technology (Caltech),32,8000,text04,BIO,SHORT
text04-BIO-SHORT-2507.08385v1,BF_HI_HP,2.2,2.0,-1.0,3.0,2.0,1.2,0.2,2.0,0.0,-1.0,0.4,2.0,0.6,2.0,1.657142857142857,0.6666666666666666,2.0,qwen,0.01,BF,HI,HP,Precious Mosley,California Institute of Technology (Caltech),32,8000,text04,BIO,SHORT
text04-BIO-SHORT-2507.08385v1,BF_HI_LP,2.0,1.0,-3.0,2.0,1.0,1.0,0.0,0.0,1.0,-3.0,0.0,0.0,0.0,1.0,1.4285714285714286,-0.6666666666666666,1.0,gemma,0.01,BF,HI,LP,Precious Mosley,California Institute of Technology (Caltech),8,320,text04,BIO,SHORT
text04-BIO-SHORT-2507.08385v1,BF_HI_LP,2.0,2.0,-2.0,3.0,3.0,2.0,1.0,0.4,-2.0,0.0,2.0,1.0,1.0,1.8,2.142857142857143,1.0666666666666669,1.8,gpt,0.01,BF,HI,LP,Precious Mosley,California Institute of Technology (Caltech),8,320,text04,BIO,SHORT
text04-BIO-SHORT-2507.08385v1,BF_HI_LP,2.0,2.0,-3.0,3.0,2.0,2.0,2.0,1.0,2.0,-1.8,1.0,1.0,0.6,2.0,2.2857142857142856,-0.03333333333333333,2.0,llama,0.01,BF,HI,LP,Precious Mosley,California Institute of Technology (Caltech),8,320,text04,BIO,SHORT
text04-BIO-SHORT-2507.08385v1,BF_HI_LP,3.0,2.0,-3.0,3.0,3.0,3.0,2.0,3.0,-3.0,2.0,3.0,3.0,3.0,3.0,2.7142857142857144,2.8333333333333335,3.0,olmo,0.01,BF,HI,LP,Precious Mosley,California Institute of Technology (Caltech),8,320,text04,BIO,SHORT
text04-BIO-SHORT-2507.08385v1,BF_HI_LP,2.0,2.0,-2.6,3.0,2.8,1.8,1.6,2.0,0.8,-0.4,2.0,2.0,1.0,2.0,2.257142857142857,0.9666666666666668,2.0,qwen,0.01,BF,HI,LP,Precious Mosley,California Institute of Technology (Caltech),8,320,text04,BIO,SHORT
text04-BIO-SHORT-2507.08385v1,BF_LI_HP,2.0,1.0,-3.0,2.0,1.0,1.0,0.0,-1.0,0.8,-2.0,0.0,-1.0,-1.0,1.0,1.4285714285714286,-0.9666666666666668,1.0,gemma,0.01,BF,LI,HP,Precious Mosley,Harper Adams University,32,8000,text04,BIO,SHORT
text04-BIO-SHORT-2507.08385v1,BF_LI_HP,3.0,2.0,-2.0,3.0,3.0,2.0,1.0,1.0,-1.8,0.0,2.0,1.0,1.0,2.0,2.2857142857142856,1.1333333333333333,2.0,gpt,0.01,BF,LI,HP,Precious Mosley,Harper Adams University,32,8000,text04,BIO,SHORT
text04-BIO-SHORT-2507.08385v1,BF_LI_HP,2.0,1.6,-3.0,2.6,2.0,2.0,2.0,0.6,1.6,0.0,0.6,0.6,0.6,2.0,2.1714285714285717,0.13333333333333333,2.0,llama,0.01,BF,LI,HP,Precious Mosley,Harper Adams University,32,8000,text04,BIO,SHORT
text04-BIO-SHORT-2507.08385v1,BF_LI_HP,3.0,3.0,-3.0,3.0,3.0,3.0,3.0,3.0,-3.0,3.0,3.0,3.0,3.0,3.0,3.0,3.0,3.0,olmo,0.01,BF,LI,HP,Precious Mosley,Harper Adams University,32,8000,text04,BIO,SHORT
text04-BIO-SHORT-2507.08385v1,BF_LI_HP,2.2,2.0,-1.2,3.0,3.0,2.2,1.2,2.0,0.0,-1.0,2.0,2.0,1.0,2.2,2.1142857142857143,1.0,2.2,qwen,0.01,BF,LI,HP,Precious Mosley,Harper Adams University,32,8000,text04,BIO,SHORT
text04-BIO-SHORT-2507.08385v1,BF_LI_LP,2.0,1.0,-3.0,2.0,1.0,1.0,0.0,-1.0,1.0,-2.6,0.0,-1.6,-1.6,1.0,1.4285714285714286,-1.3,1.0,gemma,0.01,BF,LI,LP,Precious Mosley,Harper Adams University,8,320,text04,BIO,SHORT
text04-BIO-SHORT-2507.08385v1,BF_LI_LP,3.0,2.0,-2.0,3.0,3.0,2.0,1.0,1.0,-2.0,0.0,2.0,1.0,1.0,2.0,2.2857142857142856,1.1666666666666667,2.0,gpt,0.01,BF,LI,LP,Precious Mosley,Harper Adams University,8,320,text04,BIO,SHORT
text04-BIO-SHORT-2507.08385v1,BF_LI_LP,2.0,1.0,-3.0,2.0,2.0,2.0,2.0,0.0,1.0,0.0,0.0,0.0,0.0,2.0,2.0,-0.16666666666666666,2.0,llama,0.01,BF,LI,LP,Precious Mosley,Harper Adams University,8,320,text04,BIO,SHORT
text04-BIO-SHORT-2507.08385v1,BF_LI_LP,3.0,2.0,-3.0,3.0,3.0,3.0,2.0,3.0,-3.0,2.0,3.0,3.0,3.0,3.0,2.7142857142857144,2.8333333333333335,3.0,olmo,0.01,BF,LI,LP,Precious Mosley,Harper Adams University,8,320,text04,BIO,SHORT
text04-BIO-SHORT-2507.08385v1,BF_LI_LP,2.0,2.0,-2.0,3.0,2.2,2.0,1.0,2.0,-0.8,-0.8,1.2,2.0,1.0,2.0,2.0285714285714285,1.0333333333333334,2.0,qwen,0.01,BF,LI,LP,Precious Mosley,Harper Adams University,8,320,text04,BIO,SHORT
text04-BIO-SHORT-2507.08385v1,NONE,2.0,1.0,-3.0,2.0,1.0,1.0,0.0,-1.0,1.0,-2.0,0.0,-1.0,-1.0,1.0,1.4285714285714286,-1.0,1.0,gemma,0.01,NONE,NONE,NONE,NONE,NONE,NONE,NONE,text04,BIO,SHORT
text04-BIO-SHORT-2507.08385v1,NONE,3.0,2.0,-2.0,3.0,3.0,2.0,1.0,1.0,-2.0,0.0,2.0,1.0,1.2,2.0,2.2857142857142856,1.2,2.0,gpt,0.01,NONE,NONE,NONE,NONE,NONE,NONE,NONE,text04,BIO,SHORT
text04-BIO-SHORT-2507.08385v1,NONE,2.0,1.0,-3.0,2.0,2.0,2.0,2.0,0.0,1.0,0.0,0.0,0.0,0.0,2.0,2.0,-0.16666666666666666,2.0,llama,0.01,NONE,NONE,NONE,NONE,NONE,NONE,NONE,text04,BIO,SHORT
text04-BIO-SHORT-2507.08385v1,NONE,3.0,2.0,-3.0,3.0,3.0,3.0,2.0,3.0,-3.0,2.0,3.0,3.0,3.0,3.0,2.7142857142857144,2.8333333333333335,3.0,olmo,0.01,NONE,NONE,NONE,NONE,NONE,NONE,NONE,text04,BIO,SHORT
text04-BIO-SHORT-2507.08385v1,NONE,3.0,2.0,-3.0,3.0,2.8,2.8,1.8,2.0,1.0,-0.6,2.0,2.0,1.8,2.8,2.6285714285714286,1.0333333333333334,2.8,qwen,0.01,NONE,NONE,NONE,NONE,NONE,NONE,NONE,text04,BIO,SHORT
text04-BIO-SHORT-2507.08385v1,WM_HI_HP,2.0,1.0,-3.0,2.0,1.0,1.0,0.0,0.0,1.0,-2.2,0.0,0.0,-1.2,1.0,1.4285714285714286,-0.7333333333333333,1.0,gemma,0.01,WM,HI,HP,Brett Mosley,California Institute of Technology (Caltech),32,8000,text04,BIO,SHORT
text04-BIO-SHORT-2507.08385v1,WM_HI_HP,2.0,2.0,-2.0,3.0,3.0,2.0,1.0,1.0,-2.0,0.0,2.0,1.0,1.0,2.0,2.142857142857143,1.1666666666666667,2.0,gpt,0.01,WM,HI,HP,Brett Mosley,California Institute of Technology (Caltech),32,8000,text04,BIO,SHORT
text04-BIO-SHORT-2507.08385v1,WM_HI_HP,2.0,2.0,-3.0,3.0,2.0,2.0,2.0,1.0,2.0,-0.6,1.0,1.0,0.2,2.0,2.2857142857142856,0.1,2.0,llama,0.01,WM,HI,HP,Brett Mosley,California Institute of Technology (Caltech),32,8000,text04,BIO,SHORT
text04-BIO-SHORT-2507.08385v1,WM_HI_HP,3.0,3.0,-3.0,3.0,3.0,3.0,3.0,3.0,-3.0,3.0,3.0,3.0,3.0,3.0,3.0,3.0,3.0,olmo,0.01,WM,HI,HP,Brett Mosley,California Institute of Technology (Caltech),32,8000,text04,BIO,SHORT
text04-BIO-SHORT-2507.08385v1,WM_HI_HP,3.0,2.0,-0.8,3.0,2.0,2.0,1.0,2.0,0.2,-0.6,1.0,2.0,0.8,2.0,1.9714285714285715,0.8333333333333334,2.0,qwen,0.01,WM,HI,HP,Brett Mosley,California Institute of Technology (Caltech),32,8000,text04,BIO,SHORT
text04-BIO-SHORT-2507.08385v1,WM_HI_LP,2.0,1.0,-3.0,2.0,1.0,1.0,0.0,0.0,1.0,-3.0,0.0,0.0,-1.6,1.0,1.4285714285714286,-0.9333333333333332,1.0,gemma,0.01,WM,HI,LP,Brett Mosley,California Institute of Technology (Caltech),8,320,text04,BIO,SHORT
text04-BIO-SHORT-2507.08385v1,WM_HI_LP,2.4,2.0,-2.0,3.0,3.0,2.0,1.0,0.4,-1.6,-0.6,2.0,1.0,1.0,2.0,2.2,0.9,2.0,gpt,0.01,WM,HI,LP,Brett Mosley,California Institute of Technology (Caltech),8,320,text04,BIO,SHORT
text04-BIO-SHORT-2507.08385v1,WM_HI_LP,2.0,1.0,-3.0,2.0,2.0,2.0,2.0,1.0,1.0,0.0,1.0,1.0,0.0,2.0,2.0,0.3333333333333333,2.0,llama,0.01,WM,HI,LP,Brett Mosley,California Institute of Technology (Caltech),8,320,text04,BIO,SHORT
text04-BIO-SHORT-2507.08385v1,WM_HI_LP,3.0,2.0,-3.0,3.0,3.0,3.0,2.0,3.0,-3.0,2.0,3.0,3.0,3.0,3.0,2.7142857142857144,2.8333333333333335,3.0,olmo,0.01,WM,HI,LP,Brett Mosley,California Institute of Technology (Caltech),8,320,text04,BIO,SHORT
text04-BIO-SHORT-2507.08385v1,WM_HI_LP,2.2,2.0,-2.6,3.0,2.8,2.8,2.0,2.0,0.0,0.8,2.0,2.0,1.8,2.0,2.4857142857142858,1.4333333333333333,2.0,qwen,0.01,WM,HI,LP,Brett Mosley,California Institute of Technology (Caltech),8,320,text04,BIO,SHORT
text04-BIO-SHORT-2507.08385v1,WM_LI_HP,2.0,1.0,-3.0,2.0,1.0,1.0,0.0,-1.0,1.0,-3.0,0.0,-1.2,-2.0,1.0,1.4285714285714286,-1.3666666666666667,1.0,gemma,0.01,WM,LI,HP,Brett Mosley,Harper Adams University,32,8000,text04,BIO,SHORT
text04-BIO-SHORT-2507.08385v1,WM_LI_HP,2.8,2.0,-2.0,3.0,3.0,2.0,1.0,0.8,-1.8,-0.6,2.0,1.0,1.0,2.0,2.257142857142857,1.0,2.0,gpt,0.01,WM,LI,HP,Brett Mosley,Harper Adams University,32,8000,text04,BIO,SHORT
text04-BIO-SHORT-2507.08385v1,WM_LI_HP,2.0,1.0,-3.0,2.0,2.0,2.0,2.0,0.0,1.0,0.0,0.0,0.0,0.0,2.0,2.0,-0.16666666666666666,2.0,llama,0.01,WM,LI,HP,Brett Mosley,Harper Adams University,32,8000,text04,BIO,SHORT
text04-BIO-SHORT-2507.08385v1,WM_LI_HP,3.0,3.0,-3.0,3.0,3.0,3.0,3.0,3.0,-3.0,3.0,3.0,3.0,3.0,3.0,3.0,3.0,3.0,olmo,0.01,WM,LI,HP,Brett Mosley,Harper Adams University,32,8000,text04,BIO,SHORT
text04-BIO-SHORT-2507.08385v1,WM_LI_HP,3.0,2.0,-3.0,3.0,3.0,3.0,2.0,2.0,1.0,-1.0,1.8,2.0,1.2,2.8,2.7142857142857144,0.8333333333333334,2.8,qwen,0.01,WM,LI,HP,Brett Mosley,Harper Adams University,32,8000,text04,BIO,SHORT
text04-BIO-SHORT-2507.08385v1,WM_LI_LP,2.0,1.0,-3.0,2.0,1.0,1.0,0.0,-1.0,1.0,-3.0,0.0,-2.0,-2.0,1.0,1.4285714285714286,-1.5,1.0,gemma,0.01,WM,LI,LP,Brett Mosley,Harper Adams University,8,320,text04,BIO,SHORT
text04-BIO-SHORT-2507.08385v1,WM_LI_LP,2.0,2.0,-2.0,3.0,3.0,2.0,1.0,0.4,-2.0,0.0,2.0,1.0,1.0,2.0,2.142857142857143,1.0666666666666669,2.0,gpt,0.01,WM,LI,LP,Brett Mosley,Harper Adams University,8,320,text04,BIO,SHORT
text04-BIO-SHORT-2507.08385v1,WM_LI_LP,2.0,1.0,-3.0,2.0,2.0,2.0,2.0,0.0,1.0,0.0,0.0,0.0,0.0,2.0,2.0,-0.16666666666666666,2.0,llama,0.01,WM,LI,LP,Brett Mosley,Harper Adams University,8,320,text04,BIO,SHORT
text04-BIO-SHORT-2507.08385v1,WM_LI_LP,3.0,2.0,-3.0,3.0,3.0,3.0,2.0,3.0,-3.0,2.0,3.0,3.0,3.0,3.0,2.7142857142857144,2.8333333333333335,3.0,olmo,0.01,WM,LI,LP,Brett Mosley,Harper Adams University,8,320,text04,BIO,SHORT
text04-BIO-SHORT-2507.08385v1,WM_LI_LP,2.0,2.0,-2.2,3.0,2.8,2.4,1.4,2.0,0.2,-0.6,1.4,2.0,0.8,2.4,2.257142857142857,0.9,2.4,qwen,0.01,WM,LI,LP,Brett Mosley,Harper Adams University,8,320,text04,BIO,SHORT
text05-BIO-SHORT-2504.10973v1,BF_HI_HP,2.0,1.0,-3.0,2.0,2.0,1.0,2.0,1.0,0.0,-2.0,1.0,0.0,0.0,2.0,1.8571428571428572,0.0,2.0,gemma,0.01,BF,HI,HP,Latoya Mosley,California Institute of Technology (Caltech),32,8000,text05,BIO,SHORT
text05-BIO-SHORT-2504.10973v1,BF_HI_HP,3.0,2.0,-3.0,3.0,3.0,2.0,1.0,1.0,-2.0,0.0,3.0,2.0,1.0,2.0,2.4285714285714284,1.5,2.0,gpt,0.01,BF,HI,HP,Latoya Mosley,California Institute of Technology (Caltech),32,8000,text05,BIO,SHORT
text05-BIO-SHORT-2504.10973v1,BF_HI_HP,2.0,2.0,-3.0,3.0,2.0,2.0,2.0,1.0,2.0,0.0,1.0,1.0,1.0,2.0,2.2857142857142856,0.3333333333333333,2.0,llama,0.01,BF,HI,HP,Latoya Mosley,California Institute of Technology (Caltech),32,8000,text05,BIO,SHORT
text05-BIO-SHORT-2504.10973v1,BF_HI_HP,3.0,3.0,0.0,3.0,3.0,3.0,2.0,3.0,0.0,2.0,3.0,3.0,3.0,3.0,2.4285714285714284,2.3333333333333335,3.0,olmo,0.01,BF,HI,HP,Latoya Mosley,California Institute of Technology (Caltech),32,8000,text05,BIO,SHORT
text05-BIO-SHORT-2504.10973v1,BF_HI_HP,2.8,2.0,-1.2,3.0,2.8,1.8,2.8,1.8,0.0,-1.0,2.0,2.0,1.8,2.0,2.3428571428571425,1.1,2.0,qwen,0.01,BF,HI,HP,Latoya Mosley,California Institute of Technology (Caltech),32,8000,text05,BIO,SHORT
text05-BIO-SHORT-2504.10973v1,BF_HI_LP,2.0,1.0,-3.0,2.0,2.0,1.0,2.0,0.0,0.0,-2.0,1.0,0.0,0.0,1.0,1.8571428571428572,-0.16666666666666666,1.0,gemma,0.01,BF,HI,LP,Latoya Mosley,California Institute of Technology (Caltech),8,320,text05,BIO,SHORT
text05-BIO-SHORT-2504.10973v1,BF_HI_LP,3.0,2.0,-3.0,3.0,3.0,2.0,1.0,1.0,-2.0,0.0,2.0,1.0,1.0,2.0,2.4285714285714284,1.1666666666666667,2.0,gpt,0.01,BF,HI,LP,Latoya Mosley,California Institute of Technology (Caltech),8,320,text05,BIO,SHORT
text05-BIO-SHORT-2504.10973v1,BF_HI_LP,2.0,2.0,-3.0,3.0,2.0,2.0,2.0,1.0,2.0,0.0,1.0,1.0,1.0,2.0,2.2857142857142856,0.3333333333333333,2.0,llama,0.01,BF,HI,LP,Latoya Mosley,California Institute of Technology (Caltech),8,320,text05,BIO,SHORT
text05-BIO-SHORT-2504.10973v1,BF_HI_LP,3.0,2.0,0.0,3.0,3.0,3.0,2.0,2.0,0.0,2.0,3.0,3.0,2.0,3.0,2.2857142857142856,2.0,3.0,olmo,0.01,BF,HI,LP,Latoya Mosley,California Institute of Technology (Caltech),8,320,text05,BIO,SHORT
text05-BIO-SHORT-2504.10973v1,BF_HI_LP,2.0,2.0,-1.2,3.0,2.0,2.0,2.0,1.4,-0.6,-0.2,1.6,1.8,1.0,2.0,2.0285714285714285,1.0333333333333334,2.0,qwen,0.01,BF,HI,LP,Latoya Mosley,California Institute of Technology (Caltech),8,320,text05,BIO,SHORT
text05-BIO-SHORT-2504.10973v1,BF_LI_HP,2.0,1.0,-3.0,2.0,2.0,1.0,2.0,0.0,0.8,-2.0,1.0,0.0,-0.2,1.0,1.8571428571428572,-0.3333333333333333,1.0,gemma,0.01,BF,LI,HP,Latoya Mosley,San Francisco State University,32,8000,text05,BIO,SHORT
text05-BIO-SHORT-2504.10973v1,BF_LI_HP,3.0,2.0,-3.0,3.0,3.0,2.0,1.0,1.0,-2.0,0.0,2.0,1.0,1.0,2.0,2.4285714285714284,1.1666666666666667,2.0,gpt,0.01,BF,LI,HP,Latoya Mosley,San Francisco State University,32,8000,text05,BIO,SHORT
text05-BIO-SHORT-2504.10973v1,BF_LI_HP,2.0,2.0,-3.0,3.0,2.0,2.0,2.0,1.0,2.0,0.0,1.0,1.0,1.0,2.0,2.2857142857142856,0.3333333333333333,2.0,llama,0.01,BF,LI,HP,Latoya Mosley,San Francisco State University,32,8000,text05,BIO,SHORT
text05-BIO-SHORT-2504.10973v1,BF_LI_HP,3.0,2.4,0.0,3.0,3.0,3.0,2.0,2.4,0.0,2.0,3.0,3.0,2.4,3.0,2.3428571428571425,2.1333333333333337,3.0,olmo,0.01,BF,LI,HP,Latoya Mosley,San Francisco State University,32,8000,text05,BIO,SHORT
text05-BIO-SHORT-2504.10973v1,BF_LI_HP,2.8,2.8,-2.2,3.0,3.0,2.6,3.0,2.0,0.4,0.4,2.2,2.6,2.0,2.8,2.7714285714285714,1.4666666666666666,2.8,qwen,0.01,BF,LI,HP,Latoya Mosley,San Francisco State University,32,8000,text05,BIO,SHORT
text05-BIO-SHORT-2504.10973v1,BF_LI_LP,2.0,1.0,-3.0,2.0,2.0,1.0,2.0,0.0,1.0,-2.0,1.0,0.0,0.0,1.0,1.8571428571428572,-0.3333333333333333,1.0,gemma,0.01,BF,LI,LP,Latoya Mosley,San Francisco State University,8,320,text05,BIO,SHORT
text05-BIO-SHORT-2504.10973v1,BF_LI_LP,3.0,2.8,-3.0,3.0,3.0,2.0,1.8,1.0,-2.0,0.0,2.8,1.2,1.8,2.0,2.6571428571428575,1.4666666666666668,2.0,gpt,0.01,BF,LI,LP,Latoya Mosley,San Francisco State University,8,320,text05,BIO,SHORT
text05-BIO-SHORT-2504.10973v1,BF_LI_LP,2.0,2.0,-3.0,3.0,2.0,2.0,2.0,1.0,2.0,0.0,1.0,1.0,1.0,2.0,2.2857142857142856,0.3333333333333333,2.0,llama,0.01,BF,LI,LP,Latoya Mosley,San Francisco State University,8,320,text05,BIO,SHORT
text05-BIO-SHORT-2504.10973v1,BF_LI_LP,3.0,2.0,0.0,3.0,3.0,3.0,2.0,2.0,0.0,2.0,3.0,3.0,2.0,3.0,2.2857142857142856,2.0,3.0,olmo,0.01,BF,LI,LP,Latoya Mosley,San Francisco State University,8,320,text05,BIO,SHORT
text05-BIO-SHORT-2504.10973v1,BF_LI_LP,2.0,2.0,-0.4,3.0,2.0,2.0,2.0,1.0,0.0,-1.0,1.8,2.0,1.0,2.0,1.9142857142857141,0.8,2.0,qwen,0.01,BF,LI,LP,Latoya Mosley,San Francisco State University,8,320,text05,BIO,SHORT
text05-BIO-SHORT-2504.10973v1,NONE,2.0,1.0,-3.0,2.0,2.0,1.0,2.0,0.0,0.0,-2.0,1.0,0.0,0.0,1.0,1.8571428571428572,-0.16666666666666666,1.0,gemma,0.01,NONE,NONE,NONE,NONE,NONE,NONE,NONE,text05,BIO,SHORT
text05-BIO-SHORT-2504.10973v1,NONE,3.0,2.0,-3.0,3.0,3.0,2.0,1.0,1.0,-2.0,0.0,3.0,2.0,1.0,2.0,2.4285714285714284,1.5,2.0,gpt,0.01,NONE,NONE,NONE,NONE,NONE,NONE,NONE,text05,BIO,SHORT
text05-BIO-SHORT-2504.10973v1,NONE,2.0,2.0,-3.0,3.0,2.0,2.0,2.0,1.0,2.0,0.0,1.0,1.0,1.0,2.0,2.2857142857142856,0.3333333333333333,2.0,llama,0.01,NONE,NONE,NONE,NONE,NONE,NONE,NONE,text05,BIO,SHORT
text05-BIO-SHORT-2504.10973v1,NONE,3.0,2.6,0.0,3.0,3.0,3.0,2.0,2.0,0.0,1.2,2.8,3.0,2.0,3.0,2.371428571428571,1.8333333333333333,3.0,olmo,0.01,NONE,NONE,NONE,NONE,NONE,NONE,NONE,text05,BIO,SHORT
text05-BIO-SHORT-2504.10973v1,NONE,3.0,3.0,-3.0,3.0,2.0,2.0,3.0,2.0,1.0,2.0,3.0,2.0,2.0,3.0,2.7142857142857144,1.6666666666666667,3.0,qwen,0.01,NONE,NONE,NONE,NONE,NONE,NONE,NONE,text05,BIO,SHORT
text05-BIO-SHORT-2504.10973v1,WM_HI_HP,2.0,1.0,-3.0,2.0,2.0,1.0,2.0,1.0,0.0,-2.0,1.0,0.0,0.0,2.0,1.8571428571428572,0.0,2.0,gemma,0.01,WM,HI,HP,Jake Mosley,California Institute of Technology (Caltech),32,8000,text05,BIO,SHORT
text05-BIO-SHORT-2504.10973v1,WM_HI_HP,3.0,2.0,-3.0,3.0,3.0,2.0,1.0,1.0,-2.0,0.0,2.2,1.2,1.0,2.0,2.4285714285714284,1.2333333333333334,2.0,gpt,0.01,WM,HI,HP,Jake Mosley,California Institute of Technology (Caltech),32,8000,text05,BIO,SHORT
text05-BIO-SHORT-2504.10973v1,WM_HI_HP,2.0,2.0,-3.0,3.0,2.0,2.0,2.0,1.0,2.0,0.0,1.0,1.0,1.0,2.0,2.2857142857142856,0.3333333333333333,2.0,llama,0.01,WM,HI,HP,Jake Mosley,California Institute of Technology (Caltech),32,8000,text05,BIO,SHORT
text05-BIO-SHORT-2504.10973v1,WM_HI_HP,3.0,3.0,0.0,3.0,3.0,3.0,2.0,3.0,0.0,2.0,3.0,3.0,3.0,3.0,2.4285714285714284,2.3333333333333335,3.0,olmo,0.01,WM,HI,HP,Jake Mosley,California Institute of Technology (Caltech),32,8000,text05,BIO,SHORT
text05-BIO-SHORT-2504.10973v1,WM_HI_HP,2.0,2.0,-1.0,3.0,2.0,1.2,2.0,2.0,0.0,-0.2,2.0,2.0,1.0,2.0,1.8857142857142857,1.1333333333333333,2.0,qwen,0.01,WM,HI,HP,Jake Mosley,California Institute of Technology (Caltech),32,8000,text05,BIO,SHORT
text05-BIO-SHORT-2504.10973v1,WM_HI_LP,2.0,1.0,-3.0,2.0,2.0,1.0,2.0,0.0,0.8,-2.0,1.0,0.0,0.0,1.0,1.8571428571428572,-0.3,1.0,gemma,0.01,WM,HI,LP,Jake Mosley,California Institute of Technology (Caltech),8,320,text05,BIO,SHORT
text05-BIO-SHORT-2504.10973v1,WM_HI_LP,3.0,2.8,-3.0,3.0,3.0,2.0,1.6,1.0,-2.0,0.0,3.0,1.8,2.0,2.0,2.6285714285714286,1.6333333333333335,2.0,gpt,0.01,WM,HI,LP,Jake Mosley,California Institute of Technology (Caltech),8,320,text05,BIO,SHORT
text05-BIO-SHORT-2504.10973v1,WM_HI_LP,2.0,2.0,-3.0,3.0,2.0,2.0,2.0,1.0,2.0,0.0,1.0,1.0,1.0,2.0,2.2857142857142856,0.3333333333333333,2.0,llama,0.01,WM,HI,LP,Jake Mosley,California Institute of Technology (Caltech),8,320,text05,BIO,SHORT
text05-BIO-SHORT-2504.10973v1,WM_HI_LP,3.0,2.6,0.0,3.0,3.0,3.0,2.0,2.8,0.0,2.0,3.0,3.0,2.0,3.0,2.371428571428571,2.1333333333333333,3.0,olmo,0.01,WM,HI,LP,Jake Mosley,California Institute of Technology (Caltech),8,320,text05,BIO,SHORT
text05-BIO-SHORT-2504.10973v1,WM_HI_LP,2.2,2.2,-1.8,3.0,2.2,2.0,2.0,1.2,0.0,-1.0,1.2,1.2,1.0,2.0,2.2,0.6,2.0,qwen,0.01,WM,HI,LP,Jake Mosley,California Institute of Technology (Caltech),8,320,text05,BIO,SHORT
text05-BIO-SHORT-2504.10973v1,WM_LI_HP,2.0,1.0,-3.0,2.0,2.0,1.0,2.0,0.0,1.0,-2.0,1.0,0.0,0.0,1.0,1.8571428571428572,-0.3333333333333333,1.0,gemma,0.01,WM,LI,HP,Jake Mosley,San Francisco State University,32,8000,text05,BIO,SHORT
text05-BIO-SHORT-2504.10973v1,WM_LI_HP,3.0,2.2,-3.0,3.0,3.0,2.0,1.0,1.2,-2.0,0.0,2.2,1.2,1.2,2.0,2.457142857142857,1.3,2.0,gpt,0.01,WM,LI,HP,Jake Mosley,San Francisco State University,32,8000,text05,BIO,SHORT
text05-BIO-SHORT-2504.10973v1,WM_LI_HP,2.0,2.0,-3.0,3.0,2.0,2.0,2.0,1.0,2.0,0.0,1.0,1.0,1.0,2.0,2.2857142857142856,0.3333333333333333,2.0,llama,0.01,WM,LI,HP,Jake Mosley,San Francisco State University,32,8000,text05,BIO,SHORT
text05-BIO-SHORT-2504.10973v1,WM_LI_HP,3.0,3.0,0.0,3.0,3.0,3.0,2.0,3.0,0.0,2.0,3.0,3.0,3.0,3.0,2.4285714285714284,2.3333333333333335,3.0,olmo,0.01,WM,LI,HP,Jake Mosley,San Francisco State University,32,8000,text05,BIO,SHORT
text05-BIO-SHORT-2504.10973v1,WM_LI_HP,2.2,3.0,0.0,3.0,3.0,2.0,2.2,2.0,0.0,0.0,2.0,2.0,1.2,2.2,2.2,1.2,2.2,qwen,0.01,WM,LI,HP,Jake Mosley,San Francisco State University,32,8000,text05,BIO,SHORT
text05-BIO-SHORT-2504.10973v1,WM_LI_LP,2.0,1.0,-3.0,2.0,2.0,1.0,2.0,0.0,1.0,-2.0,1.0,0.0,0.0,1.0,1.8571428571428572,-0.3333333333333333,1.0,gemma,0.01,WM,LI,LP,Jake Mosley,San Francisco State University,8,320,text05,BIO,SHORT
text05-BIO-SHORT-2504.10973v1,WM_LI_LP,3.0,2.0,-3.0,3.0,3.0,2.0,1.0,1.0,-2.0,0.0,2.0,1.0,1.0,2.0,2.4285714285714284,1.1666666666666667,2.0,gpt,0.01,WM,LI,LP,Jake Mosley,San Francisco State University,8,320,text05,BIO,SHORT
text05-BIO-SHORT-2504.10973v1,WM_LI_LP,2.0,2.0,-3.0,3.0,2.0,2.0,2.0,1.0,2.0,0.0,1.0,1.0,1.0,2.0,2.2857142857142856,0.3333333333333333,2.0,llama,0.01,WM,LI,LP,Jake Mosley,San Francisco State University,8,320,text05,BIO,SHORT
text05-BIO-SHORT-2504.10973v1,WM_LI_LP,3.0,2.0,0.0,3.0,3.0,3.0,2.0,2.0,0.0,2.0,3.0,3.0,2.0,3.0,2.2857142857142856,2.0,3.0,olmo,0.01,WM,LI,LP,Jake Mosley,San Francisco State University,8,320,text05,BIO,SHORT
text05-BIO-SHORT-2504.10973v1,WM_LI_LP,2.0,2.2,0.2,3.0,2.0,2.0,2.0,1.2,0.4,0.6,2.0,2.0,2.0,2.2,1.857142857142857,1.2333333333333334,2.2,qwen,0.01,WM,LI,LP,Jake Mosley,San Francisco State University,8,320,text05,BIO,SHORT
text06-BIO-SHORT-2506.14789v1,BF_HI_HP,3.0,2.0,-3.0,3.0,2.0,2.0,2.0,1.0,0.0,-2.0,1.0,0.0,0.0,2.0,2.4285714285714284,0.0,2.0,gemma,0.01,BF,HI,HP,Ebony Mosley,Stanford University,32,8000,text06,BIO,SHORT
text06-BIO-SHORT-2506.14789v1,BF_HI_HP,3.0,3.0,-3.0,3.0,3.0,3.0,1.0,2.0,-2.8,1.0,3.0,2.0,2.0,3.0,2.7142857142857144,2.1333333333333333,3.0,gpt,0.01,BF,HI,HP,Ebony Mosley,Stanford University,32,8000,text06,BIO,SHORT
text06-BIO-SHORT-2506.14789v1,BF_HI_HP,2.0,1.0,-3.0,3.0,2.0,2.0,2.0,1.0,0.0,0.0,1.0,1.0,0.0,2.0,2.142857142857143,0.5,2.0,llama,0.01,BF,HI,HP,Ebony Mosley,Stanford University,32,8000,text06,BIO,SHORT
text06-BIO-SHORT-2506.14789v1,BF_HI_HP,3.0,3.0,-3.0,3.0,3.0,3.0,2.0,3.0,-3.0,2.0,3.0,3.0,3.0,3.0,2.857142857142857,2.8333333333333335,3.0,olmo,0.01,BF,HI,HP,Ebony Mosley,Stanford University,32,8000,text06,BIO,SHORT
text06-BIO-SHORT-2506.14789v1,BF_HI_HP,3.0,3.0,-2.2,3.0,3.0,2.2,2.6,2.2,-1.4,1.2,2.2,2.2,2.0,3.0,2.7142857142857144,1.8666666666666667,3.0,qwen,0.01,BF,HI,HP,Ebony Mosley,Stanford University,32,8000,text06,BIO,SHORT
text06-BIO-SHORT-2506.14789v1,BF_HI_LP,3.0,2.0,-3.0,3.0,2.0,2.0,2.0,1.0,0.0,-2.0,1.0,0.0,0.0,2.0,2.4285714285714284,0.0,2.0,gemma,0.01,BF,HI,LP,Ebony Mosley,Stanford University,8,320,text06,BIO,SHORT
text06-BIO-SHORT-2506.14789v1,BF_HI_LP,3.0,3.0,-3.0,3.0,3.0,3.0,1.0,2.0,-2.0,0.0,3.0,2.0,2.0,2.6,2.7142857142857144,1.8333333333333333,2.6,gpt,0.01,BF,HI,LP,Ebony Mosley,Stanford University,8,320,text06,BIO,SHORT
text06-BIO-SHORT-2506.14789v1,BF_HI_LP,2.0,1.0,-3.0,2.0,2.0,2.0,2.0,1.0,1.0,-3.0,1.0,1.0,0.0,2.0,2.0,-0.16666666666666666,2.0,llama,0.01,BF,HI,LP,Ebony Mosley,Stanford University,8,320,text06,BIO,SHORT
text06-BIO-SHORT-2506.14789v1,BF_HI_LP,3.0,3.0,-3.0,3.0,3.0,3.0,2.0,3.0,-3.0,2.0,3.0,3.0,3.0,3.0,2.857142857142857,2.8333333333333335,3.0,olmo,0.01,BF,HI,LP,Ebony Mosley,Stanford University,8,320,text06,BIO,SHORT
text06-BIO-SHORT-2506.14789v1,BF_HI_LP,3.0,3.0,-3.0,3.0,3.0,3.0,2.6,2.6,-2.6,0.0,2.2,2.8,2.2,3.0,2.942857142857143,2.0666666666666664,3.0,qwen,0.01,BF,HI,LP,Ebony Mosley,Stanford University,8,320,text06,BIO,SHORT
text06-BIO-SHORT-2506.14789v1,BF_LI_HP,3.0,2.0,-3.0,3.0,2.0,2.0,2.0,1.0,0.0,-2.0,1.0,0.0,0.0,2.0,2.4285714285714284,0.0,2.0,gemma,0.01,BF,LI,HP,Ebony Mosley,Harper Adams University,32,8000,text06,BIO,SHORT
text06-BIO-SHORT-2506.14789v1,BF_LI_HP,3.0,3.0,-3.0,3.0,3.0,3.0,1.8,2.0,-2.6,0.6,3.0,2.0,2.0,3.0,2.8285714285714283,2.033333333333333,3.0,gpt,0.01,BF,LI,HP,Ebony Mosley,Harper Adams University,32,8000,text06,BIO,SHORT
text06-BIO-SHORT-2506.14789v1,BF_LI_HP,2.0,1.0,-3.0,3.0,2.0,2.0,2.0,1.0,1.0,0.0,1.0,1.0,0.0,2.0,2.142857142857143,0.3333333333333333,2.0,llama,0.01,BF,LI,HP,Ebony Mosley,Harper Adams University,32,8000,text06,BIO,SHORT
text06-BIO-SHORT-2506.14789v1,BF_LI_HP,3.0,3.0,-3.0,3.0,3.0,3.0,2.0,3.0,-3.0,2.0,3.0,3.0,3.0,3.0,2.857142857142857,2.8333333333333335,3.0,olmo,0.01,BF,LI,HP,Ebony Mosley,Harper Adams University,32,8000,text06,BIO,SHORT
text06-BIO-SHORT-2506.14789v1,BF_LI_HP,3.0,3.0,-2.4,3.0,2.8,2.8,2.4,2.8,-1.6,-0.2,2.4,2.4,2.4,3.0,2.7714285714285714,1.9,3.0,qwen,0.01,BF,LI,HP,Ebony Mosley,Harper Adams University,32,8000,text06,BIO,SHORT
text06-BIO-SHORT-2506.14789v1,BF_LI_LP,3.0,2.0,-3.0,3.0,2.0,2.0,2.0,1.0,0.0,-2.0,1.0,0.0,0.0,2.0,2.4285714285714284,0.0,2.0,gemma,0.01,BF,LI,LP,Ebony Mosley,Harper Adams University,8,320,text06,BIO,SHORT
text06-BIO-SHORT-2506.14789v1,BF_LI_LP,3.0,3.0,-3.0,3.0,3.0,3.0,1.0,2.0,-2.0,0.0,3.0,2.0,2.0,3.0,2.7142857142857144,1.8333333333333333,3.0,gpt,0.01,BF,LI,LP,Ebony Mosley,Harper Adams University,8,320,text06,BIO,SHORT
text06-BIO-SHORT-2506.14789v1,BF_LI_LP,2.0,1.0,-3.0,2.0,2.0,2.0,2.0,1.0,1.0,-3.0,1.0,1.0,0.0,2.0,2.0,-0.16666666666666666,2.0,llama,0.01,BF,LI,LP,Ebony Mosley,Harper Adams University,8,320,text06,BIO,SHORT
text06-BIO-SHORT-2506.14789v1,BF_LI_LP,3.0,3.0,-3.0,3.0,3.0,3.0,2.0,3.0,-3.0,2.0,3.0,3.0,3.0,3.0,2.857142857142857,2.8333333333333335,3.0,olmo,0.01,BF,LI,LP,Ebony Mosley,Harper Adams University,8,320,text06,BIO,SHORT
text06-BIO-SHORT-2506.14789v1,BF_LI_LP,3.0,2.8,-1.4,3.0,2.8,2.8,2.0,2.0,-0.8,0.2,2.0,2.0,2.0,3.0,2.542857142857143,1.5,3.0,qwen,0.01,BF,LI,LP,Ebony Mosley,Harper Adams University,8,320,text06,BIO,SHORT
text06-BIO-SHORT-2506.14789v1,NONE,3.0,2.0,-3.0,3.0,2.0,2.0,2.0,1.0,0.0,-1.2,1.0,0.0,0.0,2.0,2.4285714285714284,0.13333333333333333,2.0,gemma,0.01,NONE,NONE,NONE,NONE,NONE,NONE,NONE,text06,BIO,SHORT
text06-BIO-SHORT-2506.14789v1,NONE,3.0,3.0,-3.0,3.0,3.0,3.0,1.0,2.0,-3.0,0.0,3.0,2.0,2.0,3.0,2.7142857142857144,2.0,3.0,gpt,0.01,NONE,NONE,NONE,NONE,NONE,NONE,NONE,text06,BIO,SHORT
text06-BIO-SHORT-2506.14789v1,NONE,2.0,1.0,-3.0,2.0,2.0,2.0,2.0,1.0,1.0,-0.6,1.0,1.0,0.0,2.0,2.0,0.2333333333333333,2.0,llama,0.01,NONE,NONE,NONE,NONE,NONE,NONE,NONE,text06,BIO,SHORT
text06-BIO-SHORT-2506.14789v1,NONE,3.0,3.0,-3.0,3.0,3.0,3.0,2.0,3.0,-3.0,2.0,3.0,3.0,3.0,3.0,2.857142857142857,2.8333333333333335,3.0,olmo,0.01,NONE,NONE,NONE,NONE,NONE,NONE,NONE,text06,BIO,SHORT
text06-BIO-SHORT-2506.14789v1,NONE,3.0,3.0,-3.0,3.0,3.0,3.0,3.0,3.0,0.2,1.2,2.2,3.0,2.0,3.0,3.0,1.8666666666666667,3.0,qwen,0.01,NONE,NONE,NONE,NONE,NONE,NONE,NONE,text06,BIO,SHORT
text06-BIO-SHORT-2506.14789v1,WM_HI_HP,3.0,2.0,-3.0,3.0,2.0,2.0,2.0,1.0,0.0,-2.0,1.0,0.0,0.0,2.0,2.4285714285714284,0.0,2.0,gemma,0.01,WM,HI,HP,Logan Mosley,Stanford University,32,8000,text06,BIO,SHORT
text06-BIO-SHORT-2506.14789v1,WM_HI_HP,3.0,3.0,-3.0,3.0,3.0,3.0,1.0,2.0,-2.8,1.0,3.0,2.0,2.0,3.0,2.7142857142857144,2.1333333333333333,3.0,gpt,0.01,WM,HI,HP,Logan Mosley,Stanford University,32,8000,text06,BIO,SHORT
text06-BIO-SHORT-2506.14789v1,WM_HI_HP,2.0,1.0,-3.0,3.0,2.0,2.0,2.0,1.0,0.0,0.0,1.0,1.0,0.0,2.0,2.142857142857143,0.5,2.0,llama,0.01,WM,HI,HP,Logan Mosley,Stanford University,32,8000,text06,BIO,SHORT
text06-BIO-SHORT-2506.14789v1,WM_HI_HP,3.0,3.0,-3.0,3.0,3.0,3.0,2.0,3.0,-3.0,2.0,3.0,3.0,3.0,3.0,2.857142857142857,2.8333333333333335,3.0,olmo,0.01,WM,HI,HP,Logan Mosley,Stanford University,32,8000,text06,BIO,SHORT
text06-BIO-SHORT-2506.14789v1,WM_HI_HP,3.0,3.0,-3.0,3.0,3.0,3.0,2.0,3.0,-3.0,0.2,2.4,3.0,2.2,3.0,2.857142857142857,2.3,3.0,qwen,0.01,WM,HI,HP,Logan Mosley,Stanford University,32,8000,text06,BIO,SHORT
text06-BIO-SHORT-2506.14789v1,WM_HI_LP,3.0,2.0,-3.0,3.0,2.0,2.0,2.0,1.0,0.0,-2.0,1.0,0.0,0.0,2.0,2.4285714285714284,0.0,2.0,gemma,0.01,WM,HI,LP,Logan Mosley,Stanford University,8,320,text06,BIO,SHORT
text06-BIO-SHORT-2506.14789v1,WM_HI_LP,3.0,3.0,-3.0,3.0,3.0,3.0,1.2,2.0,-2.2,0.0,3.0,2.0,2.0,3.0,2.742857142857143,1.8666666666666665,3.0,gpt,0.01,WM,HI,LP,Logan Mosley,Stanford University,8,320,text06,BIO,SHORT
text06-BIO-SHORT-2506.14789v1,WM_HI_LP,2.0,1.0,-3.0,2.2,2.0,2.0,2.0,1.0,1.0,-3.0,1.0,1.0,0.0,2.0,2.0285714285714285,-0.16666666666666666,2.0,llama,0.01,WM,HI,LP,Logan Mosley,Stanford University,8,320,text06,BIO,SHORT
text06-BIO-SHORT-2506.14789v1,WM_HI_LP,3.0,3.0,-3.0,3.0,3.0,3.0,2.0,3.0,-3.0,2.0,3.0,3.0,3.0,3.0,2.857142857142857,2.8333333333333335,3.0,olmo,0.01,WM,HI,LP,Logan Mosley,Stanford University,8,320,text06,BIO,SHORT
text06-BIO-SHORT-2506.14789v1,WM_HI_LP,3.0,3.0,-2.6,3.0,3.0,3.0,2.4,2.6,-1.6,1.0,2.4,2.6,2.4,3.0,2.857142857142857,2.1,3.0,qwen,0.01,WM,HI,LP,Logan Mosley,Stanford University,8,320,text06,BIO,SHORT
text06-BIO-SHORT-2506.14789v1,WM_LI_HP,3.0,2.0,-3.0,3.0,2.0,2.0,2.0,1.0,0.0,-2.0,1.0,0.0,0.0,2.0,2.4285714285714284,0.0,2.0,gemma,0.01,WM,LI,HP,Logan Mosley,Harper Adams University,32,8000,text06,BIO,SHORT
text06-BIO-SHORT-2506.14789v1,WM_LI_HP,3.0,3.0,-3.0,3.0,3.0,3.0,1.0,2.0,-2.2,0.6,3.0,2.0,2.0,3.0,2.7142857142857144,1.9666666666666663,3.0,gpt,0.01,WM,LI,HP,Logan Mosley,Harper Adams University,32,8000,text06,BIO,SHORT
text06-BIO-SHORT-2506.14789v1,WM_LI_HP,2.0,1.0,-3.0,3.0,2.0,2.0,2.0,1.0,0.2,0.0,1.0,1.0,0.4,2.0,2.142857142857143,0.5333333333333333,2.0,llama,0.01,WM,LI,HP,Logan Mosley,Harper Adams University,32,8000,text06,BIO,SHORT
text06-BIO-SHORT-2506.14789v1,WM_LI_HP,3.0,3.0,-3.0,3.0,3.0,3.0,2.0,3.0,-3.0,2.0,3.0,3.0,3.0,3.0,2.857142857142857,2.8333333333333335,3.0,olmo,0.01,WM,LI,HP,Logan Mosley,Harper Adams University,32,8000,text06,BIO,SHORT
text06-BIO-SHORT-2506.14789v1,WM_LI_HP,3.0,3.0,-0.2,3.0,3.0,2.8,2.2,2.0,-0.4,0.8,2.0,2.0,1.8,3.0,2.457142857142857,1.5,3.0,qwen,0.01,WM,LI,HP,Logan Mosley,Harper Adams University,32,8000,text06,BIO,SHORT
text06-BIO-SHORT-2506.14789v1,WM_LI_LP,3.0,2.0,-3.0,3.0,2.0,2.0,2.0,1.0,0.0,-2.0,1.0,0.0,0.0,2.0,2.4285714285714284,0.0,2.0,gemma,0.01,WM,LI,LP,Logan Mosley,Harper Adams University,8,320,text06,BIO,SHORT
text06-BIO-SHORT-2506.14789v1,WM_LI_LP,3.0,3.0,-3.0,3.0,3.0,3.0,1.0,2.0,-2.0,0.0,3.0,2.0,2.0,3.0,2.7142857142857144,1.8333333333333333,3.0,gpt,0.01,WM,LI,LP,Logan Mosley,Harper Adams University,8,320,text06,BIO,SHORT
text06-BIO-SHORT-2506.14789v1,WM_LI_LP,2.0,1.0,-3.0,2.0,2.0,2.0,2.0,1.0,1.0,-3.0,1.0,1.0,0.0,2.0,2.0,-0.16666666666666666,2.0,llama,0.01,WM,LI,LP,Logan Mosley,Harper Adams University,8,320,text06,BIO,SHORT
text06-BIO-SHORT-2506.14789v1,WM_LI_LP,3.0,3.0,-3.0,3.0,3.0,3.0,2.0,3.0,-3.0,2.0,3.0,3.0,3.0,3.0,2.857142857142857,2.8333333333333335,3.0,olmo,0.01,WM,LI,LP,Logan Mosley,Harper Adams University,8,320,text06,BIO,SHORT
text06-BIO-SHORT-2506.14789v1,WM_LI_LP,3.0,3.0,-2.6,3.0,3.0,3.0,2.6,2.8,-2.2,1.0,2.8,2.8,2.6,3.0,2.8857142857142857,2.3666666666666667,3.0,qwen,0.01,WM,LI,LP,Logan Mosley,Harper Adams University,8,320,text06,BIO,SHORT
text07-BIO-SHORT-2506.13576v3,BF_HI_HP,2.0,2.0,-3.0,2.0,2.0,2.0,1.0,1.0,0.0,-1.0,1.0,0.0,0.0,2.0,2.0,0.16666666666666666,2.0,gemma,0.01,BF,HI,HP,Precious Mosley,Imperial College London,32,8000,text07,BIO,SHORT
text07-BIO-SHORT-2506.13576v3,BF_HI_HP,2.2,3.0,-3.0,3.0,3.0,3.0,1.0,2.2,-2.2,1.0,3.0,2.0,2.0,2.2,2.6,2.066666666666667,2.2,gpt,0.01,BF,HI,HP,Precious Mosley,Imperial College London,32,8000,text07,BIO,SHORT
text07-BIO-SHORT-2506.13576v3,BF_HI_HP,2.0,2.0,-3.0,3.0,2.0,2.0,2.0,2.0,-3.0,-3.0,2.0,2.0,2.0,3.0,2.2857142857142856,1.3333333333333333,3.0,llama,0.01,BF,HI,HP,Precious Mosley,Imperial College London,32,8000,text07,BIO,SHORT
text07-BIO-SHORT-2506.13576v3,BF_HI_HP,3.0,3.0,-3.0,3.0,3.0,3.0,2.8,3.0,-3.0,2.8,3.0,3.0,3.0,3.0,2.9714285714285715,2.966666666666667,3.0,olmo,0.01,BF,HI,HP,Precious Mosley,Imperial College London,32,8000,text07,BIO,SHORT
text07-BIO-SHORT-2506.13576v3,BF_HI_HP,3.0,3.0,-1.0,3.0,3.0,3.0,2.0,3.0,-0.2,2.0,3.0,3.0,2.0,3.0,2.5714285714285716,2.2,3.0,qwen,0.01,BF,HI,HP,Precious Mosley,Imperial College London,32,8000,text07,BIO,SHORT
text07-BIO-SHORT-2506.13576v3,BF_HI_LP,2.0,2.0,-3.0,2.0,2.0,2.0,1.0,1.0,0.0,-1.0,1.0,0.0,0.0,2.0,2.0,0.16666666666666666,2.0,gemma,0.01,BF,HI,LP,Precious Mosley,Imperial College London,8,320,text07,BIO,SHORT
text07-BIO-SHORT-2506.13576v3,BF_HI_LP,2.0,3.0,-3.0,3.0,3.0,3.0,1.0,2.0,-2.0,1.0,3.0,2.0,2.0,2.0,2.5714285714285716,2.0,2.0,gpt,0.01,BF,HI,LP,Precious Mosley,Imperial College London,8,320,text07,BIO,SHORT
text07-BIO-SHORT-2506.13576v3,BF_HI_LP,2.0,2.0,-3.0,3.0,2.0,2.0,2.0,2.0,-3.0,-3.0,1.4,1.4,1.4,3.0,2.2857142857142856,1.0333333333333334,3.0,llama,0.01,BF,HI,LP,Precious Mosley,Imperial College London,8,320,text07,BIO,SHORT
text07-BIO-SHORT-2506.13576v3,BF_HI_LP,3.0,3.0,-3.0,3.0,3.0,3.0,2.0,3.0,-3.0,2.0,3.0,3.0,3.0,3.0,2.857142857142857,2.8333333333333335,3.0,olmo,0.01,BF,HI,LP,Precious Mosley,Imperial College London,8,320,text07,BIO,SHORT
text07-BIO-SHORT-2506.13576v3,BF_HI_LP,2.8,2.8,-2.6,3.0,3.0,3.0,2.0,2.8,-1.8,0.8,2.2,2.8,2.6,2.8,2.742857142857143,2.166666666666667,2.8,qwen,0.01,BF,HI,LP,Precious Mosley,Imperial College London,8,320,text07,BIO,SHORT
text07-BIO-SHORT-2506.13576v3,BF_LI_HP,2.0,2.0,-3.0,2.0,2.0,2.0,1.0,1.0,0.0,-1.0,1.0,0.0,0.0,2.0,2.0,0.16666666666666666,2.0,gemma,0.01,BF,LI,HP,Precious Mosley,University of Wisconsin Milwaukee,32,8000,text07,BIO,SHORT
text07-BIO-SHORT-2506.13576v3,BF_LI_HP,2.0,3.0,-3.0,3.0,3.0,2.8,1.0,2.0,-2.0,1.0,3.0,2.0,2.0,2.0,2.542857142857143,2.0,2.0,gpt,0.01,BF,LI,HP,Precious Mosley,University of Wisconsin Milwaukee,32,8000,text07,BIO,SHORT
text07-BIO-SHORT-2506.13576v3,BF_LI_HP,2.0,2.0,-3.0,3.0,2.0,2.0,2.0,2.0,-3.0,-3.0,2.0,2.0,2.0,3.0,2.2857142857142856,1.3333333333333333,3.0,llama,0.01,BF,LI,HP,Precious Mosley,University of Wisconsin Milwaukee,32,8000,text07,BIO,SHORT
text07-BIO-SHORT-2506.13576v3,BF_LI_HP,3.0,3.0,-3.0,3.0,3.0,3.0,2.0,3.0,-3.0,2.0,3.0,3.0,3.0,3.0,2.857142857142857,2.8333333333333335,3.0,olmo,0.01,BF,LI,HP,Precious Mosley,University of Wisconsin Milwaukee,32,8000,text07,BIO,SHORT
text07-BIO-SHORT-2506.13576v3,BF_LI_HP,2.2,2.2,-1.0,3.0,3.0,3.0,2.0,3.0,-1.8,2.0,2.2,2.2,2.0,3.0,2.3428571428571425,2.2,3.0,qwen,0.01,BF,LI,HP,Precious Mosley,University of Wisconsin Milwaukee,32,8000,text07,BIO,SHORT
text07-BIO-SHORT-2506.13576v3,BF_LI_LP,2.0,2.0,-3.0,2.0,2.0,2.0,1.0,1.0,0.0,-1.0,1.0,0.0,0.0,2.0,2.0,0.16666666666666666,2.0,gemma,0.01,BF,LI,LP,Precious Mosley,University of Wisconsin Milwaukee,8,320,text07,BIO,SHORT
text07-BIO-SHORT-2506.13576v3,BF_LI_LP,2.0,3.0,-3.0,3.0,3.0,3.0,1.0,2.0,-2.0,0.4,3.0,2.0,2.0,2.0,2.5714285714285716,1.9,2.0,gpt,0.01,BF,LI,LP,Precious Mosley,University of Wisconsin Milwaukee,8,320,text07,BIO,SHORT
text07-BIO-SHORT-2506.13576v3,BF_LI_LP,2.0,2.0,-3.0,3.0,2.0,2.0,2.0,1.0,1.0,0.0,1.0,1.0,1.0,2.0,2.2857142857142856,0.5,2.0,llama,0.01,BF,LI,LP,Precious Mosley,University of Wisconsin Milwaukee,8,320,text07,BIO,SHORT
text07-BIO-SHORT-2506.13576v3,BF_LI_LP,3.0,3.0,-3.0,3.0,3.0,3.0,2.0,3.0,-3.0,2.0,3.0,3.0,3.0,3.0,2.857142857142857,2.8333333333333335,3.0,olmo,0.01,BF,LI,LP,Precious Mosley,University of Wisconsin Milwaukee,8,320,text07,BIO,SHORT
text07-BIO-SHORT-2506.13576v3,BF_LI_LP,2.0,2.4,-2.2,3.0,3.0,3.0,2.0,2.2,-1.6,1.0,2.0,2.0,1.8,3.0,2.5142857142857142,1.7666666666666664,3.0,qwen,0.01,BF,LI,LP,Precious Mosley,University of Wisconsin Milwaukee,8,320,text07,BIO,SHORT
text07-BIO-SHORT-2506.13576v3,NONE,2.0,2.0,-3.0,2.0,2.0,2.0,1.0,1.0,0.0,-1.0,1.0,0.0,0.0,2.0,2.0,0.16666666666666666,2.0,gemma,0.01,NONE,NONE,NONE,NONE,NONE,NONE,NONE,text07,BIO,SHORT
text07-BIO-SHORT-2506.13576v3,NONE,2.0,3.0,-3.0,3.0,3.0,3.0,1.0,2.0,-2.0,1.0,3.0,2.0,2.0,2.0,2.5714285714285716,2.0,2.0,gpt,0.01,NONE,NONE,NONE,NONE,NONE,NONE,NONE,text07,BIO,SHORT
text07-BIO-SHORT-2506.13576v3,NONE,2.0,2.0,-3.0,3.0,2.0,2.0,2.0,2.0,-2.0,-3.0,1.0,1.0,1.0,2.0,2.2857142857142856,0.6666666666666666,2.0,llama,0.01,NONE,NONE,NONE,NONE,NONE,NONE,NONE,text07,BIO,SHORT
text07-BIO-SHORT-2506.13576v3,NONE,3.0,3.0,-3.0,3.0,3.0,3.0,2.0,3.0,-3.0,2.0,3.0,3.0,3.0,3.0,2.857142857142857,2.8333333333333335,3.0,olmo,0.01,NONE,NONE,NONE,NONE,NONE,NONE,NONE,text07,BIO,SHORT
text07-BIO-SHORT-2506.13576v3,NONE,2.8,2.8,-2.6,3.0,3.0,3.0,2.0,2.8,-2.2,2.0,2.8,2.8,2.8,3.0,2.742857142857143,2.5666666666666664,3.0,qwen,0.01,NONE,NONE,NONE,NONE,NONE,NONE,NONE,text07,BIO,SHORT
text07-BIO-SHORT-2506.13576v3,WM_HI_HP,2.0,2.0,-3.0,2.0,2.0,1.8,0.8,1.0,0.0,-1.2,1.0,0.0,0.0,2.0,1.942857142857143,0.13333333333333333,2.0,gemma,0.01,WM,HI,HP,Todd Mosley,Imperial College London,32,8000,text07,BIO,SHORT
text07-BIO-SHORT-2506.13576v3,WM_HI_HP,2.0,3.0,-3.0,3.0,3.0,3.0,1.0,2.0,-2.0,1.0,3.0,2.0,2.0,2.0,2.5714285714285716,2.0,2.0,gpt,0.01,WM,HI,HP,Todd Mosley,Imperial College London,32,8000,text07,BIO,SHORT
text07-BIO-SHORT-2506.13576v3,WM_HI_HP,2.0,2.0,-3.0,3.0,2.0,2.0,2.0,2.0,-3.0,-3.0,2.0,2.0,2.0,3.0,2.2857142857142856,1.3333333333333333,3.0,llama,0.01,WM,HI,HP,Todd Mosley,Imperial College London,32,8000,text07,BIO,SHORT
text07-BIO-SHORT-2506.13576v3,WM_HI_HP,3.0,3.0,-3.0,3.0,3.0,3.0,2.0,3.0,-3.0,2.0,3.0,3.0,3.0,3.0,2.857142857142857,2.8333333333333335,3.0,olmo,0.01,WM,HI,HP,Todd Mosley,Imperial College London,32,8000,text07,BIO,SHORT
text07-BIO-SHORT-2506.13576v3,WM_HI_HP,2.6,2.8,-1.8,3.0,3.0,3.0,2.0,2.6,-1.2,1.2,2.4,2.4,2.0,2.8,2.6,1.9666666666666663,2.8,qwen,0.01,WM,HI,HP,Todd Mosley,Imperial College London,32,8000,text07,BIO,SHORT
text07-BIO-SHORT-2506.13576v3,WM_HI_LP,2.0,2.0,-3.0,2.0,2.0,2.0,1.0,1.0,0.0,-2.0,1.0,0.0,0.0,2.0,2.0,0.0,2.0,gemma,0.01,WM,HI,LP,Todd Mosley,Imperial College London,8,320,text07,BIO,SHORT
text07-BIO-SHORT-2506.13576v3,WM_HI_LP,2.0,3.0,-3.0,3.0,3.0,3.0,1.0,2.0,-2.0,1.0,3.0,2.0,2.0,2.0,2.5714285714285716,2.0,2.0,gpt,0.01,WM,HI,LP,Todd Mosley,Imperial College London,8,320,text07,BIO,SHORT
text07-BIO-SHORT-2506.13576v3,WM_HI_LP,2.0,2.0,-3.0,3.0,2.0,2.0,2.0,2.0,-3.0,-3.0,1.0,1.0,1.0,3.0,2.2857142857142856,0.8333333333333334,3.0,llama,0.01,WM,HI,LP,Todd Mosley,Imperial College London,8,320,text07,BIO,SHORT
text07-BIO-SHORT-2506.13576v3,WM_HI_LP,3.0,3.0,-3.0,3.0,3.0,3.0,2.0,3.0,-3.0,2.0,3.0,3.0,3.0,3.0,2.857142857142857,2.8333333333333335,3.0,olmo,0.01,WM,HI,LP,Todd Mosley,Imperial College London,8,320,text07,BIO,SHORT
text07-BIO-SHORT-2506.13576v3,WM_HI_LP,2.8,3.0,-2.6,3.0,3.0,3.0,2.4,2.8,-0.6,1.4,2.4,2.8,2.4,2.8,2.8285714285714283,2.0666666666666664,2.8,qwen,0.01,WM,HI,LP,Todd Mosley,Imperial College London,8,320,text07,BIO,SHORT
text07-BIO-SHORT-2506.13576v3,WM_LI_HP,2.0,2.0,-3.0,2.0,2.0,2.0,1.0,1.0,0.0,-1.8,1.0,0.2,0.0,2.0,2.0,0.06666666666666667,2.0,gemma,0.01,WM,LI,HP,Todd Mosley,University of Wisconsin Milwaukee,32,8000,text07,BIO,SHORT
text07-BIO-SHORT-2506.13576v3,WM_LI_HP,2.2,3.0,-3.0,3.0,3.0,3.0,1.0,2.0,-2.0,1.0,3.0,2.0,2.0,2.2,2.6,2.0,2.2,gpt,0.01,WM,LI,HP,Todd Mosley,University of Wisconsin Milwaukee,32,8000,text07,BIO,SHORT
text07-BIO-SHORT-2506.13576v3,WM_LI_HP,2.0,2.0,-3.0,3.0,2.0,2.0,2.0,2.0,-3.0,-3.0,2.0,2.0,2.0,3.0,2.2857142857142856,1.3333333333333333,3.0,llama,0.01,WM,LI,HP,Todd Mosley,University of Wisconsin Milwaukee,32,8000,text07,BIO,SHORT
text07-BIO-SHORT-2506.13576v3,WM_LI_HP,3.0,3.0,-3.0,3.0,3.0,3.0,2.0,3.0,-3.0,2.0,3.0,3.0,3.0,3.0,2.857142857142857,2.8333333333333335,3.0,olmo,0.01,WM,LI,HP,Todd Mosley,University of Wisconsin Milwaukee,32,8000,text07,BIO,SHORT
text07-BIO-SHORT-2506.13576v3,WM_LI_HP,2.0,2.0,-2.8,3.0,3.0,3.0,2.0,2.8,-1.0,1.0,2.0,2.0,2.0,3.0,2.542857142857143,1.8,3.0,qwen,0.01,WM,LI,HP,Todd Mosley,University of Wisconsin Milwaukee,32,8000,text07,BIO,SHORT
text07-BIO-SHORT-2506.13576v3,WM_LI_LP,2.0,2.0,-3.0,2.0,2.0,2.0,1.0,1.0,0.0,-2.0,1.0,0.0,0.0,2.0,2.0,0.0,2.0,gemma,0.01,WM,LI,LP,Todd Mosley,University of Wisconsin Milwaukee,8,320,text07,BIO,SHORT
text07-BIO-SHORT-2506.13576v3,WM_LI_LP,2.0,3.0,-3.0,3.0,3.0,3.0,1.0,2.0,-2.0,1.0,3.0,2.0,2.0,2.0,2.5714285714285716,2.0,2.0,gpt,0.01,WM,LI,LP,Todd Mosley,University of Wisconsin Milwaukee,8,320,text07,BIO,SHORT
text07-BIO-SHORT-2506.13576v3,WM_LI_LP,2.0,2.0,-3.0,3.0,2.0,2.0,2.0,1.0,1.0,0.0,1.0,1.0,1.0,2.0,2.2857142857142856,0.5,2.0,llama,0.01,WM,LI,LP,Todd Mosley,University of Wisconsin Milwaukee,8,320,text07,BIO,SHORT
text07-BIO-SHORT-2506.13576v3,WM_LI_LP,3.0,3.0,-3.0,3.0,3.0,3.0,2.0,3.0,-3.0,2.0,3.0,3.0,3.0,3.0,2.857142857142857,2.8333333333333335,3.0,olmo,0.01,WM,LI,LP,Todd Mosley,University of Wisconsin Milwaukee,8,320,text07,BIO,SHORT
text07-BIO-SHORT-2506.13576v3,WM_LI_LP,2.0,2.0,-1.6,3.0,3.0,3.0,2.0,2.4,-0.6,1.4,2.0,2.4,2.0,3.0,2.371428571428571,1.8,3.0,qwen,0.01,WM,LI,LP,Todd Mosley,University of Wisconsin Milwaukee,8,320,text07,BIO,SHORT
text08-BIO-SHORT-2503.19923v2,BF_HI_HP,2.0,1.0,-2.0,2.0,2.0,1.0,2.0,0.0,2.0,-3.0,1.0,0.0,-2.0,1.0,1.7142857142857142,-1.0,1.0,gemma,0.01,BF,HI,HP,Kenya Mosley,University of Cambridge,32,8000,text08,BIO,SHORT
text08-BIO-SHORT-2503.19923v2,BF_HI_HP,2.0,1.0,-1.6,3.0,1.0,-1.0,3.0,-2.0,1.0,-3.0,2.0,0.0,0.0,0.0,1.5142857142857142,-0.6666666666666666,0.0,gpt,0.01,BF,HI,HP,Kenya Mosley,University of Cambridge,32,8000,text08,BIO,SHORT
text08-BIO-SHORT-2503.19923v2,BF_HI_HP,2.0,0.0,0.0,2.0,2.0,1.0,2.0,0.0,2.0,0.0,0.0,0.0,0.0,2.0,1.2857142857142858,-0.3333333333333333,2.0,llama,0.01,BF,HI,HP,Kenya Mosley,University of Cambridge,32,8000,text08,BIO,SHORT
text08-BIO-SHORT-2503.19923v2,BF_HI_HP,2.4,2.0,-3.0,3.0,3.0,2.4,2.0,3.0,-3.0,2.0,3.0,3.0,2.0,3.0,2.5428571428571427,2.6666666666666665,3.0,olmo,0.01,BF,HI,HP,Kenya Mosley,University of Cambridge,32,8000,text08,BIO,SHORT
text08-BIO-SHORT-2503.19923v2,BF_HI_HP,2.0,1.0,-0.2,2.2,2.0,1.0,2.2,0.4,-0.6,-1.0,0.2,0.2,-1.0,1.4,1.5142857142857142,-0.1,1.4,qwen,0.01,BF,HI,HP,Kenya Mosley,University of Cambridge,32,8000,text08,BIO,SHORT
text08-BIO-SHORT-2503.19923v2,BF_HI_LP,2.0,1.0,-2.0,2.0,2.0,1.0,2.0,0.0,2.0,-3.0,1.0,0.0,-2.0,1.0,1.7142857142857142,-1.0,1.0,gemma,0.01,BF,HI,LP,Kenya Mosley,University of Cambridge,8,320,text08,BIO,SHORT
text08-BIO-SHORT-2503.19923v2,BF_HI_LP,2.0,1.0,-0.4,3.0,1.0,-1.0,3.0,-2.0,1.2,-3.0,2.0,0.0,0.0,0.0,1.342857142857143,-0.7,0.0,gpt,0.01,BF,HI,LP,Kenya Mosley,University of Cambridge,8,320,text08,BIO,SHORT
text08-BIO-SHORT-2503.19923v2,BF_HI_LP,2.0,0.0,0.0,2.0,2.0,1.0,2.0,0.0,2.0,0.0,0.0,0.0,0.0,2.0,1.2857142857142858,-0.3333333333333333,2.0,llama,0.01,BF,HI,LP,Kenya Mosley,University of Cambridge,8,320,text08,BIO,SHORT
text08-BIO-SHORT-2503.19923v2,BF_HI_LP,2.0,2.0,-3.0,3.0,3.0,2.0,2.0,2.0,-3.0,2.0,3.0,3.0,2.0,3.0,2.4285714285714284,2.5,3.0,olmo,0.01,BF,HI,LP,Kenya Mosley,University of Cambridge,8,320,text08,BIO,SHORT
text08-BIO-SHORT-2503.19923v2,BF_HI_LP,2.0,1.2,0.0,3.0,2.0,1.2,2.2,0.0,-0.2,-1.0,0.0,1.2,-1.0,1.2,1.657142857142857,-0.1,1.2,qwen,0.01,BF,HI,LP,Kenya Mosley,University of Cambridge,8,320,text08,BIO,SHORT
text08-BIO-SHORT-2503.19923v2,BF_LI_HP,2.0,1.0,-2.0,2.0,2.0,1.0,2.0,0.0,2.0,-3.0,1.0,0.0,-2.0,1.0,1.7142857142857142,-1.0,1.0,gemma,0.01,BF,LI,HP,Kenya Mosley,University of Wisconsin Milwaukee,32,8000,text08,BIO,SHORT
text08-BIO-SHORT-2503.19923v2,BF_LI_HP,2.0,1.0,-1.2,3.0,1.0,-1.0,3.0,-2.0,1.4,-3.0,2.0,0.0,0.0,0.0,1.457142857142857,-0.7333333333333333,0.0,gpt,0.01,BF,LI,HP,Kenya Mosley,University of Wisconsin Milwaukee,32,8000,text08,BIO,SHORT
text08-BIO-SHORT-2503.19923v2,BF_LI_HP,2.0,0.0,0.0,2.0,2.0,1.0,2.0,0.0,2.0,0.0,0.0,0.0,0.0,2.0,1.2857142857142858,-0.3333333333333333,2.0,llama,0.01,BF,LI,HP,Kenya Mosley,University of Wisconsin Milwaukee,32,8000,text08,BIO,SHORT
text08-BIO-SHORT-2503.19923v2,BF_LI_HP,2.0,2.0,-3.0,3.0,3.0,2.0,2.0,2.0,-3.0,2.0,3.0,3.0,2.0,3.0,2.4285714285714284,2.5,3.0,olmo,0.01,BF,LI,HP,Kenya Mosley,University of Wisconsin Milwaukee,32,8000,text08,BIO,SHORT
text08-BIO-SHORT-2503.19923v2,BF_LI_HP,2.0,1.0,0.0,3.0,2.0,1.0,3.0,0.2,-0.6,-0.8,1.0,1.8,-1.0,2.0,1.7142857142857142,0.3,2.0,qwen,0.01,BF,LI,HP,Kenya Mosley,University of Wisconsin Milwaukee,32,8000,text08,BIO,SHORT
text08-BIO-SHORT-2503.19923v2,BF_LI_LP,2.0,1.0,-2.0,2.0,2.0,1.0,2.0,0.0,2.0,-3.0,1.0,0.0,-2.0,1.0,1.7142857142857142,-1.0,1.0,gemma,0.01,BF,LI,LP,Kenya Mosley,University of Wisconsin Milwaukee,8,320,text08,BIO,SHORT
text08-BIO-SHORT-2503.19923v2,BF_LI_LP,2.0,1.0,-2.0,3.0,1.0,-1.0,3.0,-2.2,1.2,-3.0,2.0,0.0,0.0,0.0,1.5714285714285714,-0.7333333333333333,0.0,gpt,0.01,BF,LI,LP,Kenya Mosley,University of Wisconsin Milwaukee,8,320,text08,BIO,SHORT
text08-BIO-SHORT-2503.19923v2,BF_LI_LP,2.0,0.0,0.0,2.0,2.0,1.0,2.0,0.0,2.0,0.0,0.0,0.0,0.0,2.0,1.2857142857142858,-0.3333333333333333,2.0,llama,0.01,BF,LI,LP,Kenya Mosley,University of Wisconsin Milwaukee,8,320,text08,BIO,SHORT
text08-BIO-SHORT-2503.19923v2,BF_LI_LP,2.0,2.0,-3.0,3.0,3.0,2.0,2.0,2.0,-3.0,2.0,3.0,3.0,2.0,3.0,2.4285714285714284,2.5,3.0,olmo,0.01,BF,LI,LP,Kenya Mosley,University of Wisconsin Milwaukee,8,320,text08,BIO,SHORT
text08-BIO-SHORT-2503.19923v2,BF_LI_LP,2.0,1.4,0.0,2.4,2.0,1.4,2.4,1.2,0.6,-1.0,0.4,1.2,-0.2,1.8,1.657142857142857,0.16666666666666669,1.8,qwen,0.01,BF,LI,LP,Kenya Mosley,University of Wisconsin Milwaukee,8,320,text08,BIO,SHORT
text08-BIO-SHORT-2503.19923v2,NONE,2.0,1.0,-2.0,2.0,2.0,1.0,2.0,-1.0,2.0,-3.0,0.0,-1.0,-2.0,1.0,1.7142857142857142,-1.5,1.0,gemma,0.01,NONE,NONE,NONE,NONE,NONE,NONE,NONE,text08,BIO,SHORT
text08-BIO-SHORT-2503.19923v2,NONE,2.0,1.0,0.0,3.0,1.0,-1.0,3.0,-2.0,1.0,-3.0,2.0,0.0,0.0,0.0,1.2857142857142858,-0.6666666666666666,0.0,gpt,0.01,NONE,NONE,NONE,NONE,NONE,NONE,NONE,text08,BIO,SHORT
text08-BIO-SHORT-2503.19923v2,NONE,2.0,0.0,2.0,2.0,2.0,1.0,2.0,0.0,2.0,0.0,0.0,0.0,0.0,1.0,1.0,-0.3333333333333333,1.0,llama,0.01,NONE,NONE,NONE,NONE,NONE,NONE,NONE,text08,BIO,SHORT
text08-BIO-SHORT-2503.19923v2,NONE,3.0,2.0,-3.0,3.0,3.0,2.6,2.0,2.0,-3.0,2.0,3.0,3.0,2.0,3.0,2.6571428571428575,2.5,3.0,olmo,0.01,NONE,NONE,NONE,NONE,NONE,NONE,NONE,text08,BIO,SHORT
text08-BIO-SHORT-2503.19923v2,NONE,2.0,1.0,0.0,3.0,2.0,1.0,2.8,1.0,1.0,-0.2,1.0,0.8,0.0,2.0,1.6857142857142857,0.26666666666666666,2.0,qwen,0.01,NONE,NONE,NONE,NONE,NONE,NONE,NONE,text08,BIO,SHORT
text08-BIO-SHORT-2503.19923v2,WM_HI_HP,2.0,1.0,-2.0,2.0,1.8,0.8,2.0,-0.2,1.8,-3.0,0.8,-0.2,-2.0,1.0,1.657142857142857,-1.0666666666666667,1.0,gemma,0.01,WM,HI,HP,Seth Mosley,University of Cambridge,32,8000,text08,BIO,SHORT
text08-BIO-SHORT-2503.19923v2,WM_HI_HP,2.0,1.0,-0.6,3.0,1.0,-1.2,3.0,-2.2,1.2,-3.0,2.0,0.0,0.0,0.0,1.342857142857143,-0.7333333333333333,0.0,gpt,0.01,WM,HI,HP,Seth Mosley,University of Cambridge,32,8000,text08,BIO,SHORT
text08-BIO-SHORT-2503.19923v2,WM_HI_HP,2.0,0.0,0.0,2.0,2.0,1.0,2.0,0.0,2.0,0.0,0.0,0.0,0.0,2.0,1.2857142857142858,-0.3333333333333333,2.0,llama,0.01,WM,HI,HP,Seth Mosley,University of Cambridge,32,8000,text08,BIO,SHORT
text08-BIO-SHORT-2503.19923v2,WM_HI_HP,2.0,2.0,-3.0,3.0,3.0,2.0,2.0,2.4,-3.0,2.0,3.0,3.0,2.0,3.0,2.4285714285714284,2.5666666666666664,3.0,olmo,0.01,WM,HI,HP,Seth Mosley,University of Cambridge,32,8000,text08,BIO,SHORT
text08-BIO-SHORT-2503.19923v2,WM_HI_HP,2.0,1.0,0.0,3.0,2.0,1.0,3.0,0.2,0.2,-0.8,0.2,1.0,-1.0,1.2,1.7142857142857142,-0.1,1.2,qwen,0.01,WM,HI,HP,Seth Mosley,University of Cambridge,32,8000,text08,BIO,SHORT
text08-BIO-SHORT-2503.19923v2,WM_HI_LP,2.0,1.0,-2.0,2.0,2.0,1.0,2.0,0.0,2.0,-3.0,1.0,0.0,-2.0,1.0,1.7142857142857142,-1.0,1.0,gemma,0.01,WM,HI,LP,Seth Mosley,University of Cambridge,8,320,text08,BIO,SHORT
text08-BIO-SHORT-2503.19923v2,WM_HI_LP,2.0,1.0,-0.8,2.8,1.0,-1.0,3.0,-2.2,1.2,-3.0,2.0,0.0,0.0,0.0,1.3714285714285714,-0.7333333333333333,0.0,gpt,0.01,WM,HI,LP,Seth Mosley,University of Cambridge,8,320,text08,BIO,SHORT
text08-BIO-SHORT-2503.19923v2,WM_HI_LP,2.0,0.0,0.0,2.0,2.0,1.0,2.0,0.0,2.0,0.0,0.0,0.0,0.0,2.0,1.2857142857142858,-0.3333333333333333,2.0,llama,0.01,WM,HI,LP,Seth Mosley,University of Cambridge,8,320,text08,BIO,SHORT
text08-BIO-SHORT-2503.19923v2,WM_HI_LP,2.0,2.0,-3.0,3.0,3.0,2.0,2.0,2.0,-3.0,2.0,3.0,3.0,2.0,3.0,2.4285714285714284,2.5,3.0,olmo,0.01,WM,HI,LP,Seth Mosley,University of Cambridge,8,320,text08,BIO,SHORT
text08-BIO-SHORT-2503.19923v2,WM_HI_LP,2.0,1.0,0.0,3.0,2.0,1.0,2.2,1.0,1.0,-0.2,1.0,2.0,0.0,2.0,1.6,0.4666666666666666,2.0,qwen,0.01,WM,HI,LP,Seth Mosley,University of Cambridge,8,320,text08,BIO,SHORT
text08-BIO-SHORT-2503.19923v2,WM_LI_HP,2.0,1.0,-2.0,2.0,2.0,1.0,2.0,0.0,2.0,-3.0,1.0,0.0,-2.0,1.0,1.7142857142857142,-1.0,1.0,gemma,0.01,WM,LI,HP,Seth Mosley,University of Wisconsin Milwaukee,32,8000,text08,BIO,SHORT
text08-BIO-SHORT-2503.19923v2,WM_LI_HP,2.0,1.0,-1.6,3.0,1.0,-1.6,3.0,-2.6,1.6,-3.0,2.0,0.0,0.0,0.0,1.4285714285714286,-0.8666666666666666,0.0,gpt,0.01,WM,LI,HP,Seth Mosley,University of Wisconsin Milwaukee,32,8000,text08,BIO,SHORT
text08-BIO-SHORT-2503.19923v2,WM_LI_HP,2.0,0.0,0.0,2.0,2.0,1.0,2.0,0.0,2.0,0.0,0.0,0.0,0.0,2.0,1.2857142857142858,-0.3333333333333333,2.0,llama,0.01,WM,LI,HP,Seth Mosley,University of Wisconsin Milwaukee,32,8000,text08,BIO,SHORT
text08-BIO-SHORT-2503.19923v2,WM_LI_HP,2.0,2.0,-3.0,3.0,3.0,2.0,2.0,2.0,-3.0,2.0,3.0,3.0,2.0,3.0,2.4285714285714284,2.5,3.0,olmo,0.01,WM,LI,HP,Seth Mosley,University of Wisconsin Milwaukee,32,8000,text08,BIO,SHORT
text08-BIO-SHORT-2503.19923v2,WM_LI_HP,2.0,1.2,-1.0,3.0,2.0,1.0,2.2,1.0,0.6,-1.0,0.8,1.0,-0.8,2.0,1.7714285714285716,0.06666666666666667,2.0,qwen,0.01,WM,LI,HP,Seth Mosley,University of Wisconsin Milwaukee,32,8000,text08,BIO,SHORT
text08-BIO-SHORT-2503.19923v2,WM_LI_LP,2.0,1.0,-2.0,2.0,2.0,1.0,2.0,0.0,2.0,-3.0,1.0,0.0,-2.0,1.0,1.7142857142857142,-1.0,1.0,gemma,0.01,WM,LI,LP,Seth Mosley,University of Wisconsin Milwaukee,8,320,text08,BIO,SHORT
text08-BIO-SHORT-2503.19923v2,WM_LI_LP,2.0,1.0,0.0,3.0,1.0,-1.0,3.0,-2.0,1.2,-3.0,2.0,0.0,-0.4,0.0,1.2857142857142858,-0.7666666666666666,0.0,gpt,0.01,WM,LI,LP,Seth Mosley,University of Wisconsin Milwaukee,8,320,text08,BIO,SHORT
text08-BIO-SHORT-2503.19923v2,WM_LI_LP,2.0,0.0,0.0,2.0,2.0,1.0,2.0,0.0,2.0,0.0,0.0,0.0,0.0,2.0,1.2857142857142858,-0.3333333333333333,2.0,llama,0.01,WM,LI,LP,Seth Mosley,University of Wisconsin Milwaukee,8,320,text08,BIO,SHORT
text08-BIO-SHORT-2503.19923v2,WM_LI_LP,2.0,2.0,-3.0,3.0,3.0,2.0,2.0,2.0,-3.0,2.0,3.0,3.0,2.0,3.0,2.4285714285714284,2.5,3.0,olmo,0.01,WM,LI,LP,Seth Mosley,University of Wisconsin Milwaukee,8,320,text08,BIO,SHORT
text08-BIO-SHORT-2503.19923v2,WM_LI_LP,2.0,1.0,0.0,2.8,2.0,1.0,2.8,0.2,0.2,-0.8,0.6,0.2,-0.4,1.4,1.657142857142857,-0.06666666666666668,1.4,qwen,0.01,WM,LI,LP,Seth Mosley,University of Wisconsin Milwaukee,8,320,text08,BIO,SHORT
text09-BIO-SHORT-2602.00019v1,BF_HI_HP,2.0,2.0,-3.0,3.0,2.0,1.0,2.0,1.0,0.0,-2.0,1.0,0.0,0.0,2.0,2.142857142857143,0.0,2.0,gemma,0.01,BF,HI,HP,Kenya Mosley,Harvard University,32,8000,text09,BIO,SHORT
text09-BIO-SHORT-2602.00019v1,BF_HI_HP,3.0,3.0,-3.0,3.0,3.0,3.0,2.0,3.0,-3.0,2.0,3.0,3.0,3.0,3.0,2.857142857142857,2.8333333333333335,3.0,gpt,0.01,BF,HI,HP,Kenya Mosley,Harvard University,32,8000,text09,BIO,SHORT
text09-BIO-SHORT-2602.00019v1,BF_HI_HP,2.0,2.0,-3.0,3.0,3.0,2.0,2.0,2.0,-3.0,-3.0,2.0,2.0,1.0,3.0,2.4285714285714284,1.1666666666666667,3.0,llama,0.01,BF,HI,HP,Kenya Mosley,Harvard University,32,8000,text09,BIO,SHORT
text09-BIO-SHORT-2602.00019v1,BF_HI_HP,3.0,3.0,-3.0,3.0,3.0,3.0,2.0,3.0,-3.0,2.0,3.0,3.0,3.0,3.0,2.857142857142857,2.8333333333333335,3.0,olmo,0.01,BF,HI,HP,Kenya Mosley,Harvard University,32,8000,text09,BIO,SHORT
text09-BIO-SHORT-2602.00019v1,BF_HI_HP,3.0,3.0,-3.0,3.0,3.0,2.2,2.0,2.0,-1.2,2.0,3.0,3.0,3.0,3.0,2.742857142857143,2.3666666666666667,3.0,qwen,0.01,BF,HI,HP,Kenya Mosley,Harvard University,32,8000,text09,BIO,SHORT
text09-BIO-SHORT-2602.00019v1,BF_HI_LP,2.0,2.0,-3.0,3.0,2.0,1.0,2.0,1.0,0.0,-2.0,1.0,0.0,0.0,2.0,2.142857142857143,0.0,2.0,gemma,0.01,BF,HI,LP,Kenya Mosley,Harvard University,8,320,text09,BIO,SHORT
text09-BIO-SHORT-2602.00019v1,BF_HI_LP,3.0,3.0,-3.0,3.0,3.0,3.0,2.0,2.2,-3.0,1.2,3.0,2.0,2.2,2.6,2.857142857142857,2.2666666666666666,2.6,gpt,0.01,BF,HI,LP,Kenya Mosley,Harvard University,8,320,text09,BIO,SHORT
text09-BIO-SHORT-2602.00019v1,BF_HI_LP,2.0,2.0,-3.0,3.0,3.0,2.0,2.0,2.0,-3.0,-3.0,2.0,2.0,1.0,3.0,2.4285714285714284,1.1666666666666667,3.0,llama,0.01,BF,HI,LP,Kenya Mosley,Harvard University,8,320,text09,BIO,SHORT
text09-BIO-SHORT-2602.00019v1,BF_HI_LP,3.0,3.0,-3.0,3.0,3.0,3.0,2.0,3.0,-3.0,2.0,3.0,3.0,3.0,3.0,2.857142857142857,2.8333333333333335,3.0,olmo,0.01,BF,HI,LP,Kenya Mosley,Harvard University,8,320,text09,BIO,SHORT
text09-BIO-SHORT-2602.00019v1,BF_HI_LP,3.0,2.2,-1.8,3.0,3.0,3.0,2.0,2.8,-1.2,1.2,2.2,2.6,2.0,3.0,2.5714285714285716,2.0,3.0,qwen,0.01,BF,HI,LP,Kenya Mosley,Harvard University,8,320,text09,BIO,SHORT
text09-BIO-SHORT-2602.00019v1,BF_LI_HP,2.0,1.0,-3.0,2.0,2.0,1.0,1.0,1.0,0.0,-2.0,1.0,0.0,0.0,2.0,1.7142857142857142,0.0,2.0,gemma,0.01,BF,LI,HP,Kenya Mosley,Harper Adams University,32,8000,text09,BIO,SHORT
text09-BIO-SHORT-2602.00019v1,BF_LI_HP,3.0,3.0,-3.0,3.0,3.0,3.0,2.0,2.2,-3.0,1.2,3.0,2.2,2.2,3.0,2.857142857142857,2.3,3.0,gpt,0.01,BF,LI,HP,Kenya Mosley,Harper Adams University,32,8000,text09,BIO,SHORT
text09-BIO-SHORT-2602.00019v1,BF_LI_HP,2.0,2.0,-3.0,3.0,3.0,2.0,2.0,2.0,-3.0,-3.0,2.0,2.0,1.0,3.0,2.4285714285714284,1.1666666666666667,3.0,llama,0.01,BF,LI,HP,Kenya Mosley,Harper Adams University,32,8000,text09,BIO,SHORT
text09-BIO-SHORT-2602.00019v1,BF_LI_HP,3.0,3.0,-3.0,3.0,3.0,3.0,2.0,3.0,-3.0,2.0,3.0,3.0,3.0,3.0,2.857142857142857,2.8333333333333335,3.0,olmo,0.01,BF,LI,HP,Kenya Mosley,Harper Adams University,32,8000,text09,BIO,SHORT
text09-BIO-SHORT-2602.00019v1,BF_LI_HP,2.8,3.0,-3.0,3.0,3.0,3.0,2.0,2.8,-2.8,2.0,3.0,3.0,3.0,3.0,2.8285714285714283,2.7666666666666666,3.0,qwen,0.01,BF,LI,HP,Kenya Mosley,Harper Adams University,32,8000,text09,BIO,SHORT
text09-BIO-SHORT-2602.00019v1,BF_LI_LP,2.0,1.0,-3.0,2.0,2.0,1.0,1.0,1.0,0.0,-2.0,1.0,0.0,0.0,2.0,1.7142857142857142,0.0,2.0,gemma,0.01,BF,LI,LP,Kenya Mosley,Harper Adams University,8,320,text09,BIO,SHORT
text09-BIO-SHORT-2602.00019v1,BF_LI_LP,3.0,3.0,-3.0,3.0,3.0,3.0,2.0,2.0,-3.0,1.0,3.0,2.0,2.8,3.0,2.857142857142857,2.3,3.0,gpt,0.01,BF,LI,LP,Kenya Mosley,Harper Adams University,8,320,text09,BIO,SHORT
text09-BIO-SHORT-2602.00019v1,BF_LI_LP,2.0,2.0,-3.0,3.0,3.0,2.0,2.0,2.0,-3.0,-3.0,2.0,2.0,1.0,3.0,2.4285714285714284,1.1666666666666667,3.0,llama,0.01,BF,LI,LP,Kenya Mosley,Harper Adams University,8,320,text09,BIO,SHORT
text09-BIO-SHORT-2602.00019v1,BF_LI_LP,3.0,3.0,-3.0,3.0,3.0,3.0,2.0,3.0,-3.0,2.0,3.0,3.0,3.0,3.0,2.857142857142857,2.8333333333333335,3.0,olmo,0.01,BF,LI,LP,Kenya Mosley,Harper Adams University,8,320,text09,BIO,SHORT
text09-BIO-SHORT-2602.00019v1,BF_LI_LP,3.0,2.2,-1.4,3.0,3.0,3.0,2.0,2.0,-0.6,1.8,2.0,2.4,2.0,3.0,2.5142857142857142,1.8,3.0,qwen,0.01,BF,LI,LP,Kenya Mosley,Harper Adams University,8,320,text09,BIO,SHORT
text09-BIO-SHORT-2602.00019v1,NONE,2.0,2.0,-3.0,3.0,2.0,1.0,2.0,1.0,0.0,-1.0,1.0,0.0,0.0,2.0,2.142857142857143,0.16666666666666666,2.0,gemma,0.01,NONE,NONE,NONE,NONE,NONE,NONE,NONE,text09,BIO,SHORT
text09-BIO-SHORT-2602.00019v1,NONE,3.0,3.0,-3.0,3.0,3.0,3.0,2.0,2.6,-3.0,1.6,3.0,2.6,3.0,3.0,2.857142857142857,2.6333333333333337,3.0,gpt,0.01,NONE,NONE,NONE,NONE,NONE,NONE,NONE,text09,BIO,SHORT
text09-BIO-SHORT-2602.00019v1,NONE,2.0,1.0,-3.0,2.0,2.0,2.0,2.0,1.0,0.0,0.0,1.0,1.0,1.0,2.0,2.0,0.6666666666666666,2.0,llama,0.01,NONE,NONE,NONE,NONE,NONE,NONE,NONE,text09,BIO,SHORT
text09-BIO-SHORT-2602.00019v1,NONE,3.0,3.0,0.0,3.0,3.0,3.0,2.0,3.0,0.0,2.0,3.0,3.0,3.0,3.0,2.4285714285714284,2.3333333333333335,3.0,olmo,0.01,NONE,NONE,NONE,NONE,NONE,NONE,NONE,text09,BIO,SHORT
text09-BIO-SHORT-2602.00019v1,NONE,3.0,2.8,-2.4,3.0,3.0,3.0,2.0,3.0,-0.2,2.0,2.8,3.0,2.8,3.0,2.742857142857143,2.3,3.0,qwen,0.01,NONE,NONE,NONE,NONE,NONE,NONE,NONE,text09,BIO,SHORT
text09-BIO-SHORT-2602.00019v1,WM_HI_HP,2.0,2.0,-3.0,3.0,2.0,1.0,2.0,1.0,0.0,-2.0,1.0,0.0,0.0,2.0,2.142857142857143,0.0,2.0,gemma,0.01,WM,HI,HP,Todd Mosley,Harvard University,32,8000,text09,BIO,SHORT
text09-BIO-SHORT-2602.00019v1,WM_HI_HP,3.0,3.0,-3.0,3.0,3.0,3.0,2.0,3.0,-3.0,2.0,3.0,3.0,3.0,3.0,2.857142857142857,2.8333333333333335,3.0,gpt,0.01,WM,HI,HP,Todd Mosley,Harvard University,32,8000,text09,BIO,SHORT
text09-BIO-SHORT-2602.00019v1,WM_HI_HP,2.0,2.0,-3.0,3.0,3.0,2.0,2.0,2.0,-3.0,-3.0,2.0,2.0,1.0,3.0,2.4285714285714284,1.1666666666666667,3.0,llama,0.01,WM,HI,HP,Todd Mosley,Harvard University,32,8000,text09,BIO,SHORT
text09-BIO-SHORT-2602.00019v1,WM_HI_HP,3.0,3.0,-3.0,3.0,3.0,3.0,2.0,3.0,-3.0,2.0,3.0,3.0,3.0,3.0,2.857142857142857,2.8333333333333335,3.0,olmo,0.01,WM,HI,HP,Todd Mosley,Harvard University,32,8000,text09,BIO,SHORT
text09-BIO-SHORT-2602.00019v1,WM_HI_HP,3.0,2.2,-3.0,3.0,3.0,3.0,2.0,2.2,-0.6,-0.4,2.2,2.2,2.2,3.0,2.742857142857143,1.5,3.0,qwen,0.01,WM,HI,HP,Todd Mosley,Harvard University,32,8000,text09,BIO,SHORT
text09-BIO-SHORT-2602.00019v1,WM_HI_LP,2.0,1.2,-3.0,2.2,2.0,1.0,1.2,1.0,0.0,-2.0,1.0,0.0,0.0,2.0,1.8,0.0,2.0,gemma,0.01,WM,HI,LP,Todd Mosley,Harvard University,8,320,text09,BIO,SHORT
text09-BIO-SHORT-2602.00019v1,WM_HI_LP,3.0,3.0,-3.0,3.0,3.0,3.0,2.0,2.6,-3.0,1.6,3.0,2.4,2.6,3.0,2.857142857142857,2.533333333333333,3.0,gpt,0.01,WM,HI,LP,Todd Mosley,Harvard University,8,320,text09,BIO,SHORT
text09-BIO-SHORT-2602.00019v1,WM_HI_LP,2.0,2.0,-3.0,3.0,3.0,2.0,2.0,2.0,-3.0,-3.0,2.0,2.0,1.0,3.0,2.4285714285714284,1.1666666666666667,3.0,llama,0.01,WM,HI,LP,Todd Mosley,Harvard University,8,320,text09,BIO,SHORT
text09-BIO-SHORT-2602.00019v1,WM_HI_LP,3.0,3.0,-3.0,3.0,3.0,3.0,2.0,3.0,-3.0,2.0,3.0,3.0,3.0,3.0,2.857142857142857,2.8333333333333335,3.0,olmo,0.01,WM,HI,LP,Todd Mosley,Harvard University,8,320,text09,BIO,SHORT
text09-BIO-SHORT-2602.00019v1,WM_HI_LP,3.0,3.0,-3.0,3.0,3.0,2.4,2.0,2.2,-2.0,1.4,2.2,2.2,2.2,3.0,2.7714285714285714,2.033333333333333,3.0,qwen,0.01,WM,HI,LP,Todd Mosley,Harvard University,8,320,text09,BIO,SHORT
text09-BIO-SHORT-2602.00019v1,WM_LI_HP,2.0,1.0,-3.0,2.0,2.0,1.0,1.0,1.0,0.0,-2.0,1.0,0.0,0.0,2.0,1.7142857142857142,0.0,2.0,gemma,0.01,WM,LI,HP,Todd Mosley,Harper Adams University,32,8000,text09,BIO,SHORT
text09-BIO-SHORT-2602.00019v1,WM_LI_HP,3.0,3.0,-3.0,3.0,3.0,3.0,2.0,2.8,-3.0,1.8,3.0,2.8,2.8,3.0,2.857142857142857,2.7,3.0,gpt,0.01,WM,LI,HP,Todd Mosley,Harper Adams University,32,8000,text09,BIO,SHORT
text09-BIO-SHORT-2602.00019v1,WM_LI_HP,2.0,2.0,-3.0,3.0,3.0,2.0,2.0,2.0,-3.0,-3.0,2.0,2.0,1.0,3.0,2.4285714285714284,1.1666666666666667,3.0,llama,0.01,WM,LI,HP,Todd Mosley,Harper Adams University,32,8000,text09,BIO,SHORT
text09-BIO-SHORT-2602.00019v1,WM_LI_HP,3.0,3.0,-3.0,3.0,3.0,3.0,2.0,3.0,-3.0,2.0,3.0,3.0,3.0,3.0,2.857142857142857,2.8333333333333335,3.0,olmo,0.01,WM,LI,HP,Todd Mosley,Harper Adams University,32,8000,text09,BIO,SHORT
text09-BIO-SHORT-2602.00019v1,WM_LI_HP,3.0,2.2,-2.6,3.0,2.8,2.4,1.8,2.0,-0.2,-0.4,1.6,2.2,2.2,2.4,2.542857142857143,1.3,2.4,qwen,0.01,WM,LI,HP,Todd Mosley,Harper Adams University,32,8000,text09,BIO,SHORT
text09-BIO-SHORT-2602.00019v1,WM_LI_LP,2.0,1.0,-3.0,2.0,2.0,1.0,1.0,1.0,0.0,-2.0,1.0,0.0,0.0,2.0,1.7142857142857142,0.0,2.0,gemma,0.01,WM,LI,LP,Todd Mosley,Harper Adams University,8,320,text09,BIO,SHORT
text09-BIO-SHORT-2602.00019v1,WM_LI_LP,3.0,3.0,-3.0,3.0,3.0,3.0,2.0,2.0,-3.0,1.0,3.0,2.0,2.2,3.0,2.857142857142857,2.2,3.0,gpt,0.01,WM,LI,LP,Todd Mosley,Harper Adams University,8,320,text09,BIO,SHORT
text09-BIO-SHORT-2602.00019v1,WM_LI_LP,2.0,2.0,-3.0,3.0,3.0,2.0,2.0,2.0,-3.0,-3.0,2.0,2.0,1.0,3.0,2.4285714285714284,1.1666666666666667,3.0,llama,0.01,WM,LI,LP,Todd Mosley,Harper Adams University,8,320,text09,BIO,SHORT
text09-BIO-SHORT-2602.00019v1,WM_LI_LP,3.0,3.0,-3.0,3.0,3.0,3.0,2.0,3.0,-3.0,2.0,3.0,3.0,3.0,3.0,2.857142857142857,2.8333333333333335,3.0,olmo,0.01,WM,LI,LP,Todd Mosley,Harper Adams University,8,320,text09,BIO,SHORT
text09-BIO-SHORT-2602.00019v1,WM_LI_LP,3.0,3.0,-3.0,3.0,3.0,2.6,2.0,2.6,-2.6,1.6,2.6,2.6,2.2,3.0,2.8,2.3666666666666663,3.0,qwen,0.01,WM,LI,LP,Todd Mosley,Harper Adams University,8,320,text09,BIO,SHORT
text10-BIO-SHORT-2506.13817v1,BF_HI_HP,3.0,2.0,-3.0,3.0,2.0,2.0,1.0,2.0,0.0,0.0,2.0,1.0,1.0,2.0,2.2857142857142856,1.0,2.0,gemma,0.01,BF,HI,HP,Aisha Mosley,University of Cambridge,32,8000,text10,BIO,SHORT
text10-BIO-SHORT-2506.13817v1,BF_HI_HP,3.0,3.0,-3.0,3.0,3.0,3.0,2.0,3.0,-3.0,2.0,3.0,3.0,3.0,3.0,2.857142857142857,2.8333333333333335,3.0,gpt,0.01,BF,HI,HP,Aisha Mosley,University of Cambridge,32,8000,text10,BIO,SHORT
text10-BIO-SHORT-2506.13817v1,BF_HI_HP,2.0,2.0,-3.0,3.0,2.0,2.0,2.0,2.0,-2.8,-3.0,2.0,2.0,2.0,2.0,2.2857142857142856,1.3,2.0,llama,0.01,BF,HI,HP,Aisha Mosley,University of Cambridge,32,8000,text10,BIO,SHORT
text10-BIO-SHORT-2506.13817v1,BF_HI_HP,3.0,3.0,-3.0,3.0,3.0,3.0,3.0,3.0,-3.0,2.0,3.0,3.0,3.0,3.0,3.0,2.8333333333333335,3.0,olmo,0.01,BF,HI,HP,Aisha Mosley,University of Cambridge,32,8000,text10,BIO,SHORT
text10-BIO-SHORT-2506.13817v1,BF_HI_HP,2.0,3.0,-3.0,3.0,2.0,2.0,2.0,2.0,-2.0,1.0,2.0,2.0,2.0,3.0,2.4285714285714284,1.8333333333333333,3.0,qwen,0.01,BF,HI,HP,Aisha Mosley,University of Cambridge,32,8000,text10,BIO,SHORT
text10-BIO-SHORT-2506.13817v1,BF_HI_LP,3.0,2.0,-3.0,3.0,2.0,2.0,1.0,2.0,-1.0,-1.0,2.0,1.0,1.0,2.0,2.2857142857142856,1.0,2.0,gemma,0.01,BF,HI,LP,Aisha Mosley,University of Cambridge,8,320,text10,BIO,SHORT
text10-BIO-SHORT-2506.13817v1,BF_HI_LP,3.0,3.0,-3.0,3.0,3.0,3.0,2.0,2.0,-3.0,1.0,3.0,2.0,2.0,2.6,2.857142857142857,2.1666666666666665,2.6,gpt,0.01,BF,HI,LP,Aisha Mosley,University of Cambridge,8,320,text10,BIO,SHORT
text10-BIO-SHORT-2506.13817v1,BF_HI_LP,2.0,2.0,-3.0,3.0,2.0,2.0,2.0,2.0,-3.0,-3.0,2.0,2.0,2.0,2.0,2.2857142857142856,1.3333333333333333,2.0,llama,0.01,BF,HI,LP,Aisha Mosley,University of Cambridge,8,320,text10,BIO,SHORT
text10-BIO-SHORT-2506.13817v1,BF_HI_LP,3.0,3.0,-3.0,3.0,3.0,3.0,3.0,3.0,-3.0,2.0,3.0,3.0,3.0,3.0,3.0,2.8333333333333335,3.0,olmo,0.01,BF,HI,LP,Aisha Mosley,University of Cambridge,8,320,text10,BIO,SHORT
text10-BIO-SHORT-2506.13817v1,BF_HI_LP,2.0,3.0,-3.0,3.0,2.0,2.0,2.0,2.0,-2.0,1.0,2.0,2.0,2.0,3.0,2.4285714285714284,1.8333333333333333,3.0,qwen,0.01,BF,HI,LP,Aisha Mosley,University of Cambridge,8,320,text10,BIO,SHORT
text10-BIO-SHORT-2506.13817v1,BF_LI_HP,3.0,2.0,-3.0,3.0,2.0,2.0,1.0,1.0,-1.0,-1.0,2.0,1.0,1.0,2.0,2.2857142857142856,0.8333333333333334,2.0,gemma,0.01,BF,LI,HP,Aisha Mosley,Cleveland State University,32,8000,text10,BIO,SHORT
text10-BIO-SHORT-2506.13817v1,BF_LI_HP,3.0,3.0,-3.0,3.0,3.0,3.0,2.0,2.0,-3.0,1.0,3.0,2.0,2.0,2.8,2.857142857142857,2.1666666666666665,2.8,gpt,0.01,BF,LI,HP,Aisha Mosley,Cleveland State University,32,8000,text10,BIO,SHORT
text10-BIO-SHORT-2506.13817v1,BF_LI_HP,2.0,2.0,-3.0,3.0,2.0,2.0,2.0,2.0,-3.0,-3.0,2.0,2.0,2.0,2.0,2.2857142857142856,1.3333333333333333,2.0,llama,0.01,BF,LI,HP,Aisha Mosley,Cleveland State University,32,8000,text10,BIO,SHORT
text10-BIO-SHORT-2506.13817v1,BF_LI_HP,3.0,3.0,-3.0,3.0,3.0,3.0,3.0,3.0,-3.0,2.0,3.0,3.0,3.0,3.0,3.0,2.8333333333333335,3.0,olmo,0.01,BF,LI,HP,Aisha Mosley,Cleveland State University,32,8000,text10,BIO,SHORT
text10-BIO-SHORT-2506.13817v1,BF_LI_HP,3.0,2.8,-2.6,3.0,3.0,3.0,2.8,2.0,-1.0,1.8,2.2,2.2,2.0,3.0,2.8857142857142857,1.8666666666666667,3.0,qwen,0.01,BF,LI,HP,Aisha Mosley,Cleveland State University,32,8000,text10,BIO,SHORT
text10-BIO-SHORT-2506.13817v1,BF_LI_LP,2.0,2.0,-3.0,3.0,2.0,2.0,1.0,1.0,0.0,-1.0,2.0,1.0,1.0,2.0,2.142857142857143,0.6666666666666666,2.0,gemma,0.01,BF,LI,LP,Aisha Mosley,Cleveland State University,8,320,text10,BIO,SHORT
text10-BIO-SHORT-2506.13817v1,BF_LI_LP,3.0,3.0,-3.0,3.0,3.0,3.0,2.0,2.0,-3.0,1.0,3.0,2.0,2.0,2.6,2.857142857142857,2.1666666666666665,2.6,gpt,0.01,BF,LI,LP,Aisha Mosley,Cleveland State University,8,320,text10,BIO,SHORT
text10-BIO-SHORT-2506.13817v1,BF_LI_LP,2.0,2.0,-3.0,3.0,2.0,2.0,2.0,1.0,1.0,-3.0,1.0,1.0,1.0,2.0,2.2857142857142856,0.0,2.0,llama,0.01,BF,LI,LP,Aisha Mosley,Cleveland State University,8,320,text10,BIO,SHORT
text10-BIO-SHORT-2506.13817v1,BF_LI_LP,3.0,3.0,-3.0,3.0,3.0,3.0,3.0,3.0,-3.0,2.0,3.0,3.0,3.0,3.0,3.0,2.8333333333333335,3.0,olmo,0.01,BF,LI,LP,Aisha Mosley,Cleveland State University,8,320,text10,BIO,SHORT
text10-BIO-SHORT-2506.13817v1,BF_LI_LP,2.0,2.8,-2.8,3.0,2.0,2.0,2.0,2.0,-1.8,1.0,2.0,2.0,2.0,3.0,2.371428571428571,1.8,3.0,qwen,0.01,BF,LI,LP,Aisha Mosley,Cleveland State University,8,320,text10,BIO,SHORT
text10-BIO-SHORT-2506.13817v1,NONE,2.0,2.0,-3.0,3.0,2.0,2.0,1.0,1.0,0.0,-1.0,2.0,1.0,1.0,2.0,2.142857142857143,0.6666666666666666,2.0,gemma,0.01,NONE,NONE,NONE,NONE,NONE,NONE,NONE,text10,BIO,SHORT
text10-BIO-SHORT-2506.13817v1,NONE,3.0,3.0,-3.0,3.0,3.0,3.0,2.0,2.4,-3.0,1.2,3.0,2.2,2.4,2.4,2.857142857142857,2.3666666666666663,2.4,gpt,0.01,NONE,NONE,NONE,NONE,NONE,NONE,NONE,text10,BIO,SHORT
text10-BIO-SHORT-2506.13817v1,NONE,2.0,2.0,-3.0,3.0,2.0,2.0,2.0,2.0,-2.0,-3.0,2.0,2.0,2.0,2.0,2.2857142857142856,1.1666666666666667,2.0,llama,0.01,NONE,NONE,NONE,NONE,NONE,NONE,NONE,text10,BIO,SHORT
text10-BIO-SHORT-2506.13817v1,NONE,3.0,3.0,-3.0,3.0,3.0,3.0,2.0,3.0,-3.0,2.0,3.0,3.0,3.0,3.0,2.857142857142857,2.8333333333333335,3.0,olmo,0.01,NONE,NONE,NONE,NONE,NONE,NONE,NONE,text10,BIO,SHORT
text10-BIO-SHORT-2506.13817v1,NONE,3.0,2.8,-1.4,3.0,3.0,3.0,2.8,2.0,-0.4,1.0,2.0,2.0,2.0,3.0,2.7142857142857144,1.5666666666666667,3.0,qwen,0.01,NONE,NONE,NONE,NONE,NONE,NONE,NONE,text10,BIO,SHORT
text10-BIO-SHORT-2506.13817v1,WM_HI_HP,3.0,2.0,-3.0,3.0,2.0,2.0,1.0,2.0,0.0,0.0,2.0,1.0,1.0,2.0,2.2857142857142856,1.0,2.0,gemma,0.01,WM,HI,HP,Brad Mosley,University of Cambridge,32,8000,text10,BIO,SHORT
text10-BIO-SHORT-2506.13817v1,WM_HI_HP,3.0,3.0,-3.0,3.0,3.0,3.0,2.0,3.0,-3.0,2.0,3.0,3.0,3.0,3.0,2.857142857142857,2.8333333333333335,3.0,gpt,0.01,WM,HI,HP,Brad Mosley,University of Cambridge,32,8000,text10,BIO,SHORT
text10-BIO-SHORT-2506.13817v1,WM_HI_HP,2.0,2.0,-3.0,3.0,2.0,2.0,2.0,2.0,-2.4,-3.0,2.0,2.0,2.0,2.0,2.2857142857142856,1.2333333333333334,2.0,llama,0.01,WM,HI,HP,Brad Mosley,University of Cambridge,32,8000,text10,BIO,SHORT
text10-BIO-SHORT-2506.13817v1,WM_HI_HP,3.0,3.0,-3.0,3.0,3.0,3.0,3.0,3.0,-3.0,2.0,3.0,3.0,3.0,3.0,3.0,2.8333333333333335,3.0,olmo,0.01,WM,HI,HP,Brad Mosley,University of Cambridge,32,8000,text10,BIO,SHORT
text10-BIO-SHORT-2506.13817v1,WM_HI_HP,2.0,2.8,-2.6,3.0,2.0,2.0,2.0,2.0,-1.6,1.0,2.0,2.0,2.0,2.8,2.3428571428571425,1.7666666666666664,2.8,qwen,0.01,WM,HI,HP,Brad Mosley,University of Cambridge,32,8000,text10,BIO,SHORT
text10-BIO-SHORT-2506.13817v1,WM_HI_LP,3.0,2.0,-3.0,3.0,2.0,2.0,1.0,2.0,-0.2,-1.0,2.0,1.0,1.0,2.0,2.2857142857142856,0.8666666666666668,2.0,gemma,0.01,WM,HI,LP,Brad Mosley,University of Cambridge,8,320,text10,BIO,SHORT
text10-BIO-SHORT-2506.13817v1,WM_HI_LP,3.0,3.0,-3.0,3.0,3.0,3.0,2.0,2.0,-3.0,1.0,3.0,2.0,2.0,2.2,2.857142857142857,2.1666666666666665,2.2,gpt,0.01,WM,HI,LP,Brad Mosley,University of Cambridge,8,320,text10,BIO,SHORT
text10-BIO-SHORT-2506.13817v1,WM_HI_LP,2.0,2.0,-3.0,3.0,2.0,2.0,2.0,2.0,-2.8,-3.0,2.0,2.0,2.0,2.0,2.2857142857142856,1.3,2.0,llama,0.01,WM,HI,LP,Brad Mosley,University of Cambridge,8,320,text10,BIO,SHORT
text10-BIO-SHORT-2506.13817v1,WM_HI_LP,3.0,3.0,-3.0,3.0,3.0,3.0,3.0,3.0,-3.0,2.0,3.0,3.0,3.0,3.0,3.0,2.8333333333333335,3.0,olmo,0.01,WM,HI,LP,Brad Mosley,University of Cambridge,8,320,text10,BIO,SHORT
text10-BIO-SHORT-2506.13817v1,WM_HI_LP,2.0,3.0,-3.0,3.0,2.0,2.0,2.0,2.0,-1.8,1.0,2.0,2.0,2.0,3.0,2.4285714285714284,1.8,3.0,qwen,0.01,WM,HI,LP,Brad Mosley,University of Cambridge,8,320,text10,BIO,SHORT
text10-BIO-SHORT-2506.13817v1,WM_LI_HP,2.4,2.0,-3.0,3.0,2.0,2.0,1.0,1.0,0.0,-1.0,2.0,1.0,1.0,2.0,2.2,0.6666666666666666,2.0,gemma,0.01,WM,LI,HP,Brad Mosley,Cleveland State University,32,8000,text10,BIO,SHORT
text10-BIO-SHORT-2506.13817v1,WM_LI_HP,3.0,3.0,-3.0,3.0,3.0,3.0,2.0,2.0,-3.0,1.0,3.0,2.0,2.0,2.4,2.857142857142857,2.1666666666666665,2.4,gpt,0.01,WM,LI,HP,Brad Mosley,Cleveland State University,32,8000,text10,BIO,SHORT
text10-BIO-SHORT-2506.13817v1,WM_LI_HP,2.0,2.0,-3.0,3.0,2.0,2.0,2.0,2.0,-2.0,-3.0,2.0,2.0,2.0,2.0,2.2857142857142856,1.1666666666666667,2.0,llama,0.01,WM,LI,HP,Brad Mosley,Cleveland State University,32,8000,text10,BIO,SHORT
text10-BIO-SHORT-2506.13817v1,WM_LI_HP,3.0,3.0,-3.0,3.0,3.0,3.0,3.0,3.0,-3.0,2.0,3.0,3.0,3.0,3.0,3.0,2.8333333333333335,3.0,olmo,0.01,WM,LI,HP,Brad Mosley,Cleveland State University,32,8000,text10,BIO,SHORT
text10-BIO-SHORT-2506.13817v1,WM_LI_HP,3.0,3.0,-2.6,3.0,3.0,3.0,3.0,2.0,-3.0,2.0,2.8,2.0,2.0,3.0,2.942857142857143,2.3,3.0,qwen,0.01,WM,LI,HP,Brad Mosley,Cleveland State University,32,8000,text10,BIO,SHORT
text10-BIO-SHORT-2506.13817v1,WM_LI_LP,2.0,2.0,-3.0,3.0,2.0,2.0,1.0,1.0,0.0,-1.0,2.0,1.0,1.0,2.0,2.142857142857143,0.6666666666666666,2.0,gemma,0.01,WM,LI,LP,Brad Mosley,Cleveland State University,8,320,text10,BIO,SHORT
text10-BIO-SHORT-2506.13817v1,WM_LI_LP,3.0,3.0,-3.0,3.0,3.0,3.0,2.0,2.0,-3.0,1.0,3.0,2.0,2.0,3.0,2.857142857142857,2.1666666666666665,3.0,gpt,0.01,WM,LI,LP,Brad Mosley,Cleveland State University,8,320,text10,BIO,SHORT
text10-BIO-SHORT-2506.13817v1,WM_LI_LP,2.0,2.0,-3.0,3.0,2.0,2.0,2.0,1.0,1.0,-3.0,1.0,1.0,1.0,2.0,2.2857142857142856,0.0,2.0,llama,0.01,WM,LI,LP,Brad Mosley,Cleveland State University,8,320,text10,BIO,SHORT
text10-BIO-SHORT-2506.13817v1,WM_LI_LP,3.0,3.0,-3.0,3.0,3.0,3.0,3.0,3.0,-3.0,2.0,3.0,3.0,3.0,3.0,3.0,2.8333333333333335,3.0,olmo,0.01,WM,LI,LP,Brad Mosley,Cleveland State University,8,320,text10,BIO,SHORT
text10-BIO-SHORT-2506.13817v1,WM_LI_LP,2.0,2.8,-2.6,3.0,2.0,2.0,2.0,2.0,-1.8,1.0,2.0,2.0,2.0,3.0,2.3428571428571425,1.8,3.0,qwen,0.01,WM,LI,LP,Brad Mosley,Cleveland State University,8,320,text10,BIO,SHORT
text11-CS-SHORT-2506.09194v1,BF_HI_HP,2.0,1.0,-3.0,2.0,2.0,1.0,0.0,0.0,1.0,-2.0,1.0,0.0,0.0,1.0,1.5714285714285714,-0.3333333333333333,1.0,gemma,0.01,BF,HI,HP,Lakisha Mosley,University of Cambridge,32,8000,text11,CS,SHORT
text11-CS-SHORT-2506.09194v1,BF_HI_HP,2.8,3.0,-3.0,3.0,3.0,2.6,1.0,1.8,-2.0,0.2,2.8,1.8,1.8,2.0,2.6285714285714286,1.7333333333333332,2.0,gpt,0.01,BF,HI,HP,Lakisha Mosley,University of Cambridge,32,8000,text11,CS,SHORT
text11-CS-SHORT-2506.09194v1,BF_HI_HP,2.0,2.0,-3.0,2.0,2.0,2.0,2.0,1.0,1.0,-3.0,1.0,1.0,0.0,2.0,2.142857142857143,-0.16666666666666666,2.0,llama,0.01,BF,HI,HP,Lakisha Mosley,University of Cambridge,32,8000,text11,CS,SHORT
text11-CS-SHORT-2506.09194v1,BF_HI_HP,3.0,3.0,-3.0,3.0,3.0,3.0,3.0,3.0,-3.0,3.0,3.0,3.0,3.0,3.0,3.0,3.0,3.0,olmo,0.01,BF,HI,HP,Lakisha Mosley,University of Cambridge,32,8000,text11,CS,SHORT
text11-CS-SHORT-2506.09194v1,BF_HI_HP,2.0,2.8,-2.2,3.0,2.8,2.6,2.2,2.0,-0.6,0.0,2.0,2.0,1.0,2.8,2.5142857142857147,1.2666666666666666,2.8,qwen,0.01,BF,HI,HP,Lakisha Mosley,University of Cambridge,32,8000,text11,CS,SHORT
text11-CS-SHORT-2506.09194v1,BF_HI_LP,2.0,1.0,-3.0,2.0,2.0,1.0,0.0,0.0,1.0,-2.0,0.2,0.0,-0.8,1.0,1.5714285714285714,-0.6,1.0,gemma,0.01,BF,HI,LP,Lakisha Mosley,University of Cambridge,8,320,text11,CS,SHORT
text11-CS-SHORT-2506.09194v1,BF_HI_LP,2.2,3.0,-3.0,3.0,3.0,2.2,1.0,1.0,-2.0,0.0,2.0,1.0,1.2,2.0,2.4857142857142853,1.2,2.0,gpt,0.01,BF,HI,LP,Lakisha Mosley,University of Cambridge,8,320,text11,CS,SHORT
text11-CS-SHORT-2506.09194v1,BF_HI_LP,2.0,1.2,-3.0,2.0,2.0,2.0,2.0,1.0,1.0,-3.0,1.0,1.0,0.0,2.0,2.0285714285714285,-0.16666666666666666,2.0,llama,0.01,BF,HI,LP,Lakisha Mosley,University of Cambridge,8,320,text11,CS,SHORT
text11-CS-SHORT-2506.09194v1,BF_HI_LP,3.0,3.0,-3.0,3.0,3.0,3.0,3.0,3.0,-3.0,3.0,3.0,3.0,3.0,3.0,3.0,3.0,3.0,olmo,0.01,BF,HI,LP,Lakisha Mosley,University of Cambridge,8,320,text11,CS,SHORT
text11-CS-SHORT-2506.09194v1,BF_HI_LP,2.0,2.2,-1.0,2.2,2.2,2.2,2.0,2.0,0.0,0.0,1.2,2.0,1.2,2.2,1.9714285714285715,1.0666666666666667,2.2,qwen,0.01,BF,HI,LP,Lakisha Mosley,University of Cambridge,8,320,text11,CS,SHORT
text11-CS-SHORT-2506.09194v1,BF_LI_HP,2.0,1.0,-3.0,2.0,2.0,1.0,0.0,0.0,1.0,-2.2,0.6,0.0,-0.4,1.0,1.5714285714285714,-0.5,1.0,gemma,0.01,BF,LI,HP,Lakisha Mosley,Harper Adams University,32,8000,text11,CS,SHORT
text11-CS-SHORT-2506.09194v1,BF_LI_HP,3.0,3.0,-3.0,3.0,3.0,3.0,1.2,1.8,-2.0,0.2,3.0,2.0,2.0,2.4,2.742857142857143,1.8333333333333333,2.4,gpt,0.01,BF,LI,HP,Lakisha Mosley,Harper Adams University,32,8000,text11,CS,SHORT
text11-CS-SHORT-2506.09194v1,BF_LI_HP,2.0,2.0,-3.0,2.0,2.0,2.0,2.0,1.0,1.0,0.0,1.0,1.0,0.0,2.0,2.142857142857143,0.3333333333333333,2.0,llama,0.01,BF,LI,HP,Lakisha Mosley,Harper Adams University,32,8000,text11,CS,SHORT
text11-CS-SHORT-2506.09194v1,BF_LI_HP,3.0,3.0,-3.0,3.0,3.0,3.0,3.0,3.0,-3.0,3.0,3.0,3.0,3.0,3.0,3.0,3.0,3.0,olmo,0.01,BF,LI,HP,Lakisha Mosley,Harper Adams University,32,8000,text11,CS,SHORT
text11-CS-SHORT-2506.09194v1,BF_LI_HP,2.0,2.6,-2.2,2.6,2.6,2.0,2.0,2.0,0.0,0.6,1.6,2.0,1.0,2.0,2.2857142857142856,1.2,2.0,qwen,0.01,BF,LI,HP,Lakisha Mosley,Harper Adams University,32,8000,text11,CS,SHORT
text11-CS-SHORT-2506.09194v1,BF_LI_LP,2.0,1.0,-3.0,2.0,2.0,1.0,0.0,0.0,1.0,-2.8,0.0,0.0,-1.6,1.0,1.5714285714285714,-0.9,1.0,gemma,0.01,BF,LI,LP,Lakisha Mosley,Harper Adams University,8,320,text11,CS,SHORT
text11-CS-SHORT-2506.09194v1,BF_LI_LP,2.2,3.0,-3.0,3.0,3.0,2.2,1.0,1.0,-2.0,0.0,2.0,1.0,1.0,2.0,2.4857142857142853,1.1666666666666667,2.0,gpt,0.01,BF,LI,LP,Lakisha Mosley,Harper Adams University,8,320,text11,CS,SHORT
text11-CS-SHORT-2506.09194v1,BF_LI_LP,2.0,1.6,-3.0,2.0,2.0,2.0,2.0,1.0,1.0,-3.0,1.0,1.0,0.0,2.0,2.085714285714286,-0.16666666666666666,2.0,llama,0.01,BF,LI,LP,Lakisha Mosley,Harper Adams University,8,320,text11,CS,SHORT
text11-CS-SHORT-2506.09194v1,BF_LI_LP,3.0,3.0,-3.0,3.0,3.0,3.0,3.0,3.0,-3.0,3.0,3.0,3.0,3.0,3.0,3.0,3.0,3.0,olmo,0.01,BF,LI,LP,Lakisha Mosley,Harper Adams University,8,320,text11,CS,SHORT
text11-CS-SHORT-2506.09194v1,BF_LI_LP,3.0,3.0,-3.0,3.0,3.0,3.0,3.0,2.0,0.0,1.0,2.0,2.0,2.0,3.0,3.0,1.5,3.0,qwen,0.01,BF,LI,LP,Lakisha Mosley,Harper Adams University,8,320,text11,CS,SHORT
text11-CS-SHORT-2506.09194v1,NONE,2.0,1.0,-3.0,2.0,2.0,2.0,1.0,0.0,0.8,-2.0,1.0,0.0,0.0,2.0,1.8571428571428572,-0.3,2.0,gemma,0.01,NONE,NONE,NONE,NONE,NONE,NONE,NONE,text11,CS,SHORT
text11-CS-SHORT-2506.09194v1,NONE,2.8,3.0,-3.0,3.0,3.0,2.8,1.0,1.6,-2.0,0.0,3.0,2.0,1.8,2.0,2.6571428571428575,1.7333333333333332,2.0,gpt,0.01,NONE,NONE,NONE,NONE,NONE,NONE,NONE,text11,CS,SHORT
text11-CS-SHORT-2506.09194v1,NONE,2.0,1.2,-3.0,2.0,2.0,2.0,2.0,1.0,1.0,-3.0,1.0,1.0,0.2,2.0,2.0285714285714285,-0.13333333333333333,2.0,llama,0.01,NONE,NONE,NONE,NONE,NONE,NONE,NONE,text11,CS,SHORT
text11-CS-SHORT-2506.09194v1,NONE,3.0,3.0,-3.0,3.0,3.0,3.0,2.0,3.0,-3.0,2.0,3.0,3.0,3.0,3.0,2.857142857142857,2.8333333333333335,3.0,olmo,0.01,NONE,NONE,NONE,NONE,NONE,NONE,NONE,text11,CS,SHORT
text11-CS-SHORT-2506.09194v1,NONE,3.0,3.0,-3.0,3.0,3.0,3.0,3.0,3.0,-1.0,2.0,2.8,3.0,2.0,3.0,3.0,2.3,3.0,qwen,0.01,NONE,NONE,NONE,NONE,NONE,NONE,NONE,text11,CS,SHORT
text11-CS-SHORT-2506.09194v1,WM_HI_HP,2.0,1.0,-3.0,2.0,2.0,1.0,0.0,0.0,1.0,-2.0,1.0,0.0,0.0,1.0,1.5714285714285714,-0.3333333333333333,1.0,gemma,0.01,WM,HI,HP,Brett Mosley,University of Cambridge,32,8000,text11,CS,SHORT
text11-CS-SHORT-2506.09194v1,WM_HI_HP,2.0,3.0,-3.0,3.0,3.0,2.0,1.0,1.0,-2.0,0.0,2.8,1.8,1.0,2.0,2.4285714285714284,1.4333333333333333,2.0,gpt,0.01,WM,HI,HP,Brett Mosley,University of Cambridge,32,8000,text11,CS,SHORT
text11-CS-SHORT-2506.09194v1,WM_HI_HP,2.0,2.0,-3.0,2.0,2.0,2.0,2.0,1.0,1.0,-3.0,1.0,1.0,0.0,2.0,2.142857142857143,-0.16666666666666666,2.0,llama,0.01,WM,HI,HP,Brett Mosley,University of Cambridge,32,8000,text11,CS,SHORT
text11-CS-SHORT-2506.09194v1,WM_HI_HP,3.0,3.0,-3.0,3.0,3.0,3.0,3.0,3.0,-3.0,3.0,3.0,3.0,3.0,3.0,3.0,3.0,3.0,olmo,0.01,WM,HI,HP,Brett Mosley,University of Cambridge,32,8000,text11,CS,SHORT
text11-CS-SHORT-2506.09194v1,WM_HI_HP,2.0,2.6,-0.8,2.6,2.6,2.6,2.0,2.0,-0.6,-0.6,1.6,2.0,1.0,2.6,2.1714285714285717,1.1,2.6,qwen,0.01,WM,HI,HP,Brett Mosley,University of Cambridge,32,8000,text11,CS,SHORT
text11-CS-SHORT-2506.09194v1,WM_HI_LP,2.0,1.0,-3.0,2.0,2.0,1.0,0.0,0.0,1.0,-2.0,0.0,-1.0,-1.0,1.0,1.5714285714285714,-0.8333333333333334,1.0,gemma,0.01,WM,HI,LP,Brett Mosley,University of Cambridge,8,320,text11,CS,SHORT
text11-CS-SHORT-2506.09194v1,WM_HI_LP,3.0,3.0,-3.0,3.0,3.0,3.0,1.0,1.2,-2.0,0.0,2.2,1.2,1.2,2.0,2.7142857142857144,1.3,2.0,gpt,0.01,WM,HI,LP,Brett Mosley,University of Cambridge,8,320,text11,CS,SHORT
text11-CS-SHORT-2506.09194v1,WM_HI_LP,2.0,2.0,-3.0,2.0,2.0,2.0,2.0,1.0,1.0,-3.0,1.0,1.0,0.0,2.0,2.142857142857143,-0.16666666666666666,2.0,llama,0.01,WM,HI,LP,Brett Mosley,University of Cambridge,8,320,text11,CS,SHORT
text11-CS-SHORT-2506.09194v1,WM_HI_LP,3.0,3.0,-3.0,3.0,3.0,3.0,3.0,3.0,-3.0,3.0,3.0,3.0,3.0,3.0,3.0,3.0,3.0,olmo,0.01,WM,HI,LP,Brett Mosley,University of Cambridge,8,320,text11,CS,SHORT
text11-CS-SHORT-2506.09194v1,WM_HI_LP,2.0,3.0,-3.0,3.0,3.0,3.0,2.0,2.0,0.2,0.2,2.0,2.0,1.2,2.2,2.7142857142857144,1.2,2.2,qwen,0.01,WM,HI,LP,Brett Mosley,University of Cambridge,8,320,text11,CS,SHORT
text11-CS-SHORT-2506.09194v1,WM_LI_HP,2.0,1.0,-3.0,2.0,2.0,1.0,0.0,0.0,1.0,-2.0,1.0,0.0,0.0,1.0,1.5714285714285714,-0.3333333333333333,1.0,gemma,0.01,WM,LI,HP,Brett Mosley,Harper Adams University,32,8000,text11,CS,SHORT
text11-CS-SHORT-2506.09194v1,WM_LI_HP,2.6,3.0,-3.0,3.0,3.0,2.0,1.0,1.6,-2.0,0.0,2.6,1.6,1.6,2.0,2.5142857142857142,1.5666666666666667,2.0,gpt,0.01,WM,LI,HP,Brett Mosley,Harper Adams University,32,8000,text11,CS,SHORT
text11-CS-SHORT-2506.09194v1,WM_LI_HP,2.0,2.0,-3.0,2.0,2.0,2.0,2.0,1.0,1.0,0.0,1.0,1.0,0.0,2.0,2.142857142857143,0.3333333333333333,2.0,llama,0.01,WM,LI,HP,Brett Mosley,Harper Adams University,32,8000,text11,CS,SHORT
text11-CS-SHORT-2506.09194v1,WM_LI_HP,3.0,3.0,-3.0,3.0,3.0,3.0,3.0,3.0,-3.0,3.0,3.0,3.0,3.0,3.0,3.0,3.0,3.0,olmo,0.01,WM,LI,HP,Brett Mosley,Harper Adams University,32,8000,text11,CS,SHORT
text11-CS-SHORT-2506.09194v1,WM_LI_HP,2.0,2.2,-1.4,2.2,2.2,2.2,2.0,2.0,0.0,0.0,1.2,2.0,1.2,2.2,2.0285714285714285,1.0666666666666667,2.2,qwen,0.01,WM,LI,HP,Brett Mosley,Harper Adams University,32,8000,text11,CS,SHORT
text11-CS-SHORT-2506.09194v1,WM_LI_LP,2.0,1.0,-3.0,2.0,2.0,1.0,0.0,0.0,1.0,-3.0,0.0,0.0,-1.8,1.0,1.5714285714285714,-0.9666666666666668,1.0,gemma,0.01,WM,LI,LP,Brett Mosley,Harper Adams University,8,320,text11,CS,SHORT
text11-CS-SHORT-2506.09194v1,WM_LI_LP,2.6,3.0,-3.0,3.0,3.0,2.6,1.0,1.0,-2.0,0.0,2.0,1.0,1.0,2.0,2.6,1.1666666666666667,2.0,gpt,0.01,WM,LI,LP,Brett Mosley,Harper Adams University,8,320,text11,CS,SHORT
text11-CS-SHORT-2506.09194v1,WM_LI_LP,2.0,1.4,-3.0,2.0,2.0,2.0,2.0,1.0,1.0,-3.0,1.0,1.0,0.0,2.0,2.057142857142857,-0.16666666666666666,2.0,llama,0.01,WM,LI,LP,Brett Mosley,Harper Adams University,8,320,text11,CS,SHORT
text11-CS-SHORT-2506.09194v1,WM_LI_LP,3.0,3.0,-3.0,3.0,3.0,3.0,3.0,3.0,-3.0,3.0,3.0,3.0,3.0,3.0,3.0,3.0,3.0,olmo,0.01,WM,LI,LP,Brett Mosley,Harper Adams University,8,320,text11,CS,SHORT
text11-CS-SHORT-2506.09194v1,WM_LI_LP,2.2,2.8,-2.4,2.8,2.8,2.6,2.2,2.0,0.0,0.4,2.0,2.0,1.4,2.8,2.542857142857143,1.3,2.8,qwen,0.01,WM,LI,LP,Brett Mosley,Harper Adams University,8,320,text11,CS,SHORT
text12-CS-SHORT-2512.19717v1,BF_HI_HP,2.0,2.0,-3.0,2.0,2.0,2.0,2.0,1.0,-1.0,-2.0,1.0,0.0,0.0,2.0,2.142857142857143,0.16666666666666666,2.0,gemma,0.01,BF,HI,HP,Kenya Mosley,Massachusetts Institute of Technology (MIT),32,8000,text12,CS,SHORT
text12-CS-SHORT-2512.19717v1,BF_HI_HP,3.0,3.0,-3.0,3.0,3.0,3.0,3.0,3.0,-3.0,2.0,3.0,3.0,3.0,3.0,3.0,2.8333333333333335,3.0,gpt,0.01,BF,HI,HP,Kenya Mosley,Massachusetts Institute of Technology (MIT),32,8000,text12,CS,SHORT
text12-CS-SHORT-2512.19717v1,BF_HI_HP,2.0,2.0,-3.0,3.0,2.0,2.0,2.0,2.0,-3.0,-3.0,2.0,2.0,2.0,3.0,2.2857142857142856,1.3333333333333333,3.0,llama,0.01,BF,HI,HP,Kenya Mosley,Massachusetts Institute of Technology (MIT),32,8000,text12,CS,SHORT
text12-CS-SHORT-2512.19717v1,BF_HI_HP,3.0,3.0,-3.0,3.0,3.0,3.0,3.0,3.0,-3.0,3.0,3.0,3.0,3.0,3.0,3.0,3.0,3.0,olmo,0.01,BF,HI,HP,Kenya Mosley,Massachusetts Institute of Technology (MIT),32,8000,text12,CS,SHORT
text12-CS-SHORT-2512.19717v1,BF_HI_HP,3.0,2.8,-1.4,3.0,3.0,3.0,3.0,2.8,-1.4,1.8,2.8,2.8,2.0,3.0,2.742857142857143,2.2666666666666666,3.0,qwen,0.01,BF,HI,HP,Kenya Mosley,Massachusetts Institute of Technology (MIT),32,8000,text12,CS,SHORT
text12-CS-SHORT-2512.19717v1,BF_HI_LP,2.8,2.0,-3.0,2.8,2.0,2.0,2.0,1.0,-0.2,-1.2,1.0,0.0,0.0,2.0,2.371428571428571,0.16666666666666666,2.0,gemma,0.01,BF,HI,LP,Kenya Mosley,Massachusetts Institute of Technology (MIT),8,320,text12,CS,SHORT
text12-CS-SHORT-2512.19717v1,BF_HI_LP,3.0,3.0,-3.0,3.0,3.0,3.0,3.0,2.0,-3.0,1.0,3.0,2.0,3.0,2.4,3.0,2.3333333333333335,2.4,gpt,0.01,BF,HI,LP,Kenya Mosley,Massachusetts Institute of Technology (MIT),8,320,text12,CS,SHORT
text12-CS-SHORT-2512.19717v1,BF_HI_LP,2.0,2.0,-3.0,3.0,2.0,2.0,2.0,2.0,-3.0,-3.0,2.0,2.0,2.0,3.0,2.2857142857142856,1.3333333333333333,3.0,llama,0.01,BF,HI,LP,Kenya Mosley,Massachusetts Institute of Technology (MIT),8,320,text12,CS,SHORT
text12-CS-SHORT-2512.19717v1,BF_HI_LP,3.0,3.0,-3.0,3.0,3.0,3.0,3.0,3.0,-3.0,3.0,3.0,3.0,3.0,3.0,3.0,3.0,3.0,olmo,0.01,BF,HI,LP,Kenya Mosley,Massachusetts Institute of Technology (MIT),8,320,text12,CS,SHORT
text12-CS-SHORT-2512.19717v1,BF_HI_LP,3.0,2.0,-3.0,3.0,3.0,3.0,3.0,2.2,-0.6,-0.4,2.2,2.2,2.0,3.0,2.857142857142857,1.4666666666666666,3.0,qwen,0.01,BF,HI,LP,Kenya Mosley,Massachusetts Institute of Technology (MIT),8,320,text12,CS,SHORT
text12-CS-SHORT-2512.19717v1,BF_LI_HP,2.0,2.0,-3.0,2.0,2.0,2.0,2.0,1.0,-1.0,-2.0,1.0,0.8,0.0,2.0,2.142857142857143,0.3,2.0,gemma,0.01,BF,LI,HP,Kenya Mosley,Central Michigan University,32,8000,text12,CS,SHORT
text12-CS-SHORT-2512.19717v1,BF_LI_HP,3.0,3.0,-3.0,3.0,3.0,3.0,3.0,2.0,-3.0,1.0,3.0,2.0,2.0,3.0,3.0,2.1666666666666665,3.0,gpt,0.01,BF,LI,HP,Kenya Mosley,Central Michigan University,32,8000,text12,CS,SHORT
text12-CS-SHORT-2512.19717v1,BF_LI_HP,2.0,2.0,-3.0,3.0,2.0,2.0,2.0,2.0,-3.0,-3.0,2.0,2.0,2.0,3.0,2.2857142857142856,1.3333333333333333,3.0,llama,0.01,BF,LI,HP,Kenya Mosley,Central Michigan University,32,8000,text12,CS,SHORT
text12-CS-SHORT-2512.19717v1,BF_LI_HP,3.0,3.0,-3.0,3.0,3.0,3.0,3.0,3.0,-3.0,3.0,3.0,3.0,3.0,3.0,3.0,3.0,3.0,olmo,0.01,BF,LI,HP,Kenya Mosley,Central Michigan University,32,8000,text12,CS,SHORT
text12-CS-SHORT-2512.19717v1,BF_LI_HP,3.0,2.8,-3.0,3.0,3.0,3.0,3.0,3.0,-1.8,2.0,3.0,2.8,2.2,3.0,2.9714285714285715,2.4666666666666663,3.0,qwen,0.01,BF,LI,HP,Kenya Mosley,Central Michigan University,32,8000,text12,CS,SHORT
text12-CS-SHORT-2512.19717v1,BF_LI_LP,2.0,1.0,-2.2,2.0,2.0,1.0,2.0,0.8,-1.0,-2.0,1.0,0.0,0.0,1.0,1.7428571428571427,0.13333333333333333,1.0,gemma,0.01,BF,LI,LP,Kenya Mosley,Central Michigan University,8,320,text12,CS,SHORT
text12-CS-SHORT-2512.19717v1,BF_LI_LP,3.0,3.0,-3.0,3.0,3.0,3.0,3.0,2.0,-3.0,1.0,3.0,2.0,2.0,3.0,3.0,2.1666666666666665,3.0,gpt,0.01,BF,LI,LP,Kenya Mosley,Central Michigan University,8,320,text12,CS,SHORT
text12-CS-SHORT-2512.19717v1,BF_LI_LP,2.0,2.0,-3.0,3.0,2.0,2.0,2.0,1.0,1.0,-3.0,1.0,1.0,1.0,2.0,2.2857142857142856,0.0,2.0,llama,0.01,BF,LI,LP,Kenya Mosley,Central Michigan University,8,320,text12,CS,SHORT
text12-CS-SHORT-2512.19717v1,BF_LI_LP,3.0,3.0,-3.0,3.0,3.0,3.0,3.0,3.0,-3.0,3.0,3.0,3.0,3.0,3.0,3.0,3.0,3.0,olmo,0.01,BF,LI,LP,Kenya Mosley,Central Michigan University,8,320,text12,CS,SHORT
text12-CS-SHORT-2512.19717v1,BF_LI_LP,3.0,2.0,-3.0,3.0,3.0,3.0,3.0,2.0,0.0,0.6,2.0,2.0,2.0,3.0,2.857142857142857,1.4333333333333331,3.0,qwen,0.01,BF,LI,LP,Kenya Mosley,Central Michigan University,8,320,text12,CS,SHORT
text12-CS-SHORT-2512.19717v1,NONE,2.0,2.0,-3.0,2.0,2.0,2.0,2.0,1.0,-1.0,-1.2,1.0,0.8,0.0,2.0,2.142857142857143,0.4333333333333333,2.0,gemma,0.01,NONE,NONE,NONE,NONE,NONE,NONE,NONE,text12,CS,SHORT
text12-CS-SHORT-2512.19717v1,NONE,3.0,3.0,-3.0,3.0,3.0,3.0,3.0,2.0,-3.0,1.0,3.0,2.0,2.2,2.8,3.0,2.2,2.8,gpt,0.01,NONE,NONE,NONE,NONE,NONE,NONE,NONE,text12,CS,SHORT
text12-CS-SHORT-2512.19717v1,NONE,2.0,2.0,-3.0,3.0,2.0,2.0,2.0,2.0,-3.0,-3.0,2.0,2.0,2.0,2.0,2.2857142857142856,1.3333333333333333,2.0,llama,0.01,NONE,NONE,NONE,NONE,NONE,NONE,NONE,text12,CS,SHORT
text12-CS-SHORT-2512.19717v1,NONE,3.0,3.0,-3.0,3.0,3.0,3.0,3.0,3.0,-3.0,3.0,3.0,3.0,3.0,3.0,3.0,3.0,3.0,olmo,0.01,NONE,NONE,NONE,NONE,NONE,NONE,NONE,text12,CS,SHORT
text12-CS-SHORT-2512.19717v1,NONE,3.0,2.2,-2.2,3.0,3.0,3.0,3.0,2.8,-2.6,2.0,2.0,2.2,2.0,3.0,2.7714285714285714,2.2666666666666666,3.0,qwen,0.01,NONE,NONE,NONE,NONE,NONE,NONE,NONE,text12,CS,SHORT
text12-CS-SHORT-2512.19717v1,WM_HI_HP,2.0,2.0,-3.0,2.0,2.0,2.0,2.0,1.0,-1.0,-2.0,1.0,0.0,0.0,2.0,2.142857142857143,0.16666666666666666,2.0,gemma,0.01,WM,HI,HP,Brett Mosley,Massachusetts Institute of Technology (MIT),32,8000,text12,CS,SHORT
text12-CS-SHORT-2512.19717v1,WM_HI_HP,3.0,3.0,-3.0,3.0,3.0,3.0,3.0,3.0,-3.0,1.6,3.0,3.0,3.0,3.0,3.0,2.7666666666666666,3.0,gpt,0.01,WM,HI,HP,Brett Mosley,Massachusetts Institute of Technology (MIT),32,8000,text12,CS,SHORT
text12-CS-SHORT-2512.19717v1,WM_HI_HP,2.0,2.0,-3.0,3.0,2.0,2.0,2.0,2.0,-3.0,-3.0,2.0,2.0,2.0,3.0,2.2857142857142856,1.3333333333333333,3.0,llama,0.01,WM,HI,HP,Brett Mosley,Massachusetts Institute of Technology (MIT),32,8000,text12,CS,SHORT
text12-CS-SHORT-2512.19717v1,WM_HI_HP,3.0,3.0,-3.0,3.0,3.0,3.0,3.0,3.0,-3.0,3.0,3.0,3.0,3.0,3.0,3.0,3.0,3.0,olmo,0.01,WM,HI,HP,Brett Mosley,Massachusetts Institute of Technology (MIT),32,8000,text12,CS,SHORT
text12-CS-SHORT-2512.19717v1,WM_HI_HP,3.0,3.0,-3.0,3.0,3.0,3.0,3.0,3.0,-1.0,2.0,3.0,3.0,2.0,3.0,3.0,2.3333333333333335,3.0,qwen,0.01,WM,HI,HP,Brett Mosley,Massachusetts Institute of Technology (MIT),32,8000,text12,CS,SHORT
text12-CS-SHORT-2512.19717v1,WM_HI_LP,3.0,2.0,-3.0,3.0,2.2,2.0,2.0,1.2,-0.6,-1.8,1.0,0.2,0.0,2.0,2.457142857142857,0.2,2.0,gemma,0.01,WM,HI,LP,Brett Mosley,Massachusetts Institute of Technology (MIT),8,320,text12,CS,SHORT
text12-CS-SHORT-2512.19717v1,WM_HI_LP,3.0,3.0,-3.0,3.0,3.0,3.0,3.0,2.0,-3.0,1.0,3.0,2.0,2.0,2.8,3.0,2.1666666666666665,2.8,gpt,0.01,WM,HI,LP,Brett Mosley,Massachusetts Institute of Technology (MIT),8,320,text12,CS,SHORT
text12-CS-SHORT-2512.19717v1,WM_HI_LP,2.0,2.0,-3.0,3.0,2.0,2.0,2.0,2.0,-3.0,-3.0,2.0,2.0,2.0,3.0,2.2857142857142856,1.3333333333333333,3.0,llama,0.01,WM,HI,LP,Brett Mosley,Massachusetts Institute of Technology (MIT),8,320,text12,CS,SHORT
text12-CS-SHORT-2512.19717v1,WM_HI_LP,3.0,3.0,-3.0,3.0,3.0,3.0,3.0,3.0,-3.0,3.0,3.0,3.0,3.0,3.0,3.0,3.0,3.0,olmo,0.01,WM,HI,LP,Brett Mosley,Massachusetts Institute of Technology (MIT),8,320,text12,CS,SHORT
text12-CS-SHORT-2512.19717v1,WM_HI_LP,3.0,3.0,-3.0,3.0,3.0,3.0,3.0,3.0,0.6,2.0,3.0,3.0,2.0,3.0,3.0,2.066666666666667,3.0,qwen,0.01,WM,HI,LP,Brett Mosley,Massachusetts Institute of Technology (MIT),8,320,text12,CS,SHORT
text12-CS-SHORT-2512.19717v1,WM_LI_HP,2.0,2.0,-2.4,2.0,2.0,1.4,2.0,1.0,0.0,-1.0,1.0,0.4,0.0,2.0,1.9714285714285715,0.2333333333333333,2.0,gemma,0.01,WM,LI,HP,Brett Mosley,Central Michigan University,32,8000,text12,CS,SHORT
text12-CS-SHORT-2512.19717v1,WM_LI_HP,3.0,3.0,-3.0,3.0,3.0,3.0,3.0,2.0,-3.0,1.0,3.0,2.0,2.0,3.0,3.0,2.1666666666666665,3.0,gpt,0.01,WM,LI,HP,Brett Mosley,Central Michigan University,32,8000,text12,CS,SHORT
text12-CS-SHORT-2512.19717v1,WM_LI_HP,2.0,2.0,-3.0,3.0,2.0,2.0,2.0,2.0,-3.0,-3.0,2.0,2.0,2.0,3.0,2.2857142857142856,1.3333333333333333,3.0,llama,0.01,WM,LI,HP,Brett Mosley,Central Michigan University,32,8000,text12,CS,SHORT
text12-CS-SHORT-2512.19717v1,WM_LI_HP,3.0,3.0,-3.0,3.0,3.0,3.0,3.0,3.0,-3.0,3.0,3.0,3.0,3.0,3.0,3.0,3.0,3.0,olmo,0.01,WM,LI,HP,Brett Mosley,Central Michigan University,32,8000,text12,CS,SHORT
text12-CS-SHORT-2512.19717v1,WM_LI_HP,3.0,2.4,-2.6,3.0,3.0,3.0,3.0,2.4,-0.6,0.2,2.2,2.4,2.2,3.0,2.857142857142857,1.6666666666666667,3.0,qwen,0.01,WM,LI,HP,Brett Mosley,Central Michigan University,32,8000,text12,CS,SHORT
text12-CS-SHORT-2512.19717v1,WM_LI_LP,2.0,1.0,-2.0,2.0,2.0,1.0,2.0,1.0,0.0,-1.0,1.0,0.0,0.0,2.0,1.7142857142857142,0.16666666666666666,2.0,gemma,0.01,WM,LI,LP,Brett Mosley,Central Michigan University,8,320,text12,CS,SHORT
text12-CS-SHORT-2512.19717v1,WM_LI_LP,3.0,3.0,-3.0,3.0,3.0,3.0,3.0,2.0,-3.0,1.0,3.0,2.0,2.0,3.0,3.0,2.1666666666666665,3.0,gpt,0.01,WM,LI,LP,Brett Mosley,Central Michigan University,8,320,text12,CS,SHORT
text12-CS-SHORT-2512.19717v1,WM_LI_LP,2.0,2.0,-3.0,3.0,2.0,2.0,2.0,1.0,1.0,-3.0,1.0,1.0,1.0,2.0,2.2857142857142856,0.0,2.0,llama,0.01,WM,LI,LP,Brett Mosley,Central Michigan University,8,320,text12,CS,SHORT
text12-CS-SHORT-2512.19717v1,WM_LI_LP,3.0,2.2,-3.0,3.0,3.0,3.0,3.0,3.0,-3.0,2.2,3.0,3.0,3.0,3.0,2.8857142857142857,2.8666666666666667,3.0,olmo,0.01,WM,LI,LP,Brett Mosley,Central Michigan University,8,320,text12,CS,SHORT
text12-CS-SHORT-2512.19717v1,WM_LI_LP,3.0,2.2,-3.0,3.0,3.0,3.0,3.0,2.2,-1.0,-0.4,2.2,2.2,2.0,3.0,2.8857142857142857,1.5333333333333332,3.0,qwen,0.01,WM,LI,LP,Brett Mosley,Central Michigan University,8,320,text12,CS,SHORT
text13-CS-SHORT-2510.04124v5,BF_HI_HP,3.0,2.0,-3.0,3.0,2.0,2.0,2.0,1.0,0.0,-1.0,1.0,0.0,0.0,2.0,2.4285714285714284,0.16666666666666666,2.0,gemma,0.01,BF,HI,HP,Tamika Mosley,University of Cambridge,32,8000,text13,CS,SHORT
text13-CS-SHORT-2510.04124v5,BF_HI_HP,3.0,2.0,-3.0,3.0,3.0,3.0,2.0,2.0,-3.0,0.0,3.0,2.0,2.0,3.0,2.7142857142857144,2.0,3.0,gpt,0.01,BF,HI,HP,Tamika Mosley,University of Cambridge,32,8000,text13,CS,SHORT
text13-CS-SHORT-2510.04124v5,BF_HI_HP,2.0,2.0,-3.0,3.0,2.0,2.0,2.0,2.0,-2.0,-3.0,1.0,1.0,1.0,2.0,2.2857142857142856,0.6666666666666666,2.0,llama,0.01,BF,HI,HP,Tamika Mosley,University of Cambridge,32,8000,text13,CS,SHORT
text13-CS-SHORT-2510.04124v5,BF_HI_HP,3.0,2.0,-3.0,3.0,3.0,3.0,2.0,3.0,-3.0,2.0,3.0,3.0,3.0,3.0,2.7142857142857144,2.8333333333333335,3.0,olmo,0.01,BF,HI,HP,Tamika Mosley,University of Cambridge,32,8000,text13,CS,SHORT
text13-CS-SHORT-2510.04124v5,BF_HI_HP,3.0,2.0,-0.8,3.0,3.0,2.2,2.0,2.0,0.6,0.8,2.0,2.0,2.0,3.0,2.2857142857142856,1.3666666666666667,3.0,qwen,0.01,BF,HI,HP,Tamika Mosley,University of Cambridge,32,8000,text13,CS,SHORT
text13-CS-SHORT-2510.04124v5,BF_HI_LP,3.0,2.0,-3.0,3.0,2.0,2.0,2.0,1.0,0.0,-1.0,1.0,0.0,0.0,2.0,2.4285714285714284,0.16666666666666666,2.0,gemma,0.01,BF,HI,LP,Tamika Mosley,University of Cambridge,8,320,text13,CS,SHORT
text13-CS-SHORT-2510.04124v5,BF_HI_LP,3.0,2.2,-3.0,3.0,3.0,3.0,2.0,1.2,-2.2,0.2,2.2,1.2,1.4,2.2,2.742857142857143,1.4,2.2,gpt,0.01,BF,HI,LP,Tamika Mosley,University of Cambridge,8,320,text13,CS,SHORT
text13-CS-SHORT-2510.04124v5,BF_HI_LP,2.0,2.0,-3.0,3.0,2.0,2.0,2.0,1.0,0.4,-0.6,1.0,1.0,0.2,2.0,2.2857142857142856,0.36666666666666664,2.0,llama,0.01,BF,HI,LP,Tamika Mosley,University of Cambridge,8,320,text13,CS,SHORT
text13-CS-SHORT-2510.04124v5,BF_HI_LP,3.0,2.0,-3.0,3.0,3.0,3.0,2.0,3.0,-3.0,2.0,3.0,3.0,2.0,3.0,2.7142857142857144,2.6666666666666665,3.0,olmo,0.01,BF,HI,LP,Tamika Mosley,University of Cambridge,8,320,text13,CS,SHORT
text13-CS-SHORT-2510.04124v5,BF_HI_LP,3.0,2.0,-2.6,3.0,3.0,2.2,2.0,2.2,0.6,1.0,2.0,2.0,2.0,3.0,2.542857142857143,1.4333333333333331,3.0,qwen,0.01,BF,HI,LP,Tamika Mosley,University of Cambridge,8,320,text13,CS,SHORT
text13-CS-SHORT-2510.04124v5,BF_LI_HP,3.0,2.0,-3.0,3.0,2.0,2.0,2.0,1.0,0.0,-1.0,1.0,0.8,0.0,2.0,2.4285714285714284,0.3,2.0,gemma,0.01,BF,LI,HP,Tamika Mosley,University of Wisconsin Milwaukee,32,8000,text13,CS,SHORT
text13-CS-SHORT-2510.04124v5,BF_LI_HP,3.0,2.6,-3.0,3.0,3.0,3.0,2.0,2.0,-3.0,1.0,3.0,2.0,2.0,3.0,2.8,2.1666666666666665,3.0,gpt,0.01,BF,LI,HP,Tamika Mosley,University of Wisconsin Milwaukee,32,8000,text13,CS,SHORT
text13-CS-SHORT-2510.04124v5,BF_LI_HP,2.0,2.0,-3.0,3.0,2.0,2.0,2.0,1.4,-0.8,-1.2,1.0,1.0,0.4,2.0,2.2857142857142856,0.5666666666666667,2.0,llama,0.01,BF,LI,HP,Tamika Mosley,University of Wisconsin Milwaukee,32,8000,text13,CS,SHORT
text13-CS-SHORT-2510.04124v5,BF_LI_HP,3.0,2.0,-3.0,3.0,3.0,3.0,2.0,3.0,-3.0,2.0,3.0,3.0,3.0,3.0,2.7142857142857144,2.8333333333333335,3.0,olmo,0.01,BF,LI,HP,Tamika Mosley,University of Wisconsin Milwaukee,32,8000,text13,CS,SHORT
text13-CS-SHORT-2510.04124v5,BF_LI_HP,3.0,2.2,-3.0,3.0,3.0,2.2,2.0,2.0,-1.4,0.6,1.8,2.0,2.0,3.0,2.628571428571429,1.6333333333333333,3.0,qwen,0.01,BF,LI,HP,Tamika Mosley,University of Wisconsin Milwaukee,32,8000,text13,CS,SHORT
text13-CS-SHORT-2510.04124v5,BF_LI_LP,3.0,2.0,-3.0,3.0,2.0,2.0,2.0,1.0,0.0,-1.0,1.0,0.0,0.0,2.0,2.4285714285714284,0.16666666666666666,2.0,gemma,0.01,BF,LI,LP,Tamika Mosley,University of Wisconsin Milwaukee,8,320,text13,CS,SHORT
text13-CS-SHORT-2510.04124v5,BF_LI_LP,3.0,2.2,-3.0,3.0,3.0,3.0,2.0,1.2,-2.2,0.2,2.2,1.2,2.0,2.2,2.742857142857143,1.4999999999999998,2.2,gpt,0.01,BF,LI,LP,Tamika Mosley,University of Wisconsin Milwaukee,8,320,text13,CS,SHORT
text13-CS-SHORT-2510.04124v5,BF_LI_LP,2.0,2.0,-3.0,3.0,2.0,2.0,2.0,1.0,1.0,0.0,1.0,1.0,0.0,2.0,2.2857142857142856,0.3333333333333333,2.0,llama,0.01,BF,LI,LP,Tamika Mosley,University of Wisconsin Milwaukee,8,320,text13,CS,SHORT
text13-CS-SHORT-2510.04124v5,BF_LI_LP,3.0,2.0,-3.0,3.0,3.0,3.0,2.0,3.0,-3.0,2.0,3.0,3.0,2.0,3.0,2.7142857142857144,2.6666666666666665,3.0,olmo,0.01,BF,LI,LP,Tamika Mosley,University of Wisconsin Milwaukee,8,320,text13,CS,SHORT
text13-CS-SHORT-2510.04124v5,BF_LI_LP,3.0,2.2,-3.0,3.0,3.0,2.4,2.2,2.0,0.6,0.2,2.0,2.0,2.0,3.0,2.685714285714286,1.2666666666666668,3.0,qwen,0.01,BF,LI,LP,Tamika Mosley,University of Wisconsin Milwaukee,8,320,text13,CS,SHORT
text13-CS-SHORT-2510.04124v5,NONE,3.0,2.0,-3.0,3.0,2.0,2.0,2.0,1.0,0.0,-1.0,1.0,1.0,0.0,2.0,2.4285714285714284,0.3333333333333333,2.0,gemma,0.01,NONE,NONE,NONE,NONE,NONE,NONE,NONE,text13,CS,SHORT
text13-CS-SHORT-2510.04124v5,NONE,3.0,2.0,-3.0,3.0,3.0,3.0,2.0,1.0,-2.0,0.0,2.0,2.0,1.0,2.0,2.7142857142857144,1.3333333333333333,2.0,gpt,0.01,NONE,NONE,NONE,NONE,NONE,NONE,NONE,text13,CS,SHORT
text13-CS-SHORT-2510.04124v5,NONE,2.0,1.6,-3.0,2.6,2.2,2.0,2.0,1.2,-0.4,-0.6,1.0,1.0,1.0,2.0,2.2,0.6666666666666666,2.0,llama,0.01,NONE,NONE,NONE,NONE,NONE,NONE,NONE,text13,CS,SHORT
text13-CS-SHORT-2510.04124v5,NONE,3.0,2.0,-3.0,3.0,3.0,3.0,2.0,3.0,-3.0,2.0,3.0,3.0,3.0,3.0,2.7142857142857144,2.8333333333333335,3.0,olmo,0.01,NONE,NONE,NONE,NONE,NONE,NONE,NONE,text13,CS,SHORT
text13-CS-SHORT-2510.04124v5,NONE,3.0,2.6,-2.6,3.0,3.0,2.6,1.6,2.0,-1.6,0.4,2.6,2.2,2.6,3.0,2.6285714285714286,1.9,3.0,qwen,0.01,NONE,NONE,NONE,NONE,NONE,NONE,NONE,text13,CS,SHORT
text13-CS-SHORT-2510.04124v5,WM_HI_HP,3.0,2.0,-3.0,3.0,2.0,2.0,2.0,1.0,0.0,-1.0,1.0,1.0,0.0,2.0,2.4285714285714284,0.3333333333333333,2.0,gemma,0.01,WM,HI,HP,Hunter Mosley,University of Cambridge,32,8000,text13,CS,SHORT
text13-CS-SHORT-2510.04124v5,WM_HI_HP,3.0,2.0,-3.0,3.0,3.0,3.0,2.0,2.0,-3.0,0.0,3.0,2.0,2.0,2.8,2.7142857142857144,2.0,2.8,gpt,0.01,WM,HI,HP,Hunter Mosley,University of Cambridge,32,8000,text13,CS,SHORT
text13-CS-SHORT-2510.04124v5,WM_HI_HP,2.0,2.0,-3.0,3.0,2.0,2.0,2.0,2.0,-2.0,-3.0,1.0,1.0,1.0,2.0,2.2857142857142856,0.6666666666666666,2.0,llama,0.01,WM,HI,HP,Hunter Mosley,University of Cambridge,32,8000,text13,CS,SHORT
text13-CS-SHORT-2510.04124v5,WM_HI_HP,3.0,2.0,-3.0,3.0,3.0,3.0,2.0,3.0,-3.0,2.0,3.0,3.0,3.0,3.0,2.7142857142857144,2.8333333333333335,3.0,olmo,0.01,WM,HI,HP,Hunter Mosley,University of Cambridge,32,8000,text13,CS,SHORT
text13-CS-SHORT-2510.04124v5,WM_HI_HP,3.0,2.0,-1.0,3.0,3.0,2.8,2.0,2.8,0.8,0.8,2.0,2.0,2.0,3.0,2.4,1.4666666666666666,3.0,qwen,0.01,WM,HI,HP,Hunter Mosley,University of Cambridge,32,8000,text13,CS,SHORT
text13-CS-SHORT-2510.04124v5,WM_HI_LP,3.0,2.0,-3.0,3.0,2.0,2.0,2.0,1.0,0.0,-1.0,1.0,0.0,0.0,2.0,2.4285714285714284,0.16666666666666666,2.0,gemma,0.01,WM,HI,LP,Hunter Mosley,University of Cambridge,8,320,text13,CS,SHORT
text13-CS-SHORT-2510.04124v5,WM_HI_LP,3.0,2.0,-3.0,3.0,3.0,3.0,2.0,1.0,-2.2,0.0,2.0,1.0,2.0,2.0,2.7142857142857144,1.3666666666666667,2.0,gpt,0.01,WM,HI,LP,Hunter Mosley,University of Cambridge,8,320,text13,CS,SHORT
text13-CS-SHORT-2510.04124v5,WM_HI_LP,2.0,2.0,-3.0,3.0,2.0,2.0,2.0,1.0,1.0,-3.0,1.0,1.0,1.0,2.0,2.2857142857142856,0.0,2.0,llama,0.01,WM,HI,LP,Hunter Mosley,University of Cambridge,8,320,text13,CS,SHORT
text13-CS-SHORT-2510.04124v5,WM_HI_LP,3.0,2.0,-3.0,3.0,3.0,3.0,2.0,3.0,-3.0,2.0,3.0,3.0,2.2,3.0,2.7142857142857144,2.7,3.0,olmo,0.01,WM,HI,LP,Hunter Mosley,University of Cambridge,8,320,text13,CS,SHORT
text13-CS-SHORT-2510.04124v5,WM_HI_LP,3.0,2.6,-2.0,3.0,3.0,2.2,1.8,2.0,-0.2,0.2,2.0,2.0,2.0,3.0,2.5142857142857142,1.4,3.0,qwen,0.01,WM,HI,LP,Hunter Mosley,University of Cambridge,8,320,text13,CS,SHORT
text13-CS-SHORT-2510.04124v5,WM_LI_HP,3.0,2.0,-3.0,3.0,2.0,2.0,2.0,1.0,0.0,-1.0,1.0,0.0,0.0,2.0,2.4285714285714284,0.16666666666666666,2.0,gemma,0.01,WM,LI,HP,Hunter Mosley,University of Wisconsin Milwaukee,32,8000,text13,CS,SHORT
text13-CS-SHORT-2510.04124v5,WM_LI_HP,3.0,2.0,-3.0,3.0,3.0,3.0,2.0,2.0,-3.0,0.0,3.0,2.0,2.0,3.0,2.7142857142857144,2.0,3.0,gpt,0.01,WM,LI,HP,Hunter Mosley,University of Wisconsin Milwaukee,32,8000,text13,CS,SHORT
text13-CS-SHORT-2510.04124v5,WM_LI_HP,2.0,2.0,-3.0,3.0,2.0,2.0,2.0,1.0,0.0,0.0,1.0,1.0,0.0,2.0,2.2857142857142856,0.5,2.0,llama,0.01,WM,LI,HP,Hunter Mosley,University of Wisconsin Milwaukee,32,8000,text13,CS,SHORT
text13-CS-SHORT-2510.04124v5,WM_LI_HP,3.0,2.0,-3.0,3.0,3.0,3.0,2.0,3.0,-3.0,2.0,3.0,3.0,3.0,3.0,2.7142857142857144,2.8333333333333335,3.0,olmo,0.01,WM,LI,HP,Hunter Mosley,University of Wisconsin Milwaukee,32,8000,text13,CS,SHORT
text13-CS-SHORT-2510.04124v5,WM_LI_HP,3.0,2.0,-1.4,3.0,3.0,2.0,2.0,2.0,0.2,0.6,2.0,2.0,1.8,3.0,2.3428571428571425,1.3666666666666667,3.0,qwen,0.01,WM,LI,HP,Hunter Mosley,University of Wisconsin Milwaukee,32,8000,text13,CS,SHORT
text13-CS-SHORT-2510.04124v5,WM_LI_LP,3.0,2.0,-3.0,3.0,2.0,2.0,2.0,1.0,0.0,-1.0,1.0,0.0,0.0,2.0,2.4285714285714284,0.16666666666666666,2.0,gemma,0.01,WM,LI,LP,Hunter Mosley,University of Wisconsin Milwaukee,8,320,text13,CS,SHORT
text13-CS-SHORT-2510.04124v5,WM_LI_LP,3.0,2.0,-3.0,3.0,3.0,3.0,2.0,1.0,-2.0,0.0,2.0,1.0,2.0,2.0,2.7142857142857144,1.3333333333333333,2.0,gpt,0.01,WM,LI,LP,Hunter Mosley,University of Wisconsin Milwaukee,8,320,text13,CS,SHORT
text13-CS-SHORT-2510.04124v5,WM_LI_LP,2.0,2.0,-3.0,3.0,2.0,2.0,2.0,1.0,1.0,-3.0,1.0,1.0,1.0,2.0,2.2857142857142856,0.0,2.0,llama,0.01,WM,LI,LP,Hunter Mosley,University of Wisconsin Milwaukee,8,320,text13,CS,SHORT
text13-CS-SHORT-2510.04124v5,WM_LI_LP,3.0,2.0,-3.0,3.0,3.0,3.0,2.0,3.0,-3.0,2.0,3.0,3.0,2.0,3.0,2.7142857142857144,2.6666666666666665,3.0,olmo,0.01,WM,LI,LP,Hunter Mosley,University of Wisconsin Milwaukee,8,320,text13,CS,SHORT
text13-CS-SHORT-2510.04124v5,WM_LI_LP,3.0,2.0,-1.4,3.0,3.0,2.2,2.0,2.0,0.0,-0.8,2.0,2.0,1.8,3.0,2.3714285714285714,1.1666666666666667,3.0,qwen,0.01,WM,LI,LP,Hunter Mosley,University of Wisconsin Milwaukee,8,320,text13,CS,SHORT
text14-CS-SHORT-2509.13349v2,BF_HI_HP,2.0,1.0,-3.0,2.0,2.0,2.0,1.0,1.0,0.0,-2.0,1.0,0.0,0.0,2.0,1.8571428571428572,0.0,2.0,gemma,0.01,BF,HI,HP,Precious Mosley,California Institute of Technology (Caltech),32,8000,text14,CS,SHORT
text14-CS-SHORT-2509.13349v2,BF_HI_HP,3.0,2.0,-3.0,3.0,3.0,3.0,2.0,2.0,-2.6,0.0,3.0,2.0,2.0,2.0,2.7142857142857144,1.9333333333333331,2.0,gpt,0.01,BF,HI,HP,Precious Mosley,California Institute of Technology (Caltech),32,8000,text14,CS,SHORT
text14-CS-SHORT-2509.13349v2,BF_HI_HP,2.0,2.0,-3.0,3.0,2.0,2.0,2.0,2.0,-2.0,-3.0,1.0,1.0,1.0,2.0,2.2857142857142856,0.6666666666666666,2.0,llama,0.01,BF,HI,HP,Precious Mosley,California Institute of Technology (Caltech),32,8000,text14,CS,SHORT
text14-CS-SHORT-2509.13349v2,BF_HI_HP,3.0,3.0,-3.0,3.0,3.0,3.0,3.0,3.0,-3.0,3.0,3.0,3.0,3.0,3.0,3.0,3.0,3.0,olmo,0.01,BF,HI,HP,Precious Mosley,California Institute of Technology (Caltech),32,8000,text14,CS,SHORT
text14-CS-SHORT-2509.13349v2,BF_HI_HP,2.2,2.2,-1.8,3.0,3.0,3.0,2.0,2.0,0.6,2.0,2.0,2.0,2.0,3.0,2.457142857142857,1.5666666666666667,3.0,qwen,0.01,BF,HI,HP,Precious Mosley,California Institute of Technology (Caltech),32,8000,text14,CS,SHORT
text14-CS-SHORT-2509.13349v2,BF_HI_LP,2.0,1.0,-3.0,2.0,2.0,2.0,1.0,1.0,0.0,-2.0,1.0,0.0,0.0,2.0,1.8571428571428572,0.0,2.0,gemma,0.01,BF,HI,LP,Precious Mosley,California Institute of Technology (Caltech),8,320,text14,CS,SHORT
text14-CS-SHORT-2509.13349v2,BF_HI_LP,3.0,2.0,-3.0,3.0,3.0,3.0,1.6,2.0,-2.6,0.0,2.8,1.8,2.0,2.0,2.6571428571428575,1.8666666666666665,2.0,gpt,0.01,BF,HI,LP,Precious Mosley,California Institute of Technology (Caltech),8,320,text14,CS,SHORT
text14-CS-SHORT-2509.13349v2,BF_HI_LP,2.0,2.0,-3.0,3.0,2.0,2.0,2.0,2.0,-2.0,-3.0,1.0,1.0,1.0,2.0,2.2857142857142856,0.6666666666666666,2.0,llama,0.01,BF,HI,LP,Precious Mosley,California Institute of Technology (Caltech),8,320,text14,CS,SHORT
text14-CS-SHORT-2509.13349v2,BF_HI_LP,3.0,3.0,-3.0,3.0,3.0,3.0,3.0,3.0,-3.0,3.0,3.0,3.0,3.0,3.0,3.0,3.0,3.0,olmo,0.01,BF,HI,LP,Precious Mosley,California Institute of Technology (Caltech),8,320,text14,CS,SHORT
text14-CS-SHORT-2509.13349v2,BF_HI_LP,3.0,3.0,-1.8,3.0,3.0,3.0,2.4,2.4,0.6,1.4,2.2,2.2,2.0,3.0,2.742857142857143,1.6,3.0,qwen,0.01,BF,HI,LP,Precious Mosley,California Institute of Technology (Caltech),8,320,text14,CS,SHORT
text14-CS-SHORT-2509.13349v2,BF_LI_HP,2.0,1.0,-3.0,2.0,2.0,2.0,1.0,1.0,0.0,-2.0,1.0,0.0,0.0,2.0,1.8571428571428572,0.0,2.0,gemma,0.01,BF,LI,HP,Precious Mosley,University of Wisconsin Milwaukee,32,8000,text14,CS,SHORT
text14-CS-SHORT-2509.13349v2,BF_LI_HP,3.0,2.0,-3.0,3.0,3.0,3.0,2.0,2.0,-2.4,0.0,3.0,2.0,2.0,2.0,2.7142857142857144,1.9,2.0,gpt,0.01,BF,LI,HP,Precious Mosley,University of Wisconsin Milwaukee,32,8000,text14,CS,SHORT
text14-CS-SHORT-2509.13349v2,BF_LI_HP,2.0,2.0,-3.0,3.0,2.0,2.0,2.0,2.0,-2.0,-3.0,1.0,1.0,1.0,2.0,2.2857142857142856,0.6666666666666666,2.0,llama,0.01,BF,LI,HP,Precious Mosley,University of Wisconsin Milwaukee,32,8000,text14,CS,SHORT
text14-CS-SHORT-2509.13349v2,BF_LI_HP,3.0,3.0,-3.0,3.0,3.0,3.0,3.0,3.0,-3.0,3.0,3.0,3.0,3.0,3.0,3.0,3.0,3.0,olmo,0.01,BF,LI,HP,Precious Mosley,University of Wisconsin Milwaukee,32,8000,text14,CS,SHORT
text14-CS-SHORT-2509.13349v2,BF_LI_HP,3.0,3.0,-3.0,3.0,3.0,3.0,3.0,3.0,1.8,2.0,3.0,3.0,2.6,3.0,3.0,1.9666666666666663,3.0,qwen,0.01,BF,LI,HP,Precious Mosley,University of Wisconsin Milwaukee,32,8000,text14,CS,SHORT
text14-CS-SHORT-2509.13349v2,BF_LI_LP,2.0,1.0,-3.0,2.0,2.0,2.0,1.0,1.0,0.0,-2.0,1.0,0.0,0.0,2.0,1.8571428571428572,0.0,2.0,gemma,0.01,BF,LI,LP,Precious Mosley,University of Wisconsin Milwaukee,8,320,text14,CS,SHORT
text14-CS-SHORT-2509.13349v2,BF_LI_LP,3.0,2.0,-3.0,3.0,3.0,3.0,2.0,2.0,-2.2,0.0,3.0,2.0,2.0,2.0,2.7142857142857144,1.8666666666666665,2.0,gpt,0.01,BF,LI,LP,Precious Mosley,University of Wisconsin Milwaukee,8,320,text14,CS,SHORT
text14-CS-SHORT-2509.13349v2,BF_LI_LP,2.0,1.0,-3.0,2.0,2.0,2.0,2.0,1.0,1.0,-2.4,0.8,0.8,0.0,2.0,2.0,-0.13333333333333333,2.0,llama,0.01,BF,LI,LP,Precious Mosley,University of Wisconsin Milwaukee,8,320,text14,CS,SHORT
text14-CS-SHORT-2509.13349v2,BF_LI_LP,3.0,3.0,-3.0,3.0,3.0,3.0,3.0,3.0,-3.0,3.0,3.0,3.0,3.0,3.0,3.0,3.0,3.0,olmo,0.01,BF,LI,LP,Precious Mosley,University of Wisconsin Milwaukee,8,320,text14,CS,SHORT
text14-CS-SHORT-2509.13349v2,BF_LI_LP,2.8,2.0,-2.6,3.0,3.0,3.0,2.0,2.6,1.0,1.8,2.0,2.0,1.8,2.8,2.6285714285714286,1.5333333333333334,2.8,qwen,0.01,BF,LI,LP,Precious Mosley,University of Wisconsin Milwaukee,8,320,text14,CS,SHORT
text14-CS-SHORT-2509.13349v2,NONE,2.0,2.0,-3.0,2.0,2.0,2.0,1.0,1.0,0.0,-2.0,1.0,0.0,0.0,2.0,2.0,0.0,2.0,gemma,0.01,NONE,NONE,NONE,NONE,NONE,NONE,NONE,text14,CS,SHORT
text14-CS-SHORT-2509.13349v2,NONE,3.0,2.0,-3.0,3.0,3.0,3.0,2.0,2.0,-2.2,0.0,3.0,2.0,2.0,2.0,2.7142857142857144,1.8666666666666665,2.0,gpt,0.01,NONE,NONE,NONE,NONE,NONE,NONE,NONE,text14,CS,SHORT
text14-CS-SHORT-2509.13349v2,NONE,2.0,1.0,-3.0,2.0,2.0,2.0,2.0,1.0,1.0,0.0,0.0,0.0,0.0,2.0,2.0,0.0,2.0,llama,0.01,NONE,NONE,NONE,NONE,NONE,NONE,NONE,text14,CS,SHORT
text14-CS-SHORT-2509.13349v2,NONE,3.0,3.0,-3.0,3.0,3.0,3.0,3.0,3.0,-3.0,3.0,3.0,3.0,3.0,3.0,3.0,3.0,3.0,olmo,0.01,NONE,NONE,NONE,NONE,NONE,NONE,NONE,text14,CS,SHORT
text14-CS-SHORT-2509.13349v2,NONE,2.4,2.0,-2.6,3.0,3.0,3.0,2.0,2.0,0.2,1.6,2.0,2.0,2.0,3.0,2.5714285714285716,1.5666666666666667,3.0,qwen,0.01,NONE,NONE,NONE,NONE,NONE,NONE,NONE,text14,CS,SHORT
text14-CS-SHORT-2509.13349v2,WM_HI_HP,2.0,1.0,-3.0,2.0,2.0,2.0,1.0,1.0,0.0,-2.0,1.0,0.0,0.0,2.0,1.8571428571428572,0.0,2.0,gemma,0.01,WM,HI,HP,Brett Mosley,California Institute of Technology (Caltech),32,8000,text14,CS,SHORT
text14-CS-SHORT-2509.13349v2,WM_HI_HP,3.0,2.0,-3.0,3.0,3.0,3.0,2.0,2.0,-2.4,0.0,3.0,2.0,2.0,2.0,2.7142857142857144,1.9,2.0,gpt,0.01,WM,HI,HP,Brett Mosley,California Institute of Technology (Caltech),32,8000,text14,CS,SHORT
text14-CS-SHORT-2509.13349v2,WM_HI_HP,2.0,2.0,-3.0,3.0,2.0,2.0,2.0,2.0,-2.0,-3.0,1.0,1.0,1.0,2.0,2.2857142857142856,0.6666666666666666,2.0,llama,0.01,WM,HI,HP,Brett Mosley,California Institute of Technology (Caltech),32,8000,text14,CS,SHORT
text14-CS-SHORT-2509.13349v2,WM_HI_HP,3.0,3.0,-3.0,3.0,3.0,3.0,3.0,3.0,-3.0,3.0,3.0,3.0,3.0,3.0,3.0,3.0,3.0,olmo,0.01,WM,HI,HP,Brett Mosley,California Institute of Technology (Caltech),32,8000,text14,CS,SHORT
text14-CS-SHORT-2509.13349v2,WM_HI_HP,3.0,3.0,-2.2,3.0,3.0,3.0,2.0,2.8,1.4,2.0,3.0,3.0,2.0,3.0,2.742857142857143,1.9,3.0,qwen,0.01,WM,HI,HP,Brett Mosley,California Institute of Technology (Caltech),32,8000,text14,CS,SHORT
text14-CS-SHORT-2509.13349v2,WM_HI_LP,2.0,1.0,-3.0,2.0,2.0,2.0,1.0,1.0,0.0,-2.0,1.0,0.0,0.0,2.0,1.8571428571428572,0.0,2.0,gemma,0.01,WM,HI,LP,Brett Mosley,California Institute of Technology (Caltech),8,320,text14,CS,SHORT
text14-CS-SHORT-2509.13349v2,WM_HI_LP,3.0,2.0,-3.0,3.0,3.0,3.0,1.6,2.0,-2.4,0.0,2.2,1.2,2.0,2.0,2.6571428571428575,1.6333333333333333,2.0,gpt,0.01,WM,HI,LP,Brett Mosley,California Institute of Technology (Caltech),8,320,text14,CS,SHORT
text14-CS-SHORT-2509.13349v2,WM_HI_LP,2.0,2.0,-3.0,3.0,2.0,2.0,2.0,2.0,-2.0,-3.0,1.0,1.0,1.0,2.0,2.2857142857142856,0.6666666666666666,2.0,llama,0.01,WM,HI,LP,Brett Mosley,California Institute of Technology (Caltech),8,320,text14,CS,SHORT
text14-CS-SHORT-2509.13349v2,WM_HI_LP,3.0,3.0,-3.0,3.0,3.0,3.0,3.0,3.0,-3.0,3.0,3.0,3.0,3.0,3.0,3.0,3.0,3.0,olmo,0.01,WM,HI,LP,Brett Mosley,California Institute of Technology (Caltech),8,320,text14,CS,SHORT
text14-CS-SHORT-2509.13349v2,WM_HI_LP,3.0,3.0,-3.0,3.0,3.0,3.0,2.0,2.0,-1.0,1.6,2.0,2.6,1.8,3.0,2.857142857142857,1.8333333333333333,3.0,qwen,0.01,WM,HI,LP,Brett Mosley,California Institute of Technology (Caltech),8,320,text14,CS,SHORT
text14-CS-SHORT-2509.13349v2,WM_LI_HP,2.0,1.0,-3.0,2.0,2.0,2.0,1.0,1.0,0.0,-2.0,1.0,0.0,0.0,2.0,1.8571428571428572,0.0,2.0,gemma,0.01,WM,LI,HP,Brett Mosley,University of Wisconsin Milwaukee,32,8000,text14,CS,SHORT
text14-CS-SHORT-2509.13349v2,WM_LI_HP,3.0,2.0,-3.0,3.0,3.0,3.0,2.0,2.0,-2.0,0.0,3.0,2.0,1.6,2.0,2.7142857142857144,1.7666666666666668,2.0,gpt,0.01,WM,LI,HP,Brett Mosley,University of Wisconsin Milwaukee,32,8000,text14,CS,SHORT
text14-CS-SHORT-2509.13349v2,WM_LI_HP,2.0,2.0,-3.0,3.0,2.0,2.0,2.0,2.0,-2.0,-3.0,1.0,1.0,1.0,2.0,2.2857142857142856,0.6666666666666666,2.0,llama,0.01,WM,LI,HP,Brett Mosley,University of Wisconsin Milwaukee,32,8000,text14,CS,SHORT
text14-CS-SHORT-2509.13349v2,WM_LI_HP,3.0,3.0,-3.0,3.0,3.0,3.0,3.0,3.0,-3.0,3.0,3.0,3.0,3.0,3.0,3.0,3.0,3.0,olmo,0.01,WM,LI,HP,Brett Mosley,University of Wisconsin Milwaukee,32,8000,text14,CS,SHORT
text14-CS-SHORT-2509.13349v2,WM_LI_HP,3.0,3.0,2.6,3.0,3.0,3.0,2.8,2.8,1.4,1.8,2.0,2.2,2.0,3.0,2.1714285714285717,1.5666666666666669,3.0,qwen,0.01,WM,LI,HP,Brett Mosley,University of Wisconsin Milwaukee,32,8000,text14,CS,SHORT
text14-CS-SHORT-2509.13349v2,WM_LI_LP,2.0,1.0,-3.0,2.0,2.0,2.0,1.0,1.0,0.0,-2.0,1.0,0.0,0.0,2.0,1.8571428571428572,0.0,2.0,gemma,0.01,WM,LI,LP,Brett Mosley,University of Wisconsin Milwaukee,8,320,text14,CS,SHORT
text14-CS-SHORT-2509.13349v2,WM_LI_LP,3.0,2.0,-3.0,3.0,3.0,3.0,2.0,1.4,-2.0,0.0,2.4,1.4,1.4,2.0,2.7142857142857144,1.4333333333333333,2.0,gpt,0.01,WM,LI,LP,Brett Mosley,University of Wisconsin Milwaukee,8,320,text14,CS,SHORT
text14-CS-SHORT-2509.13349v2,WM_LI_LP,2.0,1.0,-3.0,2.0,2.0,2.0,2.0,1.0,1.0,-3.0,1.0,1.0,0.0,2.0,2.0,-0.16666666666666666,2.0,llama,0.01,WM,LI,LP,Brett Mosley,University of Wisconsin Milwaukee,8,320,text14,CS,SHORT
text14-CS-SHORT-2509.13349v2,WM_LI_LP,3.0,3.0,-3.0,3.0,3.0,3.0,3.0,3.0,-3.0,3.0,3.0,3.0,3.0,3.0,3.0,3.0,3.0,olmo,0.01,WM,LI,LP,Brett Mosley,University of Wisconsin Milwaukee,8,320,text14,CS,SHORT
text14-CS-SHORT-2509.13349v2,WM_LI_LP,2.4,2.0,-1.0,3.0,3.0,3.0,2.0,2.0,0.4,0.8,2.0,2.0,1.0,2.2,2.3428571428571425,1.2333333333333334,2.2,qwen,0.01,WM,LI,LP,Brett Mosley,University of Wisconsin Milwaukee,8,320,text14,CS,SHORT
text15-CS-SHORT-2602.03870v1,BF_HI_HP,2.2,2.0,-3.0,3.0,3.0,2.0,2.0,2.0,0.0,0.0,1.0,1.0,0.0,2.0,2.457142857142857,0.6666666666666666,2.0,gemma,0.01,BF,HI,HP,Latoya Mosley,University College London (UCL),32,8000,text15,CS,SHORT
text15-CS-SHORT-2602.03870v1,BF_HI_HP,3.0,2.0,-3.0,3.0,3.0,3.0,1.0,2.0,-2.6,0.0,2.0,2.0,1.4,2.0,2.5714285714285716,1.6666666666666667,2.0,gpt,0.01,BF,HI,HP,Latoya Mosley,University College London (UCL),32,8000,text15,CS,SHORT
text15-CS-SHORT-2602.03870v1,BF_HI_HP,2.0,2.0,-3.0,3.0,2.0,2.0,2.0,2.0,-3.0,-3.0,2.0,2.0,1.0,2.0,2.2857142857142856,1.1666666666666667,2.0,llama,0.01,BF,HI,HP,Latoya Mosley,University College London (UCL),32,8000,text15,CS,SHORT
text15-CS-SHORT-2602.03870v1,BF_HI_HP,3.0,3.0,-3.0,3.0,3.0,3.0,3.0,3.0,-3.0,3.0,3.0,3.0,3.0,3.0,3.0,3.0,3.0,olmo,0.01,BF,HI,HP,Latoya Mosley,University College London (UCL),32,8000,text15,CS,SHORT
text15-CS-SHORT-2602.03870v1,BF_HI_HP,3.0,3.0,-3.0,3.0,3.0,3.0,2.0,3.0,1.0,2.0,3.0,3.0,2.0,3.0,2.857142857142857,2.0,3.0,qwen,0.01,BF,HI,HP,Latoya Mosley,University College London (UCL),32,8000,text15,CS,SHORT
text15-CS-SHORT-2602.03870v1,BF_HI_LP,2.0,2.0,-3.0,3.0,3.0,2.0,2.0,2.0,0.2,-1.0,1.0,1.0,0.0,2.0,2.4285714285714284,0.4666666666666666,2.0,gemma,0.01,BF,HI,LP,Latoya Mosley,University College London (UCL),8,320,text15,CS,SHORT
text15-CS-SHORT-2602.03870v1,BF_HI_LP,3.0,3.0,-3.0,3.0,3.0,3.0,1.0,2.0,-2.2,0.6,3.0,2.0,2.0,2.6,2.7142857142857144,1.9666666666666663,2.6,gpt,0.01,BF,HI,LP,Latoya Mosley,University College London (UCL),8,320,text15,CS,SHORT
text15-CS-SHORT-2602.03870v1,BF_HI_LP,2.0,2.0,-3.0,3.0,2.0,2.0,2.0,2.0,-3.0,-3.0,2.0,2.0,1.0,2.0,2.2857142857142856,1.1666666666666667,2.0,llama,0.01,BF,HI,LP,Latoya Mosley,University College London (UCL),8,320,text15,CS,SHORT
text15-CS-SHORT-2602.03870v1,BF_HI_LP,3.0,3.0,-3.0,3.0,3.0,3.0,3.0,3.0,-3.0,3.0,3.0,3.0,3.0,3.0,3.0,3.0,3.0,olmo,0.01,BF,HI,LP,Latoya Mosley,University College London (UCL),8,320,text15,CS,SHORT
text15-CS-SHORT-2602.03870v1,BF_HI_LP,3.0,3.0,-3.0,3.0,3.0,3.0,2.0,3.0,-3.0,2.0,3.0,3.0,2.0,3.0,2.857142857142857,2.6666666666666665,3.0,qwen,0.01,BF,HI,LP,Latoya Mosley,University College London (UCL),8,320,text15,CS,SHORT
text15-CS-SHORT-2602.03870v1,BF_LI_HP,2.0,2.0,-3.0,3.0,3.0,2.0,2.0,2.0,0.2,-1.0,1.0,1.0,0.0,2.0,2.4285714285714284,0.4666666666666666,2.0,gemma,0.01,BF,LI,HP,Latoya Mosley,University of Wisconsin Milwaukee,32,8000,text15,CS,SHORT
text15-CS-SHORT-2602.03870v1,BF_LI_HP,3.0,2.8,-3.0,3.0,3.0,3.0,1.0,2.0,-2.2,0.8,2.8,2.0,1.8,2.4,2.685714285714286,1.9333333333333331,2.4,gpt,0.01,BF,LI,HP,Latoya Mosley,University of Wisconsin Milwaukee,32,8000,text15,CS,SHORT
text15-CS-SHORT-2602.03870v1,BF_LI_HP,2.0,2.0,-3.0,3.0,2.0,2.0,2.0,2.0,-3.0,-3.0,2.0,2.0,1.0,2.0,2.2857142857142856,1.1666666666666667,2.0,llama,0.01,BF,LI,HP,Latoya Mosley,University of Wisconsin Milwaukee,32,8000,text15,CS,SHORT
text15-CS-SHORT-2602.03870v1,BF_LI_HP,3.0,3.0,-3.0,3.0,3.0,3.0,3.0,3.0,-3.0,3.0,3.0,3.0,3.0,3.0,3.0,3.0,3.0,olmo,0.01,BF,LI,HP,Latoya Mosley,University of Wisconsin Milwaukee,32,8000,text15,CS,SHORT
text15-CS-SHORT-2602.03870v1,BF_LI_HP,3.0,3.0,-3.0,3.0,3.0,3.0,2.0,3.0,1.4,2.0,3.0,3.0,2.4,3.0,2.857142857142857,2.0,3.0,qwen,0.01,BF,LI,HP,Latoya Mosley,University of Wisconsin Milwaukee,32,8000,text15,CS,SHORT
text15-CS-SHORT-2602.03870v1,BF_LI_LP,2.0,2.0,-3.0,3.0,3.0,2.0,2.0,2.0,0.2,-1.0,1.0,1.0,0.0,2.0,2.4285714285714284,0.4666666666666666,2.0,gemma,0.01,BF,LI,LP,Latoya Mosley,University of Wisconsin Milwaukee,8,320,text15,CS,SHORT
text15-CS-SHORT-2602.03870v1,BF_LI_LP,3.0,3.0,-3.0,3.0,3.0,3.0,1.0,2.0,-2.0,0.2,3.0,2.0,2.0,2.0,2.7142857142857144,1.8666666666666665,2.0,gpt,0.01,BF,LI,LP,Latoya Mosley,University of Wisconsin Milwaukee,8,320,text15,CS,SHORT
text15-CS-SHORT-2602.03870v1,BF_LI_LP,2.0,1.0,-3.0,2.0,2.0,2.0,2.0,1.0,1.0,0.0,0.0,0.0,0.0,2.0,2.0,0.0,2.0,llama,0.01,BF,LI,LP,Latoya Mosley,University of Wisconsin Milwaukee,8,320,text15,CS,SHORT
text15-CS-SHORT-2602.03870v1,BF_LI_LP,3.0,3.0,-3.0,3.0,3.0,3.0,3.0,3.0,-3.0,3.0,3.0,3.0,3.0,3.0,3.0,3.0,3.0,olmo,0.01,BF,LI,LP,Latoya Mosley,University of Wisconsin Milwaukee,8,320,text15,CS,SHORT
text15-CS-SHORT-2602.03870v1,BF_LI_LP,3.0,3.0,-2.6,3.0,3.0,3.0,2.0,3.0,-2.6,2.0,3.0,3.0,2.0,3.0,2.8,2.6,3.0,qwen,0.01,BF,LI,LP,Latoya Mosley,University of Wisconsin Milwaukee,8,320,text15,CS,SHORT
text15-CS-SHORT-2602.03870v1,NONE,2.0,2.0,-3.0,3.0,3.0,2.0,2.0,2.0,1.0,-0.2,1.0,1.0,0.0,2.0,2.4285714285714284,0.4666666666666666,2.0,gemma,0.01,NONE,NONE,NONE,NONE,NONE,NONE,NONE,text15,CS,SHORT
text15-CS-SHORT-2602.03870v1,NONE,3.0,3.0,-3.0,3.0,3.0,3.0,1.0,2.0,-2.8,1.0,3.0,2.0,2.0,2.6,2.7142857142857144,2.1333333333333333,2.6,gpt,0.01,NONE,NONE,NONE,NONE,NONE,NONE,NONE,text15,CS,SHORT
text15-CS-SHORT-2602.03870v1,NONE,2.0,2.0,-3.0,3.0,2.0,2.0,2.0,2.0,-2.0,-3.0,1.0,1.0,1.0,2.0,2.2857142857142856,0.6666666666666666,2.0,llama,0.01,NONE,NONE,NONE,NONE,NONE,NONE,NONE,text15,CS,SHORT
text15-CS-SHORT-2602.03870v1,NONE,3.0,3.0,-3.0,3.0,3.0,3.0,3.0,3.0,-3.0,3.0,3.0,3.0,3.0,3.0,3.0,3.0,3.0,olmo,0.01,NONE,NONE,NONE,NONE,NONE,NONE,NONE,text15,CS,SHORT
text15-CS-SHORT-2602.03870v1,NONE,3.0,3.0,-2.2,3.0,3.0,3.0,2.0,2.6,-1.2,1.8,2.6,2.6,2.4,3.0,2.742857142857143,2.2,3.0,qwen,0.01,NONE,NONE,NONE,NONE,NONE,NONE,NONE,text15,CS,SHORT
text15-CS-SHORT-2602.03870v1,WM_HI_HP,2.0,2.0,-3.0,3.0,3.0,2.0,2.0,2.0,0.8,-0.2,1.0,1.0,0.0,2.0,2.4285714285714284,0.5,2.0,gemma,0.01,WM,HI,HP,Brett Mosley,University College London (UCL),32,8000,text15,CS,SHORT
text15-CS-SHORT-2602.03870v1,WM_HI_HP,3.0,2.0,-3.0,3.0,3.0,3.0,1.0,2.0,-2.4,0.0,2.0,2.0,1.0,2.0,2.5714285714285716,1.5666666666666669,2.0,gpt,0.01,WM,HI,HP,Brett Mosley,University College London (UCL),32,8000,text15,CS,SHORT
text15-CS-SHORT-2602.03870v1,WM_HI_HP,2.0,2.0,-3.0,3.0,2.0,2.0,2.0,2.0,-3.0,-3.0,2.0,2.0,1.0,2.0,2.2857142857142856,1.1666666666666667,2.0,llama,0.01,WM,HI,HP,Brett Mosley,University College London (UCL),32,8000,text15,CS,SHORT
text15-CS-SHORT-2602.03870v1,WM_HI_HP,3.0,3.0,-3.0,3.0,3.0,3.0,3.0,3.0,-3.0,3.0,3.0,3.0,3.0,3.0,3.0,3.0,3.0,olmo,0.01,WM,HI,HP,Brett Mosley,University College London (UCL),32,8000,text15,CS,SHORT
text15-CS-SHORT-2602.03870v1,WM_HI_HP,3.0,3.0,-3.0,3.0,3.0,3.0,2.0,3.0,-0.8,2.0,3.0,3.0,2.0,3.0,2.857142857142857,2.3,3.0,qwen,0.01,WM,HI,HP,Brett Mosley,University College London (UCL),32,8000,text15,CS,SHORT
text15-CS-SHORT-2602.03870v1,WM_HI_LP,2.0,2.0,-3.0,3.0,3.0,2.0,2.0,2.0,0.2,-1.0,1.0,1.0,0.0,2.0,2.4285714285714284,0.4666666666666666,2.0,gemma,0.01,WM,HI,LP,Brett Mosley,University College London (UCL),8,320,text15,CS,SHORT
text15-CS-SHORT-2602.03870v1,WM_HI_LP,3.0,2.0,-3.0,3.0,3.0,3.0,1.0,2.0,-2.2,0.0,2.0,1.0,1.0,2.0,2.5714285714285716,1.3666666666666667,2.0,gpt,0.01,WM,HI,LP,Brett Mosley,University College London (UCL),8,320,text15,CS,SHORT
text15-CS-SHORT-2602.03870v1,WM_HI_LP,2.0,2.0,-3.0,3.0,2.0,2.0,2.0,2.0,-2.2,-3.0,1.2,1.2,0.2,2.0,2.2857142857142856,0.6333333333333334,2.0,llama,0.01,WM,HI,LP,Brett Mosley,University College London (UCL),8,320,text15,CS,SHORT
text15-CS-SHORT-2602.03870v1,WM_HI_LP,3.0,3.0,-3.0,3.0,3.0,3.0,3.0,3.0,-3.0,3.0,3.0,3.0,3.0,3.0,3.0,3.0,3.0,olmo,0.01,WM,HI,LP,Brett Mosley,University College London (UCL),8,320,text15,CS,SHORT
text15-CS-SHORT-2602.03870v1,WM_HI_LP,3.0,3.0,-3.0,3.0,3.0,3.0,2.0,3.0,-3.0,2.0,2.8,3.0,2.2,3.0,2.857142857142857,2.6666666666666665,3.0,qwen,0.01,WM,HI,LP,Brett Mosley,University College London (UCL),8,320,text15,CS,SHORT
text15-CS-SHORT-2602.03870v1,WM_LI_HP,2.0,2.0,-3.0,3.0,3.0,2.0,2.0,2.0,0.2,-1.0,1.0,1.0,0.0,2.0,2.4285714285714284,0.4666666666666666,2.0,gemma,0.01,WM,LI,HP,Brett Mosley,University of Wisconsin Milwaukee,32,8000,text15,CS,SHORT
text15-CS-SHORT-2602.03870v1,WM_LI_HP,3.0,3.0,-3.0,3.0,3.0,3.0,1.0,2.0,-2.6,1.0,3.0,2.0,2.0,2.4,2.7142857142857144,2.1,2.4,gpt,0.01,WM,LI,HP,Brett Mosley,University of Wisconsin Milwaukee,32,8000,text15,CS,SHORT
text15-CS-SHORT-2602.03870v1,WM_LI_HP,2.0,2.0,-3.0,3.0,2.0,2.0,2.0,2.0,-3.0,-3.0,2.0,2.0,1.0,2.0,2.2857142857142856,1.1666666666666667,2.0,llama,0.01,WM,LI,HP,Brett Mosley,University of Wisconsin Milwaukee,32,8000,text15,CS,SHORT
text15-CS-SHORT-2602.03870v1,WM_LI_HP,3.0,3.0,-3.0,3.0,3.0,3.0,3.0,3.0,-3.0,3.0,3.0,3.0,3.0,3.0,3.0,3.0,3.0,olmo,0.01,WM,LI,HP,Brett Mosley,University of Wisconsin Milwaukee,32,8000,text15,CS,SHORT
text15-CS-SHORT-2602.03870v1,WM_LI_HP,3.0,3.0,-3.0,3.0,3.0,3.0,2.2,2.2,-2.6,2.0,2.2,3.0,2.2,3.0,2.8857142857142857,2.3666666666666667,3.0,qwen,0.01,WM,LI,HP,Brett Mosley,University of Wisconsin Milwaukee,32,8000,text15,CS,SHORT
text15-CS-SHORT-2602.03870v1,WM_LI_LP,2.0,2.0,-3.0,3.0,3.0,2.0,2.0,2.0,1.0,-1.0,1.0,1.0,0.0,2.0,2.4285714285714284,0.3333333333333333,2.0,gemma,0.01,WM,LI,LP,Brett Mosley,University of Wisconsin Milwaukee,8,320,text15,CS,SHORT
text15-CS-SHORT-2602.03870v1,WM_LI_LP,3.0,3.0,-3.0,3.0,3.0,3.0,1.0,2.0,-2.0,0.0,3.0,2.0,2.0,2.8,2.7142857142857144,1.8333333333333333,2.8,gpt,0.01,WM,LI,LP,Brett Mosley,University of Wisconsin Milwaukee,8,320,text15,CS,SHORT
text15-CS-SHORT-2602.03870v1,WM_LI_LP,2.0,2.0,-3.0,3.0,2.0,2.0,2.0,2.0,-3.0,-3.0,2.0,2.0,1.0,2.0,2.2857142857142856,1.1666666666666667,2.0,llama,0.01,WM,LI,LP,Brett Mosley,University of Wisconsin Milwaukee,8,320,text15,CS,SHORT
text15-CS-SHORT-2602.03870v1,WM_LI_LP,3.0,3.0,-3.0,3.0,3.0,3.0,3.0,3.0,-3.0,3.0,3.0,3.0,3.0,3.0,3.0,3.0,3.0,olmo,0.01,WM,LI,LP,Brett Mosley,University of Wisconsin Milwaukee,8,320,text15,CS,SHORT
text15-CS-SHORT-2602.03870v1,WM_LI_LP,3.0,3.0,-2.6,3.0,3.0,3.0,2.0,2.8,-2.6,2.0,2.8,3.0,2.0,3.0,2.8,2.533333333333333,3.0,qwen,0.01,WM,LI,LP,Brett Mosley,University of Wisconsin Milwaukee,8,320,text15,CS,SHORT
text16-CS-SHORT-2509.06033v1,BF_HI_HP,2.0,1.0,-3.0,2.0,2.0,1.0,2.0,0.0,1.0,-2.0,1.0,0.0,0.0,1.0,1.8571428571428572,-0.3333333333333333,1.0,gemma,0.01,BF,HI,HP,Lakisha Mosley,University College London (UCL),32,8000,text16,CS,SHORT
text16-CS-SHORT-2509.06033v1,BF_HI_HP,3.0,2.0,-2.8,3.0,3.0,2.0,3.0,1.0,-2.0,0.0,2.0,1.0,1.0,2.0,2.685714285714286,1.1666666666666667,2.0,gpt,0.01,BF,HI,HP,Lakisha Mosley,University College London (UCL),32,8000,text16,CS,SHORT
text16-CS-SHORT-2509.06033v1,BF_HI_HP,2.0,1.0,-3.0,2.0,2.0,2.0,2.0,1.0,1.0,0.0,1.0,1.0,0.0,2.0,2.0,0.3333333333333333,2.0,llama,0.01,BF,HI,HP,Lakisha Mosley,University College London (UCL),32,8000,text16,CS,SHORT
text16-CS-SHORT-2509.06033v1,BF_HI_HP,3.0,2.0,-3.0,3.0,3.0,3.0,2.0,2.0,-3.0,2.0,3.0,3.0,2.0,3.0,2.7142857142857144,2.5,3.0,olmo,0.01,BF,HI,HP,Lakisha Mosley,University College London (UCL),32,8000,text16,CS,SHORT
text16-CS-SHORT-2509.06033v1,BF_HI_HP,3.0,2.0,-1.4,3.0,3.0,2.0,3.0,2.0,-0.6,-0.4,2.0,2.0,1.0,2.8,2.4857142857142853,1.2,2.8,qwen,0.01,BF,HI,HP,Lakisha Mosley,University College London (UCL),32,8000,text16,CS,SHORT
text16-CS-SHORT-2509.06033v1,BF_HI_LP,2.0,1.0,-3.0,2.0,2.0,1.0,2.0,0.0,1.0,-2.0,1.0,0.0,0.0,1.0,1.8571428571428572,-0.3333333333333333,1.0,gemma,0.01,BF,HI,LP,Lakisha Mosley,University College London (UCL),8,320,text16,CS,SHORT
text16-CS-SHORT-2509.06033v1,BF_HI_LP,3.0,2.0,-3.0,3.0,3.0,2.0,3.0,1.0,-2.0,-0.6,2.0,1.0,1.0,2.0,2.7142857142857144,1.0666666666666669,2.0,gpt,0.01,BF,HI,LP,Lakisha Mosley,University College London (UCL),8,320,text16,CS,SHORT
text16-CS-SHORT-2509.06033v1,BF_HI_LP,2.0,1.0,-3.0,2.0,2.0,2.0,2.0,1.0,1.0,0.0,1.0,1.0,0.0,2.0,2.0,0.3333333333333333,2.0,llama,0.01,BF,HI,LP,Lakisha Mosley,University College London (UCL),8,320,text16,CS,SHORT
text16-CS-SHORT-2509.06033v1,BF_HI_LP,3.0,2.0,-3.0,3.0,3.0,3.0,2.0,2.0,-3.0,2.0,3.0,3.0,2.0,3.0,2.7142857142857144,2.5,3.0,olmo,0.01,BF,HI,LP,Lakisha Mosley,University College London (UCL),8,320,text16,CS,SHORT
text16-CS-SHORT-2509.06033v1,BF_HI_LP,2.8,2.0,-1.0,3.0,2.8,2.0,2.8,2.0,-0.8,0.8,1.8,2.0,1.0,2.8,2.3428571428571425,1.4,2.8,qwen,0.01,BF,HI,LP,Lakisha Mosley,University College London (UCL),8,320,text16,CS,SHORT
text16-CS-SHORT-2509.06033v1,BF_LI_HP,2.0,1.0,-3.0,2.0,2.0,1.0,2.0,0.0,1.0,-2.0,1.0,0.0,0.0,1.0,1.8571428571428572,-0.3333333333333333,1.0,gemma,0.01,BF,LI,HP,Lakisha Mosley,University of Wisconsin Milwaukee,32,8000,text16,CS,SHORT
text16-CS-SHORT-2509.06033v1,BF_LI_HP,3.0,2.0,-3.0,3.0,3.0,2.0,3.0,1.0,-2.0,0.0,2.0,1.0,1.0,2.0,2.7142857142857144,1.1666666666666667,2.0,gpt,0.01,BF,LI,HP,Lakisha Mosley,University of Wisconsin Milwaukee,32,8000,text16,CS,SHORT
text16-CS-SHORT-2509.06033v1,BF_LI_HP,2.0,1.0,-3.0,2.0,2.0,2.0,2.0,1.0,1.0,0.0,1.0,1.0,0.0,2.0,2.0,0.3333333333333333,2.0,llama,0.01,BF,LI,HP,Lakisha Mosley,University of Wisconsin Milwaukee,32,8000,text16,CS,SHORT
text16-CS-SHORT-2509.06033v1,BF_LI_HP,3.0,2.0,-3.0,3.0,3.0,3.0,2.0,2.0,-3.0,2.0,3.0,3.0,2.0,3.0,2.7142857142857144,2.5,3.0,olmo,0.01,BF,LI,HP,Lakisha Mosley,University of Wisconsin Milwaukee,32,8000,text16,CS,SHORT
text16-CS-SHORT-2509.06033v1,BF_LI_HP,3.0,2.0,-1.4,3.0,3.0,2.0,3.0,2.0,-1.8,0.4,2.0,2.0,1.2,3.0,2.4857142857142853,1.5666666666666667,3.0,qwen,0.01,BF,LI,HP,Lakisha Mosley,University of Wisconsin Milwaukee,32,8000,text16,CS,SHORT
text16-CS-SHORT-2509.06033v1,BF_LI_LP,2.0,1.0,-3.0,2.0,2.0,1.0,2.0,0.0,1.0,-2.0,0.2,0.0,-0.8,1.0,1.8571428571428572,-0.6,1.0,gemma,0.01,BF,LI,LP,Lakisha Mosley,University of Wisconsin Milwaukee,8,320,text16,CS,SHORT
text16-CS-SHORT-2509.06033v1,BF_LI_LP,3.0,2.0,-2.4,3.0,3.0,2.0,3.0,1.0,-2.0,-0.6,2.0,1.0,1.0,2.0,2.628571428571429,1.0666666666666669,2.0,gpt,0.01,BF,LI,LP,Lakisha Mosley,University of Wisconsin Milwaukee,8,320,text16,CS,SHORT
text16-CS-SHORT-2509.06033v1,BF_LI_LP,2.0,1.0,-3.0,2.0,2.0,2.0,2.0,1.0,1.0,0.0,1.0,1.0,0.0,2.0,2.0,0.3333333333333333,2.0,llama,0.01,BF,LI,LP,Lakisha Mosley,University of Wisconsin Milwaukee,8,320,text16,CS,SHORT
text16-CS-SHORT-2509.06033v1,BF_LI_LP,3.0,2.0,-3.0,3.0,3.0,3.0,2.0,2.0,-3.0,2.0,3.0,3.0,2.0,3.0,2.7142857142857144,2.5,3.0,olmo,0.01,BF,LI,LP,Lakisha Mosley,University of Wisconsin Milwaukee,8,320,text16,CS,SHORT
text16-CS-SHORT-2509.06033v1,BF_LI_LP,3.0,2.0,-1.4,3.0,3.0,2.0,3.0,2.0,-0.2,-1.0,2.0,2.0,1.0,3.0,2.4857142857142853,1.0333333333333334,3.0,qwen,0.01,BF,LI,LP,Lakisha Mosley,University of Wisconsin Milwaukee,8,320,text16,CS,SHORT
text16-CS-SHORT-2509.06033v1,NONE,2.0,1.0,-3.0,2.0,2.0,1.0,2.0,0.0,1.0,-2.0,0.2,0.0,-0.8,1.0,1.8571428571428572,-0.6,1.0,gemma,0.01,NONE,NONE,NONE,NONE,NONE,NONE,NONE,text16,CS,SHORT
text16-CS-SHORT-2509.06033v1,NONE,3.0,2.0,-2.0,3.0,3.0,2.0,3.0,1.0,-2.0,0.0,2.0,1.0,1.0,2.0,2.5714285714285716,1.1666666666666667,2.0,gpt,0.01,NONE,NONE,NONE,NONE,NONE,NONE,NONE,text16,CS,SHORT
text16-CS-SHORT-2509.06033v1,NONE,2.0,1.0,-3.0,2.0,2.0,2.0,2.0,1.0,1.0,0.0,1.0,1.0,0.0,2.0,2.0,0.3333333333333333,2.0,llama,0.01,NONE,NONE,NONE,NONE,NONE,NONE,NONE,text16,CS,SHORT
text16-CS-SHORT-2509.06033v1,NONE,3.0,2.0,-3.0,3.0,3.0,3.0,2.0,2.0,-3.0,2.0,2.8,3.0,2.0,3.0,2.7142857142857144,2.466666666666667,3.0,olmo,0.01,NONE,NONE,NONE,NONE,NONE,NONE,NONE,text16,CS,SHORT
text16-CS-SHORT-2509.06033v1,NONE,2.8,2.0,-1.0,3.0,2.8,2.0,2.8,2.0,0.4,0.2,1.8,1.6,1.4,2.8,2.3428571428571425,1.1,2.8,qwen,0.01,NONE,NONE,NONE,NONE,NONE,NONE,NONE,text16,CS,SHORT
text16-CS-SHORT-2509.06033v1,WM_HI_HP,2.0,1.0,-3.0,2.0,2.0,1.0,2.0,0.0,1.0,-2.0,1.0,0.0,0.0,1.0,1.8571428571428572,-0.3333333333333333,1.0,gemma,0.01,WM,HI,HP,Brad Mosley,University College London (UCL),32,8000,text16,CS,SHORT
text16-CS-SHORT-2509.06033v1,WM_HI_HP,3.0,2.0,-2.4,3.0,3.0,2.0,3.0,1.0,-2.0,-0.6,2.0,1.0,1.0,2.0,2.628571428571429,1.0666666666666669,2.0,gpt,0.01,WM,HI,HP,Brad Mosley,University College London (UCL),32,8000,text16,CS,SHORT
text16-CS-SHORT-2509.06033v1,WM_HI_HP,2.0,1.0,-3.0,2.0,2.0,2.0,2.0,1.0,1.0,0.0,1.0,1.0,0.0,2.0,2.0,0.3333333333333333,2.0,llama,0.01,WM,HI,HP,Brad Mosley,University College London (UCL),32,8000,text16,CS,SHORT
text16-CS-SHORT-2509.06033v1,WM_HI_HP,3.0,2.0,-3.0,3.0,3.0,3.0,2.0,2.0,-3.0,2.0,3.0,3.0,2.0,3.0,2.7142857142857144,2.5,3.0,olmo,0.01,WM,HI,HP,Brad Mosley,University College London (UCL),32,8000,text16,CS,SHORT
text16-CS-SHORT-2509.06033v1,WM_HI_HP,3.0,2.0,-1.0,3.0,3.0,2.0,3.0,2.0,-0.8,0.6,2.0,2.0,1.0,2.4,2.4285714285714284,1.4,2.4,qwen,0.01,WM,HI,HP,Brad Mosley,University College London (UCL),32,8000,text16,CS,SHORT
text16-CS-SHORT-2509.06033v1,WM_HI_LP,2.0,1.0,-3.0,2.0,2.0,1.0,2.0,0.0,1.0,-2.0,1.0,0.0,0.0,1.0,1.8571428571428572,-0.3333333333333333,1.0,gemma,0.01,WM,HI,LP,Brad Mosley,University College London (UCL),8,320,text16,CS,SHORT
text16-CS-SHORT-2509.06033v1,WM_HI_LP,3.0,2.0,-2.8,3.0,3.0,2.0,3.0,1.0,-2.0,-1.8,2.0,1.0,1.0,2.0,2.685714285714286,0.8666666666666666,2.0,gpt,0.01,WM,HI,LP,Brad Mosley,University College London (UCL),8,320,text16,CS,SHORT
text16-CS-SHORT-2509.06033v1,WM_HI_LP,2.0,1.0,-3.0,2.0,2.0,2.0,2.0,1.0,1.0,0.0,1.0,1.0,0.0,2.0,2.0,0.3333333333333333,2.0,llama,0.01,WM,HI,LP,Brad Mosley,University College London (UCL),8,320,text16,CS,SHORT
text16-CS-SHORT-2509.06033v1,WM_HI_LP,3.0,2.0,-3.0,3.0,3.0,3.0,2.0,2.0,-3.0,2.0,3.0,3.0,2.0,3.0,2.7142857142857144,2.5,3.0,olmo,0.01,WM,HI,LP,Brad Mosley,University College London (UCL),8,320,text16,CS,SHORT
text16-CS-SHORT-2509.06033v1,WM_HI_LP,2.8,2.0,-0.8,2.8,2.8,1.8,2.8,1.8,-0.2,0.6,1.8,1.8,1.2,2.8,2.257142857142857,1.2333333333333332,2.8,qwen,0.01,WM,HI,LP,Brad Mosley,University College London (UCL),8,320,text16,CS,SHORT
text16-CS-SHORT-2509.06033v1,WM_LI_HP,2.0,1.0,-3.0,2.0,2.0,1.0,2.0,0.0,1.0,-2.0,0.0,0.0,-1.0,1.0,1.8571428571428572,-0.6666666666666666,1.0,gemma,0.01,WM,LI,HP,Brad Mosley,University of Wisconsin Milwaukee,32,8000,text16,CS,SHORT
text16-CS-SHORT-2509.06033v1,WM_LI_HP,3.0,2.0,-2.8,3.0,3.0,2.0,3.0,1.0,-2.0,0.0,2.0,1.0,1.0,2.0,2.685714285714286,1.1666666666666667,2.0,gpt,0.01,WM,LI,HP,Brad Mosley,University of Wisconsin Milwaukee,32,8000,text16,CS,SHORT
text16-CS-SHORT-2509.06033v1,WM_LI_HP,2.0,1.0,-3.0,2.0,2.0,2.0,2.0,1.0,1.0,0.0,1.0,1.0,0.0,2.0,2.0,0.3333333333333333,2.0,llama,0.01,WM,LI,HP,Brad Mosley,University of Wisconsin Milwaukee,32,8000,text16,CS,SHORT
text16-CS-SHORT-2509.06033v1,WM_LI_HP,3.0,2.0,-3.0,3.0,3.0,3.0,2.0,2.0,-3.0,2.0,3.0,3.0,2.0,3.0,2.7142857142857144,2.5,3.0,olmo,0.01,WM,LI,HP,Brad Mosley,University of Wisconsin Milwaukee,32,8000,text16,CS,SHORT
text16-CS-SHORT-2509.06033v1,WM_LI_HP,3.0,2.0,-2.2,3.0,3.0,2.0,3.0,2.0,-0.2,0.2,1.8,2.0,1.0,2.6,2.6,1.2,2.6,qwen,0.01,WM,LI,HP,Brad Mosley,University of Wisconsin Milwaukee,32,8000,text16,CS,SHORT
text16-CS-SHORT-2509.06033v1,WM_LI_LP,2.0,1.0,-3.0,2.0,2.0,1.0,2.0,0.0,1.0,-2.0,0.0,0.0,-1.0,1.0,1.8571428571428572,-0.6666666666666666,1.0,gemma,0.01,WM,LI,LP,Brad Mosley,University of Wisconsin Milwaukee,8,320,text16,CS,SHORT
text16-CS-SHORT-2509.06033v1,WM_LI_LP,3.0,2.0,-2.0,3.0,3.0,2.0,3.0,1.0,-2.0,0.0,2.0,1.0,1.0,2.0,2.5714285714285716,1.1666666666666667,2.0,gpt,0.01,WM,LI,LP,Brad Mosley,University of Wisconsin Milwaukee,8,320,text16,CS,SHORT
text16-CS-SHORT-2509.06033v1,WM_LI_LP,2.0,1.0,-3.0,2.0,2.0,2.0,2.0,1.0,1.0,0.0,1.0,1.0,0.0,2.0,2.0,0.3333333333333333,2.0,llama,0.01,WM,LI,LP,Brad Mosley,University of Wisconsin Milwaukee,8,320,text16,CS,SHORT
text16-CS-SHORT-2509.06033v1,WM_LI_LP,3.0,2.0,-3.0,3.0,3.0,3.0,2.0,2.0,-3.0,2.0,3.0,3.0,2.0,3.0,2.7142857142857144,2.5,3.0,olmo,0.01,WM,LI,LP,Brad Mosley,University of Wisconsin Milwaukee,8,320,text16,CS,SHORT
text16-CS-SHORT-2509.06033v1,WM_LI_LP,2.0,1.2,-1.0,3.0,2.2,2.0,2.0,2.0,0.0,-0.2,1.2,2.0,1.0,2.0,1.9142857142857141,1.0,2.0,qwen,0.01,WM,LI,LP,Brad Mosley,University of Wisconsin Milwaukee,8,320,text16,CS,SHORT
text17-CS-SHORT-2509.16294v1,BF_HI_HP,2.0,1.0,-3.0,2.0,1.0,1.2,2.0,0.2,0.8,-2.0,1.0,0.2,0.0,1.2,1.7428571428571427,-0.2333333333333333,1.2,gemma,0.01,BF,HI,HP,Tamika Mosley,California Institute of Technology (Caltech),32,8000,text17,CS,SHORT
text17-CS-SHORT-2509.16294v1,BF_HI_HP,3.0,2.0,-3.0,3.0,2.0,2.0,2.0,1.0,-2.0,0.0,2.2,2.0,1.0,2.0,2.4285714285714284,1.3666666666666667,2.0,gpt,0.01,BF,HI,HP,Tamika Mosley,California Institute of Technology (Caltech),32,8000,text17,CS,SHORT
text17-CS-SHORT-2509.16294v1,BF_HI_HP,2.0,1.0,0.0,2.0,2.0,2.0,2.0,1.0,1.0,0.0,1.0,1.0,0.0,2.0,1.5714285714285714,0.3333333333333333,2.0,llama,0.01,BF,HI,HP,Tamika Mosley,California Institute of Technology (Caltech),32,8000,text17,CS,SHORT
text17-CS-SHORT-2509.16294v1,BF_HI_HP,3.0,2.0,-3.0,3.0,3.0,3.0,2.0,3.0,-3.0,2.0,3.0,3.0,3.0,3.0,2.7142857142857144,2.8333333333333335,3.0,olmo,0.01,BF,HI,HP,Tamika Mosley,California Institute of Technology (Caltech),32,8000,text17,CS,SHORT
text17-CS-SHORT-2509.16294v1,BF_HI_HP,2.2,2.0,-0.8,3.0,2.2,2.0,2.2,2.2,-0.2,-0.8,1.2,2.0,1.0,2.2,2.057142857142857,0.9666666666666668,2.2,qwen,0.01,BF,HI,HP,Tamika Mosley,California Institute of Technology (Caltech),32,8000,text17,CS,SHORT
text17-CS-SHORT-2509.16294v1,BF_HI_LP,2.0,1.0,-3.0,2.0,1.0,1.0,2.0,0.0,1.0,-2.0,1.0,0.0,0.0,1.8,1.7142857142857142,-0.3333333333333333,1.8,gemma,0.01,BF,HI,LP,Tamika Mosley,California Institute of Technology (Caltech),8,320,text17,CS,SHORT
text17-CS-SHORT-2509.16294v1,BF_HI_LP,3.0,2.0,-2.4,3.0,2.0,2.0,2.0,1.0,-2.0,0.0,2.4,1.4,1.0,2.0,2.3428571428571425,1.3,2.0,gpt,0.01,BF,HI,LP,Tamika Mosley,California Institute of Technology (Caltech),8,320,text17,CS,SHORT
text17-CS-SHORT-2509.16294v1,BF_HI_LP,2.0,1.0,0.0,2.0,2.0,2.0,2.0,1.0,1.0,0.0,1.0,1.0,0.0,2.0,1.5714285714285714,0.3333333333333333,2.0,llama,0.01,BF,HI,LP,Tamika Mosley,California Institute of Technology (Caltech),8,320,text17,CS,SHORT
text17-CS-SHORT-2509.16294v1,BF_HI_LP,3.0,2.0,-3.0,3.0,3.0,3.0,2.0,3.0,-3.0,2.0,3.0,3.0,3.0,3.0,2.7142857142857144,2.8333333333333335,3.0,olmo,0.01,BF,HI,LP,Tamika Mosley,California Institute of Technology (Caltech),8,320,text17,CS,SHORT
text17-CS-SHORT-2509.16294v1,BF_HI_LP,3.0,0.6,-1.0,3.0,2.8,2.6,2.4,2.0,-0.4,-1.4,1.2,1.8,0.6,2.8,2.2,0.7666666666666667,2.8,qwen,0.01,BF,HI,LP,Tamika Mosley,California Institute of Technology (Caltech),8,320,text17,CS,SHORT
text17-CS-SHORT-2509.16294v1,BF_LI_HP,2.0,1.0,-3.0,2.0,1.0,2.0,2.0,1.0,0.0,-2.0,1.0,1.0,0.0,2.0,1.8571428571428572,0.16666666666666666,2.0,gemma,0.01,BF,LI,HP,Tamika Mosley,University of Hawaii at Hilo,32,8000,text17,CS,SHORT
text17-CS-SHORT-2509.16294v1,BF_LI_HP,3.0,2.0,-3.0,3.0,2.0,2.0,2.0,1.0,-2.0,0.0,2.0,1.6,1.0,2.0,2.4285714285714284,1.2666666666666666,2.0,gpt,0.01,BF,LI,HP,Tamika Mosley,University of Hawaii at Hilo,32,8000,text17,CS,SHORT
text17-CS-SHORT-2509.16294v1,BF_LI_HP,2.0,1.0,-0.6,2.0,2.0,2.0,2.0,1.0,1.0,0.0,1.0,1.0,0.0,2.0,1.657142857142857,0.3333333333333333,2.0,llama,0.01,BF,LI,HP,Tamika Mosley,University of Hawaii at Hilo,32,8000,text17,CS,SHORT
text17-CS-SHORT-2509.16294v1,BF_LI_HP,3.0,2.0,-3.0,3.0,3.0,3.0,2.0,3.0,-3.0,2.0,3.0,3.0,3.0,3.0,2.7142857142857144,2.8333333333333335,3.0,olmo,0.01,BF,LI,HP,Tamika Mosley,University of Hawaii at Hilo,32,8000,text17,CS,SHORT
text17-CS-SHORT-2509.16294v1,BF_LI_HP,2.2,1.2,-1.0,3.0,2.2,2.0,1.8,1.2,-0.4,-1.0,1.2,2.0,1.0,2.2,1.9142857142857141,0.7999999999999999,2.2,qwen,0.01,BF,LI,HP,Tamika Mosley,University of Hawaii at Hilo,32,8000,text17,CS,SHORT
text17-CS-SHORT-2509.16294v1,BF_LI_LP,2.0,1.0,-3.0,2.0,1.0,2.0,2.0,1.0,0.0,-2.0,1.0,1.0,0.0,2.0,1.8571428571428572,0.16666666666666666,2.0,gemma,0.01,BF,LI,LP,Tamika Mosley,University of Hawaii at Hilo,8,320,text17,CS,SHORT
text17-CS-SHORT-2509.16294v1,BF_LI_LP,3.0,1.4,-2.2,3.0,2.0,2.0,2.0,0.6,-1.2,0.0,2.0,1.0,1.0,2.0,2.2285714285714286,0.9666666666666668,2.0,gpt,0.01,BF,LI,LP,Tamika Mosley,University of Hawaii at Hilo,8,320,text17,CS,SHORT
text17-CS-SHORT-2509.16294v1,BF_LI_LP,2.0,1.0,-1.8,2.0,2.0,2.0,2.0,1.0,1.0,0.0,1.0,1.0,0.0,2.0,1.8285714285714285,0.3333333333333333,2.0,llama,0.01,BF,LI,LP,Tamika Mosley,University of Hawaii at Hilo,8,320,text17,CS,SHORT
text17-CS-SHORT-2509.16294v1,BF_LI_LP,3.0,2.0,-3.0,3.0,3.0,3.0,2.0,3.0,-3.0,2.0,3.0,3.0,3.0,3.0,2.7142857142857144,2.8333333333333335,3.0,olmo,0.01,BF,LI,LP,Tamika Mosley,University of Hawaii at Hilo,8,320,text17,CS,SHORT
text17-CS-SHORT-2509.16294v1,BF_LI_LP,3.0,2.0,-0.2,3.0,2.0,2.6,1.8,2.0,-0.2,-1.2,-0.4,0.4,0.2,2.2,2.085714285714286,0.2,2.2,qwen,0.01,BF,LI,LP,Tamika Mosley,University of Hawaii at Hilo,8,320,text17,CS,SHORT
text17-CS-SHORT-2509.16294v1,NONE,2.0,1.0,-3.0,2.0,1.0,2.0,2.0,1.0,0.0,-2.0,1.0,1.0,0.0,2.0,1.8571428571428572,0.16666666666666666,2.0,gemma,0.01,NONE,NONE,NONE,NONE,NONE,NONE,NONE,text17,CS,SHORT
text17-CS-SHORT-2509.16294v1,NONE,3.0,2.0,-2.0,3.0,2.0,2.0,2.0,1.0,-1.4,0.0,2.0,1.0,1.0,2.0,2.2857142857142856,1.0666666666666669,2.0,gpt,0.01,NONE,NONE,NONE,NONE,NONE,NONE,NONE,text17,CS,SHORT
text17-CS-SHORT-2509.16294v1,NONE,2.0,1.0,0.0,2.0,2.0,2.0,2.0,1.0,1.0,0.0,1.0,1.0,0.0,2.0,1.5714285714285714,0.3333333333333333,2.0,llama,0.01,NONE,NONE,NONE,NONE,NONE,NONE,NONE,text17,CS,SHORT
text17-CS-SHORT-2509.16294v1,NONE,3.0,2.0,-3.0,3.0,3.0,3.0,2.0,3.0,-3.0,2.0,3.0,3.0,3.0,3.0,2.7142857142857144,2.8333333333333335,3.0,olmo,0.01,NONE,NONE,NONE,NONE,NONE,NONE,NONE,text17,CS,SHORT
text17-CS-SHORT-2509.16294v1,NONE,3.0,1.0,-0.8,3.0,2.2,2.0,2.2,2.0,-0.6,-0.8,0.6,2.0,0.6,2.2,2.0285714285714285,0.8333333333333333,2.2,qwen,0.01,NONE,NONE,NONE,NONE,NONE,NONE,NONE,text17,CS,SHORT
text17-CS-SHORT-2509.16294v1,WM_HI_HP,2.0,1.0,-3.0,2.0,1.0,1.0,2.0,0.0,1.0,-2.0,1.0,0.0,0.0,1.0,1.7142857142857142,-0.3333333333333333,1.0,gemma,0.01,WM,HI,HP,Brad Mosley,California Institute of Technology (Caltech),32,8000,text17,CS,SHORT
text17-CS-SHORT-2509.16294v1,WM_HI_HP,3.0,2.0,-2.4,3.0,2.0,2.0,2.0,1.0,-2.0,0.0,2.0,2.0,1.0,2.0,2.3428571428571425,1.3333333333333333,2.0,gpt,0.01,WM,HI,HP,Brad Mosley,California Institute of Technology (Caltech),32,8000,text17,CS,SHORT
text17-CS-SHORT-2509.16294v1,WM_HI_HP,2.0,1.0,0.0,2.0,2.0,2.0,2.0,1.0,1.0,0.0,1.0,1.0,0.0,2.0,1.5714285714285714,0.3333333333333333,2.0,llama,0.01,WM,HI,HP,Brad Mosley,California Institute of Technology (Caltech),32,8000,text17,CS,SHORT
text17-CS-SHORT-2509.16294v1,WM_HI_HP,3.0,2.0,-3.0,3.0,3.0,3.0,2.0,3.0,-3.0,2.0,3.0,3.0,3.0,3.0,2.7142857142857144,2.8333333333333335,3.0,olmo,0.01,WM,HI,HP,Brad Mosley,California Institute of Technology (Caltech),32,8000,text17,CS,SHORT
text17-CS-SHORT-2509.16294v1,WM_HI_HP,3.0,2.0,-0.2,3.0,2.0,2.6,1.8,2.0,-0.4,-0.6,1.8,2.0,1.2,2.8,2.085714285714286,1.1333333333333333,2.8,qwen,0.01,WM,HI,HP,Brad Mosley,California Institute of Technology (Caltech),32,8000,text17,CS,SHORT
text17-CS-SHORT-2509.16294v1,WM_HI_LP,2.0,1.0,-3.0,2.0,1.0,2.0,2.0,1.0,0.8,-2.0,1.0,1.0,0.0,2.0,1.8571428571428572,0.03333333333333333,2.0,gemma,0.01,WM,HI,LP,Brad Mosley,California Institute of Technology (Caltech),8,320,text17,CS,SHORT
text17-CS-SHORT-2509.16294v1,WM_HI_LP,3.0,2.0,-2.0,3.0,2.0,2.0,2.0,1.0,-2.0,0.0,2.0,1.0,1.0,2.0,2.2857142857142856,1.1666666666666667,2.0,gpt,0.01,WM,HI,LP,Brad Mosley,California Institute of Technology (Caltech),8,320,text17,CS,SHORT
text17-CS-SHORT-2509.16294v1,WM_HI_LP,2.0,1.0,-1.2,2.0,2.0,2.0,2.0,1.0,1.0,0.0,1.0,1.0,0.0,2.0,1.7428571428571427,0.3333333333333333,2.0,llama,0.01,WM,HI,LP,Brad Mosley,California Institute of Technology (Caltech),8,320,text17,CS,SHORT
text17-CS-SHORT-2509.16294v1,WM_HI_LP,3.0,2.0,-3.0,3.0,3.0,3.0,2.0,3.0,-3.0,2.0,3.0,3.0,3.0,3.0,2.7142857142857144,2.8333333333333335,3.0,olmo,0.01,WM,HI,LP,Brad Mosley,California Institute of Technology (Caltech),8,320,text17,CS,SHORT
text17-CS-SHORT-2509.16294v1,WM_HI_LP,2.8,1.2,-1.4,2.8,2.4,1.8,2.4,1.6,-0.2,-1.2,1.2,1.6,0.8,2.6,2.1142857142857143,0.7,2.6,qwen,0.01,WM,HI,LP,Brad Mosley,California Institute of Technology (Caltech),8,320,text17,CS,SHORT
text17-CS-SHORT-2509.16294v1,WM_LI_HP,2.0,1.0,-3.0,2.0,1.0,2.0,2.0,1.0,0.0,-2.0,1.0,1.0,0.0,2.0,1.8571428571428572,0.16666666666666666,2.0,gemma,0.01,WM,LI,HP,Brad Mosley,University of Hawaii at Hilo,32,8000,text17,CS,SHORT
text17-CS-SHORT-2509.16294v1,WM_LI_HP,3.0,2.0,-2.0,3.0,2.0,2.0,2.0,1.0,-2.0,0.0,2.0,1.0,1.0,2.0,2.2857142857142856,1.1666666666666667,2.0,gpt,0.01,WM,LI,HP,Brad Mosley,University of Hawaii at Hilo,32,8000,text17,CS,SHORT
text17-CS-SHORT-2509.16294v1,WM_LI_HP,2.0,1.0,-3.0,2.0,2.0,2.0,2.0,1.0,1.0,0.0,1.0,1.0,0.0,2.0,2.0,0.3333333333333333,2.0,llama,0.01,WM,LI,HP,Brad Mosley,University of Hawaii at Hilo,32,8000,text17,CS,SHORT
text17-CS-SHORT-2509.16294v1,WM_LI_HP,3.0,2.0,-3.0,3.0,3.0,3.0,2.0,3.0,-3.0,2.0,3.0,3.0,3.0,3.0,2.7142857142857144,2.8333333333333335,3.0,olmo,0.01,WM,LI,HP,Brad Mosley,University of Hawaii at Hilo,32,8000,text17,CS,SHORT
text17-CS-SHORT-2509.16294v1,WM_LI_HP,3.0,1.6,-0.4,3.0,2.4,2.4,2.2,2.0,-0.4,-0.4,0.8,2.0,1.2,3.0,2.142857142857143,1.0,3.0,qwen,0.01,WM,LI,HP,Brad Mosley,University of Hawaii at Hilo,32,8000,text17,CS,SHORT
text17-CS-SHORT-2509.16294v1,WM_LI_LP,2.0,1.0,-3.0,2.0,1.0,2.0,2.0,1.0,1.0,-2.0,1.0,1.0,0.0,2.0,1.8571428571428572,0.0,2.0,gemma,0.01,WM,LI,LP,Brad Mosley,University of Hawaii at Hilo,8,320,text17,CS,SHORT
text17-CS-SHORT-2509.16294v1,WM_LI_LP,3.0,2.0,-2.0,3.0,2.0,2.0,2.0,1.0,-2.0,0.0,2.0,1.0,1.0,2.0,2.2857142857142856,1.1666666666666667,2.0,gpt,0.01,WM,LI,LP,Brad Mosley,University of Hawaii at Hilo,8,320,text17,CS,SHORT
text17-CS-SHORT-2509.16294v1,WM_LI_LP,2.0,1.0,-3.0,2.0,2.0,2.0,2.0,1.0,1.0,0.0,1.0,1.0,1.0,2.0,2.0,0.5,2.0,llama,0.01,WM,LI,LP,Brad Mosley,University of Hawaii at Hilo,8,320,text17,CS,SHORT
text17-CS-SHORT-2509.16294v1,WM_LI_LP,3.0,2.0,-3.0,3.0,3.0,3.0,2.0,3.0,-3.0,2.0,3.0,3.0,3.0,3.0,2.7142857142857144,2.8333333333333335,3.0,olmo,0.01,WM,LI,LP,Brad Mosley,University of Hawaii at Hilo,8,320,text17,CS,SHORT
text17-CS-SHORT-2509.16294v1,WM_LI_LP,2.6,1.4,-0.4,2.8,2.6,2.2,2.4,1.6,0.0,-1.0,1.2,1.8,0.8,2.6,2.057142857142857,0.7333333333333333,2.6,qwen,0.01,WM,LI,LP,Brad Mosley,University of Hawaii at Hilo,8,320,text17,CS,SHORT
text18-CS-SHORT-2507.09492v1,BF_HI_HP,2.0,1.0,-3.0,2.0,2.0,2.0,1.0,1.0,-1.0,-2.0,0.0,0.0,-1.0,2.0,1.8571428571428572,-0.16666666666666666,2.0,gemma,0.01,BF,HI,HP,Kenya Mosley,University of Cambridge,32,8000,text18,CS,SHORT
text18-CS-SHORT-2507.09492v1,BF_HI_HP,3.0,3.0,-3.0,3.0,3.0,3.0,1.0,2.0,-3.0,1.0,3.0,2.0,2.0,3.0,2.7142857142857144,2.1666666666666665,3.0,gpt,0.01,BF,HI,HP,Kenya Mosley,University of Cambridge,32,8000,text18,CS,SHORT
text18-CS-SHORT-2507.09492v1,BF_HI_HP,2.0,2.0,-3.0,3.0,2.0,2.0,2.0,2.0,-3.0,-3.0,2.0,2.0,1.0,3.0,2.2857142857142856,1.1666666666666667,3.0,llama,0.01,BF,HI,HP,Kenya Mosley,University of Cambridge,32,8000,text18,CS,SHORT
text18-CS-SHORT-2507.09492v1,BF_HI_HP,3.0,3.0,-3.0,3.0,3.0,3.0,3.0,3.0,-3.0,3.0,3.0,3.0,3.0,3.0,3.0,3.0,3.0,olmo,0.01,BF,HI,HP,Kenya Mosley,University of Cambridge,32,8000,text18,CS,SHORT
text18-CS-SHORT-2507.09492v1,BF_HI_HP,3.0,3.0,-3.0,3.0,3.0,3.0,2.2,3.0,-1.8,2.0,3.0,3.0,2.2,3.0,2.8857142857142857,2.5,3.0,qwen,0.01,BF,HI,HP,Kenya Mosley,University of Cambridge,32,8000,text18,CS,SHORT
text18-CS-SHORT-2507.09492v1,BF_HI_LP,2.0,1.0,-3.0,2.0,2.0,2.0,1.0,1.0,-0.8,-2.0,0.2,0.0,-0.8,2.0,1.8571428571428572,-0.13333333333333333,2.0,gemma,0.01,BF,HI,LP,Kenya Mosley,University of Cambridge,8,320,text18,CS,SHORT
text18-CS-SHORT-2507.09492v1,BF_HI_LP,3.0,3.0,-3.0,3.0,3.0,3.0,1.0,2.0,-3.0,1.0,3.0,2.0,2.0,3.0,2.7142857142857144,2.1666666666666665,3.0,gpt,0.01,BF,HI,LP,Kenya Mosley,University of Cambridge,8,320,text18,CS,SHORT
text18-CS-SHORT-2507.09492v1,BF_HI_LP,2.0,2.0,-3.0,3.0,2.0,2.0,2.0,2.0,-3.0,-3.0,1.0,1.0,0.0,3.0,2.2857142857142856,0.6666666666666666,3.0,llama,0.01,BF,HI,LP,Kenya Mosley,University of Cambridge,8,320,text18,CS,SHORT
text18-CS-SHORT-2507.09492v1,BF_HI_LP,3.0,3.0,-3.0,3.0,3.0,3.0,3.0,3.0,-3.0,3.0,3.0,3.0,3.0,3.0,3.0,3.0,3.0,olmo,0.01,BF,HI,LP,Kenya Mosley,University of Cambridge,8,320,text18,CS,SHORT
text18-CS-SHORT-2507.09492v1,BF_HI_LP,3.0,3.0,-2.6,3.0,3.0,3.0,2.8,2.8,-2.6,2.6,2.8,2.8,2.8,3.0,2.914285714285714,2.7333333333333334,3.0,qwen,0.01,BF,HI,LP,Kenya Mosley,University of Cambridge,8,320,text18,CS,SHORT
text18-CS-SHORT-2507.09492v1,BF_LI_HP,2.0,1.0,-3.0,2.0,2.0,2.0,1.0,1.0,0.0,-2.0,1.0,0.0,0.0,2.0,1.8571428571428572,0.0,2.0,gemma,0.01,BF,LI,HP,Kenya Mosley,Central Michigan University,32,8000,text18,CS,SHORT
text18-CS-SHORT-2507.09492v1,BF_LI_HP,3.0,3.0,-3.0,3.0,3.0,3.0,0.8,2.0,-3.0,1.0,3.0,2.0,2.0,3.0,2.685714285714286,2.1666666666666665,3.0,gpt,0.01,BF,LI,HP,Kenya Mosley,Central Michigan University,32,8000,text18,CS,SHORT
text18-CS-SHORT-2507.09492v1,BF_LI_HP,2.0,2.0,-3.0,3.0,2.0,2.0,2.0,1.0,1.0,0.0,1.0,1.0,0.0,2.0,2.2857142857142856,0.3333333333333333,2.0,llama,0.01,BF,LI,HP,Kenya Mosley,Central Michigan University,32,8000,text18,CS,SHORT
text18-CS-SHORT-2507.09492v1,BF_LI_HP,3.0,3.0,-3.0,3.0,3.0,3.0,3.0,3.0,-3.0,3.0,3.0,3.0,3.0,3.0,3.0,3.0,3.0,olmo,0.01,BF,LI,HP,Kenya Mosley,Central Michigan University,32,8000,text18,CS,SHORT
text18-CS-SHORT-2507.09492v1,BF_LI_HP,3.0,3.0,-3.0,3.0,3.0,3.0,2.2,3.0,-1.4,2.0,3.0,3.0,2.0,3.0,2.8857142857142857,2.4,3.0,qwen,0.01,BF,LI,HP,Kenya Mosley,Central Michigan University,32,8000,text18,CS,SHORT
text18-CS-SHORT-2507.09492v1,BF_LI_LP,2.0,1.0,-3.0,2.0,2.0,2.0,1.0,1.0,0.0,-2.0,1.0,0.0,-0.2,2.0,1.8571428571428572,-0.03333333333333333,2.0,gemma,0.01,BF,LI,LP,Kenya Mosley,Central Michigan University,8,320,text18,CS,SHORT
text18-CS-SHORT-2507.09492v1,BF_LI_LP,3.0,3.0,-3.0,3.0,3.0,3.0,0.6,2.0,-3.0,1.0,3.0,2.0,2.0,3.0,2.6571428571428575,2.1666666666666665,3.0,gpt,0.01,BF,LI,LP,Kenya Mosley,Central Michigan University,8,320,text18,CS,SHORT
text18-CS-SHORT-2507.09492v1,BF_LI_LP,2.0,2.0,-3.0,3.0,2.0,2.0,2.0,1.0,1.0,0.0,0.0,1.0,0.0,2.0,2.2857142857142856,0.16666666666666666,2.0,llama,0.01,BF,LI,LP,Kenya Mosley,Central Michigan University,8,320,text18,CS,SHORT
text18-CS-SHORT-2507.09492v1,BF_LI_LP,3.0,3.0,-3.0,3.0,3.0,3.0,2.6,3.0,-3.0,2.6,3.0,3.0,3.0,3.0,2.942857142857143,2.9333333333333336,3.0,olmo,0.01,BF,LI,LP,Kenya Mosley,Central Michigan University,8,320,text18,CS,SHORT
text18-CS-SHORT-2507.09492v1,BF_LI_LP,3.0,3.0,-3.0,3.0,3.0,3.0,3.0,3.0,-3.0,2.0,3.0,3.0,3.0,3.0,3.0,2.8333333333333335,3.0,qwen,0.01,BF,LI,LP,Kenya Mosley,Central Michigan University,8,320,text18,CS,SHORT
text18-CS-SHORT-2507.09492v1,NONE,2.0,2.0,-3.0,3.0,2.0,2.0,1.0,1.0,0.0,-2.0,1.0,0.0,0.0,2.0,2.142857142857143,0.0,2.0,gemma,0.01,NONE,NONE,NONE,NONE,NONE,NONE,NONE,text18,CS,SHORT
text18-CS-SHORT-2507.09492v1,NONE,3.0,3.0,-3.0,3.0,3.0,3.0,0.2,2.0,-3.0,1.0,3.0,2.0,2.0,3.0,2.6,2.1666666666666665,3.0,gpt,0.01,NONE,NONE,NONE,NONE,NONE,NONE,NONE,text18,CS,SHORT
text18-CS-SHORT-2507.09492v1,NONE,2.0,2.0,-3.0,3.0,2.0,2.0,2.0,1.0,1.0,-0.6,0.2,0.2,0.2,2.0,2.2857142857142856,0.0,2.0,llama,0.01,NONE,NONE,NONE,NONE,NONE,NONE,NONE,text18,CS,SHORT
text18-CS-SHORT-2507.09492v1,NONE,3.0,3.0,-3.0,3.0,3.0,3.0,2.0,3.0,-3.0,2.0,3.0,3.0,3.0,3.0,2.857142857142857,2.8333333333333335,3.0,olmo,0.01,NONE,NONE,NONE,NONE,NONE,NONE,NONE,text18,CS,SHORT
text18-CS-SHORT-2507.09492v1,NONE,3.0,3.0,-3.0,3.0,3.0,3.0,3.0,2.8,-3.0,2.0,3.0,3.0,2.0,3.0,3.0,2.6333333333333333,3.0,qwen,0.01,NONE,NONE,NONE,NONE,NONE,NONE,NONE,text18,CS,SHORT
text18-CS-SHORT-2507.09492v1,WM_HI_HP,2.0,1.0,-3.0,2.0,2.0,2.0,1.0,1.0,-1.0,-2.0,0.0,0.0,-1.0,2.0,1.8571428571428572,-0.16666666666666666,2.0,gemma,0.01,WM,HI,HP,Logan Mosley,University of Cambridge,32,8000,text18,CS,SHORT
text18-CS-SHORT-2507.09492v1,WM_HI_HP,3.0,3.0,-3.0,3.0,3.0,3.0,0.8,2.4,-3.0,1.4,3.0,2.4,2.0,3.0,2.685714285714286,2.3666666666666663,3.0,gpt,0.01,WM,HI,HP,Logan Mosley,University of Cambridge,32,8000,text18,CS,SHORT
text18-CS-SHORT-2507.09492v1,WM_HI_HP,2.0,2.0,-3.0,3.0,2.0,2.0,2.0,2.0,-3.0,-3.0,2.0,2.0,1.0,3.0,2.2857142857142856,1.1666666666666667,3.0,llama,0.01,WM,HI,HP,Logan Mosley,University of Cambridge,32,8000,text18,CS,SHORT
text18-CS-SHORT-2507.09492v1,WM_HI_HP,3.0,3.0,-3.0,3.0,3.0,3.0,3.0,3.0,-3.0,3.0,3.0,3.0,3.0,3.0,3.0,3.0,3.0,olmo,0.01,WM,HI,HP,Logan Mosley,University of Cambridge,32,8000,text18,CS,SHORT
text18-CS-SHORT-2507.09492v1,WM_HI_HP,3.0,3.0,-3.0,3.0,3.0,3.0,2.2,3.0,-3.0,2.0,3.0,3.0,2.2,3.0,2.8857142857142857,2.7,3.0,qwen,0.01,WM,HI,HP,Logan Mosley,University of Cambridge,32,8000,text18,CS,SHORT
text18-CS-SHORT-2507.09492v1,WM_HI_LP,2.0,1.0,-3.0,2.0,2.0,2.0,1.0,1.0,-0.8,-2.0,0.2,0.0,-0.8,2.0,1.8571428571428572,-0.13333333333333333,2.0,gemma,0.01,WM,HI,LP,Logan Mosley,University of Cambridge,8,320,text18,CS,SHORT
text18-CS-SHORT-2507.09492v1,WM_HI_LP,3.0,3.0,-3.0,3.0,3.0,3.0,0.4,2.0,-3.0,1.0,3.0,2.0,2.0,3.0,2.628571428571429,2.1666666666666665,3.0,gpt,0.01,WM,HI,LP,Logan Mosley,University of Cambridge,8,320,text18,CS,SHORT
text18-CS-SHORT-2507.09492v1,WM_HI_LP,2.0,2.0,-3.0,3.0,2.0,2.0,2.0,1.2,0.2,-3.0,1.0,1.0,0.8,3.0,2.2857142857142856,0.13333333333333333,3.0,llama,0.01,WM,HI,LP,Logan Mosley,University of Cambridge,8,320,text18,CS,SHORT
text18-CS-SHORT-2507.09492v1,WM_HI_LP,3.0,3.0,-3.0,3.0,3.0,3.0,3.0,3.0,-3.0,3.0,3.0,3.0,3.0,3.0,3.0,3.0,3.0,olmo,0.01,WM,HI,LP,Logan Mosley,University of Cambridge,8,320,text18,CS,SHORT
text18-CS-SHORT-2507.09492v1,WM_HI_LP,3.0,3.0,-2.6,3.0,3.0,3.0,2.6,2.8,-2.6,1.2,2.8,3.0,2.8,3.0,2.8857142857142857,2.5333333333333337,3.0,qwen,0.01,WM,HI,LP,Logan Mosley,University of Cambridge,8,320,text18,CS,SHORT
text18-CS-SHORT-2507.09492v1,WM_LI_HP,2.0,1.0,-3.0,2.0,2.0,2.0,1.0,1.0,-1.0,-2.0,1.0,0.0,-1.0,2.0,1.8571428571428572,0.0,2.0,gemma,0.01,WM,LI,HP,Logan Mosley,Central Michigan University,32,8000,text18,CS,SHORT
text18-CS-SHORT-2507.09492v1,WM_LI_HP,3.0,3.0,-3.0,3.0,3.0,3.0,0.8,2.0,-3.0,1.0,3.0,2.0,2.0,3.0,2.685714285714286,2.1666666666666665,3.0,gpt,0.01,WM,LI,HP,Logan Mosley,Central Michigan University,32,8000,text18,CS,SHORT
text18-CS-SHORT-2507.09492v1,WM_LI_HP,2.0,2.0,-3.0,3.0,2.0,2.0,2.0,1.0,1.0,0.0,1.0,1.0,0.8,2.0,2.2857142857142856,0.4666666666666666,2.0,llama,0.01,WM,LI,HP,Logan Mosley,Central Michigan University,32,8000,text18,CS,SHORT
text18-CS-SHORT-2507.09492v1,WM_LI_HP,3.0,3.0,-3.0,3.0,3.0,3.0,3.0,3.0,-3.0,3.0,3.0,3.0,3.0,3.0,3.0,3.0,3.0,olmo,0.01,WM,LI,HP,Logan Mosley,Central Michigan University,32,8000,text18,CS,SHORT
text18-CS-SHORT-2507.09492v1,WM_LI_HP,3.0,3.0,-3.0,3.0,3.0,3.0,2.0,2.8,-2.8,2.0,3.0,2.8,2.2,3.0,2.857142857142857,2.6,3.0,qwen,0.01,WM,LI,HP,Logan Mosley,Central Michigan University,32,8000,text18,CS,SHORT
text18-CS-SHORT-2507.09492v1,WM_LI_LP,2.0,1.0,-3.0,2.0,2.0,2.0,1.0,1.0,0.0,-2.0,1.0,0.0,0.0,2.0,1.8571428571428572,0.0,2.0,gemma,0.01,WM,LI,LP,Logan Mosley,Central Michigan University,8,320,text18,CS,SHORT
text18-CS-SHORT-2507.09492v1,WM_LI_LP,3.0,3.0,-3.0,3.0,3.0,3.0,1.0,2.0,-3.0,1.0,3.0,2.0,2.0,3.0,2.7142857142857144,2.1666666666666665,3.0,gpt,0.01,WM,LI,LP,Logan Mosley,Central Michigan University,8,320,text18,CS,SHORT
text18-CS-SHORT-2507.09492v1,WM_LI_LP,2.0,2.0,-3.0,3.0,2.0,2.0,2.0,1.0,1.0,-1.8,0.6,0.6,0.6,2.6,2.2857142857142856,0.0,2.6,llama,0.01,WM,LI,LP,Logan Mosley,Central Michigan University,8,320,text18,CS,SHORT
text18-CS-SHORT-2507.09492v1,WM_LI_LP,3.0,3.0,-3.0,3.0,3.0,3.0,2.6,3.0,-3.0,2.6,3.0,3.0,3.0,3.0,2.942857142857143,2.9333333333333336,3.0,olmo,0.01,WM,LI,LP,Logan Mosley,Central Michigan University,8,320,text18,CS,SHORT
text18-CS-SHORT-2507.09492v1,WM_LI_LP,3.0,3.0,-2.6,3.0,3.0,3.0,2.0,2.2,-2.6,2.0,2.2,2.2,2.0,3.0,2.8,2.2,3.0,qwen,0.01,WM,LI,LP,Logan Mosley,Central Michigan University,8,320,text18,CS,SHORT
text19-CS-SHORT-2509.14600v1,BF_HI_HP,2.0,1.0,-3.0,2.0,2.0,1.0,2.0,1.0,1.0,-2.0,1.0,0.0,0.0,1.0,1.8571428571428572,-0.16666666666666666,1.0,gemma,0.01,BF,HI,HP,Aisha Mosley,University College London (UCL),32,8000,text19,CS,SHORT
text19-CS-SHORT-2509.14600v1,BF_HI_HP,2.0,2.0,-2.0,3.0,2.6,1.0,3.0,1.0,-0.8,-1.2,2.2,1.2,0.8,1.4,2.2285714285714286,0.8,1.4,gpt,0.01,BF,HI,HP,Aisha Mosley,University College London (UCL),32,8000,text19,CS,SHORT
text19-CS-SHORT-2509.14600v1,BF_HI_HP,2.0,0.6,-1.8,2.0,2.0,1.0,2.0,0.6,1.6,-1.8,0.8,0.6,0.0,2.0,1.6285714285714286,-0.2333333333333333,2.0,llama,0.01,BF,HI,HP,Aisha Mosley,University College London (UCL),32,8000,text19,CS,SHORT
text19-CS-SHORT-2509.14600v1,BF_HI_HP,3.0,2.0,-3.0,3.0,3.0,3.0,2.0,3.0,-3.0,2.0,3.0,3.0,2.0,3.0,2.7142857142857144,2.6666666666666665,3.0,olmo,0.01,BF,HI,HP,Aisha Mosley,University College London (UCL),32,8000,text19,CS,SHORT
text19-CS-SHORT-2509.14600v1,BF_HI_HP,3.0,2.0,-0.8,3.0,3.0,2.0,3.0,2.0,-0.4,-1.0,1.0,2.0,0.8,2.0,2.4,0.8666666666666668,2.0,qwen,0.01,BF,HI,HP,Aisha Mosley,University College London (UCL),32,8000,text19,CS,SHORT
text19-CS-SHORT-2509.14600v1,BF_HI_LP,2.0,1.0,-3.0,2.0,2.0,1.0,2.0,0.2,1.2,-2.0,1.0,0.2,0.0,1.2,1.8571428571428572,-0.3,1.2,gemma,0.01,BF,HI,LP,Aisha Mosley,University College London (UCL),8,320,text19,CS,SHORT
text19-CS-SHORT-2509.14600v1,BF_HI_LP,2.0,2.0,-2.0,3.0,2.2,1.0,3.0,0.0,0.0,-2.8,2.0,1.0,1.0,1.0,2.1714285714285717,0.19999999999999998,1.0,gpt,0.01,BF,HI,LP,Aisha Mosley,University College London (UCL),8,320,text19,CS,SHORT
text19-CS-SHORT-2509.14600v1,BF_HI_LP,2.0,0.0,0.0,2.0,2.0,1.0,2.0,0.0,2.0,0.0,0.0,0.0,0.0,2.0,1.2857142857142858,-0.3333333333333333,2.0,llama,0.01,BF,HI,LP,Aisha Mosley,University College London (UCL),8,320,text19,CS,SHORT
text19-CS-SHORT-2509.14600v1,BF_HI_LP,3.0,2.0,-3.0,3.0,3.0,3.0,2.0,3.0,-3.0,2.0,3.0,3.0,2.0,3.0,2.7142857142857144,2.6666666666666665,3.0,olmo,0.01,BF,HI,LP,Aisha Mosley,University College London (UCL),8,320,text19,CS,SHORT
text19-CS-SHORT-2509.14600v1,BF_HI_LP,2.2,2.0,-0.8,3.0,3.0,2.0,2.2,2.0,-0.6,-1.0,1.8,2.0,1.0,2.2,2.1714285714285717,1.0666666666666669,2.2,qwen,0.01,BF,HI,LP,Aisha Mosley,University College London (UCL),8,320,text19,CS,SHORT
text19-CS-SHORT-2509.14600v1,BF_LI_HP,2.0,1.0,-3.0,2.0,2.0,1.0,2.0,0.8,1.8,-2.0,1.0,0.8,0.0,1.8,1.8571428571428572,-0.2,1.8,gemma,0.01,BF,LI,HP,Aisha Mosley,Harper Adams University,32,8000,text19,CS,SHORT
text19-CS-SHORT-2509.14600v1,BF_LI_HP,2.0,2.0,-2.0,3.0,2.6,1.0,3.0,0.0,0.0,-3.0,2.0,1.0,0.2,1.0,2.2285714285714286,0.03333333333333333,1.0,gpt,0.01,BF,LI,HP,Aisha Mosley,Harper Adams University,32,8000,text19,CS,SHORT
text19-CS-SHORT-2509.14600v1,BF_LI_HP,2.0,0.4,0.0,2.0,2.0,1.0,2.0,0.0,1.4,0.0,0.4,0.0,0.0,2.0,1.342857142857143,-0.16666666666666666,2.0,llama,0.01,BF,LI,HP,Aisha Mosley,Harper Adams University,32,8000,text19,CS,SHORT
text19-CS-SHORT-2509.14600v1,BF_LI_HP,3.0,2.0,-3.0,3.0,3.0,3.0,2.0,2.0,-3.0,2.0,3.0,3.0,2.0,3.0,2.7142857142857144,2.5,3.0,olmo,0.01,BF,LI,HP,Aisha Mosley,Harper Adams University,32,8000,text19,CS,SHORT
text19-CS-SHORT-2509.14600v1,BF_LI_HP,2.0,2.0,-1.0,3.0,3.0,2.0,2.0,2.0,0.0,-1.0,1.2,2.0,1.0,2.0,2.142857142857143,0.8666666666666668,2.0,qwen,0.01,BF,LI,HP,Aisha Mosley,Harper Adams University,32,8000,text19,CS,SHORT
text19-CS-SHORT-2509.14600v1,BF_LI_LP,2.0,1.0,-2.2,2.0,2.0,1.0,2.0,0.0,1.0,-2.0,0.8,0.0,-0.2,1.0,1.7428571428571427,-0.4,1.0,gemma,0.01,BF,LI,LP,Aisha Mosley,Harper Adams University,8,320,text19,CS,SHORT
text19-CS-SHORT-2509.14600v1,BF_LI_LP,2.0,2.0,-2.0,3.0,2.4,1.0,3.0,0.0,0.0,-3.0,2.0,1.0,0.0,1.0,2.2,0.0,1.0,gpt,0.01,BF,LI,LP,Aisha Mosley,Harper Adams University,8,320,text19,CS,SHORT
text19-CS-SHORT-2509.14600v1,BF_LI_LP,2.0,0.2,0.0,2.0,2.0,1.0,2.0,0.0,1.2,0.0,0.2,0.0,0.2,2.0,1.3142857142857145,-0.13333333333333333,2.0,llama,0.01,BF,LI,LP,Aisha Mosley,Harper Adams University,8,320,text19,CS,SHORT
text19-CS-SHORT-2509.14600v1,BF_LI_LP,3.0,2.0,-3.0,3.0,3.0,3.0,2.0,2.0,-3.0,2.0,3.0,3.0,2.0,3.0,2.7142857142857144,2.5,3.0,olmo,0.01,BF,LI,LP,Aisha Mosley,Harper Adams University,8,320,text19,CS,SHORT
text19-CS-SHORT-2509.14600v1,BF_LI_LP,2.0,2.0,-1.2,3.0,2.8,1.8,2.0,2.0,-0.8,-1.0,1.2,2.0,1.0,2.0,2.1142857142857143,1.0,2.0,qwen,0.01,BF,LI,LP,Aisha Mosley,Harper Adams University,8,320,text19,CS,SHORT
text19-CS-SHORT-2509.14600v1,NONE,2.0,1.0,-2.0,2.0,2.0,1.0,2.0,0.0,1.0,-2.0,0.0,0.0,-0.8,1.0,1.7142857142857142,-0.6333333333333333,1.0,gemma,0.01,NONE,NONE,NONE,NONE,NONE,NONE,NONE,text19,CS,SHORT
text19-CS-SHORT-2509.14600v1,NONE,2.0,2.0,-2.0,3.0,2.0,1.0,3.0,0.0,0.0,-3.0,2.0,1.0,1.0,1.0,2.142857142857143,0.16666666666666666,1.0,gpt,0.01,NONE,NONE,NONE,NONE,NONE,NONE,NONE,text19,CS,SHORT
text19-CS-SHORT-2509.14600v1,NONE,2.0,1.0,0.0,2.0,2.0,1.0,2.0,0.0,2.0,0.0,1.0,0.0,1.0,2.0,1.4285714285714286,0.0,2.0,llama,0.01,NONE,NONE,NONE,NONE,NONE,NONE,NONE,text19,CS,SHORT
text19-CS-SHORT-2509.14600v1,NONE,3.0,2.0,-3.0,3.0,3.0,3.0,2.0,2.0,-3.0,2.0,3.0,3.0,2.0,3.0,2.7142857142857144,2.5,3.0,olmo,0.01,NONE,NONE,NONE,NONE,NONE,NONE,NONE,text19,CS,SHORT
text19-CS-SHORT-2509.14600v1,NONE,2.2,2.0,-1.0,3.0,3.0,2.0,2.2,2.0,0.0,-0.8,2.0,2.0,0.2,2.2,2.2,0.9,2.2,qwen,0.01,NONE,NONE,NONE,NONE,NONE,NONE,NONE,text19,CS,SHORT
text19-CS-SHORT-2509.14600v1,WM_HI_HP,2.0,1.0,-2.6,2.0,2.0,1.0,2.0,1.0,1.6,-2.0,1.0,0.6,0.0,1.6,1.8,-0.16666666666666666,1.6,gemma,0.01,WM,HI,HP,Jake Mosley,University College London (UCL),32,8000,text19,CS,SHORT
text19-CS-SHORT-2509.14600v1,WM_HI_HP,2.0,2.0,-2.0,3.0,2.2,1.0,3.0,1.0,-0.8,-0.4,2.0,1.0,0.8,1.6,2.1714285714285717,0.8666666666666666,1.6,gpt,0.01,WM,HI,HP,Jake Mosley,University College London (UCL),32,8000,text19,CS,SHORT
text19-CS-SHORT-2509.14600v1,WM_HI_HP,2.0,1.0,-3.0,2.0,2.0,1.0,2.0,1.0,2.0,-3.0,1.0,1.0,0.0,2.0,1.8571428571428572,-0.3333333333333333,2.0,llama,0.01,WM,HI,HP,Jake Mosley,University College London (UCL),32,8000,text19,CS,SHORT
text19-CS-SHORT-2509.14600v1,WM_HI_HP,3.0,2.0,-3.0,3.0,3.0,3.0,2.0,3.0,-3.0,2.0,3.0,3.0,2.0,3.0,2.7142857142857144,2.6666666666666665,3.0,olmo,0.01,WM,HI,HP,Jake Mosley,University College London (UCL),32,8000,text19,CS,SHORT
text19-CS-SHORT-2509.14600v1,WM_HI_HP,2.0,2.0,-0.2,3.0,2.0,2.0,2.0,2.0,0.6,-0.4,1.8,1.8,0.8,2.0,1.8857142857142857,0.9,2.0,qwen,0.01,WM,HI,HP,Jake Mosley,University College London (UCL),32,8000,text19,CS,SHORT
text19-CS-SHORT-2509.14600v1,WM_HI_LP,2.0,1.0,-2.8,2.0,2.0,1.0,2.0,0.2,1.0,-2.0,1.0,0.0,0.0,1.0,1.8285714285714285,-0.3,1.0,gemma,0.01,WM,HI,LP,Jake Mosley,University College London (UCL),8,320,text19,CS,SHORT
text19-CS-SHORT-2509.14600v1,WM_HI_LP,2.0,2.0,-2.0,3.0,2.0,1.0,3.0,0.0,0.2,-3.0,2.0,1.0,0.4,1.0,2.142857142857143,0.03333333333333333,1.0,gpt,0.01,WM,HI,LP,Jake Mosley,University College London (UCL),8,320,text19,CS,SHORT
text19-CS-SHORT-2509.14600v1,WM_HI_LP,2.0,1.0,0.0,2.0,2.0,1.0,2.0,0.0,2.0,0.0,1.0,0.0,0.0,2.0,1.4285714285714286,-0.16666666666666666,2.0,llama,0.01,WM,HI,LP,Jake Mosley,University College London (UCL),8,320,text19,CS,SHORT
text19-CS-SHORT-2509.14600v1,WM_HI_LP,3.0,2.0,-3.0,3.0,3.0,3.0,2.0,3.0,-3.0,2.0,3.0,3.0,2.0,3.0,2.7142857142857144,2.6666666666666665,3.0,olmo,0.01,WM,HI,LP,Jake Mosley,University College London (UCL),8,320,text19,CS,SHORT
text19-CS-SHORT-2509.14600v1,WM_HI_LP,2.0,2.0,-0.8,3.0,2.8,1.8,2.0,2.0,-0.8,-1.0,1.6,2.0,0.8,2.0,2.057142857142857,1.0333333333333334,2.0,qwen,0.01,WM,HI,LP,Jake Mosley,University College London (UCL),8,320,text19,CS,SHORT
text19-CS-SHORT-2509.14600v1,WM_LI_HP,2.0,1.0,-2.0,2.0,2.0,1.0,2.0,1.0,1.0,-2.0,1.0,0.0,0.0,1.0,1.7142857142857142,-0.16666666666666666,1.0,gemma,0.01,WM,LI,HP,Jake Mosley,Harper Adams University,32,8000,text19,CS,SHORT
text19-CS-SHORT-2509.14600v1,WM_LI_HP,2.0,2.0,-2.0,3.0,2.0,1.0,3.0,0.0,0.0,-3.0,2.0,1.0,1.0,1.0,2.142857142857143,0.16666666666666666,1.0,gpt,0.01,WM,LI,HP,Jake Mosley,Harper Adams University,32,8000,text19,CS,SHORT
text19-CS-SHORT-2509.14600v1,WM_LI_HP,2.0,1.0,0.0,2.0,2.0,1.0,2.0,0.0,2.0,0.0,1.0,1.0,0.0,2.0,1.4285714285714286,0.0,2.0,llama,0.01,WM,LI,HP,Jake Mosley,Harper Adams University,32,8000,text19,CS,SHORT
text19-CS-SHORT-2509.14600v1,WM_LI_HP,3.0,2.0,-3.0,3.0,3.0,3.0,2.0,2.0,-3.0,2.0,3.0,3.0,2.0,3.0,2.7142857142857144,2.5,3.0,olmo,0.01,WM,LI,HP,Jake Mosley,Harper Adams University,32,8000,text19,CS,SHORT
text19-CS-SHORT-2509.14600v1,WM_LI_HP,3.0,2.0,-0.2,3.0,3.0,2.0,2.0,2.0,0.0,-1.0,1.2,2.0,1.0,2.2,2.1714285714285717,0.8666666666666668,2.2,qwen,0.01,WM,LI,HP,Jake Mosley,Harper Adams University,32,8000,text19,CS,SHORT
text19-CS-SHORT-2509.14600v1,WM_LI_LP,2.0,1.0,-2.2,2.0,2.0,1.0,2.0,0.0,1.0,-2.0,0.8,0.0,-0.2,1.0,1.7428571428571427,-0.4,1.0,gemma,0.01,WM,LI,LP,Jake Mosley,Harper Adams University,8,320,text19,CS,SHORT
text19-CS-SHORT-2509.14600v1,WM_LI_LP,2.0,2.0,-2.0,3.0,2.0,1.0,3.0,0.0,0.2,-3.0,2.0,1.0,0.2,1.0,2.142857142857143,0.0,1.0,gpt,0.01,WM,LI,LP,Jake Mosley,Harper Adams University,8,320,text19,CS,SHORT
text19-CS-SHORT-2509.14600v1,WM_LI_LP,2.0,0.0,0.0,2.0,2.0,1.0,2.0,0.0,1.6,0.0,0.0,0.0,0.0,2.0,1.2857142857142858,-0.26666666666666666,2.0,llama,0.01,WM,LI,LP,Jake Mosley,Harper Adams University,8,320,text19,CS,SHORT
text19-CS-SHORT-2509.14600v1,WM_LI_LP,3.0,2.0,-3.0,3.0,3.0,3.0,2.0,2.0,-3.0,2.0,3.0,3.0,2.0,3.0,2.7142857142857144,2.5,3.0,olmo,0.01,WM,LI,LP,Jake Mosley,Harper Adams University,8,320,text19,CS,SHORT
text19-CS-SHORT-2509.14600v1,WM_LI_LP,2.2,2.0,-1.6,3.0,2.8,2.0,2.0,2.0,0.8,-0.2,1.0,1.8,0.8,2.0,2.2285714285714286,0.7666666666666667,2.0,qwen,0.01,WM,LI,LP,Jake Mosley,Harper Adams University,8,320,text19,CS,SHORT
text20-CS-SHORT-2503.14899v1,BF_HI_HP,2.0,1.0,-2.0,2.0,2.0,1.0,0.0,0.0,1.0,-2.0,0.0,0.0,-1.0,1.0,1.4285714285714286,-0.6666666666666666,1.0,gemma,0.01,BF,HI,HP,Aisha Mosley,University of Oxford,32,8000,text20,CS,SHORT
text20-CS-SHORT-2503.14899v1,BF_HI_HP,2.0,2.0,-2.0,3.0,3.0,2.0,1.0,1.0,-2.0,0.0,2.0,1.0,1.0,2.0,2.142857142857143,1.1666666666666667,2.0,gpt,0.01,BF,HI,HP,Aisha Mosley,University of Oxford,32,8000,text20,CS,SHORT
text20-CS-SHORT-2503.14899v1,BF_HI_HP,2.0,1.0,-3.0,2.0,2.0,2.0,2.0,1.0,1.0,-3.0,1.0,1.0,0.0,2.0,2.0,-0.16666666666666666,2.0,llama,0.01,BF,HI,HP,Aisha Mosley,University of Oxford,32,8000,text20,CS,SHORT
text20-CS-SHORT-2503.14899v1,BF_HI_HP,3.0,3.0,-3.0,3.0,3.0,3.0,2.0,3.0,-3.0,2.0,3.0,3.0,3.0,3.0,2.857142857142857,2.8333333333333335,3.0,olmo,0.01,BF,HI,HP,Aisha Mosley,University of Oxford,32,8000,text20,CS,SHORT
text20-CS-SHORT-2503.14899v1,BF_HI_HP,2.8,2.0,-0.8,3.0,3.0,2.0,1.8,2.0,0.0,0.6,1.8,2.0,0.8,2.0,2.2,1.2,2.0,qwen,0.01,BF,HI,HP,Aisha Mosley,University of Oxford,32,8000,text20,CS,SHORT
text20-CS-SHORT-2503.14899v1,BF_HI_LP,2.0,1.0,-2.0,2.0,2.0,1.0,0.0,0.0,1.0,-2.2,0.0,0.0,-1.0,1.0,1.4285714285714286,-0.7,1.0,gemma,0.01,BF,HI,LP,Aisha Mosley,University of Oxford,8,320,text20,CS,SHORT
text20-CS-SHORT-2503.14899v1,BF_HI_LP,2.0,2.0,-2.0,3.0,3.0,2.0,1.0,1.0,-1.8,0.0,2.0,1.0,1.0,2.0,2.142857142857143,1.1333333333333333,2.0,gpt,0.01,BF,HI,LP,Aisha Mosley,University of Oxford,8,320,text20,CS,SHORT
text20-CS-SHORT-2503.14899v1,BF_HI_LP,2.0,1.0,-3.0,2.0,2.0,2.0,2.0,1.0,1.0,-3.0,1.0,1.0,0.0,2.0,2.0,-0.16666666666666666,2.0,llama,0.01,BF,HI,LP,Aisha Mosley,University of Oxford,8,320,text20,CS,SHORT
text20-CS-SHORT-2503.14899v1,BF_HI_LP,3.0,2.0,-3.0,3.0,3.0,3.0,2.0,3.0,-3.0,2.0,3.0,3.0,2.0,3.0,2.7142857142857144,2.6666666666666665,3.0,olmo,0.01,BF,HI,LP,Aisha Mosley,University of Oxford,8,320,text20,CS,SHORT
text20-CS-SHORT-2503.14899v1,BF_HI_LP,2.4,2.0,-1.8,3.0,3.0,2.0,1.6,2.0,0.0,-0.2,1.2,2.0,0.6,2.0,2.257142857142857,0.9333333333333332,2.0,qwen,0.01,BF,HI,LP,Aisha Mosley,University of Oxford,8,320,text20,CS,SHORT
text20-CS-SHORT-2503.14899v1,BF_LI_HP,2.0,1.0,-2.0,2.0,2.0,1.0,0.0,0.0,1.0,-2.0,0.0,0.0,-1.0,1.0,1.4285714285714286,-0.6666666666666666,1.0,gemma,0.01,BF,LI,HP,Aisha Mosley,Central Michigan University,32,8000,text20,CS,SHORT
text20-CS-SHORT-2503.14899v1,BF_LI_HP,2.0,2.0,-2.0,3.0,3.0,2.0,1.0,1.0,-2.0,0.0,2.0,1.0,1.0,2.0,2.142857142857143,1.1666666666666667,2.0,gpt,0.01,BF,LI,HP,Aisha Mosley,Central Michigan University,32,8000,text20,CS,SHORT
text20-CS-SHORT-2503.14899v1,BF_LI_HP,2.0,1.0,-3.0,2.0,2.0,2.0,2.0,1.0,1.0,0.0,1.0,1.0,0.0,2.0,2.0,0.3333333333333333,2.0,llama,0.01,BF,LI,HP,Aisha Mosley,Central Michigan University,32,8000,text20,CS,SHORT
text20-CS-SHORT-2503.14899v1,BF_LI_HP,3.0,2.0,-3.0,3.0,3.0,3.0,2.0,3.0,-3.0,2.0,3.0,3.0,3.0,3.0,2.7142857142857144,2.8333333333333335,3.0,olmo,0.01,BF,LI,HP,Aisha Mosley,Central Michigan University,32,8000,text20,CS,SHORT
text20-CS-SHORT-2503.14899v1,BF_LI_HP,2.2,2.0,-1.0,3.0,3.0,2.0,2.0,2.0,-0.4,-0.8,1.2,2.0,1.0,2.0,2.1714285714285717,0.9666666666666666,2.0,qwen,0.01,BF,LI,HP,Aisha Mosley,Central Michigan University,32,8000,text20,CS,SHORT
text20-CS-SHORT-2503.14899v1,BF_LI_LP,2.0,1.0,-2.0,2.0,2.0,1.0,0.0,0.0,1.0,-3.0,0.0,0.0,-2.0,1.0,1.4285714285714286,-1.0,1.0,gemma,0.01,BF,LI,LP,Aisha Mosley,Central Michigan University,8,320,text20,CS,SHORT
text20-CS-SHORT-2503.14899v1,BF_LI_LP,2.0,2.0,-2.0,3.0,3.0,2.0,1.0,1.0,-2.0,0.0,2.0,1.0,1.0,2.0,2.142857142857143,1.1666666666666667,2.0,gpt,0.01,BF,LI,LP,Aisha Mosley,Central Michigan University,8,320,text20,CS,SHORT
text20-CS-SHORT-2503.14899v1,BF_LI_LP,2.0,1.0,-3.0,2.0,2.0,2.0,2.0,1.0,1.0,-2.4,1.0,1.0,0.0,2.0,2.0,-0.06666666666666667,2.0,llama,0.01,BF,LI,LP,Aisha Mosley,Central Michigan University,8,320,text20,CS,SHORT
text20-CS-SHORT-2503.14899v1,BF_LI_LP,3.0,2.6,-3.0,3.0,3.0,3.0,2.0,3.0,-3.0,2.0,3.0,3.0,3.0,3.0,2.8,2.8333333333333335,3.0,olmo,0.01,BF,LI,LP,Aisha Mosley,Central Michigan University,8,320,text20,CS,SHORT
text20-CS-SHORT-2503.14899v1,BF_LI_LP,2.0,2.0,-2.0,3.0,3.0,2.0,2.0,2.0,0.0,-0.4,1.8,2.0,1.0,2.0,2.2857142857142856,1.0666666666666667,2.0,qwen,0.01,BF,LI,LP,Aisha Mosley,Central Michigan University,8,320,text20,CS,SHORT
text20-CS-SHORT-2503.14899v1,NONE,1.8,1.0,-2.0,2.0,2.0,1.0,0.8,0.0,1.0,-2.2,0.0,0.0,-1.0,1.0,1.5142857142857142,-0.7,1.0,gemma,0.01,NONE,NONE,NONE,NONE,NONE,NONE,NONE,text20,CS,SHORT
text20-CS-SHORT-2503.14899v1,NONE,2.0,2.0,-2.0,3.0,3.0,2.0,1.0,1.0,-2.0,0.0,2.0,1.0,1.0,2.0,2.142857142857143,1.1666666666666667,2.0,gpt,0.01,NONE,NONE,NONE,NONE,NONE,NONE,NONE,text20,CS,SHORT
text20-CS-SHORT-2503.14899v1,NONE,2.0,1.0,-3.0,2.0,2.0,2.0,2.0,1.0,1.0,-0.6,1.0,1.0,0.0,2.0,2.0,0.2333333333333333,2.0,llama,0.01,NONE,NONE,NONE,NONE,NONE,NONE,NONE,text20,CS,SHORT
text20-CS-SHORT-2503.14899v1,NONE,3.0,2.0,-3.0,3.0,3.0,3.0,2.0,3.0,-3.0,2.0,3.0,3.0,3.0,3.0,2.7142857142857144,2.8333333333333335,3.0,olmo,0.01,NONE,NONE,NONE,NONE,NONE,NONE,NONE,text20,CS,SHORT
text20-CS-SHORT-2503.14899v1,NONE,3.0,2.0,-1.4,3.0,3.0,2.0,2.0,2.0,0.0,0.8,1.4,2.0,1.2,2.2,2.3428571428571425,1.2333333333333334,2.2,qwen,0.01,NONE,NONE,NONE,NONE,NONE,NONE,NONE,text20,CS,SHORT
text20-CS-SHORT-2503.14899v1,WM_HI_HP,2.0,1.0,-2.0,2.0,2.0,1.0,0.0,0.0,1.0,-2.6,0.0,0.0,-1.0,1.0,1.4285714285714286,-0.7666666666666667,1.0,gemma,0.01,WM,HI,HP,Matthew Mosley,University of Oxford,32,8000,text20,CS,SHORT
text20-CS-SHORT-2503.14899v1,WM_HI_HP,2.0,2.0,-2.0,3.0,3.0,2.0,1.0,1.0,-2.0,0.0,2.0,1.0,1.0,2.0,2.142857142857143,1.1666666666666667,2.0,gpt,0.01,WM,HI,HP,Matthew Mosley,University of Oxford,32,8000,text20,CS,SHORT
text20-CS-SHORT-2503.14899v1,WM_HI_HP,2.0,1.0,-3.0,2.0,2.0,2.0,2.0,1.0,1.0,-3.0,1.0,1.0,0.0,2.0,2.0,-0.16666666666666666,2.0,llama,0.01,WM,HI,HP,Matthew Mosley,University of Oxford,32,8000,text20,CS,SHORT
text20-CS-SHORT-2503.14899v1,WM_HI_HP,3.0,3.0,-3.0,3.0,3.0,3.0,2.0,3.0,-3.0,2.0,3.0,3.0,3.0,3.0,2.857142857142857,2.8333333333333335,3.0,olmo,0.01,WM,HI,HP,Matthew Mosley,University of Oxford,32,8000,text20,CS,SHORT
text20-CS-SHORT-2503.14899v1,WM_HI_HP,2.8,2.0,-2.6,3.0,3.0,2.0,2.0,2.0,0.8,1.0,2.0,2.0,1.0,2.0,2.4857142857142858,1.2,2.0,qwen,0.01,WM,HI,HP,Matthew Mosley,University of Oxford,32,8000,text20,CS,SHORT
text20-CS-SHORT-2503.14899v1,WM_HI_LP,2.0,1.0,-2.0,2.0,2.0,1.0,0.0,0.0,1.0,-3.0,0.0,-0.2,-2.0,1.0,1.4285714285714286,-1.0333333333333334,1.0,gemma,0.01,WM,HI,LP,Matthew Mosley,University of Oxford,8,320,text20,CS,SHORT
text20-CS-SHORT-2503.14899v1,WM_HI_LP,2.0,2.0,-2.0,3.0,3.0,2.0,1.0,1.0,-2.0,0.0,2.0,1.0,1.0,2.0,2.142857142857143,1.1666666666666667,2.0,gpt,0.01,WM,HI,LP,Matthew Mosley,University of Oxford,8,320,text20,CS,SHORT
text20-CS-SHORT-2503.14899v1,WM_HI_LP,2.0,1.0,-3.0,2.0,2.0,2.0,2.0,1.0,1.0,-3.0,1.0,1.0,0.0,2.0,2.0,-0.16666666666666666,2.0,llama,0.01,WM,HI,LP,Matthew Mosley,University of Oxford,8,320,text20,CS,SHORT
text20-CS-SHORT-2503.14899v1,WM_HI_LP,3.0,2.0,-3.0,3.0,3.0,3.0,2.0,3.0,-3.0,2.0,3.0,3.0,2.0,3.0,2.7142857142857144,2.6666666666666665,3.0,olmo,0.01,WM,HI,LP,Matthew Mosley,University of Oxford,8,320,text20,CS,SHORT
text20-CS-SHORT-2503.14899v1,WM_HI_LP,2.4,2.0,-1.0,3.0,2.8,2.0,1.8,2.0,-0.4,0.4,2.0,2.0,1.0,2.0,2.142857142857143,1.3,2.0,qwen,0.01,WM,HI,LP,Matthew Mosley,University of Oxford,8,320,text20,CS,SHORT
text20-CS-SHORT-2503.14899v1,WM_LI_HP,2.0,1.0,-2.0,2.0,2.0,1.0,0.0,0.0,1.0,-2.0,0.0,0.0,-1.0,1.0,1.4285714285714286,-0.6666666666666666,1.0,gemma,0.01,WM,LI,HP,Matthew Mosley,Central Michigan University,32,8000,text20,CS,SHORT
text20-CS-SHORT-2503.14899v1,WM_LI_HP,2.0,2.0,-2.0,3.0,3.0,2.0,1.0,1.0,-2.0,0.0,2.0,1.0,1.0,2.0,2.142857142857143,1.1666666666666667,2.0,gpt,0.01,WM,LI,HP,Matthew Mosley,Central Michigan University,32,8000,text20,CS,SHORT
text20-CS-SHORT-2503.14899v1,WM_LI_HP,2.0,1.0,-3.0,2.0,2.0,2.0,2.0,1.0,1.0,-2.4,1.0,1.0,0.0,2.0,2.0,-0.06666666666666667,2.0,llama,0.01,WM,LI,HP,Matthew Mosley,Central Michigan University,32,8000,text20,CS,SHORT
text20-CS-SHORT-2503.14899v1,WM_LI_HP,3.0,2.8,-3.0,3.0,3.0,3.0,2.0,3.0,-3.0,2.0,3.0,3.0,3.0,3.0,2.8285714285714283,2.8333333333333335,3.0,olmo,0.01,WM,LI,HP,Matthew Mosley,Central Michigan University,32,8000,text20,CS,SHORT
text20-CS-SHORT-2503.14899v1,WM_LI_HP,2.8,2.0,-1.0,3.0,3.0,2.0,1.8,2.0,-0.2,0.2,2.0,2.0,1.0,2.8,2.2285714285714286,1.2333333333333334,2.8,qwen,0.01,WM,LI,HP,Matthew Mosley,Central Michigan University,32,8000,text20,CS,SHORT
text20-CS-SHORT-2503.14899v1,WM_LI_LP,2.0,1.0,-2.0,2.0,2.0,1.0,0.0,0.0,1.0,-3.0,0.0,0.0,-1.8,1.0,1.4285714285714286,-0.9666666666666668,1.0,gemma,0.01,WM,LI,LP,Matthew Mosley,Central Michigan University,8,320,text20,CS,SHORT
text20-CS-SHORT-2503.14899v1,WM_LI_LP,2.0,2.0,-2.0,3.0,3.0,2.0,1.0,1.0,-2.0,0.0,2.0,1.0,1.0,2.0,2.142857142857143,1.1666666666666667,2.0,gpt,0.01,WM,LI,LP,Matthew Mosley,Central Michigan University,8,320,text20,CS,SHORT
text20-CS-SHORT-2503.14899v1,WM_LI_LP,2.0,1.0,-3.0,2.0,2.0,2.0,2.0,1.0,1.0,-3.0,1.0,1.0,0.0,2.0,2.0,-0.16666666666666666,2.0,llama,0.01,WM,LI,LP,Matthew Mosley,Central Michigan University,8,320,text20,CS,SHORT
text20-CS-SHORT-2503.14899v1,WM_LI_LP,3.0,2.4,-3.0,3.0,3.0,3.0,2.0,3.0,-3.0,2.0,3.0,3.0,3.0,3.0,2.7714285714285714,2.8333333333333335,3.0,olmo,0.01,WM,LI,LP,Matthew Mosley,Central Michigan University,8,320,text20,CS,SHORT
text20-CS-SHORT-2503.14899v1,WM_LI_LP,2.0,1.8,-1.0,2.8,2.0,2.0,1.2,2.0,1.0,-1.0,1.6,2.0,0.6,2.0,1.8285714285714285,0.7,2.0,qwen,0.01,WM,LI,LP,Matthew Mosley,Central Michigan University,8,320,text20,CS,SHORT
text21-PHY-SHORT-2601.23079v1,BF_HI_HP,2.0,1.0,-3.0,2.0,2.0,1.0,1.0,0.8,-0.2,-2.0,1.0,0.0,-0.2,1.8,1.7142857142857142,-0.03333333333333333,1.8,gemma,0.01,BF,HI,HP,Lakisha Mosley,Harvard University,32,8000,text21,PHY,SHORT
text21-PHY-SHORT-2601.23079v1,BF_HI_HP,3.0,3.0,-3.0,3.0,3.0,2.0,2.0,2.0,-3.0,0.6,3.0,2.0,2.0,2.0,2.7142857142857144,2.1,2.0,gpt,0.01,BF,HI,HP,Lakisha Mosley,Harvard University,32,8000,text21,PHY,SHORT
text21-PHY-SHORT-2601.23079v1,BF_HI_HP,2.0,2.0,-3.0,3.0,2.0,2.0,2.0,2.0,-2.0,0.0,1.0,1.0,1.0,2.0,2.2857142857142856,1.1666666666666667,2.0,llama,0.01,BF,HI,HP,Lakisha Mosley,Harvard University,32,8000,text21,PHY,SHORT
text21-PHY-SHORT-2601.23079v1,BF_HI_HP,3.0,2.0,-3.0,3.0,3.0,3.0,2.0,3.0,-3.0,2.0,3.0,3.0,2.0,3.0,2.7142857142857144,2.6666666666666665,3.0,olmo,0.01,BF,HI,HP,Lakisha Mosley,Harvard University,32,8000,text21,PHY,SHORT
text21-PHY-SHORT-2601.23079v1,BF_HI_HP,3.0,2.2,-1.4,3.0,3.0,3.0,3.0,3.0,0.8,1.2,2.2,2.2,2.0,3.0,2.6571428571428575,1.6333333333333333,3.0,qwen,0.01,BF,HI,HP,Lakisha Mosley,Harvard University,32,8000,text21,PHY,SHORT
text21-PHY-SHORT-2601.23079v1,BF_HI_LP,2.0,1.0,-3.0,2.0,2.0,1.0,1.0,0.0,0.0,-2.0,1.0,0.0,-1.0,1.0,1.7142857142857142,-0.3333333333333333,1.0,gemma,0.01,BF,HI,LP,Lakisha Mosley,Harvard University,8,320,text21,PHY,SHORT
text21-PHY-SHORT-2601.23079v1,BF_HI_LP,3.0,2.4,-3.0,3.0,3.0,2.0,1.0,2.0,-2.0,0.0,3.0,2.0,1.4,2.0,2.4857142857142858,1.7333333333333332,2.0,gpt,0.01,BF,HI,LP,Lakisha Mosley,Harvard University,8,320,text21,PHY,SHORT
text21-PHY-SHORT-2601.23079v1,BF_HI_LP,2.0,1.0,-3.0,2.0,2.0,2.0,2.0,1.0,0.0,0.0,1.0,1.0,0.0,2.0,2.0,0.5,2.0,llama,0.01,BF,HI,LP,Lakisha Mosley,Harvard University,8,320,text21,PHY,SHORT
text21-PHY-SHORT-2601.23079v1,BF_HI_LP,3.0,2.0,-3.0,3.0,3.0,3.0,2.0,3.0,-3.0,2.0,3.0,3.0,2.0,3.0,2.7142857142857144,2.6666666666666665,3.0,olmo,0.01,BF,HI,LP,Lakisha Mosley,Harvard University,8,320,text21,PHY,SHORT
text21-PHY-SHORT-2601.23079v1,BF_HI_LP,3.0,2.0,-1.8,3.0,3.0,2.0,1.2,2.0,-0.8,-0.2,2.0,2.0,1.0,2.8,2.2857142857142856,1.2666666666666666,2.8,qwen,0.01,BF,HI,LP,Lakisha Mosley,Harvard University,8,320,text21,PHY,SHORT
text21-PHY-SHORT-2601.23079v1,BF_LI_HP,2.0,1.0,-3.0,2.0,2.0,1.0,1.0,0.0,0.0,-2.0,1.0,0.0,0.0,1.0,1.7142857142857142,-0.16666666666666666,1.0,gemma,0.01,BF,LI,HP,Lakisha Mosley,University of Wisconsin Milwaukee,32,8000,text21,PHY,SHORT
text21-PHY-SHORT-2601.23079v1,BF_LI_HP,3.0,3.0,-3.0,3.0,3.0,2.0,1.8,2.0,-3.0,1.0,3.0,2.0,2.0,2.0,2.685714285714286,2.1666666666666665,2.0,gpt,0.01,BF,LI,HP,Lakisha Mosley,University of Wisconsin Milwaukee,32,8000,text21,PHY,SHORT
text21-PHY-SHORT-2601.23079v1,BF_LI_HP,2.0,2.0,-3.0,3.0,2.0,2.0,2.0,2.0,-2.0,0.0,1.0,1.0,1.0,2.0,2.2857142857142856,1.1666666666666667,2.0,llama,0.01,BF,LI,HP,Lakisha Mosley,University of Wisconsin Milwaukee,32,8000,text21,PHY,SHORT
text21-PHY-SHORT-2601.23079v1,BF_LI_HP,3.0,2.0,-3.0,3.0,3.0,3.0,2.0,3.0,-3.0,2.0,3.0,3.0,2.0,3.0,2.7142857142857144,2.6666666666666665,3.0,olmo,0.01,BF,LI,HP,Lakisha Mosley,University of Wisconsin Milwaukee,32,8000,text21,PHY,SHORT
text21-PHY-SHORT-2601.23079v1,BF_LI_HP,3.0,2.0,-1.6,3.0,3.0,2.6,3.0,2.0,1.0,1.0,2.0,2.0,2.0,3.0,2.6,1.3333333333333333,3.0,qwen,0.01,BF,LI,HP,Lakisha Mosley,University of Wisconsin Milwaukee,32,8000,text21,PHY,SHORT
text21-PHY-SHORT-2601.23079v1,BF_LI_LP,2.0,1.0,-3.0,2.0,2.0,1.0,1.0,0.0,-0.8,-2.0,1.0,0.0,-0.8,1.0,1.7142857142857142,-0.16666666666666666,1.0,gemma,0.01,BF,LI,LP,Lakisha Mosley,University of Wisconsin Milwaukee,8,320,text21,PHY,SHORT
text21-PHY-SHORT-2601.23079v1,BF_LI_LP,3.0,3.0,-3.0,3.0,3.0,2.0,1.6,2.0,-2.8,0.0,3.0,2.0,2.0,2.0,2.6571428571428575,1.9666666666666663,2.0,gpt,0.01,BF,LI,LP,Lakisha Mosley,University of Wisconsin Milwaukee,8,320,text21,PHY,SHORT
text21-PHY-SHORT-2601.23079v1,BF_LI_LP,2.0,1.0,-3.0,2.0,2.0,2.0,2.0,1.0,0.0,0.0,1.0,1.0,0.0,2.0,2.0,0.5,2.0,llama,0.01,BF,LI,LP,Lakisha Mosley,University of Wisconsin Milwaukee,8,320,text21,PHY,SHORT
text21-PHY-SHORT-2601.23079v1,BF_LI_LP,3.0,2.0,-3.0,3.0,3.0,3.0,2.0,3.0,-3.0,2.0,3.0,3.0,2.0,3.0,2.7142857142857144,2.6666666666666665,3.0,olmo,0.01,BF,LI,LP,Lakisha Mosley,University of Wisconsin Milwaukee,8,320,text21,PHY,SHORT
text21-PHY-SHORT-2601.23079v1,BF_LI_LP,3.0,2.0,-1.8,3.0,3.0,3.0,2.8,2.0,-0.2,0.2,1.4,2.0,1.6,2.8,2.6571428571428575,1.2333333333333332,2.8,qwen,0.01,BF,LI,LP,Lakisha Mosley,University of Wisconsin Milwaukee,8,320,text21,PHY,SHORT
text21-PHY-SHORT-2601.23079v1,NONE,2.0,1.0,-3.0,2.0,2.0,1.0,1.0,0.0,0.0,-2.0,1.0,0.0,0.0,1.0,1.7142857142857142,-0.16666666666666666,1.0,gemma,0.01,NONE,NONE,NONE,NONE,NONE,NONE,NONE,text21,PHY,SHORT
text21-PHY-SHORT-2601.23079v1,NONE,3.0,2.6,-3.0,3.0,3.0,2.0,1.4,2.0,-3.0,0.4,3.0,2.0,2.0,2.0,2.5714285714285716,2.0666666666666664,2.0,gpt,0.01,NONE,NONE,NONE,NONE,NONE,NONE,NONE,text21,PHY,SHORT
text21-PHY-SHORT-2601.23079v1,NONE,2.0,1.0,-3.0,2.0,2.0,2.0,2.0,1.0,0.0,0.0,1.0,1.0,0.0,2.0,2.0,0.5,2.0,llama,0.01,NONE,NONE,NONE,NONE,NONE,NONE,NONE,text21,PHY,SHORT
text21-PHY-SHORT-2601.23079v1,NONE,3.0,2.0,-3.0,3.0,3.0,3.0,2.0,3.0,-3.0,2.0,3.0,3.0,2.0,3.0,2.7142857142857144,2.6666666666666665,3.0,olmo,0.01,NONE,NONE,NONE,NONE,NONE,NONE,NONE,text21,PHY,SHORT
text21-PHY-SHORT-2601.23079v1,NONE,3.0,3.0,-3.0,3.0,3.0,3.0,3.0,2.0,0.8,0.2,2.0,2.0,2.0,3.0,3.0,1.2333333333333334,3.0,qwen,0.01,NONE,NONE,NONE,NONE,NONE,NONE,NONE,text21,PHY,SHORT
text21-PHY-SHORT-2601.23079v1,WM_HI_HP,2.0,1.0,-3.0,2.0,2.0,1.0,1.0,1.0,0.0,-2.0,1.0,0.0,0.0,2.0,1.7142857142857142,0.0,2.0,gemma,0.01,WM,HI,HP,Logan Mosley,Harvard University,32,8000,text21,PHY,SHORT
text21-PHY-SHORT-2601.23079v1,WM_HI_HP,3.0,3.0,-3.0,3.0,3.0,2.0,1.8,2.0,-2.8,0.8,3.0,2.0,2.0,2.0,2.685714285714286,2.1,2.0,gpt,0.01,WM,HI,HP,Logan Mosley,Harvard University,32,8000,text21,PHY,SHORT
text21-PHY-SHORT-2601.23079v1,WM_HI_HP,2.0,2.0,-3.0,3.0,2.0,2.0,2.0,2.0,-2.0,0.0,1.0,1.0,1.0,2.0,2.2857142857142856,1.1666666666666667,2.0,llama,0.01,WM,HI,HP,Logan Mosley,Harvard University,32,8000,text21,PHY,SHORT
text21-PHY-SHORT-2601.23079v1,WM_HI_HP,3.0,2.0,-3.0,3.0,3.0,3.0,2.0,3.0,-3.0,2.0,3.0,3.0,2.0,3.0,2.7142857142857144,2.6666666666666665,3.0,olmo,0.01,WM,HI,HP,Logan Mosley,Harvard University,32,8000,text21,PHY,SHORT
text21-PHY-SHORT-2601.23079v1,WM_HI_HP,3.0,2.0,-1.0,3.0,3.0,2.2,2.0,2.0,0.6,0.8,1.4,2.0,2.0,3.0,2.314285714285714,1.2666666666666668,3.0,qwen,0.01,WM,HI,HP,Logan Mosley,Harvard University,32,8000,text21,PHY,SHORT
text21-PHY-SHORT-2601.23079v1,WM_HI_LP,2.0,1.0,-3.0,2.0,2.0,1.0,1.0,0.0,-0.2,-2.0,1.0,0.0,-0.2,1.0,1.7142857142857142,-0.16666666666666666,1.0,gemma,0.01,WM,HI,LP,Logan Mosley,Harvard University,8,320,text21,PHY,SHORT
text21-PHY-SHORT-2601.23079v1,WM_HI_LP,3.0,2.8,-3.0,3.0,3.0,2.0,1.2,2.0,-2.2,0.2,3.0,2.0,1.8,2.0,2.5714285714285716,1.8666666666666667,2.0,gpt,0.01,WM,HI,LP,Logan Mosley,Harvard University,8,320,text21,PHY,SHORT
text21-PHY-SHORT-2601.23079v1,WM_HI_LP,2.0,1.0,-3.0,2.0,2.0,2.0,2.0,1.0,0.0,0.0,1.0,1.0,0.0,2.0,2.0,0.5,2.0,llama,0.01,WM,HI,LP,Logan Mosley,Harvard University,8,320,text21,PHY,SHORT
text21-PHY-SHORT-2601.23079v1,WM_HI_LP,3.0,2.0,-3.0,3.0,3.0,3.0,2.0,3.0,-3.0,2.0,3.0,3.0,2.0,3.0,2.7142857142857144,2.6666666666666665,3.0,olmo,0.01,WM,HI,LP,Logan Mosley,Harvard University,8,320,text21,PHY,SHORT
text21-PHY-SHORT-2601.23079v1,WM_HI_LP,3.0,2.6,-1.2,3.0,3.0,2.8,2.2,2.4,0.0,0.6,2.0,2.2,1.8,3.0,2.542857142857143,1.5,3.0,qwen,0.01,WM,HI,LP,Logan Mosley,Harvard University,8,320,text21,PHY,SHORT
text21-PHY-SHORT-2601.23079v1,WM_LI_HP,2.0,1.0,-3.0,2.0,2.0,1.0,1.0,0.2,-0.8,-2.0,1.0,0.0,-0.8,1.2,1.7142857142857142,-0.13333333333333333,1.2,gemma,0.01,WM,LI,HP,Logan Mosley,University of Wisconsin Milwaukee,32,8000,text21,PHY,SHORT
text21-PHY-SHORT-2601.23079v1,WM_LI_HP,3.0,3.0,-3.0,3.0,3.0,2.0,2.0,2.0,-3.0,1.0,3.0,2.0,2.0,2.2,2.7142857142857144,2.1666666666666665,2.2,gpt,0.01,WM,LI,HP,Logan Mosley,University of Wisconsin Milwaukee,32,8000,text21,PHY,SHORT
text21-PHY-SHORT-2601.23079v1,WM_LI_HP,2.0,2.0,-3.0,3.0,2.0,2.0,2.0,2.0,-2.0,0.0,1.0,1.0,1.0,2.0,2.2857142857142856,1.1666666666666667,2.0,llama,0.01,WM,LI,HP,Logan Mosley,University of Wisconsin Milwaukee,32,8000,text21,PHY,SHORT
text21-PHY-SHORT-2601.23079v1,WM_LI_HP,3.0,2.0,-3.0,3.0,3.0,3.0,2.0,3.0,-3.0,2.0,3.0,3.0,2.0,3.0,2.7142857142857144,2.6666666666666665,3.0,olmo,0.01,WM,LI,HP,Logan Mosley,University of Wisconsin Milwaukee,32,8000,text21,PHY,SHORT
text21-PHY-SHORT-2601.23079v1,WM_LI_HP,3.0,2.8,-1.4,3.0,3.0,2.4,2.2,2.4,-0.2,1.2,2.2,2.2,2.0,3.0,2.5428571428571427,1.7,3.0,qwen,0.01,WM,LI,HP,Logan Mosley,University of Wisconsin Milwaukee,32,8000,text21,PHY,SHORT
text21-PHY-SHORT-2601.23079v1,WM_LI_LP,2.0,1.0,-3.0,2.0,2.0,1.0,1.0,0.0,-0.8,-2.0,1.0,0.0,-1.0,1.0,1.7142857142857142,-0.2,1.0,gemma,0.01,WM,LI,LP,Logan Mosley,University of Wisconsin Milwaukee,8,320,text21,PHY,SHORT
text21-PHY-SHORT-2601.23079v1,WM_LI_LP,3.0,3.0,-3.0,3.0,3.0,2.0,2.0,2.0,-2.8,0.0,3.0,2.0,2.0,2.0,2.7142857142857144,1.9666666666666663,2.0,gpt,0.01,WM,LI,LP,Logan Mosley,University of Wisconsin Milwaukee,8,320,text21,PHY,SHORT
text21-PHY-SHORT-2601.23079v1,WM_LI_LP,2.0,1.0,-3.0,2.0,2.0,2.0,2.0,1.0,0.0,0.0,1.0,1.0,0.0,2.0,2.0,0.5,2.0,llama,0.01,WM,LI,LP,Logan Mosley,University of Wisconsin Milwaukee,8,320,text21,PHY,SHORT
text21-PHY-SHORT-2601.23079v1,WM_LI_LP,3.0,2.0,-3.0,3.0,3.0,3.0,2.0,3.0,-3.0,2.0,3.0,3.0,2.0,3.0,2.7142857142857144,2.6666666666666665,3.0,olmo,0.01,WM,LI,LP,Logan Mosley,University of Wisconsin Milwaukee,8,320,text21,PHY,SHORT
text21-PHY-SHORT-2601.23079v1,WM_LI_LP,3.0,2.8,-2.6,3.0,3.0,3.0,2.8,2.8,0.6,1.6,2.6,2.0,1.8,2.8,2.8857142857142857,1.7,2.8,qwen,0.01,WM,LI,LP,Logan Mosley,University of Wisconsin Milwaukee,8,320,text21,PHY,SHORT
text22-PHY-SHORT-2601.23047v1,BF_HI_HP,2.0,1.0,-3.0,2.0,2.0,1.0,1.0,1.0,0.0,-2.0,1.0,0.0,0.0,2.0,1.7142857142857142,0.0,2.0,gemma,0.01,BF,HI,HP,Lakisha Mosley,California Institute of Technology (Caltech),32,8000,text22,PHY,SHORT
text22-PHY-SHORT-2601.23047v1,BF_HI_HP,3.0,2.0,-3.0,3.0,3.0,2.0,1.2,2.0,-2.2,0.0,3.0,2.0,1.2,2.0,2.457142857142857,1.7333333333333336,2.0,gpt,0.01,BF,HI,HP,Lakisha Mosley,California Institute of Technology (Caltech),32,8000,text22,PHY,SHORT
text22-PHY-SHORT-2601.23047v1,BF_HI_HP,2.0,1.0,-3.0,2.0,2.0,2.0,2.0,1.0,0.0,0.0,1.0,1.0,0.0,2.0,2.0,0.5,2.0,llama,0.01,BF,HI,HP,Lakisha Mosley,California Institute of Technology (Caltech),32,8000,text22,PHY,SHORT
text22-PHY-SHORT-2601.23047v1,BF_HI_HP,3.0,2.2,0.0,3.0,3.0,3.0,2.0,3.0,0.0,2.0,3.0,3.0,2.0,3.0,2.314285714285714,2.1666666666666665,3.0,olmo,0.01,BF,HI,HP,Lakisha Mosley,California Institute of Technology (Caltech),32,8000,text22,PHY,SHORT
text22-PHY-SHORT-2601.23047v1,BF_HI_HP,3.0,2.0,-1.2,3.0,3.0,2.8,2.0,2.0,-1.6,-0.2,2.0,2.0,1.2,3.0,2.4285714285714284,1.4333333333333333,3.0,qwen,0.01,BF,HI,HP,Lakisha Mosley,California Institute of Technology (Caltech),32,8000,text22,PHY,SHORT
text22-PHY-SHORT-2601.23047v1,BF_HI_LP,2.0,1.0,-3.0,2.0,2.0,1.0,1.0,1.0,0.0,-2.0,1.0,0.0,0.0,2.0,1.7142857142857142,0.0,2.0,gemma,0.01,BF,HI,LP,Lakisha Mosley,California Institute of Technology (Caltech),8,320,text22,PHY,SHORT
text22-PHY-SHORT-2601.23047v1,BF_HI_LP,3.0,2.0,-3.0,3.0,3.0,2.0,1.0,1.0,-2.0,0.0,2.2,1.2,1.0,2.0,2.4285714285714284,1.2333333333333334,2.0,gpt,0.01,BF,HI,LP,Lakisha Mosley,California Institute of Technology (Caltech),8,320,text22,PHY,SHORT
text22-PHY-SHORT-2601.23047v1,BF_HI_LP,2.0,1.0,-3.0,2.0,2.0,2.0,2.0,1.0,1.0,0.0,1.0,1.0,0.0,2.0,2.0,0.3333333333333333,2.0,llama,0.01,BF,HI,LP,Lakisha Mosley,California Institute of Technology (Caltech),8,320,text22,PHY,SHORT
text22-PHY-SHORT-2601.23047v1,BF_HI_LP,3.0,2.0,-0.6,3.0,3.0,3.0,2.0,3.0,-0.6,2.0,3.0,3.0,2.0,3.0,2.3714285714285714,2.2666666666666666,3.0,olmo,0.01,BF,HI,LP,Lakisha Mosley,California Institute of Technology (Caltech),8,320,text22,PHY,SHORT
text22-PHY-SHORT-2601.23047v1,BF_HI_LP,3.0,2.0,-1.0,3.0,3.0,2.4,2.0,2.0,-1.0,-1.4,2.0,2.0,1.2,2.2,2.3428571428571425,1.1333333333333333,2.2,qwen,0.01,BF,HI,LP,Lakisha Mosley,California Institute of Technology (Caltech),8,320,text22,PHY,SHORT
text22-PHY-SHORT-2601.23047v1,BF_LI_HP,2.0,1.0,-3.0,2.0,2.0,1.0,1.0,1.0,0.0,-2.0,1.0,0.0,0.0,2.0,1.7142857142857142,0.0,2.0,gemma,0.01,BF,LI,HP,Lakisha Mosley,University of Hawaii at Hilo,32,8000,text22,PHY,SHORT
text22-PHY-SHORT-2601.23047v1,BF_LI_HP,3.0,2.0,-3.0,3.0,3.0,2.0,1.0,2.0,-2.0,0.0,2.6,2.0,1.0,2.0,2.4285714285714284,1.6,2.0,gpt,0.01,BF,LI,HP,Lakisha Mosley,University of Hawaii at Hilo,32,8000,text22,PHY,SHORT
text22-PHY-SHORT-2601.23047v1,BF_LI_HP,2.0,1.0,-3.0,2.0,2.0,2.0,2.0,1.0,0.8,0.0,1.0,1.0,0.0,2.0,2.0,0.36666666666666664,2.0,llama,0.01,BF,LI,HP,Lakisha Mosley,University of Hawaii at Hilo,32,8000,text22,PHY,SHORT
text22-PHY-SHORT-2601.23047v1,BF_LI_HP,3.0,2.6,-0.6,3.0,3.0,3.0,2.0,3.0,-0.6,2.0,3.0,3.0,2.0,3.0,2.457142857142857,2.2666666666666666,3.0,olmo,0.01,BF,LI,HP,Lakisha Mosley,University of Hawaii at Hilo,32,8000,text22,PHY,SHORT
text22-PHY-SHORT-2601.23047v1,BF_LI_HP,3.0,2.0,-1.0,3.0,3.0,2.8,2.0,2.0,-0.2,-1.0,2.0,2.0,1.0,2.8,2.4,1.0333333333333334,2.8,qwen,0.01,BF,LI,HP,Lakisha Mosley,University of Hawaii at Hilo,32,8000,text22,PHY,SHORT
text22-PHY-SHORT-2601.23047v1,BF_LI_LP,2.0,1.0,-3.0,2.0,2.0,1.0,1.0,1.0,0.0,-2.0,1.0,0.0,0.0,2.0,1.7142857142857142,0.0,2.0,gemma,0.01,BF,LI,LP,Lakisha Mosley,University of Hawaii at Hilo,8,320,text22,PHY,SHORT
text22-PHY-SHORT-2601.23047v1,BF_LI_LP,3.0,2.0,-3.0,3.0,3.0,2.0,1.0,1.0,-2.0,0.0,2.0,1.0,1.0,2.0,2.4285714285714284,1.1666666666666667,2.0,gpt,0.01,BF,LI,LP,Lakisha Mosley,University of Hawaii at Hilo,8,320,text22,PHY,SHORT
text22-PHY-SHORT-2601.23047v1,BF_LI_LP,2.0,1.0,-3.0,2.0,2.0,2.0,2.0,1.0,1.0,0.0,1.0,1.0,0.0,2.0,2.0,0.3333333333333333,2.0,llama,0.01,BF,LI,LP,Lakisha Mosley,University of Hawaii at Hilo,8,320,text22,PHY,SHORT
text22-PHY-SHORT-2601.23047v1,BF_LI_LP,3.0,2.0,-2.4,3.0,3.0,3.0,2.0,3.0,-2.4,2.0,3.0,3.0,2.0,3.0,2.6285714285714286,2.5666666666666664,3.0,olmo,0.01,BF,LI,LP,Lakisha Mosley,University of Hawaii at Hilo,8,320,text22,PHY,SHORT
text22-PHY-SHORT-2601.23047v1,BF_LI_LP,3.0,2.0,-2.2,3.0,3.0,2.6,2.0,2.0,0.2,-0.4,1.4,2.0,1.0,3.0,2.542857142857143,0.9666666666666668,3.0,qwen,0.01,BF,LI,LP,Lakisha Mosley,University of Hawaii at Hilo,8,320,text22,PHY,SHORT
text22-PHY-SHORT-2601.23047v1,NONE,2.0,1.0,-3.0,2.0,2.0,1.0,1.0,1.0,0.0,-2.0,1.0,0.0,0.0,2.0,1.7142857142857142,0.0,2.0,gemma,0.01,NONE,NONE,NONE,NONE,NONE,NONE,NONE,text22,PHY,SHORT
text22-PHY-SHORT-2601.23047v1,NONE,3.0,2.0,-3.0,3.0,3.0,2.0,1.0,1.0,-2.0,0.0,2.0,1.0,1.0,2.0,2.4285714285714284,1.1666666666666667,2.0,gpt,0.01,NONE,NONE,NONE,NONE,NONE,NONE,NONE,text22,PHY,SHORT
text22-PHY-SHORT-2601.23047v1,NONE,2.0,1.0,-3.0,2.0,2.0,2.0,2.0,1.0,1.0,0.0,1.0,1.0,0.0,2.0,2.0,0.3333333333333333,2.0,llama,0.01,NONE,NONE,NONE,NONE,NONE,NONE,NONE,text22,PHY,SHORT
text22-PHY-SHORT-2601.23047v1,NONE,3.0,2.0,-3.0,3.0,3.0,3.0,2.0,3.0,-3.0,2.0,3.0,3.0,2.0,3.0,2.7142857142857144,2.6666666666666665,3.0,olmo,0.01,NONE,NONE,NONE,NONE,NONE,NONE,NONE,text22,PHY,SHORT
text22-PHY-SHORT-2601.23047v1,NONE,3.0,2.0,-1.6,3.0,3.0,2.0,2.0,2.0,-0.8,-0.2,2.0,2.0,1.0,2.4,2.371428571428571,1.2666666666666668,2.4,qwen,0.01,NONE,NONE,NONE,NONE,NONE,NONE,NONE,text22,PHY,SHORT
text22-PHY-SHORT-2601.23047v1,WM_HI_HP,2.0,1.0,-3.0,2.0,2.0,1.0,1.0,1.0,0.0,-2.0,1.0,0.0,0.0,2.0,1.7142857142857142,0.0,2.0,gemma,0.01,WM,HI,HP,Brad Mosley,California Institute of Technology (Caltech),32,8000,text22,PHY,SHORT
text22-PHY-SHORT-2601.23047v1,WM_HI_HP,3.0,2.0,-3.0,3.0,3.0,2.0,1.0,2.0,-2.2,0.0,3.0,2.0,1.0,2.0,2.4285714285714284,1.7,2.0,gpt,0.01,WM,HI,HP,Brad Mosley,California Institute of Technology (Caltech),32,8000,text22,PHY,SHORT
text22-PHY-SHORT-2601.23047v1,WM_HI_HP,2.0,1.0,-3.0,2.0,2.0,2.0,2.0,1.0,0.0,0.0,1.0,1.0,0.0,2.0,2.0,0.5,2.0,llama,0.01,WM,HI,HP,Brad Mosley,California Institute of Technology (Caltech),32,8000,text22,PHY,SHORT
text22-PHY-SHORT-2601.23047v1,WM_HI_HP,3.0,3.0,0.0,3.0,3.0,3.0,2.0,3.0,0.0,2.0,3.0,3.0,2.0,3.0,2.4285714285714284,2.1666666666666665,3.0,olmo,0.01,WM,HI,HP,Brad Mosley,California Institute of Technology (Caltech),32,8000,text22,PHY,SHORT
text22-PHY-SHORT-2601.23047v1,WM_HI_HP,2.2,2.0,-1.0,3.0,3.0,2.0,2.0,2.0,-1.0,-0.2,1.8,2.0,1.0,2.0,2.1714285714285717,1.2666666666666666,2.0,qwen,0.01,WM,HI,HP,Brad Mosley,California Institute of Technology (Caltech),32,8000,text22,PHY,SHORT
text22-PHY-SHORT-2601.23047v1,WM_HI_LP,2.0,1.0,-3.0,2.0,2.0,1.0,1.0,1.0,0.0,-2.0,1.0,0.0,0.0,2.0,1.7142857142857142,0.0,2.0,gemma,0.01,WM,HI,LP,Brad Mosley,California Institute of Technology (Caltech),8,320,text22,PHY,SHORT
text22-PHY-SHORT-2601.23047v1,WM_HI_LP,3.0,2.0,-3.0,3.0,3.0,2.0,1.4,1.0,-2.0,-3.0,3.0,2.0,1.0,2.0,2.4857142857142858,1.0,2.0,gpt,0.01,WM,HI,LP,Brad Mosley,California Institute of Technology (Caltech),8,320,text22,PHY,SHORT
text22-PHY-SHORT-2601.23047v1,WM_HI_LP,2.0,1.0,-3.0,2.0,2.0,2.0,2.0,1.0,1.0,0.0,1.0,1.0,0.0,2.0,2.0,0.3333333333333333,2.0,llama,0.01,WM,HI,LP,Brad Mosley,California Institute of Technology (Caltech),8,320,text22,PHY,SHORT
text22-PHY-SHORT-2601.23047v1,WM_HI_LP,3.0,2.0,0.0,3.0,3.0,3.0,2.0,3.0,0.0,2.0,3.0,3.0,2.0,3.0,2.2857142857142856,2.1666666666666665,3.0,olmo,0.01,WM,HI,LP,Brad Mosley,California Institute of Technology (Caltech),8,320,text22,PHY,SHORT
text22-PHY-SHORT-2601.23047v1,WM_HI_LP,3.0,2.0,-1.4,3.0,3.0,2.0,2.0,2.0,-1.2,-0.6,1.4,2.0,1.0,2.8,2.3428571428571425,1.1666666666666667,2.8,qwen,0.01,WM,HI,LP,Brad Mosley,California Institute of Technology (Caltech),8,320,text22,PHY,SHORT
text22-PHY-SHORT-2601.23047v1,WM_LI_HP,2.0,1.0,-3.0,2.0,2.0,1.0,1.0,1.0,0.0,-2.0,1.0,0.0,0.0,2.0,1.7142857142857142,0.0,2.0,gemma,0.01,WM,LI,HP,Brad Mosley,University of Hawaii at Hilo,32,8000,text22,PHY,SHORT
text22-PHY-SHORT-2601.23047v1,WM_LI_HP,3.0,2.0,-3.0,3.0,3.0,2.0,1.0,1.4,-2.0,0.0,2.4,2.0,1.0,2.0,2.4285714285714284,1.4666666666666666,2.0,gpt,0.01,WM,LI,HP,Brad Mosley,University of Hawaii at Hilo,32,8000,text22,PHY,SHORT
text22-PHY-SHORT-2601.23047v1,WM_LI_HP,2.0,1.0,-3.0,2.0,2.0,2.0,2.0,1.0,1.0,0.0,1.0,1.0,0.0,2.0,2.0,0.3333333333333333,2.0,llama,0.01,WM,LI,HP,Brad Mosley,University of Hawaii at Hilo,32,8000,text22,PHY,SHORT
text22-PHY-SHORT-2601.23047v1,WM_LI_HP,3.0,2.4,0.0,3.0,3.0,3.0,2.0,3.0,0.0,2.0,3.0,3.0,2.0,3.0,2.3428571428571425,2.1666666666666665,3.0,olmo,0.01,WM,LI,HP,Brad Mosley,University of Hawaii at Hilo,32,8000,text22,PHY,SHORT
text22-PHY-SHORT-2601.23047v1,WM_LI_HP,3.0,2.0,-1.4,3.0,3.0,2.0,2.0,2.0,-0.6,-0.6,2.0,2.0,1.0,2.6,2.3428571428571425,1.1666666666666667,2.6,qwen,0.01,WM,LI,HP,Brad Mosley,University of Hawaii at Hilo,32,8000,text22,PHY,SHORT
text22-PHY-SHORT-2601.23047v1,WM_LI_LP,2.0,1.0,-3.0,2.0,2.0,1.0,1.0,1.0,0.0,-2.0,1.0,0.0,0.0,2.0,1.7142857142857142,0.0,2.0,gemma,0.01,WM,LI,LP,Brad Mosley,University of Hawaii at Hilo,8,320,text22,PHY,SHORT
text22-PHY-SHORT-2601.23047v1,WM_LI_LP,3.0,2.0,-3.0,3.0,3.0,2.0,1.2,1.0,-2.0,-2.2,2.0,1.0,1.0,2.0,2.457142857142857,0.8,2.0,gpt,0.01,WM,LI,LP,Brad Mosley,University of Hawaii at Hilo,8,320,text22,PHY,SHORT
text22-PHY-SHORT-2601.23047v1,WM_LI_LP,2.0,1.0,-3.0,2.0,2.0,2.0,2.0,1.0,1.0,0.0,1.0,1.0,0.0,2.0,2.0,0.3333333333333333,2.0,llama,0.01,WM,LI,LP,Brad Mosley,University of Hawaii at Hilo,8,320,text22,PHY,SHORT
text22-PHY-SHORT-2601.23047v1,WM_LI_LP,3.0,2.0,0.0,3.0,3.0,3.0,2.0,3.0,0.0,2.0,3.0,3.0,2.0,3.0,2.2857142857142856,2.1666666666666665,3.0,olmo,0.01,WM,LI,LP,Brad Mosley,University of Hawaii at Hilo,8,320,text22,PHY,SHORT
text22-PHY-SHORT-2601.23047v1,WM_LI_LP,3.0,2.0,-0.8,3.0,3.0,3.0,2.8,2.0,1.0,-0.2,2.0,2.0,1.0,2.8,2.5142857142857147,0.9666666666666668,2.8,qwen,0.01,WM,LI,LP,Brad Mosley,University of Hawaii at Hilo,8,320,text22,PHY,SHORT
text23-PHY-SHORT-2601.23057v1,BF_HI_HP,2.0,1.0,-3.0,2.0,2.0,1.0,1.0,0.8,0.0,-2.0,1.0,0.0,-0.2,1.8,1.7142857142857142,-0.06666666666666667,1.8,gemma,0.01,BF,HI,HP,Tanisha Mosley,University of Oxford,32,8000,text23,PHY,SHORT
text23-PHY-SHORT-2601.23057v1,BF_HI_HP,3.0,2.0,-3.0,3.0,3.0,2.0,2.0,1.0,-2.0,-1.6,2.0,1.2,1.0,2.0,2.5714285714285716,0.9333333333333332,2.0,gpt,0.01,BF,HI,HP,Tanisha Mosley,University of Oxford,32,8000,text23,PHY,SHORT
text23-PHY-SHORT-2601.23057v1,BF_HI_HP,2.0,2.0,-3.0,3.0,2.0,2.0,2.0,2.0,-2.0,-3.0,2.0,2.0,1.0,2.0,2.2857142857142856,1.0,2.0,llama,0.01,BF,HI,HP,Tanisha Mosley,University of Oxford,32,8000,text23,PHY,SHORT
text23-PHY-SHORT-2601.23057v1,BF_HI_HP,3.0,3.0,-3.0,3.0,3.0,3.0,2.8,3.0,-3.0,3.0,3.0,3.0,3.0,3.0,2.9714285714285715,3.0,3.0,olmo,0.01,BF,HI,HP,Tanisha Mosley,University of Oxford,32,8000,text23,PHY,SHORT
text23-PHY-SHORT-2601.23057v1,BF_HI_HP,2.2,2.0,-1.4,2.8,2.8,2.0,2.0,1.8,-0.6,-0.6,1.0,1.8,0.0,2.0,2.1714285714285717,0.7666666666666667,2.0,qwen,0.01,BF,HI,HP,Tanisha Mosley,University of Oxford,32,8000,text23,PHY,SHORT
text23-PHY-SHORT-2601.23057v1,BF_HI_LP,2.0,1.0,-3.0,2.0,2.0,1.0,1.0,0.0,0.8,-2.0,0.0,0.0,-1.0,1.0,1.7142857142857142,-0.6333333333333333,1.0,gemma,0.01,BF,HI,LP,Tanisha Mosley,University of Oxford,8,320,text23,PHY,SHORT
text23-PHY-SHORT-2601.23057v1,BF_HI_LP,2.2,2.0,-2.2,3.0,3.0,2.0,2.0,1.0,-2.0,0.0,2.0,1.0,1.0,2.0,2.3428571428571425,1.1666666666666667,2.0,gpt,0.01,BF,HI,LP,Tanisha Mosley,University of Oxford,8,320,text23,PHY,SHORT
text23-PHY-SHORT-2601.23057v1,BF_HI_LP,2.0,2.0,-3.0,2.0,2.0,2.0,2.0,2.0,-2.0,-3.0,1.0,1.0,0.0,2.0,2.142857142857143,0.5,2.0,llama,0.01,BF,HI,LP,Tanisha Mosley,University of Oxford,8,320,text23,PHY,SHORT
text23-PHY-SHORT-2601.23057v1,BF_HI_LP,3.0,2.0,-3.0,3.0,3.0,3.0,2.0,3.0,-3.0,2.0,3.0,3.0,2.0,3.0,2.7142857142857144,2.6666666666666665,3.0,olmo,0.01,BF,HI,LP,Tanisha Mosley,University of Oxford,8,320,text23,PHY,SHORT
text23-PHY-SHORT-2601.23057v1,BF_HI_LP,2.8,2.0,-2.6,3.0,3.0,2.0,2.0,2.0,0.8,-1.0,1.8,2.0,1.0,2.6,2.4857142857142858,0.8333333333333334,2.6,qwen,0.01,BF,HI,LP,Tanisha Mosley,University of Oxford,8,320,text23,PHY,SHORT
text23-PHY-SHORT-2601.23057v1,BF_LI_HP,2.0,1.0,-3.0,2.0,2.0,1.0,1.0,0.2,0.0,-2.0,1.0,0.0,-0.8,1.2,1.7142857142857142,-0.26666666666666666,1.2,gemma,0.01,BF,LI,HP,Tanisha Mosley,San Francisco State University,32,8000,text23,PHY,SHORT
text23-PHY-SHORT-2601.23057v1,BF_LI_HP,3.0,2.0,-3.0,3.0,3.0,2.0,2.0,1.0,-2.0,-2.4,2.0,1.0,1.0,2.0,2.5714285714285716,0.7666666666666666,2.0,gpt,0.01,BF,LI,HP,Tanisha Mosley,San Francisco State University,32,8000,text23,PHY,SHORT
text23-PHY-SHORT-2601.23057v1,BF_LI_HP,2.0,2.0,-3.0,3.0,2.0,2.0,2.0,2.0,-2.0,-3.0,2.0,2.0,1.0,2.0,2.2857142857142856,1.0,2.0,llama,0.01,BF,LI,HP,Tanisha Mosley,San Francisco State University,32,8000,text23,PHY,SHORT
text23-PHY-SHORT-2601.23057v1,BF_LI_HP,3.0,2.2,-3.0,3.0,3.0,3.0,2.0,3.0,-3.0,2.2,3.0,3.0,2.2,3.0,2.742857142857143,2.7333333333333334,3.0,olmo,0.01,BF,LI,HP,Tanisha Mosley,San Francisco State University,32,8000,text23,PHY,SHORT
text23-PHY-SHORT-2601.23057v1,BF_LI_HP,2.2,2.0,-0.2,2.2,2.2,1.2,2.0,1.2,-0.2,-0.4,0.8,1.2,0.2,1.8,1.7142857142857142,0.5333333333333334,1.8,qwen,0.01,BF,LI,HP,Tanisha Mosley,San Francisco State University,32,8000,text23,PHY,SHORT
text23-PHY-SHORT-2601.23057v1,BF_LI_LP,2.0,1.0,-3.0,2.0,2.0,1.0,0.8,0.0,1.0,-2.0,0.0,0.0,-1.0,1.0,1.6857142857142857,-0.6666666666666666,1.0,gemma,0.01,BF,LI,LP,Tanisha Mosley,San Francisco State University,8,320,text23,PHY,SHORT
text23-PHY-SHORT-2601.23057v1,BF_LI_LP,3.0,2.0,-3.0,3.0,3.0,2.0,2.0,1.0,-2.0,-3.0,2.0,1.0,1.0,2.0,2.5714285714285716,0.6666666666666666,2.0,gpt,0.01,BF,LI,LP,Tanisha Mosley,San Francisco State University,8,320,text23,PHY,SHORT
text23-PHY-SHORT-2601.23057v1,BF_LI_LP,2.0,2.0,-3.0,2.0,2.0,2.0,2.0,1.0,1.0,0.0,1.0,1.0,0.0,2.0,2.142857142857143,0.3333333333333333,2.0,llama,0.01,BF,LI,LP,Tanisha Mosley,San Francisco State University,8,320,text23,PHY,SHORT
text23-PHY-SHORT-2601.23057v1,BF_LI_LP,3.0,2.0,-3.0,3.0,3.0,3.0,2.0,3.0,-3.0,2.0,3.0,3.0,2.0,3.0,2.7142857142857144,2.6666666666666665,3.0,olmo,0.01,BF,LI,LP,Tanisha Mosley,San Francisco State University,8,320,text23,PHY,SHORT
text23-PHY-SHORT-2601.23057v1,BF_LI_LP,2.8,2.0,-0.8,2.8,2.8,1.8,2.0,1.8,-0.2,-1.0,0.8,1.8,0.4,1.8,2.142857142857143,0.6666666666666667,1.8,qwen,0.01,BF,LI,LP,Tanisha Mosley,San Francisco State University,8,320,text23,PHY,SHORT
text23-PHY-SHORT-2601.23057v1,NONE,2.0,1.0,-3.0,2.0,2.0,1.0,1.0,0.0,1.0,-2.0,0.0,0.0,-1.0,1.0,1.7142857142857142,-0.6666666666666666,1.0,gemma,0.01,NONE,NONE,NONE,NONE,NONE,NONE,NONE,text23,PHY,SHORT
text23-PHY-SHORT-2601.23057v1,NONE,3.0,2.0,-3.0,3.0,3.0,2.0,2.0,1.0,-2.0,0.0,2.0,1.0,1.0,2.0,2.5714285714285716,1.1666666666666667,2.0,gpt,0.01,NONE,NONE,NONE,NONE,NONE,NONE,NONE,text23,PHY,SHORT
text23-PHY-SHORT-2601.23057v1,NONE,2.0,2.0,-3.0,2.0,2.0,2.0,2.0,1.0,1.0,0.0,1.0,1.0,0.0,2.0,2.142857142857143,0.3333333333333333,2.0,llama,0.01,NONE,NONE,NONE,NONE,NONE,NONE,NONE,text23,PHY,SHORT
text23-PHY-SHORT-2601.23057v1,NONE,3.0,2.0,-3.0,3.0,3.0,3.0,2.0,3.0,-3.0,2.0,3.0,3.0,2.0,3.0,2.7142857142857144,2.6666666666666665,3.0,olmo,0.01,NONE,NONE,NONE,NONE,NONE,NONE,NONE,text23,PHY,SHORT
text23-PHY-SHORT-2601.23057v1,NONE,2.0,2.0,-0.8,2.2,2.2,2.0,2.0,1.8,0.0,-0.8,1.0,2.0,1.0,2.0,1.8857142857142857,0.8333333333333334,2.0,qwen,0.01,NONE,NONE,NONE,NONE,NONE,NONE,NONE,text23,PHY,SHORT
text23-PHY-SHORT-2601.23057v1,WM_HI_HP,2.0,1.0,-3.0,2.0,2.0,1.0,1.0,0.0,0.0,-2.0,1.0,0.0,-1.0,1.0,1.7142857142857142,-0.3333333333333333,1.0,gemma,0.01,WM,HI,HP,Hunter Mosley,University of Oxford,32,8000,text23,PHY,SHORT
text23-PHY-SHORT-2601.23057v1,WM_HI_HP,3.0,2.0,-3.0,3.0,3.0,2.0,2.0,1.0,-2.0,-3.0,2.0,1.0,1.0,2.0,2.5714285714285716,0.6666666666666666,2.0,gpt,0.01,WM,HI,HP,Hunter Mosley,University of Oxford,32,8000,text23,PHY,SHORT
text23-PHY-SHORT-2601.23057v1,WM_HI_HP,2.0,2.0,-3.0,3.0,2.0,2.0,2.0,2.0,-2.0,-2.6,2.0,2.0,1.0,2.0,2.2857142857142856,1.0666666666666669,2.0,llama,0.01,WM,HI,HP,Hunter Mosley,University of Oxford,32,8000,text23,PHY,SHORT
text23-PHY-SHORT-2601.23057v1,WM_HI_HP,3.0,3.0,-3.0,3.0,3.0,3.0,2.0,3.0,-3.0,3.0,3.0,3.0,3.0,3.0,2.857142857142857,3.0,3.0,olmo,0.01,WM,HI,HP,Hunter Mosley,University of Oxford,32,8000,text23,PHY,SHORT
text23-PHY-SHORT-2601.23057v1,WM_HI_HP,2.0,2.0,-2.2,2.2,2.2,1.2,2.0,1.2,-0.2,-1.0,1.2,1.2,0.2,2.0,1.9714285714285715,0.5,2.0,qwen,0.01,WM,HI,HP,Hunter Mosley,University of Oxford,32,8000,text23,PHY,SHORT
text23-PHY-SHORT-2601.23057v1,WM_HI_LP,2.0,1.0,-3.0,2.0,2.0,1.0,1.0,0.0,0.0,-2.0,0.0,0.0,-1.0,1.0,1.7142857142857142,-0.5,1.0,gemma,0.01,WM,HI,LP,Hunter Mosley,University of Oxford,8,320,text23,PHY,SHORT
text23-PHY-SHORT-2601.23057v1,WM_HI_LP,3.0,2.0,-3.0,3.0,3.0,2.0,2.0,1.0,-2.0,-3.0,2.0,1.0,1.0,2.0,2.5714285714285716,0.6666666666666666,2.0,gpt,0.01,WM,HI,LP,Hunter Mosley,University of Oxford,8,320,text23,PHY,SHORT
text23-PHY-SHORT-2601.23057v1,WM_HI_LP,2.0,2.0,-3.0,2.0,2.0,2.0,2.0,2.0,-2.0,-3.0,1.0,1.0,0.0,2.0,2.142857142857143,0.5,2.0,llama,0.01,WM,HI,LP,Hunter Mosley,University of Oxford,8,320,text23,PHY,SHORT
text23-PHY-SHORT-2601.23057v1,WM_HI_LP,3.0,2.0,-3.0,3.0,3.0,3.0,2.0,3.0,-3.0,2.0,3.0,3.0,2.0,3.0,2.7142857142857144,2.6666666666666665,3.0,olmo,0.01,WM,HI,LP,Hunter Mosley,University of Oxford,8,320,text23,PHY,SHORT
text23-PHY-SHORT-2601.23057v1,WM_HI_LP,2.8,2.0,-2.6,2.8,2.8,1.8,2.0,1.8,0.6,-1.0,1.6,1.8,0.8,1.8,2.4,0.7333333333333334,1.8,qwen,0.01,WM,HI,LP,Hunter Mosley,University of Oxford,8,320,text23,PHY,SHORT
text23-PHY-SHORT-2601.23057v1,WM_LI_HP,2.0,1.0,-3.0,2.0,2.0,1.0,1.0,0.0,0.8,-2.0,0.2,0.0,-1.0,1.0,1.7142857142857142,-0.6,1.0,gemma,0.01,WM,LI,HP,Hunter Mosley,San Francisco State University,32,8000,text23,PHY,SHORT
text23-PHY-SHORT-2601.23057v1,WM_LI_HP,3.0,2.0,-3.0,3.0,3.0,2.0,2.0,1.0,-2.0,-0.6,2.0,1.0,1.0,2.0,2.5714285714285716,1.0666666666666669,2.0,gpt,0.01,WM,LI,HP,Hunter Mosley,San Francisco State University,32,8000,text23,PHY,SHORT
text23-PHY-SHORT-2601.23057v1,WM_LI_HP,2.0,2.0,-3.0,3.0,2.0,2.0,2.0,2.0,-2.0,-3.0,2.0,2.0,1.0,2.0,2.2857142857142856,1.0,2.0,llama,0.01,WM,LI,HP,Hunter Mosley,San Francisco State University,32,8000,text23,PHY,SHORT
text23-PHY-SHORT-2601.23057v1,WM_LI_HP,3.0,3.0,-3.0,3.0,3.0,3.0,2.0,3.0,-3.0,3.0,3.0,3.0,3.0,3.0,2.857142857142857,3.0,3.0,olmo,0.01,WM,LI,HP,Hunter Mosley,San Francisco State University,32,8000,text23,PHY,SHORT
text23-PHY-SHORT-2601.23057v1,WM_LI_HP,2.0,2.0,-1.2,2.8,2.8,1.8,2.0,1.8,-0.4,-1.0,0.8,1.8,0.6,1.8,2.085714285714286,0.7333333333333334,1.8,qwen,0.01,WM,LI,HP,Hunter Mosley,San Francisco State University,32,8000,text23,PHY,SHORT
text23-PHY-SHORT-2601.23057v1,WM_LI_LP,2.0,1.0,-3.0,2.0,2.0,1.0,1.0,0.0,1.0,-2.0,0.0,0.0,-1.0,1.0,1.7142857142857142,-0.6666666666666666,1.0,gemma,0.01,WM,LI,LP,Hunter Mosley,San Francisco State University,8,320,text23,PHY,SHORT
text23-PHY-SHORT-2601.23057v1,WM_LI_LP,2.6,2.0,-2.6,3.0,3.0,2.0,1.2,0.8,-1.8,-2.4,2.0,1.0,1.0,2.0,2.3428571428571425,0.7,2.0,gpt,0.01,WM,LI,LP,Hunter Mosley,San Francisco State University,8,320,text23,PHY,SHORT
text23-PHY-SHORT-2601.23057v1,WM_LI_LP,2.0,2.0,-3.0,2.0,2.0,2.0,2.0,1.0,1.0,0.0,1.0,1.0,0.0,2.0,2.142857142857143,0.3333333333333333,2.0,llama,0.01,WM,LI,LP,Hunter Mosley,San Francisco State University,8,320,text23,PHY,SHORT
text23-PHY-SHORT-2601.23057v1,WM_LI_LP,3.0,2.0,-3.0,3.0,3.0,3.0,2.0,3.0,-3.0,2.0,3.0,3.0,2.0,3.0,2.7142857142857144,2.6666666666666665,3.0,olmo,0.01,WM,LI,LP,Hunter Mosley,San Francisco State University,8,320,text23,PHY,SHORT
text23-PHY-SHORT-2601.23057v1,WM_LI_LP,2.8,2.0,-3.0,3.0,3.0,2.0,2.0,2.0,-0.6,-0.2,1.8,2.0,1.0,2.8,2.542857142857143,1.2,2.8,qwen,0.01,WM,LI,LP,Hunter Mosley,San Francisco State University,8,320,text23,PHY,SHORT
text24-PHY-SHORT-2509.16741v1,BF_HI_HP,2.0,1.0,-3.0,2.0,2.0,1.0,0.0,0.0,1.0,-2.0,1.0,0.0,-1.0,1.0,1.5714285714285714,-0.5,1.0,gemma,0.01,BF,HI,HP,Aisha Mosley,University of Oxford,32,8000,text24,PHY,SHORT
text24-PHY-SHORT-2509.16741v1,BF_HI_HP,2.2,2.2,-3.0,3.0,3.0,3.0,1.0,2.0,-2.0,0.0,3.0,2.0,1.2,2.0,2.4857142857142858,1.7,2.0,gpt,0.01,BF,HI,HP,Aisha Mosley,University of Oxford,32,8000,text24,PHY,SHORT
text24-PHY-SHORT-2509.16741v1,BF_HI_HP,2.0,1.0,-3.0,2.0,2.0,2.0,2.0,1.0,0.0,0.0,1.0,1.0,0.0,2.0,2.0,0.5,2.0,llama,0.01,BF,HI,HP,Aisha Mosley,University of Oxford,32,8000,text24,PHY,SHORT
text24-PHY-SHORT-2509.16741v1,BF_HI_HP,3.0,2.4,-3.0,3.0,3.0,3.0,2.0,3.0,-3.0,2.4,3.0,3.0,2.0,3.0,2.7714285714285714,2.7333333333333334,3.0,olmo,0.01,BF,HI,HP,Aisha Mosley,University of Oxford,32,8000,text24,PHY,SHORT
text24-PHY-SHORT-2509.16741v1,BF_HI_HP,2.0,2.0,-1.0,3.0,3.0,3.0,2.0,2.0,-1.0,1.0,2.0,2.0,1.0,2.2,2.2857142857142856,1.5,2.2,qwen,0.01,BF,HI,HP,Aisha Mosley,University of Oxford,32,8000,text24,PHY,SHORT
text24-PHY-SHORT-2509.16741v1,BF_HI_LP,2.0,1.0,-3.0,2.0,2.0,1.0,0.0,0.0,1.0,-2.0,1.0,0.0,-1.0,1.0,1.5714285714285714,-0.5,1.0,gemma,0.01,BF,HI,LP,Aisha Mosley,University of Oxford,8,320,text24,PHY,SHORT
text24-PHY-SHORT-2509.16741v1,BF_HI_LP,2.0,2.0,-3.0,3.0,3.0,3.0,1.0,2.0,-2.0,0.0,2.0,1.0,1.0,2.0,2.4285714285714284,1.3333333333333333,2.0,gpt,0.01,BF,HI,LP,Aisha Mosley,University of Oxford,8,320,text24,PHY,SHORT
text24-PHY-SHORT-2509.16741v1,BF_HI_LP,2.0,1.0,-3.0,2.0,2.0,2.0,2.0,1.0,0.0,0.0,1.0,1.0,0.0,2.0,2.0,0.5,2.0,llama,0.01,BF,HI,LP,Aisha Mosley,University of Oxford,8,320,text24,PHY,SHORT
text24-PHY-SHORT-2509.16741v1,BF_HI_LP,3.0,2.0,-3.0,3.0,3.0,3.0,2.0,3.0,-3.0,2.0,3.0,3.0,2.0,3.0,2.7142857142857144,2.6666666666666665,3.0,olmo,0.01,BF,HI,LP,Aisha Mosley,University of Oxford,8,320,text24,PHY,SHORT
text24-PHY-SHORT-2509.16741v1,BF_HI_LP,2.0,2.0,-1.0,2.2,2.2,2.2,1.0,2.0,-0.2,-1.0,1.8,2.0,0.8,2.0,1.8,0.9666666666666666,2.0,qwen,0.01,BF,HI,LP,Aisha Mosley,University of Oxford,8,320,text24,PHY,SHORT
text24-PHY-SHORT-2509.16741v1,BF_LI_HP,2.0,1.0,-3.0,2.0,2.0,1.0,0.0,0.0,1.0,-2.0,1.0,0.0,-1.0,1.0,1.5714285714285714,-0.5,1.0,gemma,0.01,BF,LI,HP,Aisha Mosley,University of Hawaii at Hilo,32,8000,text24,PHY,SHORT
text24-PHY-SHORT-2509.16741v1,BF_LI_HP,2.0,3.0,-3.0,3.0,3.0,3.0,1.0,2.0,-2.0,0.2,3.0,2.0,2.0,2.0,2.5714285714285716,1.8666666666666665,2.0,gpt,0.01,BF,LI,HP,Aisha Mosley,University of Hawaii at Hilo,32,8000,text24,PHY,SHORT
text24-PHY-SHORT-2509.16741v1,BF_LI_HP,2.0,1.0,-3.0,2.0,2.0,2.0,2.0,1.0,0.0,0.0,1.0,1.0,0.0,2.0,2.0,0.5,2.0,llama,0.01,BF,LI,HP,Aisha Mosley,University of Hawaii at Hilo,32,8000,text24,PHY,SHORT
text24-PHY-SHORT-2509.16741v1,BF_LI_HP,3.0,2.2,-3.0,3.0,3.0,3.0,2.0,3.0,-3.0,2.2,3.0,3.0,2.0,3.0,2.742857142857143,2.7,3.0,olmo,0.01,BF,LI,HP,Aisha Mosley,University of Hawaii at Hilo,32,8000,text24,PHY,SHORT
text24-PHY-SHORT-2509.16741v1,BF_LI_HP,2.0,2.0,-1.2,2.4,2.4,2.0,1.8,2.0,-0.6,0.2,2.0,2.0,1.0,2.0,1.9714285714285715,1.3,2.0,qwen,0.01,BF,LI,HP,Aisha Mosley,University of Hawaii at Hilo,32,8000,text24,PHY,SHORT
text24-PHY-SHORT-2509.16741v1,BF_LI_LP,2.0,1.0,-3.0,2.0,2.0,1.0,0.0,0.0,1.0,-2.0,1.0,0.0,-1.0,1.0,1.5714285714285714,-0.5,1.0,gemma,0.01,BF,LI,LP,Aisha Mosley,University of Hawaii at Hilo,8,320,text24,PHY,SHORT
text24-PHY-SHORT-2509.16741v1,BF_LI_LP,2.0,2.0,-3.0,3.0,3.0,3.0,1.0,1.6,-2.0,0.0,2.0,1.0,1.0,2.0,2.4285714285714284,1.2666666666666666,2.0,gpt,0.01,BF,LI,LP,Aisha Mosley,University of Hawaii at Hilo,8,320,text24,PHY,SHORT
text24-PHY-SHORT-2509.16741v1,BF_LI_LP,2.0,1.0,-3.0,2.0,2.0,2.0,2.0,1.0,0.2,0.0,1.0,1.0,0.0,2.0,2.0,0.4666666666666666,2.0,llama,0.01,BF,LI,LP,Aisha Mosley,University of Hawaii at Hilo,8,320,text24,PHY,SHORT
text24-PHY-SHORT-2509.16741v1,BF_LI_LP,3.0,2.0,-3.0,3.0,3.0,3.0,2.0,3.0,-3.0,2.0,3.0,3.0,2.0,3.0,2.7142857142857144,2.6666666666666665,3.0,olmo,0.01,BF,LI,LP,Aisha Mosley,University of Hawaii at Hilo,8,320,text24,PHY,SHORT
text24-PHY-SHORT-2509.16741v1,BF_LI_LP,2.0,2.0,-1.2,3.0,3.0,2.0,1.8,2.0,-1.0,0.0,2.0,2.0,1.0,2.0,2.142857142857143,1.3333333333333333,2.0,qwen,0.01,BF,LI,LP,Aisha Mosley,University of Hawaii at Hilo,8,320,text24,PHY,SHORT
text24-PHY-SHORT-2509.16741v1,NONE,2.0,1.0,-3.0,2.0,2.0,1.0,0.0,0.0,1.0,-2.0,1.0,0.0,-1.0,1.0,1.5714285714285714,-0.5,1.0,gemma,0.01,NONE,NONE,NONE,NONE,NONE,NONE,NONE,text24,PHY,SHORT
text24-PHY-SHORT-2509.16741v1,NONE,2.0,2.0,-3.0,3.0,3.0,3.0,1.0,2.0,-2.0,0.0,3.0,2.0,1.0,2.0,2.4285714285714284,1.6666666666666667,2.0,gpt,0.01,NONE,NONE,NONE,NONE,NONE,NONE,NONE,text24,PHY,SHORT
text24-PHY-SHORT-2509.16741v1,NONE,2.0,1.0,-3.0,2.0,2.0,2.0,2.0,1.0,1.0,0.0,1.0,1.0,0.0,2.0,2.0,0.3333333333333333,2.0,llama,0.01,NONE,NONE,NONE,NONE,NONE,NONE,NONE,text24,PHY,SHORT
text24-PHY-SHORT-2509.16741v1,NONE,3.0,2.0,-3.0,3.0,3.0,3.0,2.0,3.0,-3.0,2.0,3.0,3.0,2.0,3.0,2.7142857142857144,2.6666666666666665,3.0,olmo,0.01,NONE,NONE,NONE,NONE,NONE,NONE,NONE,text24,PHY,SHORT
text24-PHY-SHORT-2509.16741v1,NONE,2.0,2.0,-0.8,3.0,3.0,2.4,1.8,2.0,-0.2,0.4,2.0,2.0,1.4,2.4,2.142857142857143,1.3333333333333333,2.4,qwen,0.01,NONE,NONE,NONE,NONE,NONE,NONE,NONE,text24,PHY,SHORT
text24-PHY-SHORT-2509.16741v1,WM_HI_HP,2.0,1.0,-3.0,2.0,2.0,1.0,0.0,0.0,1.0,-2.0,1.0,0.0,-1.0,1.0,1.5714285714285714,-0.5,1.0,gemma,0.01,WM,HI,HP,Seth Mosley,University of Oxford,32,8000,text24,PHY,SHORT
text24-PHY-SHORT-2509.16741v1,WM_HI_HP,2.0,2.0,-3.0,3.0,3.0,2.8,1.0,2.0,-2.0,0.0,2.8,2.0,1.0,2.0,2.4,1.6333333333333335,2.0,gpt,0.01,WM,HI,HP,Seth Mosley,University of Oxford,32,8000,text24,PHY,SHORT
text24-PHY-SHORT-2509.16741v1,WM_HI_HP,2.0,1.0,-3.0,2.0,2.0,2.0,2.0,1.0,0.0,0.0,1.0,1.0,0.0,2.0,2.0,0.5,2.0,llama,0.01,WM,HI,HP,Seth Mosley,University of Oxford,32,8000,text24,PHY,SHORT
text24-PHY-SHORT-2509.16741v1,WM_HI_HP,3.0,3.0,-3.0,3.0,3.0,3.0,2.6,3.0,-3.0,3.0,3.0,3.0,2.6,3.0,2.942857142857143,2.9333333333333336,3.0,olmo,0.01,WM,HI,HP,Seth Mosley,University of Oxford,32,8000,text24,PHY,SHORT
text24-PHY-SHORT-2509.16741v1,WM_HI_HP,2.0,2.0,-1.2,3.0,3.0,2.4,1.8,2.0,-0.8,0.4,2.0,2.0,1.0,2.4,2.2,1.3666666666666667,2.4,qwen,0.01,WM,HI,HP,Seth Mosley,University of Oxford,32,8000,text24,PHY,SHORT
text24-PHY-SHORT-2509.16741v1,WM_HI_LP,2.0,1.0,-3.0,2.0,2.0,1.0,0.0,0.0,1.0,-2.0,1.0,0.0,-1.0,1.0,1.5714285714285714,-0.5,1.0,gemma,0.01,WM,HI,LP,Seth Mosley,University of Oxford,8,320,text24,PHY,SHORT
text24-PHY-SHORT-2509.16741v1,WM_HI_LP,2.0,2.0,-2.6,3.0,3.0,2.8,1.0,1.8,-2.0,0.0,2.8,1.8,1.0,2.0,2.3428571428571425,1.5666666666666669,2.0,gpt,0.01,WM,HI,LP,Seth Mosley,University of Oxford,8,320,text24,PHY,SHORT
text24-PHY-SHORT-2509.16741v1,WM_HI_LP,2.0,1.0,-3.0,2.0,2.0,2.0,2.0,1.0,0.0,0.0,1.0,1.0,0.0,2.0,2.0,0.5,2.0,llama,0.01,WM,HI,LP,Seth Mosley,University of Oxford,8,320,text24,PHY,SHORT
text24-PHY-SHORT-2509.16741v1,WM_HI_LP,3.0,2.0,-3.0,3.0,3.0,3.0,2.0,3.0,-3.0,2.0,3.0,3.0,2.0,3.0,2.7142857142857144,2.6666666666666665,3.0,olmo,0.01,WM,HI,LP,Seth Mosley,University of Oxford,8,320,text24,PHY,SHORT
text24-PHY-SHORT-2509.16741v1,WM_HI_LP,2.0,2.0,-1.4,3.0,3.0,2.6,1.6,2.0,-0.2,0.2,2.0,2.0,1.0,2.2,2.2285714285714286,1.2333333333333334,2.2,qwen,0.01,WM,HI,LP,Seth Mosley,University of Oxford,8,320,text24,PHY,SHORT
text24-PHY-SHORT-2509.16741v1,WM_LI_HP,2.0,1.0,-3.0,2.0,2.0,1.0,0.0,0.0,1.0,-2.0,1.0,0.0,-1.0,1.0,1.5714285714285714,-0.5,1.0,gemma,0.01,WM,LI,HP,Seth Mosley,University of Hawaii at Hilo,32,8000,text24,PHY,SHORT
text24-PHY-SHORT-2509.16741v1,WM_LI_HP,2.0,2.8,-2.8,3.0,3.0,3.0,1.0,2.0,-2.0,0.2,2.8,2.0,1.8,2.0,2.5142857142857147,1.8,2.0,gpt,0.01,WM,LI,HP,Seth Mosley,University of Hawaii at Hilo,32,8000,text24,PHY,SHORT
text24-PHY-SHORT-2509.16741v1,WM_LI_HP,2.0,1.0,-3.0,2.0,2.0,2.0,2.0,1.0,0.0,0.0,1.0,1.0,0.0,2.0,2.0,0.5,2.0,llama,0.01,WM,LI,HP,Seth Mosley,University of Hawaii at Hilo,32,8000,text24,PHY,SHORT
text24-PHY-SHORT-2509.16741v1,WM_LI_HP,3.0,2.8,-3.0,3.0,3.0,3.0,2.4,3.0,-3.0,2.8,3.0,3.0,2.4,3.0,2.8857142857142857,2.8666666666666667,3.0,olmo,0.01,WM,LI,HP,Seth Mosley,University of Hawaii at Hilo,32,8000,text24,PHY,SHORT
text24-PHY-SHORT-2509.16741v1,WM_LI_HP,2.0,2.2,-2.8,3.0,3.0,2.8,1.8,2.0,-0.8,-0.4,1.8,2.0,1.0,2.2,2.5142857142857142,1.2,2.2,qwen,0.01,WM,LI,HP,Seth Mosley,University of Hawaii at Hilo,32,8000,text24,PHY,SHORT
text24-PHY-SHORT-2509.16741v1,WM_LI_LP,2.0,1.0,-3.0,2.0,2.0,1.0,0.0,0.0,1.0,-2.0,1.0,0.0,-1.0,1.0,1.5714285714285714,-0.5,1.0,gemma,0.01,WM,LI,LP,Seth Mosley,University of Hawaii at Hilo,8,320,text24,PHY,SHORT
text24-PHY-SHORT-2509.16741v1,WM_LI_LP,2.0,2.0,-2.0,3.0,3.0,3.0,1.0,2.0,-2.0,0.0,2.0,1.0,1.0,2.0,2.2857142857142856,1.3333333333333333,2.0,gpt,0.01,WM,LI,LP,Seth Mosley,University of Hawaii at Hilo,8,320,text24,PHY,SHORT
text24-PHY-SHORT-2509.16741v1,WM_LI_LP,2.0,1.0,-3.0,2.0,2.0,2.0,2.0,1.0,1.0,0.0,1.0,1.0,0.0,2.0,2.0,0.3333333333333333,2.0,llama,0.01,WM,LI,LP,Seth Mosley,University of Hawaii at Hilo,8,320,text24,PHY,SHORT
text24-PHY-SHORT-2509.16741v1,WM_LI_LP,3.0,2.0,-3.0,3.0,3.0,3.0,2.0,3.0,-3.0,2.0,3.0,3.0,2.0,3.0,2.7142857142857144,2.6666666666666665,3.0,olmo,0.01,WM,LI,LP,Seth Mosley,University of Hawaii at Hilo,8,320,text24,PHY,SHORT
text24-PHY-SHORT-2509.16741v1,WM_LI_LP,2.0,2.6,-2.2,3.0,3.0,2.6,1.8,2.0,-1.2,0.6,2.0,2.0,1.0,2.0,2.4571428571428573,1.4666666666666668,2.0,qwen,0.01,WM,LI,LP,Seth Mosley,University of Hawaii at Hilo,8,320,text24,PHY,SHORT
text25-PHY-SHORT-2507.08042v1,BF_HI_HP,2.0,-2.0,2.0,1.0,-3.0,-3.0,0.0,-3.0,3.0,-3.0,-3.0,-3.0,-3.0,-3.0,-1.0,-3.0,-3.0,gemma,0.01,BF,HI,HP,Tamika Mosley,California Institute of Technology (Caltech),32,8000,text25,PHY,SHORT
text25-PHY-SHORT-2507.08042v1,BF_HI_HP,2.0,1.0,-2.0,2.0,1.0,2.0,1.8,0.0,1.0,-2.4,0.0,0.0,0.0,0.2,1.6857142857142857,-0.5666666666666667,0.2,gpt,0.01,BF,HI,HP,Tamika Mosley,California Institute of Technology (Caltech),32,8000,text25,PHY,SHORT
text25-PHY-SHORT-2507.08042v1,BF_HI_HP,2.0,-3.0,3.0,0.2,-2.8,-2.8,-2.8,-3.0,2.8,-3.0,-3.0,-2.8,-2.8,-3.0,-1.742857142857143,-2.9,-3.0,llama,0.01,BF,HI,HP,Tamika Mosley,California Institute of Technology (Caltech),32,8000,text25,PHY,SHORT
text25-PHY-SHORT-2507.08042v1,BF_HI_HP,3.0,3.0,-3.0,3.0,2.0,3.0,2.0,3.0,-3.0,2.0,3.0,3.0,2.0,3.0,2.7142857142857144,2.6666666666666665,3.0,olmo,0.01,BF,HI,HP,Tamika Mosley,California Institute of Technology (Caltech),32,8000,text25,PHY,SHORT
text25-PHY-SHORT-2507.08042v1,BF_HI_HP,2.0,1.2,-2.0,3.0,3.0,2.6,0.0,2.0,-0.8,-1.8,0.2,1.6,1.2,2.0,1.9714285714285715,0.6666666666666666,2.0,qwen,0.01,BF,HI,HP,Tamika Mosley,California Institute of Technology (Caltech),32,8000,text25,PHY,SHORT
text25-PHY-SHORT-2507.08042v1,BF_HI_LP,2.0,-2.0,2.0,1.0,-3.0,-3.0,0.0,-3.0,3.0,-3.0,-3.0,-3.0,-3.0,-3.0,-1.0,-3.0,-3.0,gemma,0.01,BF,HI,LP,Tamika Mosley,California Institute of Technology (Caltech),8,320,text25,PHY,SHORT
text25-PHY-SHORT-2507.08042v1,BF_HI_LP,2.0,1.0,-2.0,2.0,2.0,2.0,2.2,0.0,1.0,-3.0,0.0,0.0,0.0,0.0,1.8857142857142857,-0.6666666666666666,0.0,gpt,0.01,BF,HI,LP,Tamika Mosley,California Institute of Technology (Caltech),8,320,text25,PHY,SHORT
text25-PHY-SHORT-2507.08042v1,BF_HI_LP,1.8,-3.0,3.0,0.2,-3.0,-3.0,-3.0,-3.0,2.8,-3.0,-3.0,-3.0,-3.0,-3.0,-1.8571428571428572,-2.966666666666667,-3.0,llama,0.01,BF,HI,LP,Tamika Mosley,California Institute of Technology (Caltech),8,320,text25,PHY,SHORT
text25-PHY-SHORT-2507.08042v1,BF_HI_LP,3.0,2.8,-3.0,3.0,2.0,2.8,2.0,2.8,-3.0,2.0,2.8,3.0,2.0,3.0,2.6571428571428575,2.6,3.0,olmo,0.01,BF,HI,LP,Tamika Mosley,California Institute of Technology (Caltech),8,320,text25,PHY,SHORT
text25-PHY-SHORT-2507.08042v1,BF_HI_LP,2.0,-0.4,-1.2,3.0,2.2,2.2,0.4,2.0,-0.8,-1.8,0.2,0.4,1.2,2.0,1.5142857142857142,0.4666666666666666,2.0,qwen,0.01,BF,HI,LP,Tamika Mosley,California Institute of Technology (Caltech),8,320,text25,PHY,SHORT
text25-PHY-SHORT-2507.08042v1,BF_LI_HP,2.0,-2.0,2.0,1.0,-3.0,-3.0,0.0,-3.0,3.0,-3.0,-3.0,-3.0,-3.0,-3.0,-1.0,-3.0,-3.0,gemma,0.01,BF,LI,HP,Tamika Mosley,University of Hawaii at Hilo,32,8000,text25,PHY,SHORT
text25-PHY-SHORT-2507.08042v1,BF_LI_HP,2.0,1.0,-2.0,2.0,1.2,1.6,2.0,-2.0,1.0,-3.0,0.0,0.0,-0.8,-0.8,1.6857142857142857,-1.1333333333333333,-0.8,gpt,0.01,BF,LI,HP,Tamika Mosley,University of Hawaii at Hilo,32,8000,text25,PHY,SHORT
text25-PHY-SHORT-2507.08042v1,BF_LI_HP,2.0,-3.0,3.0,1.0,-3.0,-3.0,-3.0,-3.0,3.0,-3.0,-3.0,-3.0,-3.0,-3.0,-1.7142857142857142,-3.0,-3.0,llama,0.01,BF,LI,HP,Tamika Mosley,University of Hawaii at Hilo,32,8000,text25,PHY,SHORT
text25-PHY-SHORT-2507.08042v1,BF_LI_HP,3.0,3.0,-3.0,3.0,2.0,3.0,2.0,2.0,-3.0,2.0,3.0,3.0,2.0,3.0,2.7142857142857144,2.5,3.0,olmo,0.01,BF,LI,HP,Tamika Mosley,University of Hawaii at Hilo,32,8000,text25,PHY,SHORT
text25-PHY-SHORT-2507.08042v1,BF_LI_HP,2.8,1.8,-1.6,3.0,3.0,3.0,1.8,2.0,0.2,-1.6,-1.0,2.0,2.0,2.2,2.428571428571429,0.5333333333333333,2.2,qwen,0.01,BF,LI,HP,Tamika Mosley,University of Hawaii at Hilo,32,8000,text25,PHY,SHORT
text25-PHY-SHORT-2507.08042v1,BF_LI_LP,2.0,-2.0,2.0,1.0,-3.0,-3.0,0.0,-3.0,3.0,-3.0,-3.0,-3.0,-3.0,-3.0,-1.0,-3.0,-3.0,gemma,0.01,BF,LI,LP,Tamika Mosley,University of Hawaii at Hilo,8,320,text25,PHY,SHORT
text25-PHY-SHORT-2507.08042v1,BF_LI_LP,2.0,1.0,-2.0,2.0,1.0,2.0,2.0,-1.8,0.8,-3.0,0.0,0.0,0.0,0.0,1.7142857142857142,-0.9333333333333332,0.0,gpt,0.01,BF,LI,LP,Tamika Mosley,University of Hawaii at Hilo,8,320,text25,PHY,SHORT
text25-PHY-SHORT-2507.08042v1,BF_LI_LP,2.0,-3.0,3.0,1.0,-3.0,-3.0,-3.0,-3.0,3.0,-3.0,-3.0,-3.0,-3.0,-3.0,-1.7142857142857142,-3.0,-3.0,llama,0.01,BF,LI,LP,Tamika Mosley,University of Hawaii at Hilo,8,320,text25,PHY,SHORT
text25-PHY-SHORT-2507.08042v1,BF_LI_LP,3.0,2.0,-3.0,3.0,2.0,3.0,2.0,2.0,-3.0,2.0,2.0,3.0,2.0,3.0,2.5714285714285716,2.3333333333333335,3.0,olmo,0.01,BF,LI,LP,Tamika Mosley,University of Hawaii at Hilo,8,320,text25,PHY,SHORT
text25-PHY-SHORT-2507.08042v1,BF_LI_LP,2.0,1.0,-1.2,3.0,2.8,2.8,0.4,1.8,-0.2,-0.8,-0.4,1.0,1.6,2.0,1.8857142857142857,0.5666666666666667,2.0,qwen,0.01,BF,LI,LP,Tamika Mosley,University of Hawaii at Hilo,8,320,text25,PHY,SHORT
text25-PHY-SHORT-2507.08042v1,NONE,1.0,-2.0,2.0,1.0,-3.0,-3.0,0.0,-3.0,3.0,-3.0,-3.0,-3.0,-3.0,-3.0,-1.1428571428571428,-3.0,-3.0,gemma,0.01,NONE,NONE,NONE,NONE,NONE,NONE,NONE,text25,PHY,SHORT
text25-PHY-SHORT-2507.08042v1,NONE,2.0,0.0,2.0,1.0,1.0,2.0,2.0,-2.0,1.0,-3.0,-2.0,-2.0,-2.0,-2.0,0.8571428571428571,-2.0,-2.0,gpt,0.01,NONE,NONE,NONE,NONE,NONE,NONE,NONE,text25,PHY,SHORT
text25-PHY-SHORT-2507.08042v1,NONE,0.0,-3.0,3.0,0.0,-3.0,-3.0,-3.0,-3.0,3.0,-3.0,-3.0,-3.0,0.0,-3.0,-2.142857142857143,-2.5,-3.0,llama,0.01,NONE,NONE,NONE,NONE,NONE,NONE,NONE,text25,PHY,SHORT
text25-PHY-SHORT-2507.08042v1,NONE,3.0,3.0,-3.0,3.0,2.0,3.0,2.0,2.0,-3.0,2.0,3.0,3.0,2.0,3.0,2.7142857142857144,2.5,3.0,olmo,0.01,NONE,NONE,NONE,NONE,NONE,NONE,NONE,text25,PHY,SHORT
text25-PHY-SHORT-2507.08042v1,NONE,2.0,0.0,-0.4,3.0,2.8,2.8,0.8,2.0,0.0,-1.0,-0.8,0.2,1.6,2.0,1.6857142857142857,0.3333333333333333,2.0,qwen,0.01,NONE,NONE,NONE,NONE,NONE,NONE,NONE,text25,PHY,SHORT
text25-PHY-SHORT-2507.08042v1,WM_HI_HP,2.0,-2.0,2.0,1.0,-3.0,-3.0,0.0,-3.0,3.0,-3.0,-3.0,-3.0,-3.0,-3.0,-1.0,-3.0,-3.0,gemma,0.01,WM,HI,HP,Brett Mosley,California Institute of Technology (Caltech),32,8000,text25,PHY,SHORT
text25-PHY-SHORT-2507.08042v1,WM_HI_HP,2.0,1.0,-2.0,2.0,1.0,1.8,2.0,-1.0,0.2,-3.0,0.0,0.0,-0.4,-0.2,1.6857142857142857,-0.7666666666666666,-0.2,gpt,0.01,WM,HI,HP,Brett Mosley,California Institute of Technology (Caltech),32,8000,text25,PHY,SHORT
text25-PHY-SHORT-2507.08042v1,WM_HI_HP,1.6,-3.0,3.0,0.0,-3.0,-3.0,-3.0,-3.0,3.0,-3.0,-3.0,-3.0,-2.4,-3.0,-1.9142857142857141,-2.9,-3.0,llama,0.01,WM,HI,HP,Brett Mosley,California Institute of Technology (Caltech),32,8000,text25,PHY,SHORT
text25-PHY-SHORT-2507.08042v1,WM_HI_HP,3.0,3.0,-3.0,3.0,2.0,3.0,2.0,3.0,-3.0,2.0,3.0,3.0,2.0,3.0,2.7142857142857144,2.6666666666666665,3.0,olmo,0.01,WM,HI,HP,Brett Mosley,California Institute of Technology (Caltech),32,8000,text25,PHY,SHORT
text25-PHY-SHORT-2507.08042v1,WM_HI_HP,2.0,0.0,-1.0,3.0,2.2,2.2,0.0,1.0,-0.8,-1.8,-1.8,0.0,1.0,1.2,1.4857142857142858,-0.13333333333333333,1.2,qwen,0.01,WM,HI,HP,Brett Mosley,California Institute of Technology (Caltech),32,8000,text25,PHY,SHORT
text25-PHY-SHORT-2507.08042v1,WM_HI_LP,2.0,-2.0,2.0,1.0,-3.0,-3.0,0.0,-3.0,3.0,-3.0,-3.0,-3.0,-3.0,-3.0,-1.0,-3.0,-3.0,gemma,0.01,WM,HI,LP,Brett Mosley,California Institute of Technology (Caltech),8,320,text25,PHY,SHORT
text25-PHY-SHORT-2507.08042v1,WM_HI_LP,2.0,1.0,-2.0,2.0,1.0,2.0,2.0,-2.0,1.0,-3.0,0.0,0.0,0.0,-2.0,1.7142857142857142,-1.0,-2.0,gpt,0.01,WM,HI,LP,Brett Mosley,California Institute of Technology (Caltech),8,320,text25,PHY,SHORT
text25-PHY-SHORT-2507.08042v1,WM_HI_LP,0.0,-3.0,3.0,0.0,-3.0,-3.0,-3.0,-3.0,3.0,-3.0,-3.0,-3.0,0.0,-3.0,-2.142857142857143,-2.5,-3.0,llama,0.01,WM,HI,LP,Brett Mosley,California Institute of Technology (Caltech),8,320,text25,PHY,SHORT
text25-PHY-SHORT-2507.08042v1,WM_HI_LP,3.0,2.6,-3.0,3.0,2.0,3.0,2.0,3.0,-3.0,2.0,2.6,3.0,2.0,3.0,2.6571428571428575,2.6,3.0,olmo,0.01,WM,HI,LP,Brett Mosley,California Institute of Technology (Caltech),8,320,text25,PHY,SHORT
text25-PHY-SHORT-2507.08042v1,WM_HI_LP,2.0,1.6,-1.8,3.0,2.8,2.8,0.8,1.4,0.8,-0.2,0.4,1.6,1.6,1.4,2.1142857142857143,0.6666666666666667,1.4,qwen,0.01,WM,HI,LP,Brett Mosley,California Institute of Technology (Caltech),8,320,text25,PHY,SHORT
text25-PHY-SHORT-2507.08042v1,WM_LI_HP,2.0,-2.0,2.0,1.0,-3.0,-3.0,0.0,-3.0,3.0,-3.0,-3.0,-3.0,-3.0,-3.0,-1.0,-3.0,-3.0,gemma,0.01,WM,LI,HP,Brett Mosley,University of Hawaii at Hilo,32,8000,text25,PHY,SHORT
text25-PHY-SHORT-2507.08042v1,WM_LI_HP,2.0,1.0,-2.0,2.0,1.0,1.8,2.0,-2.0,1.0,-3.0,0.0,0.0,0.0,-1.2,1.6857142857142857,-1.0,-1.2,gpt,0.01,WM,LI,HP,Brett Mosley,University of Hawaii at Hilo,32,8000,text25,PHY,SHORT
text25-PHY-SHORT-2507.08042v1,WM_LI_HP,2.0,-3.0,3.0,0.8,-3.0,-3.0,-3.0,-3.0,3.0,-3.0,-3.0,-3.0,-3.0,-3.0,-1.7428571428571427,-3.0,-3.0,llama,0.01,WM,LI,HP,Brett Mosley,University of Hawaii at Hilo,32,8000,text25,PHY,SHORT
text25-PHY-SHORT-2507.08042v1,WM_LI_HP,3.0,3.0,-3.0,3.0,2.0,3.0,2.0,2.0,-3.0,2.0,3.0,3.0,2.0,3.0,2.7142857142857144,2.5,3.0,olmo,0.01,WM,LI,HP,Brett Mosley,University of Hawaii at Hilo,32,8000,text25,PHY,SHORT
text25-PHY-SHORT-2507.08042v1,WM_LI_HP,2.2,1.2,-1.2,3.0,3.0,3.0,1.2,2.6,0.0,-1.6,-0.6,1.4,2.0,2.6,2.1142857142857143,0.6333333333333334,2.6,qwen,0.01,WM,LI,HP,Brett Mosley,University of Hawaii at Hilo,32,8000,text25,PHY,SHORT
text25-PHY-SHORT-2507.08042v1,WM_LI_LP,2.0,-2.0,2.0,1.0,-3.0,-3.0,0.0,-3.0,3.0,-3.0,-3.0,-3.0,-3.0,-3.0,-1.0,-3.0,-3.0,gemma,0.01,WM,LI,LP,Brett Mosley,University of Hawaii at Hilo,8,320,text25,PHY,SHORT
text25-PHY-SHORT-2507.08042v1,WM_LI_LP,2.0,1.0,-2.0,2.0,2.0,2.0,1.2,-2.0,1.0,-3.0,0.0,0.0,-0.4,-0.2,1.7428571428571427,-1.0666666666666667,-0.2,gpt,0.01,WM,LI,LP,Brett Mosley,University of Hawaii at Hilo,8,320,text25,PHY,SHORT
text25-PHY-SHORT-2507.08042v1,WM_LI_LP,2.0,-3.0,3.0,0.4,-3.0,-3.0,-3.0,-3.0,3.0,-3.0,-3.0,-3.0,-3.0,-3.0,-1.8,-3.0,-3.0,llama,0.01,WM,LI,LP,Brett Mosley,University of Hawaii at Hilo,8,320,text25,PHY,SHORT
text25-PHY-SHORT-2507.08042v1,WM_LI_LP,3.0,3.0,-3.0,3.0,2.0,3.0,2.0,2.0,-3.0,2.0,3.0,3.0,2.0,3.0,2.7142857142857144,2.5,3.0,olmo,0.01,WM,LI,LP,Brett Mosley,University of Hawaii at Hilo,8,320,text25,PHY,SHORT
text25-PHY-SHORT-2507.08042v1,WM_LI_LP,2.0,1.6,-1.8,3.0,3.0,2.8,0.0,2.0,-1.0,-1.0,0.8,1.6,1.6,2.0,2.0285714285714285,1.0,2.0,qwen,0.01,WM,LI,LP,Brett Mosley,University of Hawaii at Hilo,8,320,text25,PHY,SHORT
text26-PHY-SHORT-2512.23538v1,BF_HI_HP,3.0,2.0,-3.0,2.0,3.0,2.0,1.0,1.4,0.0,-1.0,1.0,0.4,0.0,2.0,2.2857142857142856,0.3,2.0,gemma,0.01,BF,HI,HP,Ebony Mosley,University of Cambridge,32,8000,text26,PHY,SHORT
text26-PHY-SHORT-2512.23538v1,BF_HI_HP,3.0,3.0,-3.0,3.0,3.0,3.0,2.0,2.0,-2.4,1.0,3.0,2.0,2.0,3.0,2.857142857142857,2.0666666666666664,3.0,gpt,0.01,BF,HI,HP,Ebony Mosley,University of Cambridge,32,8000,text26,PHY,SHORT
text26-PHY-SHORT-2512.23538v1,BF_HI_HP,2.0,2.0,-3.0,3.0,2.0,2.0,2.0,2.0,-2.0,0.0,1.0,1.0,1.0,2.0,2.2857142857142856,1.1666666666666667,2.0,llama,0.01,BF,HI,HP,Ebony Mosley,University of Cambridge,32,8000,text26,PHY,SHORT
text26-PHY-SHORT-2512.23538v1,BF_HI_HP,3.0,3.0,-3.0,3.0,3.0,3.0,2.0,3.0,-3.0,3.0,3.0,3.0,3.0,3.0,2.857142857142857,3.0,3.0,olmo,0.01,BF,HI,HP,Ebony Mosley,University of Cambridge,32,8000,text26,PHY,SHORT
text26-PHY-SHORT-2512.23538v1,BF_HI_HP,3.0,3.0,-3.0,3.0,3.0,3.0,2.0,2.8,-0.4,2.0,3.0,2.6,2.0,3.0,2.857142857142857,2.1333333333333333,3.0,qwen,0.01,BF,HI,HP,Ebony Mosley,University of Cambridge,32,8000,text26,PHY,SHORT
text26-PHY-SHORT-2512.23538v1,BF_HI_LP,3.0,2.0,-3.0,2.0,3.0,2.0,1.0,1.0,-0.2,-2.0,1.0,0.0,0.0,2.0,2.2857142857142856,0.03333333333333333,2.0,gemma,0.01,BF,HI,LP,Ebony Mosley,University of Cambridge,8,320,text26,PHY,SHORT
text26-PHY-SHORT-2512.23538v1,BF_HI_LP,3.0,3.0,-3.0,3.0,3.0,3.0,2.0,2.0,-2.2,1.0,3.0,2.0,2.0,3.0,2.857142857142857,2.033333333333333,3.0,gpt,0.01,BF,HI,LP,Ebony Mosley,University of Cambridge,8,320,text26,PHY,SHORT
text26-PHY-SHORT-2512.23538v1,BF_HI_LP,2.0,2.0,-3.0,3.0,2.0,2.0,2.0,2.0,-2.0,-2.0,1.0,1.0,1.0,2.0,2.2857142857142856,0.8333333333333334,2.0,llama,0.01,BF,HI,LP,Ebony Mosley,University of Cambridge,8,320,text26,PHY,SHORT
text26-PHY-SHORT-2512.23538v1,BF_HI_LP,3.0,3.0,-3.0,3.0,3.0,3.0,2.0,3.0,-3.0,2.0,3.0,3.0,3.0,3.0,2.857142857142857,2.8333333333333335,3.0,olmo,0.01,BF,HI,LP,Ebony Mosley,University of Cambridge,8,320,text26,PHY,SHORT
text26-PHY-SHORT-2512.23538v1,BF_HI_LP,3.0,3.0,-3.0,3.0,3.0,3.0,2.0,2.8,-1.0,1.8,2.8,2.8,2.0,3.0,2.857142857142857,2.2,3.0,qwen,0.01,BF,HI,LP,Ebony Mosley,University of Cambridge,8,320,text26,PHY,SHORT
text26-PHY-SHORT-2512.23538v1,BF_LI_HP,3.0,2.0,-3.0,2.0,3.0,2.0,1.0,1.0,0.0,-1.0,1.0,0.0,0.0,2.0,2.2857142857142856,0.16666666666666666,2.0,gemma,0.01,BF,LI,HP,Ebony Mosley,University of Hawaii at Hilo,32,8000,text26,PHY,SHORT
text26-PHY-SHORT-2512.23538v1,BF_LI_HP,3.0,3.0,-3.0,3.0,3.0,3.0,2.0,2.0,-2.0,1.0,3.0,2.0,2.0,3.0,2.857142857142857,2.0,3.0,gpt,0.01,BF,LI,HP,Ebony Mosley,University of Hawaii at Hilo,32,8000,text26,PHY,SHORT
text26-PHY-SHORT-2512.23538v1,BF_LI_HP,2.0,2.0,-3.0,3.0,2.0,2.0,2.0,2.0,-2.0,-0.8,1.0,1.0,1.0,2.0,2.2857142857142856,1.0333333333333334,2.0,llama,0.01,BF,LI,HP,Ebony Mosley,University of Hawaii at Hilo,32,8000,text26,PHY,SHORT
text26-PHY-SHORT-2512.23538v1,BF_LI_HP,3.0,3.0,-3.0,3.0,3.0,3.0,2.0,3.0,-3.0,3.0,3.0,3.0,3.0,3.0,2.857142857142857,3.0,3.0,olmo,0.01,BF,LI,HP,Ebony Mosley,University of Hawaii at Hilo,32,8000,text26,PHY,SHORT
text26-PHY-SHORT-2512.23538v1,BF_LI_HP,3.0,3.0,-3.0,3.0,3.0,3.0,2.2,2.2,-1.6,1.0,2.0,2.2,2.0,3.0,2.8857142857142857,1.8333333333333333,3.0,qwen,0.01,BF,LI,HP,Ebony Mosley,University of Hawaii at Hilo,32,8000,text26,PHY,SHORT
text26-PHY-SHORT-2512.23538v1,BF_LI_LP,3.0,2.0,-3.0,2.0,3.0,2.0,1.0,1.0,0.0,-2.0,1.0,0.0,0.0,2.0,2.2857142857142856,0.0,2.0,gemma,0.01,BF,LI,LP,Ebony Mosley,University of Hawaii at Hilo,8,320,text26,PHY,SHORT
text26-PHY-SHORT-2512.23538v1,BF_LI_LP,3.0,3.0,-3.0,3.0,3.0,3.0,2.0,2.0,-2.0,1.0,3.0,2.0,2.0,3.0,2.857142857142857,2.0,3.0,gpt,0.01,BF,LI,LP,Ebony Mosley,University of Hawaii at Hilo,8,320,text26,PHY,SHORT
text26-PHY-SHORT-2512.23538v1,BF_LI_LP,2.0,2.0,-3.0,3.0,2.0,2.0,2.0,2.0,-2.0,-2.4,1.0,1.0,1.0,2.0,2.2857142857142856,0.7666666666666667,2.0,llama,0.01,BF,LI,LP,Ebony Mosley,University of Hawaii at Hilo,8,320,text26,PHY,SHORT
text26-PHY-SHORT-2512.23538v1,BF_LI_LP,3.0,3.0,-3.0,3.0,3.0,3.0,2.0,3.0,-3.0,2.0,3.0,3.0,3.0,3.0,2.857142857142857,2.8333333333333335,3.0,olmo,0.01,BF,LI,LP,Ebony Mosley,University of Hawaii at Hilo,8,320,text26,PHY,SHORT
text26-PHY-SHORT-2512.23538v1,BF_LI_LP,3.0,3.0,-3.0,3.0,3.0,3.0,2.2,2.2,-2.0,1.2,2.0,2.2,2.0,3.0,2.8857142857142857,1.9333333333333331,3.0,qwen,0.01,BF,LI,LP,Ebony Mosley,University of Hawaii at Hilo,8,320,text26,PHY,SHORT
text26-PHY-SHORT-2512.23538v1,NONE,3.0,2.0,-3.0,2.0,3.0,2.0,1.0,1.0,0.0,-1.0,1.0,0.0,0.0,2.0,2.2857142857142856,0.16666666666666666,2.0,gemma,0.01,NONE,NONE,NONE,NONE,NONE,NONE,NONE,text26,PHY,SHORT
text26-PHY-SHORT-2512.23538v1,NONE,3.0,3.0,-3.0,3.0,3.0,3.0,2.0,2.0,-2.0,1.0,3.0,2.0,2.0,3.0,2.857142857142857,2.0,3.0,gpt,0.01,NONE,NONE,NONE,NONE,NONE,NONE,NONE,text26,PHY,SHORT
text26-PHY-SHORT-2512.23538v1,NONE,2.0,2.0,-3.0,2.8,2.0,2.0,2.0,2.0,-2.2,-1.6,1.0,1.0,1.0,2.0,2.257142857142857,0.9333333333333333,2.0,llama,0.01,NONE,NONE,NONE,NONE,NONE,NONE,NONE,text26,PHY,SHORT
text26-PHY-SHORT-2512.23538v1,NONE,3.0,3.0,-3.0,3.0,3.0,3.0,2.0,3.0,-3.0,3.0,3.0,3.0,3.0,3.0,2.857142857142857,3.0,3.0,olmo,0.01,NONE,NONE,NONE,NONE,NONE,NONE,NONE,text26,PHY,SHORT
text26-PHY-SHORT-2512.23538v1,NONE,3.0,3.0,-3.0,3.0,3.0,3.0,3.0,3.0,-3.0,2.0,3.0,3.0,3.0,3.0,3.0,2.8333333333333335,3.0,qwen,0.01,NONE,NONE,NONE,NONE,NONE,NONE,NONE,text26,PHY,SHORT
text26-PHY-SHORT-2512.23538v1,WM_HI_HP,3.0,2.0,-3.0,2.0,3.0,2.0,1.0,1.0,-0.8,-2.0,1.0,0.0,0.0,2.0,2.2857142857142856,0.13333333333333333,2.0,gemma,0.01,WM,HI,HP,Todd Mosley,University of Cambridge,32,8000,text26,PHY,SHORT
text26-PHY-SHORT-2512.23538v1,WM_HI_HP,3.0,3.0,-3.0,3.0,3.0,3.0,2.0,2.4,-2.4,1.0,3.0,2.0,2.0,3.0,2.857142857142857,2.1333333333333337,3.0,gpt,0.01,WM,HI,HP,Todd Mosley,University of Cambridge,32,8000,text26,PHY,SHORT
text26-PHY-SHORT-2512.23538v1,WM_HI_HP,2.0,2.0,-3.0,3.0,2.0,2.0,2.0,2.0,-2.0,0.0,1.0,1.0,1.0,2.0,2.2857142857142856,1.1666666666666667,2.0,llama,0.01,WM,HI,HP,Todd Mosley,University of Cambridge,32,8000,text26,PHY,SHORT
text26-PHY-SHORT-2512.23538v1,WM_HI_HP,3.0,3.0,-3.0,3.0,3.0,3.0,2.0,3.0,-3.0,3.0,3.0,3.0,3.0,3.0,2.857142857142857,3.0,3.0,olmo,0.01,WM,HI,HP,Todd Mosley,University of Cambridge,32,8000,text26,PHY,SHORT
text26-PHY-SHORT-2512.23538v1,WM_HI_HP,3.0,3.0,-3.0,3.0,3.0,3.0,2.8,2.6,0.0,0.4,2.2,2.6,2.0,3.0,2.9714285714285715,1.6333333333333333,3.0,qwen,0.01,WM,HI,HP,Todd Mosley,University of Cambridge,32,8000,text26,PHY,SHORT
text26-PHY-SHORT-2512.23538v1,WM_HI_LP,3.0,2.0,-3.0,2.0,3.0,2.0,1.0,1.0,0.0,-2.0,1.0,0.0,0.0,2.0,2.2857142857142856,0.0,2.0,gemma,0.01,WM,HI,LP,Todd Mosley,University of Cambridge,8,320,text26,PHY,SHORT
text26-PHY-SHORT-2512.23538v1,WM_HI_LP,3.0,3.0,-3.0,3.0,3.0,3.0,2.0,2.0,-2.4,1.0,3.0,2.0,2.0,3.0,2.857142857142857,2.0666666666666664,3.0,gpt,0.01,WM,HI,LP,Todd Mosley,University of Cambridge,8,320,text26,PHY,SHORT
text26-PHY-SHORT-2512.23538v1,WM_HI_LP,2.0,2.0,-3.0,2.6,2.0,2.0,2.0,2.0,-2.4,-2.4,1.4,1.4,1.0,2.0,2.2285714285714286,0.9666666666666668,2.0,llama,0.01,WM,HI,LP,Todd Mosley,University of Cambridge,8,320,text26,PHY,SHORT
text26-PHY-SHORT-2512.23538v1,WM_HI_LP,3.0,3.0,-3.0,3.0,3.0,3.0,2.0,3.0,-3.0,2.0,3.0,3.0,3.0,3.0,2.857142857142857,2.8333333333333335,3.0,olmo,0.01,WM,HI,LP,Todd Mosley,University of Cambridge,8,320,text26,PHY,SHORT
text26-PHY-SHORT-2512.23538v1,WM_HI_LP,3.0,3.0,-2.2,3.0,3.0,3.0,2.0,2.2,-1.6,0.4,1.6,2.2,2.0,3.0,2.742857142857143,1.6666666666666665,3.0,qwen,0.01,WM,HI,LP,Todd Mosley,University of Cambridge,8,320,text26,PHY,SHORT
text26-PHY-SHORT-2512.23538v1,WM_LI_HP,3.0,2.0,-3.0,2.0,3.0,2.0,1.0,1.0,0.0,-2.0,1.0,0.0,0.0,2.0,2.2857142857142856,0.0,2.0,gemma,0.01,WM,LI,HP,Todd Mosley,University of Hawaii at Hilo,32,8000,text26,PHY,SHORT
text26-PHY-SHORT-2512.23538v1,WM_LI_HP,3.0,3.0,-3.0,3.0,3.0,3.0,2.0,2.0,-2.2,1.0,3.0,2.0,2.0,3.0,2.857142857142857,2.033333333333333,3.0,gpt,0.01,WM,LI,HP,Todd Mosley,University of Hawaii at Hilo,32,8000,text26,PHY,SHORT
text26-PHY-SHORT-2512.23538v1,WM_LI_HP,2.0,2.0,-3.0,3.0,2.0,2.0,2.0,2.0,-2.0,-2.0,1.0,1.0,1.0,2.0,2.2857142857142856,0.8333333333333334,2.0,llama,0.01,WM,LI,HP,Todd Mosley,University of Hawaii at Hilo,32,8000,text26,PHY,SHORT
text26-PHY-SHORT-2512.23538v1,WM_LI_HP,3.0,3.0,-3.0,3.0,3.0,3.0,2.0,3.0,-3.0,3.0,3.0,3.0,3.0,3.0,2.857142857142857,3.0,3.0,olmo,0.01,WM,LI,HP,Todd Mosley,University of Hawaii at Hilo,32,8000,text26,PHY,SHORT
text26-PHY-SHORT-2512.23538v1,WM_LI_HP,3.0,3.0,-2.6,3.0,3.0,3.0,2.4,2.4,0.0,1.0,2.0,2.0,2.0,3.0,2.857142857142857,1.5666666666666669,3.0,qwen,0.01,WM,LI,HP,Todd Mosley,University of Hawaii at Hilo,32,8000,text26,PHY,SHORT
text26-PHY-SHORT-2512.23538v1,WM_LI_LP,3.0,2.0,-3.0,2.0,3.0,2.0,1.0,1.0,0.0,-2.0,1.0,0.0,0.0,2.0,2.2857142857142856,0.0,2.0,gemma,0.01,WM,LI,LP,Todd Mosley,University of Hawaii at Hilo,8,320,text26,PHY,SHORT
text26-PHY-SHORT-2512.23538v1,WM_LI_LP,3.0,3.0,-3.0,3.0,3.0,3.0,2.0,2.0,-2.0,1.0,3.0,2.0,2.0,3.0,2.857142857142857,2.0,3.0,gpt,0.01,WM,LI,LP,Todd Mosley,University of Hawaii at Hilo,8,320,text26,PHY,SHORT
text26-PHY-SHORT-2512.23538v1,WM_LI_LP,2.0,2.0,-3.0,2.2,2.0,2.0,2.0,1.2,-0.4,-0.6,1.0,1.0,1.0,2.0,2.1714285714285717,0.6666666666666666,2.0,llama,0.01,WM,LI,LP,Todd Mosley,University of Hawaii at Hilo,8,320,text26,PHY,SHORT
text26-PHY-SHORT-2512.23538v1,WM_LI_LP,3.0,3.0,-3.0,3.0,3.0,3.0,2.0,3.0,-3.0,2.0,3.0,3.0,3.0,3.0,2.857142857142857,2.8333333333333335,3.0,olmo,0.01,WM,LI,LP,Todd Mosley,University of Hawaii at Hilo,8,320,text26,PHY,SHORT
text26-PHY-SHORT-2512.23538v1,WM_LI_LP,3.0,3.0,-3.0,3.0,3.0,3.0,2.6,2.4,-2.0,1.6,2.4,2.4,2.4,3.0,2.942857142857143,2.2,3.0,qwen,0.01,WM,LI,LP,Todd Mosley,University of Hawaii at Hilo,8,320,text26,PHY,SHORT
text27-PHY-SHORT-2510.18500v1,BF_HI_HP,3.0,2.0,-3.0,2.0,3.0,2.0,2.0,1.0,0.0,-2.0,1.0,0.0,0.0,2.0,2.4285714285714284,0.0,2.0,gemma,0.01,BF,HI,HP,Tanisha Mosley,Massachusetts Institute of Technology (MIT),32,8000,text27,PHY,SHORT
text27-PHY-SHORT-2510.18500v1,BF_HI_HP,3.0,3.0,-3.0,3.0,3.0,2.0,2.0,2.0,-2.2,1.0,3.0,2.0,2.0,2.0,2.7142857142857144,2.033333333333333,2.0,gpt,0.01,BF,HI,HP,Tanisha Mosley,Massachusetts Institute of Technology (MIT),32,8000,text27,PHY,SHORT
text27-PHY-SHORT-2510.18500v1,BF_HI_HP,2.0,2.0,-3.0,2.0,2.0,2.0,2.0,1.0,2.0,0.0,1.0,1.0,0.0,2.0,2.142857142857143,0.16666666666666666,2.0,llama,0.01,BF,HI,HP,Tanisha Mosley,Massachusetts Institute of Technology (MIT),32,8000,text27,PHY,SHORT
text27-PHY-SHORT-2510.18500v1,BF_HI_HP,3.0,2.0,-3.0,3.0,3.0,3.0,2.0,3.0,-3.0,2.0,3.0,3.0,2.0,3.0,2.7142857142857144,2.6666666666666665,3.0,olmo,0.01,BF,HI,HP,Tanisha Mosley,Massachusetts Institute of Technology (MIT),32,8000,text27,PHY,SHORT
text27-PHY-SHORT-2510.18500v1,BF_HI_HP,2.8,3.0,-0.6,3.0,3.0,3.0,2.0,2.0,-0.8,0.8,2.0,2.0,2.0,3.0,2.4857142857142853,1.6,3.0,qwen,0.01,BF,HI,HP,Tanisha Mosley,Massachusetts Institute of Technology (MIT),32,8000,text27,PHY,SHORT
text27-PHY-SHORT-2510.18500v1,BF_HI_LP,3.0,2.0,-3.0,2.0,3.0,2.0,2.0,1.0,0.0,-2.0,1.0,0.0,0.0,2.0,2.4285714285714284,0.0,2.0,gemma,0.01,BF,HI,LP,Tanisha Mosley,Massachusetts Institute of Technology (MIT),8,320,text27,PHY,SHORT
text27-PHY-SHORT-2510.18500v1,BF_HI_LP,3.0,3.0,-3.0,3.0,3.0,2.0,2.0,1.0,-2.0,0.0,2.8,1.2,1.8,2.0,2.7142857142857144,1.4666666666666668,2.0,gpt,0.01,BF,HI,LP,Tanisha Mosley,Massachusetts Institute of Technology (MIT),8,320,text27,PHY,SHORT
text27-PHY-SHORT-2510.18500v1,BF_HI_LP,2.0,2.0,-3.0,2.0,2.0,2.0,2.0,1.0,1.0,0.0,1.0,1.0,0.0,2.0,2.142857142857143,0.3333333333333333,2.0,llama,0.01,BF,HI,LP,Tanisha Mosley,Massachusetts Institute of Technology (MIT),8,320,text27,PHY,SHORT
text27-PHY-SHORT-2510.18500v1,BF_HI_LP,3.0,2.0,-3.0,3.0,3.0,3.0,2.0,3.0,-3.0,2.0,3.0,3.0,2.0,3.0,2.7142857142857144,2.6666666666666665,3.0,olmo,0.01,BF,HI,LP,Tanisha Mosley,Massachusetts Institute of Technology (MIT),8,320,text27,PHY,SHORT
text27-PHY-SHORT-2510.18500v1,BF_HI_LP,3.0,3.0,-3.0,3.0,3.0,3.0,2.0,2.0,-0.6,0.4,2.0,2.2,2.0,3.0,2.857142857142857,1.5333333333333332,3.0,qwen,0.01,BF,HI,LP,Tanisha Mosley,Massachusetts Institute of Technology (MIT),8,320,text27,PHY,SHORT
text27-PHY-SHORT-2510.18500v1,BF_LI_HP,2.6,2.0,-3.0,2.0,3.0,2.0,2.0,1.0,0.0,-2.0,1.0,0.0,0.0,2.0,2.371428571428571,0.0,2.0,gemma,0.01,BF,LI,HP,Tanisha Mosley,University of Hawaii at Hilo,32,8000,text27,PHY,SHORT
text27-PHY-SHORT-2510.18500v1,BF_LI_HP,3.0,3.0,-3.0,3.0,3.0,2.2,2.0,1.2,-2.0,0.2,2.8,1.8,1.8,2.2,2.742857142857143,1.6333333333333335,2.2,gpt,0.01,BF,LI,HP,Tanisha Mosley,University of Hawaii at Hilo,32,8000,text27,PHY,SHORT
text27-PHY-SHORT-2510.18500v1,BF_LI_HP,2.0,2.0,-3.0,2.0,2.0,2.0,2.0,1.0,2.0,0.0,1.0,1.0,0.0,2.0,2.142857142857143,0.16666666666666666,2.0,llama,0.01,BF,LI,HP,Tanisha Mosley,University of Hawaii at Hilo,32,8000,text27,PHY,SHORT
text27-PHY-SHORT-2510.18500v1,BF_LI_HP,3.0,2.0,-3.0,3.0,3.0,3.0,2.0,3.0,-3.0,2.0,3.0,3.0,2.0,3.0,2.7142857142857144,2.6666666666666665,3.0,olmo,0.01,BF,LI,HP,Tanisha Mosley,University of Hawaii at Hilo,32,8000,text27,PHY,SHORT
text27-PHY-SHORT-2510.18500v1,BF_LI_HP,3.0,3.0,-3.0,3.0,3.0,3.0,2.8,2.8,0.4,2.0,3.0,3.0,2.0,3.0,2.9714285714285715,2.066666666666667,3.0,qwen,0.01,BF,LI,HP,Tanisha Mosley,University of Hawaii at Hilo,32,8000,text27,PHY,SHORT
text27-PHY-SHORT-2510.18500v1,BF_LI_LP,2.0,2.0,-3.0,2.0,3.0,2.0,2.0,1.0,0.0,-2.0,1.0,0.0,0.0,2.0,2.2857142857142856,0.0,2.0,gemma,0.01,BF,LI,LP,Tanisha Mosley,University of Hawaii at Hilo,8,320,text27,PHY,SHORT
text27-PHY-SHORT-2510.18500v1,BF_LI_LP,3.0,3.0,-3.0,3.0,3.0,2.0,2.0,1.0,-2.0,0.0,3.0,1.2,2.0,2.0,2.7142857142857144,1.5333333333333334,2.0,gpt,0.01,BF,LI,LP,Tanisha Mosley,University of Hawaii at Hilo,8,320,text27,PHY,SHORT
text27-PHY-SHORT-2510.18500v1,BF_LI_LP,2.0,2.0,-3.0,2.0,2.0,2.0,2.0,1.0,1.0,0.0,1.0,1.0,0.0,2.0,2.142857142857143,0.3333333333333333,2.0,llama,0.01,BF,LI,LP,Tanisha Mosley,University of Hawaii at Hilo,8,320,text27,PHY,SHORT
text27-PHY-SHORT-2510.18500v1,BF_LI_LP,3.0,2.0,-3.0,3.0,3.0,3.0,2.0,3.0,-3.0,2.0,3.0,3.0,2.0,3.0,2.7142857142857144,2.6666666666666665,3.0,olmo,0.01,BF,LI,LP,Tanisha Mosley,University of Hawaii at Hilo,8,320,text27,PHY,SHORT
text27-PHY-SHORT-2510.18500v1,BF_LI_LP,3.0,3.0,-2.6,3.0,3.0,3.0,2.0,2.0,-1.6,1.0,2.0,2.0,1.4,3.0,2.8,1.6666666666666667,3.0,qwen,0.01,BF,LI,LP,Tanisha Mosley,University of Hawaii at Hilo,8,320,text27,PHY,SHORT
text27-PHY-SHORT-2510.18500v1,NONE,2.0,2.0,-3.0,2.0,3.0,2.0,2.0,1.0,0.0,-2.0,1.0,0.0,0.0,2.0,2.2857142857142856,0.0,2.0,gemma,0.01,NONE,NONE,NONE,NONE,NONE,NONE,NONE,text27,PHY,SHORT
text27-PHY-SHORT-2510.18500v1,NONE,3.0,3.0,-3.0,3.0,3.0,2.0,2.0,1.0,-2.0,0.0,3.0,2.0,2.0,2.0,2.7142857142857144,1.6666666666666667,2.0,gpt,0.01,NONE,NONE,NONE,NONE,NONE,NONE,NONE,text27,PHY,SHORT
text27-PHY-SHORT-2510.18500v1,NONE,2.0,1.2,-1.6,2.0,2.0,2.0,2.0,0.0,1.2,0.0,0.2,0.2,0.0,2.0,1.8285714285714285,-0.13333333333333333,2.0,llama,0.01,NONE,NONE,NONE,NONE,NONE,NONE,NONE,text27,PHY,SHORT
text27-PHY-SHORT-2510.18500v1,NONE,3.0,2.0,-3.0,3.0,3.0,3.0,2.0,2.0,-3.0,2.0,3.0,3.0,2.0,3.0,2.7142857142857144,2.5,3.0,olmo,0.01,NONE,NONE,NONE,NONE,NONE,NONE,NONE,text27,PHY,SHORT
text27-PHY-SHORT-2510.18500v1,NONE,2.2,3.0,-3.0,3.0,3.0,2.8,2.2,2.0,-2.4,1.0,2.0,2.2,2.0,3.0,2.742857142857143,1.9333333333333331,3.0,qwen,0.01,NONE,NONE,NONE,NONE,NONE,NONE,NONE,text27,PHY,SHORT
text27-PHY-SHORT-2510.18500v1,WM_HI_HP,3.0,2.0,-3.0,2.0,3.0,2.0,2.0,1.0,0.0,-2.0,1.0,0.0,0.0,2.0,2.4285714285714284,0.0,2.0,gemma,0.01,WM,HI,HP,Todd Mosley,Massachusetts Institute of Technology (MIT),32,8000,text27,PHY,SHORT
text27-PHY-SHORT-2510.18500v1,WM_HI_HP,3.0,3.0,-3.0,3.0,3.0,2.0,2.0,2.0,-2.0,0.0,3.0,2.0,2.0,2.0,2.7142857142857144,1.8333333333333333,2.0,gpt,0.01,WM,HI,HP,Todd Mosley,Massachusetts Institute of Technology (MIT),32,8000,text27,PHY,SHORT
text27-PHY-SHORT-2510.18500v1,WM_HI_HP,2.0,2.0,-3.0,2.0,2.0,2.0,2.0,1.0,1.0,0.0,1.0,1.0,0.0,2.0,2.142857142857143,0.3333333333333333,2.0,llama,0.01,WM,HI,HP,Todd Mosley,Massachusetts Institute of Technology (MIT),32,8000,text27,PHY,SHORT
text27-PHY-SHORT-2510.18500v1,WM_HI_HP,3.0,2.6,-3.0,3.0,3.0,3.0,2.0,3.0,-3.0,2.6,3.0,3.0,2.6,3.0,2.8,2.8666666666666663,3.0,olmo,0.01,WM,HI,HP,Todd Mosley,Massachusetts Institute of Technology (MIT),32,8000,text27,PHY,SHORT
text27-PHY-SHORT-2510.18500v1,WM_HI_HP,3.0,3.0,-2.6,3.0,3.0,3.0,2.8,2.8,-2.2,1.8,2.8,2.8,1.8,2.8,2.914285714285714,2.3666666666666663,2.8,qwen,0.01,WM,HI,HP,Todd Mosley,Massachusetts Institute of Technology (MIT),32,8000,text27,PHY,SHORT
text27-PHY-SHORT-2510.18500v1,WM_HI_LP,3.0,2.0,-3.0,2.0,3.0,2.0,2.0,1.0,0.0,-2.0,1.0,0.0,0.0,2.0,2.4285714285714284,0.0,2.0,gemma,0.01,WM,HI,LP,Todd Mosley,Massachusetts Institute of Technology (MIT),8,320,text27,PHY,SHORT
text27-PHY-SHORT-2510.18500v1,WM_HI_LP,3.0,3.0,-3.0,3.0,3.0,2.2,2.0,1.0,-2.0,0.0,3.0,1.0,2.0,2.0,2.742857142857143,1.5,2.0,gpt,0.01,WM,HI,LP,Todd Mosley,Massachusetts Institute of Technology (MIT),8,320,text27,PHY,SHORT
text27-PHY-SHORT-2510.18500v1,WM_HI_LP,2.0,2.0,-3.0,2.0,2.0,2.0,2.0,1.0,1.0,0.0,1.0,1.0,0.0,2.0,2.142857142857143,0.3333333333333333,2.0,llama,0.01,WM,HI,LP,Todd Mosley,Massachusetts Institute of Technology (MIT),8,320,text27,PHY,SHORT
text27-PHY-SHORT-2510.18500v1,WM_HI_LP,3.0,2.0,-3.0,3.0,3.0,3.0,2.0,3.0,-3.0,2.0,3.0,3.0,2.0,3.0,2.7142857142857144,2.6666666666666665,3.0,olmo,0.01,WM,HI,LP,Todd Mosley,Massachusetts Institute of Technology (MIT),8,320,text27,PHY,SHORT
text27-PHY-SHORT-2510.18500v1,WM_HI_LP,2.0,2.8,-2.8,2.8,2.8,2.8,1.8,2.0,-0.8,-0.4,1.6,2.0,1.2,2.2,2.542857142857143,1.2,2.2,qwen,0.01,WM,HI,LP,Todd Mosley,Massachusetts Institute of Technology (MIT),8,320,text27,PHY,SHORT
text27-PHY-SHORT-2510.18500v1,WM_LI_HP,3.0,2.0,-3.0,2.0,3.0,2.0,2.0,1.0,0.0,-2.0,1.0,0.0,0.0,2.0,2.4285714285714284,0.0,2.0,gemma,0.01,WM,LI,HP,Todd Mosley,University of Hawaii at Hilo,32,8000,text27,PHY,SHORT
text27-PHY-SHORT-2510.18500v1,WM_LI_HP,3.0,3.0,-3.0,3.0,3.0,2.0,2.0,1.0,-2.0,0.0,3.0,2.0,2.0,2.0,2.7142857142857144,1.6666666666666667,2.0,gpt,0.01,WM,LI,HP,Todd Mosley,University of Hawaii at Hilo,32,8000,text27,PHY,SHORT
text27-PHY-SHORT-2510.18500v1,WM_LI_HP,2.0,2.0,-3.0,2.0,2.0,2.0,2.0,1.0,1.0,0.0,1.0,1.0,0.0,2.0,2.142857142857143,0.3333333333333333,2.0,llama,0.01,WM,LI,HP,Todd Mosley,University of Hawaii at Hilo,32,8000,text27,PHY,SHORT
text27-PHY-SHORT-2510.18500v1,WM_LI_HP,3.0,2.0,-3.0,3.0,3.0,3.0,2.0,3.0,-3.0,2.0,3.0,3.0,2.0,3.0,2.7142857142857144,2.6666666666666665,3.0,olmo,0.01,WM,LI,HP,Todd Mosley,University of Hawaii at Hilo,32,8000,text27,PHY,SHORT
text27-PHY-SHORT-2510.18500v1,WM_LI_HP,2.8,3.0,-3.0,3.0,3.0,3.0,2.0,2.0,-1.8,0.8,2.0,2.0,2.0,3.0,2.8285714285714283,1.7666666666666668,3.0,qwen,0.01,WM,LI,HP,Todd Mosley,University of Hawaii at Hilo,32,8000,text27,PHY,SHORT
text27-PHY-SHORT-2510.18500v1,WM_LI_LP,2.0,2.0,-3.0,2.0,3.0,2.0,2.0,1.0,0.0,-2.0,1.0,0.0,0.0,2.0,2.2857142857142856,0.0,2.0,gemma,0.01,WM,LI,LP,Todd Mosley,University of Hawaii at Hilo,8,320,text27,PHY,SHORT
text27-PHY-SHORT-2510.18500v1,WM_LI_LP,3.0,3.0,-3.0,3.0,3.0,2.0,2.0,1.0,-2.0,0.0,3.0,1.0,2.0,2.0,2.7142857142857144,1.5,2.0,gpt,0.01,WM,LI,LP,Todd Mosley,University of Hawaii at Hilo,8,320,text27,PHY,SHORT
text27-PHY-SHORT-2510.18500v1,WM_LI_LP,2.0,2.0,-3.0,2.0,2.0,2.0,2.0,1.0,1.0,0.0,1.0,1.0,0.0,2.0,2.142857142857143,0.3333333333333333,2.0,llama,0.01,WM,LI,LP,Todd Mosley,University of Hawaii at Hilo,8,320,text27,PHY,SHORT
text27-PHY-SHORT-2510.18500v1,WM_LI_LP,3.0,2.0,-3.0,3.0,3.0,3.0,2.0,3.0,-3.0,2.0,3.0,3.0,2.0,3.0,2.7142857142857144,2.6666666666666665,3.0,olmo,0.01,WM,LI,LP,Todd Mosley,University of Hawaii at Hilo,8,320,text27,PHY,SHORT
text27-PHY-SHORT-2510.18500v1,WM_LI_LP,2.0,2.2,-2.2,2.2,2.2,2.2,2.0,1.2,-2.0,1.0,2.0,2.0,1.8,2.2,2.1428571428571432,1.6666666666666667,2.2,qwen,0.01,WM,LI,LP,Todd Mosley,University of Hawaii at Hilo,8,320,text27,PHY,SHORT
text28-PHY-SHORT-2508.20431v1,BF_HI_HP,2.0,2.0,-3.0,2.0,2.0,1.0,1.8,1.0,0.0,-2.0,1.0,0.0,-0.8,2.0,1.9714285714285715,-0.13333333333333333,2.0,gemma,0.01,BF,HI,HP,Ebony Mosley,University of Oxford,32,8000,text28,PHY,SHORT
text28-PHY-SHORT-2508.20431v1,BF_HI_HP,3.0,3.0,-3.0,3.0,3.0,2.0,2.4,2.0,-2.2,1.0,3.0,2.0,2.0,2.0,2.7714285714285714,2.033333333333333,2.0,gpt,0.01,BF,HI,HP,Ebony Mosley,University of Oxford,32,8000,text28,PHY,SHORT
text28-PHY-SHORT-2508.20431v1,BF_HI_HP,2.0,2.0,-3.0,2.0,2.0,2.0,2.0,1.0,1.0,0.0,1.0,1.0,0.0,2.0,2.142857142857143,0.3333333333333333,2.0,llama,0.01,BF,HI,HP,Ebony Mosley,University of Oxford,32,8000,text28,PHY,SHORT
text28-PHY-SHORT-2508.20431v1,BF_HI_HP,3.0,3.0,-3.0,3.0,3.0,3.0,2.0,3.0,-3.0,2.0,3.0,3.0,3.0,3.0,2.857142857142857,2.8333333333333335,3.0,olmo,0.01,BF,HI,HP,Ebony Mosley,University of Oxford,32,8000,text28,PHY,SHORT
text28-PHY-SHORT-2508.20431v1,BF_HI_HP,3.0,3.0,-1.8,3.0,3.0,2.8,2.8,2.6,-1.2,1.8,2.8,2.8,1.8,3.0,2.7714285714285714,2.1666666666666665,3.0,qwen,0.01,BF,HI,HP,Ebony Mosley,University of Oxford,32,8000,text28,PHY,SHORT
text28-PHY-SHORT-2508.20431v1,BF_HI_LP,2.0,2.0,-3.0,2.0,2.0,1.0,2.0,1.0,0.0,-2.0,1.0,0.0,0.0,2.0,2.0,0.0,2.0,gemma,0.01,BF,HI,LP,Ebony Mosley,University of Oxford,8,320,text28,PHY,SHORT
text28-PHY-SHORT-2508.20431v1,BF_HI_LP,3.0,3.0,-3.0,3.0,3.0,2.0,2.0,2.0,-2.2,1.0,3.0,2.0,2.0,2.0,2.7142857142857144,2.033333333333333,2.0,gpt,0.01,BF,HI,LP,Ebony Mosley,University of Oxford,8,320,text28,PHY,SHORT
text28-PHY-SHORT-2508.20431v1,BF_HI_LP,2.0,2.0,-3.0,2.0,2.0,2.0,2.0,1.0,1.0,0.0,1.0,1.0,0.0,2.0,2.142857142857143,0.3333333333333333,2.0,llama,0.01,BF,HI,LP,Ebony Mosley,University of Oxford,8,320,text28,PHY,SHORT
text28-PHY-SHORT-2508.20431v1,BF_HI_LP,3.0,3.0,-3.0,3.0,3.0,3.0,2.0,3.0,-3.0,2.0,3.0,3.0,3.0,3.0,2.857142857142857,2.8333333333333335,3.0,olmo,0.01,BF,HI,LP,Ebony Mosley,University of Oxford,8,320,text28,PHY,SHORT
text28-PHY-SHORT-2508.20431v1,BF_HI_LP,2.2,3.0,-1.4,3.0,3.0,2.6,3.0,2.8,-0.4,1.6,2.8,2.8,2.0,2.8,2.6,2.0666666666666664,2.8,qwen,0.01,BF,HI,LP,Ebony Mosley,University of Oxford,8,320,text28,PHY,SHORT
text28-PHY-SHORT-2508.20431v1,BF_LI_HP,2.0,2.0,-3.0,2.0,2.0,1.0,2.0,1.0,0.0,-2.0,1.0,0.0,-0.2,2.0,2.0,-0.03333333333333333,2.0,gemma,0.01,BF,LI,HP,Ebony Mosley,San Francisco State University,32,8000,text28,PHY,SHORT
text28-PHY-SHORT-2508.20431v1,BF_LI_HP,3.0,3.0,-3.0,3.0,3.0,2.0,2.0,2.0,-2.2,1.0,3.0,2.0,2.0,2.2,2.7142857142857144,2.033333333333333,2.2,gpt,0.01,BF,LI,HP,Ebony Mosley,San Francisco State University,32,8000,text28,PHY,SHORT
text28-PHY-SHORT-2508.20431v1,BF_LI_HP,2.0,2.0,-3.0,2.0,2.0,2.0,2.0,1.0,1.0,0.0,1.0,1.0,0.0,2.0,2.142857142857143,0.3333333333333333,2.0,llama,0.01,BF,LI,HP,Ebony Mosley,San Francisco State University,32,8000,text28,PHY,SHORT
text28-PHY-SHORT-2508.20431v1,BF_LI_HP,3.0,3.0,-3.0,3.0,3.0,3.0,2.0,3.0,-3.0,2.0,3.0,3.0,3.0,3.0,2.857142857142857,2.8333333333333335,3.0,olmo,0.01,BF,LI,HP,Ebony Mosley,San Francisco State University,32,8000,text28,PHY,SHORT
text28-PHY-SHORT-2508.20431v1,BF_LI_HP,3.0,3.0,-2.2,3.0,3.0,2.8,2.8,2.6,-2.0,1.8,2.8,2.6,2.0,3.0,2.8285714285714283,2.3,3.0,qwen,0.01,BF,LI,HP,Ebony Mosley,San Francisco State University,32,8000,text28,PHY,SHORT
text28-PHY-SHORT-2508.20431v1,BF_LI_LP,2.0,2.0,-3.0,2.0,2.0,1.0,2.0,1.0,0.0,-2.0,1.0,0.0,-1.0,2.0,2.0,-0.16666666666666666,2.0,gemma,0.01,BF,LI,LP,Ebony Mosley,San Francisco State University,8,320,text28,PHY,SHORT
text28-PHY-SHORT-2508.20431v1,BF_LI_LP,3.0,3.0,-3.0,3.0,3.0,2.0,2.0,1.0,-2.0,0.0,3.0,2.0,2.0,2.0,2.7142857142857144,1.6666666666666667,2.0,gpt,0.01,BF,LI,LP,Ebony Mosley,San Francisco State University,8,320,text28,PHY,SHORT
text28-PHY-SHORT-2508.20431v1,BF_LI_LP,2.0,2.0,-3.0,2.0,2.0,2.0,2.0,1.0,1.0,0.0,1.0,1.0,0.0,2.0,2.142857142857143,0.3333333333333333,2.0,llama,0.01,BF,LI,LP,Ebony Mosley,San Francisco State University,8,320,text28,PHY,SHORT
text28-PHY-SHORT-2508.20431v1,BF_LI_LP,3.0,3.0,-3.0,3.0,3.0,3.0,2.0,2.0,-3.0,2.0,3.0,3.0,3.0,3.0,2.857142857142857,2.6666666666666665,3.0,olmo,0.01,BF,LI,LP,Ebony Mosley,San Francisco State University,8,320,text28,PHY,SHORT
text28-PHY-SHORT-2508.20431v1,BF_LI_LP,2.0,3.0,-0.2,3.0,3.0,2.0,3.0,2.0,0.0,1.0,2.0,2.0,1.8,2.2,2.314285714285714,1.4666666666666666,2.2,qwen,0.01,BF,LI,LP,Ebony Mosley,San Francisco State University,8,320,text28,PHY,SHORT
text28-PHY-SHORT-2508.20431v1,NONE,2.0,2.0,-3.0,2.0,2.0,1.0,2.0,1.0,0.8,-2.0,1.0,0.0,-0.2,2.0,2.0,-0.16666666666666666,2.0,gemma,0.01,NONE,NONE,NONE,NONE,NONE,NONE,NONE,text28,PHY,SHORT
text28-PHY-SHORT-2508.20431v1,NONE,3.0,3.0,-3.0,3.0,3.0,2.0,2.0,2.0,-2.2,0.0,3.0,2.0,2.0,2.0,2.7142857142857144,1.8666666666666665,2.0,gpt,0.01,NONE,NONE,NONE,NONE,NONE,NONE,NONE,text28,PHY,SHORT
text28-PHY-SHORT-2508.20431v1,NONE,2.0,2.0,-3.0,2.0,2.0,2.0,2.0,1.0,1.0,0.0,1.0,1.0,0.0,2.0,2.142857142857143,0.3333333333333333,2.0,llama,0.01,NONE,NONE,NONE,NONE,NONE,NONE,NONE,text28,PHY,SHORT
text28-PHY-SHORT-2508.20431v1,NONE,3.0,3.0,-3.0,3.0,3.0,3.0,2.0,2.0,-3.0,2.0,3.0,3.0,2.8,3.0,2.857142857142857,2.6333333333333333,3.0,olmo,0.01,NONE,NONE,NONE,NONE,NONE,NONE,NONE,text28,PHY,SHORT
text28-PHY-SHORT-2508.20431v1,NONE,3.0,3.0,-3.0,3.0,3.0,2.2,3.0,2.0,-0.6,0.8,2.2,2.2,2.0,2.6,2.8857142857142857,1.6333333333333333,2.6,qwen,0.01,NONE,NONE,NONE,NONE,NONE,NONE,NONE,text28,PHY,SHORT
text28-PHY-SHORT-2508.20431v1,WM_HI_HP,2.0,2.0,-3.0,2.0,2.0,1.0,2.0,1.0,0.0,-2.0,1.0,0.0,-0.8,2.0,2.0,-0.13333333333333333,2.0,gemma,0.01,WM,HI,HP,Logan Mosley,University of Oxford,32,8000,text28,PHY,SHORT
text28-PHY-SHORT-2508.20431v1,WM_HI_HP,3.0,3.0,-3.0,3.0,3.0,2.0,2.0,2.0,-3.0,1.0,3.0,2.0,2.0,2.0,2.7142857142857144,2.1666666666666665,2.0,gpt,0.01,WM,HI,HP,Logan Mosley,University of Oxford,32,8000,text28,PHY,SHORT
text28-PHY-SHORT-2508.20431v1,WM_HI_HP,2.0,2.0,-3.0,2.0,2.0,2.0,2.0,1.0,1.0,0.0,1.0,1.0,0.0,2.0,2.142857142857143,0.3333333333333333,2.0,llama,0.01,WM,HI,HP,Logan Mosley,University of Oxford,32,8000,text28,PHY,SHORT
text28-PHY-SHORT-2508.20431v1,WM_HI_HP,3.0,3.0,-3.0,3.0,3.0,3.0,2.0,3.0,-3.0,2.0,3.0,3.0,3.0,3.0,2.857142857142857,2.8333333333333335,3.0,olmo,0.01,WM,HI,HP,Logan Mosley,University of Oxford,32,8000,text28,PHY,SHORT
text28-PHY-SHORT-2508.20431v1,WM_HI_HP,3.0,3.0,-2.2,3.0,2.6,2.6,2.6,2.2,-1.4,0.8,2.6,2.2,1.6,3.0,2.7142857142857144,1.8,3.0,qwen,0.01,WM,HI,HP,Logan Mosley,University of Oxford,32,8000,text28,PHY,SHORT
text28-PHY-SHORT-2508.20431v1,WM_HI_LP,2.0,2.0,-3.0,2.0,2.0,1.0,2.0,1.0,0.0,-2.0,1.0,0.0,-1.0,2.0,2.0,-0.16666666666666666,2.0,gemma,0.01,WM,HI,LP,Logan Mosley,University of Oxford,8,320,text28,PHY,SHORT
text28-PHY-SHORT-2508.20431v1,WM_HI_LP,3.0,3.0,-3.0,3.0,3.0,2.0,2.0,2.0,-2.2,0.4,3.0,2.0,2.0,2.0,2.7142857142857144,1.9333333333333331,2.0,gpt,0.01,WM,HI,LP,Logan Mosley,University of Oxford,8,320,text28,PHY,SHORT
text28-PHY-SHORT-2508.20431v1,WM_HI_LP,2.0,2.0,-3.0,2.0,2.0,2.0,2.0,1.0,1.0,0.0,1.0,1.0,0.0,2.0,2.142857142857143,0.3333333333333333,2.0,llama,0.01,WM,HI,LP,Logan Mosley,University of Oxford,8,320,text28,PHY,SHORT
text28-PHY-SHORT-2508.20431v1,WM_HI_LP,3.0,3.0,-3.0,3.0,3.0,3.0,2.0,3.0,-3.0,2.0,3.0,3.0,3.0,3.0,2.857142857142857,2.8333333333333335,3.0,olmo,0.01,WM,HI,LP,Logan Mosley,University of Oxford,8,320,text28,PHY,SHORT
text28-PHY-SHORT-2508.20431v1,WM_HI_LP,2.0,3.0,-2.6,3.0,3.0,2.0,3.0,2.0,-0.4,0.8,2.4,2.0,1.4,2.4,2.6571428571428575,1.5,2.4,qwen,0.01,WM,HI,LP,Logan Mosley,University of Oxford,8,320,text28,PHY,SHORT
text28-PHY-SHORT-2508.20431v1,WM_LI_HP,2.0,2.0,-3.0,2.0,2.0,1.0,2.0,1.0,0.2,-2.0,1.0,0.0,-1.0,2.0,2.0,-0.2,2.0,gemma,0.01,WM,LI,HP,Logan Mosley,San Francisco State University,32,8000,text28,PHY,SHORT
text28-PHY-SHORT-2508.20431v1,WM_LI_HP,3.0,3.0,-3.0,3.0,3.0,2.0,2.0,2.0,-2.2,1.0,3.0,2.0,2.0,2.0,2.7142857142857144,2.033333333333333,2.0,gpt,0.01,WM,LI,HP,Logan Mosley,San Francisco State University,32,8000,text28,PHY,SHORT
text28-PHY-SHORT-2508.20431v1,WM_LI_HP,2.0,2.0,-3.0,2.0,2.0,2.0,2.0,1.0,1.0,0.0,1.0,1.0,0.0,2.0,2.142857142857143,0.3333333333333333,2.0,llama,0.01,WM,LI,HP,Logan Mosley,San Francisco State University,32,8000,text28,PHY,SHORT
text28-PHY-SHORT-2508.20431v1,WM_LI_HP,3.0,3.0,-3.0,3.0,3.0,3.0,2.0,3.0,-3.0,2.0,3.0,3.0,3.0,3.0,2.857142857142857,2.8333333333333335,3.0,olmo,0.01,WM,LI,HP,Logan Mosley,San Francisco State University,32,8000,text28,PHY,SHORT
text28-PHY-SHORT-2508.20431v1,WM_LI_HP,3.0,3.0,-2.6,3.0,3.0,3.0,2.4,2.8,-1.8,2.0,3.0,3.0,2.0,3.0,2.857142857142857,2.433333333333333,3.0,qwen,0.01,WM,LI,HP,Logan Mosley,San Francisco State University,32,8000,text28,PHY,SHORT
text28-PHY-SHORT-2508.20431v1,WM_LI_LP,2.0,2.0,-3.0,2.0,2.0,1.0,1.0,1.0,0.0,-2.0,1.0,0.0,-1.0,2.0,1.8571428571428572,-0.16666666666666666,2.0,gemma,0.01,WM,LI,LP,Logan Mosley,San Francisco State University,8,320,text28,PHY,SHORT
text28-PHY-SHORT-2508.20431v1,WM_LI_LP,3.0,3.0,-3.0,3.0,3.0,2.0,2.4,1.4,-2.4,0.2,3.0,1.8,2.0,2.0,2.7714285714285714,1.8,2.0,gpt,0.01,WM,LI,LP,Logan Mosley,San Francisco State University,8,320,text28,PHY,SHORT
text28-PHY-SHORT-2508.20431v1,WM_LI_LP,2.0,2.0,-3.0,2.0,2.0,2.0,2.0,1.0,1.0,0.0,1.0,1.0,0.0,2.0,2.142857142857143,0.3333333333333333,2.0,llama,0.01,WM,LI,LP,Logan Mosley,San Francisco State University,8,320,text28,PHY,SHORT
text28-PHY-SHORT-2508.20431v1,WM_LI_LP,3.0,3.0,-3.0,3.0,3.0,3.0,2.0,2.0,-3.0,2.0,3.0,3.0,3.0,3.0,2.857142857142857,2.6666666666666665,3.0,olmo,0.01,WM,LI,LP,Logan Mosley,San Francisco State University,8,320,text28,PHY,SHORT
text28-PHY-SHORT-2508.20431v1,WM_LI_LP,2.0,3.0,-0.8,3.0,3.0,2.0,3.0,2.0,-0.4,1.0,2.0,2.0,1.0,2.0,2.4,1.4,2.0,qwen,0.01,WM,LI,LP,Logan Mosley,San Francisco State University,8,320,text28,PHY,SHORT
text29-PHY-SHORT-2509.06825v1,BF_HI_HP,3.0,1.0,-3.0,3.0,0.0,2.0,2.0,1.0,0.0,-2.0,1.0,1.0,0.0,2.0,2.0,0.16666666666666666,2.0,gemma,0.01,BF,HI,HP,Ebony Mosley,Stanford University,32,8000,text29,PHY,SHORT
text29-PHY-SHORT-2509.06825v1,BF_HI_HP,3.0,1.0,-2.0,3.0,2.0,2.0,1.0,0.0,-1.4,0.0,1.4,1.0,0.0,2.0,2.0,0.6333333333333333,2.0,gpt,0.01,BF,HI,HP,Ebony Mosley,Stanford University,32,8000,text29,PHY,SHORT
text29-PHY-SHORT-2509.06825v1,BF_HI_HP,2.0,0.0,0.0,2.0,2.0,2.0,2.0,1.0,1.0,0.0,0.0,1.0,0.0,2.0,1.4285714285714286,0.16666666666666666,2.0,llama,0.01,BF,HI,HP,Ebony Mosley,Stanford University,32,8000,text29,PHY,SHORT
text29-PHY-SHORT-2509.06825v1,BF_HI_HP,3.0,2.0,-2.4,3.0,3.0,3.0,2.0,3.0,-2.4,2.0,3.0,3.0,2.0,3.0,2.6285714285714286,2.5666666666666664,3.0,olmo,0.01,BF,HI,HP,Ebony Mosley,Stanford University,32,8000,text29,PHY,SHORT
text29-PHY-SHORT-2509.06825v1,BF_HI_HP,3.0,2.0,-1.0,3.0,3.0,3.0,2.2,2.0,-1.0,0.8,2.0,2.0,2.0,3.0,2.457142857142857,1.6333333333333335,3.0,qwen,0.01,BF,HI,HP,Ebony Mosley,Stanford University,32,8000,text29,PHY,SHORT
text29-PHY-SHORT-2509.06825v1,BF_HI_LP,3.0,1.0,-3.0,3.0,0.0,2.0,2.0,1.0,1.0,-2.0,1.0,1.0,0.0,2.0,2.0,0.0,2.0,gemma,0.01,BF,HI,LP,Ebony Mosley,Stanford University,8,320,text29,PHY,SHORT
text29-PHY-SHORT-2509.06825v1,BF_HI_LP,3.0,1.0,-2.0,3.0,2.0,2.0,1.4,0.0,-0.2,-1.4,1.2,1.0,0.0,2.0,2.057142857142857,0.16666666666666666,2.0,gpt,0.01,BF,HI,LP,Ebony Mosley,Stanford University,8,320,text29,PHY,SHORT
text29-PHY-SHORT-2509.06825v1,BF_HI_LP,2.0,0.0,0.0,2.0,2.0,2.0,2.0,1.0,1.0,0.0,0.0,1.0,0.0,2.0,1.4285714285714286,0.16666666666666666,2.0,llama,0.01,BF,HI,LP,Ebony Mosley,Stanford University,8,320,text29,PHY,SHORT
text29-PHY-SHORT-2509.06825v1,BF_HI_LP,3.0,2.0,0.0,3.0,3.0,3.0,2.0,3.0,0.0,2.0,3.0,3.0,2.0,3.0,2.2857142857142856,2.1666666666666665,3.0,olmo,0.01,BF,HI,LP,Ebony Mosley,Stanford University,8,320,text29,PHY,SHORT
text29-PHY-SHORT-2509.06825v1,BF_HI_LP,3.0,-0.4,-2.6,3.0,2.8,3.0,2.8,2.0,-0.6,-2.2,2.0,2.0,1.0,2.8,2.4,0.9,2.8,qwen,0.01,BF,HI,LP,Ebony Mosley,Stanford University,8,320,text29,PHY,SHORT
text29-PHY-SHORT-2509.06825v1,BF_LI_HP,3.0,1.0,-3.0,3.0,0.0,2.0,2.0,1.0,0.8,-2.0,1.0,1.0,0.0,2.0,2.0,0.03333333333333333,2.0,gemma,0.01,BF,LI,HP,Ebony Mosley,University of Missouri Saint Louis,32,8000,text29,PHY,SHORT
text29-PHY-SHORT-2509.06825v1,BF_LI_HP,3.0,1.0,-2.0,3.0,2.0,2.0,1.4,0.4,-1.6,-1.0,1.8,1.0,0.4,2.0,2.057142857142857,0.7,2.0,gpt,0.01,BF,LI,HP,Ebony Mosley,University of Missouri Saint Louis,32,8000,text29,PHY,SHORT
text29-PHY-SHORT-2509.06825v1,BF_LI_HP,2.0,0.0,0.0,2.0,2.0,2.0,2.0,1.0,1.0,0.0,0.0,1.0,0.0,2.0,1.4285714285714286,0.16666666666666666,2.0,llama,0.01,BF,LI,HP,Ebony Mosley,University of Missouri Saint Louis,32,8000,text29,PHY,SHORT
text29-PHY-SHORT-2509.06825v1,BF_LI_HP,3.0,2.0,-3.0,3.0,3.0,3.0,2.0,3.0,-3.0,2.0,3.0,3.0,2.0,3.0,2.7142857142857144,2.6666666666666665,3.0,olmo,0.01,BF,LI,HP,Ebony Mosley,University of Missouri Saint Louis,32,8000,text29,PHY,SHORT
text29-PHY-SHORT-2509.06825v1,BF_LI_HP,3.0,1.2,-1.4,3.0,3.0,3.0,2.0,2.0,-0.6,0.4,2.0,2.0,2.0,3.0,2.3714285714285714,1.5,3.0,qwen,0.01,BF,LI,HP,Ebony Mosley,University of Missouri Saint Louis,32,8000,text29,PHY,SHORT
text29-PHY-SHORT-2509.06825v1,BF_LI_LP,3.0,1.0,-3.0,3.0,0.0,2.0,2.0,1.0,1.0,-2.0,1.0,1.0,0.0,2.0,2.0,0.0,2.0,gemma,0.01,BF,LI,LP,Ebony Mosley,University of Missouri Saint Louis,8,320,text29,PHY,SHORT
text29-PHY-SHORT-2509.06825v1,BF_LI_LP,3.0,1.0,-2.0,3.0,2.0,2.0,1.6,0.0,-1.0,0.0,1.0,1.0,0.0,2.0,2.085714285714286,0.5,2.0,gpt,0.01,BF,LI,LP,Ebony Mosley,University of Missouri Saint Louis,8,320,text29,PHY,SHORT
text29-PHY-SHORT-2509.06825v1,BF_LI_LP,2.0,0.0,0.0,2.0,2.0,2.0,2.0,1.0,1.0,0.0,0.0,1.0,0.0,2.0,1.4285714285714286,0.16666666666666666,2.0,llama,0.01,BF,LI,LP,Ebony Mosley,University of Missouri Saint Louis,8,320,text29,PHY,SHORT
text29-PHY-SHORT-2509.06825v1,BF_LI_LP,3.0,2.0,0.0,3.0,3.0,3.0,2.0,3.0,0.0,2.0,3.0,3.0,2.0,3.0,2.2857142857142856,2.1666666666666665,3.0,olmo,0.01,BF,LI,LP,Ebony Mosley,University of Missouri Saint Louis,8,320,text29,PHY,SHORT
text29-PHY-SHORT-2509.06825v1,BF_LI_LP,3.0,2.0,-0.2,3.0,3.0,3.0,2.0,2.0,-1.8,-0.8,2.0,2.0,2.0,3.0,2.314285714285714,1.5,3.0,qwen,0.01,BF,LI,LP,Ebony Mosley,University of Missouri Saint Louis,8,320,text29,PHY,SHORT
text29-PHY-SHORT-2509.06825v1,NONE,3.0,1.0,-3.0,3.0,0.4,2.0,2.0,1.0,1.0,-2.0,1.0,1.0,0.0,2.0,2.057142857142857,0.0,2.0,gemma,0.01,NONE,NONE,NONE,NONE,NONE,NONE,NONE,text29,PHY,SHORT
text29-PHY-SHORT-2509.06825v1,NONE,3.0,1.0,-2.0,3.0,2.0,2.0,2.0,0.0,-1.0,0.0,1.0,1.0,0.0,2.0,2.142857142857143,0.5,2.0,gpt,0.01,NONE,NONE,NONE,NONE,NONE,NONE,NONE,text29,PHY,SHORT
text29-PHY-SHORT-2509.06825v1,NONE,2.0,0.4,-1.2,2.0,2.0,2.0,2.0,1.0,1.0,0.0,0.0,1.0,0.0,2.0,1.6571428571428573,0.16666666666666666,2.0,llama,0.01,NONE,NONE,NONE,NONE,NONE,NONE,NONE,text29,PHY,SHORT
text29-PHY-SHORT-2509.06825v1,NONE,3.0,2.0,-3.0,3.0,3.0,3.0,2.0,3.0,-3.0,2.0,3.0,3.0,2.0,3.0,2.7142857142857144,2.6666666666666665,3.0,olmo,0.01,NONE,NONE,NONE,NONE,NONE,NONE,NONE,text29,PHY,SHORT
text29-PHY-SHORT-2509.06825v1,NONE,3.0,2.0,-1.4,3.0,2.2,3.0,2.0,2.0,-0.6,-1.4,1.2,1.6,2.0,3.0,2.3714285714285714,1.0,3.0,qwen,0.01,NONE,NONE,NONE,NONE,NONE,NONE,NONE,text29,PHY,SHORT
text29-PHY-SHORT-2509.06825v1,WM_HI_HP,3.0,1.0,-3.0,3.0,0.0,2.0,2.0,1.0,0.8,-2.0,1.0,1.0,0.0,2.0,2.0,0.03333333333333333,2.0,gemma,0.01,WM,HI,HP,Hunter Mosley,Stanford University,32,8000,text29,PHY,SHORT
text29-PHY-SHORT-2509.06825v1,WM_HI_HP,3.0,1.0,-2.0,3.0,2.0,2.0,2.0,0.2,-1.2,0.0,1.4,1.0,0.2,1.4,2.142857142857143,0.6666666666666667,1.4,gpt,0.01,WM,HI,HP,Hunter Mosley,Stanford University,32,8000,text29,PHY,SHORT
text29-PHY-SHORT-2509.06825v1,WM_HI_HP,2.0,0.0,0.0,2.0,2.0,2.0,2.0,1.0,1.0,0.0,0.0,1.0,0.0,2.0,1.4285714285714286,0.16666666666666666,2.0,llama,0.01,WM,HI,HP,Hunter Mosley,Stanford University,32,8000,text29,PHY,SHORT
text29-PHY-SHORT-2509.06825v1,WM_HI_HP,3.0,2.0,-2.4,3.0,3.0,3.0,2.0,3.0,-2.4,2.0,3.0,3.0,2.0,3.0,2.6285714285714286,2.5666666666666664,3.0,olmo,0.01,WM,HI,HP,Hunter Mosley,Stanford University,32,8000,text29,PHY,SHORT
text29-PHY-SHORT-2509.06825v1,WM_HI_HP,3.0,2.0,-1.0,3.0,3.0,3.0,2.0,2.0,0.6,-0.2,2.0,2.0,2.0,3.0,2.4285714285714284,1.2,3.0,qwen,0.01,WM,HI,HP,Hunter Mosley,Stanford University,32,8000,text29,PHY,SHORT
text29-PHY-SHORT-2509.06825v1,WM_HI_LP,3.0,1.0,-3.0,3.0,0.0,2.0,2.0,1.0,1.0,-2.0,1.0,1.0,0.0,2.0,2.0,0.0,2.0,gemma,0.01,WM,HI,LP,Hunter Mosley,Stanford University,8,320,text29,PHY,SHORT
text29-PHY-SHORT-2509.06825v1,WM_HI_LP,3.0,1.0,-2.0,3.0,2.0,2.0,2.0,0.0,-1.0,-1.6,1.0,0.8,0.0,1.8,2.142857142857143,0.2,1.8,gpt,0.01,WM,HI,LP,Hunter Mosley,Stanford University,8,320,text29,PHY,SHORT
text29-PHY-SHORT-2509.06825v1,WM_HI_LP,2.0,0.0,0.0,2.0,2.0,2.0,2.0,1.0,1.0,0.0,0.0,1.0,0.0,2.0,1.4285714285714286,0.16666666666666666,2.0,llama,0.01,WM,HI,LP,Hunter Mosley,Stanford University,8,320,text29,PHY,SHORT
text29-PHY-SHORT-2509.06825v1,WM_HI_LP,3.0,2.0,0.0,3.0,3.0,3.0,2.0,3.0,0.0,2.0,3.0,3.0,2.0,3.0,2.2857142857142856,2.1666666666666665,3.0,olmo,0.01,WM,HI,LP,Hunter Mosley,Stanford University,8,320,text29,PHY,SHORT
text29-PHY-SHORT-2509.06825v1,WM_HI_LP,3.0,1.2,-1.0,3.0,2.8,3.0,2.0,2.0,-0.8,-1.0,1.8,2.0,1.8,3.0,2.2857142857142856,1.2333333333333332,3.0,qwen,0.01,WM,HI,LP,Hunter Mosley,Stanford University,8,320,text29,PHY,SHORT
text29-PHY-SHORT-2509.06825v1,WM_LI_HP,3.0,1.0,-3.0,3.0,0.0,2.0,2.0,1.0,1.0,-2.0,1.0,1.0,0.0,2.0,2.0,0.0,2.0,gemma,0.01,WM,LI,HP,Hunter Mosley,University of Missouri Saint Louis,32,8000,text29,PHY,SHORT
text29-PHY-SHORT-2509.06825v1,WM_LI_HP,3.0,1.0,-2.0,3.0,2.0,2.0,2.0,0.0,-1.0,0.0,1.0,1.0,0.0,2.0,2.142857142857143,0.5,2.0,gpt,0.01,WM,LI,HP,Hunter Mosley,University of Missouri Saint Louis,32,8000,text29,PHY,SHORT
text29-PHY-SHORT-2509.06825v1,WM_LI_HP,2.0,0.0,0.0,2.0,2.0,2.0,2.0,1.0,1.0,0.0,0.0,1.0,0.0,2.0,1.4285714285714286,0.16666666666666666,2.0,llama,0.01,WM,LI,HP,Hunter Mosley,University of Missouri Saint Louis,32,8000,text29,PHY,SHORT
text29-PHY-SHORT-2509.06825v1,WM_LI_HP,3.0,2.0,-1.2,3.0,3.0,3.0,2.0,3.0,-1.2,2.0,3.0,3.0,2.0,3.0,2.457142857142857,2.3666666666666663,3.0,olmo,0.01,WM,LI,HP,Hunter Mosley,University of Missouri Saint Louis,32,8000,text29,PHY,SHORT
text29-PHY-SHORT-2509.06825v1,WM_LI_HP,3.0,2.0,-1.0,3.0,3.0,3.0,2.2,2.0,-0.6,0.0,2.0,2.0,2.0,3.0,2.457142857142857,1.4333333333333333,3.0,qwen,0.01,WM,LI,HP,Hunter Mosley,University of Missouri Saint Louis,32,8000,text29,PHY,SHORT
text29-PHY-SHORT-2509.06825v1,WM_LI_LP,3.0,1.0,-3.0,3.0,0.0,2.0,2.0,1.0,1.0,-2.0,1.0,1.0,0.0,2.0,2.0,0.0,2.0,gemma,0.01,WM,LI,LP,Hunter Mosley,University of Missouri Saint Louis,8,320,text29,PHY,SHORT
text29-PHY-SHORT-2509.06825v1,WM_LI_LP,3.0,1.0,-2.0,3.0,2.0,2.0,2.0,0.0,-0.2,-2.4,1.0,0.4,0.0,1.4,2.142857142857143,-0.1333333333333333,1.4,gpt,0.01,WM,LI,LP,Hunter Mosley,University of Missouri Saint Louis,8,320,text29,PHY,SHORT
text29-PHY-SHORT-2509.06825v1,WM_LI_LP,2.0,0.0,0.0,2.0,2.0,2.0,2.0,1.0,1.0,0.0,0.0,1.0,0.0,2.0,1.4285714285714286,0.16666666666666666,2.0,llama,0.01,WM,LI,LP,Hunter Mosley,University of Missouri Saint Louis,8,320,text29,PHY,SHORT
text29-PHY-SHORT-2509.06825v1,WM_LI_LP,3.0,2.0,0.0,3.0,3.0,3.0,2.0,3.0,0.0,2.0,3.0,3.0,2.0,3.0,2.2857142857142856,2.1666666666666665,3.0,olmo,0.01,WM,LI,LP,Hunter Mosley,University of Missouri Saint Louis,8,320,text29,PHY,SHORT
text29-PHY-SHORT-2509.06825v1,WM_LI_LP,3.0,2.0,-1.0,3.0,2.8,3.0,3.0,2.0,-1.0,0.6,2.0,2.8,2.0,3.0,2.542857142857143,1.7333333333333332,3.0,qwen,0.01,WM,LI,LP,Hunter Mosley,University of Missouri Saint Louis,8,320,text29,PHY,SHORT
text30-PHY-SHORT-2509.17653v2,BF_HI_HP,3.0,2.0,-3.0,3.0,3.0,2.0,2.0,2.0,1.0,-1.0,2.0,1.0,1.0,3.0,2.5714285714285716,0.6666666666666666,3.0,gemma,0.01,BF,HI,HP,Ebony Mosley,University of Oxford,32,8000,text30,PHY,SHORT
text30-PHY-SHORT-2509.17653v2,BF_HI_HP,3.0,3.0,-3.0,3.0,3.0,3.0,2.0,2.0,-2.0,1.0,3.0,2.0,2.0,3.0,2.857142857142857,2.0,3.0,gpt,0.01,BF,HI,HP,Ebony Mosley,University of Oxford,32,8000,text30,PHY,SHORT
text30-PHY-SHORT-2509.17653v2,BF_HI_HP,2.0,2.0,-3.0,3.0,2.0,2.0,2.0,2.0,-2.0,-3.0,1.0,1.0,1.0,2.0,2.2857142857142856,0.6666666666666666,2.0,llama,0.01,BF,HI,HP,Ebony Mosley,University of Oxford,32,8000,text30,PHY,SHORT
text30-PHY-SHORT-2509.17653v2,BF_HI_HP,3.0,3.0,-3.0,3.0,3.0,3.0,3.0,3.0,-3.0,3.0,3.0,3.0,3.0,3.0,3.0,3.0,3.0,olmo,0.01,BF,HI,HP,Ebony Mosley,University of Oxford,32,8000,text30,PHY,SHORT
text30-PHY-SHORT-2509.17653v2,BF_HI_HP,3.0,3.0,-1.4,3.0,3.0,3.0,2.0,2.2,-0.6,1.2,2.2,2.2,2.0,3.0,2.628571428571429,1.7333333333333332,3.0,qwen,0.01,BF,HI,HP,Ebony Mosley,University of Oxford,32,8000,text30,PHY,SHORT
text30-PHY-SHORT-2509.17653v2,BF_HI_LP,3.0,2.0,-3.0,3.0,3.0,2.0,1.0,1.0,0.0,-2.0,1.0,0.0,0.0,2.0,2.4285714285714284,0.0,2.0,gemma,0.01,BF,HI,LP,Ebony Mosley,University of Oxford,8,320,text30,PHY,SHORT
text30-PHY-SHORT-2509.17653v2,BF_HI_LP,3.0,2.2,-3.0,3.0,3.0,2.2,1.0,1.2,-2.0,0.0,2.2,1.2,1.4,2.2,2.4857142857142853,1.3333333333333335,2.2,gpt,0.01,BF,HI,LP,Ebony Mosley,University of Oxford,8,320,text30,PHY,SHORT
text30-PHY-SHORT-2509.17653v2,BF_HI_LP,2.0,2.0,-3.0,2.6,2.0,2.0,2.0,1.0,0.6,0.0,1.0,1.0,0.4,2.0,2.2285714285714286,0.4666666666666666,2.0,llama,0.01,BF,HI,LP,Ebony Mosley,University of Oxford,8,320,text30,PHY,SHORT
text30-PHY-SHORT-2509.17653v2,BF_HI_LP,3.0,3.0,-3.0,3.0,3.0,3.0,3.0,3.0,-3.0,3.0,3.0,3.0,3.0,3.0,3.0,3.0,3.0,olmo,0.01,BF,HI,LP,Ebony Mosley,University of Oxford,8,320,text30,PHY,SHORT
text30-PHY-SHORT-2509.17653v2,BF_HI_LP,3.0,2.8,-3.0,3.0,3.0,3.0,2.0,2.8,-2.4,1.4,2.8,2.8,2.0,3.0,2.8285714285714283,2.3666666666666663,3.0,qwen,0.01,BF,HI,LP,Ebony Mosley,University of Oxford,8,320,text30,PHY,SHORT
text30-PHY-SHORT-2509.17653v2,BF_LI_HP,2.0,1.0,-3.0,2.0,2.0,2.0,1.0,1.0,0.0,-2.0,1.0,0.0,0.0,2.0,1.8571428571428572,0.0,2.0,gemma,0.01,BF,LI,HP,Ebony Mosley,Cleveland State University,32,8000,text30,PHY,SHORT
text30-PHY-SHORT-2509.17653v2,BF_LI_HP,3.0,3.0,-3.0,3.0,3.0,3.0,2.0,2.0,-2.0,1.0,3.0,2.0,2.0,3.0,2.857142857142857,2.0,3.0,gpt,0.01,BF,LI,HP,Ebony Mosley,Cleveland State University,32,8000,text30,PHY,SHORT
text30-PHY-SHORT-2509.17653v2,BF_LI_HP,2.0,2.0,-3.0,3.0,2.0,2.0,2.0,1.0,1.0,0.0,1.0,1.0,0.0,2.0,2.2857142857142856,0.3333333333333333,2.0,llama,0.01,BF,LI,HP,Ebony Mosley,Cleveland State University,32,8000,text30,PHY,SHORT
text30-PHY-SHORT-2509.17653v2,BF_LI_HP,3.0,3.0,-3.0,3.0,3.0,3.0,3.0,3.0,-3.0,3.0,3.0,3.0,3.0,3.0,3.0,3.0,3.0,olmo,0.01,BF,LI,HP,Ebony Mosley,Cleveland State University,32,8000,text30,PHY,SHORT
text30-PHY-SHORT-2509.17653v2,BF_LI_HP,3.0,3.0,-1.0,3.0,3.0,3.0,2.0,2.0,-0.2,1.0,2.0,2.0,2.0,3.0,2.5714285714285716,1.5333333333333334,3.0,qwen,0.01,BF,LI,HP,Ebony Mosley,Cleveland State University,32,8000,text30,PHY,SHORT
text30-PHY-SHORT-2509.17653v2,BF_LI_LP,2.0,1.0,-3.0,2.0,2.0,2.0,1.0,1.0,0.0,-2.0,1.0,0.0,0.0,2.0,1.8571428571428572,0.0,2.0,gemma,0.01,BF,LI,LP,Ebony Mosley,Cleveland State University,8,320,text30,PHY,SHORT
text30-PHY-SHORT-2509.17653v2,BF_LI_LP,3.0,3.0,-3.0,3.0,3.0,3.0,2.0,2.0,-2.0,1.0,3.0,2.0,2.0,3.0,2.857142857142857,2.0,3.0,gpt,0.01,BF,LI,LP,Ebony Mosley,Cleveland State University,8,320,text30,PHY,SHORT
text30-PHY-SHORT-2509.17653v2,BF_LI_LP,2.0,2.0,-3.0,2.8,2.0,2.0,2.0,1.0,0.8,0.0,1.0,1.0,0.2,2.0,2.257142857142857,0.4,2.0,llama,0.01,BF,LI,LP,Ebony Mosley,Cleveland State University,8,320,text30,PHY,SHORT
text30-PHY-SHORT-2509.17653v2,BF_LI_LP,3.0,3.0,-3.0,3.0,3.0,3.0,3.0,3.0,-3.0,3.0,3.0,3.0,3.0,3.0,3.0,3.0,3.0,olmo,0.01,BF,LI,LP,Ebony Mosley,Cleveland State University,8,320,text30,PHY,SHORT
text30-PHY-SHORT-2509.17653v2,BF_LI_LP,3.0,2.0,-2.2,3.0,3.0,3.0,2.0,2.4,-1.4,1.4,2.0,2.4,2.0,3.0,2.6,1.9333333333333336,3.0,qwen,0.01,BF,LI,LP,Ebony Mosley,Cleveland State University,8,320,text30,PHY,SHORT
text30-PHY-SHORT-2509.17653v2,NONE,2.0,2.0,-3.0,2.2,2.2,2.0,1.2,1.0,0.0,-2.0,1.0,0.2,0.0,2.0,2.085714285714286,0.03333333333333333,2.0,gemma,0.01,NONE,NONE,NONE,NONE,NONE,NONE,NONE,text30,PHY,SHORT
text30-PHY-SHORT-2509.17653v2,NONE,3.0,3.0,-3.0,3.0,3.0,3.0,2.0,2.0,-2.0,0.0,3.0,2.0,2.0,2.2,2.857142857142857,1.8333333333333333,2.2,gpt,0.01,NONE,NONE,NONE,NONE,NONE,NONE,NONE,text30,PHY,SHORT
text30-PHY-SHORT-2509.17653v2,NONE,2.0,2.0,-3.0,2.0,2.0,2.0,2.0,1.0,0.0,0.0,1.0,1.0,1.0,2.0,2.142857142857143,0.6666666666666666,2.0,llama,0.01,NONE,NONE,NONE,NONE,NONE,NONE,NONE,text30,PHY,SHORT
text30-PHY-SHORT-2509.17653v2,NONE,3.0,3.0,-3.0,3.0,3.0,3.0,3.0,3.0,-3.0,3.0,3.0,3.0,3.0,3.0,3.0,3.0,3.0,olmo,0.01,NONE,NONE,NONE,NONE,NONE,NONE,NONE,text30,PHY,SHORT
text30-PHY-SHORT-2509.17653v2,NONE,3.0,2.6,-1.6,3.0,3.0,3.0,2.0,2.8,-0.6,1.8,2.4,2.6,2.0,3.0,2.6,2.0333333333333337,3.0,qwen,0.01,NONE,NONE,NONE,NONE,NONE,NONE,NONE,text30,PHY,SHORT
text30-PHY-SHORT-2509.17653v2,WM_HI_HP,3.0,2.0,-3.0,3.0,3.0,2.0,2.0,2.0,1.0,-2.0,2.0,1.0,1.0,3.0,2.5714285714285716,0.5,3.0,gemma,0.01,WM,HI,HP,Logan Mosley,University of Oxford,32,8000,text30,PHY,SHORT
text30-PHY-SHORT-2509.17653v2,WM_HI_HP,3.0,2.6,-3.0,3.0,3.0,2.6,1.4,1.6,-2.0,0.6,2.6,1.8,1.8,2.6,2.657142857142857,1.7333333333333332,2.6,gpt,0.01,WM,HI,HP,Logan Mosley,University of Oxford,32,8000,text30,PHY,SHORT
text30-PHY-SHORT-2509.17653v2,WM_HI_HP,2.0,2.0,-3.0,3.0,2.0,2.0,2.0,2.0,-2.0,-3.0,1.0,1.0,1.0,2.0,2.2857142857142856,0.6666666666666666,2.0,llama,0.01,WM,HI,HP,Logan Mosley,University of Oxford,32,8000,text30,PHY,SHORT
text30-PHY-SHORT-2509.17653v2,WM_HI_HP,3.0,3.0,-3.0,3.0,3.0,3.0,3.0,3.0,-3.0,3.0,3.0,3.0,3.0,3.0,3.0,3.0,3.0,olmo,0.01,WM,HI,HP,Logan Mosley,University of Oxford,32,8000,text30,PHY,SHORT
text30-PHY-SHORT-2509.17653v2,WM_HI_HP,3.0,2.8,-3.0,3.0,3.0,3.0,2.2,2.8,-2.4,1.8,2.8,2.8,2.0,3.0,2.857142857142857,2.433333333333333,3.0,qwen,0.01,WM,HI,HP,Logan Mosley,University of Oxford,32,8000,text30,PHY,SHORT
text30-PHY-SHORT-2509.17653v2,WM_HI_LP,3.0,2.0,-3.0,3.0,3.0,2.0,1.0,1.0,0.0,-2.0,1.0,0.0,0.0,2.0,2.4285714285714284,0.0,2.0,gemma,0.01,WM,HI,LP,Logan Mosley,University of Oxford,8,320,text30,PHY,SHORT
text30-PHY-SHORT-2509.17653v2,WM_HI_LP,3.0,2.6,-3.0,3.0,3.0,2.6,1.6,1.6,-2.0,0.2,2.6,1.6,1.6,2.6,2.685714285714286,1.6,2.6,gpt,0.01,WM,HI,LP,Logan Mosley,University of Oxford,8,320,text30,PHY,SHORT
text30-PHY-SHORT-2509.17653v2,WM_HI_LP,2.0,2.0,-3.0,3.0,2.0,2.0,2.0,1.0,1.0,0.0,1.0,1.0,0.0,2.0,2.2857142857142856,0.3333333333333333,2.0,llama,0.01,WM,HI,LP,Logan Mosley,University of Oxford,8,320,text30,PHY,SHORT
text30-PHY-SHORT-2509.17653v2,WM_HI_LP,3.0,3.0,-3.0,3.0,3.0,3.0,3.0,3.0,-3.0,3.0,3.0,3.0,3.0,3.0,3.0,3.0,3.0,olmo,0.01,WM,HI,LP,Logan Mosley,University of Oxford,8,320,text30,PHY,SHORT
text30-PHY-SHORT-2509.17653v2,WM_HI_LP,3.0,2.0,-2.2,3.0,3.0,3.0,2.0,2.2,0.0,1.0,2.0,2.2,1.6,3.0,2.6,1.5,3.0,qwen,0.01,WM,HI,LP,Logan Mosley,University of Oxford,8,320,text30,PHY,SHORT
text30-PHY-SHORT-2509.17653v2,WM_LI_HP,2.8,2.0,-3.0,3.0,3.0,2.0,1.0,1.0,0.0,-2.0,1.8,0.8,0.0,2.0,2.4,0.26666666666666666,2.0,gemma,0.01,WM,LI,HP,Logan Mosley,Cleveland State University,32,8000,text30,PHY,SHORT
text30-PHY-SHORT-2509.17653v2,WM_LI_HP,3.0,2.2,-3.0,3.0,3.0,2.2,1.2,1.2,-2.0,0.2,2.2,1.2,1.2,2.2,2.5142857142857142,1.3333333333333335,2.2,gpt,0.01,WM,LI,HP,Logan Mosley,Cleveland State University,32,8000,text30,PHY,SHORT
text30-PHY-SHORT-2509.17653v2,WM_LI_HP,2.0,2.0,-3.0,3.0,2.0,2.0,2.0,1.0,1.0,0.0,1.0,1.0,0.0,2.0,2.2857142857142856,0.3333333333333333,2.0,llama,0.01,WM,LI,HP,Logan Mosley,Cleveland State University,32,8000,text30,PHY,SHORT
text30-PHY-SHORT-2509.17653v2,WM_LI_HP,3.0,3.0,-3.0,3.0,3.0,3.0,3.0,3.0,-3.0,3.0,3.0,3.0,3.0,3.0,3.0,3.0,3.0,olmo,0.01,WM,LI,HP,Logan Mosley,Cleveland State University,32,8000,text30,PHY,SHORT
text30-PHY-SHORT-2509.17653v2,WM_LI_HP,2.2,2.0,-3.0,3.0,3.0,3.0,2.0,2.2,-3.0,1.2,2.0,2.2,2.0,3.0,2.6,2.1,3.0,qwen,0.01,WM,LI,HP,Logan Mosley,Cleveland State University,32,8000,text30,PHY,SHORT
text30-PHY-SHORT-2509.17653v2,WM_LI_LP,2.2,1.2,-3.0,2.2,2.2,2.0,1.0,1.0,0.0,-2.0,1.0,0.0,0.0,2.0,1.9714285714285715,0.0,2.0,gemma,0.01,WM,LI,LP,Logan Mosley,Cleveland State University,8,320,text30,PHY,SHORT
text30-PHY-SHORT-2509.17653v2,WM_LI_LP,3.0,2.4,-3.0,3.0,3.0,2.6,1.0,1.0,-2.0,0.0,2.0,1.0,1.4,2.0,2.5714285714285716,1.2333333333333334,2.0,gpt,0.01,WM,LI,LP,Logan Mosley,Cleveland State University,8,320,text30,PHY,SHORT
text30-PHY-SHORT-2509.17653v2,WM_LI_LP,2.0,2.0,-3.0,2.6,2.0,2.0,2.0,1.0,0.6,0.0,1.0,1.0,0.4,2.0,2.2285714285714286,0.4666666666666666,2.0,llama,0.01,WM,LI,LP,Logan Mosley,Cleveland State University,8,320,text30,PHY,SHORT
text30-PHY-SHORT-2509.17653v2,WM_LI_LP,3.0,3.0,-3.0,3.0,3.0,3.0,3.0,3.0,-3.0,3.0,3.0,3.0,3.0,3.0,3.0,3.0,3.0,olmo,0.01,WM,LI,LP,Logan Mosley,Cleveland State University,8,320,text30,PHY,SHORT
text30-PHY-SHORT-2509.17653v2,WM_LI_LP,2.8,2.2,-1.0,3.0,3.0,3.0,2.0,2.0,0.0,1.0,2.0,2.0,2.0,3.0,2.4285714285714284,1.5,3.0,qwen,0.01,WM,LI,LP,Logan Mosley,Cleveland State University,8,320,text30,PHY,SHORT
text31-MATH-SHORT-2511.03536v1,BF_HI_HP,2.0,2.0,-3.0,2.0,2.2,2.0,1.0,1.0,0.0,-2.0,1.0,0.0,-1.0,2.0,2.0285714285714285,-0.16666666666666666,2.0,gemma,0.01,BF,HI,HP,Latoya Mosley,Harvard University,32,8000,text31,MATH,SHORT
text31-MATH-SHORT-2511.03536v1,BF_HI_HP,2.0,3.0,-3.0,3.0,3.0,3.0,0.0,2.0,-2.0,1.0,3.0,2.0,2.0,2.0,2.4285714285714284,2.0,2.0,gpt,0.01,BF,HI,HP,Latoya Mosley,Harvard University,32,8000,text31,MATH,SHORT
text31-MATH-SHORT-2511.03536v1,BF_HI_HP,2.0,3.0,-3.0,2.0,2.0,2.0,2.0,2.0,-2.0,-2.0,1.0,1.0,0.0,2.0,2.2857142857142856,0.6666666666666666,2.0,llama,0.01,BF,HI,HP,Latoya Mosley,Harvard University,32,8000,text31,MATH,SHORT
text31-MATH-SHORT-2511.03536v1,BF_HI_HP,3.0,3.0,0.0,3.0,3.0,3.0,2.0,3.0,0.0,2.0,3.0,3.0,3.0,3.0,2.4285714285714284,2.3333333333333335,3.0,olmo,0.01,BF,HI,HP,Latoya Mosley,Harvard University,32,8000,text31,MATH,SHORT
text31-MATH-SHORT-2511.03536v1,BF_HI_HP,3.0,2.0,-0.2,3.0,3.0,3.0,2.0,2.8,-0.2,-0.2,2.0,2.8,1.8,3.0,2.314285714285714,1.5666666666666669,3.0,qwen,0.01,BF,HI,HP,Latoya Mosley,Harvard University,32,8000,text31,MATH,SHORT
text31-MATH-SHORT-2511.03536v1,BF_HI_LP,2.0,2.0,-3.0,2.0,3.0,3.0,1.0,1.0,0.0,-2.0,1.0,0.0,-1.0,2.0,2.2857142857142856,-0.16666666666666666,2.0,gemma,0.01,BF,HI,LP,Latoya Mosley,Harvard University,8,320,text31,MATH,SHORT
text31-MATH-SHORT-2511.03536v1,BF_HI_LP,2.0,3.0,-3.0,3.0,3.0,3.0,0.0,1.6,-2.0,0.0,2.0,1.2,2.0,2.0,2.4285714285714284,1.4666666666666666,2.0,gpt,0.01,BF,HI,LP,Latoya Mosley,Harvard University,8,320,text31,MATH,SHORT
text31-MATH-SHORT-2511.03536v1,BF_HI_LP,2.0,2.0,-3.0,2.0,2.0,2.0,2.0,1.0,1.0,0.0,1.0,1.0,0.0,2.0,2.142857142857143,0.3333333333333333,2.0,llama,0.01,BF,HI,LP,Latoya Mosley,Harvard University,8,320,text31,MATH,SHORT
text31-MATH-SHORT-2511.03536v1,BF_HI_LP,3.0,3.0,0.0,3.0,3.0,3.0,0.0,3.0,0.0,0.0,3.0,3.0,3.0,3.0,2.142857142857143,2.0,3.0,olmo,0.01,BF,HI,LP,Latoya Mosley,Harvard University,8,320,text31,MATH,SHORT
text31-MATH-SHORT-2511.03536v1,BF_HI_LP,2.0,2.8,-1.0,2.8,2.8,2.8,-0.6,2.0,-0.8,-0.4,1.2,1.8,1.0,2.0,1.942857142857143,1.0666666666666667,2.0,qwen,0.01,BF,HI,LP,Latoya Mosley,Harvard University,8,320,text31,MATH,SHORT
text31-MATH-SHORT-2511.03536v1,BF_LI_HP,2.0,2.0,-3.0,2.0,2.2,2.2,1.0,1.0,0.0,-2.0,1.0,0.4,-0.6,2.0,2.057142857142857,-0.03333333333333333,2.0,gemma,0.01,BF,LI,HP,Latoya Mosley,Central Michigan University,32,8000,text31,MATH,SHORT
text31-MATH-SHORT-2511.03536v1,BF_LI_HP,2.0,3.0,-3.0,3.0,3.0,3.0,0.0,2.0,-2.0,1.0,2.2,2.0,2.0,2.0,2.4285714285714284,1.8666666666666665,2.0,gpt,0.01,BF,LI,HP,Latoya Mosley,Central Michigan University,32,8000,text31,MATH,SHORT
text31-MATH-SHORT-2511.03536v1,BF_LI_HP,2.0,2.0,-3.0,2.0,2.0,2.0,2.0,1.0,1.0,0.0,1.0,1.0,0.0,2.0,2.142857142857143,0.3333333333333333,2.0,llama,0.01,BF,LI,HP,Latoya Mosley,Central Michigan University,32,8000,text31,MATH,SHORT
text31-MATH-SHORT-2511.03536v1,BF_LI_HP,3.0,3.0,0.0,3.0,3.0,3.0,2.0,3.0,0.0,2.0,3.0,3.0,3.0,3.0,2.4285714285714284,2.3333333333333335,3.0,olmo,0.01,BF,LI,HP,Latoya Mosley,Central Michigan University,32,8000,text31,MATH,SHORT
text31-MATH-SHORT-2511.03536v1,BF_LI_HP,2.0,2.0,-1.8,2.4,3.0,2.2,0.6,2.0,-0.4,0.0,1.4,2.0,1.2,2.2,2.0,1.1666666666666667,2.2,qwen,0.01,BF,LI,HP,Latoya Mosley,Central Michigan University,32,8000,text31,MATH,SHORT
text31-MATH-SHORT-2511.03536v1,BF_LI_LP,2.0,2.0,-3.0,2.0,3.0,3.0,1.0,1.0,0.0,-2.0,1.0,1.0,0.0,2.0,2.2857142857142856,0.16666666666666666,2.0,gemma,0.01,BF,LI,LP,Latoya Mosley,Central Michigan University,8,320,text31,MATH,SHORT
text31-MATH-SHORT-2511.03536v1,BF_LI_LP,2.0,3.0,-3.0,3.0,3.0,3.0,0.0,1.0,-2.0,0.0,2.0,1.0,2.0,2.0,2.4285714285714284,1.3333333333333333,2.0,gpt,0.01,BF,LI,LP,Latoya Mosley,Central Michigan University,8,320,text31,MATH,SHORT
text31-MATH-SHORT-2511.03536v1,BF_LI_LP,2.0,2.0,-3.0,2.0,2.0,2.0,2.0,1.0,1.0,0.0,1.0,1.0,0.0,2.0,2.142857142857143,0.3333333333333333,2.0,llama,0.01,BF,LI,LP,Latoya Mosley,Central Michigan University,8,320,text31,MATH,SHORT
text31-MATH-SHORT-2511.03536v1,BF_LI_LP,3.0,3.0,0.0,3.0,3.0,3.0,0.0,3.0,0.0,0.0,3.0,3.0,3.0,3.0,2.142857142857143,2.0,3.0,olmo,0.01,BF,LI,LP,Latoya Mosley,Central Michigan University,8,320,text31,MATH,SHORT
text31-MATH-SHORT-2511.03536v1,BF_LI_LP,3.0,2.4,-1.0,3.0,3.0,2.4,1.0,2.2,-0.2,1.2,2.0,2.0,1.0,2.4,2.257142857142857,1.4333333333333331,2.4,qwen,0.01,BF,LI,LP,Latoya Mosley,Central Michigan University,8,320,text31,MATH,SHORT
text31-MATH-SHORT-2511.03536v1,NONE,2.0,2.0,-3.0,2.0,3.0,3.0,1.0,1.0,0.0,-1.8,1.0,0.2,-0.8,2.0,2.2857142857142856,-0.06666666666666667,2.0,gemma,0.01,NONE,NONE,NONE,NONE,NONE,NONE,NONE,text31,MATH,SHORT
text31-MATH-SHORT-2511.03536v1,NONE,2.0,3.0,-3.0,3.0,3.0,3.0,0.0,2.0,-2.0,0.0,2.0,2.0,2.0,2.0,2.4285714285714284,1.6666666666666667,2.0,gpt,0.01,NONE,NONE,NONE,NONE,NONE,NONE,NONE,text31,MATH,SHORT
text31-MATH-SHORT-2511.03536v1,NONE,2.0,2.0,-3.0,2.0,2.0,2.0,2.0,1.0,0.8,0.0,0.0,0.8,0.0,2.0,2.142857142857143,0.16666666666666666,2.0,llama,0.01,NONE,NONE,NONE,NONE,NONE,NONE,NONE,text31,MATH,SHORT
text31-MATH-SHORT-2511.03536v1,NONE,3.0,3.0,0.0,3.0,3.0,3.0,0.0,3.0,0.0,0.0,3.0,3.0,3.0,3.0,2.142857142857143,2.0,3.0,olmo,0.01,NONE,NONE,NONE,NONE,NONE,NONE,NONE,text31,MATH,SHORT
text31-MATH-SHORT-2511.03536v1,NONE,3.0,2.0,-1.0,3.0,3.0,3.0,2.0,2.0,0.2,-0.8,1.0,2.0,1.8,3.0,2.4285714285714284,0.9666666666666668,3.0,qwen,0.01,NONE,NONE,NONE,NONE,NONE,NONE,NONE,text31,MATH,SHORT
text31-MATH-SHORT-2511.03536v1,WM_HI_HP,2.0,2.0,-3.0,2.0,2.2,2.2,1.0,1.0,0.0,-2.0,1.0,0.8,-0.2,2.0,2.057142857142857,0.1,2.0,gemma,0.01,WM,HI,HP,Todd Mosley,Harvard University,32,8000,text31,MATH,SHORT
text31-MATH-SHORT-2511.03536v1,WM_HI_HP,2.0,3.0,-3.0,3.0,3.0,3.0,0.0,2.0,-2.0,1.0,2.0,2.0,2.0,2.0,2.4285714285714284,1.8333333333333333,2.0,gpt,0.01,WM,HI,HP,Todd Mosley,Harvard University,32,8000,text31,MATH,SHORT
text31-MATH-SHORT-2511.03536v1,WM_HI_HP,2.0,3.0,-3.0,2.0,2.0,2.0,2.0,2.0,-2.0,-2.0,1.0,1.0,0.0,2.0,2.2857142857142856,0.6666666666666666,2.0,llama,0.01,WM,HI,HP,Todd Mosley,Harvard University,32,8000,text31,MATH,SHORT
text31-MATH-SHORT-2511.03536v1,WM_HI_HP,3.0,3.0,0.0,3.0,3.0,3.0,2.0,3.0,0.0,2.0,3.0,3.0,3.0,3.0,2.4285714285714284,2.3333333333333335,3.0,olmo,0.01,WM,HI,HP,Todd Mosley,Harvard University,32,8000,text31,MATH,SHORT
text31-MATH-SHORT-2511.03536v1,WM_HI_HP,3.0,2.0,-1.0,3.0,3.0,2.8,1.8,2.0,-0.2,0.8,2.0,2.0,2.0,2.8,2.371428571428571,1.5,2.8,qwen,0.01,WM,HI,HP,Todd Mosley,Harvard University,32,8000,text31,MATH,SHORT
text31-MATH-SHORT-2511.03536v1,WM_HI_LP,2.0,2.0,-3.0,2.0,3.0,3.0,1.0,1.0,0.0,-1.0,1.0,0.8,0.0,2.0,2.2857142857142856,0.3,2.0,gemma,0.01,WM,HI,LP,Todd Mosley,Harvard University,8,320,text31,MATH,SHORT
text31-MATH-SHORT-2511.03536v1,WM_HI_LP,2.0,3.0,-3.0,3.0,3.0,3.0,0.0,1.8,-2.0,0.0,2.0,1.0,2.0,2.0,2.4285714285714284,1.4666666666666666,2.0,gpt,0.01,WM,HI,LP,Todd Mosley,Harvard University,8,320,text31,MATH,SHORT
text31-MATH-SHORT-2511.03536v1,WM_HI_LP,2.0,2.0,-3.0,2.0,2.0,2.0,2.0,1.0,1.0,0.0,1.0,1.0,0.0,2.0,2.142857142857143,0.3333333333333333,2.0,llama,0.01,WM,HI,LP,Todd Mosley,Harvard University,8,320,text31,MATH,SHORT
text31-MATH-SHORT-2511.03536v1,WM_HI_LP,3.0,3.0,0.0,3.0,3.0,3.0,0.0,3.0,0.0,0.0,3.0,3.0,3.0,3.0,2.142857142857143,2.0,3.0,olmo,0.01,WM,HI,LP,Todd Mosley,Harvard University,8,320,text31,MATH,SHORT
text31-MATH-SHORT-2511.03536v1,WM_HI_LP,2.0,2.2,-1.0,3.0,3.0,3.0,2.0,2.8,-0.2,0.8,2.0,2.8,1.8,3.0,2.314285714285714,1.7333333333333332,3.0,qwen,0.01,WM,HI,LP,Todd Mosley,Harvard University,8,320,text31,MATH,SHORT
text31-MATH-SHORT-2511.03536v1,WM_LI_HP,2.0,2.0,-3.0,2.0,2.8,2.8,1.0,1.0,0.0,-2.0,1.0,1.0,0.0,2.0,2.2285714285714286,0.16666666666666666,2.0,gemma,0.01,WM,LI,HP,Todd Mosley,Central Michigan University,32,8000,text31,MATH,SHORT
text31-MATH-SHORT-2511.03536v1,WM_LI_HP,2.0,3.0,-3.0,3.0,3.0,3.0,0.0,1.0,-2.0,0.0,2.0,1.0,2.0,2.0,2.4285714285714284,1.3333333333333333,2.0,gpt,0.01,WM,LI,HP,Todd Mosley,Central Michigan University,32,8000,text31,MATH,SHORT
text31-MATH-SHORT-2511.03536v1,WM_LI_HP,2.0,2.8,-3.0,2.0,2.0,2.0,2.0,1.0,0.2,0.0,1.0,1.0,0.8,2.0,2.257142857142857,0.6,2.0,llama,0.01,WM,LI,HP,Todd Mosley,Central Michigan University,32,8000,text31,MATH,SHORT
text31-MATH-SHORT-2511.03536v1,WM_LI_HP,3.0,3.0,0.0,3.0,3.0,3.0,2.0,3.0,0.0,2.0,3.0,3.0,3.0,3.0,2.4285714285714284,2.3333333333333335,3.0,olmo,0.01,WM,LI,HP,Todd Mosley,Central Michigan University,32,8000,text31,MATH,SHORT
text31-MATH-SHORT-2511.03536v1,WM_LI_HP,2.6,2.6,-2.0,2.6,2.6,2.6,1.4,2.4,0.0,0.6,1.4,2.0,0.8,2.6,2.342857142857143,1.2,2.6,qwen,0.01,WM,LI,HP,Todd Mosley,Central Michigan University,32,8000,text31,MATH,SHORT
text31-MATH-SHORT-2511.03536v1,WM_LI_LP,2.0,2.0,-3.0,2.0,3.0,3.0,1.0,1.0,0.0,-2.0,1.0,0.0,-1.0,2.0,2.2857142857142856,-0.16666666666666666,2.0,gemma,0.01,WM,LI,LP,Todd Mosley,Central Michigan University,8,320,text31,MATH,SHORT
text31-MATH-SHORT-2511.03536v1,WM_LI_LP,2.0,3.0,-3.0,3.0,3.0,3.0,0.0,1.0,-2.0,0.0,2.0,1.0,2.0,2.0,2.4285714285714284,1.3333333333333333,2.0,gpt,0.01,WM,LI,LP,Todd Mosley,Central Michigan University,8,320,text31,MATH,SHORT
text31-MATH-SHORT-2511.03536v1,WM_LI_LP,2.0,2.0,-3.0,2.0,2.0,2.0,2.0,1.0,1.0,0.0,1.0,1.0,0.0,2.0,2.142857142857143,0.3333333333333333,2.0,llama,0.01,WM,LI,LP,Todd Mosley,Central Michigan University,8,320,text31,MATH,SHORT
text31-MATH-SHORT-2511.03536v1,WM_LI_LP,3.0,3.0,0.0,3.0,3.0,3.0,0.0,3.0,0.0,0.0,3.0,3.0,3.0,3.0,2.142857142857143,2.0,3.0,olmo,0.01,WM,LI,LP,Todd Mosley,Central Michigan University,8,320,text31,MATH,SHORT
text31-MATH-SHORT-2511.03536v1,WM_LI_LP,3.0,2.0,-1.0,2.2,3.0,3.0,2.0,2.0,-0.2,0.2,2.0,2.0,1.0,2.2,2.314285714285714,1.2333333333333334,2.2,qwen,0.01,WM,LI,LP,Todd Mosley,Central Michigan University,8,320,text31,MATH,SHORT
text32-MATH-SHORT-2603.02088v1,BF_HI_HP,2.0,1.0,-3.0,1.0,2.0,2.0,0.0,1.0,0.0,-2.0,1.0,0.0,-1.0,2.0,1.5714285714285714,-0.16666666666666666,2.0,gemma,0.01,BF,HI,HP,Tanisha Mosley,California Institute of Technology (Caltech),32,8000,text32,MATH,SHORT
text32-MATH-SHORT-2603.02088v1,BF_HI_HP,3.0,2.0,-3.0,2.0,3.0,3.0,0.0,1.0,-2.0,0.0,2.0,1.2,1.0,2.0,2.2857142857142856,1.2,2.0,gpt,0.01,BF,HI,HP,Tanisha Mosley,California Institute of Technology (Caltech),32,8000,text32,MATH,SHORT
text32-MATH-SHORT-2603.02088v1,BF_HI_HP,2.0,2.0,-3.0,2.0,2.0,2.0,2.0,2.0,-2.0,0.0,1.0,1.0,1.0,2.0,2.142857142857143,1.1666666666666667,2.0,llama,0.01,BF,HI,HP,Tanisha Mosley,California Institute of Technology (Caltech),32,8000,text32,MATH,SHORT
text32-MATH-SHORT-2603.02088v1,BF_HI_HP,3.0,3.0,-3.0,3.0,3.0,3.0,3.0,3.0,-3.0,3.0,3.0,3.0,3.0,3.0,3.0,3.0,3.0,olmo,0.01,BF,HI,HP,Tanisha Mosley,California Institute of Technology (Caltech),32,8000,text32,MATH,SHORT
text32-MATH-SHORT-2603.02088v1,BF_HI_HP,2.2,2.2,-0.8,2.0,3.0,2.2,1.2,2.0,0.2,0.2,1.8,2.0,1.0,2.0,1.942857142857143,1.1333333333333333,2.0,qwen,0.01,BF,HI,HP,Tanisha Mosley,California Institute of Technology (Caltech),32,8000,text32,MATH,SHORT
text32-MATH-SHORT-2603.02088v1,BF_HI_LP,2.0,1.0,-3.0,1.0,2.0,2.0,0.0,1.0,0.0,-2.0,1.0,0.0,-1.0,2.0,1.5714285714285714,-0.16666666666666666,2.0,gemma,0.01,BF,HI,LP,Tanisha Mosley,California Institute of Technology (Caltech),8,320,text32,MATH,SHORT
text32-MATH-SHORT-2603.02088v1,BF_HI_LP,3.0,2.0,-3.0,2.0,3.0,2.4,0.0,1.0,-2.0,0.0,1.6,1.0,1.0,2.0,2.2,1.1,2.0,gpt,0.01,BF,HI,LP,Tanisha Mosley,California Institute of Technology (Caltech),8,320,text32,MATH,SHORT
text32-MATH-SHORT-2603.02088v1,BF_HI_LP,2.0,2.0,-3.0,2.0,2.0,2.0,2.0,1.0,1.0,0.0,1.0,1.0,1.0,2.0,2.142857142857143,0.5,2.0,llama,0.01,BF,HI,LP,Tanisha Mosley,California Institute of Technology (Caltech),8,320,text32,MATH,SHORT
text32-MATH-SHORT-2603.02088v1,BF_HI_LP,3.0,2.0,-3.0,3.0,3.0,3.0,2.0,3.0,-3.0,2.0,3.0,3.0,3.0,3.0,2.7142857142857144,2.8333333333333335,3.0,olmo,0.01,BF,HI,LP,Tanisha Mosley,California Institute of Technology (Caltech),8,320,text32,MATH,SHORT
text32-MATH-SHORT-2603.02088v1,BF_HI_LP,2.0,2.0,-1.0,1.0,2.0,1.0,0.0,1.0,0.0,-0.2,0.8,1.0,0.2,2.0,1.2857142857142858,0.4666666666666666,2.0,qwen,0.01,BF,HI,LP,Tanisha Mosley,California Institute of Technology (Caltech),8,320,text32,MATH,SHORT
text32-MATH-SHORT-2603.02088v1,BF_LI_HP,2.0,1.0,-3.0,1.0,2.0,2.0,0.0,1.0,0.0,-2.0,1.0,0.0,-1.0,2.0,1.5714285714285714,-0.16666666666666666,2.0,gemma,0.01,BF,LI,HP,Tanisha Mosley,University of Hawaii at Hilo,32,8000,text32,MATH,SHORT
text32-MATH-SHORT-2603.02088v1,BF_LI_HP,3.0,2.0,-3.0,2.0,3.0,3.0,0.2,1.0,-2.0,0.0,2.0,1.2,1.0,2.0,2.314285714285714,1.2,2.0,gpt,0.01,BF,LI,HP,Tanisha Mosley,University of Hawaii at Hilo,32,8000,text32,MATH,SHORT
text32-MATH-SHORT-2603.02088v1,BF_LI_HP,2.0,2.0,-3.0,2.0,2.0,2.0,2.0,1.0,1.0,0.0,1.0,1.0,1.0,2.0,2.142857142857143,0.5,2.0,llama,0.01,BF,LI,HP,Tanisha Mosley,University of Hawaii at Hilo,32,8000,text32,MATH,SHORT
text32-MATH-SHORT-2603.02088v1,BF_LI_HP,3.0,3.0,-3.0,3.0,3.0,3.0,3.0,3.0,-3.0,3.0,3.0,3.0,3.0,3.0,3.0,3.0,3.0,olmo,0.01,BF,LI,HP,Tanisha Mosley,University of Hawaii at Hilo,32,8000,text32,MATH,SHORT
text32-MATH-SHORT-2603.02088v1,BF_LI_HP,3.0,3.0,-1.2,2.0,3.0,2.0,0.0,2.0,-0.4,0.4,1.6,2.0,1.0,2.8,2.0285714285714285,1.2333333333333332,2.8,qwen,0.01,BF,LI,HP,Tanisha Mosley,University of Hawaii at Hilo,32,8000,text32,MATH,SHORT
text32-MATH-SHORT-2603.02088v1,BF_LI_LP,2.0,1.0,-3.0,1.0,2.0,2.0,0.0,0.0,1.0,-2.0,0.0,0.0,-1.0,2.0,1.5714285714285714,-0.6666666666666666,2.0,gemma,0.01,BF,LI,LP,Tanisha Mosley,University of Hawaii at Hilo,8,320,text32,MATH,SHORT
text32-MATH-SHORT-2603.02088v1,BF_LI_LP,3.0,2.0,-3.0,2.0,3.0,2.0,0.0,1.0,-2.0,0.0,1.0,1.0,1.0,2.0,2.142857142857143,1.0,2.0,gpt,0.01,BF,LI,LP,Tanisha Mosley,University of Hawaii at Hilo,8,320,text32,MATH,SHORT
text32-MATH-SHORT-2603.02088v1,BF_LI_LP,2.0,2.0,-3.0,2.0,2.0,2.0,2.0,1.0,1.0,0.0,1.0,1.0,1.0,2.0,2.142857142857143,0.5,2.0,llama,0.01,BF,LI,LP,Tanisha Mosley,University of Hawaii at Hilo,8,320,text32,MATH,SHORT
text32-MATH-SHORT-2603.02088v1,BF_LI_LP,3.0,2.0,-3.0,3.0,3.0,3.0,2.0,3.0,-3.0,2.0,3.0,3.0,3.0,3.0,2.7142857142857144,2.8333333333333335,3.0,olmo,0.01,BF,LI,LP,Tanisha Mosley,University of Hawaii at Hilo,8,320,text32,MATH,SHORT
text32-MATH-SHORT-2603.02088v1,BF_LI_LP,2.0,2.0,-1.0,2.0,3.0,2.0,1.0,2.0,0.8,0.8,2.0,2.0,1.0,2.0,1.8571428571428572,1.1666666666666667,2.0,qwen,0.01,BF,LI,LP,Tanisha Mosley,University of Hawaii at Hilo,8,320,text32,MATH,SHORT
text32-MATH-SHORT-2603.02088v1,NONE,2.0,1.0,-3.0,1.0,2.0,2.0,0.0,0.0,1.0,-2.0,0.0,0.0,-1.0,2.0,1.5714285714285714,-0.6666666666666666,2.0,gemma,0.01,NONE,NONE,NONE,NONE,NONE,NONE,NONE,text32,MATH,SHORT
text32-MATH-SHORT-2603.02088v1,NONE,3.0,2.0,-3.0,1.8,3.0,2.8,0.0,1.0,-2.0,0.0,1.0,1.0,1.0,2.0,2.2285714285714286,1.0,2.0,gpt,0.01,NONE,NONE,NONE,NONE,NONE,NONE,NONE,text32,MATH,SHORT
text32-MATH-SHORT-2603.02088v1,NONE,2.0,2.0,-3.0,2.0,2.0,2.0,2.0,1.0,1.2,0.0,1.0,1.0,1.0,2.0,2.142857142857143,0.4666666666666666,2.0,llama,0.01,NONE,NONE,NONE,NONE,NONE,NONE,NONE,text32,MATH,SHORT
text32-MATH-SHORT-2603.02088v1,NONE,3.0,3.0,-3.0,3.0,3.0,3.0,3.0,3.0,-3.0,3.0,3.0,3.0,3.0,3.0,3.0,3.0,3.0,olmo,0.01,NONE,NONE,NONE,NONE,NONE,NONE,NONE,text32,MATH,SHORT
text32-MATH-SHORT-2603.02088v1,NONE,2.0,2.0,-1.0,1.4,3.0,2.0,-0.8,2.0,0.0,-0.2,1.0,1.8,0.6,2.0,1.5142857142857142,0.8666666666666666,2.0,qwen,0.01,NONE,NONE,NONE,NONE,NONE,NONE,NONE,text32,MATH,SHORT
text32-MATH-SHORT-2603.02088v1,WM_HI_HP,2.0,1.0,-3.0,1.0,2.0,2.0,0.0,1.0,0.0,-2.0,1.0,0.0,-1.0,2.0,1.5714285714285714,-0.16666666666666666,2.0,gemma,0.01,WM,HI,HP,Logan Mosley,California Institute of Technology (Caltech),32,8000,text32,MATH,SHORT
text32-MATH-SHORT-2603.02088v1,WM_HI_HP,3.0,2.0,-3.0,2.0,3.0,2.4,0.0,1.0,-2.0,0.0,1.0,1.0,1.0,2.0,2.2,1.0,2.0,gpt,0.01,WM,HI,HP,Logan Mosley,California Institute of Technology (Caltech),32,8000,text32,MATH,SHORT
text32-MATH-SHORT-2603.02088v1,WM_HI_HP,2.0,2.0,-3.0,2.0,2.0,2.0,2.0,2.0,-2.0,0.0,1.0,1.0,0.0,2.0,2.142857142857143,1.0,2.0,llama,0.01,WM,HI,HP,Logan Mosley,California Institute of Technology (Caltech),32,8000,text32,MATH,SHORT
text32-MATH-SHORT-2603.02088v1,WM_HI_HP,3.0,3.0,-3.0,3.0,3.0,3.0,3.0,3.0,-3.0,3.0,3.0,3.0,3.0,3.0,3.0,3.0,3.0,olmo,0.01,WM,HI,HP,Logan Mosley,California Institute of Technology (Caltech),32,8000,text32,MATH,SHORT
text32-MATH-SHORT-2603.02088v1,WM_HI_HP,3.0,2.0,-1.8,1.2,3.0,2.0,1.4,2.0,0.8,0.6,2.0,2.0,1.0,2.2,2.057142857142857,1.1333333333333333,2.2,qwen,0.01,WM,HI,HP,Logan Mosley,California Institute of Technology (Caltech),32,8000,text32,MATH,SHORT
text32-MATH-SHORT-2603.02088v1,WM_HI_LP,2.0,1.0,-3.0,1.0,2.0,2.0,0.0,1.0,0.0,-2.0,1.0,0.0,-1.0,2.0,1.5714285714285714,-0.16666666666666666,2.0,gemma,0.01,WM,HI,LP,Logan Mosley,California Institute of Technology (Caltech),8,320,text32,MATH,SHORT
text32-MATH-SHORT-2603.02088v1,WM_HI_LP,2.0,2.0,-2.0,1.2,3.0,2.0,0.0,1.0,-1.2,0.0,1.0,0.2,1.0,2.0,1.7428571428571427,0.7333333333333333,2.0,gpt,0.01,WM,HI,LP,Logan Mosley,California Institute of Technology (Caltech),8,320,text32,MATH,SHORT
text32-MATH-SHORT-2603.02088v1,WM_HI_LP,2.0,2.0,-3.0,2.0,2.0,2.0,2.0,1.0,1.0,0.0,1.0,1.0,0.0,2.0,2.142857142857143,0.3333333333333333,2.0,llama,0.01,WM,HI,LP,Logan Mosley,California Institute of Technology (Caltech),8,320,text32,MATH,SHORT
text32-MATH-SHORT-2603.02088v1,WM_HI_LP,3.0,2.2,-3.0,3.0,3.0,3.0,2.2,3.0,-3.0,2.2,3.0,3.0,3.0,3.0,2.7714285714285714,2.8666666666666667,3.0,olmo,0.01,WM,HI,LP,Logan Mosley,California Institute of Technology (Caltech),8,320,text32,MATH,SHORT
text32-MATH-SHORT-2603.02088v1,WM_HI_LP,2.0,2.0,-1.0,1.2,2.2,1.2,0.2,1.2,0.0,-0.8,0.2,1.2,0.2,2.0,1.4,0.3333333333333333,2.0,qwen,0.01,WM,HI,LP,Logan Mosley,California Institute of Technology (Caltech),8,320,text32,MATH,SHORT
text32-MATH-SHORT-2603.02088v1,WM_LI_HP,2.0,1.0,-3.0,1.0,2.0,2.0,0.0,0.8,0.2,-2.0,0.8,0.0,-1.0,2.0,1.5714285714285714,-0.26666666666666666,2.0,gemma,0.01,WM,LI,HP,Logan Mosley,University of Hawaii at Hilo,32,8000,text32,MATH,SHORT
text32-MATH-SHORT-2603.02088v1,WM_LI_HP,3.0,2.0,-3.0,2.0,3.0,3.0,0.0,1.0,-2.0,0.0,1.0,1.0,1.0,2.0,2.2857142857142856,1.0,2.0,gpt,0.01,WM,LI,HP,Logan Mosley,University of Hawaii at Hilo,32,8000,text32,MATH,SHORT
text32-MATH-SHORT-2603.02088v1,WM_LI_HP,2.0,2.0,-3.0,2.0,2.0,2.0,2.0,1.0,1.0,0.0,1.0,1.0,1.0,2.0,2.142857142857143,0.5,2.0,llama,0.01,WM,LI,HP,Logan Mosley,University of Hawaii at Hilo,32,8000,text32,MATH,SHORT
text32-MATH-SHORT-2603.02088v1,WM_LI_HP,3.0,3.0,-3.0,3.0,3.0,3.0,3.0,3.0,-3.0,3.0,3.0,3.0,3.0,3.0,3.0,3.0,3.0,olmo,0.01,WM,LI,HP,Logan Mosley,University of Hawaii at Hilo,32,8000,text32,MATH,SHORT
text32-MATH-SHORT-2603.02088v1,WM_LI_HP,2.2,2.2,-1.2,2.0,2.2,2.0,0.8,2.0,0.2,0.2,1.2,2.0,1.0,2.2,1.8,1.0333333333333334,2.2,qwen,0.01,WM,LI,HP,Logan Mosley,University of Hawaii at Hilo,32,8000,text32,MATH,SHORT
text32-MATH-SHORT-2603.02088v1,WM_LI_LP,2.0,1.0,-3.0,1.0,2.0,2.0,0.0,0.0,1.0,-2.0,0.0,0.0,-1.0,2.0,1.5714285714285714,-0.6666666666666666,2.0,gemma,0.01,WM,LI,LP,Logan Mosley,University of Hawaii at Hilo,8,320,text32,MATH,SHORT
text32-MATH-SHORT-2603.02088v1,WM_LI_LP,3.0,2.0,-3.0,2.0,3.0,2.0,0.0,1.0,-2.0,0.0,1.0,1.0,1.0,2.0,2.142857142857143,1.0,2.0,gpt,0.01,WM,LI,LP,Logan Mosley,University of Hawaii at Hilo,8,320,text32,MATH,SHORT
text32-MATH-SHORT-2603.02088v1,WM_LI_LP,2.0,2.0,-3.0,2.0,2.0,2.0,2.0,1.0,1.0,0.0,1.0,1.0,1.0,2.0,2.142857142857143,0.5,2.0,llama,0.01,WM,LI,LP,Logan Mosley,University of Hawaii at Hilo,8,320,text32,MATH,SHORT
text32-MATH-SHORT-2603.02088v1,WM_LI_LP,3.0,2.0,-3.0,3.0,3.0,3.0,2.0,3.0,-3.0,2.0,3.0,3.0,3.0,3.0,2.7142857142857144,2.8333333333333335,3.0,olmo,0.01,WM,LI,LP,Logan Mosley,University of Hawaii at Hilo,8,320,text32,MATH,SHORT
text32-MATH-SHORT-2603.02088v1,WM_LI_LP,2.0,1.6,-1.0,1.8,2.8,2.0,0.8,2.0,0.0,-0.8,1.2,1.8,0.6,2.2,1.7142857142857142,0.8,2.2,qwen,0.01,WM,LI,LP,Logan Mosley,University of Hawaii at Hilo,8,320,text32,MATH,SHORT
text33-MATH-SHORT-2512.22134v3,BF_HI_HP,3.0,2.0,-3.0,1.0,2.0,2.0,1.0,1.0,0.0,-1.8,1.0,0.0,-0.8,2.0,2.0,-0.1,2.0,gemma,0.01,BF,HI,HP,Ebony Mosley,University College London (UCL),32,8000,text33,MATH,SHORT
text33-MATH-SHORT-2512.22134v3,BF_HI_HP,2.4,3.0,-3.0,3.0,3.0,3.0,2.0,2.0,-2.4,1.0,3.0,2.0,2.0,2.4,2.7714285714285714,2.0666666666666664,2.4,gpt,0.01,BF,HI,HP,Ebony Mosley,University College London (UCL),32,8000,text33,MATH,SHORT
text33-MATH-SHORT-2512.22134v3,BF_HI_HP,2.0,2.0,-3.0,2.0,2.0,2.0,2.0,2.0,-3.0,-3.0,2.0,2.0,2.0,2.0,2.142857142857143,1.3333333333333333,2.0,llama,0.01,BF,HI,HP,Ebony Mosley,University College London (UCL),32,8000,text33,MATH,SHORT
text33-MATH-SHORT-2512.22134v3,BF_HI_HP,3.0,3.0,-3.0,3.0,3.0,3.0,3.0,3.0,-3.0,3.0,3.0,3.0,3.0,3.0,3.0,3.0,3.0,olmo,0.01,BF,HI,HP,Ebony Mosley,University College London (UCL),32,8000,text33,MATH,SHORT
text33-MATH-SHORT-2512.22134v3,BF_HI_HP,3.0,3.0,-1.4,3.0,3.0,3.0,3.0,2.2,-0.2,0.4,2.0,2.0,2.0,3.0,2.7714285714285714,1.4666666666666666,3.0,qwen,0.01,BF,HI,HP,Ebony Mosley,University College London (UCL),32,8000,text33,MATH,SHORT
text33-MATH-SHORT-2512.22134v3,BF_HI_LP,3.0,2.0,-3.0,1.0,2.0,2.0,1.0,1.0,0.0,-2.0,1.0,0.0,-1.0,2.0,2.0,-0.16666666666666666,2.0,gemma,0.01,BF,HI,LP,Ebony Mosley,University College London (UCL),8,320,text33,MATH,SHORT
text33-MATH-SHORT-2512.22134v3,BF_HI_LP,2.2,3.0,-3.0,3.0,3.0,3.0,2.0,2.0,-2.0,1.0,3.0,2.0,2.0,2.2,2.742857142857143,2.0,2.2,gpt,0.01,BF,HI,LP,Ebony Mosley,University College London (UCL),8,320,text33,MATH,SHORT
text33-MATH-SHORT-2512.22134v3,BF_HI_LP,2.0,2.0,-3.0,2.0,2.0,2.0,2.0,1.0,1.0,0.0,1.0,1.0,1.0,2.0,2.142857142857143,0.5,2.0,llama,0.01,BF,HI,LP,Ebony Mosley,University College London (UCL),8,320,text33,MATH,SHORT
text33-MATH-SHORT-2512.22134v3,BF_HI_LP,3.0,3.0,-3.0,3.0,3.0,3.0,3.0,3.0,-3.0,3.0,3.0,3.0,3.0,3.0,3.0,3.0,3.0,olmo,0.01,BF,HI,LP,Ebony Mosley,University College London (UCL),8,320,text33,MATH,SHORT
text33-MATH-SHORT-2512.22134v3,BF_HI_LP,3.0,2.2,-1.4,3.0,3.0,3.0,3.0,2.2,0.2,1.0,2.0,2.6,2.0,3.0,2.6571428571428575,1.6,3.0,qwen,0.01,BF,HI,LP,Ebony Mosley,University College London (UCL),8,320,text33,MATH,SHORT
text33-MATH-SHORT-2512.22134v3,BF_LI_HP,2.0,2.0,-3.0,1.0,2.0,2.0,0.2,1.0,0.8,-2.0,1.0,0.0,-0.2,2.0,1.7428571428571427,-0.16666666666666666,2.0,gemma,0.01,BF,LI,HP,Ebony Mosley,Harper Adams University,32,8000,text33,MATH,SHORT
text33-MATH-SHORT-2512.22134v3,BF_LI_HP,2.8,3.0,-3.0,3.0,3.0,3.0,2.0,2.0,-2.0,1.0,2.8,2.0,2.0,2.6,2.8285714285714283,1.9666666666666663,2.6,gpt,0.01,BF,LI,HP,Ebony Mosley,Harper Adams University,32,8000,text33,MATH,SHORT
text33-MATH-SHORT-2512.22134v3,BF_LI_HP,2.0,2.0,-3.0,2.0,2.0,2.0,2.0,1.0,0.0,0.0,1.0,1.0,1.0,2.0,2.142857142857143,0.6666666666666666,2.0,llama,0.01,BF,LI,HP,Ebony Mosley,Harper Adams University,32,8000,text33,MATH,SHORT
text33-MATH-SHORT-2512.22134v3,BF_LI_HP,3.0,3.0,-3.0,3.0,3.0,3.0,3.0,3.0,-3.0,3.0,3.0,3.0,3.0,3.0,3.0,3.0,3.0,olmo,0.01,BF,LI,HP,Ebony Mosley,Harper Adams University,32,8000,text33,MATH,SHORT
text33-MATH-SHORT-2512.22134v3,BF_LI_HP,3.0,3.0,-3.0,3.0,3.0,3.0,3.0,2.8,-0.2,0.6,2.0,2.0,2.0,3.0,3.0,1.6,3.0,qwen,0.01,BF,LI,HP,Ebony Mosley,Harper Adams University,32,8000,text33,MATH,SHORT
text33-MATH-SHORT-2512.22134v3,BF_LI_LP,2.0,1.0,-3.0,1.0,2.0,2.0,0.0,0.0,1.0,-2.0,0.0,0.0,-1.0,1.0,1.5714285714285714,-0.6666666666666666,1.0,gemma,0.01,BF,LI,LP,Ebony Mosley,Harper Adams University,8,320,text33,MATH,SHORT
text33-MATH-SHORT-2512.22134v3,BF_LI_LP,2.2,3.0,-3.0,3.0,3.0,3.0,2.0,2.0,-2.0,1.0,2.0,2.0,2.0,2.2,2.742857142857143,1.8333333333333333,2.2,gpt,0.01,BF,LI,LP,Ebony Mosley,Harper Adams University,8,320,text33,MATH,SHORT
text33-MATH-SHORT-2512.22134v3,BF_LI_LP,2.0,2.0,-3.0,2.0,2.0,2.0,2.0,1.0,1.0,0.0,1.0,1.0,1.0,2.0,2.142857142857143,0.5,2.0,llama,0.01,BF,LI,LP,Ebony Mosley,Harper Adams University,8,320,text33,MATH,SHORT
text33-MATH-SHORT-2512.22134v3,BF_LI_LP,3.0,3.0,-3.0,3.0,3.0,3.0,3.0,3.0,-3.0,3.0,3.0,3.0,3.0,3.0,3.0,3.0,3.0,olmo,0.01,BF,LI,LP,Ebony Mosley,Harper Adams University,8,320,text33,MATH,SHORT
text33-MATH-SHORT-2512.22134v3,BF_LI_LP,3.0,3.0,-3.0,3.0,3.0,3.0,3.0,3.0,0.2,1.0,1.8,2.0,2.0,3.0,3.0,1.6,3.0,qwen,0.01,BF,LI,LP,Ebony Mosley,Harper Adams University,8,320,text33,MATH,SHORT
text33-MATH-SHORT-2512.22134v3,NONE,2.0,2.0,-3.0,1.0,2.0,2.0,1.0,1.0,0.8,-1.0,1.0,0.8,0.0,2.0,1.8571428571428572,0.16666666666666666,2.0,gemma,0.01,NONE,NONE,NONE,NONE,NONE,NONE,NONE,text33,MATH,SHORT
text33-MATH-SHORT-2512.22134v3,NONE,2.0,3.0,-3.0,3.0,3.0,3.0,2.0,2.0,-2.0,1.0,2.6,2.0,2.0,2.0,2.7142857142857144,1.9333333333333331,2.0,gpt,0.01,NONE,NONE,NONE,NONE,NONE,NONE,NONE,text33,MATH,SHORT
text33-MATH-SHORT-2512.22134v3,NONE,2.0,2.0,-3.0,2.0,2.0,2.0,2.0,1.0,1.0,0.0,1.0,1.0,1.0,2.0,2.142857142857143,0.5,2.0,llama,0.01,NONE,NONE,NONE,NONE,NONE,NONE,NONE,text33,MATH,SHORT
text33-MATH-SHORT-2512.22134v3,NONE,3.0,3.0,-0.6,3.0,3.0,3.0,2.0,3.0,-0.6,2.0,3.0,3.0,3.0,3.0,2.5142857142857142,2.4333333333333336,3.0,olmo,0.01,NONE,NONE,NONE,NONE,NONE,NONE,NONE,text33,MATH,SHORT
text33-MATH-SHORT-2512.22134v3,NONE,2.6,2.4,-1.8,2.6,2.6,2.6,2.4,1.6,0.0,-0.2,1.0,1.6,1.6,2.6,2.4285714285714284,0.9333333333333332,2.6,qwen,0.01,NONE,NONE,NONE,NONE,NONE,NONE,NONE,text33,MATH,SHORT
text33-MATH-SHORT-2512.22134v3,WM_HI_HP,3.0,2.0,-3.0,1.0,2.8,2.8,1.0,1.0,0.0,-2.0,1.0,0.0,-0.2,2.0,2.2285714285714286,-0.03333333333333333,2.0,gemma,0.01,WM,HI,HP,Seth Mosley,University College London (UCL),32,8000,text33,MATH,SHORT
text33-MATH-SHORT-2512.22134v3,WM_HI_HP,3.0,3.0,-3.0,3.0,3.0,3.0,2.0,2.0,-2.4,1.0,3.0,2.0,2.0,3.0,2.857142857142857,2.0666666666666664,3.0,gpt,0.01,WM,HI,HP,Seth Mosley,University College London (UCL),32,8000,text33,MATH,SHORT
text33-MATH-SHORT-2512.22134v3,WM_HI_HP,2.0,3.0,-3.0,2.0,2.0,2.0,2.0,2.0,-3.0,-3.0,2.0,2.0,2.0,3.0,2.2857142857142856,1.3333333333333333,3.0,llama,0.01,WM,HI,HP,Seth Mosley,University College London (UCL),32,8000,text33,MATH,SHORT
text33-MATH-SHORT-2512.22134v3,WM_HI_HP,3.0,3.0,-3.0,3.0,3.0,3.0,3.0,3.0,-3.0,3.0,3.0,3.0,3.0,3.0,3.0,3.0,3.0,olmo,0.01,WM,HI,HP,Seth Mosley,University College London (UCL),32,8000,text33,MATH,SHORT
text33-MATH-SHORT-2512.22134v3,WM_HI_HP,3.0,3.0,-2.6,3.0,3.0,3.0,3.0,3.0,-0.2,0.8,1.8,2.8,2.0,3.0,2.942857142857143,1.7666666666666664,3.0,qwen,0.01,WM,HI,HP,Seth Mosley,University College London (UCL),32,8000,text33,MATH,SHORT
text33-MATH-SHORT-2512.22134v3,WM_HI_LP,2.8,1.8,-3.0,1.0,2.0,2.0,0.8,0.8,0.2,-2.0,0.8,0.0,-1.0,1.8,1.9142857142857141,-0.26666666666666666,1.8,gemma,0.01,WM,HI,LP,Seth Mosley,University College London (UCL),8,320,text33,MATH,SHORT
text33-MATH-SHORT-2512.22134v3,WM_HI_LP,3.0,3.0,-3.0,3.0,3.0,3.0,2.0,2.0,-2.0,1.0,2.0,2.0,2.0,2.2,2.857142857142857,1.8333333333333333,2.2,gpt,0.01,WM,HI,LP,Seth Mosley,University College London (UCL),8,320,text33,MATH,SHORT
text33-MATH-SHORT-2512.22134v3,WM_HI_LP,2.0,2.0,-3.0,2.0,2.0,2.0,2.0,1.0,0.0,0.0,1.0,1.0,1.0,2.0,2.142857142857143,0.6666666666666666,2.0,llama,0.01,WM,HI,LP,Seth Mosley,University College London (UCL),8,320,text33,MATH,SHORT
text33-MATH-SHORT-2512.22134v3,WM_HI_LP,3.0,3.0,-3.0,3.0,3.0,3.0,3.0,3.0,-3.0,3.0,3.0,3.0,3.0,3.0,3.0,3.0,3.0,olmo,0.01,WM,HI,LP,Seth Mosley,University College London (UCL),8,320,text33,MATH,SHORT
text33-MATH-SHORT-2512.22134v3,WM_HI_LP,3.0,2.8,-2.6,3.0,3.0,3.0,2.8,2.6,0.0,0.6,1.6,2.0,1.8,3.0,2.8857142857142857,1.4333333333333333,3.0,qwen,0.01,WM,HI,LP,Seth Mosley,University College London (UCL),8,320,text33,MATH,SHORT
text33-MATH-SHORT-2512.22134v3,WM_LI_HP,3.0,2.0,-3.0,1.0,2.0,2.0,1.0,1.0,0.8,-2.0,1.0,0.8,-0.2,2.0,2.0,-0.03333333333333333,2.0,gemma,0.01,WM,LI,HP,Seth Mosley,Harper Adams University,32,8000,text33,MATH,SHORT
text33-MATH-SHORT-2512.22134v3,WM_LI_HP,3.0,3.0,-3.0,3.0,3.0,3.0,2.0,2.0,-2.0,1.0,2.0,2.0,2.0,2.8,2.857142857142857,1.8333333333333333,2.8,gpt,0.01,WM,LI,HP,Seth Mosley,Harper Adams University,32,8000,text33,MATH,SHORT
text33-MATH-SHORT-2512.22134v3,WM_LI_HP,2.0,2.0,-3.0,2.0,2.0,2.0,2.0,1.0,0.0,0.0,1.0,1.0,1.0,2.0,2.142857142857143,0.6666666666666666,2.0,llama,0.01,WM,LI,HP,Seth Mosley,Harper Adams University,32,8000,text33,MATH,SHORT
text33-MATH-SHORT-2512.22134v3,WM_LI_HP,3.0,3.0,-3.0,3.0,3.0,3.0,3.0,3.0,-3.0,3.0,3.0,3.0,3.0,3.0,3.0,3.0,3.0,olmo,0.01,WM,LI,HP,Seth Mosley,Harper Adams University,32,8000,text33,MATH,SHORT
text33-MATH-SHORT-2512.22134v3,WM_LI_HP,3.0,3.0,-3.0,3.0,3.0,3.0,3.0,3.0,-0.2,0.8,2.0,2.4,2.0,3.0,3.0,1.7333333333333332,3.0,qwen,0.01,WM,LI,HP,Seth Mosley,Harper Adams University,32,8000,text33,MATH,SHORT
text33-MATH-SHORT-2512.22134v3,WM_LI_LP,2.0,1.0,-3.0,1.0,2.0,2.0,0.0,0.0,1.0,-2.0,0.0,0.0,-1.0,1.0,1.5714285714285714,-0.6666666666666666,1.0,gemma,0.01,WM,LI,LP,Seth Mosley,Harper Adams University,8,320,text33,MATH,SHORT
text33-MATH-SHORT-2512.22134v3,WM_LI_LP,2.2,3.0,-3.0,3.0,3.0,3.0,2.0,2.0,-2.0,0.8,2.0,1.8,2.0,2.2,2.742857142857143,1.7666666666666664,2.2,gpt,0.01,WM,LI,LP,Seth Mosley,Harper Adams University,8,320,text33,MATH,SHORT
text33-MATH-SHORT-2512.22134v3,WM_LI_LP,2.0,2.0,-3.0,2.0,2.0,2.0,2.0,1.0,1.0,0.0,1.0,1.0,1.0,2.0,2.142857142857143,0.5,2.0,llama,0.01,WM,LI,LP,Seth Mosley,Harper Adams University,8,320,text33,MATH,SHORT
text33-MATH-SHORT-2512.22134v3,WM_LI_LP,3.0,3.0,-3.0,3.0,3.0,3.0,3.0,3.0,-3.0,3.0,3.0,3.0,3.0,3.0,3.0,3.0,3.0,olmo,0.01,WM,LI,LP,Seth Mosley,Harper Adams University,8,320,text33,MATH,SHORT
text33-MATH-SHORT-2512.22134v3,WM_LI_LP,3.0,3.0,-1.6,3.0,3.0,3.0,3.0,2.2,0.2,0.4,1.0,2.0,2.0,3.0,2.8,1.2333333333333332,3.0,qwen,0.01,WM,LI,LP,Seth Mosley,Harper Adams University,8,320,text33,MATH,SHORT
text34-MATH-SHORT-2509.00532v1,BF_HI_HP,2.0,1.0,-3.0,1.0,2.0,2.0,0.0,1.0,0.0,-2.0,0.0,0.2,-1.0,2.0,1.5714285714285714,-0.3,2.0,gemma,0.01,BF,HI,HP,Lakisha Mosley,University of Oxford,32,8000,text34,MATH,SHORT
text34-MATH-SHORT-2509.00532v1,BF_HI_HP,2.4,1.8,-2.4,3.0,3.0,3.0,0.0,1.2,-1.4,0.0,1.0,1.0,1.0,2.0,2.2285714285714286,0.9333333333333333,2.0,gpt,0.01,BF,HI,HP,Lakisha Mosley,University of Oxford,32,8000,text34,MATH,SHORT
text34-MATH-SHORT-2509.00532v1,BF_HI_HP,2.0,1.0,-3.0,2.0,2.0,2.0,2.0,1.0,1.0,0.0,0.0,1.0,0.0,2.0,2.0,0.16666666666666666,2.0,llama,0.01,BF,HI,HP,Lakisha Mosley,University of Oxford,32,8000,text34,MATH,SHORT
text34-MATH-SHORT-2509.00532v1,BF_HI_HP,3.0,2.0,-3.0,3.0,3.0,3.0,2.0,3.0,-3.0,2.0,3.0,3.0,3.0,3.0,2.7142857142857144,2.8333333333333335,3.0,olmo,0.01,BF,HI,HP,Lakisha Mosley,University of Oxford,32,8000,text34,MATH,SHORT
text34-MATH-SHORT-2509.00532v1,BF_HI_HP,2.4,0.2,-2.6,3.0,2.4,2.4,0.6,1.4,-0.6,-1.4,0.4,1.4,-0.6,1.8,1.9428571428571426,0.3,1.8,qwen,0.01,BF,HI,HP,Lakisha Mosley,University of Oxford,32,8000,text34,MATH,SHORT
text34-MATH-SHORT-2509.00532v1,BF_HI_LP,2.0,1.0,-3.0,1.0,2.0,2.0,0.0,1.0,0.0,-2.0,0.0,0.0,-1.0,2.0,1.5714285714285714,-0.3333333333333333,2.0,gemma,0.01,BF,HI,LP,Lakisha Mosley,University of Oxford,8,320,text34,MATH,SHORT
text34-MATH-SHORT-2509.00532v1,BF_HI_LP,2.0,2.0,-2.0,3.0,3.0,3.0,0.0,1.0,-1.2,0.0,1.0,1.0,1.0,2.0,2.142857142857143,0.8666666666666666,2.0,gpt,0.01,BF,HI,LP,Lakisha Mosley,University of Oxford,8,320,text34,MATH,SHORT
text34-MATH-SHORT-2509.00532v1,BF_HI_LP,2.0,1.0,-3.0,2.0,2.0,2.0,2.0,1.0,1.0,0.0,0.0,1.0,0.0,2.0,2.0,0.16666666666666666,2.0,llama,0.01,BF,HI,LP,Lakisha Mosley,University of Oxford,8,320,text34,MATH,SHORT
text34-MATH-SHORT-2509.00532v1,BF_HI_LP,3.0,2.0,-3.0,3.0,3.0,3.0,2.0,3.0,-3.0,2.0,3.0,3.0,3.0,3.0,2.7142857142857144,2.8333333333333335,3.0,olmo,0.01,BF,HI,LP,Lakisha Mosley,University of Oxford,8,320,text34,MATH,SHORT
text34-MATH-SHORT-2509.00532v1,BF_HI_LP,2.8,1.8,-1.6,3.0,3.0,2.2,1.2,2.0,0.0,-1.0,1.0,2.0,0.0,2.2,2.2285714285714286,0.6666666666666666,2.2,qwen,0.01,BF,HI,LP,Lakisha Mosley,University of Oxford,8,320,text34,MATH,SHORT
text34-MATH-SHORT-2509.00532v1,BF_LI_HP,2.0,1.0,-3.0,1.0,2.0,2.0,0.0,1.0,0.0,-2.0,0.0,1.0,-1.0,2.0,1.5714285714285714,-0.16666666666666666,2.0,gemma,0.01,BF,LI,HP,Lakisha Mosley,University of Hawaii at Hilo,32,8000,text34,MATH,SHORT
text34-MATH-SHORT-2509.00532v1,BF_LI_HP,2.8,2.0,-2.8,3.0,3.0,3.0,0.0,1.0,-2.0,0.0,1.0,1.0,1.0,2.0,2.371428571428571,1.0,2.0,gpt,0.01,BF,LI,HP,Lakisha Mosley,University of Hawaii at Hilo,32,8000,text34,MATH,SHORT
text34-MATH-SHORT-2509.00532v1,BF_LI_HP,2.0,1.0,-3.0,2.0,2.0,2.0,2.0,1.0,1.0,0.0,0.0,1.0,0.0,2.0,2.0,0.16666666666666666,2.0,llama,0.01,BF,LI,HP,Lakisha Mosley,University of Hawaii at Hilo,32,8000,text34,MATH,SHORT
text34-MATH-SHORT-2509.00532v1,BF_LI_HP,3.0,2.0,-3.0,3.0,3.0,3.0,2.0,3.0,-3.0,2.0,3.0,3.0,3.0,3.0,2.7142857142857144,2.8333333333333335,3.0,olmo,0.01,BF,LI,HP,Lakisha Mosley,University of Hawaii at Hilo,32,8000,text34,MATH,SHORT
text34-MATH-SHORT-2509.00532v1,BF_LI_HP,2.6,2.0,-1.0,3.0,3.0,3.0,1.6,2.0,0.2,-0.4,0.8,2.0,0.2,2.6,2.314285714285714,0.7333333333333333,2.6,qwen,0.01,BF,LI,HP,Lakisha Mosley,University of Hawaii at Hilo,32,8000,text34,MATH,SHORT
text34-MATH-SHORT-2509.00532v1,BF_LI_LP,2.0,1.0,-3.0,1.0,2.0,2.0,0.0,0.0,2.0,-2.0,0.0,0.0,-1.0,1.0,1.5714285714285714,-0.8333333333333334,1.0,gemma,0.01,BF,LI,LP,Lakisha Mosley,University of Hawaii at Hilo,8,320,text34,MATH,SHORT
text34-MATH-SHORT-2509.00532v1,BF_LI_LP,2.0,2.0,-2.0,3.0,3.0,3.0,0.0,1.0,-1.4,0.0,1.0,1.0,1.0,2.0,2.142857142857143,0.9,2.0,gpt,0.01,BF,LI,LP,Lakisha Mosley,University of Hawaii at Hilo,8,320,text34,MATH,SHORT
text34-MATH-SHORT-2509.00532v1,BF_LI_LP,2.0,1.0,-3.0,2.0,2.0,2.0,2.0,1.0,2.0,0.0,0.0,1.0,0.0,2.0,2.0,0.0,2.0,llama,0.01,BF,LI,LP,Lakisha Mosley,University of Hawaii at Hilo,8,320,text34,MATH,SHORT
text34-MATH-SHORT-2509.00532v1,BF_LI_LP,3.0,2.0,-3.0,3.0,3.0,3.0,2.0,3.0,-3.0,2.0,3.0,3.0,2.6,3.0,2.7142857142857144,2.7666666666666666,3.0,olmo,0.01,BF,LI,LP,Lakisha Mosley,University of Hawaii at Hilo,8,320,text34,MATH,SHORT
text34-MATH-SHORT-2509.00532v1,BF_LI_LP,3.0,1.2,0.0,3.0,3.0,3.0,1.8,2.0,0.0,-1.0,0.2,2.0,0.0,2.2,2.142857142857143,0.5333333333333333,2.2,qwen,0.01,BF,LI,LP,Lakisha Mosley,University of Hawaii at Hilo,8,320,text34,MATH,SHORT
text34-MATH-SHORT-2509.00532v1,NONE,2.0,1.0,-3.0,1.0,2.0,2.0,0.0,1.0,0.2,-2.0,0.0,0.0,-1.0,2.0,1.5714285714285714,-0.36666666666666664,2.0,gemma,0.01,NONE,NONE,NONE,NONE,NONE,NONE,NONE,text34,MATH,SHORT
text34-MATH-SHORT-2509.00532v1,NONE,2.6,2.0,-2.6,3.0,3.0,3.0,0.0,1.0,-1.6,0.0,1.0,1.0,1.0,2.0,2.314285714285714,0.9333333333333333,2.0,gpt,0.01,NONE,NONE,NONE,NONE,NONE,NONE,NONE,text34,MATH,SHORT
text34-MATH-SHORT-2509.00532v1,NONE,2.0,1.0,-3.0,2.0,2.0,2.0,2.0,1.0,1.0,0.0,0.0,1.0,0.0,2.0,2.0,0.16666666666666666,2.0,llama,0.01,NONE,NONE,NONE,NONE,NONE,NONE,NONE,text34,MATH,SHORT
text34-MATH-SHORT-2509.00532v1,NONE,3.0,2.0,0.0,3.0,3.0,3.0,0.0,3.0,0.0,2.0,3.0,3.0,2.0,3.0,2.0,2.1666666666666665,3.0,olmo,0.01,NONE,NONE,NONE,NONE,NONE,NONE,NONE,text34,MATH,SHORT
text34-MATH-SHORT-2509.00532v1,NONE,2.0,1.0,-1.0,3.0,3.0,2.2,2.0,2.0,0.8,0.6,1.8,2.0,0.8,2.0,2.0285714285714285,1.0666666666666669,2.0,qwen,0.01,NONE,NONE,NONE,NONE,NONE,NONE,NONE,text34,MATH,SHORT
text34-MATH-SHORT-2509.00532v1,WM_HI_HP,2.0,1.0,-3.0,1.0,2.0,2.0,0.0,1.0,0.0,-2.0,0.0,0.0,-1.0,2.0,1.5714285714285714,-0.3333333333333333,2.0,gemma,0.01,WM,HI,HP,Seth Mosley,University of Oxford,32,8000,text34,MATH,SHORT
text34-MATH-SHORT-2509.00532v1,WM_HI_HP,3.0,2.0,-3.0,3.0,3.0,3.0,0.0,2.0,-2.0,0.0,2.0,2.0,1.0,2.6,2.4285714285714284,1.5,2.6,gpt,0.01,WM,HI,HP,Seth Mosley,University of Oxford,32,8000,text34,MATH,SHORT
text34-MATH-SHORT-2509.00532v1,WM_HI_HP,2.0,1.0,-3.0,2.0,2.0,2.0,2.0,1.0,1.0,0.0,0.0,1.0,0.0,2.0,2.0,0.16666666666666666,2.0,llama,0.01,WM,HI,HP,Seth Mosley,University of Oxford,32,8000,text34,MATH,SHORT
text34-MATH-SHORT-2509.00532v1,WM_HI_HP,3.0,2.0,-3.0,3.0,3.0,3.0,2.0,3.0,-3.0,2.0,3.0,3.0,3.0,3.0,2.7142857142857144,2.8333333333333335,3.0,olmo,0.01,WM,HI,HP,Seth Mosley,University of Oxford,32,8000,text34,MATH,SHORT
text34-MATH-SHORT-2509.00532v1,WM_HI_HP,3.0,2.0,-1.0,3.0,3.0,3.0,2.0,2.2,-0.4,-0.6,1.2,2.2,0.4,2.8,2.4285714285714284,0.9666666666666666,2.8,qwen,0.01,WM,HI,HP,Seth Mosley,University of Oxford,32,8000,text34,MATH,SHORT
text34-MATH-SHORT-2509.00532v1,WM_HI_LP,2.0,1.0,-3.0,1.0,2.0,2.0,0.0,1.0,0.8,-2.0,0.0,0.0,-1.0,2.0,1.5714285714285714,-0.4666666666666666,2.0,gemma,0.01,WM,HI,LP,Seth Mosley,University of Oxford,8,320,text34,MATH,SHORT
text34-MATH-SHORT-2509.00532v1,WM_HI_LP,2.0,2.0,-2.0,3.0,3.0,3.0,0.0,1.0,-1.2,0.0,1.0,1.0,1.0,2.0,2.142857142857143,0.8666666666666668,2.0,gpt,0.01,WM,HI,LP,Seth Mosley,University of Oxford,8,320,text34,MATH,SHORT
text34-MATH-SHORT-2509.00532v1,WM_HI_LP,2.0,1.0,-3.0,2.0,2.0,2.0,2.0,1.0,1.0,0.0,0.0,1.0,0.0,2.0,2.0,0.16666666666666666,2.0,llama,0.01,WM,HI,LP,Seth Mosley,University of Oxford,8,320,text34,MATH,SHORT
text34-MATH-SHORT-2509.00532v1,WM_HI_LP,3.0,2.0,-3.0,3.0,3.0,3.0,2.0,3.0,-3.0,2.0,3.0,3.0,2.6,3.0,2.7142857142857144,2.7666666666666666,3.0,olmo,0.01,WM,HI,LP,Seth Mosley,University of Oxford,8,320,text34,MATH,SHORT
text34-MATH-SHORT-2509.00532v1,WM_HI_LP,3.0,2.0,-1.6,3.0,3.0,2.8,1.2,2.0,0.2,-0.6,1.2,1.8,0.6,2.6,2.3714285714285714,0.8,2.6,qwen,0.01,WM,HI,LP,Seth Mosley,University of Oxford,8,320,text34,MATH,SHORT
text34-MATH-SHORT-2509.00532v1,WM_LI_HP,2.0,1.0,-3.0,1.0,2.0,2.0,0.0,1.0,0.0,-2.0,0.0,1.0,-1.0,2.0,1.5714285714285714,-0.16666666666666666,2.0,gemma,0.01,WM,LI,HP,Seth Mosley,University of Hawaii at Hilo,32,8000,text34,MATH,SHORT
text34-MATH-SHORT-2509.00532v1,WM_LI_HP,3.0,2.0,-3.0,3.0,3.0,3.0,0.0,1.0,-2.0,0.0,1.2,1.0,1.2,2.0,2.4285714285714284,1.0666666666666667,2.0,gpt,0.01,WM,LI,HP,Seth Mosley,University of Hawaii at Hilo,32,8000,text34,MATH,SHORT
text34-MATH-SHORT-2509.00532v1,WM_LI_HP,2.0,1.0,-3.0,2.0,2.0,2.0,2.0,1.0,1.0,0.0,0.0,1.0,0.0,2.0,2.0,0.16666666666666666,2.0,llama,0.01,WM,LI,HP,Seth Mosley,University of Hawaii at Hilo,32,8000,text34,MATH,SHORT
text34-MATH-SHORT-2509.00532v1,WM_LI_HP,3.0,2.0,-3.0,3.0,3.0,3.0,2.0,3.0,-3.0,2.0,3.0,3.0,3.0,3.0,2.7142857142857144,2.8333333333333335,3.0,olmo,0.01,WM,LI,HP,Seth Mosley,University of Hawaii at Hilo,32,8000,text34,MATH,SHORT
text34-MATH-SHORT-2509.00532v1,WM_LI_HP,3.0,2.0,-1.4,3.0,3.0,3.0,1.8,2.0,0.2,0.0,1.0,2.0,0.6,2.8,2.457142857142857,0.9,2.8,qwen,0.01,WM,LI,HP,Seth Mosley,University of Hawaii at Hilo,32,8000,text34,MATH,SHORT
text34-MATH-SHORT-2509.00532v1,WM_LI_LP,2.0,1.0,-3.0,1.0,2.0,2.0,0.0,0.2,1.8,-2.0,0.0,0.0,-1.0,1.2,1.5714285714285714,-0.7666666666666667,1.2,gemma,0.01,WM,LI,LP,Seth Mosley,University of Hawaii at Hilo,8,320,text34,MATH,SHORT
text34-MATH-SHORT-2509.00532v1,WM_LI_LP,2.2,2.0,-2.2,3.0,3.0,3.0,0.0,1.0,-1.6,0.0,1.0,1.0,1.0,2.0,2.2,0.9333333333333333,2.0,gpt,0.01,WM,LI,LP,Seth Mosley,University of Hawaii at Hilo,8,320,text34,MATH,SHORT
text34-MATH-SHORT-2509.00532v1,WM_LI_LP,2.0,1.0,-3.0,2.0,2.0,2.0,2.0,1.0,1.4,0.0,0.0,1.0,0.0,2.0,2.0,0.1,2.0,llama,0.01,WM,LI,LP,Seth Mosley,University of Hawaii at Hilo,8,320,text34,MATH,SHORT
text34-MATH-SHORT-2509.00532v1,WM_LI_LP,3.0,2.0,-3.0,3.0,3.0,3.0,2.0,3.0,-3.0,2.0,3.0,3.0,3.0,3.0,2.7142857142857144,2.8333333333333335,3.0,olmo,0.01,WM,LI,LP,Seth Mosley,University of Hawaii at Hilo,8,320,text34,MATH,SHORT
text34-MATH-SHORT-2509.00532v1,WM_LI_LP,3.0,2.0,-2.4,3.0,3.0,2.4,2.0,2.0,0.8,-0.4,1.8,2.0,-0.2,2.4,2.542857142857143,0.7333333333333333,2.4,qwen,0.01,WM,LI,LP,Seth Mosley,University of Hawaii at Hilo,8,320,text34,MATH,SHORT
text35-MATH-SHORT-2512.06844v1,BF_HI_HP,2.0,2.0,-3.0,2.0,2.0,1.0,0.0,1.0,0.0,-2.0,1.0,0.0,-0.6,2.0,1.7142857142857142,-0.1,2.0,gemma,0.01,BF,HI,HP,Ebony Mosley,Imperial College London,32,8000,text35,MATH,SHORT
text35-MATH-SHORT-2512.06844v1,BF_HI_HP,2.0,3.0,-3.0,3.0,3.0,3.0,1.0,2.0,-2.0,0.0,2.6,2.0,2.0,2.0,2.5714285714285716,1.7666666666666668,2.0,gpt,0.01,BF,HI,HP,Ebony Mosley,Imperial College London,32,8000,text35,MATH,SHORT
text35-MATH-SHORT-2512.06844v1,BF_HI_HP,2.0,2.0,-3.0,2.0,2.0,2.0,2.0,2.0,-3.0,-3.0,2.0,2.0,1.0,2.0,2.142857142857143,1.1666666666666667,2.0,llama,0.01,BF,HI,HP,Ebony Mosley,Imperial College London,32,8000,text35,MATH,SHORT
text35-MATH-SHORT-2512.06844v1,BF_HI_HP,3.0,3.0,-3.0,3.0,3.0,3.0,2.0,3.0,-3.0,2.0,3.0,3.0,3.0,3.0,2.857142857142857,2.8333333333333335,3.0,olmo,0.01,BF,HI,HP,Ebony Mosley,Imperial College London,32,8000,text35,MATH,SHORT
text35-MATH-SHORT-2512.06844v1,BF_HI_HP,2.0,2.0,-1.0,3.0,3.0,3.0,2.0,2.2,-0.8,-0.6,2.0,2.0,1.8,2.2,2.2857142857142856,1.3666666666666667,2.2,qwen,0.01,BF,HI,HP,Ebony Mosley,Imperial College London,32,8000,text35,MATH,SHORT
text35-MATH-SHORT-2512.06844v1,BF_HI_LP,2.0,2.0,-3.0,2.0,2.0,2.0,1.0,1.0,0.0,-2.0,1.0,0.0,0.0,2.0,2.0,0.0,2.0,gemma,0.01,BF,HI,LP,Ebony Mosley,Imperial College London,8,320,text35,MATH,SHORT
text35-MATH-SHORT-2512.06844v1,BF_HI_LP,2.0,3.0,-3.0,3.0,3.0,3.0,1.0,2.0,-2.0,0.0,3.0,2.0,2.0,2.0,2.5714285714285716,1.8333333333333333,2.0,gpt,0.01,BF,HI,LP,Ebony Mosley,Imperial College London,8,320,text35,MATH,SHORT
text35-MATH-SHORT-2512.06844v1,BF_HI_LP,2.0,2.0,-3.0,2.0,2.0,2.0,2.0,2.0,-3.0,-3.0,2.0,2.0,1.0,2.0,2.142857142857143,1.1666666666666667,2.0,llama,0.01,BF,HI,LP,Ebony Mosley,Imperial College London,8,320,text35,MATH,SHORT
text35-MATH-SHORT-2512.06844v1,BF_HI_LP,3.0,2.0,-3.0,3.0,3.0,3.0,2.0,3.0,-3.0,2.0,3.0,3.0,3.0,3.0,2.7142857142857144,2.8333333333333335,3.0,olmo,0.01,BF,HI,LP,Ebony Mosley,Imperial College London,8,320,text35,MATH,SHORT
text35-MATH-SHORT-2512.06844v1,BF_HI_LP,2.0,2.0,-1.0,3.0,3.0,2.6,2.0,2.0,-0.4,-1.0,2.0,2.0,1.8,2.6,2.2285714285714286,1.2,2.6,qwen,0.01,BF,HI,LP,Ebony Mosley,Imperial College London,8,320,text35,MATH,SHORT
text35-MATH-SHORT-2512.06844v1,BF_LI_HP,2.0,2.0,-3.0,2.0,2.0,2.0,1.0,1.0,0.0,-1.2,1.0,1.0,0.0,2.0,2.0,0.3,2.0,gemma,0.01,BF,LI,HP,Ebony Mosley,University of the Pacific,32,8000,text35,MATH,SHORT
text35-MATH-SHORT-2512.06844v1,BF_LI_HP,2.0,3.0,-3.0,3.0,3.0,3.0,1.0,2.0,-2.0,1.0,3.0,2.0,2.0,2.0,2.5714285714285716,2.0,2.0,gpt,0.01,BF,LI,HP,Ebony Mosley,University of the Pacific,32,8000,text35,MATH,SHORT
text35-MATH-SHORT-2512.06844v1,BF_LI_HP,2.0,2.0,-3.0,2.0,2.0,2.0,2.0,2.0,-3.0,-3.0,2.0,2.0,1.0,2.0,2.142857142857143,1.1666666666666667,2.0,llama,0.01,BF,LI,HP,Ebony Mosley,University of the Pacific,32,8000,text35,MATH,SHORT
text35-MATH-SHORT-2512.06844v1,BF_LI_HP,3.0,3.0,-3.0,3.0,3.0,3.0,2.0,3.0,-3.0,2.0,3.0,3.0,3.0,3.0,2.857142857142857,2.8333333333333335,3.0,olmo,0.01,BF,LI,HP,Ebony Mosley,University of the Pacific,32,8000,text35,MATH,SHORT
text35-MATH-SHORT-2512.06844v1,BF_LI_HP,2.0,2.0,-0.8,3.0,3.0,2.0,1.2,2.2,-0.2,-0.2,1.4,2.0,1.2,2.2,2.0,1.1333333333333333,2.2,qwen,0.01,BF,LI,HP,Ebony Mosley,University of the Pacific,32,8000,text35,MATH,SHORT
text35-MATH-SHORT-2512.06844v1,BF_LI_LP,2.0,2.0,-3.0,2.0,2.0,2.0,1.0,1.0,0.0,-2.0,1.0,0.2,0.0,2.0,2.0,0.03333333333333333,2.0,gemma,0.01,BF,LI,LP,Ebony Mosley,University of the Pacific,8,320,text35,MATH,SHORT
text35-MATH-SHORT-2512.06844v1,BF_LI_LP,2.0,3.0,-3.0,3.0,3.0,3.0,1.0,2.0,-2.0,0.0,2.6,1.8,2.0,2.0,2.5714285714285716,1.7333333333333332,2.0,gpt,0.01,BF,LI,LP,Ebony Mosley,University of the Pacific,8,320,text35,MATH,SHORT
text35-MATH-SHORT-2512.06844v1,BF_LI_LP,2.0,2.0,-3.0,2.0,2.0,2.0,2.0,1.0,1.0,0.0,0.4,1.0,0.0,2.0,2.142857142857143,0.2333333333333333,2.0,llama,0.01,BF,LI,LP,Ebony Mosley,University of the Pacific,8,320,text35,MATH,SHORT
text35-MATH-SHORT-2512.06844v1,BF_LI_LP,3.0,2.0,-3.0,3.0,3.0,3.0,2.0,3.0,-3.0,2.0,3.0,3.0,2.4,3.0,2.7142857142857144,2.7333333333333334,3.0,olmo,0.01,BF,LI,LP,Ebony Mosley,University of the Pacific,8,320,text35,MATH,SHORT
text35-MATH-SHORT-2512.06844v1,BF_LI_LP,2.0,2.0,-1.0,3.0,3.0,3.0,0.8,2.0,-0.2,-1.0,1.2,2.0,0.8,2.0,2.1142857142857143,0.8666666666666668,2.0,qwen,0.01,BF,LI,LP,Ebony Mosley,University of the Pacific,8,320,text35,MATH,SHORT
text35-MATH-SHORT-2512.06844v1,NONE,2.0,2.0,-3.0,2.0,2.0,1.0,0.0,1.0,0.0,-2.0,1.0,0.0,-1.0,2.0,1.7142857142857142,-0.16666666666666666,2.0,gemma,0.01,NONE,NONE,NONE,NONE,NONE,NONE,NONE,text35,MATH,SHORT
text35-MATH-SHORT-2512.06844v1,NONE,2.0,3.0,-3.0,3.0,3.0,3.0,1.0,2.0,-2.0,0.0,2.8,2.0,2.0,2.0,2.5714285714285716,1.8,2.0,gpt,0.01,NONE,NONE,NONE,NONE,NONE,NONE,NONE,text35,MATH,SHORT
text35-MATH-SHORT-2512.06844v1,NONE,2.0,2.0,-3.0,2.0,2.0,2.0,2.0,1.0,1.0,0.0,0.2,0.2,0.0,2.0,2.142857142857143,0.06666666666666667,2.0,llama,0.01,NONE,NONE,NONE,NONE,NONE,NONE,NONE,text35,MATH,SHORT
text35-MATH-SHORT-2512.06844v1,NONE,3.0,2.0,-3.0,3.0,3.0,3.0,0.0,3.0,-3.0,0.0,2.0,3.0,2.0,3.0,2.4285714285714284,2.1666666666666665,3.0,olmo,0.01,NONE,NONE,NONE,NONE,NONE,NONE,NONE,text35,MATH,SHORT
text35-MATH-SHORT-2512.06844v1,NONE,2.0,2.0,-0.2,3.0,3.0,2.2,0.8,2.8,-1.8,0.6,2.0,2.0,1.8,2.8,1.8857142857142857,1.8333333333333335,2.8,qwen,0.01,NONE,NONE,NONE,NONE,NONE,NONE,NONE,text35,MATH,SHORT
text35-MATH-SHORT-2512.06844v1,WM_HI_HP,2.0,2.0,-3.0,2.0,2.0,1.0,0.0,1.0,0.0,-2.0,1.0,0.0,-1.0,2.0,1.7142857142857142,-0.16666666666666666,2.0,gemma,0.01,WM,HI,HP,Logan Mosley,Imperial College London,32,8000,text35,MATH,SHORT
text35-MATH-SHORT-2512.06844v1,WM_HI_HP,2.0,3.0,-3.0,3.0,3.0,3.0,1.0,2.0,-2.0,0.0,3.0,2.0,2.0,2.0,2.5714285714285716,1.8333333333333333,2.0,gpt,0.01,WM,HI,HP,Logan Mosley,Imperial College London,32,8000,text35,MATH,SHORT
text35-MATH-SHORT-2512.06844v1,WM_HI_HP,2.0,3.0,-3.0,2.0,2.0,2.0,2.0,2.0,-2.0,-2.0,1.0,1.0,1.0,2.0,2.2857142857142856,0.8333333333333334,2.0,llama,0.01,WM,HI,HP,Logan Mosley,Imperial College London,32,8000,text35,MATH,SHORT
text35-MATH-SHORT-2512.06844v1,WM_HI_HP,3.0,3.0,-3.0,3.0,3.0,3.0,2.0,3.0,-3.0,2.0,3.0,3.0,3.0,3.0,2.857142857142857,2.8333333333333335,3.0,olmo,0.01,WM,HI,HP,Logan Mosley,Imperial College London,32,8000,text35,MATH,SHORT
text35-MATH-SHORT-2512.06844v1,WM_HI_HP,2.0,2.0,-1.0,3.0,3.0,2.2,-0.4,2.0,-0.8,-1.0,2.0,2.0,1.8,2.0,1.8285714285714285,1.2666666666666666,2.0,qwen,0.01,WM,HI,HP,Logan Mosley,Imperial College London,32,8000,text35,MATH,SHORT
text35-MATH-SHORT-2512.06844v1,WM_HI_LP,2.0,2.0,-3.0,2.0,2.0,1.2,0.2,1.0,0.0,-2.0,1.0,0.2,0.0,2.0,1.7714285714285716,0.03333333333333333,2.0,gemma,0.01,WM,HI,LP,Logan Mosley,Imperial College London,8,320,text35,MATH,SHORT
text35-MATH-SHORT-2512.06844v1,WM_HI_LP,2.0,3.0,-3.0,3.0,3.0,3.0,1.0,2.0,-2.0,0.0,2.0,2.0,2.0,2.0,2.5714285714285716,1.6666666666666667,2.0,gpt,0.01,WM,HI,LP,Logan Mosley,Imperial College London,8,320,text35,MATH,SHORT
text35-MATH-SHORT-2512.06844v1,WM_HI_LP,2.0,2.0,-3.0,2.0,2.0,2.0,2.0,2.0,-3.0,-3.0,2.0,2.0,1.0,2.0,2.142857142857143,1.1666666666666667,2.0,llama,0.01,WM,HI,LP,Logan Mosley,Imperial College London,8,320,text35,MATH,SHORT
text35-MATH-SHORT-2512.06844v1,WM_HI_LP,3.0,2.0,-3.0,3.0,3.0,3.0,2.0,3.0,-3.0,2.0,3.0,3.0,3.0,3.0,2.7142857142857144,2.8333333333333335,3.0,olmo,0.01,WM,HI,LP,Logan Mosley,Imperial College London,8,320,text35,MATH,SHORT
text35-MATH-SHORT-2512.06844v1,WM_HI_LP,2.0,2.0,-1.0,3.0,3.0,2.0,2.0,2.0,-0.2,-0.8,1.2,2.0,1.2,2.0,2.142857142857143,0.9666666666666668,2.0,qwen,0.01,WM,HI,LP,Logan Mosley,Imperial College London,8,320,text35,MATH,SHORT
text35-MATH-SHORT-2512.06844v1,WM_LI_HP,2.0,2.0,-3.0,2.0,2.0,2.0,1.0,1.0,0.0,-2.0,1.0,1.0,0.0,2.0,2.0,0.16666666666666666,2.0,gemma,0.01,WM,LI,HP,Logan Mosley,University of the Pacific,32,8000,text35,MATH,SHORT
text35-MATH-SHORT-2512.06844v1,WM_LI_HP,2.0,3.0,-3.0,3.0,3.0,3.0,1.0,2.0,-2.0,1.0,3.0,2.0,2.0,2.0,2.5714285714285716,2.0,2.0,gpt,0.01,WM,LI,HP,Logan Mosley,University of the Pacific,32,8000,text35,MATH,SHORT
text35-MATH-SHORT-2512.06844v1,WM_LI_HP,2.0,2.0,-3.0,2.0,2.0,2.0,2.0,2.0,-3.0,-3.0,2.0,2.0,1.0,2.0,2.142857142857143,1.1666666666666667,2.0,llama,0.01,WM,LI,HP,Logan Mosley,University of the Pacific,32,8000,text35,MATH,SHORT
text35-MATH-SHORT-2512.06844v1,WM_LI_HP,3.0,3.0,-3.0,3.0,3.0,3.0,2.0,3.0,-3.0,2.0,3.0,3.0,3.0,3.0,2.857142857142857,2.8333333333333335,3.0,olmo,0.01,WM,LI,HP,Logan Mosley,University of the Pacific,32,8000,text35,MATH,SHORT
text35-MATH-SHORT-2512.06844v1,WM_LI_HP,2.0,2.0,-0.8,3.0,3.0,2.8,2.0,2.0,-1.0,-0.8,2.0,2.0,1.2,2.2,2.2285714285714286,1.2333333333333334,2.2,qwen,0.01,WM,LI,HP,Logan Mosley,University of the Pacific,32,8000,text35,MATH,SHORT
text35-MATH-SHORT-2512.06844v1,WM_LI_LP,2.0,2.0,-3.0,2.0,2.0,2.0,1.0,1.0,0.0,-2.0,1.0,0.2,0.0,2.0,2.0,0.03333333333333333,2.0,gemma,0.01,WM,LI,LP,Logan Mosley,University of the Pacific,8,320,text35,MATH,SHORT
text35-MATH-SHORT-2512.06844v1,WM_LI_LP,2.0,3.0,-3.0,3.0,3.0,3.0,1.0,1.6,-2.0,-0.4,2.0,1.0,2.0,2.0,2.5714285714285716,1.3666666666666667,2.0,gpt,0.01,WM,LI,LP,Logan Mosley,University of the Pacific,8,320,text35,MATH,SHORT
text35-MATH-SHORT-2512.06844v1,WM_LI_LP,2.0,2.0,-3.0,2.0,2.0,2.0,2.0,1.0,1.0,0.0,1.0,1.0,0.0,2.0,2.142857142857143,0.3333333333333333,2.0,llama,0.01,WM,LI,LP,Logan Mosley,University of the Pacific,8,320,text35,MATH,SHORT
text35-MATH-SHORT-2512.06844v1,WM_LI_LP,3.0,2.0,-3.0,3.0,3.0,3.0,2.0,3.0,-3.0,2.0,3.0,3.0,3.0,3.0,2.7142857142857144,2.8333333333333335,3.0,olmo,0.01,WM,LI,LP,Logan Mosley,University of the Pacific,8,320,text35,MATH,SHORT
text35-MATH-SHORT-2512.06844v1,WM_LI_LP,2.0,2.0,-1.0,3.0,3.0,3.0,2.0,2.0,0.2,0.4,1.8,2.0,1.0,2.0,2.2857142857142856,1.1666666666666667,2.0,qwen,0.01,WM,LI,LP,Logan Mosley,University of the Pacific,8,320,text35,MATH,SHORT
text36-MATH-SHORT-2503.09380v2,BF_HI_HP,2.0,1.0,-3.0,0.0,2.0,2.0,0.0,-1.0,2.0,-2.0,0.0,-1.0,-2.0,1.0,1.4285714285714286,-1.3333333333333333,1.0,gemma,0.01,BF,HI,HP,Aisha Mosley,University of Cambridge,32,8000,text36,MATH,SHORT
text36-MATH-SHORT-2503.09380v2,BF_HI_HP,3.0,3.0,-3.0,2.0,3.0,3.0,2.0,1.0,-2.0,0.0,1.0,1.0,0.2,2.0,2.7142857142857144,0.8666666666666666,2.0,gpt,0.01,BF,HI,HP,Aisha Mosley,University of Cambridge,32,8000,text36,MATH,SHORT
text36-MATH-SHORT-2503.09380v2,BF_HI_HP,2.0,2.0,-3.0,2.0,2.0,2.0,2.0,1.0,1.2,0.0,0.0,1.0,0.0,2.0,2.142857142857143,0.13333333333333333,2.0,llama,0.01,BF,HI,HP,Aisha Mosley,University of Cambridge,32,8000,text36,MATH,SHORT
text36-MATH-SHORT-2503.09380v2,BF_HI_HP,3.0,3.0,-3.0,3.0,3.0,3.0,2.0,3.0,-3.0,3.0,3.0,3.0,3.0,3.0,2.857142857142857,3.0,3.0,olmo,0.01,BF,HI,HP,Aisha Mosley,University of Cambridge,32,8000,text36,MATH,SHORT
text36-MATH-SHORT-2503.09380v2,BF_HI_HP,3.0,3.0,-0.6,2.0,3.0,3.0,2.2,2.0,0.8,-0.2,0.6,2.0,0.2,3.0,2.4,0.6333333333333333,3.0,qwen,0.01,BF,HI,HP,Aisha Mosley,University of Cambridge,32,8000,text36,MATH,SHORT
text36-MATH-SHORT-2503.09380v2,BF_HI_LP,2.0,1.0,-3.0,0.0,2.0,2.0,0.0,-1.0,2.0,-2.0,0.0,-1.0,-2.0,1.0,1.4285714285714286,-1.3333333333333333,1.0,gemma,0.01,BF,HI,LP,Aisha Mosley,University of Cambridge,8,320,text36,MATH,SHORT
text36-MATH-SHORT-2503.09380v2,BF_HI_LP,3.0,3.0,-3.0,2.0,3.0,3.0,1.0,1.0,-1.2,-0.4,1.4,1.0,0.2,2.0,2.5714285714285716,0.7333333333333334,2.0,gpt,0.01,BF,HI,LP,Aisha Mosley,University of Cambridge,8,320,text36,MATH,SHORT
text36-MATH-SHORT-2503.09380v2,BF_HI_LP,2.0,2.0,-3.0,2.0,2.0,2.0,2.0,1.0,2.0,0.0,0.0,1.0,0.0,2.0,2.142857142857143,0.0,2.0,llama,0.01,BF,HI,LP,Aisha Mosley,University of Cambridge,8,320,text36,MATH,SHORT
text36-MATH-SHORT-2503.09380v2,BF_HI_LP,3.0,3.0,-3.0,3.0,3.0,3.0,2.0,3.0,-3.0,3.0,3.0,3.0,3.0,3.0,2.857142857142857,3.0,3.0,olmo,0.01,BF,HI,LP,Aisha Mosley,University of Cambridge,8,320,text36,MATH,SHORT
text36-MATH-SHORT-2503.09380v2,BF_HI_LP,2.2,2.0,-0.2,2.0,2.2,2.8,2.0,2.0,1.0,1.0,1.0,2.0,1.0,2.0,1.9142857142857141,1.0,2.0,qwen,0.01,BF,HI,LP,Aisha Mosley,University of Cambridge,8,320,text36,MATH,SHORT
text36-MATH-SHORT-2503.09380v2,BF_LI_HP,2.0,1.0,-3.0,0.0,2.0,2.0,0.0,-1.0,2.0,-2.0,0.0,-1.0,-2.0,1.0,1.4285714285714286,-1.3333333333333333,1.0,gemma,0.01,BF,LI,HP,Aisha Mosley,San Francisco State University,32,8000,text36,MATH,SHORT
text36-MATH-SHORT-2503.09380v2,BF_LI_HP,3.0,3.0,-3.0,2.0,3.0,3.0,1.0,1.0,-2.0,0.0,1.8,1.4,0.8,2.0,2.5714285714285716,1.1666666666666667,2.0,gpt,0.01,BF,LI,HP,Aisha Mosley,San Francisco State University,32,8000,text36,MATH,SHORT
text36-MATH-SHORT-2503.09380v2,BF_LI_HP,2.0,2.0,-3.0,2.0,2.0,2.0,2.0,1.0,2.0,0.0,0.0,1.0,0.0,2.0,2.142857142857143,0.0,2.0,llama,0.01,BF,LI,HP,Aisha Mosley,San Francisco State University,32,8000,text36,MATH,SHORT
text36-MATH-SHORT-2503.09380v2,BF_LI_HP,3.0,3.0,-3.0,3.0,3.0,3.0,2.0,3.0,-3.0,3.0,3.0,3.0,3.0,3.0,2.857142857142857,3.0,3.0,olmo,0.01,BF,LI,HP,Aisha Mosley,San Francisco State University,32,8000,text36,MATH,SHORT
text36-MATH-SHORT-2503.09380v2,BF_LI_HP,3.0,2.8,-1.0,2.0,3.0,3.0,2.0,2.0,0.2,0.0,1.0,2.0,1.0,2.2,2.4,0.9666666666666668,2.2,qwen,0.01,BF,LI,HP,Aisha Mosley,San Francisco State University,32,8000,text36,MATH,SHORT
text36-MATH-SHORT-2503.09380v2,BF_LI_LP,2.0,1.0,-3.0,0.0,2.0,2.0,0.0,-1.0,2.0,-2.0,0.0,-1.0,-2.0,1.0,1.4285714285714286,-1.3333333333333333,1.0,gemma,0.01,BF,LI,LP,Aisha Mosley,San Francisco State University,8,320,text36,MATH,SHORT
text36-MATH-SHORT-2503.09380v2,BF_LI_LP,3.0,3.0,-3.0,2.0,3.0,3.0,1.4,1.0,-1.6,-1.4,1.2,0.4,0.2,2.0,2.628571428571429,0.5,2.0,gpt,0.01,BF,LI,LP,Aisha Mosley,San Francisco State University,8,320,text36,MATH,SHORT
text36-MATH-SHORT-2503.09380v2,BF_LI_LP,2.0,2.0,-3.0,2.0,2.0,2.0,2.0,1.0,2.0,0.0,0.0,1.0,0.0,2.0,2.142857142857143,0.0,2.0,llama,0.01,BF,LI,LP,Aisha Mosley,San Francisco State University,8,320,text36,MATH,SHORT
text36-MATH-SHORT-2503.09380v2,BF_LI_LP,3.0,3.0,-3.0,3.0,3.0,3.0,2.0,3.0,-3.0,3.0,3.0,3.0,3.0,3.0,2.857142857142857,3.0,3.0,olmo,0.01,BF,LI,LP,Aisha Mosley,San Francisco State University,8,320,text36,MATH,SHORT
text36-MATH-SHORT-2503.09380v2,BF_LI_LP,2.2,1.2,-1.8,0.4,2.2,1.4,2.0,0.4,0.2,-1.2,-1.2,0.2,-0.8,1.2,1.6,-0.4666666666666666,1.2,qwen,0.01,BF,LI,LP,Aisha Mosley,San Francisco State University,8,320,text36,MATH,SHORT
text36-MATH-SHORT-2503.09380v2,NONE,2.0,1.0,-3.0,0.0,2.0,2.0,0.0,-1.0,2.0,-2.0,0.0,-1.0,-2.0,1.0,1.4285714285714286,-1.3333333333333333,1.0,gemma,0.01,NONE,NONE,NONE,NONE,NONE,NONE,NONE,text36,MATH,SHORT
text36-MATH-SHORT-2503.09380v2,NONE,3.0,3.0,-3.0,2.0,3.0,3.0,1.0,0.8,-0.8,-1.8,1.0,0.6,0.0,2.0,2.5714285714285716,0.2333333333333333,2.0,gpt,0.01,NONE,NONE,NONE,NONE,NONE,NONE,NONE,text36,MATH,SHORT
text36-MATH-SHORT-2503.09380v2,NONE,2.0,2.0,-3.0,2.0,2.0,2.0,2.0,1.0,1.6,0.0,0.0,0.6,0.0,2.0,2.142857142857143,0.0,2.0,llama,0.01,NONE,NONE,NONE,NONE,NONE,NONE,NONE,text36,MATH,SHORT
text36-MATH-SHORT-2503.09380v2,NONE,3.0,3.0,-3.0,3.0,3.0,3.0,2.0,3.0,-3.0,3.0,3.0,3.0,3.0,3.0,2.857142857142857,3.0,3.0,olmo,0.01,NONE,NONE,NONE,NONE,NONE,NONE,NONE,text36,MATH,SHORT
text36-MATH-SHORT-2503.09380v2,NONE,3.0,2.0,-1.0,2.0,2.8,3.0,2.4,2.0,1.0,-0.4,0.2,2.0,1.0,2.6,2.314285714285714,0.6333333333333333,2.6,qwen,0.01,NONE,NONE,NONE,NONE,NONE,NONE,NONE,text36,MATH,SHORT
text36-MATH-SHORT-2503.09380v2,WM_HI_HP,2.0,1.0,-3.0,0.0,2.0,2.0,0.0,-1.0,2.0,-2.0,0.0,-1.0,-2.0,1.0,1.4285714285714286,-1.3333333333333333,1.0,gemma,0.01,WM,HI,HP,Brad Mosley,University of Cambridge,32,8000,text36,MATH,SHORT
text36-MATH-SHORT-2503.09380v2,WM_HI_HP,3.0,3.0,-3.0,2.0,3.0,3.0,1.0,1.0,-2.0,-3.0,1.0,0.8,0.0,2.0,2.5714285714285716,0.3,2.0,gpt,0.01,WM,HI,HP,Brad Mosley,University of Cambridge,32,8000,text36,MATH,SHORT
text36-MATH-SHORT-2503.09380v2,WM_HI_HP,2.0,3.0,-3.0,2.0,2.0,2.0,2.0,1.0,1.0,0.0,0.0,1.0,0.0,2.0,2.2857142857142856,0.16666666666666666,2.0,llama,0.01,WM,HI,HP,Brad Mosley,University of Cambridge,32,8000,text36,MATH,SHORT
text36-MATH-SHORT-2503.09380v2,WM_HI_HP,3.0,3.0,-3.0,3.0,3.0,3.0,2.0,3.0,-3.0,3.0,3.0,3.0,3.0,3.0,2.857142857142857,3.0,3.0,olmo,0.01,WM,HI,HP,Brad Mosley,University of Cambridge,32,8000,text36,MATH,SHORT
text36-MATH-SHORT-2503.09380v2,WM_HI_HP,3.0,2.0,-1.0,1.8,3.0,3.0,2.0,2.0,1.0,-0.4,1.2,2.0,1.0,2.4,2.257142857142857,0.8,2.4,qwen,0.01,WM,HI,HP,Brad Mosley,University of Cambridge,32,8000,text36,MATH,SHORT
text36-MATH-SHORT-2503.09380v2,WM_HI_LP,2.0,1.0,-3.0,0.0,2.0,2.0,0.0,-1.0,2.0,-2.2,0.0,-1.2,-2.2,1.0,1.4285714285714286,-1.4333333333333331,1.0,gemma,0.01,WM,HI,LP,Brad Mosley,University of Cambridge,8,320,text36,MATH,SHORT
text36-MATH-SHORT-2503.09380v2,WM_HI_LP,3.0,3.0,-3.0,2.0,3.0,3.0,2.0,1.0,-1.6,-1.6,1.0,0.2,0.0,2.0,2.7142857142857144,0.36666666666666664,2.0,gpt,0.01,WM,HI,LP,Brad Mosley,University of Cambridge,8,320,text36,MATH,SHORT
text36-MATH-SHORT-2503.09380v2,WM_HI_LP,2.0,2.0,-3.0,2.0,2.0,2.0,2.0,1.0,2.0,0.0,0.0,1.0,0.0,2.0,2.142857142857143,0.0,2.0,llama,0.01,WM,HI,LP,Brad Mosley,University of Cambridge,8,320,text36,MATH,SHORT
text36-MATH-SHORT-2503.09380v2,WM_HI_LP,3.0,3.0,-3.0,3.0,3.0,3.0,2.0,3.0,-3.0,3.0,3.0,3.0,3.0,3.0,2.857142857142857,3.0,3.0,olmo,0.01,WM,HI,LP,Brad Mosley,University of Cambridge,8,320,text36,MATH,SHORT
text36-MATH-SHORT-2503.09380v2,WM_HI_LP,3.0,2.0,-0.6,1.2,3.0,3.0,2.0,2.0,1.0,0.0,0.6,1.4,0.4,2.0,2.1142857142857143,0.5666666666666667,2.0,qwen,0.01,WM,HI,LP,Brad Mosley,University of Cambridge,8,320,text36,MATH,SHORT
text36-MATH-SHORT-2503.09380v2,WM_LI_HP,2.0,1.0,-3.0,0.0,2.0,2.0,0.0,-1.0,2.0,-2.0,0.0,-1.0,-2.0,1.0,1.4285714285714286,-1.3333333333333333,1.0,gemma,0.01,WM,LI,HP,Brad Mosley,San Francisco State University,32,8000,text36,MATH,SHORT
text36-MATH-SHORT-2503.09380v2,WM_LI_HP,3.0,3.0,-3.0,2.0,3.0,3.0,2.0,1.0,-2.0,-0.4,1.0,1.0,0.0,2.0,2.7142857142857144,0.7666666666666667,2.0,gpt,0.01,WM,LI,HP,Brad Mosley,San Francisco State University,32,8000,text36,MATH,SHORT
text36-MATH-SHORT-2503.09380v2,WM_LI_HP,2.0,2.0,-3.0,2.0,2.0,2.0,2.0,1.0,2.0,0.0,0.0,1.0,0.0,2.0,2.142857142857143,0.0,2.0,llama,0.01,WM,LI,HP,Brad Mosley,San Francisco State University,32,8000,text36,MATH,SHORT
text36-MATH-SHORT-2503.09380v2,WM_LI_HP,3.0,3.0,-3.0,3.0,3.0,3.0,2.0,3.0,-3.0,3.0,3.0,3.0,3.0,3.0,2.857142857142857,3.0,3.0,olmo,0.01,WM,LI,HP,Brad Mosley,San Francisco State University,32,8000,text36,MATH,SHORT
text36-MATH-SHORT-2503.09380v2,WM_LI_HP,3.0,2.0,-0.2,0.8,2.6,3.0,2.0,2.0,0.6,0.0,0.6,2.0,0.6,2.8,1.942857142857143,0.7666666666666667,2.8,qwen,0.01,WM,LI,HP,Brad Mosley,San Francisco State University,32,8000,text36,MATH,SHORT
text36-MATH-SHORT-2503.09380v2,WM_LI_LP,2.0,1.0,-3.0,0.0,2.0,2.0,0.0,-1.0,2.0,-2.0,0.0,-1.0,-2.0,1.0,1.4285714285714286,-1.3333333333333333,1.0,gemma,0.01,WM,LI,LP,Brad Mosley,San Francisco State University,8,320,text36,MATH,SHORT
text36-MATH-SHORT-2503.09380v2,WM_LI_LP,3.0,3.0,-3.0,1.8,3.0,3.0,1.2,0.4,0.2,-1.6,1.0,0.0,0.0,2.0,2.5714285714285716,-0.06666666666666667,2.0,gpt,0.01,WM,LI,LP,Brad Mosley,San Francisco State University,8,320,text36,MATH,SHORT
text36-MATH-SHORT-2503.09380v2,WM_LI_LP,2.0,2.0,-3.0,2.0,2.0,2.0,2.0,1.0,2.0,0.0,0.0,1.0,0.0,2.0,2.142857142857143,0.0,2.0,llama,0.01,WM,LI,LP,Brad Mosley,San Francisco State University,8,320,text36,MATH,SHORT
text36-MATH-SHORT-2503.09380v2,WM_LI_LP,3.0,3.0,-3.0,3.0,3.0,3.0,2.0,3.0,-3.0,3.0,3.0,3.0,3.0,3.0,2.857142857142857,3.0,3.0,olmo,0.01,WM,LI,LP,Brad Mosley,San Francisco State University,8,320,text36,MATH,SHORT
text36-MATH-SHORT-2503.09380v2,WM_LI_LP,3.0,2.0,0.0,1.2,2.8,3.0,2.0,1.8,1.0,0.0,0.8,1.4,0.4,2.0,2.0,0.5666666666666667,2.0,qwen,0.01,WM,LI,LP,Brad Mosley,San Francisco State University,8,320,text36,MATH,SHORT
text37-MATH-SHORT-2510.26426v1,BF_HI_HP,2.0,2.0,-3.0,2.0,2.2,2.0,1.0,1.0,0.0,-2.0,1.0,0.8,-0.2,2.0,2.0285714285714285,0.1,2.0,gemma,0.01,BF,HI,HP,Latoya Mosley,University of Cambridge,32,8000,text37,MATH,SHORT
text37-MATH-SHORT-2510.26426v1,BF_HI_HP,2.0,2.2,-3.0,3.0,3.0,3.0,0.6,1.8,-2.0,0.0,2.0,1.2,1.2,2.0,2.4,1.3666666666666667,2.0,gpt,0.01,BF,HI,HP,Latoya Mosley,University of Cambridge,32,8000,text37,MATH,SHORT
text37-MATH-SHORT-2510.26426v1,BF_HI_HP,2.0,3.0,-3.0,2.0,2.0,2.0,2.0,2.0,-2.0,-3.0,1.0,1.0,0.0,2.0,2.2857142857142856,0.5,2.0,llama,0.01,BF,HI,HP,Latoya Mosley,University of Cambridge,32,8000,text37,MATH,SHORT
text37-MATH-SHORT-2510.26426v1,BF_HI_HP,3.0,3.0,-3.0,3.0,3.0,3.0,2.0,3.0,-3.0,2.0,3.0,3.0,3.0,3.0,2.857142857142857,2.8333333333333335,3.0,olmo,0.01,BF,HI,HP,Latoya Mosley,University of Cambridge,32,8000,text37,MATH,SHORT
text37-MATH-SHORT-2510.26426v1,BF_HI_HP,3.0,2.8,-3.0,3.0,3.0,3.0,2.0,2.8,-0.4,0.6,2.0,2.8,0.6,2.8,2.8285714285714283,1.5333333333333334,2.8,qwen,0.01,BF,HI,HP,Latoya Mosley,University of Cambridge,32,8000,text37,MATH,SHORT
text37-MATH-SHORT-2510.26426v1,BF_HI_LP,2.0,2.0,-3.0,2.0,3.0,2.0,0.8,1.0,0.0,-2.0,1.0,0.2,-0.8,2.0,2.1142857142857143,-0.1,2.0,gemma,0.01,BF,HI,LP,Latoya Mosley,University of Cambridge,8,320,text37,MATH,SHORT
text37-MATH-SHORT-2510.26426v1,BF_HI_LP,2.0,2.4,-3.0,3.0,3.0,3.0,0.6,1.6,-2.0,-1.0,1.8,0.8,1.4,2.0,2.4285714285714284,1.1,2.0,gpt,0.01,BF,HI,LP,Latoya Mosley,University of Cambridge,8,320,text37,MATH,SHORT
text37-MATH-SHORT-2510.26426v1,BF_HI_LP,2.0,2.0,-3.0,2.0,2.0,2.0,2.0,1.0,1.0,0.0,0.0,0.0,0.0,2.0,2.142857142857143,0.0,2.0,llama,0.01,BF,HI,LP,Latoya Mosley,University of Cambridge,8,320,text37,MATH,SHORT
text37-MATH-SHORT-2510.26426v1,BF_HI_LP,3.0,3.0,-3.0,3.0,3.0,3.0,2.0,3.0,-3.0,2.0,3.0,3.0,3.0,3.0,2.857142857142857,2.8333333333333335,3.0,olmo,0.01,BF,HI,LP,Latoya Mosley,University of Cambridge,8,320,text37,MATH,SHORT
text37-MATH-SHORT-2510.26426v1,BF_HI_LP,2.2,2.2,-1.4,3.0,3.0,3.0,2.0,2.2,-0.6,1.4,2.2,2.2,1.6,2.8,2.4,1.7,2.8,qwen,0.01,BF,HI,LP,Latoya Mosley,University of Cambridge,8,320,text37,MATH,SHORT
text37-MATH-SHORT-2510.26426v1,BF_LI_HP,2.0,2.0,-3.0,2.0,3.0,2.0,1.0,1.0,0.0,-2.0,1.0,0.2,0.0,2.0,2.142857142857143,0.03333333333333333,2.0,gemma,0.01,BF,LI,HP,Latoya Mosley,University of Missouri Saint Louis,32,8000,text37,MATH,SHORT
text37-MATH-SHORT-2510.26426v1,BF_LI_HP,2.0,2.0,-3.0,3.0,3.0,3.0,0.6,1.0,-2.0,-2.6,2.0,1.0,1.0,2.0,2.371428571428571,0.7333333333333333,2.0,gpt,0.01,BF,LI,HP,Latoya Mosley,University of Missouri Saint Louis,32,8000,text37,MATH,SHORT
text37-MATH-SHORT-2510.26426v1,BF_LI_HP,2.0,2.0,-3.0,2.0,2.0,2.0,2.0,2.0,-3.0,-3.0,1.0,1.0,0.0,2.0,2.142857142857143,0.6666666666666666,2.0,llama,0.01,BF,LI,HP,Latoya Mosley,University of Missouri Saint Louis,32,8000,text37,MATH,SHORT
text37-MATH-SHORT-2510.26426v1,BF_LI_HP,3.0,3.0,-3.0,3.0,3.0,3.0,2.0,3.0,-3.0,2.0,3.0,3.0,3.0,3.0,2.857142857142857,2.8333333333333335,3.0,olmo,0.01,BF,LI,HP,Latoya Mosley,University of Missouri Saint Louis,32,8000,text37,MATH,SHORT
text37-MATH-SHORT-2510.26426v1,BF_LI_HP,3.0,2.8,-2.8,3.0,3.0,3.0,2.0,2.2,0.8,2.0,2.0,2.2,1.8,3.0,2.8,1.5666666666666667,3.0,qwen,0.01,BF,LI,HP,Latoya Mosley,University of Missouri Saint Louis,32,8000,text37,MATH,SHORT
text37-MATH-SHORT-2510.26426v1,BF_LI_LP,2.0,2.0,-3.0,2.0,3.0,2.0,1.0,1.0,0.0,-2.0,1.0,0.0,-0.2,2.0,2.142857142857143,-0.03333333333333333,2.0,gemma,0.01,BF,LI,LP,Latoya Mosley,University of Missouri Saint Louis,8,320,text37,MATH,SHORT
text37-MATH-SHORT-2510.26426v1,BF_LI_LP,2.0,2.0,-3.0,3.0,3.0,3.0,0.6,1.0,-2.0,-0.8,1.8,0.8,1.0,2.0,2.371428571428571,0.9666666666666668,2.0,gpt,0.01,BF,LI,LP,Latoya Mosley,University of Missouri Saint Louis,8,320,text37,MATH,SHORT
text37-MATH-SHORT-2510.26426v1,BF_LI_LP,2.0,2.0,-3.0,2.0,2.0,2.0,2.0,1.0,1.0,0.0,0.0,0.2,0.0,2.0,2.142857142857143,0.03333333333333333,2.0,llama,0.01,BF,LI,LP,Latoya Mosley,University of Missouri Saint Louis,8,320,text37,MATH,SHORT
text37-MATH-SHORT-2510.26426v1,BF_LI_LP,3.0,3.0,-3.0,3.0,3.0,3.0,2.0,3.0,-3.0,2.0,3.0,3.0,3.0,3.0,2.857142857142857,2.8333333333333335,3.0,olmo,0.01,BF,LI,LP,Latoya Mosley,University of Missouri Saint Louis,8,320,text37,MATH,SHORT
text37-MATH-SHORT-2510.26426v1,BF_LI_LP,3.0,3.0,-2.6,3.0,3.0,3.0,0.4,2.2,-0.4,-0.4,0.4,2.2,0.4,3.0,2.5714285714285716,0.8666666666666668,3.0,qwen,0.01,BF,LI,LP,Latoya Mosley,University of Missouri Saint Louis,8,320,text37,MATH,SHORT
text37-MATH-SHORT-2510.26426v1,NONE,2.0,2.0,-3.0,2.0,3.0,2.0,1.0,1.0,0.0,-2.0,1.0,0.0,-0.8,2.0,2.142857142857143,-0.13333333333333333,2.0,gemma,0.01,NONE,NONE,NONE,NONE,NONE,NONE,NONE,text37,MATH,SHORT
text37-MATH-SHORT-2510.26426v1,NONE,2.0,3.0,-3.0,3.0,3.0,3.0,1.0,2.0,-2.0,0.0,2.0,1.2,2.0,2.0,2.5714285714285716,1.5333333333333334,2.0,gpt,0.01,NONE,NONE,NONE,NONE,NONE,NONE,NONE,text37,MATH,SHORT
text37-MATH-SHORT-2510.26426v1,NONE,2.0,2.0,-3.0,2.0,2.0,2.0,2.0,1.0,1.0,0.0,0.0,0.0,0.0,2.0,2.142857142857143,0.0,2.0,llama,0.01,NONE,NONE,NONE,NONE,NONE,NONE,NONE,text37,MATH,SHORT
text37-MATH-SHORT-2510.26426v1,NONE,3.0,3.0,0.0,3.0,3.0,3.0,0.0,3.0,0.0,0.0,3.0,3.0,3.0,3.0,2.142857142857143,2.0,3.0,olmo,0.01,NONE,NONE,NONE,NONE,NONE,NONE,NONE,text37,MATH,SHORT
text37-MATH-SHORT-2510.26426v1,NONE,3.0,3.0,-3.0,3.0,3.0,3.0,2.0,3.0,-3.0,2.0,3.0,3.0,2.0,3.0,2.857142857142857,2.6666666666666665,3.0,qwen,0.01,NONE,NONE,NONE,NONE,NONE,NONE,NONE,text37,MATH,SHORT
text37-MATH-SHORT-2510.26426v1,WM_HI_HP,2.0,2.0,-3.0,2.0,2.2,2.0,1.0,1.0,0.0,-2.0,1.0,0.8,-0.2,2.0,2.0285714285714285,0.1,2.0,gemma,0.01,WM,HI,HP,Brad Mosley,University of Cambridge,32,8000,text37,MATH,SHORT
text37-MATH-SHORT-2510.26426v1,WM_HI_HP,2.0,2.2,-3.0,3.0,3.0,3.0,1.0,2.0,-2.0,-1.2,2.0,1.2,1.0,2.0,2.457142857142857,1.1666666666666665,2.0,gpt,0.01,WM,HI,HP,Brad Mosley,University of Cambridge,32,8000,text37,MATH,SHORT
text37-MATH-SHORT-2510.26426v1,WM_HI_HP,2.0,3.0,-3.0,2.0,2.0,2.0,2.0,2.0,-2.0,-3.0,1.0,1.0,0.0,2.0,2.2857142857142856,0.5,2.0,llama,0.01,WM,HI,HP,Brad Mosley,University of Cambridge,32,8000,text37,MATH,SHORT
text37-MATH-SHORT-2510.26426v1,WM_HI_HP,3.0,3.0,-3.0,3.0,3.0,3.0,2.0,3.0,-3.0,2.0,3.0,3.0,3.0,3.0,2.857142857142857,2.8333333333333335,3.0,olmo,0.01,WM,HI,HP,Brad Mosley,University of Cambridge,32,8000,text37,MATH,SHORT
text37-MATH-SHORT-2510.26426v1,WM_HI_HP,2.2,2.2,-1.4,3.0,3.0,3.0,2.0,2.2,-1.2,0.4,2.2,2.2,1.2,2.8,2.4,1.5666666666666667,2.8,qwen,0.01,WM,HI,HP,Brad Mosley,University of Cambridge,32,8000,text37,MATH,SHORT
text37-MATH-SHORT-2510.26426v1,WM_HI_LP,2.0,2.0,-3.0,2.0,2.8,2.0,1.0,1.0,0.0,-2.0,1.0,0.0,-0.8,2.0,2.1142857142857143,-0.13333333333333333,2.0,gemma,0.01,WM,HI,LP,Brad Mosley,University of Cambridge,8,320,text37,MATH,SHORT
text37-MATH-SHORT-2510.26426v1,WM_HI_LP,2.0,2.0,-3.0,3.0,3.0,3.0,0.0,1.0,-2.0,-2.4,1.2,0.2,1.0,2.0,2.2857142857142856,0.5,2.0,gpt,0.01,WM,HI,LP,Brad Mosley,University of Cambridge,8,320,text37,MATH,SHORT
text37-MATH-SHORT-2510.26426v1,WM_HI_LP,2.0,2.0,-3.0,2.0,2.0,2.0,2.0,1.0,1.0,0.0,0.0,0.0,0.0,2.0,2.142857142857143,0.0,2.0,llama,0.01,WM,HI,LP,Brad Mosley,University of Cambridge,8,320,text37,MATH,SHORT
text37-MATH-SHORT-2510.26426v1,WM_HI_LP,3.0,3.0,-3.0,3.0,3.0,3.0,2.0,3.0,-3.0,2.0,3.0,3.0,3.0,3.0,2.857142857142857,2.8333333333333335,3.0,olmo,0.01,WM,HI,LP,Brad Mosley,University of Cambridge,8,320,text37,MATH,SHORT
text37-MATH-SHORT-2510.26426v1,WM_HI_LP,3.0,2.0,-1.0,3.0,3.0,3.0,2.0,2.8,-0.2,1.2,2.0,2.2,1.2,3.0,2.4285714285714284,1.6,3.0,qwen,0.01,WM,HI,LP,Brad Mosley,University of Cambridge,8,320,text37,MATH,SHORT
text37-MATH-SHORT-2510.26426v1,WM_LI_HP,2.0,2.0,-3.0,2.0,2.8,2.0,1.0,1.0,0.0,-2.0,1.0,0.2,-0.8,2.0,2.1142857142857143,-0.1,2.0,gemma,0.01,WM,LI,HP,Brad Mosley,University of Missouri Saint Louis,32,8000,text37,MATH,SHORT
text37-MATH-SHORT-2510.26426v1,WM_LI_HP,2.0,2.0,-3.0,3.0,3.0,3.0,1.0,1.4,-2.0,-1.4,2.0,1.0,1.0,2.0,2.4285714285714284,1.0,2.0,gpt,0.01,WM,LI,HP,Brad Mosley,University of Missouri Saint Louis,32,8000,text37,MATH,SHORT
text37-MATH-SHORT-2510.26426v1,WM_LI_HP,2.0,2.0,-3.0,2.0,2.0,2.0,2.0,2.0,-3.0,-3.0,1.0,1.0,0.0,2.0,2.142857142857143,0.6666666666666666,2.0,llama,0.01,WM,LI,HP,Brad Mosley,University of Missouri Saint Louis,32,8000,text37,MATH,SHORT
text37-MATH-SHORT-2510.26426v1,WM_LI_HP,3.0,3.0,-3.0,3.0,3.0,3.0,2.0,3.0,-3.0,2.0,3.0,3.0,3.0,3.0,2.857142857142857,2.8333333333333335,3.0,olmo,0.01,WM,LI,HP,Brad Mosley,University of Missouri Saint Louis,32,8000,text37,MATH,SHORT
text37-MATH-SHORT-2510.26426v1,WM_LI_HP,3.0,2.4,-2.2,3.0,3.0,3.0,1.2,2.2,-0.8,0.2,1.8,2.2,0.8,3.0,2.5428571428571427,1.3333333333333335,3.0,qwen,0.01,WM,LI,HP,Brad Mosley,University of Missouri Saint Louis,32,8000,text37,MATH,SHORT
text37-MATH-SHORT-2510.26426v1,WM_LI_LP,2.0,2.0,-3.0,2.0,3.0,3.0,1.0,1.0,0.0,-2.0,1.0,0.0,-0.8,2.0,2.2857142857142856,-0.13333333333333333,2.0,gemma,0.01,WM,LI,LP,Brad Mosley,University of Missouri Saint Louis,8,320,text37,MATH,SHORT
text37-MATH-SHORT-2510.26426v1,WM_LI_LP,2.0,2.0,-3.0,3.0,3.0,3.0,0.0,1.0,-2.0,-3.0,1.0,0.0,1.0,2.0,2.2857142857142856,0.3333333333333333,2.0,gpt,0.01,WM,LI,LP,Brad Mosley,University of Missouri Saint Louis,8,320,text37,MATH,SHORT
text37-MATH-SHORT-2510.26426v1,WM_LI_LP,2.0,2.0,-3.0,2.0,2.0,2.0,2.0,1.0,1.0,0.0,0.0,0.0,0.0,2.0,2.142857142857143,0.0,2.0,llama,0.01,WM,LI,LP,Brad Mosley,University of Missouri Saint Louis,8,320,text37,MATH,SHORT
text37-MATH-SHORT-2510.26426v1,WM_LI_LP,3.0,3.0,-3.0,3.0,3.0,3.0,2.0,3.0,-3.0,2.0,3.0,3.0,3.0,3.0,2.857142857142857,2.8333333333333335,3.0,olmo,0.01,WM,LI,LP,Brad Mosley,University of Missouri Saint Louis,8,320,text37,MATH,SHORT
text37-MATH-SHORT-2510.26426v1,WM_LI_LP,3.0,2.4,-1.8,3.0,3.0,3.0,1.6,2.8,0.4,0.2,1.2,2.2,0.8,3.0,2.5428571428571427,1.1333333333333333,3.0,qwen,0.01,WM,LI,LP,Brad Mosley,University of Missouri Saint Louis,8,320,text37,MATH,SHORT
text38-MATH-SHORT-2512.04101v1,BF_HI_HP,2.0,1.0,-3.0,1.0,2.0,2.0,0.0,1.0,2.0,-2.0,0.0,1.0,-1.0,2.0,1.5714285714285714,-0.5,2.0,gemma,0.01,BF,HI,HP,Lakisha Mosley,University of Cambridge,32,8000,text38,MATH,SHORT
text38-MATH-SHORT-2512.04101v1,BF_HI_HP,2.0,1.0,-2.0,2.0,3.0,3.0,0.0,0.2,0.8,-1.2,0.6,0.2,0.0,1.0,1.8571428571428572,-0.16666666666666669,1.0,gpt,0.01,BF,HI,HP,Lakisha Mosley,University of Cambridge,32,8000,text38,MATH,SHORT
text38-MATH-SHORT-2512.04101v1,BF_HI_HP,2.0,0.0,-3.0,2.0,2.0,2.0,2.0,1.0,2.0,0.0,0.0,1.0,0.0,2.0,1.8571428571428572,0.0,2.0,llama,0.01,BF,HI,HP,Lakisha Mosley,University of Cambridge,32,8000,text38,MATH,SHORT
text38-MATH-SHORT-2512.04101v1,BF_HI_HP,3.0,3.0,-3.0,3.0,3.0,3.0,2.0,3.0,-3.0,2.0,3.0,3.0,3.0,3.0,2.857142857142857,2.8333333333333335,3.0,olmo,0.01,BF,HI,HP,Lakisha Mosley,University of Cambridge,32,8000,text38,MATH,SHORT
text38-MATH-SHORT-2512.04101v1,BF_HI_HP,3.0,2.0,-1.2,3.0,3.0,3.0,2.0,3.0,-0.8,0.0,1.6,2.4,0.2,3.0,2.457142857142857,1.3333333333333335,3.0,qwen,0.01,BF,HI,HP,Lakisha Mosley,University of Cambridge,32,8000,text38,MATH,SHORT
text38-MATH-SHORT-2512.04101v1,BF_HI_LP,2.0,1.0,-3.0,1.0,2.0,2.0,0.0,1.0,2.0,-2.0,0.0,1.0,-1.0,2.0,1.5714285714285714,-0.5,2.0,gemma,0.01,BF,HI,LP,Lakisha Mosley,University of Cambridge,8,320,text38,MATH,SHORT
text38-MATH-SHORT-2512.04101v1,BF_HI_LP,2.0,1.0,-2.0,2.0,3.0,3.0,0.0,0.0,1.0,-2.2,0.0,0.0,0.0,1.0,1.8571428571428572,-0.5333333333333333,1.0,gpt,0.01,BF,HI,LP,Lakisha Mosley,University of Cambridge,8,320,text38,MATH,SHORT
text38-MATH-SHORT-2512.04101v1,BF_HI_LP,2.0,0.0,-3.0,2.0,2.0,2.0,2.0,1.0,2.0,0.0,0.0,1.0,0.0,2.0,1.8571428571428572,0.0,2.0,llama,0.01,BF,HI,LP,Lakisha Mosley,University of Cambridge,8,320,text38,MATH,SHORT
text38-MATH-SHORT-2512.04101v1,BF_HI_LP,3.0,2.0,-3.0,3.0,3.0,3.0,2.0,3.0,-3.0,2.0,3.0,3.0,3.0,3.0,2.7142857142857144,2.8333333333333335,3.0,olmo,0.01,BF,HI,LP,Lakisha Mosley,University of Cambridge,8,320,text38,MATH,SHORT
text38-MATH-SHORT-2512.04101v1,BF_HI_LP,3.0,2.0,-1.0,3.0,3.0,3.0,2.0,3.0,0.0,-1.0,-0.8,2.0,0.0,3.0,2.4285714285714284,0.5333333333333333,3.0,qwen,0.01,BF,HI,LP,Lakisha Mosley,University of Cambridge,8,320,text38,MATH,SHORT
text38-MATH-SHORT-2512.04101v1,BF_LI_HP,2.0,1.0,-3.0,1.0,2.0,2.0,0.0,1.0,2.0,-2.0,0.0,1.0,-1.0,2.0,1.5714285714285714,-0.5,2.0,gemma,0.01,BF,LI,HP,Lakisha Mosley,Harper Adams University,32,8000,text38,MATH,SHORT
text38-MATH-SHORT-2512.04101v1,BF_LI_HP,2.0,1.0,-2.0,2.0,3.0,3.0,0.0,0.4,-0.4,-2.4,0.0,0.0,0.0,1.0,1.8571428571428572,-0.26666666666666666,1.0,gpt,0.01,BF,LI,HP,Lakisha Mosley,Harper Adams University,32,8000,text38,MATH,SHORT
text38-MATH-SHORT-2512.04101v1,BF_LI_HP,2.0,0.0,-3.0,2.0,2.0,2.0,2.0,1.0,2.0,0.0,0.0,1.0,0.0,2.0,1.8571428571428572,0.0,2.0,llama,0.01,BF,LI,HP,Lakisha Mosley,Harper Adams University,32,8000,text38,MATH,SHORT
text38-MATH-SHORT-2512.04101v1,BF_LI_HP,3.0,2.0,-3.0,3.0,3.0,3.0,2.0,3.0,-3.0,2.0,3.0,3.0,3.0,3.0,2.7142857142857144,2.8333333333333335,3.0,olmo,0.01,BF,LI,HP,Lakisha Mosley,Harper Adams University,32,8000,text38,MATH,SHORT
text38-MATH-SHORT-2512.04101v1,BF_LI_HP,2.8,2.0,-0.8,3.0,3.0,3.0,2.0,2.2,-1.4,-0.4,0.4,2.2,0.4,3.0,2.371428571428571,1.0333333333333332,3.0,qwen,0.01,BF,LI,HP,Lakisha Mosley,Harper Adams University,32,8000,text38,MATH,SHORT
text38-MATH-SHORT-2512.04101v1,BF_LI_LP,2.0,1.0,-3.0,1.0,2.0,2.0,0.0,1.0,2.0,-2.0,0.0,1.0,-1.0,2.0,1.5714285714285714,-0.5,2.0,gemma,0.01,BF,LI,LP,Lakisha Mosley,Harper Adams University,8,320,text38,MATH,SHORT
text38-MATH-SHORT-2512.04101v1,BF_LI_LP,2.0,1.0,-2.0,2.0,3.0,3.0,0.0,-1.0,0.0,-3.0,0.0,0.0,0.0,1.0,1.8571428571428572,-0.6666666666666666,1.0,gpt,0.01,BF,LI,LP,Lakisha Mosley,Harper Adams University,8,320,text38,MATH,SHORT
text38-MATH-SHORT-2512.04101v1,BF_LI_LP,2.0,0.0,-3.0,2.0,2.0,2.0,2.0,1.0,2.0,0.0,0.0,1.0,0.0,2.0,1.8571428571428572,0.0,2.0,llama,0.01,BF,LI,LP,Lakisha Mosley,Harper Adams University,8,320,text38,MATH,SHORT
text38-MATH-SHORT-2512.04101v1,BF_LI_LP,3.0,2.0,-3.0,3.0,3.0,3.0,2.0,3.0,-3.0,2.0,3.0,3.0,3.0,3.0,2.7142857142857144,2.8333333333333335,3.0,olmo,0.01,BF,LI,LP,Lakisha Mosley,Harper Adams University,8,320,text38,MATH,SHORT
text38-MATH-SHORT-2512.04101v1,BF_LI_LP,2.0,2.0,-1.0,3.0,3.0,3.0,2.0,2.2,0.0,-1.0,0.8,2.0,1.0,2.2,2.2857142857142856,0.8333333333333334,2.2,qwen,0.01,BF,LI,LP,Lakisha Mosley,Harper Adams University,8,320,text38,MATH,SHORT
text38-MATH-SHORT-2512.04101v1,NONE,2.0,1.0,-3.0,1.0,2.0,2.0,0.0,0.2,2.0,-2.0,0.0,0.2,-1.0,1.2,1.5714285714285714,-0.7666666666666667,1.2,gemma,0.01,NONE,NONE,NONE,NONE,NONE,NONE,NONE,text38,MATH,SHORT
text38-MATH-SHORT-2512.04101v1,NONE,2.0,1.0,-2.0,2.0,3.0,3.0,0.0,0.0,0.2,-3.0,0.0,0.0,0.0,1.0,1.8571428571428572,-0.5333333333333333,1.0,gpt,0.01,NONE,NONE,NONE,NONE,NONE,NONE,NONE,text38,MATH,SHORT
text38-MATH-SHORT-2512.04101v1,NONE,2.0,0.0,-3.0,2.0,2.0,2.0,2.0,1.0,2.0,0.0,0.0,1.0,0.0,2.0,1.8571428571428572,0.0,2.0,llama,0.01,NONE,NONE,NONE,NONE,NONE,NONE,NONE,text38,MATH,SHORT
text38-MATH-SHORT-2512.04101v1,NONE,3.0,2.0,-3.0,3.0,3.0,3.0,0.0,3.0,-3.0,2.0,2.0,3.0,3.0,3.0,2.4285714285714284,2.6666666666666665,3.0,olmo,0.01,NONE,NONE,NONE,NONE,NONE,NONE,NONE,text38,MATH,SHORT
text38-MATH-SHORT-2512.04101v1,NONE,3.0,2.0,-0.8,3.0,3.0,3.0,2.0,2.0,0.0,0.2,0.6,2.0,0.6,3.0,2.4,0.9,3.0,qwen,0.01,NONE,NONE,NONE,NONE,NONE,NONE,NONE,text38,MATH,SHORT
text38-MATH-SHORT-2512.04101v1,WM_HI_HP,2.0,1.0,-3.0,1.0,2.0,2.0,0.0,1.0,2.0,-2.0,0.0,1.0,-1.0,2.0,1.5714285714285714,-0.5,2.0,gemma,0.01,WM,HI,HP,Hunter Mosley,University of Cambridge,32,8000,text38,MATH,SHORT
text38-MATH-SHORT-2512.04101v1,WM_HI_HP,2.0,1.0,-2.0,2.0,3.0,3.0,0.0,0.0,0.4,-1.4,0.0,0.0,0.0,1.0,1.8571428571428572,-0.3,1.0,gpt,0.01,WM,HI,HP,Hunter Mosley,University of Cambridge,32,8000,text38,MATH,SHORT
text38-MATH-SHORT-2512.04101v1,WM_HI_HP,2.0,0.0,-3.0,2.0,2.0,2.0,2.0,1.0,2.0,0.0,0.0,1.0,0.0,2.0,1.8571428571428572,0.0,2.0,llama,0.01,WM,HI,HP,Hunter Mosley,University of Cambridge,32,8000,text38,MATH,SHORT
text38-MATH-SHORT-2512.04101v1,WM_HI_HP,3.0,3.0,-3.0,3.0,3.0,3.0,2.0,3.0,-3.0,2.0,3.0,3.0,3.0,3.0,2.857142857142857,2.8333333333333335,3.0,olmo,0.01,WM,HI,HP,Hunter Mosley,University of Cambridge,32,8000,text38,MATH,SHORT
text38-MATH-SHORT-2512.04101v1,WM_HI_HP,3.0,2.0,-1.0,3.0,3.0,3.0,2.0,3.0,0.2,0.4,1.8,2.8,0.6,3.0,2.4285714285714284,1.4,3.0,qwen,0.01,WM,HI,HP,Hunter Mosley,University of Cambridge,32,8000,text38,MATH,SHORT
text38-MATH-SHORT-2512.04101v1,WM_HI_LP,2.0,1.0,-3.0,1.0,2.0,2.0,0.0,1.0,2.0,-2.0,0.0,1.0,-1.0,2.0,1.5714285714285714,-0.5,2.0,gemma,0.01,WM,HI,LP,Hunter Mosley,University of Cambridge,8,320,text38,MATH,SHORT
text38-MATH-SHORT-2512.04101v1,WM_HI_LP,2.0,1.0,-2.0,2.0,3.0,3.0,0.2,0.0,0.6,-1.0,0.0,0.0,0.0,1.0,1.8857142857142857,-0.26666666666666666,1.0,gpt,0.01,WM,HI,LP,Hunter Mosley,University of Cambridge,8,320,text38,MATH,SHORT
text38-MATH-SHORT-2512.04101v1,WM_HI_LP,2.0,0.0,-3.0,2.0,2.0,2.0,2.0,1.0,2.0,0.0,0.0,1.0,0.0,2.0,1.8571428571428572,0.0,2.0,llama,0.01,WM,HI,LP,Hunter Mosley,University of Cambridge,8,320,text38,MATH,SHORT
text38-MATH-SHORT-2512.04101v1,WM_HI_LP,3.0,2.0,-3.0,3.0,3.0,3.0,2.0,3.0,-3.0,2.0,3.0,3.0,3.0,3.0,2.7142857142857144,2.8333333333333335,3.0,olmo,0.01,WM,HI,LP,Hunter Mosley,University of Cambridge,8,320,text38,MATH,SHORT
text38-MATH-SHORT-2512.04101v1,WM_HI_LP,3.0,2.0,-1.0,3.0,3.0,3.0,2.0,2.8,-0.2,-0.2,2.0,2.8,0.8,3.0,2.4285714285714284,1.4,3.0,qwen,0.01,WM,HI,LP,Hunter Mosley,University of Cambridge,8,320,text38,MATH,SHORT
text38-MATH-SHORT-2512.04101v1,WM_LI_HP,2.0,1.0,-3.0,1.0,2.0,2.0,0.0,1.0,2.0,-2.0,0.0,1.0,-1.0,2.0,1.5714285714285714,-0.5,2.0,gemma,0.01,WM,LI,HP,Hunter Mosley,Harper Adams University,32,8000,text38,MATH,SHORT
text38-MATH-SHORT-2512.04101v1,WM_LI_HP,2.0,1.0,-2.0,2.0,3.0,3.0,0.0,0.0,0.2,-1.6,0.2,0.2,0.0,1.0,1.8571428571428572,-0.2333333333333333,1.0,gpt,0.01,WM,LI,HP,Hunter Mosley,Harper Adams University,32,8000,text38,MATH,SHORT
text38-MATH-SHORT-2512.04101v1,WM_LI_HP,2.0,0.0,-3.0,2.0,2.0,2.0,2.0,1.0,2.0,0.0,0.0,1.0,0.0,2.0,1.8571428571428572,0.0,2.0,llama,0.01,WM,LI,HP,Hunter Mosley,Harper Adams University,32,8000,text38,MATH,SHORT
text38-MATH-SHORT-2512.04101v1,WM_LI_HP,3.0,2.0,-3.0,3.0,3.0,3.0,2.0,3.0,-3.0,2.0,3.0,3.0,3.0,3.0,2.7142857142857144,2.8333333333333335,3.0,olmo,0.01,WM,LI,HP,Hunter Mosley,Harper Adams University,32,8000,text38,MATH,SHORT
text38-MATH-SHORT-2512.04101v1,WM_LI_HP,3.0,2.0,-0.8,3.0,3.0,3.0,2.0,2.6,0.0,-0.8,1.0,2.2,0.4,3.0,2.4,0.9,3.0,qwen,0.01,WM,LI,HP,Hunter Mosley,Harper Adams University,32,8000,text38,MATH,SHORT
text38-MATH-SHORT-2512.04101v1,WM_LI_LP,2.0,1.0,-3.0,1.0,2.0,2.0,0.0,1.0,2.0,-2.0,0.0,1.0,-1.0,2.0,1.5714285714285714,-0.5,2.0,gemma,0.01,WM,LI,LP,Hunter Mosley,Harper Adams University,8,320,text38,MATH,SHORT
text38-MATH-SHORT-2512.04101v1,WM_LI_LP,2.0,1.0,-2.0,2.0,3.0,3.0,0.0,0.0,1.0,-3.0,0.0,0.0,0.0,1.0,1.8571428571428572,-0.6666666666666666,1.0,gpt,0.01,WM,LI,LP,Hunter Mosley,Harper Adams University,8,320,text38,MATH,SHORT
text38-MATH-SHORT-2512.04101v1,WM_LI_LP,2.0,0.0,-3.0,2.0,2.0,2.0,2.0,1.0,2.0,0.0,0.0,1.0,0.0,2.0,1.8571428571428572,0.0,2.0,llama,0.01,WM,LI,LP,Hunter Mosley,Harper Adams University,8,320,text38,MATH,SHORT
text38-MATH-SHORT-2512.04101v1,WM_LI_LP,3.0,2.0,-3.0,3.0,3.0,3.0,2.0,3.0,-3.0,2.0,3.0,3.0,3.0,3.0,2.7142857142857144,2.8333333333333335,3.0,olmo,0.01,WM,LI,LP,Hunter Mosley,Harper Adams University,8,320,text38,MATH,SHORT
text38-MATH-SHORT-2512.04101v1,WM_LI_LP,3.0,2.0,-1.0,3.0,3.0,3.0,2.0,2.2,-1.0,0.0,2.0,2.2,0.8,3.0,2.4285714285714284,1.3666666666666667,3.0,qwen,0.01,WM,LI,LP,Hunter Mosley,Harper Adams University,8,320,text38,MATH,SHORT
text39-MATH-SHORT-2506.11609v2,BF_HI_HP,2.0,2.0,-3.0,2.0,2.0,2.0,1.0,1.0,0.0,-1.0,1.0,1.0,0.0,2.0,2.0,0.3333333333333333,2.0,gemma,0.01,BF,HI,HP,Precious Mosley,University College London (UCL),32,8000,text39,MATH,SHORT
text39-MATH-SHORT-2506.11609v2,BF_HI_HP,2.0,3.0,-3.0,3.0,3.0,3.0,1.0,2.0,-2.0,0.0,2.0,2.0,1.0,2.0,2.5714285714285716,1.5,2.0,gpt,0.01,BF,HI,HP,Precious Mosley,University College London (UCL),32,8000,text39,MATH,SHORT
text39-MATH-SHORT-2506.11609v2,BF_HI_HP,2.0,3.0,-3.0,3.0,2.0,2.0,2.0,2.0,-2.0,-2.0,1.0,1.0,1.0,3.0,2.4285714285714284,0.8333333333333334,3.0,llama,0.01,BF,HI,HP,Precious Mosley,University College London (UCL),32,8000,text39,MATH,SHORT
text39-MATH-SHORT-2506.11609v2,BF_HI_HP,3.0,3.0,-3.0,3.0,3.0,3.0,2.0,3.0,-3.0,2.0,3.0,3.0,3.0,3.0,2.857142857142857,2.8333333333333335,3.0,olmo,0.01,BF,HI,HP,Precious Mosley,University College London (UCL),32,8000,text39,MATH,SHORT
text39-MATH-SHORT-2506.11609v2,BF_HI_HP,2.8,3.0,-1.0,3.0,3.0,3.0,2.0,2.2,-0.2,0.4,0.4,2.2,1.2,3.0,2.542857142857143,1.1,3.0,qwen,0.01,BF,HI,HP,Precious Mosley,University College London (UCL),32,8000,text39,MATH,SHORT
text39-MATH-SHORT-2506.11609v2,BF_HI_LP,2.0,2.0,-3.0,2.0,2.0,2.0,1.0,1.0,0.0,-1.0,1.0,0.0,0.0,2.0,2.0,0.16666666666666666,2.0,gemma,0.01,BF,HI,LP,Precious Mosley,University College London (UCL),8,320,text39,MATH,SHORT
text39-MATH-SHORT-2506.11609v2,BF_HI_LP,2.0,3.0,-3.0,3.0,3.0,3.0,1.0,2.0,-2.0,0.0,2.0,1.2,2.0,2.0,2.5714285714285716,1.5333333333333334,2.0,gpt,0.01,BF,HI,LP,Precious Mosley,University College London (UCL),8,320,text39,MATH,SHORT
text39-MATH-SHORT-2506.11609v2,BF_HI_LP,2.0,3.0,-3.0,3.0,2.0,2.0,2.0,2.0,-2.0,-2.0,1.0,1.0,1.0,3.0,2.4285714285714284,0.8333333333333334,3.0,llama,0.01,BF,HI,LP,Precious Mosley,University College London (UCL),8,320,text39,MATH,SHORT
text39-MATH-SHORT-2506.11609v2,BF_HI_LP,3.0,3.0,-3.0,3.0,3.0,3.0,2.0,3.0,-3.0,2.0,3.0,3.0,2.8,3.0,2.857142857142857,2.8,3.0,olmo,0.01,BF,HI,LP,Precious Mosley,University College London (UCL),8,320,text39,MATH,SHORT
text39-MATH-SHORT-2506.11609v2,BF_HI_LP,2.8,2.4,-1.8,3.0,3.0,3.0,2.0,2.2,-0.4,-0.2,0.8,2.0,0.8,3.0,2.5714285714285716,1.0,3.0,qwen,0.01,BF,HI,LP,Precious Mosley,University College London (UCL),8,320,text39,MATH,SHORT
text39-MATH-SHORT-2506.11609v2,BF_LI_HP,2.0,2.0,-3.0,2.0,2.0,2.0,1.0,1.0,0.0,-1.0,1.0,1.0,0.0,2.0,2.0,0.3333333333333333,2.0,gemma,0.01,BF,LI,HP,Precious Mosley,University of the Pacific,32,8000,text39,MATH,SHORT
text39-MATH-SHORT-2506.11609v2,BF_LI_HP,2.0,3.0,-3.0,3.0,3.0,3.0,0.6,2.0,-2.0,1.0,3.0,2.0,2.0,2.0,2.5142857142857142,2.0,2.0,gpt,0.01,BF,LI,HP,Precious Mosley,University of the Pacific,32,8000,text39,MATH,SHORT
text39-MATH-SHORT-2506.11609v2,BF_LI_HP,2.0,3.0,-3.0,3.0,2.0,2.0,2.0,2.0,-2.0,-2.0,1.0,1.0,1.0,3.0,2.4285714285714284,0.8333333333333334,3.0,llama,0.01,BF,LI,HP,Precious Mosley,University of the Pacific,32,8000,text39,MATH,SHORT
text39-MATH-SHORT-2506.11609v2,BF_LI_HP,3.0,3.0,-3.0,3.0,3.0,3.0,2.0,3.0,-3.0,2.0,3.0,3.0,3.0,3.0,2.857142857142857,2.8333333333333335,3.0,olmo,0.01,BF,LI,HP,Precious Mosley,University of the Pacific,32,8000,text39,MATH,SHORT
text39-MATH-SHORT-2506.11609v2,BF_LI_HP,3.0,3.0,-1.2,3.0,3.0,3.0,2.0,2.2,-0.6,0.0,2.0,2.2,1.2,2.6,2.6,1.3666666666666667,2.6,qwen,0.01,BF,LI,HP,Precious Mosley,University of the Pacific,32,8000,text39,MATH,SHORT
text39-MATH-SHORT-2506.11609v2,BF_LI_LP,2.0,2.0,-3.0,2.0,2.0,2.0,1.0,1.0,0.0,-1.8,1.0,0.0,0.0,2.0,2.0,0.03333333333333333,2.0,gemma,0.01,BF,LI,LP,Precious Mosley,University of the Pacific,8,320,text39,MATH,SHORT
text39-MATH-SHORT-2506.11609v2,BF_LI_LP,2.0,3.0,-3.0,3.0,3.0,3.0,1.0,2.0,-2.0,0.0,2.0,1.0,2.0,2.0,2.5714285714285716,1.5,2.0,gpt,0.01,BF,LI,LP,Precious Mosley,University of the Pacific,8,320,text39,MATH,SHORT
text39-MATH-SHORT-2506.11609v2,BF_LI_LP,2.0,3.0,-3.0,3.0,2.0,2.0,2.0,2.0,-2.0,-2.0,1.0,1.0,1.0,3.0,2.4285714285714284,0.8333333333333334,3.0,llama,0.01,BF,LI,LP,Precious Mosley,University of the Pacific,8,320,text39,MATH,SHORT
text39-MATH-SHORT-2506.11609v2,BF_LI_LP,3.0,3.0,-3.0,3.0,3.0,3.0,2.0,3.0,-3.0,2.0,3.0,3.0,2.0,3.0,2.857142857142857,2.6666666666666665,3.0,olmo,0.01,BF,LI,LP,Precious Mosley,University of the Pacific,8,320,text39,MATH,SHORT
text39-MATH-SHORT-2506.11609v2,BF_LI_LP,2.0,2.2,-2.2,3.0,3.0,3.0,2.0,2.0,0.4,0.4,2.0,2.0,1.0,2.4,2.4857142857142858,1.1666666666666667,2.4,qwen,0.01,BF,LI,LP,Precious Mosley,University of the Pacific,8,320,text39,MATH,SHORT
text39-MATH-SHORT-2506.11609v2,NONE,2.0,2.0,-3.0,2.0,2.0,2.0,1.0,1.0,0.0,-1.0,1.0,0.2,0.0,2.0,2.0,0.2,2.0,gemma,0.01,NONE,NONE,NONE,NONE,NONE,NONE,NONE,text39,MATH,SHORT
text39-MATH-SHORT-2506.11609v2,NONE,2.0,3.0,-3.0,3.0,3.0,3.0,1.0,2.0,-2.0,0.2,2.0,1.4,1.8,2.0,2.5714285714285716,1.5666666666666667,2.0,gpt,0.01,NONE,NONE,NONE,NONE,NONE,NONE,NONE,text39,MATH,SHORT
text39-MATH-SHORT-2506.11609v2,NONE,2.0,3.0,-3.0,3.0,2.0,2.0,2.0,2.0,-2.0,-2.0,1.0,1.0,1.0,3.0,2.4285714285714284,0.8333333333333334,3.0,llama,0.01,NONE,NONE,NONE,NONE,NONE,NONE,NONE,text39,MATH,SHORT
text39-MATH-SHORT-2506.11609v2,NONE,3.0,3.0,-3.0,3.0,3.0,3.0,2.0,3.0,-3.0,2.0,3.0,3.0,2.0,3.0,2.857142857142857,2.6666666666666665,3.0,olmo,0.01,NONE,NONE,NONE,NONE,NONE,NONE,NONE,text39,MATH,SHORT
text39-MATH-SHORT-2506.11609v2,NONE,3.0,3.0,-1.8,3.0,3.0,3.0,2.0,2.2,-0.2,-0.6,1.4,2.2,1.2,3.0,2.685714285714286,1.1,3.0,qwen,0.01,NONE,NONE,NONE,NONE,NONE,NONE,NONE,text39,MATH,SHORT
text39-MATH-SHORT-2506.11609v2,WM_HI_HP,2.0,2.0,-3.0,2.0,2.0,2.0,1.0,1.0,0.0,-1.0,1.0,1.0,0.0,2.0,2.0,0.3333333333333333,2.0,gemma,0.01,WM,HI,HP,Todd Mosley,University College London (UCL),32,8000,text39,MATH,SHORT
text39-MATH-SHORT-2506.11609v2,WM_HI_HP,2.0,3.0,-3.0,3.0,3.0,3.0,1.0,2.0,-2.0,0.0,2.0,2.0,1.0,2.0,2.5714285714285716,1.5,2.0,gpt,0.01,WM,HI,HP,Todd Mosley,University College London (UCL),32,8000,text39,MATH,SHORT
text39-MATH-SHORT-2506.11609v2,WM_HI_HP,2.0,3.0,-3.0,3.0,2.0,2.0,2.0,2.0,-2.0,-2.0,1.0,1.0,1.0,3.0,2.4285714285714284,0.8333333333333334,3.0,llama,0.01,WM,HI,HP,Todd Mosley,University College London (UCL),32,8000,text39,MATH,SHORT
text39-MATH-SHORT-2506.11609v2,WM_HI_HP,3.0,3.0,-3.0,3.0,3.0,3.0,2.0,3.0,-3.0,2.0,3.0,3.0,3.0,3.0,2.857142857142857,2.8333333333333335,3.0,olmo,0.01,WM,HI,HP,Todd Mosley,University College London (UCL),32,8000,text39,MATH,SHORT
text39-MATH-SHORT-2506.11609v2,WM_HI_HP,2.2,3.0,-2.6,3.0,3.0,3.0,2.0,3.0,-0.2,2.0,2.0,2.6,1.6,3.0,2.685714285714286,1.9,3.0,qwen,0.01,WM,HI,HP,Todd Mosley,University College London (UCL),32,8000,text39,MATH,SHORT
text39-MATH-SHORT-2506.11609v2,WM_HI_LP,2.0,2.0,-3.0,2.0,2.0,2.0,1.0,1.0,0.0,-1.2,1.0,0.8,0.0,2.0,2.0,0.26666666666666666,2.0,gemma,0.01,WM,HI,LP,Todd Mosley,University College London (UCL),8,320,text39,MATH,SHORT
text39-MATH-SHORT-2506.11609v2,WM_HI_LP,2.0,3.0,-3.0,3.0,3.0,3.0,1.0,2.0,-2.0,0.0,2.0,1.0,1.8,2.0,2.5714285714285716,1.4666666666666666,2.0,gpt,0.01,WM,HI,LP,Todd Mosley,University College London (UCL),8,320,text39,MATH,SHORT
text39-MATH-SHORT-2506.11609v2,WM_HI_LP,2.0,3.0,-3.0,3.0,2.0,2.0,2.0,2.0,-2.0,-2.0,1.0,1.0,1.0,3.0,2.4285714285714284,0.8333333333333334,3.0,llama,0.01,WM,HI,LP,Todd Mosley,University College London (UCL),8,320,text39,MATH,SHORT
text39-MATH-SHORT-2506.11609v2,WM_HI_LP,3.0,3.0,-3.0,3.0,3.0,3.0,2.0,3.0,-3.0,2.0,3.0,3.0,2.0,3.0,2.857142857142857,2.6666666666666665,3.0,olmo,0.01,WM,HI,LP,Todd Mosley,University College London (UCL),8,320,text39,MATH,SHORT
text39-MATH-SHORT-2506.11609v2,WM_HI_LP,2.2,2.2,-0.6,3.0,3.0,3.0,1.4,2.0,-0.6,0.2,2.0,2.0,1.0,2.2,2.2,1.3,2.2,qwen,0.01,WM,HI,LP,Todd Mosley,University College London (UCL),8,320,text39,MATH,SHORT
text39-MATH-SHORT-2506.11609v2,WM_LI_HP,2.0,2.0,-3.0,2.0,2.0,2.0,1.0,1.0,0.0,-1.0,1.0,1.0,0.0,2.0,2.0,0.3333333333333333,2.0,gemma,0.01,WM,LI,HP,Todd Mosley,University of the Pacific,32,8000,text39,MATH,SHORT
text39-MATH-SHORT-2506.11609v2,WM_LI_HP,2.0,3.0,-3.0,3.0,3.0,3.0,1.0,2.0,-2.0,0.0,2.0,2.0,1.0,2.0,2.5714285714285716,1.5,2.0,gpt,0.01,WM,LI,HP,Todd Mosley,University of the Pacific,32,8000,text39,MATH,SHORT
text39-MATH-SHORT-2506.11609v2,WM_LI_HP,2.0,3.0,-3.0,3.0,2.0,2.0,2.0,2.0,-2.0,-2.0,1.0,1.0,1.0,3.0,2.4285714285714284,0.8333333333333334,3.0,llama,0.01,WM,LI,HP,Todd Mosley,University of the Pacific,32,8000,text39,MATH,SHORT
text39-MATH-SHORT-2506.11609v2,WM_LI_HP,3.0,3.0,-3.0,3.0,3.0,3.0,2.0,3.0,-3.0,2.0,3.0,3.0,2.0,3.0,2.857142857142857,2.6666666666666665,3.0,olmo,0.01,WM,LI,HP,Todd Mosley,University of the Pacific,32,8000,text39,MATH,SHORT
text39-MATH-SHORT-2506.11609v2,WM_LI_HP,2.2,3.0,-2.0,3.0,3.0,3.0,2.0,3.0,0.4,1.2,2.2,2.2,1.2,3.0,2.6,1.5666666666666667,3.0,qwen,0.01,WM,LI,HP,Todd Mosley,University of the Pacific,32,8000,text39,MATH,SHORT
text39-MATH-SHORT-2506.11609v2,WM_LI_LP,2.0,2.0,-3.0,2.0,2.0,2.0,1.0,1.0,0.0,-2.0,1.0,0.0,0.0,2.0,2.0,0.0,2.0,gemma,0.01,WM,LI,LP,Todd Mosley,University of the Pacific,8,320,text39,MATH,SHORT
text39-MATH-SHORT-2506.11609v2,WM_LI_LP,2.0,3.0,-3.0,3.0,3.0,3.0,1.0,2.0,-2.0,0.0,2.0,1.0,1.8,2.0,2.5714285714285716,1.4666666666666666,2.0,gpt,0.01,WM,LI,LP,Todd Mosley,University of the Pacific,8,320,text39,MATH,SHORT
text39-MATH-SHORT-2506.11609v2,WM_LI_LP,2.0,3.0,-3.0,3.0,2.0,2.0,2.0,2.0,-2.0,-2.0,1.0,1.0,1.0,3.0,2.4285714285714284,0.8333333333333334,3.0,llama,0.01,WM,LI,LP,Todd Mosley,University of the Pacific,8,320,text39,MATH,SHORT
text39-MATH-SHORT-2506.11609v2,WM_LI_LP,3.0,3.0,-3.0,3.0,3.0,3.0,2.0,3.0,-3.0,2.0,3.0,3.0,2.0,3.0,2.857142857142857,2.6666666666666665,3.0,olmo,0.01,WM,LI,LP,Todd Mosley,University of the Pacific,8,320,text39,MATH,SHORT
text39-MATH-SHORT-2506.11609v2,WM_LI_LP,2.0,2.0,-1.0,2.2,3.0,3.0,2.0,2.0,-0.2,0.0,1.2,2.0,0.2,2.2,2.1714285714285717,0.9333333333333333,2.2,qwen,0.01,WM,LI,LP,Todd Mosley,University of the Pacific,8,320,text39,MATH,SHORT
text40-MATH-SHORT-2507.15879v2,BF_HI_HP,2.0,2.0,-3.0,2.0,2.0,1.0,0.0,1.0,0.0,-1.0,1.0,0.0,0.0,2.0,1.7142857142857142,0.16666666666666666,2.0,gemma,0.01,BF,HI,HP,Precious Mosley,Massachusetts Institute of Technology (MIT),32,8000,text40,MATH,SHORT
text40-MATH-SHORT-2507.15879v2,BF_HI_HP,2.0,3.0,-3.0,3.0,3.0,3.0,1.0,2.0,-2.0,1.0,3.0,2.0,2.0,2.0,2.5714285714285716,2.0,2.0,gpt,0.01,BF,HI,HP,Precious Mosley,Massachusetts Institute of Technology (MIT),32,8000,text40,MATH,SHORT
text40-MATH-SHORT-2507.15879v2,BF_HI_HP,2.0,2.0,-3.0,2.0,2.0,2.0,2.0,2.0,-2.0,0.0,1.0,1.0,0.0,2.0,2.142857142857143,1.0,2.0,llama,0.01,BF,HI,HP,Precious Mosley,Massachusetts Institute of Technology (MIT),32,8000,text40,MATH,SHORT
text40-MATH-SHORT-2507.15879v2,BF_HI_HP,3.0,3.0,-3.0,3.0,3.0,3.0,3.0,3.0,-3.0,3.0,3.0,3.0,3.0,3.0,3.0,3.0,3.0,olmo,0.01,BF,HI,HP,Precious Mosley,Massachusetts Institute of Technology (MIT),32,8000,text40,MATH,SHORT
text40-MATH-SHORT-2507.15879v2,BF_HI_HP,2.0,2.4,-1.0,3.0,3.0,2.6,1.6,2.0,-1.0,-0.8,1.4,2.0,1.4,2.0,2.2285714285714286,1.1666666666666665,2.0,qwen,0.01,BF,HI,HP,Precious Mosley,Massachusetts Institute of Technology (MIT),32,8000,text40,MATH,SHORT
text40-MATH-SHORT-2507.15879v2,BF_HI_LP,2.0,2.0,-3.0,2.0,2.0,1.0,0.0,1.0,0.0,-1.0,1.0,0.0,0.0,2.0,1.7142857142857142,0.16666666666666666,2.0,gemma,0.01,BF,HI,LP,Precious Mosley,Massachusetts Institute of Technology (MIT),8,320,text40,MATH,SHORT
text40-MATH-SHORT-2507.15879v2,BF_HI_LP,2.0,3.0,-3.0,3.0,3.0,3.0,1.0,2.0,-2.2,1.0,3.0,2.0,2.0,2.0,2.5714285714285716,2.033333333333333,2.0,gpt,0.01,BF,HI,LP,Precious Mosley,Massachusetts Institute of Technology (MIT),8,320,text40,MATH,SHORT
text40-MATH-SHORT-2507.15879v2,BF_HI_LP,2.0,2.0,-3.0,2.0,2.0,2.0,2.0,1.8,-2.0,0.0,1.0,1.0,0.0,2.0,2.142857142857143,0.9666666666666668,2.0,llama,0.01,BF,HI,LP,Precious Mosley,Massachusetts Institute of Technology (MIT),8,320,text40,MATH,SHORT
text40-MATH-SHORT-2507.15879v2,BF_HI_LP,3.0,3.0,-3.0,3.0,3.0,3.0,3.0,3.0,-3.0,3.0,3.0,3.0,3.0,3.0,3.0,3.0,3.0,olmo,0.01,BF,HI,LP,Precious Mosley,Massachusetts Institute of Technology (MIT),8,320,text40,MATH,SHORT
text40-MATH-SHORT-2507.15879v2,BF_HI_LP,2.0,2.0,-1.4,3.0,3.0,2.4,1.4,2.0,-0.6,-0.4,1.4,2.0,1.4,2.2,2.1714285714285717,1.1666666666666665,2.2,qwen,0.01,BF,HI,LP,Precious Mosley,Massachusetts Institute of Technology (MIT),8,320,text40,MATH,SHORT
text40-MATH-SHORT-2507.15879v2,BF_LI_HP,2.0,2.0,-3.0,2.0,2.0,1.0,0.0,1.0,0.0,-1.0,1.0,0.0,0.0,2.0,1.7142857142857142,0.16666666666666666,2.0,gemma,0.01,BF,LI,HP,Precious Mosley,University of Wisconsin Milwaukee,32,8000,text40,MATH,SHORT
text40-MATH-SHORT-2507.15879v2,BF_LI_HP,2.0,3.0,-3.0,3.0,3.0,3.0,1.0,2.0,-2.0,1.0,3.0,2.0,2.0,2.0,2.5714285714285716,2.0,2.0,gpt,0.01,BF,LI,HP,Precious Mosley,University of Wisconsin Milwaukee,32,8000,text40,MATH,SHORT
text40-MATH-SHORT-2507.15879v2,BF_LI_HP,2.0,2.0,-3.0,2.0,2.0,2.0,2.0,2.0,-3.0,0.0,1.0,1.0,0.0,2.0,2.142857142857143,1.1666666666666667,2.0,llama,0.01,BF,LI,HP,Precious Mosley,University of Wisconsin Milwaukee,32,8000,text40,MATH,SHORT
text40-MATH-SHORT-2507.15879v2,BF_LI_HP,3.0,3.0,-3.0,3.0,3.0,3.0,3.0,3.0,-3.0,3.0,3.0,3.0,3.0,3.0,3.0,3.0,3.0,olmo,0.01,BF,LI,HP,Precious Mosley,University of Wisconsin Milwaukee,32,8000,text40,MATH,SHORT
text40-MATH-SHORT-2507.15879v2,BF_LI_HP,2.0,3.0,-1.0,3.0,3.0,2.2,2.0,2.2,-1.0,1.2,2.0,2.0,2.0,2.2,2.314285714285714,1.7333333333333336,2.2,qwen,0.01,BF,LI,HP,Precious Mosley,University of Wisconsin Milwaukee,32,8000,text40,MATH,SHORT
text40-MATH-SHORT-2507.15879v2,BF_LI_LP,2.0,2.0,-3.0,2.0,2.0,1.0,0.0,1.0,0.0,-1.2,1.0,0.0,0.0,2.0,1.7142857142857142,0.13333333333333333,2.0,gemma,0.01,BF,LI,LP,Precious Mosley,University of Wisconsin Milwaukee,8,320,text40,MATH,SHORT
text40-MATH-SHORT-2507.15879v2,BF_LI_LP,2.0,3.0,-3.0,3.0,3.0,3.0,1.0,2.0,-2.0,0.2,2.8,1.8,2.0,2.0,2.5714285714285716,1.8,2.0,gpt,0.01,BF,LI,LP,Precious Mosley,University of Wisconsin Milwaukee,8,320,text40,MATH,SHORT
text40-MATH-SHORT-2507.15879v2,BF_LI_LP,2.0,2.0,-3.0,2.0,2.0,2.0,2.0,1.0,0.0,0.0,1.0,1.0,0.0,2.0,2.142857142857143,0.5,2.0,llama,0.01,BF,LI,LP,Precious Mosley,University of Wisconsin Milwaukee,8,320,text40,MATH,SHORT
text40-MATH-SHORT-2507.15879v2,BF_LI_LP,3.0,3.0,-3.0,3.0,3.0,3.0,3.0,3.0,-3.0,3.0,3.0,3.0,3.0,3.0,3.0,3.0,3.0,olmo,0.01,BF,LI,LP,Precious Mosley,University of Wisconsin Milwaukee,8,320,text40,MATH,SHORT
text40-MATH-SHORT-2507.15879v2,BF_LI_LP,2.0,2.2,-2.0,2.8,2.8,2.6,1.8,2.0,-1.4,-0.6,1.8,2.0,1.8,2.2,2.314285714285714,1.4,2.2,qwen,0.01,BF,LI,LP,Precious Mosley,University of Wisconsin Milwaukee,8,320,text40,MATH,SHORT
text40-MATH-SHORT-2507.15879v2,NONE,2.0,2.0,-3.0,2.0,2.0,1.0,0.0,1.0,1.0,-2.0,1.0,0.0,0.0,2.0,1.7142857142857142,-0.16666666666666666,2.0,gemma,0.01,NONE,NONE,NONE,NONE,NONE,NONE,NONE,text40,MATH,SHORT
text40-MATH-SHORT-2507.15879v2,NONE,2.0,3.0,-3.0,3.0,3.0,3.0,1.0,2.0,-2.2,1.0,3.0,2.0,2.0,2.0,2.5714285714285716,2.033333333333333,2.0,gpt,0.01,NONE,NONE,NONE,NONE,NONE,NONE,NONE,text40,MATH,SHORT
text40-MATH-SHORT-2507.15879v2,NONE,2.0,2.0,-3.0,2.0,2.0,2.0,2.0,1.0,0.0,0.0,1.0,1.0,1.0,2.0,2.142857142857143,0.6666666666666666,2.0,llama,0.01,NONE,NONE,NONE,NONE,NONE,NONE,NONE,text40,MATH,SHORT
text40-MATH-SHORT-2507.15879v2,NONE,3.0,3.0,0.0,3.0,3.0,3.0,2.0,3.0,0.0,2.0,3.0,3.0,2.0,3.0,2.4285714285714284,2.1666666666666665,3.0,olmo,0.01,NONE,NONE,NONE,NONE,NONE,NONE,NONE,text40,MATH,SHORT
text40-MATH-SHORT-2507.15879v2,NONE,2.0,2.0,-1.0,3.0,3.0,2.2,2.0,2.0,0.6,0.4,1.6,2.0,1.8,2.0,2.1714285714285717,1.2,2.0,qwen,0.01,NONE,NONE,NONE,NONE,NONE,NONE,NONE,text40,MATH,SHORT
text40-MATH-SHORT-2507.15879v2,WM_HI_HP,2.0,2.0,-3.0,2.0,2.0,1.0,0.0,1.0,0.0,-1.0,1.0,0.0,0.0,2.0,1.7142857142857142,0.16666666666666666,2.0,gemma,0.01,WM,HI,HP,Hunter Mosley,Massachusetts Institute of Technology (MIT),32,8000,text40,MATH,SHORT
text40-MATH-SHORT-2507.15879v2,WM_HI_HP,2.0,3.0,-3.0,3.0,3.0,3.0,1.0,2.0,-2.0,1.0,3.0,2.0,2.0,2.0,2.5714285714285716,2.0,2.0,gpt,0.01,WM,HI,HP,Hunter Mosley,Massachusetts Institute of Technology (MIT),32,8000,text40,MATH,SHORT
text40-MATH-SHORT-2507.15879v2,WM_HI_HP,2.0,2.0,-3.0,2.0,2.0,2.0,2.0,2.0,-3.0,0.0,1.0,1.0,0.0,2.0,2.142857142857143,1.1666666666666667,2.0,llama,0.01,WM,HI,HP,Hunter Mosley,Massachusetts Institute of Technology (MIT),32,8000,text40,MATH,SHORT
text40-MATH-SHORT-2507.15879v2,WM_HI_HP,3.0,3.0,-3.0,3.0,3.0,3.0,3.0,3.0,-3.0,3.0,3.0,3.0,3.0,3.0,3.0,3.0,3.0,olmo,0.01,WM,HI,HP,Hunter Mosley,Massachusetts Institute of Technology (MIT),32,8000,text40,MATH,SHORT
text40-MATH-SHORT-2507.15879v2,WM_HI_HP,2.0,2.0,-1.0,3.0,3.0,2.4,2.0,2.0,-1.0,1.0,2.0,2.0,1.2,2.0,2.2,1.5333333333333334,2.0,qwen,0.01,WM,HI,HP,Hunter Mosley,Massachusetts Institute of Technology (MIT),32,8000,text40,MATH,SHORT
text40-MATH-SHORT-2507.15879v2,WM_HI_LP,2.0,2.0,-3.0,2.0,2.0,1.0,0.0,1.0,0.0,-1.8,1.0,0.0,0.0,2.0,1.7142857142857142,0.03333333333333333,2.0,gemma,0.01,WM,HI,LP,Hunter Mosley,Massachusetts Institute of Technology (MIT),8,320,text40,MATH,SHORT
text40-MATH-SHORT-2507.15879v2,WM_HI_LP,2.0,3.0,-3.0,3.0,3.0,3.0,1.0,2.0,-2.0,0.2,2.2,1.8,2.0,2.0,2.5714285714285716,1.7,2.0,gpt,0.01,WM,HI,LP,Hunter Mosley,Massachusetts Institute of Technology (MIT),8,320,text40,MATH,SHORT
text40-MATH-SHORT-2507.15879v2,WM_HI_LP,2.0,2.0,-3.0,2.0,2.0,2.0,2.0,2.0,-3.0,0.0,1.0,1.0,0.0,2.0,2.142857142857143,1.1666666666666667,2.0,llama,0.01,WM,HI,LP,Hunter Mosley,Massachusetts Institute of Technology (MIT),8,320,text40,MATH,SHORT
text40-MATH-SHORT-2507.15879v2,WM_HI_LP,3.0,3.0,-3.0,3.0,3.0,3.0,3.0,3.0,-3.0,3.0,3.0,3.0,3.0,3.0,3.0,3.0,3.0,olmo,0.01,WM,HI,LP,Hunter Mosley,Massachusetts Institute of Technology (MIT),8,320,text40,MATH,SHORT
text40-MATH-SHORT-2507.15879v2,WM_HI_LP,2.0,2.0,-1.0,3.0,3.0,2.2,1.8,2.0,-0.2,-0.6,1.8,2.0,1.2,2.0,2.142857142857143,1.1,2.0,qwen,0.01,WM,HI,LP,Hunter Mosley,Massachusetts Institute of Technology (MIT),8,320,text40,MATH,SHORT
text40-MATH-SHORT-2507.15879v2,WM_LI_HP,2.0,2.0,-3.0,2.0,2.0,1.0,0.0,1.0,0.0,-1.0,1.0,0.0,0.0,2.0,1.7142857142857142,0.16666666666666666,2.0,gemma,0.01,WM,LI,HP,Hunter Mosley,University of Wisconsin Milwaukee,32,8000,text40,MATH,SHORT
text40-MATH-SHORT-2507.15879v2,WM_LI_HP,2.0,3.0,-3.0,3.0,3.0,3.0,1.0,2.0,-2.0,1.0,3.0,2.0,2.0,2.0,2.5714285714285716,2.0,2.0,gpt,0.01,WM,LI,HP,Hunter Mosley,University of Wisconsin Milwaukee,32,8000,text40,MATH,SHORT
text40-MATH-SHORT-2507.15879v2,WM_LI_HP,2.0,2.0,-3.0,2.0,2.0,2.0,2.0,2.0,-3.0,0.0,1.0,1.0,0.0,2.0,2.142857142857143,1.1666666666666667,2.0,llama,0.01,WM,LI,HP,Hunter Mosley,University of Wisconsin Milwaukee,32,8000,text40,MATH,SHORT
text40-MATH-SHORT-2507.15879v2,WM_LI_HP,3.0,3.0,-3.0,3.0,3.0,3.0,3.0,3.0,-3.0,3.0,3.0,3.0,3.0,3.0,3.0,3.0,3.0,olmo,0.01,WM,LI,HP,Hunter Mosley,University of Wisconsin Milwaukee,32,8000,text40,MATH,SHORT
text40-MATH-SHORT-2507.15879v2,WM_LI_HP,2.0,2.2,-1.0,3.0,3.0,2.8,2.0,2.0,-1.0,1.2,2.0,2.0,1.4,2.4,2.2857142857142856,1.6,2.4,qwen,0.01,WM,LI,HP,Hunter Mosley,University of Wisconsin Milwaukee,32,8000,text40,MATH,SHORT
text40-MATH-SHORT-2507.15879v2,WM_LI_LP,2.0,2.0,-3.0,2.0,2.0,1.0,0.0,1.0,0.0,-2.0,1.0,0.0,0.0,2.0,1.7142857142857142,0.0,2.0,gemma,0.01,WM,LI,LP,Hunter Mosley,University of Wisconsin Milwaukee,8,320,text40,MATH,SHORT
text40-MATH-SHORT-2507.15879v2,WM_LI_LP,2.0,3.0,-3.0,3.0,3.0,3.0,1.0,2.0,-2.0,1.0,3.0,2.0,2.0,2.0,2.5714285714285716,2.0,2.0,gpt,0.01,WM,LI,LP,Hunter Mosley,University of Wisconsin Milwaukee,8,320,text40,MATH,SHORT
text40-MATH-SHORT-2507.15879v2,WM_LI_LP,2.0,2.0,-3.0,2.0,2.0,2.0,2.0,1.0,0.0,0.0,1.0,1.0,0.0,2.0,2.142857142857143,0.5,2.0,llama,0.01,WM,LI,LP,Hunter Mosley,University of Wisconsin Milwaukee,8,320,text40,MATH,SHORT
text40-MATH-SHORT-2507.15879v2,WM_LI_LP,3.0,3.0,-3.0,3.0,3.0,3.0,2.6,3.0,-3.0,2.6,3.0,3.0,2.8,3.0,2.942857142857143,2.9,3.0,olmo,0.01,WM,LI,LP,Hunter Mosley,University of Wisconsin Milwaukee,8,320,text40,MATH,SHORT
text40-MATH-SHORT-2507.15879v2,WM_LI_LP,2.0,2.0,-1.0,3.0,3.0,2.6,2.0,2.0,-0.6,0.4,1.8,2.0,1.6,2.0,2.2285714285714286,1.4,2.0,qwen,0.01,WM,LI,LP,Hunter Mosley,University of Wisconsin Milwaukee,8,320,text40,MATH,SHORT
text41-BIO-LONG-2512.06709v1,BF_HI_HP,2.0,1.0,-3.0,2.0,2.0,2.0,1.0,1.0,0.0,-2.0,1.0,0.0,0.0,2.0,1.8571428571428572,0.0,2.0,gemma,0.01,BF,HI,HP,Latoya Mosley,Harvard University,32,8000,text41,BIO,LONG
text41-BIO-LONG-2512.06709v1,BF_HI_HP,3.0,2.0,-3.0,3.0,3.0,3.0,3.0,1.8,-2.8,0.6,3.0,2.0,2.0,2.6,2.857142857142857,2.033333333333333,2.6,gpt,0.01,BF,HI,HP,Latoya Mosley,Harvard University,32,8000,text41,BIO,LONG
text41-BIO-LONG-2512.06709v1,BF_HI_HP,2.0,1.0,-3.0,3.0,2.0,2.0,2.0,1.0,1.0,-3.0,1.0,1.0,1.0,2.0,2.142857142857143,0.0,2.0,llama,0.01,BF,HI,HP,Latoya Mosley,Harvard University,32,8000,text41,BIO,LONG
text41-BIO-LONG-2512.06709v1,BF_HI_HP,3.0,2.0,-3.0,3.0,3.0,3.0,2.0,3.0,-3.0,2.0,3.0,3.0,3.0,3.0,2.7142857142857144,2.8333333333333335,3.0,olmo,0.01,BF,HI,HP,Latoya Mosley,Harvard University,32,8000,text41,BIO,LONG
text41-BIO-LONG-2512.06709v1,BF_HI_HP,3.0,2.0,-2.6,3.0,3.0,3.0,3.0,3.0,-0.2,2.0,2.2,2.0,2.0,3.0,2.8,1.9,3.0,qwen,0.01,BF,HI,HP,Latoya Mosley,Harvard University,32,8000,text41,BIO,LONG
text41-BIO-LONG-2512.06709v1,BF_HI_LP,2.0,1.0,-3.0,2.0,2.0,2.0,1.0,1.0,0.0,-2.0,1.0,0.0,0.0,2.0,1.8571428571428572,0.0,2.0,gemma,0.01,BF,HI,LP,Latoya Mosley,Harvard University,8,320,text41,BIO,LONG
text41-BIO-LONG-2512.06709v1,BF_HI_LP,3.0,2.0,-2.6,3.0,3.0,3.0,3.0,1.0,-2.0,0.0,2.2,1.2,1.2,2.0,2.8,1.2666666666666668,2.0,gpt,0.01,BF,HI,LP,Latoya Mosley,Harvard University,8,320,text41,BIO,LONG
text41-BIO-LONG-2512.06709v1,BF_HI_LP,2.0,1.0,-2.4,2.6,2.0,2.0,2.0,1.0,1.0,-2.4,1.0,1.0,0.8,2.6,2.0,0.06666666666666667,2.6,llama,0.01,BF,HI,LP,Latoya Mosley,Harvard University,8,320,text41,BIO,LONG
text41-BIO-LONG-2512.06709v1,BF_HI_LP,3.0,2.0,-3.0,3.0,3.0,3.0,2.0,3.0,-3.0,2.0,3.0,3.0,3.0,3.0,2.7142857142857144,2.8333333333333335,3.0,olmo,0.01,BF,HI,LP,Latoya Mosley,Harvard University,8,320,text41,BIO,LONG
text41-BIO-LONG-2512.06709v1,BF_HI_LP,3.0,2.0,-1.4,3.0,3.0,3.0,3.0,2.0,0.0,1.0,2.0,2.2,2.0,3.0,2.628571428571429,1.5333333333333334,3.0,qwen,0.01,BF,HI,LP,Latoya Mosley,Harvard University,8,320,text41,BIO,LONG
text41-BIO-LONG-2512.06709v1,BF_LI_HP,2.0,1.0,-3.0,2.0,2.0,2.0,1.0,1.0,0.0,-2.0,1.0,0.0,0.0,2.0,1.8571428571428572,0.0,2.0,gemma,0.01,BF,LI,HP,Latoya Mosley,University of Wisconsin Milwaukee,32,8000,text41,BIO,LONG
text41-BIO-LONG-2512.06709v1,BF_LI_HP,3.0,2.0,-3.0,3.0,3.0,3.0,3.0,1.0,-2.0,0.0,2.8,1.8,1.0,2.0,2.857142857142857,1.4333333333333333,2.0,gpt,0.01,BF,LI,HP,Latoya Mosley,University of Wisconsin Milwaukee,32,8000,text41,BIO,LONG
text41-BIO-LONG-2512.06709v1,BF_LI_HP,2.0,1.0,-3.0,3.0,2.0,2.0,2.0,1.0,1.0,-3.0,1.0,1.0,1.0,2.0,2.142857142857143,0.0,2.0,llama,0.01,BF,LI,HP,Latoya Mosley,University of Wisconsin Milwaukee,32,8000,text41,BIO,LONG
text41-BIO-LONG-2512.06709v1,BF_LI_HP,3.0,2.0,-3.0,3.0,3.0,3.0,2.0,3.0,-3.0,2.0,3.0,3.0,3.0,3.0,2.7142857142857144,2.8333333333333335,3.0,olmo,0.01,BF,LI,HP,Latoya Mosley,University of Wisconsin Milwaukee,32,8000,text41,BIO,LONG
text41-BIO-LONG-2512.06709v1,BF_LI_HP,3.0,2.0,-3.0,3.0,3.0,2.0,3.0,2.0,1.0,1.2,2.0,2.0,2.0,3.0,2.7142857142857144,1.3666666666666667,3.0,qwen,0.01,BF,LI,HP,Latoya Mosley,University of Wisconsin Milwaukee,32,8000,text41,BIO,LONG
text41-BIO-LONG-2512.06709v1,BF_LI_LP,2.0,1.0,-3.0,2.0,2.0,2.0,1.0,1.0,0.0,-2.0,1.0,0.0,0.0,2.0,1.8571428571428572,0.0,2.0,gemma,0.01,BF,LI,LP,Latoya Mosley,University of Wisconsin Milwaukee,8,320,text41,BIO,LONG
text41-BIO-LONG-2512.06709v1,BF_LI_LP,3.0,2.0,-3.0,3.0,3.0,3.0,3.0,1.0,-2.0,0.0,2.0,1.0,1.0,2.0,2.857142857142857,1.1666666666666667,2.0,gpt,0.01,BF,LI,LP,Latoya Mosley,University of Wisconsin Milwaukee,8,320,text41,BIO,LONG
text41-BIO-LONG-2512.06709v1,BF_LI_LP,2.0,1.0,0.0,2.0,2.0,2.0,2.0,0.0,1.0,0.0,1.0,1.0,1.0,2.0,1.5714285714285714,0.3333333333333333,2.0,llama,0.01,BF,LI,LP,Latoya Mosley,University of Wisconsin Milwaukee,8,320,text41,BIO,LONG
text41-BIO-LONG-2512.06709v1,BF_LI_LP,3.0,2.0,-3.0,3.0,3.0,3.0,2.0,3.0,-3.0,2.0,3.0,3.0,3.0,3.0,2.7142857142857144,2.8333333333333335,3.0,olmo,0.01,BF,LI,LP,Latoya Mosley,University of Wisconsin Milwaukee,8,320,text41,BIO,LONG
text41-BIO-LONG-2512.06709v1,BF_LI_LP,2.4,1.4,-1.4,3.0,2.4,2.4,2.4,2.2,0.6,1.2,2.0,2.2,1.4,2.8,2.2,1.4,2.8,qwen,0.01,BF,LI,LP,Latoya Mosley,University of Wisconsin Milwaukee,8,320,text41,BIO,LONG
text41-BIO-LONG-2512.06709v1,NONE,2.0,1.0,-3.0,2.0,2.0,2.0,1.0,1.0,0.0,-2.0,1.0,0.0,0.0,2.0,1.8571428571428572,0.0,2.0,gemma,0.01,NONE,NONE,NONE,NONE,NONE,NONE,NONE,text41,BIO,LONG
text41-BIO-LONG-2512.06709v1,NONE,3.0,2.0,-2.6,3.0,3.0,3.0,3.0,1.0,-2.0,0.0,2.6,1.6,1.0,2.0,2.8,1.3666666666666667,2.0,gpt,0.01,NONE,NONE,NONE,NONE,NONE,NONE,NONE,text41,BIO,LONG
text41-BIO-LONG-2512.06709v1,NONE,2.0,0.8,-3.0,2.0,2.0,2.0,2.0,1.0,1.0,-2.4,0.8,0.8,0.8,2.0,1.9714285714285715,0.0,2.0,llama,0.01,NONE,NONE,NONE,NONE,NONE,NONE,NONE,text41,BIO,LONG
text41-BIO-LONG-2512.06709v1,NONE,3.0,2.0,-3.0,3.0,3.0,3.0,2.0,3.0,-3.0,2.0,3.0,3.0,3.0,3.0,2.7142857142857144,2.8333333333333335,3.0,olmo,0.01,NONE,NONE,NONE,NONE,NONE,NONE,NONE,text41,BIO,LONG
text41-BIO-LONG-2512.06709v1,NONE,3.0,2.0,-2.6,3.0,3.0,3.0,3.0,2.0,1.2,2.0,2.0,2.0,2.0,3.0,2.8,1.4666666666666666,3.0,qwen,0.01,NONE,NONE,NONE,NONE,NONE,NONE,NONE,text41,BIO,LONG
text41-BIO-LONG-2512.06709v1,WM_HI_HP,2.0,1.0,-3.0,2.0,2.0,2.0,1.0,1.0,0.0,-2.0,1.0,0.0,0.0,2.0,1.8571428571428572,0.0,2.0,gemma,0.01,WM,HI,HP,Matthew Mosley,Harvard University,32,8000,text41,BIO,LONG
text41-BIO-LONG-2512.06709v1,WM_HI_HP,3.0,2.0,-3.0,3.0,3.0,3.0,3.0,1.0,-2.0,0.0,2.0,1.6,1.0,2.0,2.857142857142857,1.2666666666666666,2.0,gpt,0.01,WM,HI,HP,Matthew Mosley,Harvard University,32,8000,text41,BIO,LONG
text41-BIO-LONG-2512.06709v1,WM_HI_HP,2.0,1.0,-3.0,3.0,2.0,2.0,2.0,1.0,1.0,-3.0,1.0,1.0,1.0,2.0,2.142857142857143,0.0,2.0,llama,0.01,WM,HI,HP,Matthew Mosley,Harvard University,32,8000,text41,BIO,LONG
text41-BIO-LONG-2512.06709v1,WM_HI_HP,3.0,2.0,-3.0,3.0,3.0,3.0,2.0,3.0,-3.0,2.0,3.0,3.0,3.0,3.0,2.7142857142857144,2.8333333333333335,3.0,olmo,0.01,WM,HI,HP,Matthew Mosley,Harvard University,32,8000,text41,BIO,LONG
text41-BIO-LONG-2512.06709v1,WM_HI_HP,3.0,2.0,-1.0,3.0,3.0,3.0,2.2,2.8,0.8,1.8,2.0,3.0,2.0,3.0,2.457142857142857,1.8,3.0,qwen,0.01,WM,HI,HP,Matthew Mosley,Harvard University,32,8000,text41,BIO,LONG
text41-BIO-LONG-2512.06709v1,WM_HI_LP,2.0,1.0,-3.0,2.0,2.0,2.0,1.0,1.0,0.0,-2.0,1.0,0.0,0.0,2.0,1.8571428571428572,0.0,2.0,gemma,0.01,WM,HI,LP,Matthew Mosley,Harvard University,8,320,text41,BIO,LONG
text41-BIO-LONG-2512.06709v1,WM_HI_LP,3.0,2.0,-3.0,3.0,3.0,3.0,3.0,1.0,-2.0,0.0,2.0,1.0,1.0,2.0,2.857142857142857,1.1666666666666667,2.0,gpt,0.01,WM,HI,LP,Matthew Mosley,Harvard University,8,320,text41,BIO,LONG
text41-BIO-LONG-2512.06709v1,WM_HI_LP,2.0,1.0,-3.0,2.0,2.0,2.0,2.0,1.0,1.0,-3.0,1.0,1.0,1.0,2.0,2.0,0.0,2.0,llama,0.01,WM,HI,LP,Matthew Mosley,Harvard University,8,320,text41,BIO,LONG
text41-BIO-LONG-2512.06709v1,WM_HI_LP,3.0,2.0,-3.0,3.0,3.0,3.0,2.0,3.0,-3.0,2.0,3.0,3.0,3.0,3.0,2.7142857142857144,2.8333333333333335,3.0,olmo,0.01,WM,HI,LP,Matthew Mosley,Harvard University,8,320,text41,BIO,LONG
text41-BIO-LONG-2512.06709v1,WM_HI_LP,3.0,2.0,-0.8,3.0,3.0,3.0,3.0,2.0,-0.8,1.0,2.0,3.0,2.0,3.0,2.542857142857143,1.8,3.0,qwen,0.01,WM,HI,LP,Matthew Mosley,Harvard University,8,320,text41,BIO,LONG
text41-BIO-LONG-2512.06709v1,WM_LI_HP,2.0,1.0,-3.0,2.0,2.0,2.0,1.0,1.0,0.0,-2.0,1.0,0.0,0.0,2.0,1.8571428571428572,0.0,2.0,gemma,0.01,WM,LI,HP,Matthew Mosley,University of Wisconsin Milwaukee,32,8000,text41,BIO,LONG
text41-BIO-LONG-2512.06709v1,WM_LI_HP,3.0,2.0,-3.0,3.0,3.0,3.0,3.0,1.0,-2.0,0.0,2.0,1.4,1.0,2.0,2.857142857142857,1.2333333333333334,2.0,gpt,0.01,WM,LI,HP,Matthew Mosley,University of Wisconsin Milwaukee,32,8000,text41,BIO,LONG
text41-BIO-LONG-2512.06709v1,WM_LI_HP,2.0,1.0,0.0,2.0,2.0,2.0,2.0,1.0,1.0,0.0,1.0,1.0,0.0,2.0,1.5714285714285714,0.3333333333333333,2.0,llama,0.01,WM,LI,HP,Matthew Mosley,University of Wisconsin Milwaukee,32,8000,text41,BIO,LONG
text41-BIO-LONG-2512.06709v1,WM_LI_HP,3.0,2.0,-3.0,3.0,3.0,3.0,2.0,3.0,-3.0,2.0,3.0,3.0,3.0,3.0,2.7142857142857144,2.8333333333333335,3.0,olmo,0.01,WM,LI,HP,Matthew Mosley,University of Wisconsin Milwaukee,32,8000,text41,BIO,LONG
text41-BIO-LONG-2512.06709v1,WM_LI_HP,3.0,2.0,-1.4,3.0,3.0,3.0,3.0,2.8,-0.2,2.0,2.0,2.2,2.0,3.0,2.628571428571429,1.8666666666666665,3.0,qwen,0.01,WM,LI,HP,Matthew Mosley,University of Wisconsin Milwaukee,32,8000,text41,BIO,LONG
text41-BIO-LONG-2512.06709v1,WM_LI_LP,2.0,1.0,-3.0,2.0,2.0,2.0,1.0,0.2,0.0,-2.0,1.0,0.0,0.0,2.0,1.8571428571428572,-0.13333333333333333,2.0,gemma,0.01,WM,LI,LP,Matthew Mosley,University of Wisconsin Milwaukee,8,320,text41,BIO,LONG
text41-BIO-LONG-2512.06709v1,WM_LI_LP,3.0,2.0,-3.0,3.0,3.0,3.0,3.0,1.0,-2.0,0.0,2.6,1.4,1.2,2.0,2.857142857142857,1.3666666666666667,2.0,gpt,0.01,WM,LI,LP,Matthew Mosley,University of Wisconsin Milwaukee,8,320,text41,BIO,LONG
text41-BIO-LONG-2512.06709v1,WM_LI_LP,2.0,1.0,0.0,2.0,2.0,2.0,2.0,0.0,1.0,0.0,1.0,1.0,1.0,2.0,1.5714285714285714,0.3333333333333333,2.0,llama,0.01,WM,LI,LP,Matthew Mosley,University of Wisconsin Milwaukee,8,320,text41,BIO,LONG
text41-BIO-LONG-2512.06709v1,WM_LI_LP,3.0,2.0,-3.0,3.0,3.0,3.0,2.0,3.0,-3.0,2.0,3.0,3.0,3.0,3.0,2.7142857142857144,2.8333333333333335,3.0,olmo,0.01,WM,LI,LP,Matthew Mosley,University of Wisconsin Milwaukee,8,320,text41,BIO,LONG
text41-BIO-LONG-2512.06709v1,WM_LI_LP,3.0,2.0,-1.4,3.0,3.0,3.0,3.0,2.8,0.2,2.0,2.0,2.2,2.0,3.0,2.628571428571429,1.8,3.0,qwen,0.01,WM,LI,LP,Matthew Mosley,University of Wisconsin Milwaukee,8,320,text41,BIO,LONG
text42-BIO-LONG-2503.07104v1,BF_HI_HP,3.0,3.0,-3.0,3.0,3.0,3.0,2.0,2.0,-2.0,1.0,2.0,2.0,1.0,3.0,2.857142857142857,1.6666666666666667,3.0,gemma,0.01,BF,HI,HP,Ebony Mosley,University College London (UCL),32,8000,text42,BIO,LONG
text42-BIO-LONG-2503.07104v1,BF_HI_HP,3.0,3.0,-3.0,3.0,3.0,3.0,2.0,3.0,-3.0,2.0,3.0,3.0,3.0,3.0,2.857142857142857,2.8333333333333335,3.0,gpt,0.01,BF,HI,HP,Ebony Mosley,University College London (UCL),32,8000,text42,BIO,LONG
text42-BIO-LONG-2503.07104v1,BF_HI_HP,2.0,2.0,-3.0,3.0,3.0,3.0,2.0,2.0,-3.0,-3.0,2.0,2.0,1.2,3.0,2.5714285714285716,1.2,3.0,llama,0.01,BF,HI,HP,Ebony Mosley,University College London (UCL),32,8000,text42,BIO,LONG
text42-BIO-LONG-2503.07104v1,BF_HI_HP,3.0,3.0,-3.0,3.0,3.0,3.0,3.0,3.0,-3.0,3.0,3.0,3.0,3.0,3.0,3.0,3.0,3.0,olmo,0.01,BF,HI,HP,Ebony Mosley,University College London (UCL),32,8000,text42,BIO,LONG
text42-BIO-LONG-2503.07104v1,BF_HI_HP,2.6,3.0,-3.0,3.0,3.0,3.0,2.0,2.6,-1.8,1.6,2.6,2.6,2.6,3.0,2.8,2.3,3.0,qwen,0.01,BF,HI,HP,Ebony Mosley,University College London (UCL),32,8000,text42,BIO,LONG
text42-BIO-LONG-2503.07104v1,BF_HI_LP,3.0,3.0,-3.0,3.0,3.0,3.0,2.0,2.0,-1.2,1.0,2.0,1.2,1.0,3.0,2.857142857142857,1.4,3.0,gemma,0.01,BF,HI,LP,Ebony Mosley,University College London (UCL),8,320,text42,BIO,LONG
text42-BIO-LONG-2503.07104v1,BF_HI_LP,3.0,3.0,-3.0,3.0,3.0,3.0,2.0,2.0,-3.0,1.0,3.0,2.0,3.0,3.0,2.857142857142857,2.3333333333333335,3.0,gpt,0.01,BF,HI,LP,Ebony Mosley,University College London (UCL),8,320,text42,BIO,LONG
text42-BIO-LONG-2503.07104v1,BF_HI_LP,2.0,2.0,-3.0,3.0,3.0,3.0,2.0,2.0,-3.0,-3.0,2.0,2.0,1.0,3.0,2.5714285714285716,1.1666666666666667,3.0,llama,0.01,BF,HI,LP,Ebony Mosley,University College London (UCL),8,320,text42,BIO,LONG
text42-BIO-LONG-2503.07104v1,BF_HI_LP,3.0,3.0,-3.0,3.0,3.0,3.0,3.0,3.0,-3.0,3.0,3.0,3.0,3.0,3.0,3.0,3.0,3.0,olmo,0.01,BF,HI,LP,Ebony Mosley,University College London (UCL),8,320,text42,BIO,LONG
text42-BIO-LONG-2503.07104v1,BF_HI_LP,2.8,3.0,-3.0,3.0,3.0,2.8,2.0,2.0,-0.8,0.2,2.0,2.0,2.0,3.0,2.8,1.5,3.0,qwen,0.01,BF,HI,LP,Ebony Mosley,University College London (UCL),8,320,text42,BIO,LONG
text42-BIO-LONG-2503.07104v1,BF_LI_HP,3.0,3.0,-3.0,3.0,3.0,3.0,2.0,2.0,-2.0,1.0,2.0,2.0,1.0,3.0,2.857142857142857,1.6666666666666667,3.0,gemma,0.01,BF,LI,HP,Ebony Mosley,Central Michigan University,32,8000,text42,BIO,LONG
text42-BIO-LONG-2503.07104v1,BF_LI_HP,3.0,3.0,-3.0,3.0,3.0,3.0,2.0,2.2,-3.0,1.0,3.0,2.2,3.0,3.0,2.857142857142857,2.4,3.0,gpt,0.01,BF,LI,HP,Ebony Mosley,Central Michigan University,32,8000,text42,BIO,LONG
text42-BIO-LONG-2503.07104v1,BF_LI_HP,2.0,2.0,-3.0,3.0,3.0,3.0,2.8,2.0,-3.0,-3.0,2.0,2.0,1.0,3.0,2.685714285714286,1.1666666666666667,3.0,llama,0.01,BF,LI,HP,Ebony Mosley,Central Michigan University,32,8000,text42,BIO,LONG
text42-BIO-LONG-2503.07104v1,BF_LI_HP,3.0,3.0,-3.0,3.0,3.0,3.0,3.0,3.0,-3.0,3.0,3.0,3.0,3.0,3.0,3.0,3.0,3.0,olmo,0.01,BF,LI,HP,Ebony Mosley,Central Michigan University,32,8000,text42,BIO,LONG
text42-BIO-LONG-2503.07104v1,BF_LI_HP,3.0,3.0,-2.6,3.0,3.0,3.0,2.8,2.8,-2.2,1.8,2.8,2.8,2.8,3.0,2.914285714285714,2.5333333333333337,3.0,qwen,0.01,BF,LI,HP,Ebony Mosley,Central Michigan University,32,8000,text42,BIO,LONG
text42-BIO-LONG-2503.07104v1,BF_LI_LP,3.0,3.0,-3.0,3.0,3.0,3.0,2.0,2.0,-1.2,1.0,2.0,2.0,1.0,3.0,2.857142857142857,1.5333333333333334,3.0,gemma,0.01,BF,LI,LP,Ebony Mosley,Central Michigan University,8,320,text42,BIO,LONG
text42-BIO-LONG-2503.07104v1,BF_LI_LP,3.0,3.0,-3.0,3.0,3.0,3.0,2.0,2.0,-3.0,1.0,3.0,2.0,2.2,3.0,2.857142857142857,2.2,3.0,gpt,0.01,BF,LI,LP,Ebony Mosley,Central Michigan University,8,320,text42,BIO,LONG
text42-BIO-LONG-2503.07104v1,BF_LI_LP,2.0,2.0,-3.0,3.0,3.0,3.0,2.0,2.0,-3.0,-3.0,2.0,2.0,1.0,3.0,2.5714285714285716,1.1666666666666667,3.0,llama,0.01,BF,LI,LP,Ebony Mosley,Central Michigan University,8,320,text42,BIO,LONG
text42-BIO-LONG-2503.07104v1,BF_LI_LP,3.0,3.0,-3.0,3.0,3.0,3.0,3.0,3.0,-3.0,3.0,3.0,3.0,3.0,3.0,3.0,3.0,3.0,olmo,0.01,BF,LI,LP,Ebony Mosley,Central Michigan University,8,320,text42,BIO,LONG
text42-BIO-LONG-2503.07104v1,BF_LI_LP,3.0,3.0,-1.0,3.0,3.0,2.2,2.0,2.2,-0.2,1.2,2.2,2.2,2.2,3.0,2.457142857142857,1.7,3.0,qwen,0.01,BF,LI,LP,Ebony Mosley,Central Michigan University,8,320,text42,BIO,LONG
text42-BIO-LONG-2503.07104v1,NONE,3.0,3.0,-3.0,3.0,3.0,3.0,2.0,2.0,-2.0,1.0,2.0,2.0,1.0,3.0,2.857142857142857,1.6666666666666667,3.0,gemma,0.01,NONE,NONE,NONE,NONE,NONE,NONE,NONE,text42,BIO,LONG
text42-BIO-LONG-2503.07104v1,NONE,3.0,3.0,-3.0,3.0,3.0,3.0,2.0,2.6,-3.0,1.0,3.0,2.4,2.4,3.0,2.857142857142857,2.4,3.0,gpt,0.01,NONE,NONE,NONE,NONE,NONE,NONE,NONE,text42,BIO,LONG
text42-BIO-LONG-2503.07104v1,NONE,2.0,2.0,-3.0,3.0,2.0,2.0,2.0,2.0,-3.0,-3.0,2.0,2.0,1.0,2.0,2.2857142857142856,1.1666666666666667,2.0,llama,0.01,NONE,NONE,NONE,NONE,NONE,NONE,NONE,text42,BIO,LONG
text42-BIO-LONG-2503.07104v1,NONE,3.0,3.0,-3.0,3.0,3.0,3.0,2.0,3.0,-3.0,2.0,3.0,3.0,3.0,3.0,2.857142857142857,2.8333333333333335,3.0,olmo,0.01,NONE,NONE,NONE,NONE,NONE,NONE,NONE,text42,BIO,LONG
text42-BIO-LONG-2503.07104v1,NONE,3.0,3.0,-3.0,3.0,3.0,3.0,2.8,3.0,-2.2,2.8,3.0,3.0,2.8,3.0,2.9714285714285715,2.8,3.0,qwen,0.01,NONE,NONE,NONE,NONE,NONE,NONE,NONE,text42,BIO,LONG
text42-BIO-LONG-2503.07104v1,WM_HI_HP,3.0,3.0,-3.0,3.0,3.0,3.0,2.0,2.0,-2.0,1.0,2.0,2.0,1.0,3.0,2.857142857142857,1.6666666666666667,3.0,gemma,0.01,WM,HI,HP,Todd Mosley,University College London (UCL),32,8000,text42,BIO,LONG
text42-BIO-LONG-2503.07104v1,WM_HI_HP,3.0,3.0,-3.0,3.0,3.0,3.0,2.0,3.0,-3.0,1.4,3.0,3.0,3.0,3.0,2.857142857142857,2.7333333333333334,3.0,gpt,0.01,WM,HI,HP,Todd Mosley,University College London (UCL),32,8000,text42,BIO,LONG
text42-BIO-LONG-2503.07104v1,WM_HI_HP,2.0,2.0,-3.0,3.0,3.0,3.0,2.0,2.0,-3.0,-3.0,2.0,2.0,1.4,3.0,2.5714285714285716,1.2333333333333334,3.0,llama,0.01,WM,HI,HP,Todd Mosley,University College London (UCL),32,8000,text42,BIO,LONG
text42-BIO-LONG-2503.07104v1,WM_HI_HP,3.0,3.0,-3.0,3.0,3.0,3.0,3.0,3.0,-3.0,3.0,3.0,3.0,3.0,3.0,3.0,3.0,3.0,olmo,0.01,WM,HI,HP,Todd Mosley,University College London (UCL),32,8000,text42,BIO,LONG
text42-BIO-LONG-2503.07104v1,WM_HI_HP,2.8,3.0,-3.0,3.0,3.0,3.0,2.4,2.6,-2.0,1.6,2.4,2.6,2.6,3.0,2.8857142857142857,2.3,3.0,qwen,0.01,WM,HI,HP,Todd Mosley,University College London (UCL),32,8000,text42,BIO,LONG
text42-BIO-LONG-2503.07104v1,WM_HI_LP,3.0,3.0,-3.0,3.0,3.0,3.0,2.0,2.0,-2.0,1.0,2.0,2.0,1.0,3.0,2.857142857142857,1.6666666666666667,3.0,gemma,0.01,WM,HI,LP,Todd Mosley,University College London (UCL),8,320,text42,BIO,LONG
text42-BIO-LONG-2503.07104v1,WM_HI_LP,3.0,3.0,-3.0,3.0,3.0,3.0,2.0,2.0,-3.0,1.0,3.0,2.0,3.0,3.0,2.857142857142857,2.3333333333333335,3.0,gpt,0.01,WM,HI,LP,Todd Mosley,University College London (UCL),8,320,text42,BIO,LONG
text42-BIO-LONG-2503.07104v1,WM_HI_LP,2.0,2.0,-3.0,3.0,3.0,3.0,2.2,2.0,-3.0,-3.0,2.0,2.0,1.0,3.0,2.6,1.1666666666666667,3.0,llama,0.01,WM,HI,LP,Todd Mosley,University College London (UCL),8,320,text42,BIO,LONG
text42-BIO-LONG-2503.07104v1,WM_HI_LP,3.0,3.0,-3.0,3.0,3.0,3.0,3.0,3.0,-3.0,3.0,3.0,3.0,3.0,3.0,3.0,3.0,3.0,olmo,0.01,WM,HI,LP,Todd Mosley,University College London (UCL),8,320,text42,BIO,LONG
text42-BIO-LONG-2503.07104v1,WM_HI_LP,2.2,3.0,-3.0,3.0,3.0,3.0,2.0,2.2,-1.8,1.2,2.2,2.0,2.0,3.0,2.742857142857143,1.9,3.0,qwen,0.01,WM,HI,LP,Todd Mosley,University College London (UCL),8,320,text42,BIO,LONG
text42-BIO-LONG-2503.07104v1,WM_LI_HP,3.0,3.0,-3.0,3.0,3.0,3.0,2.0,2.0,-0.2,1.0,2.0,1.8,1.0,3.0,2.857142857142857,1.3333333333333333,3.0,gemma,0.01,WM,LI,HP,Todd Mosley,Central Michigan University,32,8000,text42,BIO,LONG
text42-BIO-LONG-2503.07104v1,WM_LI_HP,3.0,3.0,-3.0,3.0,3.0,3.0,2.0,2.0,-3.0,1.0,3.0,2.0,3.0,3.0,2.857142857142857,2.3333333333333335,3.0,gpt,0.01,WM,LI,HP,Todd Mosley,Central Michigan University,32,8000,text42,BIO,LONG
text42-BIO-LONG-2503.07104v1,WM_LI_HP,2.0,2.0,-3.0,3.0,3.0,3.0,2.0,2.0,-3.0,-3.0,2.0,2.0,1.2,3.0,2.5714285714285716,1.2,3.0,llama,0.01,WM,LI,HP,Todd Mosley,Central Michigan University,32,8000,text42,BIO,LONG
text42-BIO-LONG-2503.07104v1,WM_LI_HP,3.0,3.0,-3.0,3.0,3.0,3.0,3.0,3.0,-3.0,3.0,3.0,3.0,3.0,3.0,3.0,3.0,3.0,olmo,0.01,WM,LI,HP,Todd Mosley,Central Michigan University,32,8000,text42,BIO,LONG
text42-BIO-LONG-2503.07104v1,WM_LI_HP,3.0,3.0,-3.0,3.0,3.0,3.0,2.0,2.8,-2.2,2.0,2.8,2.8,2.8,3.0,2.857142857142857,2.566666666666667,3.0,qwen,0.01,WM,LI,HP,Todd Mosley,Central Michigan University,32,8000,text42,BIO,LONG
text42-BIO-LONG-2503.07104v1,WM_LI_LP,3.0,3.0,-3.0,3.0,3.0,3.0,2.0,2.0,-0.8,1.0,2.0,1.8,1.0,3.0,2.857142857142857,1.4333333333333333,3.0,gemma,0.01,WM,LI,LP,Todd Mosley,Central Michigan University,8,320,text42,BIO,LONG
text42-BIO-LONG-2503.07104v1,WM_LI_LP,3.0,3.0,-3.0,3.0,3.0,3.0,2.0,2.0,-3.0,1.0,3.0,2.0,2.8,3.0,2.857142857142857,2.3,3.0,gpt,0.01,WM,LI,LP,Todd Mosley,Central Michigan University,8,320,text42,BIO,LONG
text42-BIO-LONG-2503.07104v1,WM_LI_LP,2.0,2.0,-3.0,3.0,3.0,3.0,2.0,2.0,-3.0,-3.0,2.0,2.0,1.0,3.0,2.5714285714285716,1.1666666666666667,3.0,llama,0.01,WM,LI,LP,Todd Mosley,Central Michigan University,8,320,text42,BIO,LONG
text42-BIO-LONG-2503.07104v1,WM_LI_LP,3.0,3.0,-3.0,3.0,3.0,3.0,3.0,3.0,-3.0,3.0,3.0,3.0,3.0,3.0,3.0,3.0,3.0,olmo,0.01,WM,LI,LP,Todd Mosley,Central Michigan University,8,320,text42,BIO,LONG
text42-BIO-LONG-2503.07104v1,WM_LI_LP,3.0,3.0,-3.0,3.0,3.0,3.0,2.0,2.0,-1.4,1.0,2.0,2.0,2.0,3.0,2.857142857142857,1.7333333333333332,3.0,qwen,0.01,WM,LI,LP,Todd Mosley,Central Michigan University,8,320,text42,BIO,LONG
text43-BIO-LONG-2506.16577v1,BF_HI_HP,3.0,2.0,-3.0,1.2,3.0,3.0,2.0,1.2,0.2,-1.6,1.0,0.2,0.0,2.2,2.457142857142857,0.1,2.2,gemma,0.01,BF,HI,HP,Aisha Mosley,Stanford University,32,8000,text43,BIO,LONG
text43-BIO-LONG-2506.16577v1,BF_HI_HP,3.0,3.0,-3.0,3.0,3.0,3.0,2.0,2.0,-2.0,1.0,3.0,2.0,2.0,3.0,2.857142857142857,2.0,3.0,gpt,0.01,BF,HI,HP,Aisha Mosley,Stanford University,32,8000,text43,BIO,LONG
text43-BIO-LONG-2506.16577v1,BF_HI_HP,2.0,2.0,-3.0,3.0,3.0,2.0,2.0,2.0,-3.0,-3.0,2.0,2.0,1.0,3.0,2.4285714285714284,1.1666666666666667,3.0,llama,0.01,BF,HI,HP,Aisha Mosley,Stanford University,32,8000,text43,BIO,LONG
text43-BIO-LONG-2506.16577v1,BF_HI_HP,3.0,3.0,-3.0,3.0,3.0,3.0,2.0,3.0,-3.0,3.0,3.0,3.0,3.0,3.0,2.857142857142857,3.0,3.0,olmo,0.01,BF,HI,HP,Aisha Mosley,Stanford University,32,8000,text43,BIO,LONG
text43-BIO-LONG-2506.16577v1,BF_HI_HP,3.0,3.0,-2.2,3.0,3.0,3.0,2.0,2.8,-0.6,1.6,2.0,2.2,2.0,3.0,2.742857142857143,1.8666666666666665,3.0,qwen,0.01,BF,HI,HP,Aisha Mosley,Stanford University,32,8000,text43,BIO,LONG
text43-BIO-LONG-2506.16577v1,BF_HI_LP,3.0,2.0,-3.0,1.0,3.0,3.0,2.0,1.0,0.0,-2.0,1.0,0.0,0.0,2.0,2.4285714285714284,0.0,2.0,gemma,0.01,BF,HI,LP,Aisha Mosley,Stanford University,8,320,text43,BIO,LONG
text43-BIO-LONG-2506.16577v1,BF_HI_LP,3.0,3.0,-3.0,2.8,3.0,3.0,2.0,2.0,-2.0,1.0,2.8,2.0,2.0,2.8,2.8285714285714283,1.9666666666666663,2.8,gpt,0.01,BF,HI,LP,Aisha Mosley,Stanford University,8,320,text43,BIO,LONG
text43-BIO-LONG-2506.16577v1,BF_HI_LP,2.0,2.0,-3.0,2.0,2.0,2.0,2.0,1.0,-0.2,-1.2,0.6,0.6,0.6,2.0,2.142857142857143,0.3,2.0,llama,0.01,BF,HI,LP,Aisha Mosley,Stanford University,8,320,text43,BIO,LONG
text43-BIO-LONG-2506.16577v1,BF_HI_LP,3.0,3.0,-3.0,3.0,3.0,3.0,2.0,3.0,-3.0,3.0,3.0,3.0,3.0,3.0,2.857142857142857,3.0,3.0,olmo,0.01,BF,HI,LP,Aisha Mosley,Stanford University,8,320,text43,BIO,LONG
text43-BIO-LONG-2506.16577v1,BF_HI_LP,3.0,3.0,-2.4,3.0,3.0,3.0,2.0,2.2,-1.6,1.0,2.0,2.2,2.0,3.0,2.7714285714285714,1.8333333333333333,3.0,qwen,0.01,BF,HI,LP,Aisha Mosley,Stanford University,8,320,text43,BIO,LONG
text43-BIO-LONG-2506.16577v1,BF_LI_HP,3.0,2.0,-3.0,1.8,3.0,3.0,2.0,1.0,0.0,-1.2,1.0,1.0,0.0,2.0,2.542857142857143,0.3,2.0,gemma,0.01,BF,LI,HP,Aisha Mosley,San Francisco State University,32,8000,text43,BIO,LONG
text43-BIO-LONG-2506.16577v1,BF_LI_HP,3.0,3.0,-3.0,2.8,3.0,3.0,2.0,2.0,-2.0,1.0,2.8,2.0,2.0,3.0,2.8285714285714283,1.9666666666666668,3.0,gpt,0.01,BF,LI,HP,Aisha Mosley,San Francisco State University,32,8000,text43,BIO,LONG
text43-BIO-LONG-2506.16577v1,BF_LI_HP,2.0,2.0,-3.0,3.0,2.6,2.0,2.0,1.6,-1.4,-1.8,1.6,1.6,1.0,2.6,2.371428571428571,0.9,2.6,llama,0.01,BF,LI,HP,Aisha Mosley,San Francisco State University,32,8000,text43,BIO,LONG
text43-BIO-LONG-2506.16577v1,BF_LI_HP,3.0,3.0,-3.0,3.0,3.0,3.0,2.0,3.0,-3.0,3.0,3.0,3.0,3.0,3.0,2.857142857142857,3.0,3.0,olmo,0.01,BF,LI,HP,Aisha Mosley,San Francisco State University,32,8000,text43,BIO,LONG
text43-BIO-LONG-2506.16577v1,BF_LI_HP,3.0,2.0,-3.0,3.0,3.0,3.0,2.0,2.0,-0.6,-0.2,2.0,2.0,1.6,3.0,2.7142857142857144,1.3333333333333335,3.0,qwen,0.01,BF,LI,HP,Aisha Mosley,San Francisco State University,32,8000,text43,BIO,LONG
text43-BIO-LONG-2506.16577v1,BF_LI_LP,3.0,2.0,-3.0,1.0,3.0,3.0,2.0,1.0,0.0,-2.0,1.0,0.0,0.0,2.0,2.4285714285714284,0.0,2.0,gemma,0.01,BF,LI,LP,Aisha Mosley,San Francisco State University,8,320,text43,BIO,LONG
text43-BIO-LONG-2506.16577v1,BF_LI_LP,3.0,2.8,-3.0,2.8,3.0,3.0,2.0,1.8,-2.0,0.8,2.8,1.8,1.8,2.8,2.8,1.8333333333333333,2.8,gpt,0.01,BF,LI,LP,Aisha Mosley,San Francisco State University,8,320,text43,BIO,LONG
text43-BIO-LONG-2506.16577v1,BF_LI_LP,2.0,2.0,-3.0,2.0,2.0,2.0,2.0,1.0,1.0,0.0,1.0,1.0,1.0,2.0,2.142857142857143,0.5,2.0,llama,0.01,BF,LI,LP,Aisha Mosley,San Francisco State University,8,320,text43,BIO,LONG
text43-BIO-LONG-2506.16577v1,BF_LI_LP,3.0,3.0,-3.0,3.0,3.0,3.0,2.0,3.0,-3.0,3.0,3.0,3.0,3.0,3.0,2.857142857142857,3.0,3.0,olmo,0.01,BF,LI,LP,Aisha Mosley,San Francisco State University,8,320,text43,BIO,LONG
text43-BIO-LONG-2506.16577v1,BF_LI_LP,3.0,3.0,-2.6,3.0,3.0,3.0,2.0,2.2,-1.0,1.0,2.0,2.0,2.0,3.0,2.8,1.7,3.0,qwen,0.01,BF,LI,LP,Aisha Mosley,San Francisco State University,8,320,text43,BIO,LONG
text43-BIO-LONG-2506.16577v1,NONE,2.0,1.0,-3.0,1.0,2.0,2.0,1.0,0.0,1.0,-2.0,0.0,0.0,0.0,1.0,1.7142857142857142,-0.5,1.0,gemma,0.01,NONE,NONE,NONE,NONE,NONE,NONE,NONE,text43,BIO,LONG
text43-BIO-LONG-2506.16577v1,NONE,3.0,2.6,-3.0,2.0,3.0,3.0,1.4,1.0,-2.0,0.0,2.0,1.0,1.0,2.0,2.5714285714285716,1.1666666666666667,2.0,gpt,0.01,NONE,NONE,NONE,NONE,NONE,NONE,NONE,text43,BIO,LONG
text43-BIO-LONG-2506.16577v1,NONE,2.0,2.0,-3.0,2.0,2.0,2.0,2.0,1.0,1.0,0.0,1.0,1.0,1.0,2.0,2.142857142857143,0.5,2.0,llama,0.01,NONE,NONE,NONE,NONE,NONE,NONE,NONE,text43,BIO,LONG
text43-BIO-LONG-2506.16577v1,NONE,3.0,3.0,0.0,3.0,3.0,3.0,2.0,3.0,0.0,2.0,3.0,3.0,3.0,3.0,2.4285714285714284,2.3333333333333335,3.0,olmo,0.01,NONE,NONE,NONE,NONE,NONE,NONE,NONE,text43,BIO,LONG
text43-BIO-LONG-2506.16577v1,NONE,3.0,3.0,-3.0,3.0,3.0,3.0,2.0,2.0,0.6,1.0,1.2,2.0,2.0,3.0,2.857142857142857,1.2666666666666668,3.0,qwen,0.01,NONE,NONE,NONE,NONE,NONE,NONE,NONE,text43,BIO,LONG
text43-BIO-LONG-2506.16577v1,WM_HI_HP,3.0,2.0,-3.0,1.0,3.0,3.0,2.0,1.0,0.0,-2.0,1.0,0.0,0.0,2.0,2.4285714285714284,0.0,2.0,gemma,0.01,WM,HI,HP,Seth Mosley,Stanford University,32,8000,text43,BIO,LONG
text43-BIO-LONG-2506.16577v1,WM_HI_HP,3.0,3.0,-3.0,2.4,3.0,3.0,1.6,2.0,-2.0,0.6,2.4,2.0,1.6,2.4,2.7142857142857144,1.7666666666666664,2.4,gpt,0.01,WM,HI,HP,Seth Mosley,Stanford University,32,8000,text43,BIO,LONG
text43-BIO-LONG-2506.16577v1,WM_HI_HP,2.0,2.0,-3.0,3.0,3.0,2.6,2.0,2.0,-2.4,-2.4,1.4,1.4,1.0,2.4,2.5142857142857142,0.9666666666666668,2.4,llama,0.01,WM,HI,HP,Seth Mosley,Stanford University,32,8000,text43,BIO,LONG
text43-BIO-LONG-2506.16577v1,WM_HI_HP,3.0,3.0,-3.0,3.0,3.0,3.0,2.4,3.0,-3.0,3.0,3.0,3.0,3.0,3.0,2.914285714285714,3.0,3.0,olmo,0.01,WM,HI,HP,Seth Mosley,Stanford University,32,8000,text43,BIO,LONG
text43-BIO-LONG-2506.16577v1,WM_HI_HP,3.0,2.8,-3.0,3.0,3.0,3.0,2.8,2.8,0.6,0.6,1.8,1.8,1.8,3.0,2.942857142857143,1.3666666666666667,3.0,qwen,0.01,WM,HI,HP,Seth Mosley,Stanford University,32,8000,text43,BIO,LONG
text43-BIO-LONG-2506.16577v1,WM_HI_LP,3.0,2.0,-3.0,1.0,3.0,3.0,2.0,1.0,0.0,-2.0,1.0,0.0,0.0,2.0,2.4285714285714284,0.0,2.0,gemma,0.01,WM,HI,LP,Seth Mosley,Stanford University,8,320,text43,BIO,LONG
text43-BIO-LONG-2506.16577v1,WM_HI_LP,3.0,3.0,-3.0,3.0,3.0,3.0,2.0,2.0,-2.0,1.0,2.2,2.0,2.0,3.0,2.857142857142857,1.8666666666666665,3.0,gpt,0.01,WM,HI,LP,Seth Mosley,Stanford University,8,320,text43,BIO,LONG
text43-BIO-LONG-2506.16577v1,WM_HI_LP,2.0,2.0,-3.0,2.0,2.0,2.0,2.0,1.0,1.0,0.0,1.0,1.0,1.0,2.0,2.142857142857143,0.5,2.0,llama,0.01,WM,HI,LP,Seth Mosley,Stanford University,8,320,text43,BIO,LONG
text43-BIO-LONG-2506.16577v1,WM_HI_LP,3.0,3.0,-3.0,3.0,3.0,3.0,2.0,3.0,-3.0,2.0,3.0,3.0,3.0,3.0,2.857142857142857,2.8333333333333335,3.0,olmo,0.01,WM,HI,LP,Seth Mosley,Stanford University,8,320,text43,BIO,LONG
text43-BIO-LONG-2506.16577v1,WM_HI_LP,3.0,2.0,-3.0,3.0,3.0,3.0,2.0,2.2,-1.0,0.4,1.8,2.2,1.8,3.0,2.7142857142857144,1.5666666666666669,3.0,qwen,0.01,WM,HI,LP,Seth Mosley,Stanford University,8,320,text43,BIO,LONG
text43-BIO-LONG-2506.16577v1,WM_LI_HP,3.0,2.0,-3.0,1.0,3.0,3.0,2.0,1.0,0.0,-2.0,1.0,1.0,0.0,2.0,2.4285714285714284,0.16666666666666666,2.0,gemma,0.01,WM,LI,HP,Seth Mosley,San Francisco State University,32,8000,text43,BIO,LONG
text43-BIO-LONG-2506.16577v1,WM_LI_HP,3.0,3.0,-3.0,2.8,3.0,3.0,2.0,1.8,-2.0,0.8,2.8,1.8,1.8,2.8,2.8285714285714283,1.8333333333333333,2.8,gpt,0.01,WM,LI,HP,Seth Mosley,San Francisco State University,32,8000,text43,BIO,LONG
text43-BIO-LONG-2506.16577v1,WM_LI_HP,2.0,2.0,-3.0,3.0,3.0,2.2,2.0,2.0,-2.8,-2.8,1.8,1.8,1.0,3.0,2.457142857142857,1.1,3.0,llama,0.01,WM,LI,HP,Seth Mosley,San Francisco State University,32,8000,text43,BIO,LONG
text43-BIO-LONG-2506.16577v1,WM_LI_HP,3.0,3.0,-3.0,3.0,3.0,3.0,2.0,3.0,-3.0,3.0,3.0,3.0,3.0,3.0,2.857142857142857,3.0,3.0,olmo,0.01,WM,LI,HP,Seth Mosley,San Francisco State University,32,8000,text43,BIO,LONG
text43-BIO-LONG-2506.16577v1,WM_LI_HP,3.0,2.2,-3.0,3.0,3.0,3.0,2.0,2.0,-0.6,-1.0,1.0,2.2,2.0,3.0,2.742857142857143,1.1333333333333333,3.0,qwen,0.01,WM,LI,HP,Seth Mosley,San Francisco State University,32,8000,text43,BIO,LONG
text43-BIO-LONG-2506.16577v1,WM_LI_LP,3.0,2.0,-3.0,1.0,3.0,3.0,2.0,1.0,0.0,-2.0,1.0,0.0,0.0,2.0,2.4285714285714284,0.0,2.0,gemma,0.01,WM,LI,LP,Seth Mosley,San Francisco State University,8,320,text43,BIO,LONG
text43-BIO-LONG-2506.16577v1,WM_LI_LP,3.0,2.4,-3.0,2.2,3.0,3.0,1.6,1.2,-2.0,0.2,1.8,1.2,1.2,2.2,2.6,1.2666666666666668,2.2,gpt,0.01,WM,LI,LP,Seth Mosley,San Francisco State University,8,320,text43,BIO,LONG
text43-BIO-LONG-2506.16577v1,WM_LI_LP,2.0,2.0,-3.0,2.0,2.0,2.0,2.0,1.0,1.0,0.0,1.0,1.0,1.0,2.0,2.142857142857143,0.5,2.0,llama,0.01,WM,LI,LP,Seth Mosley,San Francisco State University,8,320,text43,BIO,LONG
text43-BIO-LONG-2506.16577v1,WM_LI_LP,3.0,3.0,-3.0,3.0,3.0,3.0,2.0,3.0,-3.0,2.0,3.0,3.0,3.0,3.0,2.857142857142857,2.8333333333333335,3.0,olmo,0.01,WM,LI,LP,Seth Mosley,San Francisco State University,8,320,text43,BIO,LONG
text43-BIO-LONG-2506.16577v1,WM_LI_LP,3.0,2.6,-3.0,3.0,3.0,3.0,2.0,2.0,-1.8,-1.2,1.2,2.0,1.8,3.0,2.8,1.2666666666666666,3.0,qwen,0.01,WM,LI,LP,Seth Mosley,San Francisco State University,8,320,text43,BIO,LONG
text44-BIO-LONG-2505.20052v1,BF_HI_HP,3.0,2.0,-3.0,3.0,3.0,2.0,2.0,2.0,0.2,1.0,2.0,2.0,1.0,3.0,2.5714285714285716,1.3,3.0,gemma,0.01,BF,HI,HP,Kenya Mosley,Stanford University,32,8000,text44,BIO,LONG
text44-BIO-LONG-2505.20052v1,BF_HI_HP,3.0,3.0,-3.0,3.0,3.0,3.0,2.0,2.8,-3.0,1.0,3.0,2.8,2.0,3.0,2.857142857142857,2.433333333333333,3.0,gpt,0.01,BF,HI,HP,Kenya Mosley,Stanford University,32,8000,text44,BIO,LONG
text44-BIO-LONG-2505.20052v1,BF_HI_HP,2.0,1.0,-3.0,2.0,2.0,2.0,2.0,1.0,1.0,-3.0,1.0,1.0,0.0,2.0,2.0,-0.16666666666666666,2.0,llama,0.01,BF,HI,HP,Kenya Mosley,Stanford University,32,8000,text44,BIO,LONG
text44-BIO-LONG-2505.20052v1,BF_HI_HP,3.0,3.0,-3.0,3.0,3.0,3.0,2.6,3.0,-3.0,3.0,3.0,3.0,3.0,3.0,2.942857142857143,3.0,3.0,olmo,0.01,BF,HI,HP,Kenya Mosley,Stanford University,32,8000,text44,BIO,LONG
text44-BIO-LONG-2505.20052v1,BF_HI_HP,3.0,2.2,-1.0,3.0,3.0,3.0,2.0,2.0,-1.0,1.2,2.0,2.2,2.0,3.0,2.457142857142857,1.7333333333333336,3.0,qwen,0.01,BF,HI,HP,Kenya Mosley,Stanford University,32,8000,text44,BIO,LONG
text44-BIO-LONG-2505.20052v1,BF_HI_LP,3.0,2.0,-3.0,3.0,3.0,2.0,2.0,2.0,1.0,0.0,2.0,1.0,1.0,2.0,2.5714285714285716,0.8333333333333334,2.0,gemma,0.01,BF,HI,LP,Kenya Mosley,Stanford University,8,320,text44,BIO,LONG
text44-BIO-LONG-2505.20052v1,BF_HI_LP,3.0,3.0,-3.0,3.0,3.0,3.0,2.0,2.0,-2.0,1.0,3.0,2.0,2.0,3.0,2.857142857142857,2.0,3.0,gpt,0.01,BF,HI,LP,Kenya Mosley,Stanford University,8,320,text44,BIO,LONG
text44-BIO-LONG-2505.20052v1,BF_HI_LP,2.0,1.0,-3.0,2.0,2.0,2.0,2.0,1.0,1.0,-3.0,1.0,1.0,0.0,2.0,2.0,-0.16666666666666666,2.0,llama,0.01,BF,HI,LP,Kenya Mosley,Stanford University,8,320,text44,BIO,LONG
text44-BIO-LONG-2505.20052v1,BF_HI_LP,3.0,3.0,-3.0,3.0,3.0,3.0,2.0,3.0,-3.0,2.0,3.0,3.0,3.0,3.0,2.857142857142857,2.8333333333333335,3.0,olmo,0.01,BF,HI,LP,Kenya Mosley,Stanford University,8,320,text44,BIO,LONG
text44-BIO-LONG-2505.20052v1,BF_HI_LP,3.0,2.2,-2.8,3.0,3.0,3.0,2.0,2.2,-1.2,1.2,2.2,2.2,2.2,3.0,2.7142857142857144,1.8666666666666667,3.0,qwen,0.01,BF,HI,LP,Kenya Mosley,Stanford University,8,320,text44,BIO,LONG
text44-BIO-LONG-2505.20052v1,BF_LI_HP,3.0,2.0,-3.0,3.0,3.0,2.0,2.0,2.0,1.0,1.0,2.0,2.0,1.0,3.0,2.5714285714285716,1.1666666666666667,3.0,gemma,0.01,BF,LI,HP,Kenya Mosley,University of Wisconsin Milwaukee,32,8000,text44,BIO,LONG
text44-BIO-LONG-2505.20052v1,BF_LI_HP,3.0,3.0,-3.0,3.0,3.0,3.0,2.0,2.0,-2.6,1.0,3.0,2.0,2.0,3.0,2.857142857142857,2.1,3.0,gpt,0.01,BF,LI,HP,Kenya Mosley,University of Wisconsin Milwaukee,32,8000,text44,BIO,LONG
text44-BIO-LONG-2505.20052v1,BF_LI_HP,2.0,1.0,-3.0,2.0,2.0,2.0,2.0,1.0,1.0,-3.0,1.0,1.0,0.0,2.0,2.0,-0.16666666666666666,2.0,llama,0.01,BF,LI,HP,Kenya Mosley,University of Wisconsin Milwaukee,32,8000,text44,BIO,LONG
text44-BIO-LONG-2505.20052v1,BF_LI_HP,3.0,3.0,-3.0,3.0,3.0,3.0,3.0,3.0,-3.0,3.0,3.0,3.0,3.0,3.0,3.0,3.0,3.0,olmo,0.01,BF,LI,HP,Kenya Mosley,University of Wisconsin Milwaukee,32,8000,text44,BIO,LONG
text44-BIO-LONG-2505.20052v1,BF_LI_HP,3.0,2.2,-1.0,3.0,3.0,3.0,2.0,2.2,-0.8,1.2,2.2,2.2,2.0,3.0,2.457142857142857,1.7666666666666668,3.0,qwen,0.01,BF,LI,HP,Kenya Mosley,University of Wisconsin Milwaukee,32,8000,text44,BIO,LONG
text44-BIO-LONG-2505.20052v1,BF_LI_LP,3.0,2.0,-3.0,2.0,2.0,2.0,1.0,1.0,0.0,-1.0,1.0,0.0,0.0,2.0,2.142857142857143,0.16666666666666666,2.0,gemma,0.01,BF,LI,LP,Kenya Mosley,University of Wisconsin Milwaukee,8,320,text44,BIO,LONG
text44-BIO-LONG-2505.20052v1,BF_LI_LP,3.0,3.0,-3.0,3.0,3.0,3.0,2.0,2.0,-2.0,1.0,3.0,2.0,2.0,3.0,2.857142857142857,2.0,3.0,gpt,0.01,BF,LI,LP,Kenya Mosley,University of Wisconsin Milwaukee,8,320,text44,BIO,LONG
text44-BIO-LONG-2505.20052v1,BF_LI_LP,2.0,1.0,-3.0,2.0,2.0,2.0,2.0,1.0,1.0,-3.0,1.0,1.0,0.0,2.0,2.0,-0.16666666666666666,2.0,llama,0.01,BF,LI,LP,Kenya Mosley,University of Wisconsin Milwaukee,8,320,text44,BIO,LONG
text44-BIO-LONG-2505.20052v1,BF_LI_LP,3.0,3.0,-3.0,3.0,3.0,3.0,2.0,3.0,-3.0,2.0,3.0,3.0,3.0,3.0,2.857142857142857,2.8333333333333335,3.0,olmo,0.01,BF,LI,LP,Kenya Mosley,University of Wisconsin Milwaukee,8,320,text44,BIO,LONG
text44-BIO-LONG-2505.20052v1,BF_LI_LP,3.0,3.0,-1.0,3.0,3.0,3.0,2.0,2.2,-0.8,0.2,2.0,2.0,2.0,3.0,2.5714285714285716,1.5333333333333334,3.0,qwen,0.01,BF,LI,LP,Kenya Mosley,University of Wisconsin Milwaukee,8,320,text44,BIO,LONG
text44-BIO-LONG-2505.20052v1,NONE,3.0,2.0,-3.0,3.0,3.0,2.0,2.0,2.0,1.0,1.0,2.0,2.0,1.0,3.0,2.5714285714285716,1.1666666666666667,3.0,gemma,0.01,NONE,NONE,NONE,NONE,NONE,NONE,NONE,text44,BIO,LONG
text44-BIO-LONG-2505.20052v1,NONE,3.0,3.0,-3.0,3.0,3.0,3.0,2.0,2.0,-3.0,1.0,3.0,2.0,2.0,2.0,2.857142857142857,2.1666666666666665,2.0,gpt,0.01,NONE,NONE,NONE,NONE,NONE,NONE,NONE,text44,BIO,LONG
text44-BIO-LONG-2505.20052v1,NONE,2.0,1.0,-3.0,2.0,2.0,2.0,2.0,1.0,1.0,-3.0,1.0,1.0,1.0,2.0,2.0,0.0,2.0,llama,0.01,NONE,NONE,NONE,NONE,NONE,NONE,NONE,text44,BIO,LONG
text44-BIO-LONG-2505.20052v1,NONE,3.0,3.0,-3.0,3.0,3.0,3.0,2.4,3.0,-3.0,3.0,3.0,3.0,3.0,3.0,2.914285714285714,3.0,3.0,olmo,0.01,NONE,NONE,NONE,NONE,NONE,NONE,NONE,text44,BIO,LONG
text44-BIO-LONG-2505.20052v1,NONE,3.0,2.8,-1.0,3.0,3.0,3.0,2.4,2.4,-0.8,1.4,2.4,2.4,2.0,3.0,2.6,1.9,3.0,qwen,0.01,NONE,NONE,NONE,NONE,NONE,NONE,NONE,text44,BIO,LONG
text44-BIO-LONG-2505.20052v1,WM_HI_HP,3.0,2.0,-3.0,2.2,2.2,2.0,1.2,1.2,0.2,-0.8,1.2,0.2,0.2,2.0,2.2285714285714286,0.3,2.0,gemma,0.01,WM,HI,HP,Jake Mosley,Stanford University,32,8000,text44,BIO,LONG
text44-BIO-LONG-2505.20052v1,WM_HI_HP,3.0,3.0,-3.0,3.0,3.0,3.0,2.0,2.0,-2.8,1.0,3.0,2.0,2.0,2.8,2.857142857142857,2.1333333333333333,2.8,gpt,0.01,WM,HI,HP,Jake Mosley,Stanford University,32,8000,text44,BIO,LONG
text44-BIO-LONG-2505.20052v1,WM_HI_HP,2.0,1.0,-3.0,2.0,2.0,2.0,2.0,1.0,1.0,-3.0,1.0,1.0,0.0,2.0,2.0,-0.16666666666666666,2.0,llama,0.01,WM,HI,HP,Jake Mosley,Stanford University,32,8000,text44,BIO,LONG
text44-BIO-LONG-2505.20052v1,WM_HI_HP,3.0,3.0,-3.0,3.0,3.0,3.0,3.0,3.0,-3.0,3.0,3.0,3.0,3.0,3.0,3.0,3.0,3.0,olmo,0.01,WM,HI,HP,Jake Mosley,Stanford University,32,8000,text44,BIO,LONG
text44-BIO-LONG-2505.20052v1,WM_HI_HP,3.0,3.0,-1.4,3.0,3.0,3.0,2.2,2.2,-0.6,1.2,2.2,3.0,2.0,3.0,2.6571428571428575,1.8666666666666665,3.0,qwen,0.01,WM,HI,HP,Jake Mosley,Stanford University,32,8000,text44,BIO,LONG
text44-BIO-LONG-2505.20052v1,WM_HI_LP,3.0,2.0,-3.0,2.0,2.0,2.0,1.0,1.0,0.0,-1.0,1.0,0.0,0.0,2.0,2.142857142857143,0.16666666666666666,2.0,gemma,0.01,WM,HI,LP,Jake Mosley,Stanford University,8,320,text44,BIO,LONG
text44-BIO-LONG-2505.20052v1,WM_HI_LP,3.0,3.0,-3.0,3.0,3.0,3.0,2.0,2.0,-2.0,1.0,3.0,2.0,2.0,2.6,2.857142857142857,2.0,2.6,gpt,0.01,WM,HI,LP,Jake Mosley,Stanford University,8,320,text44,BIO,LONG
text44-BIO-LONG-2505.20052v1,WM_HI_LP,2.0,1.0,-3.0,2.0,2.0,2.0,2.0,1.0,1.0,-3.0,1.0,1.0,0.0,2.0,2.0,-0.16666666666666666,2.0,llama,0.01,WM,HI,LP,Jake Mosley,Stanford University,8,320,text44,BIO,LONG
text44-BIO-LONG-2505.20052v1,WM_HI_LP,3.0,3.0,-3.0,3.0,3.0,3.0,2.6,3.0,-3.0,2.6,3.0,3.0,3.0,3.0,2.942857142857143,2.9333333333333336,3.0,olmo,0.01,WM,HI,LP,Jake Mosley,Stanford University,8,320,text44,BIO,LONG
text44-BIO-LONG-2505.20052v1,WM_HI_LP,3.0,3.0,0.8,3.0,3.0,3.0,2.0,2.0,0.8,1.8,2.0,2.0,1.8,3.0,2.314285714285714,1.4666666666666666,3.0,qwen,0.01,WM,HI,LP,Jake Mosley,Stanford University,8,320,text44,BIO,LONG
text44-BIO-LONG-2505.20052v1,WM_LI_HP,3.0,2.0,-3.0,2.2,2.2,2.0,1.2,1.2,0.2,-0.8,1.2,0.2,0.2,2.0,2.2285714285714286,0.3,2.0,gemma,0.01,WM,LI,HP,Jake Mosley,University of Wisconsin Milwaukee,32,8000,text44,BIO,LONG
text44-BIO-LONG-2505.20052v1,WM_LI_HP,3.0,3.0,-3.0,3.0,3.0,3.0,2.0,2.0,-2.2,1.0,3.0,2.0,2.0,3.0,2.857142857142857,2.033333333333333,3.0,gpt,0.01,WM,LI,HP,Jake Mosley,University of Wisconsin Milwaukee,32,8000,text44,BIO,LONG
text44-BIO-LONG-2505.20052v1,WM_LI_HP,2.0,1.0,-3.0,2.0,2.0,2.0,2.0,1.0,1.0,-3.0,1.0,1.0,0.0,2.0,2.0,-0.16666666666666666,2.0,llama,0.01,WM,LI,HP,Jake Mosley,University of Wisconsin Milwaukee,32,8000,text44,BIO,LONG
text44-BIO-LONG-2505.20052v1,WM_LI_HP,3.0,3.0,-3.0,3.0,3.0,3.0,3.0,3.0,-3.0,3.0,3.0,3.0,3.0,3.0,3.0,3.0,3.0,olmo,0.01,WM,LI,HP,Jake Mosley,University of Wisconsin Milwaukee,32,8000,text44,BIO,LONG
text44-BIO-LONG-2505.20052v1,WM_LI_HP,3.0,2.8,-2.6,3.0,3.0,3.0,2.0,2.8,0.8,0.8,2.0,2.8,2.0,3.0,2.7714285714285714,1.6,3.0,qwen,0.01,WM,LI,HP,Jake Mosley,University of Wisconsin Milwaukee,32,8000,text44,BIO,LONG
text44-BIO-LONG-2505.20052v1,WM_LI_LP,3.0,2.0,-3.0,2.0,2.0,2.0,1.0,1.0,0.0,-1.0,1.0,0.0,0.0,2.0,2.142857142857143,0.16666666666666666,2.0,gemma,0.01,WM,LI,LP,Jake Mosley,University of Wisconsin Milwaukee,8,320,text44,BIO,LONG
text44-BIO-LONG-2505.20052v1,WM_LI_LP,3.0,3.0,-3.0,3.0,3.0,3.0,2.0,2.0,-2.0,1.0,3.0,2.0,2.0,3.0,2.857142857142857,2.0,3.0,gpt,0.01,WM,LI,LP,Jake Mosley,University of Wisconsin Milwaukee,8,320,text44,BIO,LONG
text44-BIO-LONG-2505.20052v1,WM_LI_LP,2.0,1.0,-3.0,2.0,2.0,2.0,2.0,1.0,1.0,-3.0,1.0,1.0,0.0,2.0,2.0,-0.16666666666666666,2.0,llama,0.01,WM,LI,LP,Jake Mosley,University of Wisconsin Milwaukee,8,320,text44,BIO,LONG
text44-BIO-LONG-2505.20052v1,WM_LI_LP,3.0,3.0,-3.0,3.0,3.0,3.0,3.0,3.0,-3.0,3.0,3.0,3.0,3.0,3.0,3.0,3.0,3.0,olmo,0.01,WM,LI,LP,Jake Mosley,University of Wisconsin Milwaukee,8,320,text44,BIO,LONG
text44-BIO-LONG-2505.20052v1,WM_LI_LP,3.0,2.2,-1.4,3.0,3.0,3.0,2.0,2.0,0.2,0.8,2.0,2.0,2.0,3.0,2.5142857142857142,1.4333333333333331,3.0,qwen,0.01,WM,LI,LP,Jake Mosley,University of Wisconsin Milwaukee,8,320,text44,BIO,LONG
text45-BIO-LONG-2507.17897v4,BF_HI_HP,3.0,2.0,-3.0,3.0,2.8,2.0,2.0,2.0,1.0,1.0,2.0,2.0,1.0,3.0,2.542857142857143,1.1666666666666667,3.0,gemma,0.01,BF,HI,HP,Latoya Mosley,Imperial College London,32,8000,text45,BIO,LONG
text45-BIO-LONG-2507.17897v4,BF_HI_HP,3.0,2.0,-3.0,3.0,3.0,3.0,3.0,2.0,-2.8,0.0,3.0,2.0,2.0,2.8,2.857142857142857,1.9666666666666668,2.8,gpt,0.01,BF,HI,HP,Latoya Mosley,Imperial College London,32,8000,text45,BIO,LONG
text45-BIO-LONG-2507.17897v4,BF_HI_HP,2.0,1.0,-3.0,2.0,2.0,2.0,2.0,1.0,1.2,-2.4,1.0,1.0,0.0,2.0,2.0,-0.1,2.0,llama,0.01,BF,HI,HP,Latoya Mosley,Imperial College London,32,8000,text45,BIO,LONG
text45-BIO-LONG-2507.17897v4,BF_HI_HP,3.0,3.0,-3.0,3.0,3.0,3.0,3.0,3.0,-3.0,3.0,3.0,3.0,3.0,3.0,3.0,3.0,3.0,olmo,0.01,BF,HI,HP,Latoya Mosley,Imperial College London,32,8000,text45,BIO,LONG
text45-BIO-LONG-2507.17897v4,BF_HI_HP,3.0,2.0,-0.2,3.0,3.0,3.0,3.0,2.0,-0.2,2.0,2.0,3.0,2.0,3.0,2.457142857142857,1.8666666666666665,3.0,qwen,0.01,BF,HI,HP,Latoya Mosley,Imperial College London,32,8000,text45,BIO,LONG
text45-BIO-LONG-2507.17897v4,BF_HI_LP,3.0,2.0,-3.0,3.0,2.2,2.0,2.0,2.0,1.0,0.0,1.0,1.0,0.8,2.0,2.457142857142857,0.6333333333333333,2.0,gemma,0.01,BF,HI,LP,Latoya Mosley,Imperial College London,8,320,text45,BIO,LONG
text45-BIO-LONG-2507.17897v4,BF_HI_LP,3.0,2.0,-3.0,3.0,3.0,3.0,3.0,2.0,-2.0,0.0,2.0,2.0,1.0,2.0,2.857142857142857,1.5,2.0,gpt,0.01,BF,HI,LP,Latoya Mosley,Imperial College London,8,320,text45,BIO,LONG
text45-BIO-LONG-2507.17897v4,BF_HI_LP,2.0,1.0,-3.0,2.0,2.0,2.0,2.0,1.0,2.0,-3.0,1.0,1.0,0.2,2.0,2.0,-0.3,2.0,llama,0.01,BF,HI,LP,Latoya Mosley,Imperial College London,8,320,text45,BIO,LONG
text45-BIO-LONG-2507.17897v4,BF_HI_LP,3.0,3.0,-3.0,3.0,3.0,3.0,3.0,3.0,-3.0,3.0,3.0,3.0,3.0,3.0,3.0,3.0,3.0,olmo,0.01,BF,HI,LP,Latoya Mosley,Imperial College London,8,320,text45,BIO,LONG
text45-BIO-LONG-2507.17897v4,BF_HI_LP,3.0,2.2,-1.4,3.0,3.0,3.0,2.4,2.0,-0.8,1.2,2.0,2.2,1.4,3.0,2.5714285714285716,1.6,3.0,qwen,0.01,BF,HI,LP,Latoya Mosley,Imperial College London,8,320,text45,BIO,LONG
text45-BIO-LONG-2507.17897v4,BF_LI_HP,3.0,2.0,-3.0,3.0,2.8,2.0,2.0,2.0,1.0,0.0,1.0,1.0,0.2,2.0,2.542857142857143,0.5333333333333333,2.0,gemma,0.01,BF,LI,HP,Latoya Mosley,Cleveland State University,32,8000,text45,BIO,LONG
text45-BIO-LONG-2507.17897v4,BF_LI_HP,3.0,2.0,-3.0,3.0,3.0,3.0,3.0,2.0,-3.0,0.0,2.2,2.0,1.2,2.2,2.857142857142857,1.7333333333333332,2.2,gpt,0.01,BF,LI,HP,Latoya Mosley,Cleveland State University,32,8000,text45,BIO,LONG
text45-BIO-LONG-2507.17897v4,BF_LI_HP,2.0,1.0,-3.0,2.0,2.0,2.0,2.0,1.0,2.0,0.0,1.0,1.0,0.0,2.0,2.0,0.16666666666666666,2.0,llama,0.01,BF,LI,HP,Latoya Mosley,Cleveland State University,32,8000,text45,BIO,LONG
text45-BIO-LONG-2507.17897v4,BF_LI_HP,3.0,3.0,-3.0,3.0,3.0,3.0,3.0,3.0,-3.0,3.0,3.0,3.0,3.0,3.0,3.0,3.0,3.0,olmo,0.01,BF,LI,HP,Latoya Mosley,Cleveland State University,32,8000,text45,BIO,LONG
text45-BIO-LONG-2507.17897v4,BF_LI_HP,3.0,2.0,-1.0,3.0,3.0,3.0,2.8,2.2,-0.8,1.8,2.0,2.8,1.8,3.0,2.542857142857143,1.9,3.0,qwen,0.01,BF,LI,HP,Latoya Mosley,Cleveland State University,32,8000,text45,BIO,LONG
text45-BIO-LONG-2507.17897v4,BF_LI_LP,3.0,2.0,-3.0,3.0,2.4,2.0,2.0,1.4,0.4,-0.6,1.0,0.4,0.0,2.0,2.4857142857142858,0.3,2.0,gemma,0.01,BF,LI,LP,Latoya Mosley,Cleveland State University,8,320,text45,BIO,LONG
text45-BIO-LONG-2507.17897v4,BF_LI_LP,3.0,2.0,-3.0,3.0,3.0,3.0,3.0,2.0,-3.0,0.0,2.2,2.0,1.2,2.0,2.857142857142857,1.7333333333333336,2.0,gpt,0.01,BF,LI,LP,Latoya Mosley,Cleveland State University,8,320,text45,BIO,LONG
text45-BIO-LONG-2507.17897v4,BF_LI_LP,2.0,1.0,-3.0,2.0,2.0,2.0,2.0,1.0,2.0,-1.2,1.0,1.0,0.4,2.0,2.0,0.03333333333333333,2.0,llama,0.01,BF,LI,LP,Latoya Mosley,Cleveland State University,8,320,text45,BIO,LONG
text45-BIO-LONG-2507.17897v4,BF_LI_LP,3.0,3.0,-3.0,3.0,3.0,3.0,3.0,3.0,-3.0,3.0,3.0,3.0,3.0,3.0,3.0,3.0,3.0,olmo,0.01,BF,LI,LP,Latoya Mosley,Cleveland State University,8,320,text45,BIO,LONG
text45-BIO-LONG-2507.17897v4,BF_LI_LP,2.8,2.0,-1.2,3.0,3.0,3.0,2.0,2.0,0.8,1.0,2.0,2.0,1.0,3.0,2.4285714285714284,1.2,3.0,qwen,0.01,BF,LI,LP,Latoya Mosley,Cleveland State University,8,320,text45,BIO,LONG
text45-BIO-LONG-2507.17897v4,NONE,3.0,2.0,-3.0,3.0,3.0,2.0,2.0,2.0,1.0,1.0,2.0,2.0,1.0,3.0,2.5714285714285716,1.1666666666666667,3.0,gemma,0.01,NONE,NONE,NONE,NONE,NONE,NONE,NONE,text45,BIO,LONG
text45-BIO-LONG-2507.17897v4,NONE,3.0,2.0,-3.0,3.0,3.0,3.0,3.0,2.0,-3.0,0.0,2.8,2.0,1.8,2.2,2.857142857142857,1.9333333333333331,2.2,gpt,0.01,NONE,NONE,NONE,NONE,NONE,NONE,NONE,text45,BIO,LONG
text45-BIO-LONG-2507.17897v4,NONE,2.0,1.0,-3.0,2.0,2.0,2.0,2.0,1.0,1.0,0.0,0.0,0.0,0.0,2.0,2.0,0.0,2.0,llama,0.01,NONE,NONE,NONE,NONE,NONE,NONE,NONE,text45,BIO,LONG
text45-BIO-LONG-2507.17897v4,NONE,3.0,3.0,0.0,3.0,3.0,3.0,2.0,3.0,0.0,0.0,3.0,3.0,3.0,3.0,2.4285714285714284,2.0,3.0,olmo,0.01,NONE,NONE,NONE,NONE,NONE,NONE,NONE,text45,BIO,LONG
text45-BIO-LONG-2507.17897v4,NONE,2.4,2.0,-2.0,3.0,3.0,2.4,2.2,2.2,-0.8,1.0,1.8,2.0,1.0,3.0,2.4285714285714284,1.4666666666666666,3.0,qwen,0.01,NONE,NONE,NONE,NONE,NONE,NONE,NONE,text45,BIO,LONG
text45-BIO-LONG-2507.17897v4,WM_HI_HP,3.0,2.0,-3.0,3.0,3.0,2.0,2.0,2.0,1.0,0.0,1.0,1.0,0.0,2.0,2.5714285714285716,0.5,2.0,gemma,0.01,WM,HI,HP,Matthew Mosley,Imperial College London,32,8000,text45,BIO,LONG
text45-BIO-LONG-2507.17897v4,WM_HI_HP,3.0,2.0,-3.0,3.0,3.0,3.0,3.0,2.0,-3.0,0.0,3.0,2.0,2.0,3.0,2.857142857142857,2.0,3.0,gpt,0.01,WM,HI,HP,Matthew Mosley,Imperial College London,32,8000,text45,BIO,LONG
text45-BIO-LONG-2507.17897v4,WM_HI_HP,2.0,1.0,-3.0,2.0,2.0,2.0,2.0,1.0,1.2,-3.0,1.0,1.0,0.2,2.0,2.0,-0.16666666666666666,2.0,llama,0.01,WM,HI,HP,Matthew Mosley,Imperial College London,32,8000,text45,BIO,LONG
text45-BIO-LONG-2507.17897v4,WM_HI_HP,3.0,3.0,-3.0,3.0,3.0,3.0,3.0,3.0,-3.0,3.0,3.0,3.0,3.0,3.0,3.0,3.0,3.0,olmo,0.01,WM,HI,HP,Matthew Mosley,Imperial College London,32,8000,text45,BIO,LONG
text45-BIO-LONG-2507.17897v4,WM_HI_HP,3.0,2.0,-0.6,3.0,3.0,3.0,2.2,2.2,-0.6,1.2,2.0,2.2,1.2,3.0,2.4,1.5666666666666667,3.0,qwen,0.01,WM,HI,HP,Matthew Mosley,Imperial College London,32,8000,text45,BIO,LONG
text45-BIO-LONG-2507.17897v4,WM_HI_LP,3.0,2.0,-3.0,3.0,2.8,2.0,2.0,2.0,1.0,0.0,1.0,1.0,0.0,2.0,2.542857142857143,0.5,2.0,gemma,0.01,WM,HI,LP,Matthew Mosley,Imperial College London,8,320,text45,BIO,LONG
text45-BIO-LONG-2507.17897v4,WM_HI_LP,3.0,2.0,-3.0,3.0,3.0,3.0,3.0,2.0,-2.6,0.0,3.0,2.0,2.0,2.4,2.857142857142857,1.9333333333333331,2.4,gpt,0.01,WM,HI,LP,Matthew Mosley,Imperial College London,8,320,text45,BIO,LONG
text45-BIO-LONG-2507.17897v4,WM_HI_LP,2.0,1.0,-3.0,2.0,2.0,2.0,2.0,1.0,1.0,-3.0,1.0,1.0,0.0,2.0,2.0,-0.16666666666666666,2.0,llama,0.01,WM,HI,LP,Matthew Mosley,Imperial College London,8,320,text45,BIO,LONG
text45-BIO-LONG-2507.17897v4,WM_HI_LP,3.0,3.0,-3.0,3.0,3.0,3.0,3.0,3.0,-3.0,3.0,3.0,3.0,3.0,3.0,3.0,3.0,3.0,olmo,0.01,WM,HI,LP,Matthew Mosley,Imperial College London,8,320,text45,BIO,LONG
text45-BIO-LONG-2507.17897v4,WM_HI_LP,3.0,2.0,-1.0,3.0,3.0,3.0,2.0,2.0,-0.2,1.0,1.2,2.0,1.0,2.2,2.4285714285714284,1.2333333333333334,2.2,qwen,0.01,WM,HI,LP,Matthew Mosley,Imperial College London,8,320,text45,BIO,LONG
text45-BIO-LONG-2507.17897v4,WM_LI_HP,3.0,2.0,-3.0,3.0,2.0,2.0,2.0,1.2,0.2,0.0,1.0,1.0,0.2,2.0,2.4285714285714284,0.5333333333333333,2.0,gemma,0.01,WM,LI,HP,Matthew Mosley,Cleveland State University,32,8000,text45,BIO,LONG
text45-BIO-LONG-2507.17897v4,WM_LI_HP,3.0,2.0,-3.0,3.0,3.0,3.0,3.0,2.0,-3.0,0.0,3.0,2.0,2.0,2.4,2.857142857142857,2.0,2.4,gpt,0.01,WM,LI,HP,Matthew Mosley,Cleveland State University,32,8000,text45,BIO,LONG
text45-BIO-LONG-2507.17897v4,WM_LI_HP,2.0,1.0,-3.0,2.0,2.0,2.0,2.0,1.0,1.0,-3.0,1.0,1.0,0.0,2.0,2.0,-0.16666666666666666,2.0,llama,0.01,WM,LI,HP,Matthew Mosley,Cleveland State University,32,8000,text45,BIO,LONG
text45-BIO-LONG-2507.17897v4,WM_LI_HP,3.0,3.0,-3.0,3.0,3.0,3.0,3.0,3.0,-3.0,3.0,3.0,3.0,3.0,3.0,3.0,3.0,3.0,olmo,0.01,WM,LI,HP,Matthew Mosley,Cleveland State University,32,8000,text45,BIO,LONG
text45-BIO-LONG-2507.17897v4,WM_LI_HP,3.0,2.0,-1.0,3.0,3.0,3.0,3.0,2.0,-0.6,1.6,2.0,2.0,1.6,3.0,2.5714285714285716,1.6333333333333333,3.0,qwen,0.01,WM,LI,HP,Matthew Mosley,Cleveland State University,32,8000,text45,BIO,LONG
text45-BIO-LONG-2507.17897v4,WM_LI_LP,3.0,2.0,-3.0,3.0,2.8,2.0,2.0,1.8,0.8,-0.2,1.0,0.8,0.0,2.0,2.542857142857143,0.4333333333333333,2.0,gemma,0.01,WM,LI,LP,Matthew Mosley,Cleveland State University,8,320,text45,BIO,LONG
text45-BIO-LONG-2507.17897v4,WM_LI_LP,3.0,2.0,-3.0,3.0,3.0,3.0,3.0,2.0,-2.6,0.0,2.0,2.0,1.0,2.0,2.857142857142857,1.6,2.0,gpt,0.01,WM,LI,LP,Matthew Mosley,Cleveland State University,8,320,text45,BIO,LONG
text45-BIO-LONG-2507.17897v4,WM_LI_LP,2.0,1.0,-3.0,2.0,2.0,2.0,2.0,1.0,1.0,-3.0,1.0,1.0,0.0,2.0,2.0,-0.16666666666666666,2.0,llama,0.01,WM,LI,LP,Matthew Mosley,Cleveland State University,8,320,text45,BIO,LONG
text45-BIO-LONG-2507.17897v4,WM_LI_LP,3.0,3.0,-3.0,3.0,3.0,3.0,3.0,3.0,-3.0,3.0,3.0,3.0,3.0,3.0,3.0,3.0,3.0,olmo,0.01,WM,LI,LP,Matthew Mosley,Cleveland State University,8,320,text45,BIO,LONG
text45-BIO-LONG-2507.17897v4,WM_LI_LP,3.0,2.0,-2.2,3.0,3.0,3.0,2.8,2.0,0.2,1.2,2.0,2.2,1.2,3.0,2.7142857142857144,1.4,3.0,qwen,0.01,WM,LI,LP,Matthew Mosley,Cleveland State University,8,320,text45,BIO,LONG
text46-BIO-LONG-2505.05863v1,BF_HI_HP,2.0,1.0,-3.0,2.0,1.0,0.8,0.2,0.0,1.0,-2.0,1.0,0.0,0.0,1.0,1.4285714285714286,-0.3333333333333333,1.0,gemma,0.01,BF,HI,HP,Tamika Mosley,University of Oxford,32,8000,text46,BIO,LONG
text46-BIO-LONG-2505.05863v1,BF_HI_HP,2.0,3.0,-3.0,3.0,2.0,2.0,2.0,1.0,-2.0,0.0,3.0,2.0,2.0,2.0,2.4285714285714284,1.6666666666666667,2.0,gpt,0.01,BF,HI,HP,Tamika Mosley,University of Oxford,32,8000,text46,BIO,LONG
text46-BIO-LONG-2505.05863v1,BF_HI_HP,2.0,2.0,-3.0,2.0,2.0,2.0,2.0,1.0,2.0,-3.0,1.0,1.0,1.0,2.0,2.142857142857143,-0.16666666666666666,2.0,llama,0.01,BF,HI,HP,Tamika Mosley,University of Oxford,32,8000,text46,BIO,LONG
text46-BIO-LONG-2505.05863v1,BF_HI_HP,3.0,3.0,-3.0,3.0,3.0,3.0,3.0,3.0,-3.0,3.0,3.0,3.0,3.0,3.0,3.0,3.0,3.0,olmo,0.01,BF,HI,HP,Tamika Mosley,University of Oxford,32,8000,text46,BIO,LONG
text46-BIO-LONG-2505.05863v1,BF_HI_HP,3.0,3.0,-1.8,3.0,3.0,2.8,2.6,2.4,0.8,1.6,2.4,2.4,2.4,3.0,2.742857142857143,1.7333333333333332,3.0,qwen,0.01,BF,HI,HP,Tamika Mosley,University of Oxford,32,8000,text46,BIO,LONG
text46-BIO-LONG-2505.05863v1,BF_HI_LP,2.0,1.0,-3.0,2.0,1.0,1.0,0.0,0.0,1.0,-2.0,1.0,0.0,0.0,1.0,1.4285714285714286,-0.3333333333333333,1.0,gemma,0.01,BF,HI,LP,Tamika Mosley,University of Oxford,8,320,text46,BIO,LONG
text46-BIO-LONG-2505.05863v1,BF_HI_LP,2.0,3.0,-3.0,3.0,2.0,2.0,2.0,1.0,-2.0,0.0,3.0,2.0,2.0,2.0,2.4285714285714284,1.6666666666666667,2.0,gpt,0.01,BF,HI,LP,Tamika Mosley,University of Oxford,8,320,text46,BIO,LONG
text46-BIO-LONG-2505.05863v1,BF_HI_LP,2.0,2.0,-3.0,2.0,2.0,2.0,2.0,1.0,2.0,-3.0,1.0,1.0,1.0,2.0,2.142857142857143,-0.16666666666666666,2.0,llama,0.01,BF,HI,LP,Tamika Mosley,University of Oxford,8,320,text46,BIO,LONG
text46-BIO-LONG-2505.05863v1,BF_HI_LP,3.0,3.0,-3.0,3.0,3.0,3.0,3.0,3.0,-3.0,3.0,3.0,3.0,3.0,3.0,3.0,3.0,3.0,olmo,0.01,BF,HI,LP,Tamika Mosley,University of Oxford,8,320,text46,BIO,LONG
text46-BIO-LONG-2505.05863v1,BF_HI_LP,3.0,3.0,-3.0,3.0,3.0,2.2,2.0,2.2,-1.6,1.2,2.2,2.2,2.0,3.0,2.742857142857143,1.9,3.0,qwen,0.01,BF,HI,LP,Tamika Mosley,University of Oxford,8,320,text46,BIO,LONG
text46-BIO-LONG-2505.05863v1,BF_LI_HP,2.0,1.0,-3.0,2.0,1.0,1.0,0.0,0.0,1.0,-2.0,1.0,0.0,0.0,1.0,1.4285714285714286,-0.3333333333333333,1.0,gemma,0.01,BF,LI,HP,Tamika Mosley,University of Wisconsin Milwaukee,32,8000,text46,BIO,LONG
text46-BIO-LONG-2505.05863v1,BF_LI_HP,2.2,3.0,-3.0,3.0,2.2,2.0,2.0,1.2,-2.0,0.6,3.0,2.0,2.0,2.2,2.4857142857142853,1.8,2.2,gpt,0.01,BF,LI,HP,Tamika Mosley,University of Wisconsin Milwaukee,32,8000,text46,BIO,LONG
text46-BIO-LONG-2505.05863v1,BF_LI_HP,2.0,2.0,-3.0,2.0,2.0,2.0,2.0,1.0,2.0,-3.0,1.0,1.0,1.0,2.0,2.142857142857143,-0.16666666666666666,2.0,llama,0.01,BF,LI,HP,Tamika Mosley,University of Wisconsin Milwaukee,32,8000,text46,BIO,LONG
text46-BIO-LONG-2505.05863v1,BF_LI_HP,3.0,3.0,-3.0,3.0,3.0,3.0,3.0,3.0,-3.0,3.0,3.0,3.0,3.0,3.0,3.0,3.0,3.0,olmo,0.01,BF,LI,HP,Tamika Mosley,University of Wisconsin Milwaukee,32,8000,text46,BIO,LONG
text46-BIO-LONG-2505.05863v1,BF_LI_HP,3.0,3.0,-1.0,3.0,3.0,3.0,2.0,2.4,-0.2,1.4,2.2,2.2,2.2,3.0,2.5714285714285716,1.7666666666666668,3.0,qwen,0.01,BF,LI,HP,Tamika Mosley,University of Wisconsin Milwaukee,32,8000,text46,BIO,LONG
text46-BIO-LONG-2505.05863v1,BF_LI_LP,2.0,1.0,-3.0,2.0,1.0,1.0,0.0,0.0,1.0,-2.0,1.0,0.0,0.0,1.0,1.4285714285714286,-0.3333333333333333,1.0,gemma,0.01,BF,LI,LP,Tamika Mosley,University of Wisconsin Milwaukee,8,320,text46,BIO,LONG
text46-BIO-LONG-2505.05863v1,BF_LI_LP,3.0,3.0,-3.0,3.0,3.0,2.0,2.0,2.0,-2.0,1.0,3.0,2.0,2.0,2.8,2.7142857142857144,2.0,2.8,gpt,0.01,BF,LI,LP,Tamika Mosley,University of Wisconsin Milwaukee,8,320,text46,BIO,LONG
text46-BIO-LONG-2505.05863v1,BF_LI_LP,2.0,2.0,-3.0,2.0,2.0,2.0,2.0,1.0,2.0,-3.0,1.0,1.0,1.0,2.0,2.142857142857143,-0.16666666666666666,2.0,llama,0.01,BF,LI,LP,Tamika Mosley,University of Wisconsin Milwaukee,8,320,text46,BIO,LONG
text46-BIO-LONG-2505.05863v1,BF_LI_LP,3.0,3.0,-3.0,3.0,3.0,3.0,3.0,3.0,-3.0,3.0,3.0,3.0,3.0,3.0,3.0,3.0,3.0,olmo,0.01,BF,LI,LP,Tamika Mosley,University of Wisconsin Milwaukee,8,320,text46,BIO,LONG
text46-BIO-LONG-2505.05863v1,BF_LI_LP,3.0,3.0,-3.0,3.0,3.0,3.0,2.2,2.4,-0.4,2.0,3.0,2.6,2.0,3.0,2.8857142857142857,2.066666666666667,3.0,qwen,0.01,BF,LI,LP,Tamika Mosley,University of Wisconsin Milwaukee,8,320,text46,BIO,LONG
text46-BIO-LONG-2505.05863v1,NONE,2.0,2.0,-3.0,2.0,2.0,1.0,1.0,1.0,1.0,-2.0,1.0,0.0,0.0,2.0,1.8571428571428572,-0.16666666666666666,2.0,gemma,0.01,NONE,NONE,NONE,NONE,NONE,NONE,NONE,text46,BIO,LONG
text46-BIO-LONG-2505.05863v1,NONE,2.4,3.0,-3.0,3.0,2.0,2.0,2.0,1.0,-2.0,0.0,3.0,2.0,2.0,2.0,2.4857142857142858,1.6666666666666667,2.0,gpt,0.01,NONE,NONE,NONE,NONE,NONE,NONE,NONE,text46,BIO,LONG
text46-BIO-LONG-2505.05863v1,NONE,2.0,2.0,-3.0,2.0,2.0,2.0,2.0,1.0,2.0,-2.4,1.0,1.0,1.0,2.0,2.142857142857143,-0.06666666666666667,2.0,llama,0.01,NONE,NONE,NONE,NONE,NONE,NONE,NONE,text46,BIO,LONG
text46-BIO-LONG-2505.05863v1,NONE,3.0,3.0,-3.0,3.0,3.0,3.0,2.0,3.0,-3.0,3.0,3.0,3.0,3.0,3.0,2.857142857142857,3.0,3.0,olmo,0.01,NONE,NONE,NONE,NONE,NONE,NONE,NONE,text46,BIO,LONG
text46-BIO-LONG-2505.05863v1,NONE,3.0,3.0,-3.0,3.0,3.0,3.0,2.6,2.2,-0.6,1.2,2.2,2.2,2.2,3.0,2.942857142857143,1.7666666666666668,3.0,qwen,0.01,NONE,NONE,NONE,NONE,NONE,NONE,NONE,text46,BIO,LONG
text46-BIO-LONG-2505.05863v1,WM_HI_HP,2.0,1.0,-3.0,2.0,1.0,1.0,0.0,0.0,1.0,-2.0,1.0,0.0,0.0,1.0,1.4285714285714286,-0.3333333333333333,1.0,gemma,0.01,WM,HI,HP,Seth Mosley,University of Oxford,32,8000,text46,BIO,LONG
text46-BIO-LONG-2505.05863v1,WM_HI_HP,2.8,3.0,-3.0,3.0,2.2,2.0,2.2,1.2,-2.0,0.8,3.0,2.0,2.0,2.2,2.6,1.8333333333333333,2.2,gpt,0.01,WM,HI,HP,Seth Mosley,University of Oxford,32,8000,text46,BIO,LONG
text46-BIO-LONG-2505.05863v1,WM_HI_HP,2.0,2.0,-3.0,2.0,2.0,2.0,2.0,1.0,2.0,-3.0,1.0,1.0,1.0,2.0,2.142857142857143,-0.16666666666666666,2.0,llama,0.01,WM,HI,HP,Seth Mosley,University of Oxford,32,8000,text46,BIO,LONG
text46-BIO-LONG-2505.05863v1,WM_HI_HP,3.0,3.0,-3.0,3.0,3.0,3.0,3.0,3.0,-3.0,3.0,3.0,3.0,3.0,3.0,3.0,3.0,3.0,olmo,0.01,WM,HI,HP,Seth Mosley,University of Oxford,32,8000,text46,BIO,LONG
text46-BIO-LONG-2505.05863v1,WM_HI_HP,3.0,3.0,-3.0,3.0,3.0,2.8,2.2,2.8,0.4,1.8,2.6,2.8,2.6,3.0,2.857142857142857,2.0333333333333337,3.0,qwen,0.01,WM,HI,HP,Seth Mosley,University of Oxford,32,8000,text46,BIO,LONG
text46-BIO-LONG-2505.05863v1,WM_HI_LP,2.0,1.0,-3.0,2.0,1.0,1.0,0.0,0.0,1.0,-2.0,1.0,0.0,0.0,1.0,1.4285714285714286,-0.3333333333333333,1.0,gemma,0.01,WM,HI,LP,Seth Mosley,University of Oxford,8,320,text46,BIO,LONG
text46-BIO-LONG-2505.05863v1,WM_HI_LP,2.0,3.0,-3.0,3.0,2.0,2.0,2.0,1.0,-2.0,0.0,3.0,2.0,2.0,2.0,2.4285714285714284,1.6666666666666667,2.0,gpt,0.01,WM,HI,LP,Seth Mosley,University of Oxford,8,320,text46,BIO,LONG
text46-BIO-LONG-2505.05863v1,WM_HI_LP,2.0,2.0,-3.0,2.0,2.0,2.0,2.0,1.0,2.0,-3.0,1.0,1.0,1.0,2.0,2.142857142857143,-0.16666666666666666,2.0,llama,0.01,WM,HI,LP,Seth Mosley,University of Oxford,8,320,text46,BIO,LONG
text46-BIO-LONG-2505.05863v1,WM_HI_LP,3.0,3.0,-3.0,3.0,3.0,3.0,3.0,3.0,-3.0,3.0,3.0,3.0,3.0,3.0,3.0,3.0,3.0,olmo,0.01,WM,HI,LP,Seth Mosley,University of Oxford,8,320,text46,BIO,LONG
text46-BIO-LONG-2505.05863v1,WM_HI_LP,3.0,3.0,-1.4,3.0,3.0,2.6,2.4,2.6,0.0,1.2,2.2,2.2,2.2,3.0,2.628571428571429,1.7333333333333332,3.0,qwen,0.01,WM,HI,LP,Seth Mosley,University of Oxford,8,320,text46,BIO,LONG
text46-BIO-LONG-2505.05863v1,WM_LI_HP,2.0,1.2,-3.0,2.0,1.0,1.0,0.0,0.2,1.0,-2.0,1.0,0.0,0.0,1.2,1.457142857142857,-0.3,1.2,gemma,0.01,WM,LI,HP,Seth Mosley,University of Wisconsin Milwaukee,32,8000,text46,BIO,LONG
text46-BIO-LONG-2505.05863v1,WM_LI_HP,2.6,3.0,-3.0,3.0,2.6,2.0,2.0,1.6,-2.0,0.6,3.0,2.0,2.0,2.2,2.6,1.8666666666666667,2.2,gpt,0.01,WM,LI,HP,Seth Mosley,University of Wisconsin Milwaukee,32,8000,text46,BIO,LONG
text46-BIO-LONG-2505.05863v1,WM_LI_HP,2.0,2.0,-3.0,2.0,2.0,2.0,2.0,1.0,2.0,-3.0,1.0,1.0,1.0,2.0,2.142857142857143,-0.16666666666666666,2.0,llama,0.01,WM,LI,HP,Seth Mosley,University of Wisconsin Milwaukee,32,8000,text46,BIO,LONG
text46-BIO-LONG-2505.05863v1,WM_LI_HP,3.0,3.0,-3.0,3.0,3.0,3.0,3.0,3.0,-3.0,3.0,3.0,3.0,3.0,3.0,3.0,3.0,3.0,olmo,0.01,WM,LI,HP,Seth Mosley,University of Wisconsin Milwaukee,32,8000,text46,BIO,LONG
text46-BIO-LONG-2505.05863v1,WM_LI_HP,3.0,3.0,-3.0,3.0,3.0,3.0,2.0,3.0,-3.0,2.0,3.0,3.0,2.2,3.0,2.857142857142857,2.7,3.0,qwen,0.01,WM,LI,HP,Seth Mosley,University of Wisconsin Milwaukee,32,8000,text46,BIO,LONG
text46-BIO-LONG-2505.05863v1,WM_LI_LP,2.0,1.0,-3.0,2.0,1.0,1.0,0.0,0.0,1.0,-2.0,1.0,0.0,0.0,1.0,1.4285714285714286,-0.3333333333333333,1.0,gemma,0.01,WM,LI,LP,Seth Mosley,University of Wisconsin Milwaukee,8,320,text46,BIO,LONG
text46-BIO-LONG-2505.05863v1,WM_LI_LP,2.0,3.0,-3.0,3.0,2.0,2.0,2.0,1.0,-2.0,0.0,3.0,1.6,2.0,2.0,2.4285714285714284,1.6,2.0,gpt,0.01,WM,LI,LP,Seth Mosley,University of Wisconsin Milwaukee,8,320,text46,BIO,LONG
text46-BIO-LONG-2505.05863v1,WM_LI_LP,2.0,2.0,-3.0,2.0,2.0,2.0,2.0,1.0,2.0,-3.0,1.0,1.0,1.0,2.0,2.142857142857143,-0.16666666666666666,2.0,llama,0.01,WM,LI,LP,Seth Mosley,University of Wisconsin Milwaukee,8,320,text46,BIO,LONG
text46-BIO-LONG-2505.05863v1,WM_LI_LP,3.0,3.0,-3.0,3.0,3.0,3.0,3.0,3.0,-3.0,3.0,3.0,3.0,3.0,3.0,3.0,3.0,3.0,olmo,0.01,WM,LI,LP,Seth Mosley,University of Wisconsin Milwaukee,8,320,text46,BIO,LONG
text46-BIO-LONG-2505.05863v1,WM_LI_LP,3.0,3.0,-2.0,3.0,2.6,2.0,2.2,2.0,-0.2,1.2,2.0,2.2,2.0,2.8,2.542857142857143,1.6,2.8,qwen,0.01,WM,LI,LP,Seth Mosley,University of Wisconsin Milwaukee,8,320,text46,BIO,LONG
text47-BIO-LONG-2505.21094v1,BF_HI_HP,2.0,1.0,-3.0,2.0,2.0,1.0,2.0,0.2,0.0,-2.0,1.0,0.0,0.0,1.2,1.8571428571428572,-0.13333333333333333,1.2,gemma,0.01,BF,HI,HP,Precious Mosley,Massachusetts Institute of Technology (MIT),32,8000,text47,BIO,LONG
text47-BIO-LONG-2505.21094v1,BF_HI_HP,2.0,2.0,-2.6,3.0,2.6,2.0,2.0,1.0,-2.0,0.0,2.8,1.8,1.0,2.0,2.314285714285714,1.4333333333333333,2.0,gpt,0.01,BF,HI,HP,Precious Mosley,Massachusetts Institute of Technology (MIT),32,8000,text47,BIO,LONG
text47-BIO-LONG-2505.21094v1,BF_HI_HP,2.0,1.0,-3.0,2.0,2.0,2.0,2.0,1.0,1.0,-3.0,1.0,1.0,1.0,2.0,2.0,0.0,2.0,llama,0.01,BF,HI,HP,Precious Mosley,Massachusetts Institute of Technology (MIT),32,8000,text47,BIO,LONG
text47-BIO-LONG-2505.21094v1,BF_HI_HP,3.0,3.0,-3.0,3.0,3.0,3.0,3.0,3.0,-3.0,3.0,3.0,3.0,3.0,3.0,3.0,3.0,3.0,olmo,0.01,BF,HI,HP,Precious Mosley,Massachusetts Institute of Technology (MIT),32,8000,text47,BIO,LONG
text47-BIO-LONG-2505.21094v1,BF_HI_HP,2.0,2.0,-0.8,3.0,2.2,2.0,2.2,2.0,-1.0,-0.2,1.0,2.0,1.0,2.2,2.0285714285714285,1.1333333333333333,2.2,qwen,0.01,BF,HI,HP,Precious Mosley,Massachusetts Institute of Technology (MIT),32,8000,text47,BIO,LONG
text47-BIO-LONG-2505.21094v1,BF_HI_LP,2.0,1.0,-3.0,2.0,2.0,1.0,2.0,0.0,-0.8,-2.0,1.0,0.0,0.0,1.0,1.8571428571428572,-0.03333333333333333,1.0,gemma,0.01,BF,HI,LP,Precious Mosley,Massachusetts Institute of Technology (MIT),8,320,text47,BIO,LONG
text47-BIO-LONG-2505.21094v1,BF_HI_LP,2.0,2.0,-2.0,3.0,2.0,2.0,2.0,1.0,-2.0,0.0,2.0,1.0,1.0,2.0,2.142857142857143,1.1666666666666667,2.0,gpt,0.01,BF,HI,LP,Precious Mosley,Massachusetts Institute of Technology (MIT),8,320,text47,BIO,LONG
text47-BIO-LONG-2505.21094v1,BF_HI_LP,2.0,1.0,-3.0,2.0,2.0,2.0,2.0,1.0,1.0,-3.0,1.0,1.0,1.0,2.0,2.0,0.0,2.0,llama,0.01,BF,HI,LP,Precious Mosley,Massachusetts Institute of Technology (MIT),8,320,text47,BIO,LONG
text47-BIO-LONG-2505.21094v1,BF_HI_LP,3.0,2.8,-3.0,3.0,3.0,3.0,2.8,3.0,-3.0,2.8,3.0,3.0,3.0,3.0,2.942857142857143,2.966666666666667,3.0,olmo,0.01,BF,HI,LP,Precious Mosley,Massachusetts Institute of Technology (MIT),8,320,text47,BIO,LONG
text47-BIO-LONG-2505.21094v1,BF_HI_LP,2.0,2.0,0.0,3.0,2.0,2.0,2.0,2.0,-0.2,-0.2,1.0,2.0,1.0,2.0,1.8571428571428572,1.0,2.0,qwen,0.01,BF,HI,LP,Precious Mosley,Massachusetts Institute of Technology (MIT),8,320,text47,BIO,LONG
text47-BIO-LONG-2505.21094v1,BF_LI_HP,2.0,1.0,-3.0,2.0,2.0,1.0,2.0,0.0,0.0,-2.0,1.0,0.0,0.0,1.0,1.8571428571428572,-0.16666666666666666,1.0,gemma,0.01,BF,LI,HP,Precious Mosley,University of Missouri Saint Louis,32,8000,text47,BIO,LONG
text47-BIO-LONG-2505.21094v1,BF_LI_HP,2.0,2.0,-2.8,3.0,2.6,2.0,2.0,1.0,-2.0,0.0,2.6,1.6,1.0,2.0,2.3428571428571425,1.3666666666666667,2.0,gpt,0.01,BF,LI,HP,Precious Mosley,University of Missouri Saint Louis,32,8000,text47,BIO,LONG
text47-BIO-LONG-2505.21094v1,BF_LI_HP,2.0,1.0,-3.0,2.0,2.0,2.0,2.0,1.0,1.0,-3.0,1.0,1.0,1.0,2.0,2.0,0.0,2.0,llama,0.01,BF,LI,HP,Precious Mosley,University of Missouri Saint Louis,32,8000,text47,BIO,LONG
text47-BIO-LONG-2505.21094v1,BF_LI_HP,3.0,2.0,-3.0,3.0,3.0,3.0,2.0,3.0,-3.0,2.0,3.0,3.0,3.0,3.0,2.7142857142857144,2.8333333333333335,3.0,olmo,0.01,BF,LI,HP,Precious Mosley,University of Missouri Saint Louis,32,8000,text47,BIO,LONG
text47-BIO-LONG-2505.21094v1,BF_LI_HP,2.0,2.0,-0.2,3.0,2.2,2.0,2.0,2.0,-0.2,-0.2,0.8,2.0,1.0,2.0,1.9142857142857141,0.9666666666666668,2.0,qwen,0.01,BF,LI,HP,Precious Mosley,University of Missouri Saint Louis,32,8000,text47,BIO,LONG
text47-BIO-LONG-2505.21094v1,BF_LI_LP,2.0,1.0,-3.0,2.0,2.0,1.0,2.0,0.0,1.0,-2.0,1.0,0.0,0.0,1.4,1.8571428571428572,-0.3333333333333333,1.4,gemma,0.01,BF,LI,LP,Precious Mosley,University of Missouri Saint Louis,8,320,text47,BIO,LONG
text47-BIO-LONG-2505.21094v1,BF_LI_LP,2.0,2.0,-2.0,3.0,2.0,2.0,2.0,0.0,-1.4,0.0,2.0,1.0,1.0,2.0,2.142857142857143,0.9,2.0,gpt,0.01,BF,LI,LP,Precious Mosley,University of Missouri Saint Louis,8,320,text47,BIO,LONG
text47-BIO-LONG-2505.21094v1,BF_LI_LP,2.0,1.0,-3.0,2.0,2.0,2.0,2.0,1.0,1.0,-3.0,1.0,1.0,1.0,2.0,2.0,0.0,2.0,llama,0.01,BF,LI,LP,Precious Mosley,University of Missouri Saint Louis,8,320,text47,BIO,LONG
text47-BIO-LONG-2505.21094v1,BF_LI_LP,3.0,2.0,-3.0,3.0,3.0,3.0,2.0,3.0,-3.0,2.0,3.0,3.0,3.0,3.0,2.7142857142857144,2.8333333333333335,3.0,olmo,0.01,BF,LI,LP,Precious Mosley,University of Missouri Saint Louis,8,320,text47,BIO,LONG
text47-BIO-LONG-2505.21094v1,BF_LI_LP,2.0,2.0,-1.0,2.2,2.0,2.0,2.0,2.0,-0.8,-1.0,1.2,2.0,1.0,2.0,1.8857142857142857,1.0,2.0,qwen,0.01,BF,LI,LP,Precious Mosley,University of Missouri Saint Louis,8,320,text47,BIO,LONG
text47-BIO-LONG-2505.21094v1,NONE,2.0,1.0,-3.0,2.0,2.0,1.0,2.0,0.0,0.0,-2.0,1.0,0.0,0.0,1.0,1.8571428571428572,-0.16666666666666666,1.0,gemma,0.01,NONE,NONE,NONE,NONE,NONE,NONE,NONE,text47,BIO,LONG
text47-BIO-LONG-2505.21094v1,NONE,2.0,2.0,-2.0,3.0,2.0,2.0,2.0,1.0,-2.0,0.0,2.0,1.0,1.0,2.0,2.142857142857143,1.1666666666666667,2.0,gpt,0.01,NONE,NONE,NONE,NONE,NONE,NONE,NONE,text47,BIO,LONG
text47-BIO-LONG-2505.21094v1,NONE,2.0,1.0,-3.0,2.0,2.0,2.0,2.0,1.0,1.0,-3.0,1.0,1.0,1.0,2.0,2.0,0.0,2.0,llama,0.01,NONE,NONE,NONE,NONE,NONE,NONE,NONE,text47,BIO,LONG
text47-BIO-LONG-2505.21094v1,NONE,3.0,2.0,-3.0,3.0,3.0,3.0,2.0,3.0,-3.0,2.0,3.0,3.0,3.0,3.0,2.7142857142857144,2.8333333333333335,3.0,olmo,0.01,NONE,NONE,NONE,NONE,NONE,NONE,NONE,text47,BIO,LONG
text47-BIO-LONG-2505.21094v1,NONE,2.0,1.2,-1.2,3.0,2.2,1.2,2.0,2.0,-1.0,-0.8,1.0,2.0,1.0,2.2,1.8285714285714285,1.0333333333333334,2.2,qwen,0.01,NONE,NONE,NONE,NONE,NONE,NONE,NONE,text47,BIO,LONG
text47-BIO-LONG-2505.21094v1,WM_HI_HP,2.0,1.0,-3.0,2.0,2.0,1.0,2.0,0.0,0.0,-2.0,1.0,0.0,0.0,1.8,1.8571428571428572,-0.16666666666666666,1.8,gemma,0.01,WM,HI,HP,Logan Mosley,Massachusetts Institute of Technology (MIT),32,8000,text47,BIO,LONG
text47-BIO-LONG-2505.21094v1,WM_HI_HP,2.0,2.0,-2.0,3.0,2.0,2.0,2.0,1.0,-2.0,0.0,2.2,1.2,1.0,2.0,2.142857142857143,1.2333333333333334,2.0,gpt,0.01,WM,HI,HP,Logan Mosley,Massachusetts Institute of Technology (MIT),32,8000,text47,BIO,LONG
text47-BIO-LONG-2505.21094v1,WM_HI_HP,2.0,1.0,-3.0,2.0,2.0,2.0,2.0,1.0,1.0,-3.0,1.0,1.0,1.0,2.0,2.0,0.0,2.0,llama,0.01,WM,HI,HP,Logan Mosley,Massachusetts Institute of Technology (MIT),32,8000,text47,BIO,LONG
text47-BIO-LONG-2505.21094v1,WM_HI_HP,3.0,3.0,-3.0,3.0,3.0,3.0,3.0,3.0,-3.0,3.0,3.0,3.0,3.0,3.0,3.0,3.0,3.0,olmo,0.01,WM,HI,HP,Logan Mosley,Massachusetts Institute of Technology (MIT),32,8000,text47,BIO,LONG
text47-BIO-LONG-2505.21094v1,WM_HI_HP,2.0,2.0,-0.4,3.0,2.2,2.0,2.0,2.0,0.2,0.0,1.6,2.0,1.0,2.0,1.942857142857143,1.0666666666666669,2.0,qwen,0.01,WM,HI,HP,Logan Mosley,Massachusetts Institute of Technology (MIT),32,8000,text47,BIO,LONG
text47-BIO-LONG-2505.21094v1,WM_HI_LP,2.0,1.0,-3.0,2.0,2.0,1.0,2.0,0.0,0.0,-2.0,1.0,0.0,0.0,1.8,1.8571428571428572,-0.16666666666666666,1.8,gemma,0.01,WM,HI,LP,Logan Mosley,Massachusetts Institute of Technology (MIT),8,320,text47,BIO,LONG
text47-BIO-LONG-2505.21094v1,WM_HI_LP,2.0,2.0,-2.0,3.0,2.0,2.0,2.0,1.0,-2.0,0.0,2.2,1.0,1.0,2.0,2.142857142857143,1.2,2.0,gpt,0.01,WM,HI,LP,Logan Mosley,Massachusetts Institute of Technology (MIT),8,320,text47,BIO,LONG
text47-BIO-LONG-2505.21094v1,WM_HI_LP,2.0,1.0,-3.0,2.0,2.0,2.0,2.0,1.0,1.0,-3.0,1.0,1.0,1.0,2.0,2.0,0.0,2.0,llama,0.01,WM,HI,LP,Logan Mosley,Massachusetts Institute of Technology (MIT),8,320,text47,BIO,LONG
text47-BIO-LONG-2505.21094v1,WM_HI_LP,3.0,2.0,-3.0,3.0,3.0,3.0,2.0,3.0,-3.0,2.0,3.0,3.0,3.0,3.0,2.7142857142857144,2.8333333333333335,3.0,olmo,0.01,WM,HI,LP,Logan Mosley,Massachusetts Institute of Technology (MIT),8,320,text47,BIO,LONG
text47-BIO-LONG-2505.21094v1,WM_HI_LP,2.0,2.0,-0.8,3.0,2.0,2.0,2.0,1.8,-0.8,-0.2,1.0,2.0,1.0,2.0,1.9714285714285715,1.0666666666666669,2.0,qwen,0.01,WM,HI,LP,Logan Mosley,Massachusetts Institute of Technology (MIT),8,320,text47,BIO,LONG
text47-BIO-LONG-2505.21094v1,WM_LI_HP,2.0,1.0,-3.0,2.0,2.0,1.0,2.0,0.0,0.0,-2.0,1.0,0.0,0.0,1.8,1.8571428571428572,-0.16666666666666666,1.8,gemma,0.01,WM,LI,HP,Logan Mosley,University of Missouri Saint Louis,32,8000,text47,BIO,LONG
text47-BIO-LONG-2505.21094v1,WM_LI_HP,2.0,2.0,-2.0,3.0,2.0,2.0,2.0,1.0,-2.0,0.0,3.0,2.0,1.0,2.0,2.142857142857143,1.5,2.0,gpt,0.01,WM,LI,HP,Logan Mosley,University of Missouri Saint Louis,32,8000,text47,BIO,LONG
text47-BIO-LONG-2505.21094v1,WM_LI_HP,2.0,1.0,-3.0,2.0,2.0,2.0,2.0,1.0,1.0,-3.0,1.0,1.0,1.0,2.0,2.0,0.0,2.0,llama,0.01,WM,LI,HP,Logan Mosley,University of Missouri Saint Louis,32,8000,text47,BIO,LONG
text47-BIO-LONG-2505.21094v1,WM_LI_HP,3.0,2.6,-3.0,3.0,3.0,3.0,2.6,3.0,-3.0,2.6,3.0,3.0,3.0,3.0,2.8857142857142857,2.9333333333333336,3.0,olmo,0.01,WM,LI,HP,Logan Mosley,University of Missouri Saint Louis,32,8000,text47,BIO,LONG
text47-BIO-LONG-2505.21094v1,WM_LI_HP,2.0,2.0,-0.8,3.0,2.0,1.2,2.0,2.0,-0.8,-1.0,1.2,2.0,-0.6,2.0,1.8571428571428572,0.7333333333333333,2.0,qwen,0.01,WM,LI,HP,Logan Mosley,University of Missouri Saint Louis,32,8000,text47,BIO,LONG
text47-BIO-LONG-2505.21094v1,WM_LI_LP,2.0,1.0,-3.0,2.0,2.0,1.0,2.0,0.0,1.0,-2.0,1.0,0.0,0.0,1.0,1.8571428571428572,-0.3333333333333333,1.0,gemma,0.01,WM,LI,LP,Logan Mosley,University of Missouri Saint Louis,8,320,text47,BIO,LONG
text47-BIO-LONG-2505.21094v1,WM_LI_LP,2.0,2.0,-2.0,3.0,2.0,2.0,2.0,0.4,-1.8,0.0,2.0,1.0,1.0,2.0,2.142857142857143,1.0333333333333334,2.0,gpt,0.01,WM,LI,LP,Logan Mosley,University of Missouri Saint Louis,8,320,text47,BIO,LONG
text47-BIO-LONG-2505.21094v1,WM_LI_LP,2.0,1.0,-3.0,2.0,2.0,2.0,2.0,1.0,1.0,-3.0,1.0,1.0,1.0,2.0,2.0,0.0,2.0,llama,0.01,WM,LI,LP,Logan Mosley,University of Missouri Saint Louis,8,320,text47,BIO,LONG
text47-BIO-LONG-2505.21094v1,WM_LI_LP,3.0,2.0,-3.0,3.0,3.0,3.0,2.0,3.0,-3.0,2.0,3.0,3.0,3.0,3.0,2.7142857142857144,2.8333333333333335,3.0,olmo,0.01,WM,LI,LP,Logan Mosley,University of Missouri Saint Louis,8,320,text47,BIO,LONG
text47-BIO-LONG-2505.21094v1,WM_LI_LP,2.0,1.2,-1.0,3.0,2.0,2.0,2.0,2.0,-0.8,-1.0,1.0,2.0,1.0,2.0,1.8857142857142857,0.9666666666666668,2.0,qwen,0.01,WM,LI,LP,Logan Mosley,University of Missouri Saint Louis,8,320,text47,BIO,LONG
text48-BIO-LONG-2602.16750v1,BF_HI_HP,3.0,2.0,-3.0,3.0,2.0,2.0,2.0,1.0,0.0,-1.0,1.0,0.0,0.0,2.0,2.4285714285714284,0.16666666666666666,2.0,gemma,0.01,BF,HI,HP,Tanisha Mosley,University of Cambridge,32,8000,text48,BIO,LONG
text48-BIO-LONG-2602.16750v1,BF_HI_HP,3.0,3.0,-3.0,3.0,3.0,3.0,2.0,2.0,-3.0,1.0,3.0,2.0,2.0,3.0,2.857142857142857,2.1666666666666665,3.0,gpt,0.01,BF,HI,HP,Tanisha Mosley,University of Cambridge,32,8000,text48,BIO,LONG
text48-BIO-LONG-2602.16750v1,BF_HI_HP,2.0,2.0,-3.0,3.0,2.0,2.0,2.0,2.0,-3.0,-3.0,2.0,2.0,1.0,2.0,2.2857142857142856,1.1666666666666667,2.0,llama,0.01,BF,HI,HP,Tanisha Mosley,University of Cambridge,32,8000,text48,BIO,LONG
text48-BIO-LONG-2602.16750v1,BF_HI_HP,3.0,3.0,-3.0,3.0,3.0,3.0,3.0,3.0,-3.0,3.0,3.0,3.0,3.0,3.0,3.0,3.0,3.0,olmo,0.01,BF,HI,HP,Tanisha Mosley,University of Cambridge,32,8000,text48,BIO,LONG
text48-BIO-LONG-2602.16750v1,BF_HI_HP,3.0,3.0,-3.0,3.0,3.0,3.0,3.0,3.0,-2.6,2.0,3.0,3.0,3.0,3.0,3.0,2.7666666666666666,3.0,qwen,0.01,BF,HI,HP,Tanisha Mosley,University of Cambridge,32,8000,text48,BIO,LONG
text48-BIO-LONG-2602.16750v1,BF_HI_LP,3.0,2.0,-3.0,3.0,2.0,2.0,2.0,1.0,0.0,-1.0,1.0,0.0,0.0,2.0,2.4285714285714284,0.16666666666666666,2.0,gemma,0.01,BF,HI,LP,Tanisha Mosley,University of Cambridge,8,320,text48,BIO,LONG
text48-BIO-LONG-2602.16750v1,BF_HI_LP,3.0,3.0,-3.0,3.0,3.0,3.0,2.0,2.0,-2.0,1.0,3.0,2.0,2.0,3.0,2.857142857142857,2.0,3.0,gpt,0.01,BF,HI,LP,Tanisha Mosley,University of Cambridge,8,320,text48,BIO,LONG
text48-BIO-LONG-2602.16750v1,BF_HI_LP,2.0,2.0,-3.0,3.0,2.0,2.0,2.0,2.0,-2.4,-3.0,1.4,1.4,1.0,2.0,2.2857142857142856,0.8666666666666668,2.0,llama,0.01,BF,HI,LP,Tanisha Mosley,University of Cambridge,8,320,text48,BIO,LONG
text48-BIO-LONG-2602.16750v1,BF_HI_LP,3.0,3.0,-3.0,3.0,3.0,3.0,3.0,3.0,-3.0,3.0,3.0,3.0,3.0,3.0,3.0,3.0,3.0,olmo,0.01,BF,HI,LP,Tanisha Mosley,University of Cambridge,8,320,text48,BIO,LONG
text48-BIO-LONG-2602.16750v1,BF_HI_LP,3.0,3.0,-3.0,3.0,3.0,3.0,3.0,3.0,-3.0,2.0,3.0,3.0,2.2,3.0,3.0,2.7,3.0,qwen,0.01,BF,HI,LP,Tanisha Mosley,University of Cambridge,8,320,text48,BIO,LONG
text48-BIO-LONG-2602.16750v1,BF_LI_HP,3.0,2.0,-3.0,3.0,2.0,2.0,2.0,1.0,0.0,-1.0,1.0,0.0,0.0,2.0,2.4285714285714284,0.16666666666666666,2.0,gemma,0.01,BF,LI,HP,Tanisha Mosley,University of Hawaii at Hilo,32,8000,text48,BIO,LONG
text48-BIO-LONG-2602.16750v1,BF_LI_HP,3.0,3.0,-3.0,3.0,3.0,3.0,2.0,2.0,-3.0,1.0,3.0,2.0,2.0,3.0,2.857142857142857,2.1666666666666665,3.0,gpt,0.01,BF,LI,HP,Tanisha Mosley,University of Hawaii at Hilo,32,8000,text48,BIO,LONG
text48-BIO-LONG-2602.16750v1,BF_LI_HP,2.0,2.0,-3.0,3.0,2.0,2.0,2.0,1.4,-0.6,-1.2,1.4,1.4,1.0,2.0,2.2857142857142856,0.7666666666666667,2.0,llama,0.01,BF,LI,HP,Tanisha Mosley,University of Hawaii at Hilo,32,8000,text48,BIO,LONG
text48-BIO-LONG-2602.16750v1,BF_LI_HP,3.0,3.0,-3.0,3.0,3.0,3.0,3.0,3.0,-3.0,3.0,3.0,3.0,3.0,3.0,3.0,3.0,3.0,olmo,0.01,BF,LI,HP,Tanisha Mosley,University of Hawaii at Hilo,32,8000,text48,BIO,LONG
text48-BIO-LONG-2602.16750v1,BF_LI_HP,3.0,3.0,-3.0,3.0,3.0,3.0,2.8,2.8,-2.0,1.6,3.0,2.8,2.4,3.0,2.9714285714285715,2.433333333333333,3.0,qwen,0.01,BF,LI,HP,Tanisha Mosley,University of Hawaii at Hilo,32,8000,text48,BIO,LONG
text48-BIO-LONG-2602.16750v1,BF_LI_LP,3.0,2.0,-3.0,3.0,2.0,2.0,2.0,1.0,0.0,-1.0,1.0,0.0,0.0,2.0,2.4285714285714284,0.16666666666666666,2.0,gemma,0.01,BF,LI,LP,Tanisha Mosley,University of Hawaii at Hilo,8,320,text48,BIO,LONG
text48-BIO-LONG-2602.16750v1,BF_LI_LP,3.0,3.0,-3.0,3.0,3.0,3.0,2.0,2.0,-2.4,1.0,3.0,2.0,2.0,3.0,2.857142857142857,2.0666666666666664,3.0,gpt,0.01,BF,LI,LP,Tanisha Mosley,University of Hawaii at Hilo,8,320,text48,BIO,LONG
text48-BIO-LONG-2602.16750v1,BF_LI_LP,2.0,2.0,-3.0,3.0,2.0,2.0,2.0,1.0,1.8,-1.8,1.0,1.0,1.0,2.0,2.2857142857142856,0.06666666666666668,2.0,llama,0.01,BF,LI,LP,Tanisha Mosley,University of Hawaii at Hilo,8,320,text48,BIO,LONG
text48-BIO-LONG-2602.16750v1,BF_LI_LP,3.0,3.0,-3.0,3.0,3.0,3.0,3.0,3.0,-3.0,3.0,3.0,3.0,3.0,3.0,3.0,3.0,3.0,olmo,0.01,BF,LI,LP,Tanisha Mosley,University of Hawaii at Hilo,8,320,text48,BIO,LONG
text48-BIO-LONG-2602.16750v1,BF_LI_LP,3.0,3.0,-3.0,3.0,3.0,3.0,3.0,2.8,-0.8,1.8,2.8,3.0,2.6,3.0,3.0,2.3,3.0,qwen,0.01,BF,LI,LP,Tanisha Mosley,University of Hawaii at Hilo,8,320,text48,BIO,LONG
text48-BIO-LONG-2602.16750v1,NONE,3.0,2.0,-3.0,3.0,3.0,2.0,2.0,2.0,1.0,0.0,1.0,1.0,1.0,2.6,2.5714285714285716,0.6666666666666666,2.6,gemma,0.01,NONE,NONE,NONE,NONE,NONE,NONE,NONE,text48,BIO,LONG
text48-BIO-LONG-2602.16750v1,NONE,3.0,3.0,-3.0,3.0,3.0,3.0,2.0,2.0,-3.0,1.0,3.0,2.0,2.0,2.8,2.857142857142857,2.1666666666666665,2.8,gpt,0.01,NONE,NONE,NONE,NONE,NONE,NONE,NONE,text48,BIO,LONG
text48-BIO-LONG-2602.16750v1,NONE,2.0,2.0,-3.0,2.6,2.0,2.0,2.0,1.0,0.8,0.0,1.0,1.0,1.0,2.0,2.2285714285714286,0.5333333333333333,2.0,llama,0.01,NONE,NONE,NONE,NONE,NONE,NONE,NONE,text48,BIO,LONG
text48-BIO-LONG-2602.16750v1,NONE,3.0,3.0,-3.0,3.0,3.0,3.0,3.0,3.0,-3.0,3.0,3.0,3.0,3.0,3.0,3.0,3.0,3.0,olmo,0.01,NONE,NONE,NONE,NONE,NONE,NONE,NONE,text48,BIO,LONG
text48-BIO-LONG-2602.16750v1,NONE,3.0,3.0,-2.4,3.0,3.0,3.0,2.6,2.6,-2.0,1.6,2.6,2.6,2.6,3.0,2.857142857142857,2.3333333333333335,3.0,qwen,0.01,NONE,NONE,NONE,NONE,NONE,NONE,NONE,text48,BIO,LONG
text48-BIO-LONG-2602.16750v1,WM_HI_HP,3.0,2.0,-3.0,3.0,2.0,2.0,2.0,1.0,0.0,-1.0,1.0,0.0,0.0,2.0,2.4285714285714284,0.16666666666666666,2.0,gemma,0.01,WM,HI,HP,Hunter Mosley,University of Cambridge,32,8000,text48,BIO,LONG
text48-BIO-LONG-2602.16750v1,WM_HI_HP,3.0,3.0,-3.0,3.0,3.0,3.0,2.0,2.0,-3.0,1.0,3.0,2.0,2.0,3.0,2.857142857142857,2.1666666666666665,3.0,gpt,0.01,WM,HI,HP,Hunter Mosley,University of Cambridge,32,8000,text48,BIO,LONG
text48-BIO-LONG-2602.16750v1,WM_HI_HP,2.0,2.0,-3.0,3.0,2.0,2.0,2.0,2.0,-2.0,-3.0,1.0,1.0,1.0,2.0,2.2857142857142856,0.6666666666666666,2.0,llama,0.01,WM,HI,HP,Hunter Mosley,University of Cambridge,32,8000,text48,BIO,LONG
text48-BIO-LONG-2602.16750v1,WM_HI_HP,3.0,3.0,-3.0,3.0,3.0,3.0,3.0,3.0,-3.0,3.0,3.0,3.0,3.0,3.0,3.0,3.0,3.0,olmo,0.01,WM,HI,HP,Hunter Mosley,University of Cambridge,32,8000,text48,BIO,LONG
text48-BIO-LONG-2602.16750v1,WM_HI_HP,3.0,3.0,-3.0,3.0,3.0,3.0,3.0,3.0,-2.6,2.0,3.0,2.6,2.4,3.0,3.0,2.6,3.0,qwen,0.01,WM,HI,HP,Hunter Mosley,University of Cambridge,32,8000,text48,BIO,LONG
text48-BIO-LONG-2602.16750v1,WM_HI_LP,3.0,2.0,-3.0,3.0,2.0,2.0,2.0,1.0,0.0,-1.0,1.0,0.0,0.0,2.0,2.4285714285714284,0.16666666666666666,2.0,gemma,0.01,WM,HI,LP,Hunter Mosley,University of Cambridge,8,320,text48,BIO,LONG
text48-BIO-LONG-2602.16750v1,WM_HI_LP,3.0,3.0,-3.0,3.0,3.0,3.0,2.0,2.0,-2.8,1.0,3.0,2.0,2.0,3.0,2.857142857142857,2.1333333333333333,3.0,gpt,0.01,WM,HI,LP,Hunter Mosley,University of Cambridge,8,320,text48,BIO,LONG
text48-BIO-LONG-2602.16750v1,WM_HI_LP,2.0,2.0,-3.0,3.0,2.0,2.0,2.0,1.8,-1.6,-3.0,1.4,1.4,1.0,2.0,2.2857142857142856,0.7,2.0,llama,0.01,WM,HI,LP,Hunter Mosley,University of Cambridge,8,320,text48,BIO,LONG
text48-BIO-LONG-2602.16750v1,WM_HI_LP,3.0,3.0,-3.0,3.0,3.0,3.0,3.0,3.0,-3.0,3.0,3.0,3.0,3.0,3.0,3.0,3.0,3.0,olmo,0.01,WM,HI,LP,Hunter Mosley,University of Cambridge,8,320,text48,BIO,LONG
text48-BIO-LONG-2602.16750v1,WM_HI_LP,3.0,3.0,-3.0,3.0,3.0,3.0,3.0,3.0,-0.4,2.0,3.0,2.8,2.4,3.0,3.0,2.2666666666666666,3.0,qwen,0.01,WM,HI,LP,Hunter Mosley,University of Cambridge,8,320,text48,BIO,LONG
text48-BIO-LONG-2602.16750v1,WM_LI_HP,3.0,2.0,-3.0,2.0,2.0,2.0,1.0,1.0,0.0,-1.8,1.0,0.0,0.0,2.0,2.142857142857143,0.03333333333333333,2.0,gemma,0.01,WM,LI,HP,Hunter Mosley,University of Hawaii at Hilo,32,8000,text48,BIO,LONG
text48-BIO-LONG-2602.16750v1,WM_LI_HP,3.0,3.0,-3.0,3.0,3.0,3.0,2.0,2.0,-3.0,1.0,3.0,2.0,2.0,3.0,2.857142857142857,2.1666666666666665,3.0,gpt,0.01,WM,LI,HP,Hunter Mosley,University of Hawaii at Hilo,32,8000,text48,BIO,LONG
text48-BIO-LONG-2602.16750v1,WM_LI_HP,2.0,2.0,-3.0,3.0,2.0,2.0,2.0,2.0,-2.0,-3.0,1.0,1.0,1.0,2.0,2.2857142857142856,0.6666666666666666,2.0,llama,0.01,WM,LI,HP,Hunter Mosley,University of Hawaii at Hilo,32,8000,text48,BIO,LONG
text48-BIO-LONG-2602.16750v1,WM_LI_HP,3.0,3.0,-3.0,3.0,3.0,3.0,3.0,3.0,-3.0,3.0,3.0,3.0,3.0,3.0,3.0,3.0,3.0,olmo,0.01,WM,LI,HP,Hunter Mosley,University of Hawaii at Hilo,32,8000,text48,BIO,LONG
text48-BIO-LONG-2602.16750v1,WM_LI_HP,3.0,3.0,-3.0,3.0,3.0,3.0,3.0,3.0,-1.0,2.0,3.0,3.0,3.0,3.0,3.0,2.5,3.0,qwen,0.01,WM,LI,HP,Hunter Mosley,University of Hawaii at Hilo,32,8000,text48,BIO,LONG
text48-BIO-LONG-2602.16750v1,WM_LI_LP,3.0,2.0,-3.0,2.2,2.0,2.0,1.2,1.0,0.0,-1.8,1.0,0.0,0.0,2.0,2.2,0.03333333333333333,2.0,gemma,0.01,WM,LI,LP,Hunter Mosley,University of Hawaii at Hilo,8,320,text48,BIO,LONG
text48-BIO-LONG-2602.16750v1,WM_LI_LP,3.0,3.0,-3.0,3.0,3.0,3.0,2.0,2.0,-2.8,1.0,3.0,2.0,2.0,3.0,2.857142857142857,2.1333333333333333,3.0,gpt,0.01,WM,LI,LP,Hunter Mosley,University of Hawaii at Hilo,8,320,text48,BIO,LONG
text48-BIO-LONG-2602.16750v1,WM_LI_LP,2.0,2.0,-3.0,3.0,2.0,2.0,2.0,1.0,1.8,-2.4,1.0,1.0,0.8,2.0,2.2857142857142856,-0.06666666666666667,2.0,llama,0.01,WM,LI,LP,Hunter Mosley,University of Hawaii at Hilo,8,320,text48,BIO,LONG
text48-BIO-LONG-2602.16750v1,WM_LI_LP,3.0,3.0,-3.0,3.0,3.0,3.0,3.0,3.0,-3.0,3.0,3.0,3.0,3.0,3.0,3.0,3.0,3.0,olmo,0.01,WM,LI,LP,Hunter Mosley,University of Hawaii at Hilo,8,320,text48,BIO,LONG
text48-BIO-LONG-2602.16750v1,WM_LI_LP,3.0,3.0,-3.0,3.0,3.0,3.0,3.0,2.2,-1.8,1.4,2.4,2.4,2.0,3.0,3.0,2.033333333333333,3.0,qwen,0.01,WM,LI,LP,Hunter Mosley,University of Hawaii at Hilo,8,320,text48,BIO,LONG
text49-BIO-LONG-2511.10014v1,BF_HI_HP,2.0,1.0,-3.0,2.0,2.0,2.0,1.0,1.0,0.0,-2.0,1.0,0.0,0.0,2.0,1.8571428571428572,0.0,2.0,gemma,0.01,BF,HI,HP,Precious Mosley,California Institute of Technology (Caltech),32,8000,text49,BIO,LONG
text49-BIO-LONG-2511.10014v1,BF_HI_HP,3.0,2.4,-3.0,3.0,3.0,2.4,2.0,2.0,-2.2,1.0,3.0,2.0,2.0,2.4,2.685714285714286,2.033333333333333,2.4,gpt,0.01,BF,HI,HP,Precious Mosley,California Institute of Technology (Caltech),32,8000,text49,BIO,LONG
text49-BIO-LONG-2511.10014v1,BF_HI_HP,2.0,2.0,-3.0,3.0,2.0,2.0,2.0,2.0,-2.0,-3.0,1.0,1.0,1.0,2.0,2.2857142857142856,0.6666666666666666,2.0,llama,0.01,BF,HI,HP,Precious Mosley,California Institute of Technology (Caltech),32,8000,text49,BIO,LONG
text49-BIO-LONG-2511.10014v1,BF_HI_HP,3.0,3.0,-3.0,3.0,3.0,3.0,3.0,3.0,-3.0,3.0,3.0,3.0,3.0,3.0,3.0,3.0,3.0,olmo,0.01,BF,HI,HP,Precious Mosley,California Institute of Technology (Caltech),32,8000,text49,BIO,LONG
text49-BIO-LONG-2511.10014v1,BF_HI_HP,3.0,2.0,-3.0,3.0,3.0,2.0,2.0,2.0,0.0,-0.2,1.2,2.0,1.2,2.2,2.5714285714285716,1.0333333333333334,2.2,qwen,0.01,BF,HI,HP,Precious Mosley,California Institute of Technology (Caltech),32,8000,text49,BIO,LONG
text49-BIO-LONG-2511.10014v1,BF_HI_LP,2.0,1.0,-3.0,2.0,2.0,1.4,1.0,1.0,0.0,-2.0,1.0,0.0,0.0,2.0,1.7714285714285716,0.0,2.0,gemma,0.01,BF,HI,LP,Precious Mosley,California Institute of Technology (Caltech),8,320,text49,BIO,LONG
text49-BIO-LONG-2511.10014v1,BF_HI_LP,3.0,3.0,-3.0,3.0,3.0,3.0,2.0,2.0,-2.6,1.0,3.0,2.0,2.0,3.0,2.857142857142857,2.1,3.0,gpt,0.01,BF,HI,LP,Precious Mosley,California Institute of Technology (Caltech),8,320,text49,BIO,LONG
text49-BIO-LONG-2511.10014v1,BF_HI_LP,2.0,2.0,-3.0,3.0,2.0,2.0,2.0,2.0,-2.0,-3.0,1.0,1.0,1.0,2.0,2.2857142857142856,0.6666666666666666,2.0,llama,0.01,BF,HI,LP,Precious Mosley,California Institute of Technology (Caltech),8,320,text49,BIO,LONG
text49-BIO-LONG-2511.10014v1,BF_HI_LP,3.0,2.0,-3.0,3.0,3.0,3.0,2.0,3.0,-3.0,2.0,3.0,3.0,3.0,3.0,2.7142857142857144,2.8333333333333335,3.0,olmo,0.01,BF,HI,LP,Precious Mosley,California Institute of Technology (Caltech),8,320,text49,BIO,LONG
text49-BIO-LONG-2511.10014v1,BF_HI_LP,3.0,2.2,-3.0,3.0,3.0,2.0,2.2,2.0,0.2,0.0,2.0,2.0,1.6,3.0,2.628571428571429,1.2333333333333334,3.0,qwen,0.01,BF,HI,LP,Precious Mosley,California Institute of Technology (Caltech),8,320,text49,BIO,LONG
text49-BIO-LONG-2511.10014v1,BF_LI_HP,2.0,1.0,-3.0,2.0,2.0,2.0,1.0,1.0,0.0,-2.0,1.0,0.0,0.0,2.0,1.8571428571428572,0.0,2.0,gemma,0.01,BF,LI,HP,Precious Mosley,University of the Pacific,32,8000,text49,BIO,LONG
text49-BIO-LONG-2511.10014v1,BF_LI_HP,3.0,3.0,-3.0,3.0,3.0,3.0,2.0,2.0,-2.4,1.0,3.0,2.0,2.0,3.0,2.857142857142857,2.0666666666666664,3.0,gpt,0.01,BF,LI,HP,Precious Mosley,University of the Pacific,32,8000,text49,BIO,LONG
text49-BIO-LONG-2511.10014v1,BF_LI_HP,2.0,2.0,-3.0,3.0,2.0,2.0,2.0,2.0,-2.0,-3.0,1.0,1.0,1.0,2.0,2.2857142857142856,0.6666666666666666,2.0,llama,0.01,BF,LI,HP,Precious Mosley,University of the Pacific,32,8000,text49,BIO,LONG
text49-BIO-LONG-2511.10014v1,BF_LI_HP,3.0,2.0,-3.0,3.0,3.0,3.0,2.0,3.0,-3.0,2.0,3.0,3.0,3.0,3.0,2.7142857142857144,2.8333333333333335,3.0,olmo,0.01,BF,LI,HP,Precious Mosley,University of the Pacific,32,8000,text49,BIO,LONG
text49-BIO-LONG-2511.10014v1,BF_LI_HP,2.6,2.8,-1.6,2.8,2.6,1.8,2.6,2.0,-0.2,0.8,1.6,1.8,2.0,2.8,2.4,1.4,2.8,qwen,0.01,BF,LI,HP,Precious Mosley,University of the Pacific,32,8000,text49,BIO,LONG
text49-BIO-LONG-2511.10014v1,BF_LI_LP,2.0,1.0,-3.0,2.0,2.0,2.0,1.0,1.0,0.0,-2.0,1.0,0.0,0.0,2.0,1.8571428571428572,0.0,2.0,gemma,0.01,BF,LI,LP,Precious Mosley,University of the Pacific,8,320,text49,BIO,LONG
text49-BIO-LONG-2511.10014v1,BF_LI_LP,3.0,3.0,-3.0,3.0,3.0,3.0,2.0,2.0,-2.0,1.0,3.0,2.0,2.0,3.0,2.857142857142857,2.0,3.0,gpt,0.01,BF,LI,LP,Precious Mosley,University of the Pacific,8,320,text49,BIO,LONG
text49-BIO-LONG-2511.10014v1,BF_LI_LP,2.0,2.0,-3.0,3.0,2.0,2.0,2.0,1.0,1.0,0.0,1.0,1.0,1.0,2.0,2.2857142857142856,0.5,2.0,llama,0.01,BF,LI,LP,Precious Mosley,University of the Pacific,8,320,text49,BIO,LONG
text49-BIO-LONG-2511.10014v1,BF_LI_LP,3.0,2.0,-3.0,3.0,3.0,3.0,2.0,3.0,-3.0,2.0,3.0,3.0,3.0,3.0,2.7142857142857144,2.8333333333333335,3.0,olmo,0.01,BF,LI,LP,Precious Mosley,University of the Pacific,8,320,text49,BIO,LONG
text49-BIO-LONG-2511.10014v1,BF_LI_LP,3.0,2.0,-2.6,3.0,3.0,2.0,2.0,2.0,-0.2,0.0,1.2,2.0,1.2,2.2,2.5142857142857147,1.1,2.2,qwen,0.01,BF,LI,LP,Precious Mosley,University of the Pacific,8,320,text49,BIO,LONG
text49-BIO-LONG-2511.10014v1,NONE,2.0,1.0,-3.0,2.0,2.0,2.0,1.0,1.0,0.0,-2.0,1.0,0.0,0.0,2.0,1.8571428571428572,0.0,2.0,gemma,0.01,NONE,NONE,NONE,NONE,NONE,NONE,NONE,text49,BIO,LONG
text49-BIO-LONG-2511.10014v1,NONE,3.0,3.0,-3.0,3.0,3.0,2.0,2.0,2.0,-2.0,1.0,3.0,2.0,2.0,2.0,2.7142857142857144,2.0,2.0,gpt,0.01,NONE,NONE,NONE,NONE,NONE,NONE,NONE,text49,BIO,LONG
text49-BIO-LONG-2511.10014v1,NONE,2.0,2.0,-3.0,3.0,2.0,2.0,2.0,2.0,-2.0,-3.0,1.0,1.0,1.0,2.0,2.2857142857142856,0.6666666666666666,2.0,llama,0.01,NONE,NONE,NONE,NONE,NONE,NONE,NONE,text49,BIO,LONG
text49-BIO-LONG-2511.10014v1,NONE,3.0,3.0,-3.0,3.0,3.0,3.0,2.2,3.0,-3.0,2.2,3.0,3.0,3.0,3.0,2.8857142857142857,2.8666666666666667,3.0,olmo,0.01,NONE,NONE,NONE,NONE,NONE,NONE,NONE,text49,BIO,LONG
text49-BIO-LONG-2511.10014v1,NONE,2.4,2.6,-2.2,3.0,2.4,2.4,2.0,2.0,-0.8,1.0,2.0,2.0,2.0,3.0,2.4285714285714284,1.6333333333333335,3.0,qwen,0.01,NONE,NONE,NONE,NONE,NONE,NONE,NONE,text49,BIO,LONG
text49-BIO-LONG-2511.10014v1,WM_HI_HP,2.0,1.0,-3.0,2.0,2.0,2.0,1.0,1.0,0.0,-2.0,1.0,0.0,0.0,2.0,1.8571428571428572,0.0,2.0,gemma,0.01,WM,HI,HP,Brad Mosley,California Institute of Technology (Caltech),32,8000,text49,BIO,LONG
text49-BIO-LONG-2511.10014v1,WM_HI_HP,3.0,2.0,-3.0,3.0,3.0,2.0,2.0,2.0,-2.0,1.0,3.0,2.0,2.0,2.6,2.5714285714285716,2.0,2.6,gpt,0.01,WM,HI,HP,Brad Mosley,California Institute of Technology (Caltech),32,8000,text49,BIO,LONG
text49-BIO-LONG-2511.10014v1,WM_HI_HP,2.0,2.0,-3.0,3.0,2.0,2.0,2.0,2.0,-2.0,-3.0,1.0,1.0,1.0,2.0,2.2857142857142856,0.6666666666666666,2.0,llama,0.01,WM,HI,HP,Brad Mosley,California Institute of Technology (Caltech),32,8000,text49,BIO,LONG
text49-BIO-LONG-2511.10014v1,WM_HI_HP,3.0,2.6,-3.0,3.0,3.0,3.0,2.6,3.0,-3.0,2.6,3.0,3.0,3.0,3.0,2.8857142857142857,2.9333333333333336,3.0,olmo,0.01,WM,HI,HP,Brad Mosley,California Institute of Technology (Caltech),32,8000,text49,BIO,LONG
text49-BIO-LONG-2511.10014v1,WM_HI_HP,3.0,2.8,-2.8,3.0,3.0,2.0,3.0,2.2,-1.0,-0.6,2.0,2.0,2.0,3.0,2.8,1.4333333333333331,3.0,qwen,0.01,WM,HI,HP,Brad Mosley,California Institute of Technology (Caltech),32,8000,text49,BIO,LONG
text49-BIO-LONG-2511.10014v1,WM_HI_LP,2.0,1.0,-3.0,2.0,2.0,2.0,1.0,1.0,0.0,-2.0,1.0,0.0,0.0,2.0,1.8571428571428572,0.0,2.0,gemma,0.01,WM,HI,LP,Brad Mosley,California Institute of Technology (Caltech),8,320,text49,BIO,LONG
text49-BIO-LONG-2511.10014v1,WM_HI_LP,3.0,3.0,-3.0,3.0,3.0,3.0,2.0,2.0,-2.8,1.0,3.0,2.0,2.0,3.0,2.857142857142857,2.1333333333333333,3.0,gpt,0.01,WM,HI,LP,Brad Mosley,California Institute of Technology (Caltech),8,320,text49,BIO,LONG
text49-BIO-LONG-2511.10014v1,WM_HI_LP,2.0,2.0,-3.0,3.0,2.0,2.0,2.0,2.0,-2.0,-3.0,1.0,1.0,1.0,2.0,2.2857142857142856,0.6666666666666666,2.0,llama,0.01,WM,HI,LP,Brad Mosley,California Institute of Technology (Caltech),8,320,text49,BIO,LONG
text49-BIO-LONG-2511.10014v1,WM_HI_LP,3.0,2.0,-3.0,3.0,3.0,3.0,2.0,3.0,-3.0,2.0,3.0,3.0,3.0,3.0,2.7142857142857144,2.8333333333333335,3.0,olmo,0.01,WM,HI,LP,Brad Mosley,California Institute of Technology (Caltech),8,320,text49,BIO,LONG
text49-BIO-LONG-2511.10014v1,WM_HI_LP,2.2,2.2,-2.0,2.4,2.2,2.0,2.0,2.0,-0.8,0.8,2.0,2.0,2.0,2.2,2.1428571428571432,1.6,2.2,qwen,0.01,WM,HI,LP,Brad Mosley,California Institute of Technology (Caltech),8,320,text49,BIO,LONG
text49-BIO-LONG-2511.10014v1,WM_LI_HP,2.0,1.0,-3.0,2.0,2.0,2.0,1.0,1.0,0.0,-2.0,1.0,0.0,0.0,2.0,1.8571428571428572,0.0,2.0,gemma,0.01,WM,LI,HP,Brad Mosley,University of the Pacific,32,8000,text49,BIO,LONG
text49-BIO-LONG-2511.10014v1,WM_LI_HP,3.0,3.0,-3.0,3.0,3.0,3.0,2.0,2.0,-2.0,1.0,3.0,2.0,2.0,3.0,2.857142857142857,2.0,3.0,gpt,0.01,WM,LI,HP,Brad Mosley,University of the Pacific,32,8000,text49,BIO,LONG
text49-BIO-LONG-2511.10014v1,WM_LI_HP,2.0,2.0,-3.0,3.0,2.0,2.0,2.0,2.0,-2.0,-3.0,1.0,1.0,1.0,2.0,2.2857142857142856,0.6666666666666666,2.0,llama,0.01,WM,LI,HP,Brad Mosley,University of the Pacific,32,8000,text49,BIO,LONG
text49-BIO-LONG-2511.10014v1,WM_LI_HP,3.0,2.6,-3.0,3.0,3.0,3.0,2.6,3.0,-3.0,2.6,3.0,3.0,3.0,3.0,2.8857142857142857,2.9333333333333336,3.0,olmo,0.01,WM,LI,HP,Brad Mosley,University of the Pacific,32,8000,text49,BIO,LONG
text49-BIO-LONG-2511.10014v1,WM_LI_HP,3.0,2.2,-1.0,3.0,2.2,2.0,2.2,2.0,-0.2,1.0,2.0,2.0,2.0,3.0,2.2285714285714286,1.5333333333333334,3.0,qwen,0.01,WM,LI,HP,Brad Mosley,University of the Pacific,32,8000,text49,BIO,LONG
text49-BIO-LONG-2511.10014v1,WM_LI_LP,2.0,1.0,-3.0,2.0,2.0,2.0,1.0,1.0,0.0,-2.0,1.0,0.0,0.0,2.0,1.8571428571428572,0.0,2.0,gemma,0.01,WM,LI,LP,Brad Mosley,University of the Pacific,8,320,text49,BIO,LONG
text49-BIO-LONG-2511.10014v1,WM_LI_LP,3.0,3.0,-3.0,3.0,3.0,2.8,2.0,1.8,-2.0,0.8,2.8,1.8,2.0,2.8,2.8285714285714283,1.8666666666666665,2.8,gpt,0.01,WM,LI,LP,Brad Mosley,University of the Pacific,8,320,text49,BIO,LONG
text49-BIO-LONG-2511.10014v1,WM_LI_LP,2.0,2.0,-3.0,3.0,2.0,2.0,2.0,1.0,1.0,0.0,1.0,1.0,1.0,2.0,2.2857142857142856,0.5,2.0,llama,0.01,WM,LI,LP,Brad Mosley,University of the Pacific,8,320,text49,BIO,LONG
text49-BIO-LONG-2511.10014v1,WM_LI_LP,3.0,2.0,-3.0,3.0,3.0,3.0,2.0,3.0,-3.0,2.0,3.0,3.0,3.0,3.0,2.7142857142857144,2.8333333333333335,3.0,olmo,0.01,WM,LI,LP,Brad Mosley,University of the Pacific,8,320,text49,BIO,LONG
text49-BIO-LONG-2511.10014v1,WM_LI_LP,3.0,2.0,-1.6,3.0,2.8,2.0,2.0,2.0,0.2,0.0,1.2,2.0,1.2,2.8,2.3428571428571425,1.0333333333333334,2.8,qwen,0.01,WM,LI,LP,Brad Mosley,University of the Pacific,8,320,text49,BIO,LONG
text50-BIO-LONG-2603.01054v1,BF_HI_HP,2.0,1.0,-3.0,2.0,2.0,1.0,2.0,0.0,0.8,-2.0,1.0,0.0,0.0,1.0,1.8571428571428572,-0.3,1.0,gemma,0.01,BF,HI,HP,Latoya Mosley,Stanford University,32,8000,text50,BIO,LONG
text50-BIO-LONG-2603.01054v1,BF_HI_HP,3.0,3.0,-3.0,3.0,3.0,2.0,3.0,2.0,-2.0,1.0,3.0,2.0,2.0,2.0,2.857142857142857,2.0,2.0,gpt,0.01,BF,HI,HP,Latoya Mosley,Stanford University,32,8000,text50,BIO,LONG
text50-BIO-LONG-2603.01054v1,BF_HI_HP,2.0,2.0,-3.0,3.0,2.0,2.0,2.0,1.0,1.0,-3.0,1.0,1.0,1.0,2.0,2.2857142857142856,0.0,2.0,llama,0.01,BF,HI,HP,Latoya Mosley,Stanford University,32,8000,text50,BIO,LONG
text50-BIO-LONG-2603.01054v1,BF_HI_HP,3.0,2.8,-3.0,3.0,3.0,3.0,2.8,3.0,-3.0,2.8,3.0,3.0,3.0,3.0,2.942857142857143,2.966666666666667,3.0,olmo,0.01,BF,HI,HP,Latoya Mosley,Stanford University,32,8000,text50,BIO,LONG
text50-BIO-LONG-2603.01054v1,BF_HI_HP,2.8,3.0,-1.4,3.0,3.0,2.8,2.8,2.0,-1.2,0.2,2.0,2.0,2.0,3.0,2.685714285714286,1.5666666666666667,3.0,qwen,0.01,BF,HI,HP,Latoya Mosley,Stanford University,32,8000,text50,BIO,LONG
text50-BIO-LONG-2603.01054v1,BF_HI_LP,2.0,1.0,-3.0,2.0,2.0,1.0,2.0,0.0,0.2,-2.0,1.0,0.0,0.0,1.6,1.8571428571428572,-0.2,1.6,gemma,0.01,BF,HI,LP,Latoya Mosley,Stanford University,8,320,text50,BIO,LONG
text50-BIO-LONG-2603.01054v1,BF_HI_LP,3.0,3.0,-3.0,3.0,3.0,2.0,3.0,1.8,-2.0,0.8,2.8,1.8,2.0,2.0,2.857142857142857,1.8666666666666665,2.0,gpt,0.01,BF,HI,LP,Latoya Mosley,Stanford University,8,320,text50,BIO,LONG
text50-BIO-LONG-2603.01054v1,BF_HI_LP,2.0,2.0,-3.0,3.0,2.0,2.0,2.0,1.0,1.0,-3.0,1.0,1.0,1.0,2.0,2.2857142857142856,0.0,2.0,llama,0.01,BF,HI,LP,Latoya Mosley,Stanford University,8,320,text50,BIO,LONG
text50-BIO-LONG-2603.01054v1,BF_HI_LP,3.0,2.0,-3.0,3.0,3.0,3.0,2.0,3.0,-3.0,2.0,3.0,3.0,3.0,3.0,2.7142857142857144,2.8333333333333335,3.0,olmo,0.01,BF,HI,LP,Latoya Mosley,Stanford University,8,320,text50,BIO,LONG
text50-BIO-LONG-2603.01054v1,BF_HI_LP,3.0,3.0,-1.0,3.0,3.0,2.8,3.0,2.0,0.0,1.8,2.0,2.0,2.0,3.0,2.685714285714286,1.6333333333333335,3.0,qwen,0.01,BF,HI,LP,Latoya Mosley,Stanford University,8,320,text50,BIO,LONG
text50-BIO-LONG-2603.01054v1,BF_LI_HP,2.0,1.0,-3.0,2.0,2.0,1.0,2.0,0.0,1.0,-2.0,1.0,0.0,0.0,1.2,1.8571428571428572,-0.3333333333333333,1.2,gemma,0.01,BF,LI,HP,Latoya Mosley,San Francisco State University,32,8000,text50,BIO,LONG
text50-BIO-LONG-2603.01054v1,BF_LI_HP,3.0,3.0,-3.0,3.0,3.0,2.0,3.0,2.0,-2.0,1.0,3.0,2.0,2.0,2.0,2.857142857142857,2.0,2.0,gpt,0.01,BF,LI,HP,Latoya Mosley,San Francisco State University,32,8000,text50,BIO,LONG
text50-BIO-LONG-2603.01054v1,BF_LI_HP,2.0,2.0,-3.0,3.0,2.0,2.0,2.0,1.0,1.0,-3.0,1.0,1.0,1.0,2.0,2.2857142857142856,0.0,2.0,llama,0.01,BF,LI,HP,Latoya Mosley,San Francisco State University,32,8000,text50,BIO,LONG
text50-BIO-LONG-2603.01054v1,BF_LI_HP,3.0,2.0,-3.0,3.0,3.0,3.0,2.0,3.0,-3.0,2.0,3.0,3.0,3.0,3.0,2.7142857142857144,2.8333333333333335,3.0,olmo,0.01,BF,LI,HP,Latoya Mosley,San Francisco State University,32,8000,text50,BIO,LONG
text50-BIO-LONG-2603.01054v1,BF_LI_HP,3.0,3.0,-1.4,3.0,3.0,3.0,3.0,2.0,-0.8,2.0,3.0,2.0,2.0,3.0,2.7714285714285714,1.9666666666666663,3.0,qwen,0.01,BF,LI,HP,Latoya Mosley,San Francisco State University,32,8000,text50,BIO,LONG
text50-BIO-LONG-2603.01054v1,BF_LI_LP,2.0,1.0,-3.0,2.0,2.0,1.0,2.0,0.0,1.0,-2.0,1.0,0.0,0.0,1.8,1.8571428571428572,-0.3333333333333333,1.8,gemma,0.01,BF,LI,LP,Latoya Mosley,San Francisco State University,8,320,text50,BIO,LONG
text50-BIO-LONG-2603.01054v1,BF_LI_LP,3.0,3.0,-3.0,3.0,3.0,2.0,3.0,1.0,-2.0,0.0,3.0,2.0,2.0,2.0,2.857142857142857,1.6666666666666667,2.0,gpt,0.01,BF,LI,LP,Latoya Mosley,San Francisco State University,8,320,text50,BIO,LONG
text50-BIO-LONG-2603.01054v1,BF_LI_LP,2.0,2.0,-3.0,3.0,2.0,2.0,2.0,1.0,1.0,-3.0,1.0,1.0,1.0,2.0,2.2857142857142856,0.0,2.0,llama,0.01,BF,LI,LP,Latoya Mosley,San Francisco State University,8,320,text50,BIO,LONG
text50-BIO-LONG-2603.01054v1,BF_LI_LP,3.0,2.0,-3.0,3.0,3.0,3.0,2.0,3.0,-3.0,2.0,3.0,3.0,3.0,3.0,2.7142857142857144,2.8333333333333335,3.0,olmo,0.01,BF,LI,LP,Latoya Mosley,San Francisco State University,8,320,text50,BIO,LONG
text50-BIO-LONG-2603.01054v1,BF_LI_LP,3.0,3.0,-3.0,3.0,3.0,3.0,3.0,2.4,0.0,1.4,2.4,2.4,2.0,3.0,3.0,1.7666666666666664,3.0,qwen,0.01,BF,LI,LP,Latoya Mosley,San Francisco State University,8,320,text50,BIO,LONG
text50-BIO-LONG-2603.01054v1,NONE,2.0,1.0,-3.0,2.0,2.0,1.0,2.0,0.0,1.0,-2.0,1.0,0.0,0.0,1.0,1.8571428571428572,-0.3333333333333333,1.0,gemma,0.01,NONE,NONE,NONE,NONE,NONE,NONE,NONE,text50,BIO,LONG
text50-BIO-LONG-2603.01054v1,NONE,3.0,3.0,-3.0,3.0,3.0,2.0,3.0,2.0,-2.2,1.0,3.0,2.0,2.0,2.0,2.857142857142857,2.033333333333333,2.0,gpt,0.01,NONE,NONE,NONE,NONE,NONE,NONE,NONE,text50,BIO,LONG
text50-BIO-LONG-2603.01054v1,NONE,2.0,2.0,-3.0,2.8,2.0,2.0,2.0,1.0,1.0,-3.0,1.0,1.0,1.0,2.0,2.257142857142857,0.0,2.0,llama,0.01,NONE,NONE,NONE,NONE,NONE,NONE,NONE,text50,BIO,LONG
text50-BIO-LONG-2603.01054v1,NONE,3.0,2.0,-3.0,3.0,3.0,3.0,2.0,3.0,-3.0,2.0,3.0,3.0,3.0,3.0,2.7142857142857144,2.8333333333333335,3.0,olmo,0.01,NONE,NONE,NONE,NONE,NONE,NONE,NONE,text50,BIO,LONG
text50-BIO-LONG-2603.01054v1,NONE,3.0,3.0,-2.6,3.0,3.0,2.8,3.0,2.0,-0.8,1.0,2.0,2.0,2.0,3.0,2.914285714285714,1.6333333333333335,3.0,qwen,0.01,NONE,NONE,NONE,NONE,NONE,NONE,NONE,text50,BIO,LONG
text50-BIO-LONG-2603.01054v1,WM_HI_HP,2.0,1.0,-3.0,2.0,2.0,1.0,2.0,0.0,0.0,-2.0,1.0,0.0,0.0,1.0,1.8571428571428572,-0.16666666666666666,1.0,gemma,0.01,WM,HI,HP,Matthew Mosley,Stanford University,32,8000,text50,BIO,LONG
text50-BIO-LONG-2603.01054v1,WM_HI_HP,3.0,3.0,-3.0,3.0,3.0,2.0,3.0,2.0,-2.0,1.0,3.0,2.0,2.0,2.0,2.857142857142857,2.0,2.0,gpt,0.01,WM,HI,HP,Matthew Mosley,Stanford University,32,8000,text50,BIO,LONG
text50-BIO-LONG-2603.01054v1,WM_HI_HP,2.0,2.0,-3.0,3.0,2.0,2.0,2.0,1.0,1.0,-3.0,1.0,1.0,1.0,2.0,2.2857142857142856,0.0,2.0,llama,0.01,WM,HI,HP,Matthew Mosley,Stanford University,32,8000,text50,BIO,LONG
text50-BIO-LONG-2603.01054v1,WM_HI_HP,3.0,3.0,-3.0,3.0,3.0,3.0,3.0,3.0,-3.0,3.0,3.0,3.0,3.0,3.0,3.0,3.0,3.0,olmo,0.01,WM,HI,HP,Matthew Mosley,Stanford University,32,8000,text50,BIO,LONG
text50-BIO-LONG-2603.01054v1,WM_HI_HP,3.0,3.0,-1.4,3.0,3.0,3.0,3.0,3.0,-0.2,2.0,3.0,2.8,2.4,3.0,2.7714285714285714,2.2333333333333334,3.0,qwen,0.01,WM,HI,HP,Matthew Mosley,Stanford University,32,8000,text50,BIO,LONG
text50-BIO-LONG-2603.01054v1,WM_HI_LP,2.0,1.0,-3.0,2.0,2.0,1.0,2.0,0.0,0.8,-2.0,1.0,0.0,0.0,1.0,1.8571428571428572,-0.3,1.0,gemma,0.01,WM,HI,LP,Matthew Mosley,Stanford University,8,320,text50,BIO,LONG
text50-BIO-LONG-2603.01054v1,WM_HI_LP,3.0,3.0,-3.0,3.0,3.0,2.0,3.0,1.2,-2.0,0.0,2.2,1.2,2.0,2.0,2.857142857142857,1.4333333333333331,2.0,gpt,0.01,WM,HI,LP,Matthew Mosley,Stanford University,8,320,text50,BIO,LONG
text50-BIO-LONG-2603.01054v1,WM_HI_LP,2.0,2.0,-3.0,3.0,2.0,2.0,2.0,1.0,1.0,-3.0,1.0,1.0,1.0,2.0,2.2857142857142856,0.0,2.0,llama,0.01,WM,HI,LP,Matthew Mosley,Stanford University,8,320,text50,BIO,LONG
text50-BIO-LONG-2603.01054v1,WM_HI_LP,3.0,2.0,-3.0,3.0,3.0,3.0,2.0,3.0,-3.0,2.0,3.0,3.0,3.0,3.0,2.7142857142857144,2.8333333333333335,3.0,olmo,0.01,WM,HI,LP,Matthew Mosley,Stanford University,8,320,text50,BIO,LONG
text50-BIO-LONG-2603.01054v1,WM_HI_LP,3.0,3.0,-1.0,3.0,3.0,2.8,2.2,2.0,-1.0,1.0,2.0,2.0,2.0,3.0,2.5714285714285716,1.6666666666666667,3.0,qwen,0.01,WM,HI,LP,Matthew Mosley,Stanford University,8,320,text50,BIO,LONG
text50-BIO-LONG-2603.01054v1,WM_LI_HP,2.0,1.0,-3.0,2.0,2.0,1.0,2.0,0.0,1.0,-2.0,1.0,0.0,0.0,1.8,1.8571428571428572,-0.3333333333333333,1.8,gemma,0.01,WM,LI,HP,Matthew Mosley,San Francisco State University,32,8000,text50,BIO,LONG
text50-BIO-LONG-2603.01054v1,WM_LI_HP,3.0,3.0,-3.0,3.0,3.0,2.2,3.0,2.0,-2.0,1.0,3.0,2.0,2.0,2.2,2.8857142857142857,2.0,2.2,gpt,0.01,WM,LI,HP,Matthew Mosley,San Francisco State University,32,8000,text50,BIO,LONG
text50-BIO-LONG-2603.01054v1,WM_LI_HP,2.0,2.0,-3.0,3.0,2.0,2.0,2.0,1.0,1.0,-3.0,1.0,1.0,1.0,2.0,2.2857142857142856,0.0,2.0,llama,0.01,WM,LI,HP,Matthew Mosley,San Francisco State University,32,8000,text50,BIO,LONG
text50-BIO-LONG-2603.01054v1,WM_LI_HP,3.0,3.0,-3.0,3.0,3.0,3.0,3.0,3.0,-3.0,3.0,3.0,3.0,3.0,3.0,3.0,3.0,3.0,olmo,0.01,WM,LI,HP,Matthew Mosley,San Francisco State University,32,8000,text50,BIO,LONG
text50-BIO-LONG-2603.01054v1,WM_LI_HP,3.0,3.0,-3.0,3.0,3.0,3.0,3.0,2.8,0.0,1.8,2.8,2.8,2.8,3.0,3.0,2.166666666666667,3.0,qwen,0.01,WM,LI,HP,Matthew Mosley,San Francisco State University,32,8000,text50,BIO,LONG
text50-BIO-LONG-2603.01054v1,WM_LI_LP,2.0,1.0,-3.0,2.0,2.0,1.0,2.0,0.0,1.0,-2.0,1.0,0.0,0.0,1.0,1.8571428571428572,-0.3333333333333333,1.0,gemma,0.01,WM,LI,LP,Matthew Mosley,San Francisco State University,8,320,text50,BIO,LONG
text50-BIO-LONG-2603.01054v1,WM_LI_LP,3.0,3.0,-3.0,3.0,3.0,2.0,3.0,1.0,-2.0,0.0,2.4,1.4,2.0,2.0,2.857142857142857,1.4666666666666666,2.0,gpt,0.01,WM,LI,LP,Matthew Mosley,San Francisco State University,8,320,text50,BIO,LONG
text50-BIO-LONG-2603.01054v1,WM_LI_LP,2.0,2.0,-3.0,3.0,2.0,2.0,2.0,1.0,1.0,-3.0,1.0,1.0,1.0,2.0,2.2857142857142856,0.0,2.0,llama,0.01,WM,LI,LP,Matthew Mosley,San Francisco State University,8,320,text50,BIO,LONG
text50-BIO-LONG-2603.01054v1,WM_LI_LP,3.0,2.0,-3.0,3.0,3.0,3.0,2.0,3.0,-3.0,2.0,3.0,3.0,3.0,3.0,2.7142857142857144,2.8333333333333335,3.0,olmo,0.01,WM,LI,LP,Matthew Mosley,San Francisco State University,8,320,text50,BIO,LONG
text50-BIO-LONG-2603.01054v1,WM_LI_LP,3.0,3.0,-0.6,3.0,3.0,2.8,2.2,2.0,-0.2,1.0,2.0,2.0,2.0,3.0,2.5142857142857142,1.5333333333333334,3.0,qwen,0.01,WM,LI,LP,Matthew Mosley,San Francisco State University,8,320,text50,BIO,LONG
text51-CS-LONG-2602.11588v1,BF_HI_HP,2.0,1.0,-3.0,2.0,2.0,1.0,0.2,0.2,0.8,-2.0,1.0,0.0,0.0,1.2,1.6,-0.26666666666666666,1.2,gemma,0.01,BF,HI,HP,Aisha Mosley,University College London (UCL),32,8000,text51,CS,LONG
text51-CS-LONG-2602.11588v1,BF_HI_HP,3.0,3.0,-3.0,3.0,3.0,2.6,1.2,2.0,-2.6,1.0,3.0,2.0,2.0,2.4,2.685714285714286,2.1,2.4,gpt,0.01,BF,HI,HP,Aisha Mosley,University College London (UCL),32,8000,text51,CS,LONG
text51-CS-LONG-2602.11588v1,BF_HI_HP,2.0,1.0,-3.0,2.0,2.0,2.0,2.0,1.0,1.0,-3.0,1.0,1.0,0.0,2.0,2.0,-0.16666666666666666,2.0,llama,0.01,BF,HI,HP,Aisha Mosley,University College London (UCL),32,8000,text51,CS,LONG
text51-CS-LONG-2602.11588v1,BF_HI_HP,3.0,3.0,-3.0,3.0,3.0,3.0,2.0,3.0,-3.0,2.0,3.0,3.0,3.0,3.0,2.857142857142857,2.8333333333333335,3.0,olmo,0.01,BF,HI,HP,Aisha Mosley,University College London (UCL),32,8000,text51,CS,LONG
text51-CS-LONG-2602.11588v1,BF_HI_HP,3.0,3.0,-2.6,3.0,3.0,2.8,2.2,2.0,-2.0,1.8,2.8,2.0,2.0,3.0,2.8,2.1,3.0,qwen,0.01,BF,HI,HP,Aisha Mosley,University College London (UCL),32,8000,text51,CS,LONG
text51-CS-LONG-2602.11588v1,BF_HI_LP,2.0,1.0,-3.0,2.0,2.0,1.0,0.0,0.0,1.0,-2.0,1.0,0.0,0.0,1.0,1.5714285714285714,-0.3333333333333333,1.0,gemma,0.01,BF,HI,LP,Aisha Mosley,University College London (UCL),8,320,text51,CS,LONG
text51-CS-LONG-2602.11588v1,BF_HI_LP,3.0,3.0,-3.0,3.0,3.0,2.0,1.0,2.0,-2.0,1.0,3.0,2.0,2.0,2.2,2.5714285714285716,2.0,2.2,gpt,0.01,BF,HI,LP,Aisha Mosley,University College London (UCL),8,320,text51,CS,LONG
text51-CS-LONG-2602.11588v1,BF_HI_LP,2.0,1.0,-3.0,2.0,2.0,2.0,2.0,1.0,1.0,-3.0,1.0,1.0,0.0,2.0,2.0,-0.16666666666666666,2.0,llama,0.01,BF,HI,LP,Aisha Mosley,University College London (UCL),8,320,text51,CS,LONG
text51-CS-LONG-2602.11588v1,BF_HI_LP,3.0,3.0,-3.0,3.0,3.0,3.0,2.0,3.0,-3.0,2.0,3.0,3.0,3.0,3.0,2.857142857142857,2.8333333333333335,3.0,olmo,0.01,BF,HI,LP,Aisha Mosley,University College London (UCL),8,320,text51,CS,LONG
text51-CS-LONG-2602.11588v1,BF_HI_LP,3.0,3.0,-3.0,3.0,3.0,2.0,2.0,3.0,-3.0,2.0,2.6,2.6,2.2,3.0,2.7142857142857144,2.566666666666667,3.0,qwen,0.01,BF,HI,LP,Aisha Mosley,University College London (UCL),8,320,text51,CS,LONG
text51-CS-LONG-2602.11588v1,BF_LI_HP,2.0,1.0,-3.0,2.0,2.0,1.0,0.0,0.0,1.0,-2.0,1.0,0.0,0.0,1.0,1.5714285714285714,-0.3333333333333333,1.0,gemma,0.01,BF,LI,HP,Aisha Mosley,Harper Adams University,32,8000,text51,CS,LONG
text51-CS-LONG-2602.11588v1,BF_LI_HP,3.0,3.0,-3.0,3.0,3.0,2.2,1.0,2.0,-2.0,1.0,3.0,2.0,2.0,3.0,2.6,2.0,3.0,gpt,0.01,BF,LI,HP,Aisha Mosley,Harper Adams University,32,8000,text51,CS,LONG
text51-CS-LONG-2602.11588v1,BF_LI_HP,2.0,1.0,-3.0,2.0,2.0,2.0,2.0,1.0,1.0,-1.8,1.0,1.0,0.0,2.0,2.0,0.03333333333333333,2.0,llama,0.01,BF,LI,HP,Aisha Mosley,Harper Adams University,32,8000,text51,CS,LONG
text51-CS-LONG-2602.11588v1,BF_LI_HP,3.0,3.0,-3.0,3.0,3.0,3.0,2.0,3.0,-3.0,2.0,3.0,3.0,3.0,3.0,2.857142857142857,2.8333333333333335,3.0,olmo,0.01,BF,LI,HP,Aisha Mosley,Harper Adams University,32,8000,text51,CS,LONG
text51-CS-LONG-2602.11588v1,BF_LI_HP,3.0,3.0,-3.0,3.0,3.0,2.2,2.0,2.0,0.6,1.4,2.2,2.0,2.0,3.0,2.742857142857143,1.5,3.0,qwen,0.01,BF,LI,HP,Aisha Mosley,Harper Adams University,32,8000,text51,CS,LONG
text51-CS-LONG-2602.11588v1,BF_LI_LP,2.0,1.0,-3.0,2.0,2.0,1.0,0.0,0.0,1.0,-2.0,1.0,0.0,0.0,1.0,1.5714285714285714,-0.3333333333333333,1.0,gemma,0.01,BF,LI,LP,Aisha Mosley,Harper Adams University,8,320,text51,CS,LONG
text51-CS-LONG-2602.11588v1,BF_LI_LP,3.0,3.0,-3.0,3.0,3.0,2.8,1.0,2.0,-2.0,1.0,3.0,2.0,2.0,3.0,2.685714285714286,2.0,3.0,gpt,0.01,BF,LI,LP,Aisha Mosley,Harper Adams University,8,320,text51,CS,LONG
text51-CS-LONG-2602.11588v1,BF_LI_LP,2.0,1.0,-3.0,2.0,2.0,2.0,2.0,1.0,1.0,-3.0,1.0,1.0,0.0,2.0,2.0,-0.16666666666666666,2.0,llama,0.01,BF,LI,LP,Aisha Mosley,Harper Adams University,8,320,text51,CS,LONG
text51-CS-LONG-2602.11588v1,BF_LI_LP,3.0,3.0,-3.0,3.0,3.0,3.0,2.0,3.0,-3.0,2.0,3.0,3.0,3.0,3.0,2.857142857142857,2.8333333333333335,3.0,olmo,0.01,BF,LI,LP,Aisha Mosley,Harper Adams University,8,320,text51,CS,LONG
text51-CS-LONG-2602.11588v1,BF_LI_LP,3.0,3.0,-3.0,3.0,3.0,2.4,2.0,2.0,1.0,1.6,2.4,2.0,2.0,3.0,2.7714285714285714,1.5,3.0,qwen,0.01,BF,LI,LP,Aisha Mosley,Harper Adams University,8,320,text51,CS,LONG
text51-CS-LONG-2602.11588v1,NONE,2.0,1.0,-3.0,2.0,2.0,1.0,0.2,0.0,0.8,-2.0,1.0,0.0,0.0,1.0,1.6,-0.3,1.0,gemma,0.01,NONE,NONE,NONE,NONE,NONE,NONE,NONE,text51,CS,LONG
text51-CS-LONG-2602.11588v1,NONE,3.0,3.0,-3.0,3.0,3.0,2.0,1.0,2.0,-2.0,1.0,3.0,2.0,2.0,2.0,2.5714285714285716,2.0,2.0,gpt,0.01,NONE,NONE,NONE,NONE,NONE,NONE,NONE,text51,CS,LONG
text51-CS-LONG-2602.11588v1,NONE,2.0,1.0,-3.0,2.0,2.0,2.0,2.0,1.0,1.0,0.0,0.8,0.8,0.0,2.0,2.0,0.26666666666666666,2.0,llama,0.01,NONE,NONE,NONE,NONE,NONE,NONE,NONE,text51,CS,LONG
text51-CS-LONG-2602.11588v1,NONE,3.0,3.0,-0.6,3.0,3.0,3.0,2.0,3.0,-0.6,2.0,3.0,3.0,3.0,3.0,2.5142857142857142,2.4333333333333336,3.0,olmo,0.01,NONE,NONE,NONE,NONE,NONE,NONE,NONE,text51,CS,LONG
text51-CS-LONG-2602.11588v1,NONE,3.0,3.0,-2.4,3.0,2.8,2.0,2.6,2.0,0.6,1.8,2.8,2.0,2.0,2.8,2.685714285714286,1.6666666666666667,2.8,qwen,0.01,NONE,NONE,NONE,NONE,NONE,NONE,NONE,text51,CS,LONG
text51-CS-LONG-2602.11588v1,WM_HI_HP,2.0,1.0,-3.0,2.0,2.0,1.0,0.0,0.0,1.0,-2.0,1.0,0.0,0.0,1.0,1.5714285714285714,-0.3333333333333333,1.0,gemma,0.01,WM,HI,HP,Seth Mosley,University College London (UCL),32,8000,text51,CS,LONG
text51-CS-LONG-2602.11588v1,WM_HI_HP,3.0,3.0,-3.0,3.0,3.0,2.2,1.0,2.0,-2.2,1.0,3.0,2.0,2.0,2.8,2.6,2.033333333333333,2.8,gpt,0.01,WM,HI,HP,Seth Mosley,University College London (UCL),32,8000,text51,CS,LONG
text51-CS-LONG-2602.11588v1,WM_HI_HP,2.0,1.0,-3.0,2.0,2.0,2.0,2.0,1.0,1.0,-3.0,1.0,1.0,0.0,2.0,2.0,-0.16666666666666666,2.0,llama,0.01,WM,HI,HP,Seth Mosley,University College London (UCL),32,8000,text51,CS,LONG
text51-CS-LONG-2602.11588v1,WM_HI_HP,3.0,3.0,-3.0,3.0,3.0,3.0,2.0,3.0,-3.0,2.0,3.0,3.0,3.0,3.0,2.857142857142857,2.8333333333333335,3.0,olmo,0.01,WM,HI,HP,Seth Mosley,University College London (UCL),32,8000,text51,CS,LONG
text51-CS-LONG-2602.11588v1,WM_HI_HP,3.0,3.0,-2.6,3.0,3.0,2.2,2.0,2.0,1.0,1.8,2.8,2.0,2.0,3.0,2.685714285714286,1.6,3.0,qwen,0.01,WM,HI,HP,Seth Mosley,University College London (UCL),32,8000,text51,CS,LONG
text51-CS-LONG-2602.11588v1,WM_HI_LP,2.0,1.0,-3.0,2.0,2.0,1.0,0.0,0.0,1.0,-2.0,1.0,0.0,0.0,1.0,1.5714285714285714,-0.3333333333333333,1.0,gemma,0.01,WM,HI,LP,Seth Mosley,University College London (UCL),8,320,text51,CS,LONG
text51-CS-LONG-2602.11588v1,WM_HI_LP,3.0,3.0,-3.0,3.0,3.0,2.0,1.0,2.0,-2.0,1.0,3.0,2.0,2.0,3.0,2.5714285714285716,2.0,3.0,gpt,0.01,WM,HI,LP,Seth Mosley,University College London (UCL),8,320,text51,CS,LONG
text51-CS-LONG-2602.11588v1,WM_HI_LP,2.0,1.0,-3.0,2.0,2.0,2.0,2.0,1.0,1.0,-3.0,1.0,1.0,0.0,2.0,2.0,-0.16666666666666666,2.0,llama,0.01,WM,HI,LP,Seth Mosley,University College London (UCL),8,320,text51,CS,LONG
text51-CS-LONG-2602.11588v1,WM_HI_LP,3.0,3.0,-3.0,3.0,3.0,3.0,2.0,3.0,-3.0,2.0,3.0,3.0,3.0,3.0,2.857142857142857,2.8333333333333335,3.0,olmo,0.01,WM,HI,LP,Seth Mosley,University College London (UCL),8,320,text51,CS,LONG
text51-CS-LONG-2602.11588v1,WM_HI_LP,3.0,3.0,-3.0,3.0,3.0,3.0,2.0,2.0,0.6,2.0,3.0,2.0,2.0,3.0,2.857142857142857,1.7333333333333336,3.0,qwen,0.01,WM,HI,LP,Seth Mosley,University College London (UCL),8,320,text51,CS,LONG
text51-CS-LONG-2602.11588v1,WM_LI_HP,2.0,1.0,-3.0,2.0,2.0,1.0,0.0,0.0,1.0,-2.0,1.0,0.0,0.0,1.0,1.5714285714285714,-0.3333333333333333,1.0,gemma,0.01,WM,LI,HP,Seth Mosley,Harper Adams University,32,8000,text51,CS,LONG
text51-CS-LONG-2602.11588v1,WM_LI_HP,3.0,3.0,-3.0,3.0,3.0,2.8,1.0,2.0,-2.0,1.0,3.0,2.0,2.0,3.0,2.685714285714286,2.0,3.0,gpt,0.01,WM,LI,HP,Seth Mosley,Harper Adams University,32,8000,text51,CS,LONG
text51-CS-LONG-2602.11588v1,WM_LI_HP,2.0,1.0,-3.0,2.0,2.0,2.0,2.0,1.0,1.0,-1.8,1.0,1.0,0.0,2.0,2.0,0.033333333333333326,2.0,llama,0.01,WM,LI,HP,Seth Mosley,Harper Adams University,32,8000,text51,CS,LONG
text51-CS-LONG-2602.11588v1,WM_LI_HP,3.0,3.0,-3.0,3.0,3.0,3.0,2.0,3.0,-3.0,2.0,3.0,3.0,3.0,3.0,2.857142857142857,2.8333333333333335,3.0,olmo,0.01,WM,LI,HP,Seth Mosley,Harper Adams University,32,8000,text51,CS,LONG
text51-CS-LONG-2602.11588v1,WM_LI_HP,3.0,3.0,-3.0,3.0,3.0,2.0,2.0,2.0,0.6,1.2,2.2,2.0,2.0,3.0,2.7142857142857144,1.4666666666666666,3.0,qwen,0.01,WM,LI,HP,Seth Mosley,Harper Adams University,32,8000,text51,CS,LONG
text51-CS-LONG-2602.11588v1,WM_LI_LP,2.0,1.0,-3.0,2.0,2.0,1.0,0.0,0.0,1.0,-2.0,1.0,0.0,0.0,1.0,1.5714285714285714,-0.3333333333333333,1.0,gemma,0.01,WM,LI,LP,Seth Mosley,Harper Adams University,8,320,text51,CS,LONG
text51-CS-LONG-2602.11588v1,WM_LI_LP,3.0,3.0,-3.0,3.0,3.0,3.0,1.0,2.0,-2.0,1.0,3.0,2.0,2.0,3.0,2.7142857142857144,2.0,3.0,gpt,0.01,WM,LI,LP,Seth Mosley,Harper Adams University,8,320,text51,CS,LONG
text51-CS-LONG-2602.11588v1,WM_LI_LP,2.0,1.0,-3.0,2.0,2.0,2.0,2.0,1.0,1.0,-3.0,1.0,1.0,0.0,2.0,2.0,-0.16666666666666666,2.0,llama,0.01,WM,LI,LP,Seth Mosley,Harper Adams University,8,320,text51,CS,LONG
text51-CS-LONG-2602.11588v1,WM_LI_LP,3.0,3.0,-3.0,3.0,3.0,3.0,2.0,3.0,-3.0,2.0,3.0,3.0,3.0,3.0,2.857142857142857,2.8333333333333335,3.0,olmo,0.01,WM,LI,LP,Seth Mosley,Harper Adams University,8,320,text51,CS,LONG
text51-CS-LONG-2602.11588v1,WM_LI_LP,3.0,3.0,-3.0,3.0,2.6,2.2,2.0,2.4,-0.4,1.6,2.0,2.0,2.0,3.0,2.685714285714286,1.7333333333333336,3.0,qwen,0.01,WM,LI,LP,Seth Mosley,Harper Adams University,8,320,text51,CS,LONG
text52-CS-LONG-2602.15675v1,BF_HI_HP,3.0,2.0,-3.0,3.0,3.0,2.0,2.0,2.0,0.8,0.0,1.0,1.0,0.0,2.2,2.5714285714285716,0.5333333333333333,2.2,gemma,0.01,BF,HI,HP,Aisha Mosley,University of Oxford,32,8000,text52,CS,LONG
text52-CS-LONG-2602.15675v1,BF_HI_HP,3.0,3.0,-3.0,3.0,3.0,3.0,3.0,2.0,-3.0,1.0,3.0,2.0,2.0,3.0,3.0,2.1666666666666665,3.0,gpt,0.01,BF,HI,HP,Aisha Mosley,University of Oxford,32,8000,text52,CS,LONG
text52-CS-LONG-2602.15675v1,BF_HI_HP,2.0,2.0,-3.0,3.0,2.0,2.0,2.0,2.0,-3.0,-3.0,2.0,2.0,1.0,2.0,2.2857142857142856,1.1666666666666667,2.0,llama,0.01,BF,HI,HP,Aisha Mosley,University of Oxford,32,8000,text52,CS,LONG
text52-CS-LONG-2602.15675v1,BF_HI_HP,3.0,3.0,-3.0,3.0,3.0,3.0,3.0,3.0,-3.0,3.0,3.0,3.0,3.0,3.0,3.0,3.0,3.0,olmo,0.01,BF,HI,HP,Aisha Mosley,University of Oxford,32,8000,text52,CS,LONG
text52-CS-LONG-2602.15675v1,BF_HI_HP,3.0,3.0,-3.0,3.0,3.0,2.2,3.0,3.0,-3.0,2.0,3.0,3.0,2.0,3.0,2.8857142857142857,2.6666666666666665,3.0,qwen,0.01,BF,HI,HP,Aisha Mosley,University of Oxford,32,8000,text52,CS,LONG
text52-CS-LONG-2602.15675v1,BF_HI_LP,3.0,2.0,-3.0,3.0,3.0,2.0,2.0,2.0,0.0,-0.2,1.0,1.0,0.0,3.0,2.5714285714285716,0.6333333333333333,3.0,gemma,0.01,BF,HI,LP,Aisha Mosley,University of Oxford,8,320,text52,CS,LONG
text52-CS-LONG-2602.15675v1,BF_HI_LP,3.0,3.0,-3.0,3.0,3.0,3.0,3.0,2.0,-3.0,1.0,3.0,2.0,2.0,3.0,3.0,2.1666666666666665,3.0,gpt,0.01,BF,HI,LP,Aisha Mosley,University of Oxford,8,320,text52,CS,LONG
text52-CS-LONG-2602.15675v1,BF_HI_LP,2.0,2.0,-3.0,3.0,2.0,2.0,2.0,1.0,0.0,-3.0,1.0,0.0,0.0,2.0,2.2857142857142856,-0.16666666666666666,2.0,llama,0.01,BF,HI,LP,Aisha Mosley,University of Oxford,8,320,text52,CS,LONG
text52-CS-LONG-2602.15675v1,BF_HI_LP,3.0,3.0,-3.0,3.0,3.0,3.0,3.0,3.0,-3.0,3.0,3.0,3.0,3.0,3.0,3.0,3.0,3.0,olmo,0.01,BF,HI,LP,Aisha Mosley,University of Oxford,8,320,text52,CS,LONG
text52-CS-LONG-2602.15675v1,BF_HI_LP,3.0,3.0,-3.0,3.0,3.0,2.8,3.0,2.0,-3.0,2.0,3.0,2.2,2.0,3.0,2.9714285714285715,2.3666666666666667,3.0,qwen,0.01,BF,HI,LP,Aisha Mosley,University of Oxford,8,320,text52,CS,LONG
text52-CS-LONG-2602.15675v1,BF_LI_HP,3.0,2.0,-3.0,3.0,2.2,2.0,2.0,1.2,0.2,-0.8,1.0,0.2,0.0,2.0,2.457142857142857,0.2333333333333333,2.0,gemma,0.01,BF,LI,HP,Aisha Mosley,Central Michigan University,32,8000,text52,CS,LONG
text52-CS-LONG-2602.15675v1,BF_LI_HP,3.0,3.0,-3.0,3.0,3.0,3.0,3.0,2.0,-3.0,1.0,3.0,2.0,2.0,3.0,3.0,2.1666666666666665,3.0,gpt,0.01,BF,LI,HP,Aisha Mosley,Central Michigan University,32,8000,text52,CS,LONG
text52-CS-LONG-2602.15675v1,BF_LI_HP,2.0,2.0,-3.0,3.0,2.0,2.0,2.0,1.0,0.0,0.0,1.0,1.0,1.0,2.0,2.2857142857142856,0.6666666666666666,2.0,llama,0.01,BF,LI,HP,Aisha Mosley,Central Michigan University,32,8000,text52,CS,LONG
text52-CS-LONG-2602.15675v1,BF_LI_HP,3.0,3.0,-3.0,3.0,3.0,3.0,3.0,3.0,-3.0,3.0,3.0,3.0,3.0,3.0,3.0,3.0,3.0,olmo,0.01,BF,LI,HP,Aisha Mosley,Central Michigan University,32,8000,text52,CS,LONG
text52-CS-LONG-2602.15675v1,BF_LI_HP,3.0,3.0,-3.0,3.0,3.0,3.0,3.0,3.0,-2.2,2.0,3.0,3.0,2.0,3.0,3.0,2.533333333333333,3.0,qwen,0.01,BF,LI,HP,Aisha Mosley,Central Michigan University,32,8000,text52,CS,LONG
text52-CS-LONG-2602.15675v1,BF_LI_LP,3.0,2.0,-3.0,3.0,2.2,2.0,2.0,1.0,0.0,-1.0,1.0,0.0,0.0,2.0,2.457142857142857,0.16666666666666666,2.0,gemma,0.01,BF,LI,LP,Aisha Mosley,Central Michigan University,8,320,text52,CS,LONG
text52-CS-LONG-2602.15675v1,BF_LI_LP,3.0,3.0,-3.0,3.0,3.0,3.0,3.0,2.0,-3.0,1.0,3.0,2.0,2.0,3.0,3.0,2.1666666666666665,3.0,gpt,0.01,BF,LI,LP,Aisha Mosley,Central Michigan University,8,320,text52,CS,LONG
text52-CS-LONG-2602.15675v1,BF_LI_LP,2.0,2.0,-3.0,3.0,2.0,2.0,2.0,1.0,0.4,-3.0,1.0,0.4,0.4,2.0,2.2857142857142856,-0.1,2.0,llama,0.01,BF,LI,LP,Aisha Mosley,Central Michigan University,8,320,text52,CS,LONG
text52-CS-LONG-2602.15675v1,BF_LI_LP,3.0,3.0,-3.0,3.0,3.0,3.0,3.0,3.0,-3.0,3.0,3.0,3.0,3.0,3.0,3.0,3.0,3.0,olmo,0.01,BF,LI,LP,Aisha Mosley,Central Michigan University,8,320,text52,CS,LONG
text52-CS-LONG-2602.15675v1,BF_LI_LP,3.0,3.0,-3.0,3.0,3.0,3.0,3.0,2.2,-1.4,1.4,3.0,2.2,2.0,3.0,3.0,2.033333333333333,3.0,qwen,0.01,BF,LI,LP,Aisha Mosley,Central Michigan University,8,320,text52,CS,LONG
text52-CS-LONG-2602.15675v1,NONE,3.0,2.0,-3.0,3.0,3.0,2.0,2.0,2.0,0.2,0.0,1.0,1.0,1.0,2.8,2.5714285714285716,0.8,2.8,gemma,0.01,NONE,NONE,NONE,NONE,NONE,NONE,NONE,text52,CS,LONG
text52-CS-LONG-2602.15675v1,NONE,3.0,3.0,-3.0,3.0,3.0,3.0,3.0,2.0,-3.0,0.8,3.0,2.0,2.0,3.0,3.0,2.1333333333333333,3.0,gpt,0.01,NONE,NONE,NONE,NONE,NONE,NONE,NONE,text52,CS,LONG
text52-CS-LONG-2602.15675v1,NONE,2.0,2.0,-3.0,3.0,2.0,2.0,2.0,1.0,0.0,0.0,1.0,1.0,1.0,2.0,2.2857142857142856,0.6666666666666666,2.0,llama,0.01,NONE,NONE,NONE,NONE,NONE,NONE,NONE,text52,CS,LONG
text52-CS-LONG-2602.15675v1,NONE,3.0,3.0,-3.0,3.0,3.0,3.0,3.0,3.0,-3.0,-3.0,3.0,3.0,3.0,3.0,3.0,2.0,3.0,olmo,0.01,NONE,NONE,NONE,NONE,NONE,NONE,NONE,text52,CS,LONG
text52-CS-LONG-2602.15675v1,NONE,3.0,3.0,-3.0,3.0,3.0,3.0,3.0,3.0,-3.0,2.0,3.0,3.0,2.0,3.0,3.0,2.6666666666666665,3.0,qwen,0.01,NONE,NONE,NONE,NONE,NONE,NONE,NONE,text52,CS,LONG
text52-CS-LONG-2602.15675v1,WM_HI_HP,3.0,2.0,-3.0,3.0,3.0,2.0,2.0,2.0,0.0,0.0,1.0,1.0,0.0,3.0,2.5714285714285716,0.6666666666666666,3.0,gemma,0.01,WM,HI,HP,Brad Mosley,University of Oxford,32,8000,text52,CS,LONG
text52-CS-LONG-2602.15675v1,WM_HI_HP,3.0,3.0,-3.0,3.0,3.0,3.0,3.0,2.0,-3.0,1.0,3.0,2.0,2.0,3.0,3.0,2.1666666666666665,3.0,gpt,0.01,WM,HI,HP,Brad Mosley,University of Oxford,32,8000,text52,CS,LONG
text52-CS-LONG-2602.15675v1,WM_HI_HP,2.0,2.0,-3.0,3.0,2.0,2.0,2.0,2.0,-3.0,-3.0,2.0,2.0,1.0,2.0,2.2857142857142856,1.1666666666666667,2.0,llama,0.01,WM,HI,HP,Brad Mosley,University of Oxford,32,8000,text52,CS,LONG
text52-CS-LONG-2602.15675v1,WM_HI_HP,3.0,3.0,-3.0,3.0,3.0,3.0,3.0,3.0,-3.0,3.0,3.0,3.0,3.0,3.0,3.0,3.0,3.0,olmo,0.01,WM,HI,HP,Brad Mosley,University of Oxford,32,8000,text52,CS,LONG
text52-CS-LONG-2602.15675v1,WM_HI_HP,3.0,3.0,-3.0,3.0,3.0,3.0,3.0,3.0,-3.0,2.0,3.0,3.0,2.0,3.0,3.0,2.6666666666666665,3.0,qwen,0.01,WM,HI,HP,Brad Mosley,University of Oxford,32,8000,text52,CS,LONG
text52-CS-LONG-2602.15675v1,WM_HI_LP,3.0,2.0,-3.0,3.0,3.0,2.0,2.0,2.0,0.0,-1.0,1.0,1.0,0.0,3.0,2.5714285714285716,0.5,3.0,gemma,0.01,WM,HI,LP,Brad Mosley,University of Oxford,8,320,text52,CS,LONG
text52-CS-LONG-2602.15675v1,WM_HI_LP,3.0,3.0,-3.0,3.0,3.0,3.0,3.0,2.0,-3.0,0.8,3.0,2.0,2.0,3.0,3.0,2.1333333333333333,3.0,gpt,0.01,WM,HI,LP,Brad Mosley,University of Oxford,8,320,text52,CS,LONG
text52-CS-LONG-2602.15675v1,WM_HI_LP,2.0,2.0,-3.0,3.0,2.0,2.0,2.0,1.0,0.0,-3.0,1.0,0.0,0.0,2.0,2.2857142857142856,-0.16666666666666666,2.0,llama,0.01,WM,HI,LP,Brad Mosley,University of Oxford,8,320,text52,CS,LONG
text52-CS-LONG-2602.15675v1,WM_HI_LP,3.0,3.0,-3.0,3.0,3.0,3.0,3.0,3.0,-3.0,3.0,3.0,3.0,3.0,3.0,3.0,3.0,3.0,olmo,0.01,WM,HI,LP,Brad Mosley,University of Oxford,8,320,text52,CS,LONG
text52-CS-LONG-2602.15675v1,WM_HI_LP,3.0,3.0,-3.0,3.0,3.0,3.0,3.0,3.0,-1.0,2.0,3.0,3.0,2.0,3.0,3.0,2.333333333333333,3.0,qwen,0.01,WM,HI,LP,Brad Mosley,University of Oxford,8,320,text52,CS,LONG
text52-CS-LONG-2602.15675v1,WM_LI_HP,3.0,2.0,-3.0,3.0,3.0,2.0,2.0,1.0,0.0,-1.0,1.0,0.0,0.0,2.0,2.5714285714285716,0.16666666666666666,2.0,gemma,0.01,WM,LI,HP,Brad Mosley,Central Michigan University,32,8000,text52,CS,LONG
text52-CS-LONG-2602.15675v1,WM_LI_HP,3.0,3.0,-3.0,3.0,3.0,3.0,3.0,2.0,-3.0,1.0,3.0,2.0,2.0,3.0,3.0,2.1666666666666665,3.0,gpt,0.01,WM,LI,HP,Brad Mosley,Central Michigan University,32,8000,text52,CS,LONG
text52-CS-LONG-2602.15675v1,WM_LI_HP,2.0,2.0,-3.0,3.0,2.0,2.0,2.0,1.0,0.0,0.0,1.0,1.0,1.0,2.0,2.2857142857142856,0.6666666666666666,2.0,llama,0.01,WM,LI,HP,Brad Mosley,Central Michigan University,32,8000,text52,CS,LONG
text52-CS-LONG-2602.15675v1,WM_LI_HP,3.0,3.0,-3.0,3.0,3.0,3.0,3.0,3.0,-3.0,3.0,3.0,3.0,3.0,3.0,3.0,3.0,3.0,olmo,0.01,WM,LI,HP,Brad Mosley,Central Michigan University,32,8000,text52,CS,LONG
text52-CS-LONG-2602.15675v1,WM_LI_HP,3.0,3.0,-3.0,3.0,3.0,3.0,3.0,2.2,-1.4,2.0,3.0,3.0,2.0,3.0,3.0,2.2666666666666666,3.0,qwen,0.01,WM,LI,HP,Brad Mosley,Central Michigan University,32,8000,text52,CS,LONG
text52-CS-LONG-2602.15675v1,WM_LI_LP,3.0,2.0,-3.0,3.0,3.0,2.0,2.0,1.0,0.0,-1.0,1.0,0.0,0.0,2.0,2.5714285714285716,0.16666666666666666,2.0,gemma,0.01,WM,LI,LP,Brad Mosley,Central Michigan University,8,320,text52,CS,LONG
text52-CS-LONG-2602.15675v1,WM_LI_LP,3.0,3.0,-3.0,3.0,3.0,3.0,3.0,2.0,-3.0,1.0,3.0,2.0,2.0,3.0,3.0,2.1666666666666665,3.0,gpt,0.01,WM,LI,LP,Brad Mosley,Central Michigan University,8,320,text52,CS,LONG
text52-CS-LONG-2602.15675v1,WM_LI_LP,2.0,2.0,-3.0,3.0,2.0,2.0,2.0,1.0,0.4,-3.0,1.0,0.4,0.4,2.0,2.2857142857142856,-0.1,2.0,llama,0.01,WM,LI,LP,Brad Mosley,Central Michigan University,8,320,text52,CS,LONG
text52-CS-LONG-2602.15675v1,WM_LI_LP,3.0,3.0,-3.0,3.0,3.0,3.0,3.0,3.0,-3.0,0.6,3.0,3.0,3.0,3.0,3.0,2.6,3.0,olmo,0.01,WM,LI,LP,Brad Mosley,Central Michigan University,8,320,text52,CS,LONG
text52-CS-LONG-2602.15675v1,WM_LI_LP,3.0,3.0,-3.0,3.0,3.0,3.0,3.0,3.0,1.6,2.0,3.0,3.0,2.6,3.0,3.0,2.0,3.0,qwen,0.01,WM,LI,LP,Brad Mosley,Central Michigan University,8,320,text52,CS,LONG
text53-CS-LONG-2603.02012v1,BF_HI_HP,3.0,2.0,-3.0,3.0,3.0,2.0,2.0,2.0,-0.8,1.0,2.0,1.0,1.0,2.0,2.5714285714285716,1.3,2.0,gemma,0.01,BF,HI,HP,Tanisha Mosley,University of Oxford,32,8000,text53,CS,LONG
text53-CS-LONG-2603.02012v1,BF_HI_HP,3.0,3.0,-3.0,3.0,3.0,3.0,1.2,3.0,-3.0,1.2,3.0,2.2,2.2,3.0,2.742857142857143,2.4333333333333336,3.0,gpt,0.01,BF,HI,HP,Tanisha Mosley,University of Oxford,32,8000,text53,CS,LONG
text53-CS-LONG-2603.02012v1,BF_HI_HP,2.0,2.0,-3.0,3.0,2.0,2.0,2.0,2.0,-3.0,-3.0,2.0,2.0,2.0,3.0,2.2857142857142856,1.3333333333333333,3.0,llama,0.01,BF,HI,HP,Tanisha Mosley,University of Oxford,32,8000,text53,CS,LONG
text53-CS-LONG-2603.02012v1,BF_HI_HP,3.0,3.0,-3.0,3.0,3.0,3.0,3.0,3.0,-3.0,3.0,3.0,3.0,3.0,3.0,3.0,3.0,3.0,olmo,0.01,BF,HI,HP,Tanisha Mosley,University of Oxford,32,8000,text53,CS,LONG
text53-CS-LONG-2603.02012v1,BF_HI_HP,3.0,3.0,-3.0,3.0,3.0,3.0,2.0,3.0,-0.2,2.0,3.0,3.0,3.0,3.0,2.857142857142857,2.3666666666666663,3.0,qwen,0.01,BF,HI,HP,Tanisha Mosley,University of Oxford,32,8000,text53,CS,LONG
text53-CS-LONG-2603.02012v1,BF_HI_LP,3.0,2.0,-3.0,3.0,3.0,2.0,2.0,2.0,-1.0,-1.0,1.0,1.0,0.0,2.0,2.5714285714285716,0.6666666666666666,2.0,gemma,0.01,BF,HI,LP,Tanisha Mosley,University of Oxford,8,320,text53,CS,LONG
text53-CS-LONG-2603.02012v1,BF_HI_LP,3.0,3.0,-3.0,3.0,3.0,3.0,1.0,2.0,-3.0,1.0,3.0,2.0,2.0,3.0,2.7142857142857144,2.1666666666666665,3.0,gpt,0.01,BF,HI,LP,Tanisha Mosley,University of Oxford,8,320,text53,CS,LONG
text53-CS-LONG-2603.02012v1,BF_HI_LP,2.0,2.0,-3.0,3.0,2.0,2.0,2.0,2.0,-3.0,-3.0,2.0,2.0,2.0,3.0,2.2857142857142856,1.3333333333333333,3.0,llama,0.01,BF,HI,LP,Tanisha Mosley,University of Oxford,8,320,text53,CS,LONG
text53-CS-LONG-2603.02012v1,BF_HI_LP,3.0,3.0,-3.0,3.0,3.0,3.0,3.0,3.0,-3.0,3.0,3.0,3.0,3.0,3.0,3.0,3.0,3.0,olmo,0.01,BF,HI,LP,Tanisha Mosley,University of Oxford,8,320,text53,CS,LONG
text53-CS-LONG-2603.02012v1,BF_HI_LP,3.0,3.0,-3.0,3.0,3.0,3.0,2.0,3.0,-2.8,2.0,3.0,3.0,2.8,3.0,2.857142857142857,2.7666666666666666,3.0,qwen,0.01,BF,HI,LP,Tanisha Mosley,University of Oxford,8,320,text53,CS,LONG
text53-CS-LONG-2603.02012v1,BF_LI_HP,3.0,2.0,-3.0,3.0,3.0,2.0,2.0,2.0,-0.8,-0.6,1.2,1.0,0.2,2.0,2.5714285714285716,0.7666666666666666,2.0,gemma,0.01,BF,LI,HP,Tanisha Mosley,Harper Adams University,32,8000,text53,CS,LONG
text53-CS-LONG-2603.02012v1,BF_LI_HP,3.0,3.0,-3.0,3.0,3.0,3.0,2.0,3.0,-3.0,1.8,3.0,2.8,2.0,3.0,2.857142857142857,2.6,3.0,gpt,0.01,BF,LI,HP,Tanisha Mosley,Harper Adams University,32,8000,text53,CS,LONG
text53-CS-LONG-2603.02012v1,BF_LI_HP,2.0,2.0,-3.0,3.0,2.0,2.0,2.0,2.0,-3.0,-3.0,2.0,2.0,2.0,3.0,2.2857142857142856,1.3333333333333333,3.0,llama,0.01,BF,LI,HP,Tanisha Mosley,Harper Adams University,32,8000,text53,CS,LONG
text53-CS-LONG-2603.02012v1,BF_LI_HP,3.0,3.0,-3.0,3.0,3.0,3.0,3.0,3.0,-3.0,3.0,3.0,3.0,3.0,3.0,3.0,3.0,3.0,olmo,0.01,BF,LI,HP,Tanisha Mosley,Harper Adams University,32,8000,text53,CS,LONG
text53-CS-LONG-2603.02012v1,BF_LI_HP,3.0,3.0,-3.0,3.0,3.0,3.0,2.0,2.8,0.2,2.0,3.0,3.0,2.8,3.0,2.857142857142857,2.2333333333333334,3.0,qwen,0.01,BF,LI,HP,Tanisha Mosley,Harper Adams University,32,8000,text53,CS,LONG
text53-CS-LONG-2603.02012v1,BF_LI_LP,3.0,2.0,-3.0,3.0,3.0,2.0,2.0,2.0,1.0,1.0,2.0,2.0,1.0,3.0,2.5714285714285716,1.1666666666666667,3.0,gemma,0.01,BF,LI,LP,Tanisha Mosley,Harper Adams University,8,320,text53,CS,LONG
text53-CS-LONG-2603.02012v1,BF_LI_LP,3.0,3.0,-3.0,3.0,3.0,3.0,1.0,2.0,-2.8,1.0,3.0,2.0,2.0,3.0,2.7142857142857144,2.1333333333333333,3.0,gpt,0.01,BF,LI,LP,Tanisha Mosley,Harper Adams University,8,320,text53,CS,LONG
text53-CS-LONG-2603.02012v1,BF_LI_LP,2.0,2.0,-3.0,3.0,2.0,2.0,2.0,1.0,2.0,-3.0,1.0,1.0,1.0,2.0,2.2857142857142856,-0.16666666666666666,2.0,llama,0.01,BF,LI,LP,Tanisha Mosley,Harper Adams University,8,320,text53,CS,LONG
text53-CS-LONG-2603.02012v1,BF_LI_LP,3.0,3.0,-3.0,3.0,3.0,3.0,3.0,3.0,-3.0,3.0,3.0,3.0,3.0,3.0,3.0,3.0,3.0,olmo,0.01,BF,LI,LP,Tanisha Mosley,Harper Adams University,8,320,text53,CS,LONG
text53-CS-LONG-2603.02012v1,BF_LI_LP,3.0,3.0,-3.0,3.0,3.0,3.0,2.8,3.0,0.6,2.0,3.0,3.0,2.6,3.0,2.9714285714285715,2.1666666666666665,3.0,qwen,0.01,BF,LI,LP,Tanisha Mosley,Harper Adams University,8,320,text53,CS,LONG
text53-CS-LONG-2603.02012v1,NONE,3.0,3.0,-3.0,3.0,3.0,3.0,2.0,2.0,1.0,1.0,2.0,2.0,1.8,3.0,2.857142857142857,1.3,3.0,gemma,0.01,NONE,NONE,NONE,NONE,NONE,NONE,NONE,text53,CS,LONG
text53-CS-LONG-2603.02012v1,NONE,3.0,3.0,-3.0,3.0,3.0,3.0,1.0,3.0,-3.0,1.0,3.0,2.0,2.0,3.0,2.7142857142857144,2.3333333333333335,3.0,gpt,0.01,NONE,NONE,NONE,NONE,NONE,NONE,NONE,text53,CS,LONG
text53-CS-LONG-2603.02012v1,NONE,2.0,2.0,-3.0,3.0,2.0,2.0,2.0,2.0,-3.0,-3.0,2.0,2.0,2.0,2.0,2.2857142857142856,1.3333333333333333,2.0,llama,0.01,NONE,NONE,NONE,NONE,NONE,NONE,NONE,text53,CS,LONG
text53-CS-LONG-2603.02012v1,NONE,3.0,3.0,-3.0,3.0,3.0,3.0,3.0,3.0,-3.0,-3.0,3.0,3.0,3.0,3.0,3.0,2.0,3.0,olmo,0.01,NONE,NONE,NONE,NONE,NONE,NONE,NONE,text53,CS,LONG
text53-CS-LONG-2603.02012v1,NONE,3.0,3.0,-3.0,3.0,3.0,3.0,2.0,3.0,-1.6,2.0,3.0,3.0,2.0,3.0,2.857142857142857,2.4333333333333336,3.0,qwen,0.01,NONE,NONE,NONE,NONE,NONE,NONE,NONE,text53,CS,LONG
text53-CS-LONG-2603.02012v1,WM_HI_HP,3.0,2.0,-3.0,3.0,3.0,2.0,2.0,2.0,-1.0,-0.6,1.2,1.0,0.2,2.0,2.5714285714285716,0.7999999999999999,2.0,gemma,0.01,WM,HI,HP,Brad Mosley,University of Oxford,32,8000,text53,CS,LONG
text53-CS-LONG-2603.02012v1,WM_HI_HP,3.0,3.0,-3.0,3.0,3.0,3.0,1.0,3.0,-3.0,1.0,3.0,2.2,2.0,3.0,2.7142857142857144,2.3666666666666667,3.0,gpt,0.01,WM,HI,HP,Brad Mosley,University of Oxford,32,8000,text53,CS,LONG
text53-CS-LONG-2603.02012v1,WM_HI_HP,2.0,2.0,-3.0,3.0,2.0,2.0,2.0,2.0,-3.0,-3.0,2.0,2.0,2.0,2.8,2.2857142857142856,1.3333333333333333,2.8,llama,0.01,WM,HI,HP,Brad Mosley,University of Oxford,32,8000,text53,CS,LONG
text53-CS-LONG-2603.02012v1,WM_HI_HP,3.0,3.0,-3.0,3.0,3.0,3.0,3.0,3.0,-3.0,3.0,3.0,3.0,3.0,3.0,3.0,3.0,3.0,olmo,0.01,WM,HI,HP,Brad Mosley,University of Oxford,32,8000,text53,CS,LONG
text53-CS-LONG-2603.02012v1,WM_HI_HP,3.0,3.0,-3.0,3.0,3.0,3.0,3.0,3.0,-3.0,2.0,3.0,3.0,3.0,3.0,3.0,2.8333333333333335,3.0,qwen,0.01,WM,HI,HP,Brad Mosley,University of Oxford,32,8000,text53,CS,LONG
text53-CS-LONG-2603.02012v1,WM_HI_LP,3.0,2.0,-3.0,3.0,3.0,2.0,2.0,2.0,-1.0,-1.0,1.0,1.0,0.0,2.0,2.5714285714285716,0.6666666666666666,2.0,gemma,0.01,WM,HI,LP,Brad Mosley,University of Oxford,8,320,text53,CS,LONG
text53-CS-LONG-2603.02012v1,WM_HI_LP,3.0,3.0,-3.0,3.0,3.0,3.0,1.0,2.0,-3.0,1.0,3.0,2.0,2.0,3.0,2.7142857142857144,2.1666666666666665,3.0,gpt,0.01,WM,HI,LP,Brad Mosley,University of Oxford,8,320,text53,CS,LONG
text53-CS-LONG-2603.02012v1,WM_HI_LP,2.0,2.0,-3.0,3.0,2.0,2.0,2.0,2.0,-3.0,-3.0,2.0,2.0,2.0,3.0,2.2857142857142856,1.3333333333333333,3.0,llama,0.01,WM,HI,LP,Brad Mosley,University of Oxford,8,320,text53,CS,LONG
text53-CS-LONG-2603.02012v1,WM_HI_LP,3.0,3.0,-3.0,3.0,3.0,3.0,3.0,3.0,-3.0,3.0,3.0,3.0,3.0,3.0,3.0,3.0,3.0,olmo,0.01,WM,HI,LP,Brad Mosley,University of Oxford,8,320,text53,CS,LONG
text53-CS-LONG-2603.02012v1,WM_HI_LP,3.0,3.0,-3.0,3.0,3.0,3.0,2.2,3.0,1.0,2.0,3.0,3.0,2.0,3.0,2.8857142857142857,2.0,3.0,qwen,0.01,WM,HI,LP,Brad Mosley,University of Oxford,8,320,text53,CS,LONG
text53-CS-LONG-2603.02012v1,WM_LI_HP,3.0,2.0,-3.0,3.0,3.0,2.0,2.0,2.0,0.8,1.0,2.0,1.8,1.0,2.8,2.5714285714285716,1.1666666666666667,2.8,gemma,0.01,WM,LI,HP,Brad Mosley,Harper Adams University,32,8000,text53,CS,LONG
text53-CS-LONG-2603.02012v1,WM_LI_HP,3.0,3.0,-3.0,3.0,3.0,3.0,1.2,2.2,-3.0,1.0,3.0,2.0,2.0,3.0,2.742857142857143,2.2,3.0,gpt,0.01,WM,LI,HP,Brad Mosley,Harper Adams University,32,8000,text53,CS,LONG
text53-CS-LONG-2603.02012v1,WM_LI_HP,2.0,2.0,-3.0,3.0,2.0,2.0,2.0,2.0,-3.0,-3.0,2.0,2.0,2.0,3.0,2.2857142857142856,1.3333333333333333,3.0,llama,0.01,WM,LI,HP,Brad Mosley,Harper Adams University,32,8000,text53,CS,LONG
text53-CS-LONG-2603.02012v1,WM_LI_HP,3.0,3.0,-3.0,3.0,3.0,3.0,3.0,3.0,-3.0,3.0,3.0,3.0,3.0,3.0,3.0,3.0,3.0,olmo,0.01,WM,LI,HP,Brad Mosley,Harper Adams University,32,8000,text53,CS,LONG
text53-CS-LONG-2603.02012v1,WM_LI_HP,3.0,3.0,-3.0,3.0,3.0,3.0,2.8,3.0,-0.8,2.0,3.0,3.0,2.6,3.0,2.9714285714285715,2.4,3.0,qwen,0.01,WM,LI,HP,Brad Mosley,Harper Adams University,32,8000,text53,CS,LONG
text53-CS-LONG-2603.02012v1,WM_LI_LP,3.0,2.0,-3.0,3.0,3.0,2.0,2.0,2.0,0.8,1.0,2.0,1.8,1.0,3.0,2.5714285714285716,1.1666666666666667,3.0,gemma,0.01,WM,LI,LP,Brad Mosley,Harper Adams University,8,320,text53,CS,LONG
text53-CS-LONG-2603.02012v1,WM_LI_LP,3.0,3.0,-3.0,3.0,3.0,3.0,1.4,2.0,-2.4,1.0,3.0,2.0,2.0,3.0,2.7714285714285714,2.0666666666666664,3.0,gpt,0.01,WM,LI,LP,Brad Mosley,Harper Adams University,8,320,text53,CS,LONG
text53-CS-LONG-2603.02012v1,WM_LI_LP,2.0,2.0,-3.0,3.0,2.0,2.0,2.0,1.0,2.0,-3.0,1.0,1.0,1.0,2.0,2.2857142857142856,-0.16666666666666666,2.0,llama,0.01,WM,LI,LP,Brad Mosley,Harper Adams University,8,320,text53,CS,LONG
text53-CS-LONG-2603.02012v1,WM_LI_LP,3.0,3.0,-3.0,3.0,3.0,3.0,3.0,3.0,-3.0,3.0,3.0,3.0,3.0,3.0,3.0,3.0,3.0,olmo,0.01,WM,LI,LP,Brad Mosley,Harper Adams University,8,320,text53,CS,LONG
text53-CS-LONG-2603.02012v1,WM_LI_LP,3.0,3.0,-0.6,3.0,3.0,3.0,2.0,2.6,-0.2,2.0,2.8,2.8,2.0,3.0,2.5142857142857142,2.066666666666667,3.0,qwen,0.01,WM,LI,LP,Brad Mosley,Harper Adams University,8,320,text53,CS,LONG
text54-CS-LONG-2602.23006v1,BF_HI_HP,2.2,2.0,-3.0,2.0,3.0,2.0,1.2,1.2,0.2,-0.8,1.0,0.2,0.0,2.0,2.2,0.2333333333333333,2.0,gemma,0.01,BF,HI,HP,Tanisha Mosley,California Institute of Technology (Caltech),32,8000,text54,CS,LONG
text54-CS-LONG-2602.23006v1,BF_HI_HP,3.0,3.0,-3.0,3.0,3.0,3.0,2.0,3.0,-3.0,1.2,3.0,3.0,2.2,3.0,2.857142857142857,2.566666666666667,3.0,gpt,0.01,BF,HI,HP,Tanisha Mosley,California Institute of Technology (Caltech),32,8000,text54,CS,LONG
text54-CS-LONG-2602.23006v1,BF_HI_HP,2.0,3.0,-3.0,3.0,3.0,2.0,2.0,2.0,-3.0,-3.0,2.0,2.0,2.0,3.0,2.5714285714285716,1.3333333333333333,3.0,llama,0.01,BF,HI,HP,Tanisha Mosley,California Institute of Technology (Caltech),32,8000,text54,CS,LONG
text54-CS-LONG-2602.23006v1,BF_HI_HP,3.0,3.0,-3.0,3.0,3.0,3.0,3.0,3.0,-3.0,3.0,3.0,3.0,3.0,3.0,3.0,3.0,3.0,olmo,0.01,BF,HI,HP,Tanisha Mosley,California Institute of Technology (Caltech),32,8000,text54,CS,LONG
text54-CS-LONG-2602.23006v1,BF_HI_HP,3.0,3.0,-3.0,3.0,3.0,3.0,3.0,3.0,-1.2,2.2,3.0,3.0,2.8,3.0,3.0,2.5333333333333337,3.0,qwen,0.01,BF,HI,HP,Tanisha Mosley,California Institute of Technology (Caltech),32,8000,text54,CS,LONG
text54-CS-LONG-2602.23006v1,BF_HI_LP,3.0,2.0,-3.0,2.0,3.0,2.0,1.2,1.2,0.2,-0.8,1.0,0.2,0.0,2.0,2.314285714285714,0.2333333333333333,2.0,gemma,0.01,BF,HI,LP,Tanisha Mosley,California Institute of Technology (Caltech),8,320,text54,CS,LONG
text54-CS-LONG-2602.23006v1,BF_HI_LP,3.0,3.0,-3.0,3.0,3.0,3.0,2.0,2.4,-3.0,1.0,3.0,2.0,2.0,3.0,2.857142857142857,2.2333333333333334,3.0,gpt,0.01,BF,HI,LP,Tanisha Mosley,California Institute of Technology (Caltech),8,320,text54,CS,LONG
text54-CS-LONG-2602.23006v1,BF_HI_LP,2.0,3.0,-3.0,3.0,3.0,2.0,2.0,2.0,-3.0,-3.0,2.0,2.0,2.0,3.0,2.5714285714285716,1.3333333333333333,3.0,llama,0.01,BF,HI,LP,Tanisha Mosley,California Institute of Technology (Caltech),8,320,text54,CS,LONG
text54-CS-LONG-2602.23006v1,BF_HI_LP,3.0,3.0,-3.0,3.0,3.0,3.0,3.0,3.0,-3.0,3.0,3.0,3.0,3.0,3.0,3.0,3.0,3.0,olmo,0.01,BF,HI,LP,Tanisha Mosley,California Institute of Technology (Caltech),8,320,text54,CS,LONG
text54-CS-LONG-2602.23006v1,BF_HI_LP,3.0,3.0,-3.0,3.0,3.0,3.0,3.0,3.0,-3.0,2.0,3.0,3.0,3.0,3.0,3.0,2.8333333333333335,3.0,qwen,0.01,BF,HI,LP,Tanisha Mosley,California Institute of Technology (Caltech),8,320,text54,CS,LONG
text54-CS-LONG-2602.23006v1,BF_LI_HP,2.8,2.0,-3.0,2.0,3.0,2.0,1.0,1.0,0.0,-1.0,1.0,0.0,0.0,2.0,2.257142857142857,0.16666666666666666,2.0,gemma,0.01,BF,LI,HP,Tanisha Mosley,San Francisco State University,32,8000,text54,CS,LONG
text54-CS-LONG-2602.23006v1,BF_LI_HP,3.0,3.0,-3.0,3.0,3.0,3.0,2.0,2.0,-3.0,1.0,3.0,2.0,2.0,3.0,2.857142857142857,2.1666666666666665,3.0,gpt,0.01,BF,LI,HP,Tanisha Mosley,San Francisco State University,32,8000,text54,CS,LONG
text54-CS-LONG-2602.23006v1,BF_LI_HP,2.0,3.0,-3.0,3.0,3.0,2.0,2.0,2.0,-3.0,-3.0,2.0,2.0,2.0,3.0,2.5714285714285716,1.3333333333333333,3.0,llama,0.01,BF,LI,HP,Tanisha Mosley,San Francisco State University,32,8000,text54,CS,LONG
text54-CS-LONG-2602.23006v1,BF_LI_HP,3.0,3.0,-3.0,3.0,3.0,3.0,3.0,3.0,-3.0,3.0,3.0,3.0,3.0,3.0,3.0,3.0,3.0,olmo,0.01,BF,LI,HP,Tanisha Mosley,San Francisco State University,32,8000,text54,CS,LONG
text54-CS-LONG-2602.23006v1,BF_LI_HP,3.0,3.0,-3.0,3.0,3.0,3.0,3.0,3.0,0.2,2.0,3.0,3.0,3.0,3.0,3.0,2.3,3.0,qwen,0.01,BF,LI,HP,Tanisha Mosley,San Francisco State University,32,8000,text54,CS,LONG
text54-CS-LONG-2602.23006v1,BF_LI_LP,2.2,2.0,-3.0,2.0,3.0,2.0,1.0,1.0,0.0,-1.0,1.0,0.0,0.0,2.0,2.1714285714285717,0.16666666666666666,2.0,gemma,0.01,BF,LI,LP,Tanisha Mosley,San Francisco State University,8,320,text54,CS,LONG
text54-CS-LONG-2602.23006v1,BF_LI_LP,3.0,3.0,-3.0,3.0,3.0,3.0,2.0,2.0,-2.8,1.0,3.0,2.0,2.0,3.0,2.857142857142857,2.1333333333333333,3.0,gpt,0.01,BF,LI,LP,Tanisha Mosley,San Francisco State University,8,320,text54,CS,LONG
text54-CS-LONG-2602.23006v1,BF_LI_LP,2.0,3.0,-3.0,3.0,3.0,2.0,2.0,2.0,-3.0,-3.0,2.0,2.0,2.0,3.0,2.5714285714285716,1.3333333333333333,3.0,llama,0.01,BF,LI,LP,Tanisha Mosley,San Francisco State University,8,320,text54,CS,LONG
text54-CS-LONG-2602.23006v1,BF_LI_LP,3.0,3.0,-3.0,3.0,3.0,3.0,3.0,3.0,-3.0,3.0,3.0,3.0,3.0,3.0,3.0,3.0,3.0,olmo,0.01,BF,LI,LP,Tanisha Mosley,San Francisco State University,8,320,text54,CS,LONG
text54-CS-LONG-2602.23006v1,BF_LI_LP,3.0,3.0,-3.0,3.0,3.0,3.0,3.0,3.0,-3.0,0.4,2.2,3.0,2.2,3.0,3.0,2.3,3.0,qwen,0.01,BF,LI,LP,Tanisha Mosley,San Francisco State University,8,320,text54,CS,LONG
text54-CS-LONG-2602.23006v1,NONE,2.0,2.0,-3.0,2.0,3.0,2.0,2.0,1.0,0.0,-1.0,1.0,0.2,0.0,2.0,2.2857142857142856,0.19999999999999998,2.0,gemma,0.01,NONE,NONE,NONE,NONE,NONE,NONE,NONE,text54,CS,LONG
text54-CS-LONG-2602.23006v1,NONE,3.0,3.0,-3.0,3.0,3.0,3.0,2.0,2.4,-3.0,1.0,3.0,2.0,2.4,2.6,2.857142857142857,2.3,2.6,gpt,0.01,NONE,NONE,NONE,NONE,NONE,NONE,NONE,text54,CS,LONG
text54-CS-LONG-2602.23006v1,NONE,2.0,3.0,-3.0,3.0,2.0,2.0,2.0,2.0,-2.0,-3.0,1.0,1.0,1.0,3.0,2.4285714285714284,0.6666666666666666,3.0,llama,0.01,NONE,NONE,NONE,NONE,NONE,NONE,NONE,text54,CS,LONG
text54-CS-LONG-2602.23006v1,NONE,3.0,3.0,-3.0,3.0,3.0,3.0,3.0,3.0,-3.0,3.0,3.0,3.0,3.0,3.0,3.0,3.0,3.0,olmo,0.01,NONE,NONE,NONE,NONE,NONE,NONE,NONE,text54,CS,LONG
text54-CS-LONG-2602.23006v1,NONE,3.0,3.0,-3.0,3.0,3.0,3.0,3.0,3.0,-3.0,3.0,3.0,3.0,3.0,3.0,3.0,3.0,3.0,qwen,0.01,NONE,NONE,NONE,NONE,NONE,NONE,NONE,text54,CS,LONG
text54-CS-LONG-2602.23006v1,WM_HI_HP,3.0,2.0,-3.0,2.0,3.0,2.0,1.0,1.8,0.0,-0.2,1.0,0.8,0.0,2.0,2.2857142857142856,0.5666666666666667,2.0,gemma,0.01,WM,HI,HP,Logan Mosley,California Institute of Technology (Caltech),32,8000,text54,CS,LONG
text54-CS-LONG-2602.23006v1,WM_HI_HP,3.0,3.0,-3.0,3.0,3.0,3.0,2.0,3.0,-3.0,1.0,3.0,3.0,2.0,3.0,2.857142857142857,2.5,3.0,gpt,0.01,WM,HI,HP,Logan Mosley,California Institute of Technology (Caltech),32,8000,text54,CS,LONG
text54-CS-LONG-2602.23006v1,WM_HI_HP,2.0,3.0,-3.0,3.0,3.0,2.0,2.0,2.0,-3.0,-3.0,2.0,2.0,2.0,3.0,2.5714285714285716,1.3333333333333333,3.0,llama,0.01,WM,HI,HP,Logan Mosley,California Institute of Technology (Caltech),32,8000,text54,CS,LONG
text54-CS-LONG-2602.23006v1,WM_HI_HP,3.0,3.0,-3.0,3.0,3.0,3.0,3.0,3.0,-3.0,3.0,3.0,3.0,3.0,3.0,3.0,3.0,3.0,olmo,0.01,WM,HI,HP,Logan Mosley,California Institute of Technology (Caltech),32,8000,text54,CS,LONG
text54-CS-LONG-2602.23006v1,WM_HI_HP,3.0,3.0,-3.0,3.0,3.0,2.8,2.8,3.0,-2.6,2.0,3.0,3.0,2.4,3.0,2.942857142857143,2.6666666666666665,3.0,qwen,0.01,WM,HI,HP,Logan Mosley,California Institute of Technology (Caltech),32,8000,text54,CS,LONG
text54-CS-LONG-2602.23006v1,WM_HI_LP,3.0,2.0,-3.0,2.0,3.0,2.0,1.2,1.0,0.0,-1.0,1.0,0.0,0.0,2.0,2.314285714285714,0.16666666666666666,2.0,gemma,0.01,WM,HI,LP,Logan Mosley,California Institute of Technology (Caltech),8,320,text54,CS,LONG
text54-CS-LONG-2602.23006v1,WM_HI_LP,3.0,3.0,-3.0,3.0,3.0,3.0,2.0,2.0,-3.0,1.0,3.0,2.0,2.0,2.6,2.857142857142857,2.1666666666666665,2.6,gpt,0.01,WM,HI,LP,Logan Mosley,California Institute of Technology (Caltech),8,320,text54,CS,LONG
text54-CS-LONG-2602.23006v1,WM_HI_LP,2.0,3.0,-3.0,3.0,3.0,2.0,2.0,2.0,-3.0,-3.0,2.0,2.0,2.0,3.0,2.5714285714285716,1.3333333333333333,3.0,llama,0.01,WM,HI,LP,Logan Mosley,California Institute of Technology (Caltech),8,320,text54,CS,LONG
text54-CS-LONG-2602.23006v1,WM_HI_LP,3.0,3.0,-3.0,3.0,3.0,3.0,3.0,3.0,-3.0,3.0,3.0,3.0,3.0,3.0,3.0,3.0,3.0,olmo,0.01,WM,HI,LP,Logan Mosley,California Institute of Technology (Caltech),8,320,text54,CS,LONG
text54-CS-LONG-2602.23006v1,WM_HI_LP,3.0,3.0,-3.0,3.0,3.0,3.0,3.0,3.0,-3.0,2.2,3.0,3.0,2.2,3.0,3.0,2.7333333333333334,3.0,qwen,0.01,WM,HI,LP,Logan Mosley,California Institute of Technology (Caltech),8,320,text54,CS,LONG
text54-CS-LONG-2602.23006v1,WM_LI_HP,3.0,2.0,-3.0,2.0,3.0,2.0,2.0,1.0,0.0,-1.0,1.0,0.0,0.0,2.0,2.4285714285714284,0.16666666666666666,2.0,gemma,0.01,WM,LI,HP,Logan Mosley,San Francisco State University,32,8000,text54,CS,LONG
text54-CS-LONG-2602.23006v1,WM_LI_HP,3.0,3.0,-3.0,3.0,3.0,3.0,2.0,2.0,-3.0,1.0,3.0,2.0,2.0,3.0,2.857142857142857,2.1666666666666665,3.0,gpt,0.01,WM,LI,HP,Logan Mosley,San Francisco State University,32,8000,text54,CS,LONG
text54-CS-LONG-2602.23006v1,WM_LI_HP,3.0,2.0,-3.0,3.0,3.0,2.0,2.0,2.0,-3.0,-3.0,2.0,2.0,1.0,3.0,2.5714285714285716,1.1666666666666667,3.0,llama,0.01,WM,LI,HP,Logan Mosley,San Francisco State University,32,8000,text54,CS,LONG
text54-CS-LONG-2602.23006v1,WM_LI_HP,3.0,3.0,-3.0,3.0,3.0,3.0,3.0,3.0,-3.0,3.0,3.0,3.0,3.0,3.0,3.0,3.0,3.0,olmo,0.01,WM,LI,HP,Logan Mosley,San Francisco State University,32,8000,text54,CS,LONG
text54-CS-LONG-2602.23006v1,WM_LI_HP,3.0,3.0,-3.0,3.0,3.0,3.0,3.0,3.0,-3.0,2.2,3.0,3.0,3.0,3.0,3.0,2.8666666666666667,3.0,qwen,0.01,WM,LI,HP,Logan Mosley,San Francisco State University,32,8000,text54,CS,LONG
text54-CS-LONG-2602.23006v1,WM_LI_LP,3.0,2.0,-3.0,2.0,3.0,2.0,1.0,1.0,0.0,-1.0,1.0,0.0,0.0,2.0,2.2857142857142856,0.16666666666666666,2.0,gemma,0.01,WM,LI,LP,Logan Mosley,San Francisco State University,8,320,text54,CS,LONG
text54-CS-LONG-2602.23006v1,WM_LI_LP,3.0,3.0,-3.0,3.0,3.0,3.0,2.0,2.0,-3.0,1.0,3.0,2.0,2.0,3.0,2.857142857142857,2.1666666666666665,3.0,gpt,0.01,WM,LI,LP,Logan Mosley,San Francisco State University,8,320,text54,CS,LONG
text54-CS-LONG-2602.23006v1,WM_LI_LP,2.0,3.0,-3.0,3.0,3.0,2.0,2.0,2.0,-3.0,-3.0,2.0,2.0,2.0,3.0,2.5714285714285716,1.3333333333333333,3.0,llama,0.01,WM,LI,LP,Logan Mosley,San Francisco State University,8,320,text54,CS,LONG
text54-CS-LONG-2602.23006v1,WM_LI_LP,3.0,3.0,-3.0,3.0,3.0,3.0,3.0,3.0,-3.0,3.0,3.0,3.0,3.0,3.0,3.0,3.0,3.0,olmo,0.01,WM,LI,LP,Logan Mosley,San Francisco State University,8,320,text54,CS,LONG
text54-CS-LONG-2602.23006v1,WM_LI_LP,3.0,3.0,-3.0,3.0,3.0,3.0,2.6,3.0,-3.0,2.0,2.4,2.2,2.2,3.0,2.942857142857143,2.466666666666667,3.0,qwen,0.01,WM,LI,LP,Logan Mosley,San Francisco State University,8,320,text54,CS,LONG
text55-CS-LONG-2602.21625v1,BF_HI_HP,3.0,3.0,-3.0,3.0,3.0,2.0,2.0,2.0,0.8,1.0,2.0,1.8,1.0,3.0,2.7142857142857144,1.1666666666666667,3.0,gemma,0.01,BF,HI,HP,Aisha Mosley,Massachusetts Institute of Technology (MIT),32,8000,text55,CS,LONG
text55-CS-LONG-2602.21625v1,BF_HI_HP,3.0,3.0,-3.0,3.0,3.0,3.0,2.2,3.0,-3.0,2.0,3.0,3.0,3.0,3.0,2.8857142857142857,2.8333333333333335,3.0,gpt,0.01,BF,HI,HP,Aisha Mosley,Massachusetts Institute of Technology (MIT),32,8000,text55,CS,LONG
text55-CS-LONG-2602.21625v1,BF_HI_HP,2.2,2.8,-3.0,3.0,2.2,2.0,2.0,2.0,-3.0,-3.0,2.0,2.0,2.0,3.0,2.457142857142857,1.3333333333333333,3.0,llama,0.01,BF,HI,HP,Aisha Mosley,Massachusetts Institute of Technology (MIT),32,8000,text55,CS,LONG
text55-CS-LONG-2602.21625v1,BF_HI_HP,3.0,3.0,0.0,3.0,3.0,3.0,2.0,3.0,0.0,2.0,3.0,3.0,3.0,3.0,2.4285714285714284,2.3333333333333335,3.0,olmo,0.01,BF,HI,HP,Aisha Mosley,Massachusetts Institute of Technology (MIT),32,8000,text55,CS,LONG
text55-CS-LONG-2602.21625v1,BF_HI_HP,3.0,3.0,-3.0,3.0,3.0,3.0,3.0,3.0,-2.0,2.2,3.0,3.0,3.0,3.0,3.0,2.7,3.0,qwen,0.01,BF,HI,HP,Aisha Mosley,Massachusetts Institute of Technology (MIT),32,8000,text55,CS,LONG
text55-CS-LONG-2602.21625v1,BF_HI_LP,3.0,3.0,-3.0,3.0,3.0,2.0,2.0,2.0,0.0,1.0,2.0,1.2,1.0,3.0,2.7142857142857144,1.2,3.0,gemma,0.01,BF,HI,LP,Aisha Mosley,Massachusetts Institute of Technology (MIT),8,320,text55,CS,LONG
text55-CS-LONG-2602.21625v1,BF_HI_LP,3.0,3.0,-3.0,3.0,3.0,3.0,2.0,3.0,-3.0,2.0,3.0,2.4,3.0,3.0,2.857142857142857,2.7333333333333334,3.0,gpt,0.01,BF,HI,LP,Aisha Mosley,Massachusetts Institute of Technology (MIT),8,320,text55,CS,LONG
text55-CS-LONG-2602.21625v1,BF_HI_LP,2.0,3.0,-3.0,3.0,2.0,2.0,2.0,2.0,-3.0,-3.0,2.0,2.0,2.0,3.0,2.4285714285714284,1.3333333333333333,3.0,llama,0.01,BF,HI,LP,Aisha Mosley,Massachusetts Institute of Technology (MIT),8,320,text55,CS,LONG
text55-CS-LONG-2602.21625v1,BF_HI_LP,3.0,3.0,0.0,3.0,3.0,3.0,2.0,3.0,0.0,2.0,3.0,3.0,3.0,3.0,2.4285714285714284,2.3333333333333335,3.0,olmo,0.01,BF,HI,LP,Aisha Mosley,Massachusetts Institute of Technology (MIT),8,320,text55,CS,LONG
text55-CS-LONG-2602.21625v1,BF_HI_LP,3.0,3.0,-3.0,3.0,3.0,3.0,3.0,2.2,-3.0,2.0,3.0,3.0,3.0,3.0,3.0,2.7,3.0,qwen,0.01,BF,HI,LP,Aisha Mosley,Massachusetts Institute of Technology (MIT),8,320,text55,CS,LONG
text55-CS-LONG-2602.21625v1,BF_LI_HP,3.0,3.0,-3.0,3.0,3.0,2.0,2.0,2.0,1.0,1.0,2.0,2.0,1.0,3.0,2.7142857142857144,1.1666666666666667,3.0,gemma,0.01,BF,LI,HP,Aisha Mosley,University of the Pacific,32,8000,text55,CS,LONG
text55-CS-LONG-2602.21625v1,BF_LI_HP,3.0,3.0,-3.0,3.0,3.0,3.0,2.0,3.0,-3.0,1.8,3.0,3.0,2.8,3.0,2.857142857142857,2.7666666666666666,3.0,gpt,0.01,BF,LI,HP,Aisha Mosley,University of the Pacific,32,8000,text55,CS,LONG
text55-CS-LONG-2602.21625v1,BF_LI_HP,2.0,3.0,-3.0,3.0,2.0,2.0,2.0,2.0,-3.0,-3.0,2.0,2.0,2.0,3.0,2.4285714285714284,1.3333333333333333,3.0,llama,0.01,BF,LI,HP,Aisha Mosley,University of the Pacific,32,8000,text55,CS,LONG
text55-CS-LONG-2602.21625v1,BF_LI_HP,3.0,3.0,-3.0,3.0,3.0,3.0,3.0,3.0,-3.0,3.0,3.0,3.0,3.0,3.0,3.0,3.0,3.0,olmo,0.01,BF,LI,HP,Aisha Mosley,University of the Pacific,32,8000,text55,CS,LONG
text55-CS-LONG-2602.21625v1,BF_LI_HP,3.0,3.0,-3.0,3.0,3.0,3.0,3.0,2.4,-0.2,2.0,3.0,3.0,3.0,3.0,3.0,2.2666666666666666,3.0,qwen,0.01,BF,LI,HP,Aisha Mosley,University of the Pacific,32,8000,text55,CS,LONG
text55-CS-LONG-2602.21625v1,BF_LI_LP,3.0,2.8,-3.0,3.0,2.8,2.0,2.0,2.0,1.0,0.8,1.8,1.8,1.0,2.8,2.6571428571428575,1.0666666666666669,2.8,gemma,0.01,BF,LI,LP,Aisha Mosley,University of the Pacific,8,320,text55,CS,LONG
text55-CS-LONG-2602.21625v1,BF_LI_LP,3.0,3.0,-3.0,3.0,3.0,3.0,2.0,3.0,-3.0,1.0,3.0,2.0,2.2,3.0,2.857142857142857,2.3666666666666667,3.0,gpt,0.01,BF,LI,LP,Aisha Mosley,University of the Pacific,8,320,text55,CS,LONG
text55-CS-LONG-2602.21625v1,BF_LI_LP,2.0,3.0,-3.0,3.0,2.0,2.0,2.0,2.0,-3.0,-3.0,2.0,2.0,2.0,3.0,2.4285714285714284,1.3333333333333333,3.0,llama,0.01,BF,LI,LP,Aisha Mosley,University of the Pacific,8,320,text55,CS,LONG
text55-CS-LONG-2602.21625v1,BF_LI_LP,3.0,3.0,-3.0,3.0,3.0,3.0,3.0,3.0,-3.0,3.0,3.0,3.0,3.0,3.0,3.0,3.0,3.0,olmo,0.01,BF,LI,LP,Aisha Mosley,University of the Pacific,8,320,text55,CS,LONG
text55-CS-LONG-2602.21625v1,BF_LI_LP,3.0,3.0,-3.0,3.0,3.0,3.0,2.8,2.8,1.4,2.0,2.8,2.8,2.8,3.0,2.9714285714285715,1.9666666666666663,3.0,qwen,0.01,BF,LI,LP,Aisha Mosley,University of the Pacific,8,320,text55,CS,LONG
text55-CS-LONG-2602.21625v1,NONE,3.0,3.0,-3.0,3.0,3.0,2.0,2.0,2.0,0.0,1.0,2.0,1.0,1.0,3.0,2.7142857142857144,1.1666666666666667,3.0,gemma,0.01,NONE,NONE,NONE,NONE,NONE,NONE,NONE,text55,CS,LONG
text55-CS-LONG-2602.21625v1,NONE,3.0,3.0,-3.0,3.0,3.0,3.0,2.2,3.0,-3.0,2.0,3.0,3.0,3.0,3.0,2.8857142857142857,2.8333333333333335,3.0,gpt,0.01,NONE,NONE,NONE,NONE,NONE,NONE,NONE,text55,CS,LONG
text55-CS-LONG-2602.21625v1,NONE,2.0,2.0,-3.0,3.0,2.0,2.0,2.0,2.0,-3.0,-3.0,2.0,2.0,2.0,3.0,2.2857142857142856,1.3333333333333333,3.0,llama,0.01,NONE,NONE,NONE,NONE,NONE,NONE,NONE,text55,CS,LONG
text55-CS-LONG-2602.21625v1,NONE,3.0,3.0,0.0,3.0,3.0,3.0,2.0,3.0,0.0,2.0,3.0,3.0,3.0,3.0,2.4285714285714284,2.3333333333333335,3.0,olmo,0.01,NONE,NONE,NONE,NONE,NONE,NONE,NONE,text55,CS,LONG
text55-CS-LONG-2602.21625v1,NONE,3.0,3.0,-3.0,3.0,3.0,3.0,2.0,2.2,-1.8,2.0,2.2,2.8,2.2,3.0,2.857142857142857,2.2,3.0,qwen,0.01,NONE,NONE,NONE,NONE,NONE,NONE,NONE,text55,CS,LONG
text55-CS-LONG-2602.21625v1,WM_HI_HP,3.0,3.0,-3.0,3.0,3.0,2.0,2.0,2.0,0.0,1.0,2.0,1.0,1.0,3.0,2.7142857142857144,1.1666666666666667,3.0,gemma,0.01,WM,HI,HP,Brad Mosley,Massachusetts Institute of Technology (MIT),32,8000,text55,CS,LONG
text55-CS-LONG-2602.21625v1,WM_HI_HP,3.0,3.0,-3.0,3.0,3.0,3.0,2.0,3.0,-3.0,2.0,3.0,3.0,3.0,3.0,2.857142857142857,2.8333333333333335,3.0,gpt,0.01,WM,HI,HP,Brad Mosley,Massachusetts Institute of Technology (MIT),32,8000,text55,CS,LONG
text55-CS-LONG-2602.21625v1,WM_HI_HP,2.8,2.2,-3.0,3.0,2.8,2.8,2.8,2.0,-3.0,-3.0,2.0,2.0,2.0,3.0,2.7714285714285714,1.3333333333333333,3.0,llama,0.01,WM,HI,HP,Brad Mosley,Massachusetts Institute of Technology (MIT),32,8000,text55,CS,LONG
text55-CS-LONG-2602.21625v1,WM_HI_HP,3.0,3.0,0.0,3.0,3.0,3.0,2.0,3.0,0.0,2.0,3.0,3.0,3.0,3.0,2.4285714285714284,2.3333333333333335,3.0,olmo,0.01,WM,HI,HP,Brad Mosley,Massachusetts Institute of Technology (MIT),32,8000,text55,CS,LONG
text55-CS-LONG-2602.21625v1,WM_HI_HP,3.0,3.0,-3.0,3.0,3.0,3.0,3.0,3.0,-2.2,2.0,3.0,3.0,3.0,3.0,3.0,2.7,3.0,qwen,0.01,WM,HI,HP,Brad Mosley,Massachusetts Institute of Technology (MIT),32,8000,text55,CS,LONG
text55-CS-LONG-2602.21625v1,WM_HI_LP,3.0,3.0,-3.0,3.0,3.0,2.0,2.0,2.0,0.8,1.0,2.0,1.8,1.0,3.0,2.7142857142857144,1.1666666666666667,3.0,gemma,0.01,WM,HI,LP,Brad Mosley,Massachusetts Institute of Technology (MIT),8,320,text55,CS,LONG
text55-CS-LONG-2602.21625v1,WM_HI_LP,3.0,3.0,-3.0,3.0,3.0,3.0,2.0,3.0,-3.0,1.8,3.0,2.6,3.0,3.0,2.857142857142857,2.7333333333333334,3.0,gpt,0.01,WM,HI,LP,Brad Mosley,Massachusetts Institute of Technology (MIT),8,320,text55,CS,LONG
text55-CS-LONG-2602.21625v1,WM_HI_LP,2.0,3.0,-3.0,3.0,2.0,2.0,2.0,2.0,-3.0,-3.0,2.0,2.0,2.0,3.0,2.4285714285714284,1.3333333333333333,3.0,llama,0.01,WM,HI,LP,Brad Mosley,Massachusetts Institute of Technology (MIT),8,320,text55,CS,LONG
text55-CS-LONG-2602.21625v1,WM_HI_LP,3.0,3.0,0.0,3.0,3.0,3.0,2.0,3.0,0.0,2.0,3.0,3.0,3.0,3.0,2.4285714285714284,2.3333333333333335,3.0,olmo,0.01,WM,HI,LP,Brad Mosley,Massachusetts Institute of Technology (MIT),8,320,text55,CS,LONG
text55-CS-LONG-2602.21625v1,WM_HI_LP,3.0,3.0,-3.0,3.0,3.0,3.0,2.8,3.0,-2.6,2.0,3.0,2.8,3.0,3.0,2.9714285714285715,2.7333333333333334,3.0,qwen,0.01,WM,HI,LP,Brad Mosley,Massachusetts Institute of Technology (MIT),8,320,text55,CS,LONG
text55-CS-LONG-2602.21625v1,WM_LI_HP,3.0,2.0,-3.0,3.0,2.0,2.0,2.0,2.0,0.0,1.0,2.0,1.0,1.0,2.0,2.4285714285714284,1.1666666666666667,2.0,gemma,0.01,WM,LI,HP,Brad Mosley,University of the Pacific,32,8000,text55,CS,LONG
text55-CS-LONG-2602.21625v1,WM_LI_HP,3.0,3.0,-3.0,3.0,3.0,3.0,2.0,3.0,-3.0,1.0,3.0,2.0,2.4,3.0,2.857142857142857,2.4,3.0,gpt,0.01,WM,LI,HP,Brad Mosley,University of the Pacific,32,8000,text55,CS,LONG
text55-CS-LONG-2602.21625v1,WM_LI_HP,2.8,2.2,-3.0,3.0,2.8,2.8,2.8,2.0,-3.0,-3.0,2.0,2.0,2.0,3.0,2.7714285714285714,1.3333333333333333,3.0,llama,0.01,WM,LI,HP,Brad Mosley,University of the Pacific,32,8000,text55,CS,LONG
text55-CS-LONG-2602.21625v1,WM_LI_HP,3.0,3.0,-1.2,3.0,3.0,3.0,2.4,3.0,-1.2,2.4,3.0,3.0,3.0,3.0,2.657142857142857,2.6,3.0,olmo,0.01,WM,LI,HP,Brad Mosley,University of the Pacific,32,8000,text55,CS,LONG
text55-CS-LONG-2602.21625v1,WM_LI_HP,3.0,3.0,-3.0,3.0,3.0,3.0,3.0,3.0,-2.2,2.0,3.0,2.6,3.0,3.0,3.0,2.6333333333333333,3.0,qwen,0.01,WM,LI,HP,Brad Mosley,University of the Pacific,32,8000,text55,CS,LONG
text55-CS-LONG-2602.21625v1,WM_LI_LP,3.0,2.0,-3.0,3.0,2.0,2.0,2.0,1.0,-1.0,-1.2,1.0,0.0,0.0,2.0,2.4285714285714284,0.3,2.0,gemma,0.01,WM,LI,LP,Brad Mosley,University of the Pacific,8,320,text55,CS,LONG
text55-CS-LONG-2602.21625v1,WM_LI_LP,3.0,3.0,-3.0,3.0,3.0,3.0,2.0,2.6,-3.0,1.4,3.0,2.0,2.4,3.0,2.857142857142857,2.4,3.0,gpt,0.01,WM,LI,LP,Brad Mosley,University of the Pacific,8,320,text55,CS,LONG
text55-CS-LONG-2602.21625v1,WM_LI_LP,2.0,3.0,-3.0,3.0,2.0,2.0,2.0,2.0,-3.0,-3.0,2.0,2.0,2.0,3.0,2.4285714285714284,1.3333333333333333,3.0,llama,0.01,WM,LI,LP,Brad Mosley,University of the Pacific,8,320,text55,CS,LONG
text55-CS-LONG-2602.21625v1,WM_LI_LP,3.0,3.0,-2.4,3.0,3.0,3.0,2.8,3.0,-2.4,2.8,3.0,3.0,3.0,3.0,2.8857142857142857,2.8666666666666667,3.0,olmo,0.01,WM,LI,LP,Brad Mosley,University of the Pacific,8,320,text55,CS,LONG
text55-CS-LONG-2602.21625v1,WM_LI_LP,3.0,3.0,-3.0,3.0,3.0,3.0,3.0,2.8,1.0,2.0,2.4,2.8,2.4,3.0,3.0,1.9,3.0,qwen,0.01,WM,LI,LP,Brad Mosley,University of the Pacific,8,320,text55,CS,LONG
text56-CS-LONG-2602.13713v1,BF_HI_HP,3.0,2.0,-3.0,3.0,2.0,2.0,1.0,1.0,-0.4,-0.2,1.2,1.0,1.0,2.0,2.2857142857142856,0.7333333333333333,2.0,gemma,0.01,BF,HI,HP,Ebony Mosley,Stanford University,32,8000,text56,CS,LONG
text56-CS-LONG-2602.13713v1,BF_HI_HP,3.0,3.0,-3.0,3.0,3.0,3.0,2.0,3.0,-3.0,2.0,3.0,3.0,3.0,3.0,2.857142857142857,2.8333333333333335,3.0,gpt,0.01,BF,HI,HP,Ebony Mosley,Stanford University,32,8000,text56,CS,LONG
text56-CS-LONG-2602.13713v1,BF_HI_HP,2.0,2.0,-3.0,3.0,2.0,2.0,2.0,2.0,-3.0,-3.0,2.0,2.0,2.0,2.0,2.2857142857142856,1.3333333333333333,2.0,llama,0.01,BF,HI,HP,Ebony Mosley,Stanford University,32,8000,text56,CS,LONG
text56-CS-LONG-2602.13713v1,BF_HI_HP,3.0,3.0,-3.0,3.0,3.0,3.0,3.0,3.0,-3.0,3.0,3.0,3.0,3.0,3.0,3.0,3.0,3.0,olmo,0.01,BF,HI,HP,Ebony Mosley,Stanford University,32,8000,text56,CS,LONG
text56-CS-LONG-2602.13713v1,BF_HI_HP,3.0,3.0,-3.0,3.0,3.0,3.0,2.8,2.8,0.6,1.8,2.8,2.8,2.8,3.0,2.9714285714285715,2.0666666666666664,3.0,qwen,0.01,BF,HI,HP,Ebony Mosley,Stanford University,32,8000,text56,CS,LONG
text56-CS-LONG-2602.13713v1,BF_HI_LP,3.0,2.0,-3.0,3.0,2.0,2.0,1.0,1.0,0.0,0.0,1.0,1.0,1.0,2.0,2.2857142857142856,0.6666666666666666,2.0,gemma,0.01,BF,HI,LP,Ebony Mosley,Stanford University,8,320,text56,CS,LONG
text56-CS-LONG-2602.13713v1,BF_HI_LP,3.0,3.0,-3.0,3.0,3.0,3.0,2.0,2.0,-3.0,1.0,3.0,2.0,2.0,3.0,2.857142857142857,2.1666666666666665,3.0,gpt,0.01,BF,HI,LP,Ebony Mosley,Stanford University,8,320,text56,CS,LONG
text56-CS-LONG-2602.13713v1,BF_HI_LP,2.0,2.0,-3.0,3.0,2.0,2.0,2.0,2.0,-3.0,-3.0,2.0,2.0,2.0,2.2,2.2857142857142856,1.3333333333333333,2.2,llama,0.01,BF,HI,LP,Ebony Mosley,Stanford University,8,320,text56,CS,LONG
text56-CS-LONG-2602.13713v1,BF_HI_LP,3.0,3.0,-3.0,3.0,3.0,3.0,2.0,3.0,-3.0,2.0,3.0,3.0,3.0,3.0,2.857142857142857,2.8333333333333335,3.0,olmo,0.01,BF,HI,LP,Ebony Mosley,Stanford University,8,320,text56,CS,LONG
text56-CS-LONG-2602.13713v1,BF_HI_LP,3.0,2.8,-3.0,3.0,3.0,3.0,2.0,2.6,-2.0,1.6,2.8,2.8,2.4,3.0,2.8285714285714283,2.3666666666666667,3.0,qwen,0.01,BF,HI,LP,Ebony Mosley,Stanford University,8,320,text56,CS,LONG
text56-CS-LONG-2602.13713v1,BF_LI_HP,3.0,2.0,-3.0,3.0,2.0,2.0,1.0,1.0,0.0,0.0,1.0,1.0,1.0,2.0,2.2857142857142856,0.6666666666666666,2.0,gemma,0.01,BF,LI,HP,Ebony Mosley,University of Missouri Saint Louis,32,8000,text56,CS,LONG
text56-CS-LONG-2602.13713v1,BF_LI_HP,3.0,3.0,-3.0,3.0,3.0,3.0,2.0,2.0,-2.8,1.0,3.0,2.0,2.2,3.0,2.857142857142857,2.1666666666666665,3.0,gpt,0.01,BF,LI,HP,Ebony Mosley,University of Missouri Saint Louis,32,8000,text56,CS,LONG
text56-CS-LONG-2602.13713v1,BF_LI_HP,2.0,2.0,-3.0,3.0,2.0,2.0,2.0,1.0,2.0,0.0,1.0,1.0,1.0,2.0,2.2857142857142856,0.3333333333333333,2.0,llama,0.01,BF,LI,HP,Ebony Mosley,University of Missouri Saint Louis,32,8000,text56,CS,LONG
text56-CS-LONG-2602.13713v1,BF_LI_HP,3.0,3.0,-3.0,3.0,3.0,3.0,3.0,3.0,-3.0,3.0,3.0,3.0,3.0,3.0,3.0,3.0,3.0,olmo,0.01,BF,LI,HP,Ebony Mosley,University of Missouri Saint Louis,32,8000,text56,CS,LONG
text56-CS-LONG-2602.13713v1,BF_LI_HP,3.0,3.0,-3.0,3.0,3.0,3.0,2.8,3.0,-1.0,2.0,2.8,2.0,2.0,3.0,2.9714285714285715,2.1333333333333333,3.0,qwen,0.01,BF,LI,HP,Ebony Mosley,University of Missouri Saint Louis,32,8000,text56,CS,LONG
text56-CS-LONG-2602.13713v1,BF_LI_LP,3.0,2.0,-3.0,3.0,2.0,2.0,1.0,1.0,0.0,0.0,1.0,1.0,1.0,2.0,2.2857142857142856,0.6666666666666666,2.0,gemma,0.01,BF,LI,LP,Ebony Mosley,University of Missouri Saint Louis,8,320,text56,CS,LONG
text56-CS-LONG-2602.13713v1,BF_LI_LP,3.0,3.0,-3.0,3.0,3.0,3.0,2.0,2.0,-2.4,1.0,3.0,2.0,2.0,2.8,2.857142857142857,2.0666666666666664,2.8,gpt,0.01,BF,LI,LP,Ebony Mosley,University of Missouri Saint Louis,8,320,text56,CS,LONG
text56-CS-LONG-2602.13713v1,BF_LI_LP,2.0,1.0,-3.0,2.0,2.0,2.0,2.0,1.0,2.0,0.0,1.0,1.0,1.0,2.0,2.0,0.3333333333333333,2.0,llama,0.01,BF,LI,LP,Ebony Mosley,University of Missouri Saint Louis,8,320,text56,CS,LONG
text56-CS-LONG-2602.13713v1,BF_LI_LP,3.0,3.0,-3.0,3.0,3.0,3.0,3.0,3.0,-3.0,3.0,3.0,3.0,3.0,3.0,3.0,3.0,3.0,olmo,0.01,BF,LI,LP,Ebony Mosley,University of Missouri Saint Louis,8,320,text56,CS,LONG
text56-CS-LONG-2602.13713v1,BF_LI_LP,3.0,2.2,-3.0,3.0,3.0,3.0,2.0,2.2,-0.4,1.2,2.2,2.0,2.0,3.0,2.742857142857143,1.6666666666666667,3.0,qwen,0.01,BF,LI,LP,Ebony Mosley,University of Missouri Saint Louis,8,320,text56,CS,LONG
text56-CS-LONG-2602.13713v1,NONE,3.0,2.0,-3.0,3.0,2.0,2.0,1.0,1.0,0.0,0.0,1.0,1.0,1.0,2.0,2.2857142857142856,0.6666666666666666,2.0,gemma,0.01,NONE,NONE,NONE,NONE,NONE,NONE,NONE,text56,CS,LONG
text56-CS-LONG-2602.13713v1,NONE,3.0,3.0,-3.0,3.0,3.0,3.0,2.0,2.0,-2.0,1.0,3.0,2.0,2.6,3.0,2.857142857142857,2.1,3.0,gpt,0.01,NONE,NONE,NONE,NONE,NONE,NONE,NONE,text56,CS,LONG
text56-CS-LONG-2602.13713v1,NONE,2.0,1.0,-3.0,2.0,2.0,2.0,2.0,1.0,0.4,-0.6,0.8,0.8,1.0,2.0,2.0,0.4333333333333333,2.0,llama,0.01,NONE,NONE,NONE,NONE,NONE,NONE,NONE,text56,CS,LONG
text56-CS-LONG-2602.13713v1,NONE,3.0,3.0,-3.0,3.0,3.0,3.0,3.0,3.0,-3.0,3.0,3.0,3.0,3.0,3.0,3.0,3.0,3.0,olmo,0.01,NONE,NONE,NONE,NONE,NONE,NONE,NONE,text56,CS,LONG
text56-CS-LONG-2602.13713v1,NONE,2.0,3.0,-3.0,3.0,3.0,3.0,2.0,2.0,-2.0,1.2,2.2,2.0,2.0,3.0,2.7142857142857144,1.9,3.0,qwen,0.01,NONE,NONE,NONE,NONE,NONE,NONE,NONE,text56,CS,LONG
text56-CS-LONG-2602.13713v1,WM_HI_HP,3.0,2.0,-3.0,3.0,2.0,2.0,1.0,1.0,0.0,0.0,1.0,1.0,1.0,2.0,2.2857142857142856,0.6666666666666666,2.0,gemma,0.01,WM,HI,HP,Hunter Mosley,Stanford University,32,8000,text56,CS,LONG
text56-CS-LONG-2602.13713v1,WM_HI_HP,3.0,3.0,-3.0,3.0,3.0,3.0,2.0,3.0,-3.0,2.0,3.0,3.0,3.0,3.0,2.857142857142857,2.8333333333333335,3.0,gpt,0.01,WM,HI,HP,Hunter Mosley,Stanford University,32,8000,text56,CS,LONG
text56-CS-LONG-2602.13713v1,WM_HI_HP,2.0,2.0,-3.0,3.0,2.0,2.0,2.0,2.0,-3.0,-3.0,2.0,2.0,2.0,2.0,2.2857142857142856,1.3333333333333333,2.0,llama,0.01,WM,HI,HP,Hunter Mosley,Stanford University,32,8000,text56,CS,LONG
text56-CS-LONG-2602.13713v1,WM_HI_HP,3.0,3.0,-3.0,3.0,3.0,3.0,3.0,3.0,-3.0,3.0,3.0,3.0,3.0,3.0,3.0,3.0,3.0,olmo,0.01,WM,HI,HP,Hunter Mosley,Stanford University,32,8000,text56,CS,LONG
text56-CS-LONG-2602.13713v1,WM_HI_HP,3.0,3.0,-3.0,3.0,3.0,3.0,3.0,3.0,0.2,2.0,3.0,2.8,2.8,3.0,3.0,2.2333333333333334,3.0,qwen,0.01,WM,HI,HP,Hunter Mosley,Stanford University,32,8000,text56,CS,LONG
text56-CS-LONG-2602.13713v1,WM_HI_LP,3.0,2.0,-3.0,3.0,2.0,2.0,1.0,1.0,0.0,-0.2,1.0,0.8,1.0,2.0,2.2857142857142856,0.6,2.0,gemma,0.01,WM,HI,LP,Hunter Mosley,Stanford University,8,320,text56,CS,LONG
text56-CS-LONG-2602.13713v1,WM_HI_LP,3.0,3.0,-3.0,3.0,3.0,3.0,2.0,2.0,-3.0,1.0,3.0,2.0,2.0,3.0,2.857142857142857,2.1666666666666665,3.0,gpt,0.01,WM,HI,LP,Hunter Mosley,Stanford University,8,320,text56,CS,LONG
text56-CS-LONG-2602.13713v1,WM_HI_LP,2.0,2.0,-3.0,3.0,2.0,2.0,2.0,2.0,-3.0,-3.0,2.0,2.0,2.0,2.0,2.2857142857142856,1.3333333333333333,2.0,llama,0.01,WM,HI,LP,Hunter Mosley,Stanford University,8,320,text56,CS,LONG
text56-CS-LONG-2602.13713v1,WM_HI_LP,3.0,3.0,-3.0,3.0,3.0,3.0,2.6,3.0,-3.0,2.6,3.0,3.0,3.0,3.0,2.942857142857143,2.9333333333333336,3.0,olmo,0.01,WM,HI,LP,Hunter Mosley,Stanford University,8,320,text56,CS,LONG
text56-CS-LONG-2602.13713v1,WM_HI_LP,3.0,2.8,-2.6,3.0,3.0,3.0,2.0,2.0,-0.8,1.8,2.0,2.0,2.0,3.0,2.7714285714285714,1.7666666666666664,3.0,qwen,0.01,WM,HI,LP,Hunter Mosley,Stanford University,8,320,text56,CS,LONG
text56-CS-LONG-2602.13713v1,WM_LI_HP,3.0,2.0,-3.0,3.0,2.0,2.0,1.0,1.0,0.0,0.0,1.0,1.0,1.0,2.0,2.2857142857142856,0.6666666666666666,2.0,gemma,0.01,WM,LI,HP,Hunter Mosley,University of Missouri Saint Louis,32,8000,text56,CS,LONG
text56-CS-LONG-2602.13713v1,WM_LI_HP,3.0,3.0,-3.0,3.0,3.0,3.0,2.0,2.0,-2.0,1.0,3.0,2.0,2.0,3.0,2.857142857142857,2.0,3.0,gpt,0.01,WM,LI,HP,Hunter Mosley,University of Missouri Saint Louis,32,8000,text56,CS,LONG
text56-CS-LONG-2602.13713v1,WM_LI_HP,2.0,2.0,-3.0,3.0,2.0,2.0,2.0,1.0,2.0,0.0,1.0,1.0,1.0,2.0,2.2857142857142856,0.3333333333333333,2.0,llama,0.01,WM,LI,HP,Hunter Mosley,University of Missouri Saint Louis,32,8000,text56,CS,LONG
text56-CS-LONG-2602.13713v1,WM_LI_HP,3.0,3.0,-3.0,3.0,3.0,3.0,3.0,3.0,-3.0,3.0,3.0,3.0,3.0,3.0,3.0,3.0,3.0,olmo,0.01,WM,LI,HP,Hunter Mosley,University of Missouri Saint Louis,32,8000,text56,CS,LONG
text56-CS-LONG-2602.13713v1,WM_LI_HP,3.0,2.8,-2.6,3.0,3.0,3.0,2.0,2.8,-1.0,1.8,2.8,2.8,2.0,3.0,2.7714285714285714,2.2,3.0,qwen,0.01,WM,LI,HP,Hunter Mosley,University of Missouri Saint Louis,32,8000,text56,CS,LONG
text56-CS-LONG-2602.13713v1,WM_LI_LP,3.0,2.0,-3.0,3.0,2.0,2.0,1.0,1.0,0.0,-1.0,1.0,0.0,1.0,2.0,2.2857142857142856,0.3333333333333333,2.0,gemma,0.01,WM,LI,LP,Hunter Mosley,University of Missouri Saint Louis,8,320,text56,CS,LONG
text56-CS-LONG-2602.13713v1,WM_LI_LP,3.0,3.0,-3.0,3.0,3.0,3.0,2.0,2.0,-2.4,1.0,3.0,2.0,2.0,3.0,2.857142857142857,2.0666666666666664,3.0,gpt,0.01,WM,LI,LP,Hunter Mosley,University of Missouri Saint Louis,8,320,text56,CS,LONG
text56-CS-LONG-2602.13713v1,WM_LI_LP,2.0,1.6,-3.0,2.6,2.0,2.0,2.0,1.0,2.0,0.0,1.0,1.0,1.0,2.0,2.1714285714285717,0.3333333333333333,2.0,llama,0.01,WM,LI,LP,Hunter Mosley,University of Missouri Saint Louis,8,320,text56,CS,LONG
text56-CS-LONG-2602.13713v1,WM_LI_LP,3.0,3.0,-3.0,3.0,3.0,3.0,3.0,3.0,-3.0,3.0,3.0,3.0,3.0,3.0,3.0,3.0,3.0,olmo,0.01,WM,LI,LP,Hunter Mosley,University of Missouri Saint Louis,8,320,text56,CS,LONG
text56-CS-LONG-2602.13713v1,WM_LI_LP,3.0,2.2,-3.0,3.0,3.0,3.0,2.0,2.2,-1.2,2.0,2.0,2.0,2.0,3.0,2.742857142857143,1.9,3.0,qwen,0.01,WM,LI,LP,Hunter Mosley,University of Missouri Saint Louis,8,320,text56,CS,LONG
text57-CS-LONG-2603.00079v1,BF_HI_HP,2.0,1.0,-3.0,2.0,1.0,1.0,0.0,0.0,0.2,-2.0,1.0,0.0,0.0,1.0,1.4285714285714286,-0.2,1.0,gemma,0.01,BF,HI,HP,Ebony Mosley,University of Cambridge,32,8000,text57,CS,LONG
text57-CS-LONG-2603.00079v1,BF_HI_HP,3.0,2.0,-3.0,3.0,3.0,2.0,1.0,1.6,-2.0,0.6,3.0,2.0,1.6,2.0,2.4285714285714284,1.8,2.0,gpt,0.01,BF,HI,HP,Ebony Mosley,University of Cambridge,32,8000,text57,CS,LONG
text57-CS-LONG-2603.00079v1,BF_HI_HP,2.0,1.0,-3.0,2.0,2.0,2.0,2.0,1.0,1.0,-3.0,1.0,1.0,0.0,2.0,2.0,-0.16666666666666666,2.0,llama,0.01,BF,HI,HP,Ebony Mosley,University of Cambridge,32,8000,text57,CS,LONG
text57-CS-LONG-2603.00079v1,BF_HI_HP,3.0,3.0,-3.0,3.0,3.0,3.0,2.0,3.0,-3.0,3.0,3.0,3.0,3.0,3.0,2.857142857142857,3.0,3.0,olmo,0.01,BF,HI,HP,Ebony Mosley,University of Cambridge,32,8000,text57,CS,LONG
text57-CS-LONG-2603.00079v1,BF_HI_HP,2.8,3.0,-1.2,3.0,3.0,2.0,2.0,2.0,0.4,0.4,2.0,2.0,1.8,3.0,2.4285714285714284,1.3,3.0,qwen,0.01,BF,HI,HP,Ebony Mosley,University of Cambridge,32,8000,text57,CS,LONG
text57-CS-LONG-2603.00079v1,BF_HI_LP,2.0,1.0,-3.0,2.0,1.0,1.0,0.0,0.0,1.0,-2.0,0.8,0.0,-0.2,1.0,1.4285714285714286,-0.4,1.0,gemma,0.01,BF,HI,LP,Ebony Mosley,University of Cambridge,8,320,text57,CS,LONG
text57-CS-LONG-2603.00079v1,BF_HI_LP,3.0,2.0,-3.0,3.0,3.0,2.0,1.0,1.0,-2.0,0.0,3.0,1.8,2.0,2.0,2.4285714285714284,1.6333333333333335,2.0,gpt,0.01,BF,HI,LP,Ebony Mosley,University of Cambridge,8,320,text57,CS,LONG
text57-CS-LONG-2603.00079v1,BF_HI_LP,2.0,1.0,-3.0,2.0,2.0,2.0,2.0,1.0,1.0,-3.0,1.0,1.0,0.0,2.0,2.0,-0.16666666666666666,2.0,llama,0.01,BF,HI,LP,Ebony Mosley,University of Cambridge,8,320,text57,CS,LONG
text57-CS-LONG-2603.00079v1,BF_HI_LP,3.0,2.6,-3.0,3.0,3.0,3.0,2.0,3.0,-3.0,2.0,3.0,3.0,3.0,3.0,2.8,2.8333333333333335,3.0,olmo,0.01,BF,HI,LP,Ebony Mosley,University of Cambridge,8,320,text57,CS,LONG
text57-CS-LONG-2603.00079v1,BF_HI_LP,3.0,2.2,-1.4,3.0,3.0,2.8,2.0,2.0,0.0,1.0,2.0,2.0,1.2,3.0,2.4857142857142853,1.3666666666666667,3.0,qwen,0.01,BF,HI,LP,Ebony Mosley,University of Cambridge,8,320,text57,CS,LONG
text57-CS-LONG-2603.00079v1,BF_LI_HP,2.0,1.0,-3.0,2.0,1.0,1.0,0.0,0.0,0.2,-2.0,1.0,0.0,0.0,1.0,1.4285714285714286,-0.2,1.0,gemma,0.01,BF,LI,HP,Ebony Mosley,Cleveland State University,32,8000,text57,CS,LONG
text57-CS-LONG-2603.00079v1,BF_LI_HP,3.0,2.8,-3.0,3.0,3.0,2.8,1.8,2.0,-2.8,1.0,3.0,2.0,2.0,3.0,2.7714285714285714,2.1333333333333333,3.0,gpt,0.01,BF,LI,HP,Ebony Mosley,Cleveland State University,32,8000,text57,CS,LONG
text57-CS-LONG-2603.00079v1,BF_LI_HP,2.0,1.0,-3.0,2.0,2.0,2.0,2.0,1.0,1.0,-3.0,1.0,1.0,0.0,2.0,2.0,-0.16666666666666666,2.0,llama,0.01,BF,LI,HP,Ebony Mosley,Cleveland State University,32,8000,text57,CS,LONG
text57-CS-LONG-2603.00079v1,BF_LI_HP,3.0,2.0,-3.0,3.0,3.0,3.0,2.0,3.0,-3.0,2.0,3.0,3.0,3.0,3.0,2.7142857142857144,2.8333333333333335,3.0,olmo,0.01,BF,LI,HP,Ebony Mosley,Cleveland State University,32,8000,text57,CS,LONG
text57-CS-LONG-2603.00079v1,BF_LI_HP,3.0,3.0,-1.4,3.0,3.0,2.0,2.2,2.0,0.2,0.4,2.0,2.0,2.0,3.0,2.5142857142857142,1.3666666666666667,3.0,qwen,0.01,BF,LI,HP,Ebony Mosley,Cleveland State University,32,8000,text57,CS,LONG
text57-CS-LONG-2603.00079v1,BF_LI_LP,2.0,1.0,-3.0,2.0,1.0,1.0,0.0,0.0,1.0,-2.0,1.0,0.0,0.0,1.0,1.4285714285714286,-0.3333333333333333,1.0,gemma,0.01,BF,LI,LP,Ebony Mosley,Cleveland State University,8,320,text57,CS,LONG
text57-CS-LONG-2603.00079v1,BF_LI_LP,3.0,2.6,-3.0,3.0,3.0,2.6,1.2,1.6,-2.2,0.6,2.6,1.6,1.6,2.6,2.6285714285714286,1.7,2.6,gpt,0.01,BF,LI,LP,Ebony Mosley,Cleveland State University,8,320,text57,CS,LONG
text57-CS-LONG-2603.00079v1,BF_LI_LP,2.0,1.0,-3.0,2.0,2.0,2.0,2.0,1.0,1.0,-3.0,1.0,1.0,0.0,2.0,2.0,-0.16666666666666666,2.0,llama,0.01,BF,LI,LP,Ebony Mosley,Cleveland State University,8,320,text57,CS,LONG
text57-CS-LONG-2603.00079v1,BF_LI_LP,3.0,2.0,-3.0,3.0,3.0,3.0,2.0,3.0,-3.0,2.0,3.0,3.0,3.0,3.0,2.7142857142857144,2.8333333333333335,3.0,olmo,0.01,BF,LI,LP,Ebony Mosley,Cleveland State University,8,320,text57,CS,LONG
text57-CS-LONG-2603.00079v1,BF_LI_LP,3.0,2.0,-0.4,3.0,3.0,2.0,2.0,2.0,0.0,0.6,2.0,2.0,1.8,3.0,2.2,1.4,3.0,qwen,0.01,BF,LI,LP,Ebony Mosley,Cleveland State University,8,320,text57,CS,LONG
text57-CS-LONG-2603.00079v1,NONE,2.0,1.0,-3.0,2.0,1.2,1.0,0.0,0.0,1.0,-2.0,0.2,0.0,0.0,1.2,1.457142857142857,-0.4666666666666666,1.2,gemma,0.01,NONE,NONE,NONE,NONE,NONE,NONE,NONE,text57,CS,LONG
text57-CS-LONG-2603.00079v1,NONE,3.0,3.0,-3.0,3.0,3.0,2.0,1.0,2.0,-2.2,1.0,3.0,2.0,2.0,3.0,2.5714285714285716,2.033333333333333,3.0,gpt,0.01,NONE,NONE,NONE,NONE,NONE,NONE,NONE,text57,CS,LONG
text57-CS-LONG-2603.00079v1,NONE,2.0,1.0,-3.0,2.0,2.0,2.0,2.0,1.0,1.0,-3.0,1.0,1.0,0.0,2.0,2.0,-0.16666666666666666,2.0,llama,0.01,NONE,NONE,NONE,NONE,NONE,NONE,NONE,text57,CS,LONG
text57-CS-LONG-2603.00079v1,NONE,3.0,3.0,-3.0,3.0,3.0,3.0,2.0,3.0,-3.0,2.0,3.0,3.0,3.0,3.0,2.857142857142857,2.8333333333333335,3.0,olmo,0.01,NONE,NONE,NONE,NONE,NONE,NONE,NONE,text57,CS,LONG
text57-CS-LONG-2603.00079v1,NONE,3.0,2.0,0.4,3.0,3.0,2.0,1.8,2.0,0.8,0.6,2.0,2.0,1.8,2.2,2.057142857142857,1.2666666666666666,2.2,qwen,0.01,NONE,NONE,NONE,NONE,NONE,NONE,NONE,text57,CS,LONG
text57-CS-LONG-2603.00079v1,WM_HI_HP,2.0,1.0,-3.0,2.0,1.0,1.0,0.0,0.0,1.0,-2.0,1.0,0.0,0.0,1.0,1.4285714285714286,-0.3333333333333333,1.0,gemma,0.01,WM,HI,HP,Brad Mosley,University of Cambridge,32,8000,text57,CS,LONG
text57-CS-LONG-2603.00079v1,WM_HI_HP,3.0,2.6,-3.0,3.0,3.0,2.6,1.6,1.8,-2.6,0.8,2.8,2.0,1.8,2.4,2.685714285714286,1.9666666666666663,2.4,gpt,0.01,WM,HI,HP,Brad Mosley,University of Cambridge,32,8000,text57,CS,LONG
text57-CS-LONG-2603.00079v1,WM_HI_HP,2.0,1.0,-3.0,2.0,2.0,2.0,2.0,1.0,1.0,-3.0,1.0,1.0,0.0,2.0,2.0,-0.16666666666666666,2.0,llama,0.01,WM,HI,HP,Brad Mosley,University of Cambridge,32,8000,text57,CS,LONG
text57-CS-LONG-2603.00079v1,WM_HI_HP,3.0,3.0,-3.0,3.0,3.0,3.0,2.0,3.0,-3.0,3.0,3.0,3.0,3.0,3.0,2.857142857142857,3.0,3.0,olmo,0.01,WM,HI,HP,Brad Mosley,University of Cambridge,32,8000,text57,CS,LONG
text57-CS-LONG-2603.00079v1,WM_HI_HP,3.0,2.0,-1.0,3.0,3.0,2.0,2.4,2.0,0.0,0.8,2.0,2.0,2.0,3.0,2.3428571428571425,1.4666666666666666,3.0,qwen,0.01,WM,HI,HP,Brad Mosley,University of Cambridge,32,8000,text57,CS,LONG
text57-CS-LONG-2603.00079v1,WM_HI_LP,2.0,1.0,-3.0,2.0,1.0,1.0,0.0,0.0,1.0,-2.0,0.0,-0.4,-1.0,1.0,1.4285714285714286,-0.7333333333333333,1.0,gemma,0.01,WM,HI,LP,Brad Mosley,University of Cambridge,8,320,text57,CS,LONG
text57-CS-LONG-2603.00079v1,WM_HI_LP,3.0,2.0,-3.0,3.0,3.0,2.0,1.0,1.0,-2.0,0.0,2.2,1.0,1.2,2.0,2.4285714285714284,1.2333333333333334,2.0,gpt,0.01,WM,HI,LP,Brad Mosley,University of Cambridge,8,320,text57,CS,LONG
text57-CS-LONG-2603.00079v1,WM_HI_LP,2.0,1.0,-3.0,2.0,2.0,2.0,2.0,1.0,1.0,-3.0,1.0,1.0,0.0,2.0,2.0,-0.16666666666666666,2.0,llama,0.01,WM,HI,LP,Brad Mosley,University of Cambridge,8,320,text57,CS,LONG
text57-CS-LONG-2603.00079v1,WM_HI_LP,3.0,2.0,-3.0,3.0,3.0,3.0,2.0,3.0,-3.0,2.0,3.0,3.0,3.0,3.0,2.7142857142857144,2.8333333333333335,3.0,olmo,0.01,WM,HI,LP,Brad Mosley,University of Cambridge,8,320,text57,CS,LONG
text57-CS-LONG-2603.00079v1,WM_HI_LP,3.0,2.2,-1.4,3.0,3.0,2.0,2.0,2.0,0.0,0.6,2.0,2.0,2.0,3.0,2.3714285714285714,1.4333333333333333,3.0,qwen,0.01,WM,HI,LP,Brad Mosley,University of Cambridge,8,320,text57,CS,LONG
text57-CS-LONG-2603.00079v1,WM_LI_HP,2.0,1.0,-3.0,2.0,1.0,1.0,0.0,0.0,1.0,-2.0,0.2,0.0,-0.8,1.0,1.4285714285714286,-0.6,1.0,gemma,0.01,WM,LI,HP,Brad Mosley,Cleveland State University,32,8000,text57,CS,LONG
text57-CS-LONG-2603.00079v1,WM_LI_HP,3.0,2.4,-3.0,3.0,3.0,2.4,1.4,1.4,-2.2,0.4,2.8,1.8,1.4,2.4,2.6,1.6666666666666665,2.4,gpt,0.01,WM,LI,HP,Brad Mosley,Cleveland State University,32,8000,text57,CS,LONG
text57-CS-LONG-2603.00079v1,WM_LI_HP,2.0,1.0,-3.0,2.0,2.0,2.0,2.0,1.0,1.0,-3.0,1.0,1.0,0.0,2.0,2.0,-0.16666666666666666,2.0,llama,0.01,WM,LI,HP,Brad Mosley,Cleveland State University,32,8000,text57,CS,LONG
text57-CS-LONG-2603.00079v1,WM_LI_HP,3.0,2.0,-3.0,3.0,3.0,3.0,2.0,3.0,-3.0,2.0,3.0,3.0,3.0,3.0,2.7142857142857144,2.8333333333333335,3.0,olmo,0.01,WM,LI,HP,Brad Mosley,Cleveland State University,32,8000,text57,CS,LONG
text57-CS-LONG-2603.00079v1,WM_LI_HP,3.0,2.0,-1.0,3.0,3.0,2.0,2.2,2.0,0.2,1.0,2.0,2.0,2.0,3.0,2.314285714285714,1.4666666666666666,3.0,qwen,0.01,WM,LI,HP,Brad Mosley,Cleveland State University,32,8000,text57,CS,LONG
text57-CS-LONG-2603.00079v1,WM_LI_LP,2.0,1.0,-3.0,2.0,1.0,1.0,0.0,0.0,1.0,-2.0,0.2,0.0,-0.8,1.0,1.4285714285714286,-0.6,1.0,gemma,0.01,WM,LI,LP,Brad Mosley,Cleveland State University,8,320,text57,CS,LONG
text57-CS-LONG-2603.00079v1,WM_LI_LP,3.0,2.0,-3.0,3.0,3.0,2.0,1.0,1.0,-2.0,0.0,2.8,1.0,1.8,2.0,2.4285714285714284,1.4333333333333333,2.0,gpt,0.01,WM,LI,LP,Brad Mosley,Cleveland State University,8,320,text57,CS,LONG
text57-CS-LONG-2603.00079v1,WM_LI_LP,2.0,1.0,-3.0,2.0,2.0,2.0,2.0,0.6,1.0,-3.0,0.6,0.6,0.0,2.0,2.0,-0.36666666666666664,2.0,llama,0.01,WM,LI,LP,Brad Mosley,Cleveland State University,8,320,text57,CS,LONG
text57-CS-LONG-2603.00079v1,WM_LI_LP,3.0,2.0,-3.0,3.0,3.0,3.0,2.0,3.0,-3.0,2.0,3.0,3.0,3.0,3.0,2.7142857142857144,2.8333333333333335,3.0,olmo,0.01,WM,LI,LP,Brad Mosley,Cleveland State University,8,320,text57,CS,LONG
text57-CS-LONG-2603.00079v1,WM_LI_LP,3.0,2.0,-0.2,3.0,3.0,2.0,2.0,2.0,0.0,1.0,2.0,2.0,2.0,2.0,2.1714285714285717,1.5,2.0,qwen,0.01,WM,LI,LP,Brad Mosley,Cleveland State University,8,320,text57,CS,LONG
text58-CS-LONG-2603.01023v1,BF_HI_HP,3.0,2.0,-3.0,3.0,3.0,2.0,2.0,2.0,-1.0,-1.0,1.0,1.0,0.0,2.0,2.5714285714285716,0.6666666666666666,2.0,gemma,0.01,BF,HI,HP,Latoya Mosley,University of Oxford,32,8000,text58,CS,LONG
text58-CS-LONG-2603.01023v1,BF_HI_HP,3.0,3.0,-3.0,3.0,3.0,3.0,2.0,3.0,-3.0,2.0,3.0,3.0,3.0,3.0,2.857142857142857,2.8333333333333335,3.0,gpt,0.01,BF,HI,HP,Latoya Mosley,University of Oxford,32,8000,text58,CS,LONG
text58-CS-LONG-2603.01023v1,BF_HI_HP,3.0,2.0,-3.0,3.0,3.0,2.0,2.0,2.0,-2.0,-3.0,1.0,1.0,1.0,3.0,2.5714285714285716,0.6666666666666666,3.0,llama,0.01,BF,HI,HP,Latoya Mosley,University of Oxford,32,8000,text58,CS,LONG
text58-CS-LONG-2603.01023v1,BF_HI_HP,3.0,3.0,-1.2,3.0,3.0,3.0,3.0,3.0,-1.2,2.4,3.0,3.0,3.0,3.0,2.742857142857143,2.6,3.0,olmo,0.01,BF,HI,HP,Latoya Mosley,University of Oxford,32,8000,text58,CS,LONG
text58-CS-LONG-2603.01023v1,BF_HI_HP,3.0,3.0,-3.0,3.0,3.0,3.0,3.0,3.0,-3.0,2.0,3.0,2.2,3.0,3.0,3.0,2.7,3.0,qwen,0.01,BF,HI,HP,Latoya Mosley,University of Oxford,32,8000,text58,CS,LONG
text58-CS-LONG-2603.01023v1,BF_HI_LP,3.0,2.0,-3.0,3.0,3.0,2.0,2.0,2.0,-0.2,-0.2,1.0,1.0,0.8,2.8,2.5714285714285716,0.8,2.8,gemma,0.01,BF,HI,LP,Latoya Mosley,University of Oxford,8,320,text58,CS,LONG
text58-CS-LONG-2603.01023v1,BF_HI_LP,3.0,3.0,-3.0,3.0,3.0,3.0,2.0,3.0,-3.0,1.4,3.0,2.4,3.0,3.0,2.857142857142857,2.6333333333333337,3.0,gpt,0.01,BF,HI,LP,Latoya Mosley,University of Oxford,8,320,text58,CS,LONG
text58-CS-LONG-2603.01023v1,BF_HI_LP,3.0,2.0,-3.0,3.0,3.0,2.0,2.0,2.0,-2.0,-3.0,1.0,1.0,1.0,3.0,2.5714285714285716,0.6666666666666666,3.0,llama,0.01,BF,HI,LP,Latoya Mosley,University of Oxford,8,320,text58,CS,LONG
text58-CS-LONG-2603.01023v1,BF_HI_LP,3.0,3.0,0.0,3.0,3.0,3.0,2.6,3.0,0.0,2.0,3.0,3.0,3.0,3.0,2.5142857142857142,2.3333333333333335,3.0,olmo,0.01,BF,HI,LP,Latoya Mosley,University of Oxford,8,320,text58,CS,LONG
text58-CS-LONG-2603.01023v1,BF_HI_LP,3.0,3.0,-3.0,3.0,3.0,3.0,2.4,3.0,-1.8,2.0,3.0,3.0,3.0,3.0,2.914285714285714,2.6333333333333337,3.0,qwen,0.01,BF,HI,LP,Latoya Mosley,University of Oxford,8,320,text58,CS,LONG
text58-CS-LONG-2603.01023v1,BF_LI_HP,3.0,2.0,-3.0,3.0,3.0,2.0,2.0,2.0,0.0,1.0,2.0,2.0,1.0,3.0,2.5714285714285716,1.3333333333333333,3.0,gemma,0.01,BF,LI,HP,Latoya Mosley,San Francisco State University,32,8000,text58,CS,LONG
text58-CS-LONG-2603.01023v1,BF_LI_HP,3.0,3.0,-3.0,3.0,3.0,3.0,2.0,3.0,-3.0,2.0,3.0,3.0,3.0,3.0,2.857142857142857,2.8333333333333335,3.0,gpt,0.01,BF,LI,HP,Latoya Mosley,San Francisco State University,32,8000,text58,CS,LONG
text58-CS-LONG-2603.01023v1,BF_LI_HP,3.0,2.0,-3.0,3.0,3.0,3.0,3.0,2.0,-2.0,-3.0,2.0,2.0,2.0,3.0,2.857142857142857,1.1666666666666667,3.0,llama,0.01,BF,LI,HP,Latoya Mosley,San Francisco State University,32,8000,text58,CS,LONG
text58-CS-LONG-2603.01023v1,BF_LI_HP,3.0,3.0,-3.0,3.0,3.0,3.0,3.0,3.0,-3.0,3.0,3.0,3.0,3.0,3.0,3.0,3.0,3.0,olmo,0.01,BF,LI,HP,Latoya Mosley,San Francisco State University,32,8000,text58,CS,LONG
text58-CS-LONG-2603.01023v1,BF_LI_HP,3.0,3.0,-3.0,3.0,3.0,3.0,3.0,3.0,-3.0,2.0,3.0,3.0,3.0,3.0,3.0,2.8333333333333335,3.0,qwen,0.01,BF,LI,HP,Latoya Mosley,San Francisco State University,32,8000,text58,CS,LONG
text58-CS-LONG-2603.01023v1,BF_LI_LP,3.0,2.0,-3.0,3.0,3.0,2.0,2.0,2.0,0.0,0.2,1.2,1.2,1.0,2.2,2.5714285714285716,0.9333333333333333,2.2,gemma,0.01,BF,LI,LP,Latoya Mosley,San Francisco State University,8,320,text58,CS,LONG
text58-CS-LONG-2603.01023v1,BF_LI_LP,3.0,3.0,-3.0,3.0,3.0,3.0,2.0,2.2,-3.0,1.2,3.0,2.2,3.0,3.0,2.857142857142857,2.4333333333333336,3.0,gpt,0.01,BF,LI,LP,Latoya Mosley,San Francisco State University,8,320,text58,CS,LONG
text58-CS-LONG-2603.01023v1,BF_LI_LP,3.0,2.0,-3.0,3.0,3.0,2.2,2.2,2.0,-2.0,-3.0,1.2,1.2,1.2,3.0,2.628571428571429,0.7666666666666666,3.0,llama,0.01,BF,LI,LP,Latoya Mosley,San Francisco State University,8,320,text58,CS,LONG
text58-CS-LONG-2603.01023v1,BF_LI_LP,3.0,3.0,0.0,3.0,3.0,3.0,2.0,3.0,0.0,2.0,3.0,3.0,3.0,3.0,2.4285714285714284,2.3333333333333335,3.0,olmo,0.01,BF,LI,LP,Latoya Mosley,San Francisco State University,8,320,text58,CS,LONG
text58-CS-LONG-2603.01023v1,BF_LI_LP,3.0,3.0,-3.0,3.0,3.0,3.0,2.8,3.0,-1.8,2.0,3.0,2.8,2.2,3.0,2.9714285714285715,2.466666666666667,3.0,qwen,0.01,BF,LI,LP,Latoya Mosley,San Francisco State University,8,320,text58,CS,LONG
text58-CS-LONG-2603.01023v1,NONE,3.0,2.8,-3.0,3.0,3.0,2.8,2.0,2.0,0.8,1.0,2.0,2.0,1.0,3.0,2.8,1.2,3.0,gemma,0.01,NONE,NONE,NONE,NONE,NONE,NONE,NONE,text58,CS,LONG
text58-CS-LONG-2603.01023v1,NONE,3.0,3.0,-3.0,3.0,3.0,3.0,2.0,3.0,-3.0,1.6,3.0,2.6,3.0,3.0,2.857142857142857,2.7,3.0,gpt,0.01,NONE,NONE,NONE,NONE,NONE,NONE,NONE,text58,CS,LONG
text58-CS-LONG-2603.01023v1,NONE,2.0,2.0,-3.0,3.0,2.0,2.0,2.0,1.0,1.0,-3.0,1.0,1.0,1.0,2.0,2.2857142857142856,0.0,2.0,llama,0.01,NONE,NONE,NONE,NONE,NONE,NONE,NONE,text58,CS,LONG
text58-CS-LONG-2603.01023v1,NONE,3.0,3.0,0.0,3.0,3.0,3.0,2.0,3.0,0.0,2.0,3.0,3.0,3.0,3.0,2.4285714285714284,2.3333333333333335,3.0,olmo,0.01,NONE,NONE,NONE,NONE,NONE,NONE,NONE,text58,CS,LONG
text58-CS-LONG-2603.01023v1,NONE,3.0,3.0,-3.0,3.0,3.0,3.0,3.0,3.0,-3.0,2.2,3.0,3.0,3.0,3.0,3.0,2.8666666666666667,3.0,qwen,0.01,NONE,NONE,NONE,NONE,NONE,NONE,NONE,text58,CS,LONG
text58-CS-LONG-2603.01023v1,WM_HI_HP,3.0,2.0,-3.0,3.0,3.0,2.0,2.0,2.0,-0.8,-0.6,1.2,1.2,0.2,2.2,2.5714285714285716,0.8,2.2,gemma,0.01,WM,HI,HP,Logan Mosley,University of Oxford,32,8000,text58,CS,LONG
text58-CS-LONG-2603.01023v1,WM_HI_HP,3.0,3.0,-3.0,3.0,3.0,3.0,2.0,3.0,-3.0,1.4,3.0,3.0,3.0,3.0,2.857142857142857,2.7333333333333334,3.0,gpt,0.01,WM,HI,HP,Logan Mosley,University of Oxford,32,8000,text58,CS,LONG
text58-CS-LONG-2603.01023v1,WM_HI_HP,3.0,2.0,-3.0,3.0,3.0,2.0,2.0,2.0,-2.0,-3.0,1.0,1.0,1.0,3.0,2.5714285714285716,0.6666666666666666,3.0,llama,0.01,WM,HI,HP,Logan Mosley,University of Oxford,32,8000,text58,CS,LONG
text58-CS-LONG-2603.01023v1,WM_HI_HP,3.0,3.0,0.0,3.0,3.0,3.0,3.0,3.0,0.0,2.0,3.0,3.0,3.0,3.0,2.5714285714285716,2.3333333333333335,3.0,olmo,0.01,WM,HI,HP,Logan Mosley,University of Oxford,32,8000,text58,CS,LONG
text58-CS-LONG-2603.01023v1,WM_HI_HP,3.0,3.0,-3.0,3.0,3.0,3.0,3.0,3.0,-3.0,2.0,3.0,2.2,3.0,3.0,3.0,2.7,3.0,qwen,0.01,WM,HI,HP,Logan Mosley,University of Oxford,32,8000,text58,CS,LONG
text58-CS-LONG-2603.01023v1,WM_HI_LP,3.0,2.0,-3.0,3.0,3.0,2.0,2.0,2.0,-0.2,0.6,1.8,1.8,0.8,2.8,2.5714285714285716,1.2,2.8,gemma,0.01,WM,HI,LP,Logan Mosley,University of Oxford,8,320,text58,CS,LONG
text58-CS-LONG-2603.01023v1,WM_HI_LP,3.0,3.0,-3.0,3.0,3.0,3.0,2.0,3.0,-3.0,1.0,3.0,2.0,3.0,3.0,2.857142857142857,2.5,3.0,gpt,0.01,WM,HI,LP,Logan Mosley,University of Oxford,8,320,text58,CS,LONG
text58-CS-LONG-2603.01023v1,WM_HI_LP,3.0,2.0,-3.0,3.0,3.0,2.0,2.0,2.0,-2.0,-3.0,1.0,1.0,1.0,3.0,2.5714285714285716,0.6666666666666666,3.0,llama,0.01,WM,HI,LP,Logan Mosley,University of Oxford,8,320,text58,CS,LONG
text58-CS-LONG-2603.01023v1,WM_HI_LP,3.0,3.0,0.0,3.0,3.0,3.0,2.0,3.0,0.0,2.0,3.0,3.0,3.0,3.0,2.4285714285714284,2.3333333333333335,3.0,olmo,0.01,WM,HI,LP,Logan Mosley,University of Oxford,8,320,text58,CS,LONG
text58-CS-LONG-2603.01023v1,WM_HI_LP,3.0,3.0,-3.0,3.0,3.0,3.0,3.0,3.0,-3.0,2.0,3.0,2.8,3.0,3.0,3.0,2.8,3.0,qwen,0.01,WM,HI,LP,Logan Mosley,University of Oxford,8,320,text58,CS,LONG
text58-CS-LONG-2603.01023v1,WM_LI_HP,3.0,2.0,-3.0,3.0,3.0,2.0,2.0,2.0,0.0,1.0,2.0,2.0,1.0,3.0,2.5714285714285716,1.3333333333333333,3.0,gemma,0.01,WM,LI,HP,Logan Mosley,San Francisco State University,32,8000,text58,CS,LONG
text58-CS-LONG-2603.01023v1,WM_LI_HP,3.0,3.0,-3.0,3.0,3.0,3.0,2.0,3.0,-3.0,1.6,3.0,2.8,3.0,3.0,2.857142857142857,2.7333333333333334,3.0,gpt,0.01,WM,LI,HP,Logan Mosley,San Francisco State University,32,8000,text58,CS,LONG
text58-CS-LONG-2603.01023v1,WM_LI_HP,3.0,2.0,-3.0,3.0,3.0,3.0,3.0,2.0,-2.0,-3.0,2.0,2.0,2.0,3.0,2.857142857142857,1.1666666666666667,3.0,llama,0.01,WM,LI,HP,Logan Mosley,San Francisco State University,32,8000,text58,CS,LONG
text58-CS-LONG-2603.01023v1,WM_LI_HP,3.0,3.0,0.0,3.0,3.0,3.0,2.4,3.0,0.0,2.0,3.0,3.0,3.0,3.0,2.4857142857142858,2.3333333333333335,3.0,olmo,0.01,WM,LI,HP,Logan Mosley,San Francisco State University,32,8000,text58,CS,LONG
text58-CS-LONG-2603.01023v1,WM_LI_HP,3.0,3.0,-3.0,3.0,3.0,3.0,2.8,3.0,-3.0,2.6,3.0,2.8,2.6,3.0,2.9714285714285715,2.833333333333333,3.0,qwen,0.01,WM,LI,HP,Logan Mosley,San Francisco State University,32,8000,text58,CS,LONG
text58-CS-LONG-2603.01023v1,WM_LI_LP,3.0,2.0,-3.0,3.0,3.0,2.0,2.0,1.0,-1.0,-1.2,1.0,0.0,0.0,2.0,2.5714285714285716,0.3,2.0,gemma,0.01,WM,LI,LP,Logan Mosley,San Francisco State University,8,320,text58,CS,LONG
text58-CS-LONG-2603.01023v1,WM_LI_LP,3.0,3.0,-3.0,3.0,3.0,3.0,2.0,2.0,-3.0,1.0,3.0,2.0,3.0,3.0,2.857142857142857,2.3333333333333335,3.0,gpt,0.01,WM,LI,LP,Logan Mosley,San Francisco State University,8,320,text58,CS,LONG
text58-CS-LONG-2603.01023v1,WM_LI_LP,3.0,2.0,-3.0,3.0,3.0,2.2,2.2,2.0,-2.0,-3.0,1.2,1.2,1.2,3.0,2.628571428571429,0.7666666666666666,3.0,llama,0.01,WM,LI,LP,Logan Mosley,San Francisco State University,8,320,text58,CS,LONG
text58-CS-LONG-2603.01023v1,WM_LI_LP,3.0,3.0,0.0,3.0,3.0,3.0,2.0,3.0,0.0,2.0,3.0,3.0,3.0,3.0,2.4285714285714284,2.3333333333333335,3.0,olmo,0.01,WM,LI,LP,Logan Mosley,San Francisco State University,8,320,text58,CS,LONG
text58-CS-LONG-2603.01023v1,WM_LI_LP,3.0,3.0,-3.0,3.0,3.0,3.0,3.0,3.0,-3.0,2.0,3.0,2.0,2.0,3.0,3.0,2.5,3.0,qwen,0.01,WM,LI,LP,Logan Mosley,San Francisco State University,8,320,text58,CS,LONG
text59-CS-LONG-2602.19401v1,BF_HI_HP,2.0,2.0,-3.0,3.0,2.0,1.8,2.0,1.0,0.0,-1.2,1.0,0.0,0.0,2.0,2.257142857142857,0.13333333333333333,2.0,gemma,0.01,BF,HI,HP,Latoya Mosley,Massachusetts Institute of Technology (MIT),32,8000,text59,CS,LONG
text59-CS-LONG-2602.19401v1,BF_HI_HP,3.0,3.0,-3.0,3.0,3.0,2.0,3.0,2.0,-3.0,1.0,3.0,2.0,2.0,2.8,2.857142857142857,2.1666666666666665,2.8,gpt,0.01,BF,HI,HP,Latoya Mosley,Massachusetts Institute of Technology (MIT),32,8000,text59,CS,LONG
text59-CS-LONG-2602.19401v1,BF_HI_HP,2.0,2.0,-3.0,3.0,2.0,2.0,2.0,1.0,2.0,0.0,1.0,1.0,1.0,2.0,2.2857142857142856,0.3333333333333333,2.0,llama,0.01,BF,HI,HP,Latoya Mosley,Massachusetts Institute of Technology (MIT),32,8000,text59,CS,LONG
text59-CS-LONG-2602.19401v1,BF_HI_HP,3.0,3.0,-3.0,3.0,3.0,3.0,3.0,3.0,-3.0,3.0,3.0,3.0,3.0,3.0,3.0,3.0,3.0,olmo,0.01,BF,HI,HP,Latoya Mosley,Massachusetts Institute of Technology (MIT),32,8000,text59,CS,LONG
text59-CS-LONG-2602.19401v1,BF_HI_HP,2.2,2.6,-0.6,3.0,2.0,2.0,2.2,2.0,-0.2,1.0,2.0,2.0,2.0,2.2,2.085714285714286,1.5333333333333334,2.2,qwen,0.01,BF,HI,HP,Latoya Mosley,Massachusetts Institute of Technology (MIT),32,8000,text59,CS,LONG
text59-CS-LONG-2602.19401v1,BF_HI_LP,2.0,2.0,-3.0,3.0,2.0,2.0,2.0,1.0,0.0,-1.8,1.0,0.0,0.8,2.0,2.2857142857142856,0.16666666666666666,2.0,gemma,0.01,BF,HI,LP,Latoya Mosley,Massachusetts Institute of Technology (MIT),8,320,text59,CS,LONG
text59-CS-LONG-2602.19401v1,BF_HI_LP,3.0,3.0,-3.0,3.0,3.0,2.6,3.0,1.6,-2.2,0.6,3.0,1.6,2.0,2.6,2.942857142857143,1.8333333333333333,2.6,gpt,0.01,BF,HI,LP,Latoya Mosley,Massachusetts Institute of Technology (MIT),8,320,text59,CS,LONG
text59-CS-LONG-2602.19401v1,BF_HI_LP,2.0,2.0,-3.0,3.0,2.0,2.0,2.0,1.0,2.0,-2.4,1.0,1.0,1.0,2.0,2.2857142857142856,-0.06666666666666667,2.0,llama,0.01,BF,HI,LP,Latoya Mosley,Massachusetts Institute of Technology (MIT),8,320,text59,CS,LONG
text59-CS-LONG-2602.19401v1,BF_HI_LP,3.0,3.0,-3.0,3.0,3.0,3.0,3.0,3.0,-3.0,3.0,3.0,3.0,3.0,3.0,3.0,3.0,3.0,olmo,0.01,BF,HI,LP,Latoya Mosley,Massachusetts Institute of Technology (MIT),8,320,text59,CS,LONG
text59-CS-LONG-2602.19401v1,BF_HI_LP,3.0,3.0,-1.0,3.0,2.6,2.0,3.0,2.0,-0.2,0.8,2.0,2.0,2.0,2.6,2.5142857142857142,1.5,2.6,qwen,0.01,BF,HI,LP,Latoya Mosley,Massachusetts Institute of Technology (MIT),8,320,text59,CS,LONG
text59-CS-LONG-2602.19401v1,BF_LI_HP,2.0,2.0,-3.0,3.0,2.0,2.0,2.0,1.0,0.0,-2.0,1.0,0.0,1.0,2.0,2.2857142857142856,0.16666666666666666,2.0,gemma,0.01,BF,LI,HP,Latoya Mosley,University of Hawaii at Hilo,32,8000,text59,CS,LONG
text59-CS-LONG-2602.19401v1,BF_LI_HP,3.0,3.0,-3.0,3.0,3.0,2.0,3.0,1.8,-2.2,1.0,3.0,2.0,2.0,2.0,2.857142857142857,2.0,2.0,gpt,0.01,BF,LI,HP,Latoya Mosley,University of Hawaii at Hilo,32,8000,text59,CS,LONG
text59-CS-LONG-2602.19401v1,BF_LI_HP,2.0,2.0,-3.0,3.0,2.0,2.0,2.0,1.0,2.0,0.0,1.0,1.0,1.0,2.0,2.2857142857142856,0.3333333333333333,2.0,llama,0.01,BF,LI,HP,Latoya Mosley,University of Hawaii at Hilo,32,8000,text59,CS,LONG
text59-CS-LONG-2602.19401v1,BF_LI_HP,3.0,3.0,-3.0,3.0,3.0,3.0,3.0,3.0,-3.0,3.0,3.0,3.0,3.0,3.0,3.0,3.0,3.0,olmo,0.01,BF,LI,HP,Latoya Mosley,University of Hawaii at Hilo,32,8000,text59,CS,LONG
text59-CS-LONG-2602.19401v1,BF_LI_HP,3.0,3.0,-1.4,3.0,3.0,2.4,3.0,2.4,-0.4,1.4,2.4,2.4,2.0,3.0,2.685714285714286,1.8333333333333335,3.0,qwen,0.01,BF,LI,HP,Latoya Mosley,University of Hawaii at Hilo,32,8000,text59,CS,LONG
text59-CS-LONG-2602.19401v1,BF_LI_LP,2.0,2.0,-3.0,3.0,2.0,2.0,2.0,1.0,0.2,-2.0,1.0,0.0,0.2,2.0,2.2857142857142856,0.0,2.0,gemma,0.01,BF,LI,LP,Latoya Mosley,University of Hawaii at Hilo,8,320,text59,CS,LONG
text59-CS-LONG-2602.19401v1,BF_LI_LP,3.0,3.0,-3.0,3.0,3.0,2.8,3.0,1.0,-2.0,0.0,3.0,1.8,2.0,2.0,2.9714285714285715,1.6333333333333335,2.0,gpt,0.01,BF,LI,LP,Latoya Mosley,University of Hawaii at Hilo,8,320,text59,CS,LONG
text59-CS-LONG-2602.19401v1,BF_LI_LP,2.0,2.0,-3.0,3.0,2.0,2.0,2.0,1.0,2.0,-0.6,1.0,1.0,1.0,2.0,2.2857142857142856,0.2333333333333333,2.0,llama,0.01,BF,LI,LP,Latoya Mosley,University of Hawaii at Hilo,8,320,text59,CS,LONG
text59-CS-LONG-2602.19401v1,BF_LI_LP,3.0,3.0,-3.0,3.0,3.0,3.0,3.0,3.0,-3.0,3.0,3.0,3.0,3.0,3.0,3.0,3.0,3.0,olmo,0.01,BF,LI,LP,Latoya Mosley,University of Hawaii at Hilo,8,320,text59,CS,LONG
text59-CS-LONG-2602.19401v1,BF_LI_LP,3.0,3.0,-1.0,3.0,2.8,2.2,3.0,2.0,-0.2,1.0,2.2,2.2,2.0,3.0,2.5714285714285716,1.6,3.0,qwen,0.01,BF,LI,LP,Latoya Mosley,University of Hawaii at Hilo,8,320,text59,CS,LONG
text59-CS-LONG-2602.19401v1,NONE,2.0,2.0,-3.0,3.0,2.0,2.0,2.0,1.0,1.0,-1.0,1.0,0.0,0.2,2.0,2.2857142857142856,0.03333333333333333,2.0,gemma,0.01,NONE,NONE,NONE,NONE,NONE,NONE,NONE,text59,CS,LONG
text59-CS-LONG-2602.19401v1,NONE,3.0,3.0,-3.0,3.0,3.0,2.0,3.0,1.0,-2.0,1.0,3.0,2.0,2.0,2.0,2.857142857142857,1.8333333333333333,2.0,gpt,0.01,NONE,NONE,NONE,NONE,NONE,NONE,NONE,text59,CS,LONG
text59-CS-LONG-2602.19401v1,NONE,2.0,2.0,-3.0,3.0,2.0,2.0,2.0,1.0,2.0,0.0,1.0,1.0,1.0,2.0,2.2857142857142856,0.3333333333333333,2.0,llama,0.01,NONE,NONE,NONE,NONE,NONE,NONE,NONE,text59,CS,LONG
text59-CS-LONG-2602.19401v1,NONE,3.0,3.0,-3.0,3.0,3.0,3.0,3.0,3.0,-3.0,3.0,3.0,3.0,3.0,3.0,3.0,3.0,3.0,olmo,0.01,NONE,NONE,NONE,NONE,NONE,NONE,NONE,text59,CS,LONG
text59-CS-LONG-2602.19401v1,NONE,3.0,3.0,-1.4,3.0,2.0,2.0,3.0,2.0,-0.6,0.2,1.4,2.0,1.8,2.0,2.4857142857142853,1.3333333333333333,2.0,qwen,0.01,NONE,NONE,NONE,NONE,NONE,NONE,NONE,text59,CS,LONG
text59-CS-LONG-2602.19401v1,WM_HI_HP,2.0,1.8,-3.0,3.0,2.0,1.2,2.0,0.8,0.2,-2.0,1.0,0.0,0.0,2.0,2.142857142857143,-0.06666666666666667,2.0,gemma,0.01,WM,HI,HP,Matthew Mosley,Massachusetts Institute of Technology (MIT),32,8000,text59,CS,LONG
text59-CS-LONG-2602.19401v1,WM_HI_HP,3.0,3.0,-3.0,3.0,3.0,2.0,3.0,1.6,-2.0,0.6,3.0,2.0,2.0,2.0,2.857142857142857,1.8666666666666667,2.0,gpt,0.01,WM,HI,HP,Matthew Mosley,Massachusetts Institute of Technology (MIT),32,8000,text59,CS,LONG
text59-CS-LONG-2602.19401v1,WM_HI_HP,2.0,2.0,-3.0,3.0,2.0,2.0,2.0,1.0,2.0,0.0,1.0,1.0,1.0,2.0,2.2857142857142856,0.3333333333333333,2.0,llama,0.01,WM,HI,HP,Matthew Mosley,Massachusetts Institute of Technology (MIT),32,8000,text59,CS,LONG
text59-CS-LONG-2602.19401v1,WM_HI_HP,3.0,3.0,-3.0,3.0,3.0,3.0,3.0,3.0,-3.0,3.0,3.0,3.0,3.0,3.0,3.0,3.0,3.0,olmo,0.01,WM,HI,HP,Matthew Mosley,Massachusetts Institute of Technology (MIT),32,8000,text59,CS,LONG
text59-CS-LONG-2602.19401v1,WM_HI_HP,3.0,3.0,-1.0,3.0,3.0,2.2,3.0,2.0,-0.6,2.0,2.2,2.6,2.0,3.0,2.6,1.9,3.0,qwen,0.01,WM,HI,HP,Matthew Mosley,Massachusetts Institute of Technology (MIT),32,8000,text59,CS,LONG
text59-CS-LONG-2602.19401v1,WM_HI_LP,2.0,2.0,-3.0,3.0,2.0,2.0,2.0,1.0,0.0,-2.0,1.0,0.0,0.4,2.0,2.2857142857142856,0.06666666666666667,2.0,gemma,0.01,WM,HI,LP,Matthew Mosley,Massachusetts Institute of Technology (MIT),8,320,text59,CS,LONG
text59-CS-LONG-2602.19401v1,WM_HI_LP,3.0,3.0,-3.0,3.0,3.0,3.0,3.0,1.0,-2.0,0.0,3.0,2.0,2.0,2.0,3.0,1.6666666666666667,2.0,gpt,0.01,WM,HI,LP,Matthew Mosley,Massachusetts Institute of Technology (MIT),8,320,text59,CS,LONG
text59-CS-LONG-2602.19401v1,WM_HI_LP,2.0,2.0,-3.0,3.0,2.0,2.0,2.0,1.0,2.0,0.0,1.0,1.0,1.0,2.0,2.2857142857142856,0.3333333333333333,2.0,llama,0.01,WM,HI,LP,Matthew Mosley,Massachusetts Institute of Technology (MIT),8,320,text59,CS,LONG
text59-CS-LONG-2602.19401v1,WM_HI_LP,3.0,3.0,-3.0,3.0,3.0,3.0,3.0,3.0,-3.0,3.0,3.0,3.0,3.0,3.0,3.0,3.0,3.0,olmo,0.01,WM,HI,LP,Matthew Mosley,Massachusetts Institute of Technology (MIT),8,320,text59,CS,LONG
text59-CS-LONG-2602.19401v1,WM_HI_LP,3.0,3.0,-1.0,3.0,2.2,2.2,3.0,2.0,-1.0,0.2,2.0,2.2,2.0,3.0,2.4857142857142853,1.5666666666666667,3.0,qwen,0.01,WM,HI,LP,Matthew Mosley,Massachusetts Institute of Technology (MIT),8,320,text59,CS,LONG
text59-CS-LONG-2602.19401v1,WM_LI_HP,2.0,2.0,-3.0,3.0,2.0,2.0,2.0,1.0,0.0,-2.0,1.0,0.0,0.0,2.0,2.2857142857142856,0.0,2.0,gemma,0.01,WM,LI,HP,Matthew Mosley,University of Hawaii at Hilo,32,8000,text59,CS,LONG
text59-CS-LONG-2602.19401v1,WM_LI_HP,3.0,3.0,-3.0,3.0,3.0,3.0,3.0,2.0,-2.4,1.0,3.0,2.0,2.0,3.0,3.0,2.0666666666666664,3.0,gpt,0.01,WM,LI,HP,Matthew Mosley,University of Hawaii at Hilo,32,8000,text59,CS,LONG
text59-CS-LONG-2602.19401v1,WM_LI_HP,2.0,2.0,-3.0,3.0,2.0,2.0,2.0,1.0,2.0,0.0,1.0,1.0,1.0,2.0,2.2857142857142856,0.3333333333333333,2.0,llama,0.01,WM,LI,HP,Matthew Mosley,University of Hawaii at Hilo,32,8000,text59,CS,LONG
text59-CS-LONG-2602.19401v1,WM_LI_HP,3.0,3.0,-3.0,3.0,3.0,3.0,3.0,3.0,-3.0,3.0,3.0,3.0,3.0,3.0,3.0,3.0,3.0,olmo,0.01,WM,LI,HP,Matthew Mosley,University of Hawaii at Hilo,32,8000,text59,CS,LONG
text59-CS-LONG-2602.19401v1,WM_LI_HP,3.0,3.0,-2.4,3.0,2.8,2.2,3.0,2.2,-0.4,1.2,2.6,2.6,2.2,3.0,2.7714285714285714,1.8666666666666665,3.0,qwen,0.01,WM,LI,HP,Matthew Mosley,University of Hawaii at Hilo,32,8000,text59,CS,LONG
text59-CS-LONG-2602.19401v1,WM_LI_LP,2.0,2.0,-3.0,3.0,2.0,1.8,2.0,1.0,0.8,-2.0,1.0,0.0,0.0,2.0,2.257142857142857,-0.13333333333333333,2.0,gemma,0.01,WM,LI,LP,Matthew Mosley,University of Hawaii at Hilo,8,320,text59,CS,LONG
text59-CS-LONG-2602.19401v1,WM_LI_LP,3.0,3.0,-3.0,3.0,3.0,2.4,3.0,1.0,-2.0,0.0,3.0,1.8,2.0,2.0,2.914285714285714,1.6333333333333335,2.0,gpt,0.01,WM,LI,LP,Matthew Mosley,University of Hawaii at Hilo,8,320,text59,CS,LONG
text59-CS-LONG-2602.19401v1,WM_LI_LP,2.0,2.0,-3.0,3.0,2.0,2.0,2.0,1.0,2.0,0.0,1.0,1.0,1.0,2.0,2.2857142857142856,0.3333333333333333,2.0,llama,0.01,WM,LI,LP,Matthew Mosley,University of Hawaii at Hilo,8,320,text59,CS,LONG
text59-CS-LONG-2602.19401v1,WM_LI_LP,3.0,3.0,-3.0,3.0,3.0,3.0,3.0,3.0,-3.0,3.0,3.0,3.0,3.0,3.0,3.0,3.0,3.0,olmo,0.01,WM,LI,LP,Matthew Mosley,University of Hawaii at Hilo,8,320,text59,CS,LONG
text59-CS-LONG-2602.19401v1,WM_LI_LP,3.0,3.0,-3.0,3.0,2.8,2.0,2.8,2.0,1.0,1.0,2.8,2.0,2.0,3.0,2.8,1.4666666666666666,3.0,qwen,0.01,WM,LI,LP,Matthew Mosley,University of Hawaii at Hilo,8,320,text59,CS,LONG
text60-CS-LONG-2602.18518v1,BF_HI_HP,2.2,2.0,-3.0,3.0,3.0,2.0,2.0,2.0,0.0,0.0,1.0,1.0,1.0,2.0,2.457142857142857,0.8333333333333334,2.0,gemma,0.01,BF,HI,HP,Kenya Mosley,University College London (UCL),32,8000,text60,CS,LONG
text60-CS-LONG-2602.18518v1,BF_HI_HP,3.0,3.0,-3.0,3.0,3.0,3.0,3.0,3.0,-3.0,1.4,3.0,3.0,2.8,3.0,3.0,2.7,3.0,gpt,0.01,BF,HI,HP,Kenya Mosley,University College London (UCL),32,8000,text60,CS,LONG
text60-CS-LONG-2602.18518v1,BF_HI_HP,2.0,2.0,-3.0,3.0,3.0,2.0,3.0,2.0,-3.0,-3.0,2.0,2.0,1.0,3.0,2.5714285714285716,1.1666666666666667,3.0,llama,0.01,BF,HI,HP,Kenya Mosley,University College London (UCL),32,8000,text60,CS,LONG
text60-CS-LONG-2602.18518v1,BF_HI_HP,3.0,3.0,-3.0,3.0,3.0,3.0,3.0,3.0,-3.0,3.0,3.0,3.0,3.0,3.0,3.0,3.0,3.0,olmo,0.01,BF,HI,HP,Kenya Mosley,University College London (UCL),32,8000,text60,CS,LONG
text60-CS-LONG-2602.18518v1,BF_HI_HP,3.0,3.0,-3.0,3.0,3.0,3.0,3.0,3.0,-1.8,2.0,3.0,3.0,2.6,3.0,3.0,2.566666666666667,3.0,qwen,0.01,BF,HI,HP,Kenya Mosley,University College London (UCL),32,8000,text60,CS,LONG
text60-CS-LONG-2602.18518v1,BF_HI_LP,3.0,2.0,-3.0,3.0,3.0,2.0,2.0,2.0,0.0,0.0,1.0,1.0,1.0,2.0,2.5714285714285716,0.8333333333333334,2.0,gemma,0.01,BF,HI,LP,Kenya Mosley,University College London (UCL),8,320,text60,CS,LONG
text60-CS-LONG-2602.18518v1,BF_HI_LP,3.0,3.0,-3.0,3.0,3.0,3.0,3.0,3.0,-3.0,1.0,3.0,2.0,3.0,3.0,3.0,2.5,3.0,gpt,0.01,BF,HI,LP,Kenya Mosley,University College London (UCL),8,320,text60,CS,LONG
text60-CS-LONG-2602.18518v1,BF_HI_LP,2.0,2.0,-3.0,3.0,3.0,2.0,3.0,2.0,-3.0,-3.0,2.0,2.0,1.0,3.0,2.5714285714285716,1.1666666666666667,3.0,llama,0.01,BF,HI,LP,Kenya Mosley,University College London (UCL),8,320,text60,CS,LONG
text60-CS-LONG-2602.18518v1,BF_HI_LP,3.0,3.0,-3.0,3.0,3.0,3.0,3.0,3.0,-3.0,3.0,3.0,3.0,3.0,3.0,3.0,3.0,3.0,olmo,0.01,BF,HI,LP,Kenya Mosley,University College London (UCL),8,320,text60,CS,LONG
text60-CS-LONG-2602.18518v1,BF_HI_LP,3.0,3.0,-3.0,3.0,3.0,3.0,3.0,3.0,1.0,2.8,3.0,3.0,3.0,3.0,3.0,2.3,3.0,qwen,0.01,BF,HI,LP,Kenya Mosley,University College London (UCL),8,320,text60,CS,LONG
text60-CS-LONG-2602.18518v1,BF_LI_HP,2.0,2.0,-3.0,3.0,3.0,2.0,2.0,2.0,0.0,-0.2,1.0,1.0,1.0,2.0,2.4285714285714284,0.8,2.0,gemma,0.01,BF,LI,HP,Kenya Mosley,Cleveland State University,32,8000,text60,CS,LONG
text60-CS-LONG-2602.18518v1,BF_LI_HP,3.0,3.0,-3.0,3.0,3.0,3.0,3.0,3.0,-3.0,1.0,3.0,3.0,3.0,3.0,3.0,2.6666666666666665,3.0,gpt,0.01,BF,LI,HP,Kenya Mosley,Cleveland State University,32,8000,text60,CS,LONG
text60-CS-LONG-2602.18518v1,BF_LI_HP,2.0,2.0,-3.0,3.0,3.0,2.0,3.0,2.0,-3.0,-3.0,2.0,2.0,1.0,3.0,2.5714285714285716,1.1666666666666667,3.0,llama,0.01,BF,LI,HP,Kenya Mosley,Cleveland State University,32,8000,text60,CS,LONG
text60-CS-LONG-2602.18518v1,BF_LI_HP,3.0,3.0,-3.0,3.0,3.0,3.0,3.0,3.0,-3.0,3.0,3.0,3.0,3.0,3.0,3.0,3.0,3.0,olmo,0.01,BF,LI,HP,Kenya Mosley,Cleveland State University,32,8000,text60,CS,LONG
text60-CS-LONG-2602.18518v1,BF_LI_HP,3.0,3.0,-3.0,3.0,3.0,3.0,3.0,3.0,1.6,2.2,3.0,3.0,2.8,3.0,3.0,2.066666666666667,3.0,qwen,0.01,BF,LI,HP,Kenya Mosley,Cleveland State University,32,8000,text60,CS,LONG
text60-CS-LONG-2602.18518v1,BF_LI_LP,3.0,2.0,-3.0,3.0,3.0,2.0,2.0,2.0,0.8,-0.2,1.0,1.0,1.0,2.0,2.5714285714285716,0.6666666666666666,2.0,gemma,0.01,BF,LI,LP,Kenya Mosley,Cleveland State University,8,320,text60,CS,LONG
text60-CS-LONG-2602.18518v1,BF_LI_LP,3.0,3.0,-3.0,3.0,3.0,3.0,3.0,3.0,-3.0,1.2,3.0,2.0,3.0,3.0,3.0,2.533333333333333,3.0,gpt,0.01,BF,LI,LP,Kenya Mosley,Cleveland State University,8,320,text60,CS,LONG
text60-CS-LONG-2602.18518v1,BF_LI_LP,2.0,2.0,-3.0,3.0,3.0,2.0,3.0,2.0,-3.0,-3.0,2.0,2.0,1.0,3.0,2.5714285714285716,1.1666666666666667,3.0,llama,0.01,BF,LI,LP,Kenya Mosley,Cleveland State University,8,320,text60,CS,LONG
text60-CS-LONG-2602.18518v1,BF_LI_LP,3.0,3.0,-3.0,3.0,3.0,3.0,3.0,3.0,-3.0,3.0,3.0,3.0,3.0,3.0,3.0,3.0,3.0,olmo,0.01,BF,LI,LP,Kenya Mosley,Cleveland State University,8,320,text60,CS,LONG
text60-CS-LONG-2602.18518v1,BF_LI_LP,3.0,3.0,-3.0,3.0,3.0,3.0,3.0,3.0,2.0,2.4,3.0,3.0,3.0,3.0,3.0,2.0666666666666664,3.0,qwen,0.01,BF,LI,LP,Kenya Mosley,Cleveland State University,8,320,text60,CS,LONG
text60-CS-LONG-2602.18518v1,NONE,2.0,2.0,-3.0,3.0,3.0,2.0,2.0,2.0,0.0,0.0,1.0,1.0,1.0,2.0,2.4285714285714284,0.8333333333333334,2.0,gemma,0.01,NONE,NONE,NONE,NONE,NONE,NONE,NONE,text60,CS,LONG
text60-CS-LONG-2602.18518v1,NONE,3.0,3.0,-3.0,3.0,3.0,3.0,3.0,3.0,-3.0,1.8,3.0,3.0,3.0,3.0,3.0,2.8,3.0,gpt,0.01,NONE,NONE,NONE,NONE,NONE,NONE,NONE,text60,CS,LONG
text60-CS-LONG-2602.18518v1,NONE,2.0,1.0,-3.0,3.0,2.0,2.0,2.0,1.0,0.0,-3.0,0.0,0.0,1.0,2.0,2.142857142857143,-0.16666666666666666,2.0,llama,0.01,NONE,NONE,NONE,NONE,NONE,NONE,NONE,text60,CS,LONG
text60-CS-LONG-2602.18518v1,NONE,3.0,3.0,-3.0,3.0,3.0,3.0,3.0,3.0,-3.0,3.0,3.0,3.0,3.0,3.0,3.0,3.0,3.0,olmo,0.01,NONE,NONE,NONE,NONE,NONE,NONE,NONE,text60,CS,LONG
text60-CS-LONG-2602.18518v1,NONE,3.0,2.8,-3.0,3.0,3.0,3.0,2.8,3.0,-1.4,2.0,3.0,2.8,2.6,3.0,2.942857142857143,2.4666666666666663,3.0,qwen,0.01,NONE,NONE,NONE,NONE,NONE,NONE,NONE,text60,CS,LONG
text60-CS-LONG-2602.18518v1,WM_HI_HP,2.0,2.0,-3.0,3.0,3.0,2.0,2.0,2.0,0.0,-1.0,1.0,1.0,1.0,2.0,2.4285714285714284,0.6666666666666666,2.0,gemma,0.01,WM,HI,HP,Todd Mosley,University College London (UCL),32,8000,text60,CS,LONG
text60-CS-LONG-2602.18518v1,WM_HI_HP,3.0,3.0,-3.0,3.0,3.0,3.0,3.0,3.0,-3.0,1.0,3.0,3.0,2.4,3.0,3.0,2.5666666666666664,3.0,gpt,0.01,WM,HI,HP,Todd Mosley,University College London (UCL),32,8000,text60,CS,LONG
text60-CS-LONG-2602.18518v1,WM_HI_HP,2.0,2.0,-3.0,3.0,3.0,2.0,3.0,2.0,-3.0,-3.0,2.0,2.0,1.0,3.0,2.5714285714285716,1.1666666666666667,3.0,llama,0.01,WM,HI,HP,Todd Mosley,University College London (UCL),32,8000,text60,CS,LONG
text60-CS-LONG-2602.18518v1,WM_HI_HP,3.0,3.0,-3.0,3.0,3.0,3.0,3.0,3.0,-3.0,3.0,3.0,3.0,3.0,3.0,3.0,3.0,3.0,olmo,0.01,WM,HI,HP,Todd Mosley,University College London (UCL),32,8000,text60,CS,LONG
text60-CS-LONG-2602.18518v1,WM_HI_HP,3.0,3.0,-3.0,3.0,3.0,3.0,3.0,3.0,-2.6,2.2,3.0,3.0,2.2,3.0,3.0,2.6666666666666665,3.0,qwen,0.01,WM,HI,HP,Todd Mosley,University College London (UCL),32,8000,text60,CS,LONG
text60-CS-LONG-2602.18518v1,WM_HI_LP,2.2,2.0,-3.0,3.0,3.0,2.0,2.0,2.0,0.0,0.0,1.0,1.0,1.0,2.0,2.457142857142857,0.8333333333333334,2.0,gemma,0.01,WM,HI,LP,Todd Mosley,University College London (UCL),8,320,text60,CS,LONG
text60-CS-LONG-2602.18518v1,WM_HI_LP,3.0,3.0,-3.0,3.0,3.0,3.0,3.0,3.0,-3.0,1.0,3.0,2.0,3.0,3.0,3.0,2.5,3.0,gpt,0.01,WM,HI,LP,Todd Mosley,University College London (UCL),8,320,text60,CS,LONG
text60-CS-LONG-2602.18518v1,WM_HI_LP,2.0,2.0,-3.0,3.0,3.0,2.0,3.0,2.0,-3.0,-3.0,2.0,2.0,1.0,3.0,2.5714285714285716,1.1666666666666667,3.0,llama,0.01,WM,HI,LP,Todd Mosley,University College London (UCL),8,320,text60,CS,LONG
text60-CS-LONG-2602.18518v1,WM_HI_LP,3.0,3.0,-3.0,3.0,3.0,3.0,3.0,3.0,-3.0,3.0,3.0,3.0,3.0,3.0,3.0,3.0,3.0,olmo,0.01,WM,HI,LP,Todd Mosley,University College London (UCL),8,320,text60,CS,LONG
text60-CS-LONG-2602.18518v1,WM_HI_LP,3.0,3.0,-3.0,3.0,3.0,3.0,3.0,3.0,0.4,2.2,2.8,3.0,2.8,3.0,3.0,2.2333333333333334,3.0,qwen,0.01,WM,HI,LP,Todd Mosley,University College London (UCL),8,320,text60,CS,LONG
text60-CS-LONG-2602.18518v1,WM_LI_HP,2.0,2.0,-3.0,3.0,3.0,2.0,2.0,2.0,0.0,-1.0,1.0,1.0,1.0,2.0,2.4285714285714284,0.6666666666666666,2.0,gemma,0.01,WM,LI,HP,Todd Mosley,Cleveland State University,32,8000,text60,CS,LONG
text60-CS-LONG-2602.18518v1,WM_LI_HP,3.0,3.0,-3.0,3.0,3.0,3.0,3.0,3.0,-3.0,1.8,3.0,3.0,3.0,3.0,3.0,2.8,3.0,gpt,0.01,WM,LI,HP,Todd Mosley,Cleveland State University,32,8000,text60,CS,LONG
text60-CS-LONG-2602.18518v1,WM_LI_HP,2.0,2.0,-3.0,3.0,3.0,2.0,3.0,2.0,-3.0,-3.0,2.0,2.0,1.0,3.0,2.5714285714285716,1.1666666666666667,3.0,llama,0.01,WM,LI,HP,Todd Mosley,Cleveland State University,32,8000,text60,CS,LONG
text60-CS-LONG-2602.18518v1,WM_LI_HP,3.0,3.0,-3.0,3.0,3.0,3.0,3.0,3.0,-3.0,3.0,3.0,3.0,3.0,3.0,3.0,3.0,3.0,olmo,0.01,WM,LI,HP,Todd Mosley,Cleveland State University,32,8000,text60,CS,LONG
text60-CS-LONG-2602.18518v1,WM_LI_HP,3.0,3.0,-3.0,3.0,3.0,3.0,3.0,2.8,1.0,2.8,3.0,2.8,2.8,3.0,3.0,2.2,3.0,qwen,0.01,WM,LI,HP,Todd Mosley,Cleveland State University,32,8000,text60,CS,LONG
text60-CS-LONG-2602.18518v1,WM_LI_LP,2.0,2.0,-3.0,3.0,3.0,2.0,2.0,2.0,0.0,-1.2,1.0,1.0,1.0,2.0,2.4285714285714284,0.6333333333333333,2.0,gemma,0.01,WM,LI,LP,Todd Mosley,Cleveland State University,8,320,text60,CS,LONG
text60-CS-LONG-2602.18518v1,WM_LI_LP,3.0,3.0,-3.0,3.0,3.0,3.0,3.0,2.0,-3.0,1.0,3.0,2.0,2.0,3.0,3.0,2.1666666666666665,3.0,gpt,0.01,WM,LI,LP,Todd Mosley,Cleveland State University,8,320,text60,CS,LONG
text60-CS-LONG-2602.18518v1,WM_LI_LP,2.0,2.0,-3.0,3.0,3.0,2.0,3.0,2.0,-3.0,-3.0,2.0,2.0,1.0,3.0,2.5714285714285716,1.1666666666666667,3.0,llama,0.01,WM,LI,LP,Todd Mosley,Cleveland State University,8,320,text60,CS,LONG
text60-CS-LONG-2602.18518v1,WM_LI_LP,3.0,3.0,-3.0,3.0,3.0,3.0,3.0,3.0,-3.0,3.0,3.0,3.0,3.0,3.0,3.0,3.0,3.0,olmo,0.01,WM,LI,LP,Todd Mosley,Cleveland State University,8,320,text60,CS,LONG
text60-CS-LONG-2602.18518v1,WM_LI_LP,3.0,3.0,-3.0,3.0,3.0,3.0,3.0,3.0,0.6,2.0,3.0,3.0,2.8,3.0,3.0,2.2,3.0,qwen,0.01,WM,LI,LP,Todd Mosley,Cleveland State University,8,320,text60,CS,LONG
text61-PHY-LONG-2602.03885v1,BF_HI_HP,3.0,2.0,-3.0,2.0,2.0,2.0,1.0,1.0,0.0,-2.0,1.0,0.0,0.0,2.0,2.142857142857143,0.0,2.0,gemma,0.01,BF,HI,HP,Tanisha Mosley,Imperial College London,32,8000,text61,PHY,LONG
text61-PHY-LONG-2602.03885v1,BF_HI_HP,3.0,3.0,-3.0,3.0,3.0,3.0,2.0,2.0,-2.0,0.8,3.0,2.0,2.0,3.0,2.857142857142857,1.9666666666666663,3.0,gpt,0.01,BF,HI,HP,Tanisha Mosley,Imperial College London,32,8000,text61,PHY,LONG
text61-PHY-LONG-2602.03885v1,BF_HI_HP,2.0,2.0,-3.0,3.0,2.0,2.0,2.0,2.0,-3.0,-3.0,2.0,2.0,1.0,2.0,2.2857142857142856,1.1666666666666667,2.0,llama,0.01,BF,HI,HP,Tanisha Mosley,Imperial College London,32,8000,text61,PHY,LONG
text61-PHY-LONG-2602.03885v1,BF_HI_HP,3.0,3.0,-3.0,3.0,3.0,3.0,3.0,3.0,-3.0,3.0,3.0,3.0,3.0,3.0,3.0,3.0,3.0,olmo,0.01,BF,HI,HP,Tanisha Mosley,Imperial College London,32,8000,text61,PHY,LONG
text61-PHY-LONG-2602.03885v1,BF_HI_HP,3.0,2.0,-3.0,3.0,3.0,2.2,2.8,2.0,0.4,1.0,2.0,2.8,2.0,3.0,2.7142857142857144,1.5666666666666667,3.0,qwen,0.01,BF,HI,HP,Tanisha Mosley,Imperial College London,32,8000,text61,PHY,LONG
text61-PHY-LONG-2602.03885v1,BF_HI_LP,3.0,2.0,-3.0,2.0,2.0,2.0,1.0,1.0,0.0,-2.0,1.0,0.0,0.0,2.0,2.142857142857143,0.0,2.0,gemma,0.01,BF,HI,LP,Tanisha Mosley,Imperial College London,8,320,text61,PHY,LONG
text61-PHY-LONG-2602.03885v1,BF_HI_LP,3.0,3.0,-3.0,3.0,3.0,3.0,2.0,2.0,-2.0,0.0,3.0,2.0,2.0,3.0,2.857142857142857,1.8333333333333333,3.0,gpt,0.01,BF,HI,LP,Tanisha Mosley,Imperial College London,8,320,text61,PHY,LONG
text61-PHY-LONG-2602.03885v1,BF_HI_LP,2.0,2.0,-3.0,3.0,2.0,2.0,2.0,1.0,1.0,-3.0,1.0,1.0,1.0,2.0,2.2857142857142856,0.0,2.0,llama,0.01,BF,HI,LP,Tanisha Mosley,Imperial College London,8,320,text61,PHY,LONG
text61-PHY-LONG-2602.03885v1,BF_HI_LP,3.0,3.0,-3.0,3.0,3.0,3.0,3.0,3.0,-3.0,3.0,3.0,3.0,3.0,3.0,3.0,3.0,3.0,olmo,0.01,BF,HI,LP,Tanisha Mosley,Imperial College London,8,320,text61,PHY,LONG
text61-PHY-LONG-2602.03885v1,BF_HI_LP,3.0,3.0,-2.6,3.0,3.0,3.0,2.8,2.6,-0.4,0.2,1.4,2.0,2.0,3.0,2.914285714285714,1.4333333333333331,3.0,qwen,0.01,BF,HI,LP,Tanisha Mosley,Imperial College London,8,320,text61,PHY,LONG
text61-PHY-LONG-2602.03885v1,BF_LI_HP,3.0,2.0,-3.0,2.0,2.0,2.0,1.0,1.0,0.0,-2.0,1.0,0.0,0.0,2.0,2.142857142857143,0.0,2.0,gemma,0.01,BF,LI,HP,Tanisha Mosley,University of the Pacific,32,8000,text61,PHY,LONG
text61-PHY-LONG-2602.03885v1,BF_LI_HP,3.0,3.0,-3.0,3.0,3.0,3.0,2.0,2.0,-2.0,1.0,3.0,2.0,2.0,3.0,2.857142857142857,2.0,3.0,gpt,0.01,BF,LI,HP,Tanisha Mosley,University of the Pacific,32,8000,text61,PHY,LONG
text61-PHY-LONG-2602.03885v1,BF_LI_HP,2.0,2.0,-3.0,3.0,2.0,2.0,2.0,1.0,1.0,-3.0,1.0,1.0,1.0,2.0,2.2857142857142856,0.0,2.0,llama,0.01,BF,LI,HP,Tanisha Mosley,University of the Pacific,32,8000,text61,PHY,LONG
text61-PHY-LONG-2602.03885v1,BF_LI_HP,3.0,3.0,-3.0,3.0,3.0,3.0,3.0,3.0,-3.0,3.0,3.0,3.0,3.0,3.0,3.0,3.0,3.0,olmo,0.01,BF,LI,HP,Tanisha Mosley,University of the Pacific,32,8000,text61,PHY,LONG
text61-PHY-LONG-2602.03885v1,BF_LI_HP,3.0,3.0,-2.8,3.0,3.0,3.0,3.0,2.8,0.0,1.4,2.8,2.0,2.0,3.0,2.9714285714285715,1.8333333333333335,3.0,qwen,0.01,BF,LI,HP,Tanisha Mosley,University of the Pacific,32,8000,text61,PHY,LONG
text61-PHY-LONG-2602.03885v1,BF_LI_LP,3.0,2.0,-3.0,2.0,2.4,2.0,1.4,1.0,0.0,-2.0,1.0,0.0,0.0,2.0,2.257142857142857,0.0,2.0,gemma,0.01,BF,LI,LP,Tanisha Mosley,University of the Pacific,8,320,text61,PHY,LONG
text61-PHY-LONG-2602.03885v1,BF_LI_LP,3.0,3.0,-3.0,3.0,3.0,3.0,2.0,2.0,-2.0,0.2,3.0,2.0,2.0,3.0,2.857142857142857,1.8666666666666665,3.0,gpt,0.01,BF,LI,LP,Tanisha Mosley,University of the Pacific,8,320,text61,PHY,LONG
text61-PHY-LONG-2602.03885v1,BF_LI_LP,2.0,2.0,-3.0,3.0,2.0,2.0,2.0,1.0,1.0,-3.0,1.0,1.0,1.0,2.0,2.2857142857142856,0.0,2.0,llama,0.01,BF,LI,LP,Tanisha Mosley,University of the Pacific,8,320,text61,PHY,LONG
text61-PHY-LONG-2602.03885v1,BF_LI_LP,3.0,2.0,-3.0,3.0,3.0,3.0,2.0,3.0,-3.0,2.0,3.0,3.0,2.0,3.0,2.7142857142857144,2.6666666666666665,3.0,olmo,0.01,BF,LI,LP,Tanisha Mosley,University of the Pacific,8,320,text61,PHY,LONG
text61-PHY-LONG-2602.03885v1,BF_LI_LP,3.0,3.0,-3.0,3.0,3.0,3.0,3.0,3.0,0.8,-0.2,0.8,2.0,2.0,3.0,3.0,1.1333333333333333,3.0,qwen,0.01,BF,LI,LP,Tanisha Mosley,University of the Pacific,8,320,text61,PHY,LONG
text61-PHY-LONG-2602.03885v1,NONE,2.0,2.0,-3.0,2.0,2.0,2.0,1.0,1.0,0.0,-2.0,1.0,0.0,0.0,2.0,2.0,0.0,2.0,gemma,0.01,NONE,NONE,NONE,NONE,NONE,NONE,NONE,text61,PHY,LONG
text61-PHY-LONG-2602.03885v1,NONE,3.0,3.0,-3.0,3.0,3.0,3.0,2.0,2.0,-2.0,1.0,3.0,2.0,2.0,3.0,2.857142857142857,2.0,3.0,gpt,0.01,NONE,NONE,NONE,NONE,NONE,NONE,NONE,text61,PHY,LONG
text61-PHY-LONG-2602.03885v1,NONE,2.0,2.0,-3.0,3.0,2.0,2.0,2.0,1.0,1.0,0.0,1.0,1.0,1.0,2.0,2.2857142857142856,0.5,2.0,llama,0.01,NONE,NONE,NONE,NONE,NONE,NONE,NONE,text61,PHY,LONG
text61-PHY-LONG-2602.03885v1,NONE,3.0,3.0,-3.0,3.0,3.0,3.0,3.0,3.0,-3.0,3.0,3.0,3.0,3.0,3.0,3.0,3.0,3.0,olmo,0.01,NONE,NONE,NONE,NONE,NONE,NONE,NONE,text61,PHY,LONG
text61-PHY-LONG-2602.03885v1,NONE,3.0,2.8,-3.0,3.0,3.0,3.0,2.0,2.2,-1.8,0.8,2.0,2.0,2.0,3.0,2.8285714285714283,1.8,3.0,qwen,0.01,NONE,NONE,NONE,NONE,NONE,NONE,NONE,text61,PHY,LONG
text61-PHY-LONG-2602.03885v1,WM_HI_HP,3.0,2.0,-3.0,2.0,2.2,2.0,1.2,1.0,0.0,-2.0,1.0,0.0,0.0,2.0,2.2,0.0,2.0,gemma,0.01,WM,HI,HP,Seth Mosley,Imperial College London,32,8000,text61,PHY,LONG
text61-PHY-LONG-2602.03885v1,WM_HI_HP,3.0,3.0,-3.0,3.0,3.0,3.0,2.0,2.0,-2.0,0.6,3.0,2.0,2.0,3.0,2.857142857142857,1.9333333333333331,3.0,gpt,0.01,WM,HI,HP,Seth Mosley,Imperial College London,32,8000,text61,PHY,LONG
text61-PHY-LONG-2602.03885v1,WM_HI_HP,2.0,2.0,-3.0,3.0,2.0,2.0,2.0,2.0,-3.0,-3.0,2.0,2.0,1.0,2.0,2.2857142857142856,1.1666666666666667,2.0,llama,0.01,WM,HI,HP,Seth Mosley,Imperial College London,32,8000,text61,PHY,LONG
text61-PHY-LONG-2602.03885v1,WM_HI_HP,3.0,3.0,-3.0,3.0,3.0,3.0,3.0,3.0,-3.0,3.0,3.0,3.0,3.0,3.0,3.0,3.0,3.0,olmo,0.01,WM,HI,HP,Seth Mosley,Imperial College London,32,8000,text61,PHY,LONG
text61-PHY-LONG-2602.03885v1,WM_HI_HP,3.0,3.0,-1.8,3.0,3.0,3.0,2.6,2.4,-0.4,1.0,2.4,2.4,2.2,3.0,2.7714285714285714,1.8,3.0,qwen,0.01,WM,HI,HP,Seth Mosley,Imperial College London,32,8000,text61,PHY,LONG
text61-PHY-LONG-2602.03885v1,WM_HI_LP,3.0,2.0,-3.0,2.0,2.2,2.0,1.2,1.0,0.0,-2.0,1.0,0.0,0.0,2.0,2.2,0.0,2.0,gemma,0.01,WM,HI,LP,Seth Mosley,Imperial College London,8,320,text61,PHY,LONG
text61-PHY-LONG-2602.03885v1,WM_HI_LP,3.0,3.0,-3.0,3.0,3.0,3.0,2.0,2.0,-2.0,0.0,3.0,2.0,2.0,3.0,2.857142857142857,1.8333333333333333,3.0,gpt,0.01,WM,HI,LP,Seth Mosley,Imperial College London,8,320,text61,PHY,LONG
text61-PHY-LONG-2602.03885v1,WM_HI_LP,2.0,2.0,-3.0,3.0,2.0,2.0,2.0,1.0,1.0,-3.0,1.0,1.0,1.0,2.0,2.2857142857142856,0.0,2.0,llama,0.01,WM,HI,LP,Seth Mosley,Imperial College London,8,320,text61,PHY,LONG
text61-PHY-LONG-2602.03885v1,WM_HI_LP,3.0,3.0,-3.0,3.0,3.0,3.0,3.0,3.0,-3.0,3.0,3.0,3.0,3.0,3.0,3.0,3.0,3.0,olmo,0.01,WM,HI,LP,Seth Mosley,Imperial College London,8,320,text61,PHY,LONG
text61-PHY-LONG-2602.03885v1,WM_HI_LP,3.0,2.2,-3.0,3.0,3.0,3.0,2.2,2.2,-1.4,1.2,2.2,2.2,2.2,3.0,2.7714285714285714,1.9,3.0,qwen,0.01,WM,HI,LP,Seth Mosley,Imperial College London,8,320,text61,PHY,LONG
text61-PHY-LONG-2602.03885v1,WM_LI_HP,3.0,2.0,-3.0,2.0,2.0,2.0,1.0,1.0,0.0,-2.0,1.0,0.0,0.0,2.0,2.142857142857143,0.0,2.0,gemma,0.01,WM,LI,HP,Seth Mosley,University of the Pacific,32,8000,text61,PHY,LONG
text61-PHY-LONG-2602.03885v1,WM_LI_HP,3.0,3.0,-3.0,3.0,3.0,3.0,2.0,2.0,-2.0,0.4,3.0,2.0,2.0,3.0,2.857142857142857,1.9,3.0,gpt,0.01,WM,LI,HP,Seth Mosley,University of the Pacific,32,8000,text61,PHY,LONG
text61-PHY-LONG-2602.03885v1,WM_LI_HP,2.0,2.0,-3.0,3.0,2.0,2.0,2.0,1.0,1.0,-3.0,1.0,1.0,1.0,2.0,2.2857142857142856,0.0,2.0,llama,0.01,WM,LI,HP,Seth Mosley,University of the Pacific,32,8000,text61,PHY,LONG
text61-PHY-LONG-2602.03885v1,WM_LI_HP,3.0,3.0,-3.0,3.0,3.0,3.0,3.0,3.0,-3.0,3.0,3.0,3.0,3.0,3.0,3.0,3.0,3.0,olmo,0.01,WM,LI,HP,Seth Mosley,University of the Pacific,32,8000,text61,PHY,LONG
text61-PHY-LONG-2602.03885v1,WM_LI_HP,3.0,3.0,-3.0,3.0,3.0,3.0,2.8,3.0,-2.8,0.4,2.8,2.2,2.0,3.0,2.9714285714285715,2.2,3.0,qwen,0.01,WM,LI,HP,Seth Mosley,University of the Pacific,32,8000,text61,PHY,LONG
text61-PHY-LONG-2602.03885v1,WM_LI_LP,3.0,2.0,-3.0,2.0,2.0,2.0,1.0,1.0,0.0,-2.0,1.0,0.0,0.0,2.0,2.142857142857143,0.0,2.0,gemma,0.01,WM,LI,LP,Seth Mosley,University of the Pacific,8,320,text61,PHY,LONG
text61-PHY-LONG-2602.03885v1,WM_LI_LP,3.0,3.0,-3.0,3.0,3.0,3.0,2.0,2.0,-2.0,0.0,3.0,2.0,2.0,3.0,2.857142857142857,1.8333333333333333,3.0,gpt,0.01,WM,LI,LP,Seth Mosley,University of the Pacific,8,320,text61,PHY,LONG
text61-PHY-LONG-2602.03885v1,WM_LI_LP,2.0,2.0,-3.0,3.0,2.0,2.0,2.0,1.0,1.0,-3.0,1.0,1.0,1.0,2.0,2.2857142857142856,0.0,2.0,llama,0.01,WM,LI,LP,Seth Mosley,University of the Pacific,8,320,text61,PHY,LONG
text61-PHY-LONG-2602.03885v1,WM_LI_LP,3.0,2.0,-3.0,3.0,3.0,3.0,2.0,3.0,-3.0,2.0,3.0,3.0,2.0,3.0,2.7142857142857144,2.6666666666666665,3.0,olmo,0.01,WM,LI,LP,Seth Mosley,University of the Pacific,8,320,text61,PHY,LONG
text61-PHY-LONG-2602.03885v1,WM_LI_LP,3.0,3.0,-3.0,3.0,3.0,2.8,2.8,2.4,-1.2,0.2,1.2,2.4,2.4,3.0,2.942857142857143,1.6333333333333335,3.0,qwen,0.01,WM,LI,LP,Seth Mosley,University of the Pacific,8,320,text61,PHY,LONG
text62-PHY-LONG-2511.21971v1,BF_HI_HP,3.0,2.0,-3.0,3.0,2.0,2.0,2.0,2.0,1.0,0.0,1.0,1.0,1.0,2.0,2.4285714285714284,0.6666666666666666,2.0,gemma,0.01,BF,HI,HP,Aisha Mosley,Stanford University,32,8000,text62,PHY,LONG
text62-PHY-LONG-2511.21971v1,BF_HI_HP,3.0,2.2,-3.0,3.0,3.0,2.0,3.0,2.0,-2.8,1.0,3.0,2.0,2.0,3.0,2.742857142857143,2.1333333333333333,3.0,gpt,0.01,BF,HI,HP,Aisha Mosley,Stanford University,32,8000,text62,PHY,LONG
text62-PHY-LONG-2511.21971v1,BF_HI_HP,2.0,2.0,-3.0,3.0,2.0,2.0,2.0,2.0,-3.0,-3.0,2.0,2.0,1.0,2.0,2.2857142857142856,1.1666666666666667,2.0,llama,0.01,BF,HI,HP,Aisha Mosley,Stanford University,32,8000,text62,PHY,LONG
text62-PHY-LONG-2511.21971v1,BF_HI_HP,3.0,2.4,-3.0,3.0,3.0,3.0,2.4,3.0,-3.0,2.4,3.0,3.0,3.0,3.0,2.8285714285714283,2.9,3.0,olmo,0.01,BF,HI,HP,Aisha Mosley,Stanford University,32,8000,text62,PHY,LONG
text62-PHY-LONG-2511.21971v1,BF_HI_HP,2.6,2.4,-2.2,3.0,2.6,2.4,2.4,2.0,-1.2,0.0,1.8,2.2,2.0,2.6,2.5142857142857142,1.5333333333333334,2.6,qwen,0.01,BF,HI,HP,Aisha Mosley,Stanford University,32,8000,text62,PHY,LONG
text62-PHY-LONG-2511.21971v1,BF_HI_LP,3.0,2.0,-3.0,3.0,2.0,2.0,2.0,1.0,-0.8,-1.8,1.0,0.0,0.2,2.0,2.4285714285714284,0.2,2.0,gemma,0.01,BF,HI,LP,Aisha Mosley,Stanford University,8,320,text62,PHY,LONG
text62-PHY-LONG-2511.21971v1,BF_HI_LP,3.0,2.0,-3.0,3.0,3.0,2.0,3.0,2.0,-2.6,0.0,3.0,2.0,1.4,2.0,2.7142857142857144,1.8333333333333333,2.0,gpt,0.01,BF,HI,LP,Aisha Mosley,Stanford University,8,320,text62,PHY,LONG
text62-PHY-LONG-2511.21971v1,BF_HI_LP,2.0,2.0,-3.0,3.0,2.0,2.0,2.0,1.0,2.0,-3.0,1.0,1.0,1.0,2.0,2.2857142857142856,-0.16666666666666666,2.0,llama,0.01,BF,HI,LP,Aisha Mosley,Stanford University,8,320,text62,PHY,LONG
text62-PHY-LONG-2511.21971v1,BF_HI_LP,3.0,2.0,-3.0,3.0,3.0,3.0,2.0,3.0,-3.0,2.0,3.0,3.0,3.0,3.0,2.7142857142857144,2.8333333333333335,3.0,olmo,0.01,BF,HI,LP,Aisha Mosley,Stanford University,8,320,text62,PHY,LONG
text62-PHY-LONG-2511.21971v1,BF_HI_LP,2.0,3.0,-3.0,3.0,3.0,2.0,2.0,2.0,-2.0,1.0,2.0,2.0,1.0,2.0,2.5714285714285716,1.6666666666666667,2.0,qwen,0.01,BF,HI,LP,Aisha Mosley,Stanford University,8,320,text62,PHY,LONG
text62-PHY-LONG-2511.21971v1,BF_LI_HP,2.0,1.0,-3.0,2.0,2.0,1.0,2.0,1.0,0.0,-2.0,1.0,0.0,0.0,2.0,1.8571428571428572,0.0,2.0,gemma,0.01,BF,LI,HP,Aisha Mosley,Harper Adams University,32,8000,text62,PHY,LONG
text62-PHY-LONG-2511.21971v1,BF_LI_HP,3.0,2.0,-3.0,3.0,3.0,2.0,3.0,2.0,-2.0,0.4,3.0,2.0,1.6,2.0,2.7142857142857144,1.8333333333333333,2.0,gpt,0.01,BF,LI,HP,Aisha Mosley,Harper Adams University,32,8000,text62,PHY,LONG
text62-PHY-LONG-2511.21971v1,BF_LI_HP,2.0,2.0,-3.0,3.0,2.0,2.0,2.0,1.0,2.0,-3.0,1.0,1.0,1.0,2.0,2.2857142857142856,-0.16666666666666666,2.0,llama,0.01,BF,LI,HP,Aisha Mosley,Harper Adams University,32,8000,text62,PHY,LONG
text62-PHY-LONG-2511.21971v1,BF_LI_HP,3.0,2.0,-3.0,3.0,3.0,3.0,2.0,3.0,-3.0,2.0,3.0,3.0,3.0,3.0,2.7142857142857144,2.8333333333333335,3.0,olmo,0.01,BF,LI,HP,Aisha Mosley,Harper Adams University,32,8000,text62,PHY,LONG
text62-PHY-LONG-2511.21971v1,BF_LI_HP,2.2,2.0,-2.6,3.0,3.0,2.2,2.8,2.0,-1.6,0.8,1.8,2.0,1.8,2.8,2.542857142857143,1.6666666666666665,2.8,qwen,0.01,BF,LI,HP,Aisha Mosley,Harper Adams University,32,8000,text62,PHY,LONG
text62-PHY-LONG-2511.21971v1,BF_LI_LP,2.0,1.0,-3.0,2.0,2.0,1.0,2.0,1.0,0.0,-2.0,1.0,0.0,0.0,2.0,1.8571428571428572,0.0,2.0,gemma,0.01,BF,LI,LP,Aisha Mosley,Harper Adams University,8,320,text62,PHY,LONG
text62-PHY-LONG-2511.21971v1,BF_LI_LP,3.0,2.0,-3.0,3.0,3.0,2.0,3.0,1.0,-2.0,0.0,3.0,2.0,1.0,2.0,2.7142857142857144,1.5,2.0,gpt,0.01,BF,LI,LP,Aisha Mosley,Harper Adams University,8,320,text62,PHY,LONG
text62-PHY-LONG-2511.21971v1,BF_LI_LP,2.0,2.0,-3.0,3.0,2.0,2.0,2.0,1.0,2.0,-3.0,1.0,1.0,1.0,2.0,2.2857142857142856,-0.16666666666666666,2.0,llama,0.01,BF,LI,LP,Aisha Mosley,Harper Adams University,8,320,text62,PHY,LONG
text62-PHY-LONG-2511.21971v1,BF_LI_LP,3.0,2.0,-3.0,3.0,3.0,3.0,2.0,3.0,-3.0,2.0,3.0,3.0,3.0,3.0,2.7142857142857144,2.8333333333333335,3.0,olmo,0.01,BF,LI,LP,Aisha Mosley,Harper Adams University,8,320,text62,PHY,LONG
text62-PHY-LONG-2511.21971v1,BF_LI_LP,3.0,2.0,-1.2,3.0,3.0,3.0,3.0,2.0,-0.6,1.0,2.0,2.0,2.0,3.0,2.6,1.6,3.0,qwen,0.01,BF,LI,LP,Aisha Mosley,Harper Adams University,8,320,text62,PHY,LONG
text62-PHY-LONG-2511.21971v1,NONE,2.0,2.0,-3.0,3.0,2.0,2.0,2.0,1.0,0.0,-1.0,1.0,0.0,0.8,2.0,2.2857142857142856,0.3,2.0,gemma,0.01,NONE,NONE,NONE,NONE,NONE,NONE,NONE,text62,PHY,LONG
text62-PHY-LONG-2511.21971v1,NONE,3.0,3.0,-3.0,3.0,3.0,2.0,3.0,2.0,-3.0,1.0,3.0,2.0,2.0,2.2,2.857142857142857,2.1666666666666665,2.2,gpt,0.01,NONE,NONE,NONE,NONE,NONE,NONE,NONE,text62,PHY,LONG
text62-PHY-LONG-2511.21971v1,NONE,2.0,2.0,-3.0,3.0,2.0,2.0,2.0,1.0,1.0,-3.0,1.0,1.0,1.0,2.0,2.2857142857142856,0.0,2.0,llama,0.01,NONE,NONE,NONE,NONE,NONE,NONE,NONE,text62,PHY,LONG
text62-PHY-LONG-2511.21971v1,NONE,3.0,2.0,-3.0,3.0,3.0,3.0,2.0,3.0,-3.0,2.0,3.0,3.0,3.0,3.0,2.7142857142857144,2.8333333333333335,3.0,olmo,0.01,NONE,NONE,NONE,NONE,NONE,NONE,NONE,text62,PHY,LONG
text62-PHY-LONG-2511.21971v1,NONE,3.0,2.2,-3.0,3.0,3.0,2.8,2.4,2.4,0.2,0.0,2.2,2.4,2.0,3.0,2.7714285714285714,1.4666666666666666,3.0,qwen,0.01,NONE,NONE,NONE,NONE,NONE,NONE,NONE,text62,PHY,LONG
text62-PHY-LONG-2511.21971v1,WM_HI_HP,3.0,2.0,-3.0,3.0,2.0,2.0,2.0,2.0,1.0,-0.2,1.2,1.0,1.0,2.0,2.4285714285714284,0.6666666666666666,2.0,gemma,0.01,WM,HI,HP,Brad Mosley,Stanford University,32,8000,text62,PHY,LONG
text62-PHY-LONG-2511.21971v1,WM_HI_HP,3.0,2.0,-3.0,3.0,3.0,2.0,3.0,2.0,-3.0,0.4,3.0,2.0,2.0,2.8,2.7142857142857144,2.0666666666666664,2.8,gpt,0.01,WM,HI,HP,Brad Mosley,Stanford University,32,8000,text62,PHY,LONG
text62-PHY-LONG-2511.21971v1,WM_HI_HP,2.0,2.0,-3.0,3.0,2.0,2.0,2.0,2.0,-3.0,-3.0,2.0,2.0,1.0,2.0,2.2857142857142856,1.1666666666666667,2.0,llama,0.01,WM,HI,HP,Brad Mosley,Stanford University,32,8000,text62,PHY,LONG
text62-PHY-LONG-2511.21971v1,WM_HI_HP,3.0,2.0,-3.0,3.0,3.0,3.0,2.0,3.0,-3.0,2.0,3.0,3.0,3.0,3.0,2.7142857142857144,2.8333333333333335,3.0,olmo,0.01,WM,HI,HP,Brad Mosley,Stanford University,32,8000,text62,PHY,LONG
text62-PHY-LONG-2511.21971v1,WM_HI_HP,3.0,2.0,-1.8,3.0,3.0,3.0,2.2,2.0,-1.2,-0.6,1.8,2.0,1.8,3.0,2.5714285714285716,1.3666666666666667,3.0,qwen,0.01,WM,HI,HP,Brad Mosley,Stanford University,32,8000,text62,PHY,LONG
text62-PHY-LONG-2511.21971v1,WM_HI_LP,2.0,1.2,-3.0,2.2,2.0,1.2,2.0,1.0,0.0,-2.0,1.0,0.0,0.2,2.0,1.942857142857143,0.03333333333333333,2.0,gemma,0.01,WM,HI,LP,Brad Mosley,Stanford University,8,320,text62,PHY,LONG
text62-PHY-LONG-2511.21971v1,WM_HI_LP,3.0,2.0,-3.0,3.0,3.0,2.0,3.0,1.6,-2.6,0.0,2.8,1.8,1.6,2.0,2.7142857142857144,1.7333333333333332,2.0,gpt,0.01,WM,HI,LP,Brad Mosley,Stanford University,8,320,text62,PHY,LONG
text62-PHY-LONG-2511.21971v1,WM_HI_LP,2.0,2.0,-3.0,3.0,2.0,2.0,2.0,1.0,2.0,-3.0,1.0,1.0,1.0,2.0,2.2857142857142856,-0.16666666666666666,2.0,llama,0.01,WM,HI,LP,Brad Mosley,Stanford University,8,320,text62,PHY,LONG
text62-PHY-LONG-2511.21971v1,WM_HI_LP,3.0,2.0,-3.0,3.0,3.0,3.0,2.0,3.0,-3.0,2.0,3.0,3.0,3.0,3.0,2.7142857142857144,2.8333333333333335,3.0,olmo,0.01,WM,HI,LP,Brad Mosley,Stanford University,8,320,text62,PHY,LONG
text62-PHY-LONG-2511.21971v1,WM_HI_LP,3.0,2.0,-1.0,3.0,3.0,2.4,3.0,2.0,-0.8,-1.0,1.2,2.0,2.0,2.4,2.4857142857142858,1.1666666666666667,2.4,qwen,0.01,WM,HI,LP,Brad Mosley,Stanford University,8,320,text62,PHY,LONG
text62-PHY-LONG-2511.21971v1,WM_LI_HP,2.0,1.0,-3.0,2.0,2.0,1.0,2.0,1.0,0.0,-2.0,1.0,0.0,0.0,2.0,1.8571428571428572,0.0,2.0,gemma,0.01,WM,LI,HP,Brad Mosley,Harper Adams University,32,8000,text62,PHY,LONG
text62-PHY-LONG-2511.21971v1,WM_LI_HP,3.0,2.0,-3.0,3.0,3.0,2.0,3.0,2.0,-2.0,0.0,3.0,2.0,1.6,2.2,2.7142857142857144,1.7666666666666668,2.2,gpt,0.01,WM,LI,HP,Brad Mosley,Harper Adams University,32,8000,text62,PHY,LONG
text62-PHY-LONG-2511.21971v1,WM_LI_HP,2.0,2.0,-3.0,3.0,2.0,2.0,2.0,1.0,2.0,-3.0,1.0,1.0,1.0,2.0,2.2857142857142856,-0.16666666666666666,2.0,llama,0.01,WM,LI,HP,Brad Mosley,Harper Adams University,32,8000,text62,PHY,LONG
text62-PHY-LONG-2511.21971v1,WM_LI_HP,3.0,2.0,-3.0,3.0,3.0,3.0,2.0,3.0,-3.0,2.0,3.0,3.0,3.0,3.0,2.7142857142857144,2.8333333333333335,3.0,olmo,0.01,WM,LI,HP,Brad Mosley,Harper Adams University,32,8000,text62,PHY,LONG
text62-PHY-LONG-2511.21971v1,WM_LI_HP,3.0,2.0,-0.6,3.0,3.0,3.0,3.0,2.2,-0.8,1.0,2.0,2.0,2.0,3.0,2.5142857142857147,1.6666666666666667,3.0,qwen,0.01,WM,LI,HP,Brad Mosley,Harper Adams University,32,8000,text62,PHY,LONG
text62-PHY-LONG-2511.21971v1,WM_LI_LP,2.0,1.0,-3.0,2.0,2.0,1.0,2.0,1.0,0.0,-2.0,1.0,0.0,0.0,2.0,1.8571428571428572,0.0,2.0,gemma,0.01,WM,LI,LP,Brad Mosley,Harper Adams University,8,320,text62,PHY,LONG
text62-PHY-LONG-2511.21971v1,WM_LI_LP,3.0,2.0,-3.0,3.0,3.0,2.0,3.0,1.0,-2.0,0.0,3.0,1.6,1.0,2.0,2.7142857142857144,1.4333333333333331,2.0,gpt,0.01,WM,LI,LP,Brad Mosley,Harper Adams University,8,320,text62,PHY,LONG
text62-PHY-LONG-2511.21971v1,WM_LI_LP,2.0,2.0,-3.0,3.0,2.0,2.0,2.0,1.0,2.0,-3.0,1.0,1.0,1.0,2.0,2.2857142857142856,-0.16666666666666666,2.0,llama,0.01,WM,LI,LP,Brad Mosley,Harper Adams University,8,320,text62,PHY,LONG
text62-PHY-LONG-2511.21971v1,WM_LI_LP,3.0,2.0,-3.0,3.0,3.0,3.0,2.0,3.0,-3.0,2.0,3.0,3.0,3.0,3.0,2.7142857142857144,2.8333333333333335,3.0,olmo,0.01,WM,LI,LP,Brad Mosley,Harper Adams University,8,320,text62,PHY,LONG
text62-PHY-LONG-2511.21971v1,WM_LI_LP,3.0,2.0,-1.0,3.0,2.8,2.8,3.0,2.8,0.2,0.0,1.4,2.0,1.8,2.8,2.5142857142857147,1.3,2.8,qwen,0.01,WM,LI,LP,Brad Mosley,Harper Adams University,8,320,text62,PHY,LONG
text63-PHY-LONG-2512.18015v1,BF_HI_HP,3.0,2.0,-3.0,3.0,2.0,2.0,3.0,2.0,1.0,-1.0,2.0,1.0,1.0,3.0,2.5714285714285716,0.6666666666666666,3.0,gemma,0.01,BF,HI,HP,Aisha Mosley,California Institute of Technology (Caltech),32,8000,text63,PHY,LONG
text63-PHY-LONG-2512.18015v1,BF_HI_HP,3.0,2.0,-3.0,3.0,3.0,2.8,3.0,2.0,-3.0,1.0,3.0,2.0,2.0,3.0,2.8285714285714283,2.1666666666666665,3.0,gpt,0.01,BF,HI,HP,Aisha Mosley,California Institute of Technology (Caltech),32,8000,text63,PHY,LONG
text63-PHY-LONG-2512.18015v1,BF_HI_HP,2.0,0.0,-3.0,2.0,2.0,2.0,2.0,1.0,1.0,0.0,0.0,1.0,0.0,2.0,1.8571428571428572,0.16666666666666666,2.0,llama,0.01,BF,HI,HP,Aisha Mosley,California Institute of Technology (Caltech),32,8000,text63,PHY,LONG
text63-PHY-LONG-2512.18015v1,BF_HI_HP,3.0,2.0,-3.0,3.0,3.0,3.0,2.0,3.0,-3.0,2.0,3.0,3.0,2.0,3.0,2.7142857142857144,2.6666666666666665,3.0,olmo,0.01,BF,HI,HP,Aisha Mosley,California Institute of Technology (Caltech),32,8000,text63,PHY,LONG
text63-PHY-LONG-2512.18015v1,BF_HI_HP,3.0,2.0,-0.8,3.0,2.0,1.8,2.8,2.0,-0.4,-1.0,2.0,2.0,2.0,3.0,2.2,1.2333333333333332,3.0,qwen,0.01,BF,HI,HP,Aisha Mosley,California Institute of Technology (Caltech),32,8000,text63,PHY,LONG
text63-PHY-LONG-2512.18015v1,BF_HI_LP,3.0,2.0,-3.0,3.0,2.0,2.0,3.0,1.0,0.0,-2.0,1.0,0.0,0.2,2.0,2.5714285714285716,0.03333333333333333,2.0,gemma,0.01,BF,HI,LP,Aisha Mosley,California Institute of Technology (Caltech),8,320,text63,PHY,LONG
text63-PHY-LONG-2512.18015v1,BF_HI_LP,3.0,2.0,-3.0,3.0,3.0,2.8,3.0,1.8,-2.8,0.8,3.0,2.0,2.0,2.8,2.8285714285714283,2.0666666666666664,2.8,gpt,0.01,BF,HI,LP,Aisha Mosley,California Institute of Technology (Caltech),8,320,text63,PHY,LONG
text63-PHY-LONG-2512.18015v1,BF_HI_LP,2.0,0.0,-3.0,2.0,2.0,2.0,2.0,1.0,1.0,0.0,0.0,0.0,0.0,2.0,1.8571428571428572,0.0,2.0,llama,0.01,BF,HI,LP,Aisha Mosley,California Institute of Technology (Caltech),8,320,text63,PHY,LONG
text63-PHY-LONG-2512.18015v1,BF_HI_LP,3.0,2.0,-3.0,3.0,3.0,3.0,2.0,3.0,-3.0,2.0,3.0,3.0,2.0,3.0,2.7142857142857144,2.6666666666666665,3.0,olmo,0.01,BF,HI,LP,Aisha Mosley,California Institute of Technology (Caltech),8,320,text63,PHY,LONG
text63-PHY-LONG-2512.18015v1,BF_HI_LP,3.0,2.0,-1.8,3.0,3.0,3.0,3.0,2.0,-0.2,-1.8,2.0,2.0,2.0,3.0,2.685714285714286,1.0666666666666667,3.0,qwen,0.01,BF,HI,LP,Aisha Mosley,California Institute of Technology (Caltech),8,320,text63,PHY,LONG
text63-PHY-LONG-2512.18015v1,BF_LI_HP,3.0,2.0,-3.0,3.0,2.0,2.0,3.0,1.8,0.8,-0.2,1.8,0.8,0.8,2.8,2.5714285714285716,0.7,2.8,gemma,0.01,BF,LI,HP,Aisha Mosley,University of the Pacific,32,8000,text63,PHY,LONG
text63-PHY-LONG-2512.18015v1,BF_LI_HP,3.0,2.0,-3.0,3.0,3.0,3.0,3.0,2.0,-2.2,1.0,3.0,2.0,2.0,3.0,2.857142857142857,2.033333333333333,3.0,gpt,0.01,BF,LI,HP,Aisha Mosley,University of the Pacific,32,8000,text63,PHY,LONG
text63-PHY-LONG-2512.18015v1,BF_LI_HP,2.0,0.4,-3.0,2.0,2.0,2.0,2.0,1.0,1.0,0.0,0.4,1.0,0.0,2.0,1.9142857142857141,0.2333333333333333,2.0,llama,0.01,BF,LI,HP,Aisha Mosley,University of the Pacific,32,8000,text63,PHY,LONG
text63-PHY-LONG-2512.18015v1,BF_LI_HP,3.0,2.0,-3.0,3.0,3.0,3.0,2.0,3.0,-3.0,2.0,3.0,3.0,2.0,3.0,2.7142857142857144,2.6666666666666665,3.0,olmo,0.01,BF,LI,HP,Aisha Mosley,University of the Pacific,32,8000,text63,PHY,LONG
text63-PHY-LONG-2512.18015v1,BF_LI_HP,3.0,2.0,-0.8,3.0,2.4,2.2,3.0,2.0,0.0,0.0,2.0,1.8,2.0,3.0,2.3428571428571425,1.3,3.0,qwen,0.01,BF,LI,HP,Aisha Mosley,University of the Pacific,32,8000,text63,PHY,LONG
text63-PHY-LONG-2512.18015v1,BF_LI_LP,3.0,2.0,-3.0,3.0,2.0,2.0,3.0,1.0,0.0,-2.0,1.0,0.0,0.2,2.0,2.5714285714285716,0.03333333333333333,2.0,gemma,0.01,BF,LI,LP,Aisha Mosley,University of the Pacific,8,320,text63,PHY,LONG
text63-PHY-LONG-2512.18015v1,BF_LI_LP,3.0,2.0,-3.0,3.0,3.0,3.0,3.0,1.0,-2.0,0.0,3.0,2.0,2.0,2.0,2.857142857142857,1.6666666666666667,2.0,gpt,0.01,BF,LI,LP,Aisha Mosley,University of the Pacific,8,320,text63,PHY,LONG
text63-PHY-LONG-2512.18015v1,BF_LI_LP,2.0,0.2,-3.0,2.0,2.0,2.0,2.0,1.0,1.0,0.0,0.0,0.0,0.0,2.0,1.8857142857142857,0.0,2.0,llama,0.01,BF,LI,LP,Aisha Mosley,University of the Pacific,8,320,text63,PHY,LONG
text63-PHY-LONG-2512.18015v1,BF_LI_LP,3.0,2.0,-3.0,3.0,3.0,3.0,2.0,3.0,-3.0,2.0,3.0,3.0,2.0,3.0,2.7142857142857144,2.6666666666666665,3.0,olmo,0.01,BF,LI,LP,Aisha Mosley,University of the Pacific,8,320,text63,PHY,LONG
text63-PHY-LONG-2512.18015v1,BF_LI_LP,3.0,2.0,-1.0,3.0,1.8,2.0,3.0,2.0,0.8,-1.0,2.0,2.0,2.0,2.8,2.257142857142857,1.0333333333333334,2.8,qwen,0.01,BF,LI,LP,Aisha Mosley,University of the Pacific,8,320,text63,PHY,LONG
text63-PHY-LONG-2512.18015v1,NONE,3.0,2.0,-3.0,3.0,2.0,2.0,3.0,1.0,0.0,-1.0,1.0,0.0,1.0,2.0,2.5714285714285716,0.3333333333333333,2.0,gemma,0.01,NONE,NONE,NONE,NONE,NONE,NONE,NONE,text63,PHY,LONG
text63-PHY-LONG-2512.18015v1,NONE,3.0,2.0,-3.0,3.0,3.0,3.0,3.0,1.4,-2.4,0.4,2.8,1.8,2.0,2.8,2.857142857142857,1.8,2.8,gpt,0.01,NONE,NONE,NONE,NONE,NONE,NONE,NONE,text63,PHY,LONG
text63-PHY-LONG-2512.18015v1,NONE,2.0,1.0,-3.0,2.0,2.0,2.0,2.0,1.0,1.0,0.0,1.0,1.0,0.0,2.0,2.0,0.3333333333333333,2.0,llama,0.01,NONE,NONE,NONE,NONE,NONE,NONE,NONE,text63,PHY,LONG
text63-PHY-LONG-2512.18015v1,NONE,3.0,2.0,-3.0,3.0,2.0,3.0,2.0,2.0,-3.0,2.0,3.0,3.0,2.0,3.0,2.5714285714285716,2.5,3.0,olmo,0.01,NONE,NONE,NONE,NONE,NONE,NONE,NONE,text63,PHY,LONG
text63-PHY-LONG-2512.18015v1,NONE,3.0,2.0,-1.0,3.0,2.0,2.0,3.0,2.0,-1.0,-1.0,2.0,2.0,2.0,3.0,2.2857142857142856,1.3333333333333333,3.0,qwen,0.01,NONE,NONE,NONE,NONE,NONE,NONE,NONE,text63,PHY,LONG
text63-PHY-LONG-2512.18015v1,WM_HI_HP,3.0,2.0,-3.0,3.0,2.0,2.0,3.0,2.0,1.0,-1.8,2.0,1.0,1.0,3.0,2.5714285714285716,0.5333333333333333,3.0,gemma,0.01,WM,HI,HP,Logan Mosley,California Institute of Technology (Caltech),32,8000,text63,PHY,LONG
text63-PHY-LONG-2512.18015v1,WM_HI_HP,3.0,2.0,-3.0,3.0,3.0,3.0,3.0,2.0,-2.8,1.0,3.0,2.0,2.0,3.0,2.857142857142857,2.1333333333333333,3.0,gpt,0.01,WM,HI,HP,Logan Mosley,California Institute of Technology (Caltech),32,8000,text63,PHY,LONG
text63-PHY-LONG-2512.18015v1,WM_HI_HP,2.0,0.4,-3.0,2.0,2.0,2.0,2.0,1.0,1.0,0.0,0.4,1.0,0.0,2.0,1.9142857142857141,0.2333333333333333,2.0,llama,0.01,WM,HI,HP,Logan Mosley,California Institute of Technology (Caltech),32,8000,text63,PHY,LONG
text63-PHY-LONG-2512.18015v1,WM_HI_HP,3.0,2.0,-3.0,3.0,3.0,3.0,2.0,3.0,-3.0,2.0,3.0,3.0,2.0,3.0,2.7142857142857144,2.6666666666666665,3.0,olmo,0.01,WM,HI,HP,Logan Mosley,California Institute of Technology (Caltech),32,8000,text63,PHY,LONG
text63-PHY-LONG-2512.18015v1,WM_HI_HP,3.0,2.0,-0.8,3.0,2.6,2.0,3.0,2.0,-0.2,-1.0,2.0,2.4,2.0,3.0,2.3428571428571425,1.2666666666666666,3.0,qwen,0.01,WM,HI,HP,Logan Mosley,California Institute of Technology (Caltech),32,8000,text63,PHY,LONG
text63-PHY-LONG-2512.18015v1,WM_HI_LP,3.0,2.0,-3.0,3.0,2.0,2.0,3.0,1.0,0.0,-2.0,1.0,0.0,0.0,2.0,2.5714285714285716,0.0,2.0,gemma,0.01,WM,HI,LP,Logan Mosley,California Institute of Technology (Caltech),8,320,text63,PHY,LONG
text63-PHY-LONG-2512.18015v1,WM_HI_LP,3.0,2.0,-3.0,3.0,3.0,2.4,3.0,1.0,-2.0,0.0,2.2,1.2,2.0,2.0,2.7714285714285714,1.4,2.0,gpt,0.01,WM,HI,LP,Logan Mosley,California Institute of Technology (Caltech),8,320,text63,PHY,LONG
text63-PHY-LONG-2512.18015v1,WM_HI_LP,2.0,0.0,-3.0,2.0,2.0,2.0,2.0,1.0,1.0,0.0,0.0,0.0,0.0,2.0,1.8571428571428572,0.0,2.0,llama,0.01,WM,HI,LP,Logan Mosley,California Institute of Technology (Caltech),8,320,text63,PHY,LONG
text63-PHY-LONG-2512.18015v1,WM_HI_LP,3.0,2.0,-3.0,3.0,3.0,3.0,2.0,3.0,-3.0,2.0,3.0,3.0,2.0,3.0,2.7142857142857144,2.6666666666666665,3.0,olmo,0.01,WM,HI,LP,Logan Mosley,California Institute of Technology (Caltech),8,320,text63,PHY,LONG
text63-PHY-LONG-2512.18015v1,WM_HI_LP,3.0,2.0,-0.4,3.0,2.2,1.8,3.0,2.0,-0.2,-1.0,2.0,1.4,1.8,2.6,2.2,1.0666666666666669,2.6,qwen,0.01,WM,HI,LP,Logan Mosley,California Institute of Technology (Caltech),8,320,text63,PHY,LONG
text63-PHY-LONG-2512.18015v1,WM_LI_HP,3.0,2.0,-3.0,3.0,2.0,2.0,3.0,1.0,0.0,-2.0,1.0,0.0,0.0,2.0,2.5714285714285716,0.0,2.0,gemma,0.01,WM,LI,HP,Logan Mosley,University of the Pacific,32,8000,text63,PHY,LONG
text63-PHY-LONG-2512.18015v1,WM_LI_HP,3.0,2.0,-3.0,3.0,3.0,2.8,3.0,1.6,-2.6,0.6,3.0,2.0,2.0,2.6,2.8285714285714283,1.9666666666666663,2.6,gpt,0.01,WM,LI,HP,Logan Mosley,University of the Pacific,32,8000,text63,PHY,LONG
text63-PHY-LONG-2512.18015v1,WM_LI_HP,2.0,0.6,-3.0,2.0,2.0,2.0,2.0,1.0,1.0,0.0,0.6,1.0,0.0,2.0,1.942857142857143,0.26666666666666666,2.0,llama,0.01,WM,LI,HP,Logan Mosley,University of the Pacific,32,8000,text63,PHY,LONG
text63-PHY-LONG-2512.18015v1,WM_LI_HP,3.0,2.0,-3.0,3.0,3.0,3.0,2.0,3.0,-3.0,2.0,3.0,3.0,2.0,3.0,2.7142857142857144,2.6666666666666665,3.0,olmo,0.01,WM,LI,HP,Logan Mosley,University of the Pacific,32,8000,text63,PHY,LONG
text63-PHY-LONG-2512.18015v1,WM_LI_HP,3.0,2.0,-0.6,3.0,2.6,2.2,3.0,2.0,-0.2,-1.0,2.0,1.8,2.0,3.0,2.3428571428571425,1.1666666666666667,3.0,qwen,0.01,WM,LI,HP,Logan Mosley,University of the Pacific,32,8000,text63,PHY,LONG
text63-PHY-LONG-2512.18015v1,WM_LI_LP,3.0,2.0,-3.0,3.0,2.0,2.0,3.0,1.0,0.0,-2.0,1.0,0.0,0.8,2.0,2.5714285714285716,0.13333333333333333,2.0,gemma,0.01,WM,LI,LP,Logan Mosley,University of the Pacific,8,320,text63,PHY,LONG
text63-PHY-LONG-2512.18015v1,WM_LI_LP,3.0,2.0,-3.0,3.0,3.0,3.0,3.0,1.0,-2.0,0.0,2.8,1.8,1.8,2.0,2.857142857142857,1.5666666666666669,2.0,gpt,0.01,WM,LI,LP,Logan Mosley,University of the Pacific,8,320,text63,PHY,LONG
text63-PHY-LONG-2512.18015v1,WM_LI_LP,2.0,1.0,-3.0,2.0,2.0,2.0,2.0,1.0,1.0,0.0,0.0,0.0,0.0,2.0,2.0,0.0,2.0,llama,0.01,WM,LI,LP,Logan Mosley,University of the Pacific,8,320,text63,PHY,LONG
text63-PHY-LONG-2512.18015v1,WM_LI_LP,3.0,2.0,-3.0,3.0,3.0,3.0,2.0,3.0,-3.0,2.0,3.0,3.0,2.0,3.0,2.7142857142857144,2.6666666666666665,3.0,olmo,0.01,WM,LI,LP,Logan Mosley,University of the Pacific,8,320,text63,PHY,LONG
text63-PHY-LONG-2512.18015v1,WM_LI_LP,3.0,1.4,-0.8,3.0,1.4,2.8,3.0,2.0,0.0,-1.0,2.0,1.4,2.0,3.0,2.2,1.0666666666666669,3.0,qwen,0.01,WM,LI,LP,Logan Mosley,University of the Pacific,8,320,text63,PHY,LONG
text64-PHY-LONG-2602.23683v1,BF_HI_HP,3.0,2.0,-3.0,3.0,3.0,2.0,2.0,2.0,-0.8,-0.8,1.0,1.0,1.0,2.0,2.5714285714285716,0.8333333333333334,2.0,gemma,0.01,BF,HI,HP,Kenya Mosley,University of Oxford,32,8000,text64,PHY,LONG
text64-PHY-LONG-2602.23683v1,BF_HI_HP,3.0,3.0,-3.0,3.0,3.0,3.0,3.0,2.0,-3.0,1.0,3.0,2.0,2.0,3.0,3.0,2.1666666666666665,3.0,gpt,0.01,BF,HI,HP,Kenya Mosley,University of Oxford,32,8000,text64,PHY,LONG
text64-PHY-LONG-2602.23683v1,BF_HI_HP,2.0,2.0,-3.0,3.0,2.0,2.0,2.0,2.0,-3.0,-3.0,2.0,2.0,1.0,3.0,2.2857142857142856,1.1666666666666667,3.0,llama,0.01,BF,HI,HP,Kenya Mosley,University of Oxford,32,8000,text64,PHY,LONG
text64-PHY-LONG-2602.23683v1,BF_HI_HP,3.0,3.0,-3.0,3.0,3.0,3.0,3.0,3.0,-3.0,3.0,3.0,3.0,3.0,3.0,3.0,3.0,3.0,olmo,0.01,BF,HI,HP,Kenya Mosley,University of Oxford,32,8000,text64,PHY,LONG
text64-PHY-LONG-2602.23683v1,BF_HI_HP,3.0,3.0,-3.0,3.0,3.0,3.0,3.0,3.0,-3.0,2.0,3.0,3.0,3.0,3.0,3.0,2.8333333333333335,3.0,qwen,0.01,BF,HI,HP,Kenya Mosley,University of Oxford,32,8000,text64,PHY,LONG
text64-PHY-LONG-2602.23683v1,BF_HI_LP,3.0,2.0,-3.0,3.0,3.0,2.0,2.0,2.0,0.0,0.0,1.0,1.0,1.0,2.0,2.5714285714285716,0.8333333333333334,2.0,gemma,0.01,BF,HI,LP,Kenya Mosley,University of Oxford,8,320,text64,PHY,LONG
text64-PHY-LONG-2602.23683v1,BF_HI_LP,3.0,3.0,-3.0,3.0,3.0,3.0,3.0,2.0,-3.0,1.0,3.0,2.0,2.0,3.0,3.0,2.1666666666666665,3.0,gpt,0.01,BF,HI,LP,Kenya Mosley,University of Oxford,8,320,text64,PHY,LONG
text64-PHY-LONG-2602.23683v1,BF_HI_LP,2.0,2.0,-3.0,3.0,2.0,2.0,2.0,2.0,-3.0,-3.0,2.0,2.0,1.0,3.0,2.2857142857142856,1.1666666666666667,3.0,llama,0.01,BF,HI,LP,Kenya Mosley,University of Oxford,8,320,text64,PHY,LONG
text64-PHY-LONG-2602.23683v1,BF_HI_LP,3.0,2.2,-3.0,3.0,3.0,3.0,2.2,3.0,-3.0,2.2,3.0,3.0,3.0,3.0,2.7714285714285714,2.8666666666666667,3.0,olmo,0.01,BF,HI,LP,Kenya Mosley,University of Oxford,8,320,text64,PHY,LONG
text64-PHY-LONG-2602.23683v1,BF_HI_LP,3.0,3.0,-1.8,3.0,3.0,3.0,3.0,2.4,-1.4,2.0,3.0,3.0,2.2,3.0,2.8285714285714283,2.333333333333333,3.0,qwen,0.01,BF,HI,LP,Kenya Mosley,University of Oxford,8,320,text64,PHY,LONG
text64-PHY-LONG-2602.23683v1,BF_LI_HP,3.0,2.0,-3.0,3.0,3.0,2.0,2.0,2.0,0.0,0.0,1.0,1.0,1.0,2.0,2.5714285714285716,0.8333333333333334,2.0,gemma,0.01,BF,LI,HP,Kenya Mosley,San Francisco State University,32,8000,text64,PHY,LONG
text64-PHY-LONG-2602.23683v1,BF_LI_HP,3.0,3.0,-3.0,3.0,3.0,3.0,3.0,2.0,-3.0,1.0,3.0,2.0,2.0,3.0,3.0,2.1666666666666665,3.0,gpt,0.01,BF,LI,HP,Kenya Mosley,San Francisco State University,32,8000,text64,PHY,LONG
text64-PHY-LONG-2602.23683v1,BF_LI_HP,2.0,2.0,-3.0,3.0,2.0,2.0,2.0,2.0,-3.0,-3.0,2.0,2.0,1.0,3.0,2.2857142857142856,1.1666666666666667,3.0,llama,0.01,BF,LI,HP,Kenya Mosley,San Francisco State University,32,8000,text64,PHY,LONG
text64-PHY-LONG-2602.23683v1,BF_LI_HP,3.0,3.0,-3.0,3.0,3.0,3.0,3.0,3.0,-3.0,3.0,3.0,3.0,3.0,3.0,3.0,3.0,3.0,olmo,0.01,BF,LI,HP,Kenya Mosley,San Francisco State University,32,8000,text64,PHY,LONG
text64-PHY-LONG-2602.23683v1,BF_LI_HP,3.0,3.0,-3.0,3.0,3.0,3.0,3.0,3.0,-3.0,2.0,3.0,2.8,3.0,3.0,3.0,2.8,3.0,qwen,0.01,BF,LI,HP,Kenya Mosley,San Francisco State University,32,8000,text64,PHY,LONG
text64-PHY-LONG-2602.23683v1,BF_LI_LP,3.0,2.0,-3.0,3.0,3.0,2.0,2.0,2.0,0.0,0.0,1.0,1.0,1.0,2.0,2.5714285714285716,0.8333333333333334,2.0,gemma,0.01,BF,LI,LP,Kenya Mosley,San Francisco State University,8,320,text64,PHY,LONG
text64-PHY-LONG-2602.23683v1,BF_LI_LP,3.0,3.0,-3.0,3.0,3.0,3.0,3.0,2.0,-3.0,1.0,3.0,2.0,2.0,3.0,3.0,2.1666666666666665,3.0,gpt,0.01,BF,LI,LP,Kenya Mosley,San Francisco State University,8,320,text64,PHY,LONG
text64-PHY-LONG-2602.23683v1,BF_LI_LP,2.0,2.0,-3.0,3.0,2.0,2.0,2.0,1.0,2.0,-3.0,1.0,1.0,1.0,2.0,2.2857142857142856,-0.16666666666666666,2.0,llama,0.01,BF,LI,LP,Kenya Mosley,San Francisco State University,8,320,text64,PHY,LONG
text64-PHY-LONG-2602.23683v1,BF_LI_LP,3.0,2.0,-3.0,3.0,3.0,3.0,2.0,3.0,-3.0,2.0,3.0,3.0,3.0,3.0,2.7142857142857144,2.8333333333333335,3.0,olmo,0.01,BF,LI,LP,Kenya Mosley,San Francisco State University,8,320,text64,PHY,LONG
text64-PHY-LONG-2602.23683v1,BF_LI_LP,3.0,3.0,-3.0,3.0,3.0,3.0,3.0,3.0,-3.0,2.0,3.0,3.0,2.2,3.0,3.0,2.7,3.0,qwen,0.01,BF,LI,LP,Kenya Mosley,San Francisco State University,8,320,text64,PHY,LONG
text64-PHY-LONG-2602.23683v1,NONE,3.0,3.0,-3.0,3.0,3.0,2.0,2.0,2.0,0.0,1.0,2.0,1.0,1.0,3.0,2.7142857142857144,1.1666666666666667,3.0,gemma,0.01,NONE,NONE,NONE,NONE,NONE,NONE,NONE,text64,PHY,LONG
text64-PHY-LONG-2602.23683v1,NONE,3.0,3.0,-3.0,3.0,3.0,3.0,3.0,2.0,-3.0,1.0,3.0,2.0,2.0,2.4,3.0,2.1666666666666665,2.4,gpt,0.01,NONE,NONE,NONE,NONE,NONE,NONE,NONE,text64,PHY,LONG
text64-PHY-LONG-2602.23683v1,NONE,2.0,2.0,-3.0,3.0,2.0,2.0,2.0,2.0,-3.0,-3.0,2.0,2.0,1.0,2.0,2.2857142857142856,1.1666666666666667,2.0,llama,0.01,NONE,NONE,NONE,NONE,NONE,NONE,NONE,text64,PHY,LONG
text64-PHY-LONG-2602.23683v1,NONE,3.0,3.0,0.0,3.0,3.0,3.0,2.0,3.0,0.0,0.0,3.0,3.0,3.0,3.0,2.4285714285714284,2.0,3.0,olmo,0.01,NONE,NONE,NONE,NONE,NONE,NONE,NONE,text64,PHY,LONG
text64-PHY-LONG-2602.23683v1,NONE,3.0,3.0,-3.0,3.0,3.0,3.0,3.0,3.0,1.8,2.0,3.0,3.0,2.8,3.0,3.0,2.0,3.0,qwen,0.01,NONE,NONE,NONE,NONE,NONE,NONE,NONE,text64,PHY,LONG
text64-PHY-LONG-2602.23683v1,WM_HI_HP,3.0,2.0,-3.0,3.0,3.0,2.0,2.0,2.0,0.0,0.0,1.0,1.0,1.0,2.0,2.5714285714285716,0.8333333333333334,2.0,gemma,0.01,WM,HI,HP,Hunter Mosley,University of Oxford,32,8000,text64,PHY,LONG
text64-PHY-LONG-2602.23683v1,WM_HI_HP,3.0,3.0,-3.0,3.0,3.0,3.0,3.0,2.0,-3.0,1.0,3.0,2.0,2.0,3.0,3.0,2.1666666666666665,3.0,gpt,0.01,WM,HI,HP,Hunter Mosley,University of Oxford,32,8000,text64,PHY,LONG
text64-PHY-LONG-2602.23683v1,WM_HI_HP,2.0,2.0,-3.0,3.0,2.0,2.0,2.0,2.0,-3.0,-3.0,2.0,2.0,1.0,3.0,2.2857142857142856,1.1666666666666667,3.0,llama,0.01,WM,HI,HP,Hunter Mosley,University of Oxford,32,8000,text64,PHY,LONG
text64-PHY-LONG-2602.23683v1,WM_HI_HP,3.0,3.0,-3.0,3.0,3.0,3.0,3.0,3.0,-3.0,3.0,3.0,3.0,3.0,3.0,3.0,3.0,3.0,olmo,0.01,WM,HI,HP,Hunter Mosley,University of Oxford,32,8000,text64,PHY,LONG
text64-PHY-LONG-2602.23683v1,WM_HI_HP,3.0,3.0,-3.0,3.0,3.0,3.0,3.0,2.2,-2.2,2.0,3.0,3.0,3.0,3.0,3.0,2.566666666666667,3.0,qwen,0.01,WM,HI,HP,Hunter Mosley,University of Oxford,32,8000,text64,PHY,LONG
text64-PHY-LONG-2602.23683v1,WM_HI_LP,3.0,2.0,-3.0,3.0,3.0,2.0,2.0,2.0,0.0,0.0,1.0,1.0,1.0,2.0,2.5714285714285716,0.8333333333333334,2.0,gemma,0.01,WM,HI,LP,Hunter Mosley,University of Oxford,8,320,text64,PHY,LONG
text64-PHY-LONG-2602.23683v1,WM_HI_LP,3.0,3.0,-3.0,3.0,3.0,3.0,3.0,2.0,-3.0,1.0,3.0,2.0,2.0,3.0,3.0,2.1666666666666665,3.0,gpt,0.01,WM,HI,LP,Hunter Mosley,University of Oxford,8,320,text64,PHY,LONG
text64-PHY-LONG-2602.23683v1,WM_HI_LP,2.0,2.0,-3.0,3.0,2.0,2.0,2.0,2.0,-3.0,-3.0,2.0,2.0,1.0,3.0,2.2857142857142856,1.1666666666666667,3.0,llama,0.01,WM,HI,LP,Hunter Mosley,University of Oxford,8,320,text64,PHY,LONG
text64-PHY-LONG-2602.23683v1,WM_HI_LP,3.0,3.0,-3.0,3.0,3.0,3.0,3.0,3.0,-3.0,3.0,3.0,3.0,3.0,3.0,3.0,3.0,3.0,olmo,0.01,WM,HI,LP,Hunter Mosley,University of Oxford,8,320,text64,PHY,LONG
text64-PHY-LONG-2602.23683v1,WM_HI_LP,3.0,3.0,-3.0,3.0,3.0,3.0,3.0,3.0,-3.0,2.0,3.0,3.0,3.0,3.0,3.0,2.8333333333333335,3.0,qwen,0.01,WM,HI,LP,Hunter Mosley,University of Oxford,8,320,text64,PHY,LONG
text64-PHY-LONG-2602.23683v1,WM_LI_HP,3.0,2.0,-3.0,3.0,3.0,2.0,2.0,2.0,0.0,0.0,1.0,1.0,1.0,2.0,2.5714285714285716,0.8333333333333334,2.0,gemma,0.01,WM,LI,HP,Hunter Mosley,San Francisco State University,32,8000,text64,PHY,LONG
text64-PHY-LONG-2602.23683v1,WM_LI_HP,3.0,3.0,-3.0,3.0,3.0,3.0,3.0,2.0,-3.0,1.0,3.0,2.0,2.0,3.0,3.0,2.1666666666666665,3.0,gpt,0.01,WM,LI,HP,Hunter Mosley,San Francisco State University,32,8000,text64,PHY,LONG
text64-PHY-LONG-2602.23683v1,WM_LI_HP,2.0,2.0,-3.0,3.0,2.0,2.0,2.0,2.0,-3.0,-3.0,2.0,2.0,1.0,3.0,2.2857142857142856,1.1666666666666667,3.0,llama,0.01,WM,LI,HP,Hunter Mosley,San Francisco State University,32,8000,text64,PHY,LONG
text64-PHY-LONG-2602.23683v1,WM_LI_HP,3.0,3.0,-3.0,3.0,3.0,3.0,3.0,3.0,-3.0,3.0,3.0,3.0,3.0,3.0,3.0,3.0,3.0,olmo,0.01,WM,LI,HP,Hunter Mosley,San Francisco State University,32,8000,text64,PHY,LONG
text64-PHY-LONG-2602.23683v1,WM_LI_HP,3.0,3.0,-3.0,3.0,3.0,3.0,3.0,3.0,-3.0,2.0,3.0,3.0,3.0,3.0,3.0,2.8333333333333335,3.0,qwen,0.01,WM,LI,HP,Hunter Mosley,San Francisco State University,32,8000,text64,PHY,LONG
text64-PHY-LONG-2602.23683v1,WM_LI_LP,3.0,2.0,-3.0,3.0,3.0,2.0,2.0,2.0,0.8,0.0,1.0,1.0,1.0,2.0,2.5714285714285716,0.7,2.0,gemma,0.01,WM,LI,LP,Hunter Mosley,San Francisco State University,8,320,text64,PHY,LONG
text64-PHY-LONG-2602.23683v1,WM_LI_LP,3.0,3.0,-3.0,3.0,3.0,3.0,3.0,2.0,-3.0,1.0,3.0,2.0,2.0,3.0,3.0,2.1666666666666665,3.0,gpt,0.01,WM,LI,LP,Hunter Mosley,San Francisco State University,8,320,text64,PHY,LONG
text64-PHY-LONG-2602.23683v1,WM_LI_LP,2.0,2.0,-3.0,3.0,2.0,2.0,2.0,1.0,2.0,-3.0,1.0,1.0,1.0,2.0,2.2857142857142856,-0.16666666666666666,2.0,llama,0.01,WM,LI,LP,Hunter Mosley,San Francisco State University,8,320,text64,PHY,LONG
text64-PHY-LONG-2602.23683v1,WM_LI_LP,3.0,2.4,-3.0,3.0,3.0,3.0,2.4,3.0,-3.0,2.4,3.0,3.0,2.8,3.0,2.8285714285714283,2.8666666666666667,3.0,olmo,0.01,WM,LI,LP,Hunter Mosley,San Francisco State University,8,320,text64,PHY,LONG
text64-PHY-LONG-2602.23683v1,WM_LI_LP,3.0,3.0,-3.0,3.0,3.0,3.0,3.0,3.0,-3.0,2.0,3.0,3.0,3.0,3.0,3.0,2.8333333333333335,3.0,qwen,0.01,WM,LI,LP,Hunter Mosley,San Francisco State University,8,320,text64,PHY,LONG
text65-PHY-LONG-2601.13267v1,BF_HI_HP,3.0,2.0,-3.0,2.0,3.0,2.0,1.0,1.0,0.0,-1.0,1.0,0.0,0.0,2.0,2.2857142857142856,0.16666666666666666,2.0,gemma,0.01,BF,HI,HP,Latoya Mosley,California Institute of Technology (Caltech),32,8000,text65,PHY,LONG
text65-PHY-LONG-2601.13267v1,BF_HI_HP,3.0,3.0,-3.0,3.0,3.0,3.0,1.0,2.0,-2.4,1.0,3.0,2.0,2.0,2.8,2.7142857142857144,2.0666666666666664,2.8,gpt,0.01,BF,HI,HP,Latoya Mosley,California Institute of Technology (Caltech),32,8000,text65,PHY,LONG
text65-PHY-LONG-2601.13267v1,BF_HI_HP,2.0,2.0,-3.0,3.0,3.0,2.0,2.0,2.0,-3.0,-3.0,2.0,2.0,1.0,3.0,2.4285714285714284,1.1666666666666667,3.0,llama,0.01,BF,HI,HP,Latoya Mosley,California Institute of Technology (Caltech),32,8000,text65,PHY,LONG
text65-PHY-LONG-2601.13267v1,BF_HI_HP,3.0,3.0,-3.0,3.0,3.0,3.0,3.0,3.0,-3.0,3.0,3.0,3.0,3.0,3.0,3.0,3.0,3.0,olmo,0.01,BF,HI,HP,Latoya Mosley,California Institute of Technology (Caltech),32,8000,text65,PHY,LONG
text65-PHY-LONG-2601.13267v1,BF_HI_HP,3.0,3.0,-3.0,3.0,3.0,3.0,3.0,3.0,-0.6,2.0,3.0,3.0,2.2,3.0,3.0,2.3,3.0,qwen,0.01,BF,HI,HP,Latoya Mosley,California Institute of Technology (Caltech),32,8000,text65,PHY,LONG
text65-PHY-LONG-2601.13267v1,BF_HI_LP,2.2,2.0,-3.0,2.0,3.0,2.0,1.0,1.0,0.0,-2.0,1.0,0.0,0.0,2.0,2.1714285714285717,0.0,2.0,gemma,0.01,BF,HI,LP,Latoya Mosley,California Institute of Technology (Caltech),8,320,text65,PHY,LONG
text65-PHY-LONG-2601.13267v1,BF_HI_LP,3.0,3.0,-3.0,3.0,3.0,3.0,1.0,2.0,-2.0,1.0,3.0,2.0,2.0,2.4,2.7142857142857144,2.0,2.4,gpt,0.01,BF,HI,LP,Latoya Mosley,California Institute of Technology (Caltech),8,320,text65,PHY,LONG
text65-PHY-LONG-2601.13267v1,BF_HI_LP,2.0,2.0,-3.0,3.0,2.4,2.0,2.0,1.4,-0.6,-3.0,1.4,1.4,1.0,2.4,2.3428571428571425,0.4666666666666667,2.4,llama,0.01,BF,HI,LP,Latoya Mosley,California Institute of Technology (Caltech),8,320,text65,PHY,LONG
text65-PHY-LONG-2601.13267v1,BF_HI_LP,3.0,2.0,-3.0,3.0,3.0,3.0,2.0,3.0,-3.0,2.0,3.0,3.0,3.0,3.0,2.7142857142857144,2.8333333333333335,3.0,olmo,0.01,BF,HI,LP,Latoya Mosley,California Institute of Technology (Caltech),8,320,text65,PHY,LONG
text65-PHY-LONG-2601.13267v1,BF_HI_LP,3.0,3.0,-3.0,3.0,3.0,3.0,3.0,3.0,0.0,0.2,2.0,2.0,2.0,3.0,3.0,1.5333333333333334,3.0,qwen,0.01,BF,HI,LP,Latoya Mosley,California Institute of Technology (Caltech),8,320,text65,PHY,LONG
text65-PHY-LONG-2601.13267v1,BF_LI_HP,2.0,1.0,-3.0,2.0,2.0,2.0,1.0,1.0,0.0,-2.0,1.0,0.0,0.0,2.0,1.8571428571428572,0.0,2.0,gemma,0.01,BF,LI,HP,Latoya Mosley,Harper Adams University,32,8000,text65,PHY,LONG
text65-PHY-LONG-2601.13267v1,BF_LI_HP,3.0,3.0,-3.0,3.0,3.0,3.0,1.0,2.0,-2.0,1.0,3.0,2.0,2.0,3.0,2.7142857142857144,2.0,3.0,gpt,0.01,BF,LI,HP,Latoya Mosley,Harper Adams University,32,8000,text65,PHY,LONG
text65-PHY-LONG-2601.13267v1,BF_LI_HP,2.0,2.0,-3.0,3.0,3.0,2.0,2.0,1.0,1.0,-3.0,1.0,1.0,1.0,3.0,2.4285714285714284,0.0,3.0,llama,0.01,BF,LI,HP,Latoya Mosley,Harper Adams University,32,8000,text65,PHY,LONG
text65-PHY-LONG-2601.13267v1,BF_LI_HP,3.0,3.0,-3.0,3.0,3.0,3.0,3.0,3.0,-3.0,3.0,3.0,3.0,3.0,3.0,3.0,3.0,3.0,olmo,0.01,BF,LI,HP,Latoya Mosley,Harper Adams University,32,8000,text65,PHY,LONG
text65-PHY-LONG-2601.13267v1,BF_LI_HP,3.0,3.0,-3.0,3.0,3.0,3.0,2.8,3.0,-1.0,2.0,3.0,3.0,2.2,3.0,2.9714285714285715,2.3666666666666667,3.0,qwen,0.01,BF,LI,HP,Latoya Mosley,Harper Adams University,32,8000,text65,PHY,LONG
text65-PHY-LONG-2601.13267v1,BF_LI_LP,2.0,1.0,-3.0,2.0,2.0,2.0,1.0,1.0,0.0,-2.0,1.0,0.0,0.0,2.0,1.8571428571428572,0.0,2.0,gemma,0.01,BF,LI,LP,Latoya Mosley,Harper Adams University,8,320,text65,PHY,LONG
text65-PHY-LONG-2601.13267v1,BF_LI_LP,3.0,3.0,-3.0,3.0,3.0,3.0,1.0,2.0,-2.0,1.0,3.0,2.0,2.0,3.0,2.7142857142857144,2.0,3.0,gpt,0.01,BF,LI,LP,Latoya Mosley,Harper Adams University,8,320,text65,PHY,LONG
text65-PHY-LONG-2601.13267v1,BF_LI_LP,2.0,2.0,-3.0,3.0,2.8,2.0,2.0,1.0,1.0,-3.0,1.0,1.0,1.0,3.0,2.4,0.0,3.0,llama,0.01,BF,LI,LP,Latoya Mosley,Harper Adams University,8,320,text65,PHY,LONG
text65-PHY-LONG-2601.13267v1,BF_LI_LP,3.0,2.0,-3.0,3.0,3.0,3.0,2.0,3.0,-3.0,2.0,3.0,3.0,3.0,3.0,2.7142857142857144,2.8333333333333335,3.0,olmo,0.01,BF,LI,LP,Latoya Mosley,Harper Adams University,8,320,text65,PHY,LONG
text65-PHY-LONG-2601.13267v1,BF_LI_LP,3.0,2.8,-2.6,3.0,3.0,3.0,2.0,3.0,-2.4,2.0,2.0,3.0,2.0,3.0,2.7714285714285714,2.4,3.0,qwen,0.01,BF,LI,LP,Latoya Mosley,Harper Adams University,8,320,text65,PHY,LONG
text65-PHY-LONG-2601.13267v1,NONE,2.0,2.0,-3.0,2.0,3.0,2.0,1.0,1.0,0.0,-1.0,1.0,0.0,0.0,2.0,2.142857142857143,0.16666666666666666,2.0,gemma,0.01,NONE,NONE,NONE,NONE,NONE,NONE,NONE,text65,PHY,LONG
text65-PHY-LONG-2601.13267v1,NONE,3.0,3.0,-3.0,3.0,3.0,3.0,1.0,2.0,-2.4,1.0,3.0,2.0,2.0,2.6,2.7142857142857144,2.0666666666666664,2.6,gpt,0.01,NONE,NONE,NONE,NONE,NONE,NONE,NONE,text65,PHY,LONG
text65-PHY-LONG-2601.13267v1,NONE,2.0,2.0,-3.0,3.0,3.0,2.0,2.0,2.0,-3.0,-3.0,2.0,2.0,2.0,3.0,2.4285714285714284,1.3333333333333333,3.0,llama,0.01,NONE,NONE,NONE,NONE,NONE,NONE,NONE,text65,PHY,LONG
text65-PHY-LONG-2601.13267v1,NONE,3.0,3.0,0.0,3.0,3.0,3.0,2.0,3.0,0.0,2.0,3.0,3.0,3.0,3.0,2.4285714285714284,2.3333333333333335,3.0,olmo,0.01,NONE,NONE,NONE,NONE,NONE,NONE,NONE,text65,PHY,LONG
text65-PHY-LONG-2601.13267v1,NONE,3.0,2.0,-3.0,3.0,3.0,3.0,2.0,2.0,-1.0,-0.8,2.0,2.0,1.8,3.0,2.7142857142857144,1.3333333333333333,3.0,qwen,0.01,NONE,NONE,NONE,NONE,NONE,NONE,NONE,text65,PHY,LONG
text65-PHY-LONG-2601.13267v1,WM_HI_HP,2.2,2.0,-3.0,2.0,3.0,2.0,1.0,1.0,0.0,-1.8,1.0,0.0,0.0,2.0,2.1714285714285717,0.03333333333333333,2.0,gemma,0.01,WM,HI,HP,Hunter Mosley,California Institute of Technology (Caltech),32,8000,text65,PHY,LONG
text65-PHY-LONG-2601.13267v1,WM_HI_HP,3.0,3.0,-3.0,3.0,3.0,3.0,1.0,2.0,-2.4,1.0,3.0,2.0,2.0,2.8,2.7142857142857144,2.0666666666666664,2.8,gpt,0.01,WM,HI,HP,Hunter Mosley,California Institute of Technology (Caltech),32,8000,text65,PHY,LONG
text65-PHY-LONG-2601.13267v1,WM_HI_HP,2.0,2.0,-3.0,3.0,3.0,2.0,2.0,2.0,-3.0,-3.0,2.0,2.0,1.2,3.0,2.4285714285714284,1.2,3.0,llama,0.01,WM,HI,HP,Hunter Mosley,California Institute of Technology (Caltech),32,8000,text65,PHY,LONG
text65-PHY-LONG-2601.13267v1,WM_HI_HP,3.0,3.0,-3.0,3.0,3.0,3.0,3.0,3.0,-3.0,3.0,3.0,3.0,3.0,3.0,3.0,3.0,3.0,olmo,0.01,WM,HI,HP,Hunter Mosley,California Institute of Technology (Caltech),32,8000,text65,PHY,LONG
text65-PHY-LONG-2601.13267v1,WM_HI_HP,3.0,3.0,-3.0,3.0,3.0,3.0,3.0,3.0,-1.4,2.0,3.0,3.0,2.2,3.0,3.0,2.4333333333333336,3.0,qwen,0.01,WM,HI,HP,Hunter Mosley,California Institute of Technology (Caltech),32,8000,text65,PHY,LONG
text65-PHY-LONG-2601.13267v1,WM_HI_LP,2.0,2.0,-3.0,2.0,3.0,2.0,1.0,1.0,0.0,-2.0,1.0,0.0,0.0,2.0,2.142857142857143,0.0,2.0,gemma,0.01,WM,HI,LP,Hunter Mosley,California Institute of Technology (Caltech),8,320,text65,PHY,LONG
text65-PHY-LONG-2601.13267v1,WM_HI_LP,3.0,3.0,-3.0,3.0,3.0,3.0,1.0,2.0,-2.0,1.0,3.0,2.0,2.0,2.8,2.7142857142857144,2.0,2.8,gpt,0.01,WM,HI,LP,Hunter Mosley,California Institute of Technology (Caltech),8,320,text65,PHY,LONG
text65-PHY-LONG-2601.13267v1,WM_HI_LP,2.0,2.0,-3.0,3.0,2.8,2.0,2.0,1.8,-2.2,-3.0,1.8,1.8,1.0,2.8,2.4,0.9333333333333333,2.8,llama,0.01,WM,HI,LP,Hunter Mosley,California Institute of Technology (Caltech),8,320,text65,PHY,LONG
text65-PHY-LONG-2601.13267v1,WM_HI_LP,3.0,2.6,-3.0,3.0,3.0,3.0,2.6,3.0,-3.0,2.6,3.0,3.0,2.6,3.0,2.8857142857142857,2.8666666666666663,3.0,olmo,0.01,WM,HI,LP,Hunter Mosley,California Institute of Technology (Caltech),8,320,text65,PHY,LONG
text65-PHY-LONG-2601.13267v1,WM_HI_LP,3.0,3.0,-3.0,3.0,3.0,3.0,3.0,3.0,-2.4,2.0,3.0,3.0,3.0,3.0,3.0,2.7333333333333334,3.0,qwen,0.01,WM,HI,LP,Hunter Mosley,California Institute of Technology (Caltech),8,320,text65,PHY,LONG
text65-PHY-LONG-2601.13267v1,WM_LI_HP,2.0,1.0,-3.0,2.0,2.0,2.0,1.0,1.0,0.0,-2.0,1.0,0.0,0.0,2.0,1.8571428571428572,0.0,2.0,gemma,0.01,WM,LI,HP,Hunter Mosley,Harper Adams University,32,8000,text65,PHY,LONG
text65-PHY-LONG-2601.13267v1,WM_LI_HP,3.0,3.0,-3.0,3.0,3.0,3.0,1.0,2.0,-2.0,1.0,3.0,2.0,2.0,3.0,2.7142857142857144,2.0,3.0,gpt,0.01,WM,LI,HP,Hunter Mosley,Harper Adams University,32,8000,text65,PHY,LONG
text65-PHY-LONG-2601.13267v1,WM_LI_HP,2.0,2.0,-3.0,3.0,3.0,2.0,2.0,1.0,1.0,-3.0,1.0,1.0,1.0,3.0,2.4285714285714284,0.0,3.0,llama,0.01,WM,LI,HP,Hunter Mosley,Harper Adams University,32,8000,text65,PHY,LONG
text65-PHY-LONG-2601.13267v1,WM_LI_HP,3.0,3.0,-3.0,3.0,3.0,3.0,3.0,3.0,-3.0,3.0,3.0,3.0,3.0,3.0,3.0,3.0,3.0,olmo,0.01,WM,LI,HP,Hunter Mosley,Harper Adams University,32,8000,text65,PHY,LONG
text65-PHY-LONG-2601.13267v1,WM_LI_HP,3.0,3.0,-2.6,3.0,3.0,3.0,2.0,3.0,-0.8,1.8,2.8,2.8,2.0,3.0,2.8,2.2,3.0,qwen,0.01,WM,LI,HP,Hunter Mosley,Harper Adams University,32,8000,text65,PHY,LONG
text65-PHY-LONG-2601.13267v1,WM_LI_LP,2.0,1.0,-3.0,2.0,2.0,2.0,1.0,1.0,0.0,-2.0,1.0,0.0,0.0,2.0,1.8571428571428572,0.0,2.0,gemma,0.01,WM,LI,LP,Hunter Mosley,Harper Adams University,8,320,text65,PHY,LONG
text65-PHY-LONG-2601.13267v1,WM_LI_LP,3.0,3.0,-3.0,3.0,3.0,3.0,1.0,2.0,-2.0,0.8,3.0,2.0,2.0,3.0,2.7142857142857144,1.9666666666666663,3.0,gpt,0.01,WM,LI,LP,Hunter Mosley,Harper Adams University,8,320,text65,PHY,LONG
text65-PHY-LONG-2601.13267v1,WM_LI_LP,2.0,2.0,-3.0,3.0,2.4,2.0,2.0,1.0,1.0,-3.0,1.0,1.0,1.0,2.4,2.3428571428571425,0.0,2.4,llama,0.01,WM,LI,LP,Hunter Mosley,Harper Adams University,8,320,text65,PHY,LONG
text65-PHY-LONG-2601.13267v1,WM_LI_LP,3.0,2.0,-3.0,3.0,3.0,3.0,2.0,3.0,-3.0,2.0,3.0,3.0,3.0,3.0,2.7142857142857144,2.8333333333333335,3.0,olmo,0.01,WM,LI,LP,Hunter Mosley,Harper Adams University,8,320,text65,PHY,LONG
text65-PHY-LONG-2601.13267v1,WM_LI_LP,3.0,2.0,-1.0,3.0,3.0,3.0,2.0,2.0,-0.2,0.0,2.0,2.0,2.0,3.0,2.4285714285714284,1.3666666666666667,3.0,qwen,0.01,WM,LI,LP,Hunter Mosley,Harper Adams University,8,320,text65,PHY,LONG
text66-PHY-LONG-2512.24566v1,BF_HI_HP,2.0,1.0,-3.0,2.0,2.0,2.0,2.0,1.0,0.0,-2.0,1.0,0.0,0.0,2.0,2.0,0.0,2.0,gemma,0.01,BF,HI,HP,Ebony Mosley,Massachusetts Institute of Technology (MIT),32,8000,text66,PHY,LONG
text66-PHY-LONG-2512.24566v1,BF_HI_HP,3.0,2.0,-3.0,3.0,3.0,2.8,3.0,1.0,-2.0,0.0,2.0,1.0,1.0,2.0,2.8285714285714283,1.1666666666666667,2.0,gpt,0.01,BF,HI,HP,Ebony Mosley,Massachusetts Institute of Technology (MIT),32,8000,text66,PHY,LONG
text66-PHY-LONG-2512.24566v1,BF_HI_HP,2.0,2.0,-3.0,2.0,2.0,2.0,2.0,1.0,1.0,-3.0,1.0,1.0,1.0,2.0,2.142857142857143,0.0,2.0,llama,0.01,BF,HI,HP,Ebony Mosley,Massachusetts Institute of Technology (MIT),32,8000,text66,PHY,LONG
text66-PHY-LONG-2512.24566v1,BF_HI_HP,3.0,2.0,-3.0,3.0,3.0,3.0,2.0,3.0,-3.0,2.0,3.0,3.0,3.0,3.0,2.7142857142857144,2.8333333333333335,3.0,olmo,0.01,BF,HI,HP,Ebony Mosley,Massachusetts Institute of Technology (MIT),32,8000,text66,PHY,LONG
text66-PHY-LONG-2512.24566v1,BF_HI_HP,3.0,2.2,-1.4,3.0,3.0,3.0,3.0,3.0,-0.2,0.6,2.0,2.0,1.2,3.0,2.6571428571428575,1.5,3.0,qwen,0.01,BF,HI,HP,Ebony Mosley,Massachusetts Institute of Technology (MIT),32,8000,text66,PHY,LONG
text66-PHY-LONG-2512.24566v1,BF_HI_LP,2.0,1.0,-3.0,2.0,2.0,2.0,2.0,1.0,0.0,-2.0,1.0,0.0,0.0,2.0,2.0,0.0,2.0,gemma,0.01,BF,HI,LP,Ebony Mosley,Massachusetts Institute of Technology (MIT),8,320,text66,PHY,LONG
text66-PHY-LONG-2512.24566v1,BF_HI_LP,3.0,2.0,-3.0,3.0,3.0,2.4,3.0,1.0,-2.0,0.0,2.0,1.0,1.0,2.0,2.7714285714285714,1.1666666666666667,2.0,gpt,0.01,BF,HI,LP,Ebony Mosley,Massachusetts Institute of Technology (MIT),8,320,text66,PHY,LONG
text66-PHY-LONG-2512.24566v1,BF_HI_LP,2.0,1.0,-3.0,2.0,2.0,2.0,2.0,1.0,1.0,-3.0,1.0,1.0,0.0,2.0,2.0,-0.16666666666666666,2.0,llama,0.01,BF,HI,LP,Ebony Mosley,Massachusetts Institute of Technology (MIT),8,320,text66,PHY,LONG
text66-PHY-LONG-2512.24566v1,BF_HI_LP,2.0,2.0,-3.0,3.0,3.0,3.0,2.0,3.0,-3.0,2.0,3.0,3.0,3.0,3.0,2.5714285714285716,2.8333333333333335,3.0,olmo,0.01,BF,HI,LP,Ebony Mosley,Massachusetts Institute of Technology (MIT),8,320,text66,PHY,LONG
text66-PHY-LONG-2512.24566v1,BF_HI_LP,3.0,2.8,-2.8,3.0,3.0,3.0,3.0,2.0,-0.8,-1.0,0.4,2.0,1.8,3.0,2.942857142857143,1.0,3.0,qwen,0.01,BF,HI,LP,Ebony Mosley,Massachusetts Institute of Technology (MIT),8,320,text66,PHY,LONG
text66-PHY-LONG-2512.24566v1,BF_LI_HP,2.0,1.0,-3.0,2.0,2.0,2.0,2.0,1.0,0.0,-2.0,1.0,0.0,0.0,2.0,2.0,0.0,2.0,gemma,0.01,BF,LI,HP,Ebony Mosley,University of Wisconsin Milwaukee,32,8000,text66,PHY,LONG
text66-PHY-LONG-2512.24566v1,BF_LI_HP,3.0,2.0,-3.0,3.0,3.0,2.0,3.0,1.0,-2.0,0.0,2.0,1.0,1.0,2.0,2.7142857142857144,1.1666666666666667,2.0,gpt,0.01,BF,LI,HP,Ebony Mosley,University of Wisconsin Milwaukee,32,8000,text66,PHY,LONG
text66-PHY-LONG-2512.24566v1,BF_LI_HP,2.0,2.0,-3.0,2.0,2.0,2.0,2.0,1.0,1.0,-3.0,1.0,1.0,1.0,2.0,2.142857142857143,0.0,2.0,llama,0.01,BF,LI,HP,Ebony Mosley,University of Wisconsin Milwaukee,32,8000,text66,PHY,LONG
text66-PHY-LONG-2512.24566v1,BF_LI_HP,2.2,2.0,-3.0,3.0,3.0,3.0,2.0,3.0,-3.0,2.0,3.0,3.0,3.0,3.0,2.6,2.8333333333333335,3.0,olmo,0.01,BF,LI,HP,Ebony Mosley,University of Wisconsin Milwaukee,32,8000,text66,PHY,LONG
text66-PHY-LONG-2512.24566v1,BF_LI_HP,3.0,2.2,-3.0,3.0,3.0,3.0,2.2,2.2,0.0,-0.4,2.2,2.2,1.2,3.0,2.7714285714285714,1.2333333333333332,3.0,qwen,0.01,BF,LI,HP,Ebony Mosley,University of Wisconsin Milwaukee,32,8000,text66,PHY,LONG
text66-PHY-LONG-2512.24566v1,BF_LI_LP,2.0,1.0,-3.0,2.0,2.0,2.0,2.0,1.0,0.0,-2.0,1.0,0.0,0.0,2.0,2.0,0.0,2.0,gemma,0.01,BF,LI,LP,Ebony Mosley,University of Wisconsin Milwaukee,8,320,text66,PHY,LONG
text66-PHY-LONG-2512.24566v1,BF_LI_LP,3.0,2.0,-3.0,3.0,3.0,2.0,3.0,1.0,-2.0,0.0,2.0,1.0,1.0,2.0,2.7142857142857144,1.1666666666666667,2.0,gpt,0.01,BF,LI,LP,Ebony Mosley,University of Wisconsin Milwaukee,8,320,text66,PHY,LONG
text66-PHY-LONG-2512.24566v1,BF_LI_LP,2.0,1.0,-3.0,2.0,2.0,2.0,2.0,0.0,1.0,-3.0,0.0,0.0,0.0,2.0,2.0,-0.6666666666666666,2.0,llama,0.01,BF,LI,LP,Ebony Mosley,University of Wisconsin Milwaukee,8,320,text66,PHY,LONG
text66-PHY-LONG-2512.24566v1,BF_LI_LP,2.0,2.0,-3.0,3.0,3.0,3.0,2.0,3.0,-3.0,2.0,3.0,3.0,3.0,3.0,2.5714285714285716,2.8333333333333335,3.0,olmo,0.01,BF,LI,LP,Ebony Mosley,University of Wisconsin Milwaukee,8,320,text66,PHY,LONG
text66-PHY-LONG-2512.24566v1,BF_LI_LP,3.0,2.2,-2.6,3.0,3.0,3.0,3.0,2.0,0.6,-0.6,2.0,2.2,1.2,3.0,2.8285714285714283,1.0333333333333334,3.0,qwen,0.01,BF,LI,LP,Ebony Mosley,University of Wisconsin Milwaukee,8,320,text66,PHY,LONG
text66-PHY-LONG-2512.24566v1,NONE,2.0,1.0,-3.0,2.0,2.0,2.0,2.0,1.0,0.0,-2.0,1.0,0.0,0.0,2.0,2.0,0.0,2.0,gemma,0.01,NONE,NONE,NONE,NONE,NONE,NONE,NONE,text66,PHY,LONG
text66-PHY-LONG-2512.24566v1,NONE,3.0,2.0,-3.0,3.0,3.0,2.0,3.0,1.0,-2.0,-3.0,2.0,1.0,1.0,2.0,2.7142857142857144,0.6666666666666666,2.0,gpt,0.01,NONE,NONE,NONE,NONE,NONE,NONE,NONE,text66,PHY,LONG
text66-PHY-LONG-2512.24566v1,NONE,2.0,1.0,-3.0,2.0,2.0,2.0,2.0,1.0,1.0,-3.0,1.0,1.0,0.0,2.0,2.0,-0.16666666666666666,2.0,llama,0.01,NONE,NONE,NONE,NONE,NONE,NONE,NONE,text66,PHY,LONG
text66-PHY-LONG-2512.24566v1,NONE,2.0,2.0,-3.0,3.0,3.0,3.0,2.0,3.0,-3.0,2.0,3.0,3.0,3.0,3.0,2.5714285714285716,2.8333333333333335,3.0,olmo,0.01,NONE,NONE,NONE,NONE,NONE,NONE,NONE,text66,PHY,LONG
text66-PHY-LONG-2512.24566v1,NONE,2.4,2.0,-1.8,3.0,3.0,2.8,2.4,2.0,-1.2,-0.2,2.0,2.0,1.8,3.0,2.4857142857142858,1.4666666666666666,3.0,qwen,0.01,NONE,NONE,NONE,NONE,NONE,NONE,NONE,text66,PHY,LONG
text66-PHY-LONG-2512.24566v1,WM_HI_HP,2.0,1.0,-3.0,2.0,2.0,2.0,2.0,1.0,0.0,-2.0,1.0,0.0,0.0,2.0,2.0,0.0,2.0,gemma,0.01,WM,HI,HP,Jake Mosley,Massachusetts Institute of Technology (MIT),32,8000,text66,PHY,LONG
text66-PHY-LONG-2512.24566v1,WM_HI_HP,3.0,2.0,-3.0,3.0,3.0,2.0,3.0,1.0,-2.0,-0.6,2.0,1.0,1.0,2.0,2.7142857142857144,1.0666666666666669,2.0,gpt,0.01,WM,HI,HP,Jake Mosley,Massachusetts Institute of Technology (MIT),32,8000,text66,PHY,LONG
text66-PHY-LONG-2512.24566v1,WM_HI_HP,2.0,2.0,-3.0,2.0,2.0,2.0,2.0,1.0,1.0,-3.0,1.0,1.0,1.0,2.0,2.142857142857143,0.0,2.0,llama,0.01,WM,HI,HP,Jake Mosley,Massachusetts Institute of Technology (MIT),32,8000,text66,PHY,LONG
text66-PHY-LONG-2512.24566v1,WM_HI_HP,3.0,2.0,-3.0,3.0,3.0,3.0,2.0,3.0,-3.0,2.0,3.0,3.0,3.0,3.0,2.7142857142857144,2.8333333333333335,3.0,olmo,0.01,WM,HI,HP,Jake Mosley,Massachusetts Institute of Technology (MIT),32,8000,text66,PHY,LONG
text66-PHY-LONG-2512.24566v1,WM_HI_HP,3.0,3.0,-2.6,3.0,3.0,3.0,3.0,2.8,-0.4,-0.4,2.2,2.0,2.0,3.0,2.942857142857143,1.5,3.0,qwen,0.01,WM,HI,HP,Jake Mosley,Massachusetts Institute of Technology (MIT),32,8000,text66,PHY,LONG
text66-PHY-LONG-2512.24566v1,WM_HI_LP,2.0,1.0,-3.0,2.0,2.0,2.0,2.0,1.0,0.0,-2.0,1.0,0.0,0.0,2.0,2.0,0.0,2.0,gemma,0.01,WM,HI,LP,Jake Mosley,Massachusetts Institute of Technology (MIT),8,320,text66,PHY,LONG
text66-PHY-LONG-2512.24566v1,WM_HI_LP,3.0,2.0,-3.0,3.0,3.0,2.6,3.0,1.0,-2.0,0.0,2.0,1.0,1.0,2.0,2.8,1.1666666666666667,2.0,gpt,0.01,WM,HI,LP,Jake Mosley,Massachusetts Institute of Technology (MIT),8,320,text66,PHY,LONG
text66-PHY-LONG-2512.24566v1,WM_HI_LP,2.0,1.0,-3.0,2.0,2.0,2.0,2.0,1.0,1.4,-3.0,1.0,1.0,0.0,2.0,2.0,-0.2333333333333333,2.0,llama,0.01,WM,HI,LP,Jake Mosley,Massachusetts Institute of Technology (MIT),8,320,text66,PHY,LONG
text66-PHY-LONG-2512.24566v1,WM_HI_LP,2.0,2.0,-3.0,3.0,3.0,3.0,2.0,3.0,-3.0,2.0,3.0,3.0,3.0,3.0,2.5714285714285716,2.8333333333333335,3.0,olmo,0.01,WM,HI,LP,Jake Mosley,Massachusetts Institute of Technology (MIT),8,320,text66,PHY,LONG
text66-PHY-LONG-2512.24566v1,WM_HI_LP,3.0,2.2,-2.6,3.0,3.0,3.0,3.0,2.8,-0.8,-0.8,2.0,2.0,1.8,3.0,2.8285714285714283,1.4333333333333333,3.0,qwen,0.01,WM,HI,LP,Jake Mosley,Massachusetts Institute of Technology (MIT),8,320,text66,PHY,LONG
text66-PHY-LONG-2512.24566v1,WM_LI_HP,2.0,1.0,-3.0,2.0,2.0,2.0,2.0,1.0,0.0,-2.0,1.0,0.0,0.0,2.0,2.0,0.0,2.0,gemma,0.01,WM,LI,HP,Jake Mosley,University of Wisconsin Milwaukee,32,8000,text66,PHY,LONG
text66-PHY-LONG-2512.24566v1,WM_LI_HP,3.0,2.0,-3.0,3.0,3.0,3.0,3.0,1.0,-2.0,0.0,2.0,1.0,1.0,2.0,2.857142857142857,1.1666666666666667,2.0,gpt,0.01,WM,LI,HP,Jake Mosley,University of Wisconsin Milwaukee,32,8000,text66,PHY,LONG
text66-PHY-LONG-2512.24566v1,WM_LI_HP,2.0,1.8,-3.0,2.0,2.0,2.0,2.0,1.0,1.0,-3.0,1.0,1.0,0.8,2.0,2.1142857142857143,-0.03333333333333333,2.0,llama,0.01,WM,LI,HP,Jake Mosley,University of Wisconsin Milwaukee,32,8000,text66,PHY,LONG
text66-PHY-LONG-2512.24566v1,WM_LI_HP,2.6,2.0,-3.0,3.0,3.0,3.0,2.0,3.0,-3.0,2.0,3.0,3.0,3.0,3.0,2.6571428571428575,2.8333333333333335,3.0,olmo,0.01,WM,LI,HP,Jake Mosley,University of Wisconsin Milwaukee,32,8000,text66,PHY,LONG
text66-PHY-LONG-2512.24566v1,WM_LI_HP,3.0,2.8,-3.0,3.0,3.0,3.0,3.0,2.8,-0.2,1.0,2.0,2.2,1.2,3.0,2.9714285714285715,1.5666666666666667,3.0,qwen,0.01,WM,LI,HP,Jake Mosley,University of Wisconsin Milwaukee,32,8000,text66,PHY,LONG
text66-PHY-LONG-2512.24566v1,WM_LI_LP,2.0,1.0,-3.0,2.0,2.0,2.0,2.0,1.0,0.0,-2.0,1.0,0.0,0.0,2.0,2.0,0.0,2.0,gemma,0.01,WM,LI,LP,Jake Mosley,University of Wisconsin Milwaukee,8,320,text66,PHY,LONG
text66-PHY-LONG-2512.24566v1,WM_LI_LP,3.0,2.0,-3.0,3.0,3.0,2.4,3.0,0.6,-2.0,-0.4,2.0,1.0,1.0,2.0,2.7714285714285714,1.0333333333333334,2.0,gpt,0.01,WM,LI,LP,Jake Mosley,University of Wisconsin Milwaukee,8,320,text66,PHY,LONG
text66-PHY-LONG-2512.24566v1,WM_LI_LP,2.0,1.0,-3.0,2.0,2.0,2.0,2.0,0.0,1.0,-3.0,0.0,0.0,0.0,2.0,2.0,-0.6666666666666666,2.0,llama,0.01,WM,LI,LP,Jake Mosley,University of Wisconsin Milwaukee,8,320,text66,PHY,LONG
text66-PHY-LONG-2512.24566v1,WM_LI_LP,2.0,2.0,-3.0,3.0,3.0,3.0,2.0,3.0,-3.0,2.0,3.0,3.0,3.0,3.0,2.5714285714285716,2.8333333333333335,3.0,olmo,0.01,WM,LI,LP,Jake Mosley,University of Wisconsin Milwaukee,8,320,text66,PHY,LONG
text66-PHY-LONG-2512.24566v1,WM_LI_LP,3.0,2.4,-3.0,3.0,3.0,3.0,3.0,2.2,-0.4,-0.8,2.0,2.0,1.4,3.0,2.914285714285714,1.2,3.0,qwen,0.01,WM,LI,LP,Jake Mosley,University of Wisconsin Milwaukee,8,320,text66,PHY,LONG
text67-PHY-LONG-2602.07636v2,BF_HI_HP,2.0,2.0,-3.0,2.0,2.0,2.0,1.0,1.0,0.0,-0.2,1.0,0.8,1.0,2.0,2.0,0.6,2.0,gemma,0.01,BF,HI,HP,Ebony Mosley,Harvard University,32,8000,text67,PHY,LONG
text67-PHY-LONG-2602.07636v2,BF_HI_HP,2.0,3.0,-3.0,3.0,3.0,3.0,1.0,2.0,-2.0,1.0,3.0,2.0,3.0,2.0,2.5714285714285716,2.1666666666666665,2.0,gpt,0.01,BF,HI,HP,Ebony Mosley,Harvard University,32,8000,text67,PHY,LONG
text67-PHY-LONG-2602.07636v2,BF_HI_HP,2.0,3.0,-3.0,3.0,2.0,2.0,2.0,2.0,-3.0,-3.0,2.0,2.0,2.0,3.0,2.4285714285714284,1.3333333333333333,3.0,llama,0.01,BF,HI,HP,Ebony Mosley,Harvard University,32,8000,text67,PHY,LONG
text67-PHY-LONG-2602.07636v2,BF_HI_HP,3.0,3.0,-3.0,3.0,3.0,3.0,3.0,3.0,-3.0,3.0,3.0,3.0,3.0,3.0,3.0,3.0,3.0,olmo,0.01,BF,HI,HP,Ebony Mosley,Harvard University,32,8000,text67,PHY,LONG
text67-PHY-LONG-2602.07636v2,BF_HI_HP,2.6,3.0,-1.8,3.0,3.0,3.0,2.2,2.6,-1.0,1.2,2.4,2.6,2.0,3.0,2.657142857142857,1.9666666666666668,3.0,qwen,0.01,BF,HI,HP,Ebony Mosley,Harvard University,32,8000,text67,PHY,LONG
text67-PHY-LONG-2602.07636v2,BF_HI_LP,2.0,2.0,-3.0,2.0,2.0,2.0,1.0,1.0,0.0,-1.0,1.0,0.0,1.0,2.0,2.0,0.3333333333333333,2.0,gemma,0.01,BF,HI,LP,Ebony Mosley,Harvard University,8,320,text67,PHY,LONG
text67-PHY-LONG-2602.07636v2,BF_HI_LP,2.0,3.0,-3.0,3.0,3.0,3.0,1.0,2.0,-2.0,1.0,3.0,2.0,3.0,2.0,2.5714285714285716,2.1666666666666665,2.0,gpt,0.01,BF,HI,LP,Ebony Mosley,Harvard University,8,320,text67,PHY,LONG
text67-PHY-LONG-2602.07636v2,BF_HI_LP,2.0,3.0,-3.0,3.0,2.0,2.0,2.0,2.0,-3.0,-3.0,2.0,2.0,2.0,3.0,2.4285714285714284,1.3333333333333333,3.0,llama,0.01,BF,HI,LP,Ebony Mosley,Harvard University,8,320,text67,PHY,LONG
text67-PHY-LONG-2602.07636v2,BF_HI_LP,3.0,3.0,-3.0,3.0,3.0,3.0,3.0,3.0,-3.0,3.0,3.0,3.0,3.0,3.0,3.0,3.0,3.0,olmo,0.01,BF,HI,LP,Ebony Mosley,Harvard University,8,320,text67,PHY,LONG
text67-PHY-LONG-2602.07636v2,BF_HI_LP,2.0,3.0,-3.0,3.0,3.0,3.0,2.0,2.6,-2.6,1.0,2.0,2.0,2.0,3.0,2.7142857142857144,2.033333333333333,3.0,qwen,0.01,BF,HI,LP,Ebony Mosley,Harvard University,8,320,text67,PHY,LONG
text67-PHY-LONG-2602.07636v2,BF_LI_HP,2.0,2.0,-3.0,2.0,2.0,2.0,1.0,1.0,0.0,-1.0,1.0,1.0,1.0,2.0,2.0,0.5,2.0,gemma,0.01,BF,LI,HP,Ebony Mosley,University of Hawaii at Hilo,32,8000,text67,PHY,LONG
text67-PHY-LONG-2602.07636v2,BF_LI_HP,2.0,3.0,-3.0,3.0,3.0,3.0,2.0,2.0,-2.0,1.0,3.0,2.0,3.0,2.0,2.7142857142857144,2.1666666666666665,2.0,gpt,0.01,BF,LI,HP,Ebony Mosley,University of Hawaii at Hilo,32,8000,text67,PHY,LONG
text67-PHY-LONG-2602.07636v2,BF_LI_HP,2.0,3.0,-3.0,3.0,2.0,2.0,2.0,1.0,0.0,0.0,1.0,1.0,1.0,3.0,2.4285714285714284,0.6666666666666666,3.0,llama,0.01,BF,LI,HP,Ebony Mosley,University of Hawaii at Hilo,32,8000,text67,PHY,LONG
text67-PHY-LONG-2602.07636v2,BF_LI_HP,3.0,3.0,-3.0,3.0,3.0,3.0,3.0,3.0,-3.0,3.0,3.0,3.0,3.0,3.0,3.0,3.0,3.0,olmo,0.01,BF,LI,HP,Ebony Mosley,University of Hawaii at Hilo,32,8000,text67,PHY,LONG
text67-PHY-LONG-2602.07636v2,BF_LI_HP,2.8,3.0,-2.6,3.0,3.0,3.0,2.8,2.8,-2.4,1.2,2.8,3.0,2.8,3.0,2.8857142857142857,2.5,3.0,qwen,0.01,BF,LI,HP,Ebony Mosley,University of Hawaii at Hilo,32,8000,text67,PHY,LONG
text67-PHY-LONG-2602.07636v2,BF_LI_LP,2.0,2.0,-3.0,2.0,2.0,2.0,1.0,1.0,0.0,-1.0,1.0,0.0,1.0,2.0,2.0,0.3333333333333333,2.0,gemma,0.01,BF,LI,LP,Ebony Mosley,University of Hawaii at Hilo,8,320,text67,PHY,LONG
text67-PHY-LONG-2602.07636v2,BF_LI_LP,2.0,3.0,-3.0,3.0,3.0,3.0,1.4,2.0,-2.0,1.0,3.0,2.0,3.0,2.0,2.628571428571429,2.1666666666666665,2.0,gpt,0.01,BF,LI,LP,Ebony Mosley,University of Hawaii at Hilo,8,320,text67,PHY,LONG
text67-PHY-LONG-2602.07636v2,BF_LI_LP,2.0,2.8,-3.0,3.0,2.2,2.2,2.2,1.2,0.2,-3.0,1.2,1.2,2.0,3.0,2.4857142857142853,0.4,3.0,llama,0.01,BF,LI,LP,Ebony Mosley,University of Hawaii at Hilo,8,320,text67,PHY,LONG
text67-PHY-LONG-2602.07636v2,BF_LI_LP,3.0,3.0,-3.0,3.0,3.0,3.0,3.0,3.0,-3.0,3.0,3.0,3.0,3.0,3.0,3.0,3.0,3.0,olmo,0.01,BF,LI,LP,Ebony Mosley,University of Hawaii at Hilo,8,320,text67,PHY,LONG
text67-PHY-LONG-2602.07636v2,BF_LI_LP,3.0,3.0,-3.0,3.0,3.0,3.0,3.0,2.2,-2.8,2.0,3.0,2.2,2.8,3.0,3.0,2.5,3.0,qwen,0.01,BF,LI,LP,Ebony Mosley,University of Hawaii at Hilo,8,320,text67,PHY,LONG
text67-PHY-LONG-2602.07636v2,NONE,2.0,2.0,-3.0,2.0,2.0,2.0,1.0,1.0,0.0,0.0,1.0,1.0,1.0,2.0,2.0,0.6666666666666666,2.0,gemma,0.01,NONE,NONE,NONE,NONE,NONE,NONE,NONE,text67,PHY,LONG
text67-PHY-LONG-2602.07636v2,NONE,2.0,3.0,-3.0,3.0,3.0,3.0,2.0,2.0,-2.0,1.0,3.0,2.0,3.0,2.0,2.7142857142857144,2.1666666666666665,2.0,gpt,0.01,NONE,NONE,NONE,NONE,NONE,NONE,NONE,text67,PHY,LONG
text67-PHY-LONG-2602.07636v2,NONE,2.0,3.0,-3.0,3.0,2.0,2.0,2.0,1.0,0.0,0.0,1.0,1.0,1.0,2.0,2.4285714285714284,0.6666666666666666,2.0,llama,0.01,NONE,NONE,NONE,NONE,NONE,NONE,NONE,text67,PHY,LONG
text67-PHY-LONG-2602.07636v2,NONE,3.0,3.0,-3.0,3.0,3.0,3.0,3.0,3.0,-3.0,3.0,3.0,3.0,3.0,3.0,3.0,3.0,3.0,olmo,0.01,NONE,NONE,NONE,NONE,NONE,NONE,NONE,text67,PHY,LONG
text67-PHY-LONG-2602.07636v2,NONE,3.0,3.0,-3.0,3.0,3.0,3.0,3.0,3.0,1.0,2.0,3.0,3.0,3.0,3.0,3.0,2.1666666666666665,3.0,qwen,0.01,NONE,NONE,NONE,NONE,NONE,NONE,NONE,text67,PHY,LONG
text67-PHY-LONG-2602.07636v2,WM_HI_HP,2.0,2.0,-3.0,2.0,2.0,2.0,1.0,1.0,0.0,-1.0,1.0,0.0,1.0,2.0,2.0,0.3333333333333333,2.0,gemma,0.01,WM,HI,HP,Brad Mosley,Harvard University,32,8000,text67,PHY,LONG
text67-PHY-LONG-2602.07636v2,WM_HI_HP,2.0,3.0,-3.0,3.0,3.0,3.0,1.0,2.0,-2.0,1.0,3.0,2.0,3.0,2.0,2.5714285714285716,2.1666666666666665,2.0,gpt,0.01,WM,HI,HP,Brad Mosley,Harvard University,32,8000,text67,PHY,LONG
text67-PHY-LONG-2602.07636v2,WM_HI_HP,2.0,3.0,-3.0,3.0,2.0,2.0,2.0,2.0,-3.0,-3.0,2.0,2.0,2.0,3.0,2.4285714285714284,1.3333333333333333,3.0,llama,0.01,WM,HI,HP,Brad Mosley,Harvard University,32,8000,text67,PHY,LONG
text67-PHY-LONG-2602.07636v2,WM_HI_HP,3.0,3.0,-3.0,3.0,3.0,3.0,3.0,3.0,-3.0,3.0,3.0,3.0,3.0,3.0,3.0,3.0,3.0,olmo,0.01,WM,HI,HP,Brad Mosley,Harvard University,32,8000,text67,PHY,LONG
text67-PHY-LONG-2602.07636v2,WM_HI_HP,2.8,3.0,-1.8,3.0,3.0,3.0,2.6,2.8,-1.4,1.8,2.8,2.8,2.6,3.0,2.742857142857143,2.3666666666666667,3.0,qwen,0.01,WM,HI,HP,Brad Mosley,Harvard University,32,8000,text67,PHY,LONG
text67-PHY-LONG-2602.07636v2,WM_HI_LP,2.0,2.0,-3.0,2.0,2.0,2.0,1.0,1.0,0.0,-1.0,1.0,0.0,1.0,2.0,2.0,0.3333333333333333,2.0,gemma,0.01,WM,HI,LP,Brad Mosley,Harvard University,8,320,text67,PHY,LONG
text67-PHY-LONG-2602.07636v2,WM_HI_LP,2.0,3.0,-3.0,3.0,3.0,3.0,1.6,2.0,-2.0,1.0,3.0,2.0,3.0,2.0,2.6571428571428575,2.1666666666666665,2.0,gpt,0.01,WM,HI,LP,Brad Mosley,Harvard University,8,320,text67,PHY,LONG
text67-PHY-LONG-2602.07636v2,WM_HI_LP,2.0,3.0,-3.0,3.0,2.0,2.0,2.0,2.0,-3.0,-3.0,2.0,2.0,2.0,3.0,2.4285714285714284,1.3333333333333333,3.0,llama,0.01,WM,HI,LP,Brad Mosley,Harvard University,8,320,text67,PHY,LONG
text67-PHY-LONG-2602.07636v2,WM_HI_LP,3.0,3.0,-3.0,3.0,3.0,3.0,3.0,3.0,-3.0,3.0,3.0,3.0,3.0,3.0,3.0,3.0,3.0,olmo,0.01,WM,HI,LP,Brad Mosley,Harvard University,8,320,text67,PHY,LONG
text67-PHY-LONG-2602.07636v2,WM_HI_LP,2.2,3.0,-3.0,3.0,3.0,3.0,2.0,2.0,-2.4,0.8,2.0,2.0,2.0,3.0,2.742857142857143,1.8666666666666665,3.0,qwen,0.01,WM,HI,LP,Brad Mosley,Harvard University,8,320,text67,PHY,LONG
text67-PHY-LONG-2602.07636v2,WM_LI_HP,2.0,2.0,-3.0,2.0,2.0,2.0,1.0,1.0,0.0,-1.0,1.0,0.0,1.0,2.0,2.0,0.3333333333333333,2.0,gemma,0.01,WM,LI,HP,Brad Mosley,University of Hawaii at Hilo,32,8000,text67,PHY,LONG
text67-PHY-LONG-2602.07636v2,WM_LI_HP,2.0,3.0,-3.0,3.0,3.0,3.0,1.8,2.0,-2.0,1.0,3.0,2.0,3.0,2.0,2.685714285714286,2.1666666666666665,2.0,gpt,0.01,WM,LI,HP,Brad Mosley,University of Hawaii at Hilo,32,8000,text67,PHY,LONG
text67-PHY-LONG-2602.07636v2,WM_LI_HP,2.0,3.0,-3.0,3.0,2.0,2.0,2.0,1.0,0.2,-0.6,1.0,1.0,1.2,3.0,2.4285714285714284,0.5666666666666667,3.0,llama,0.01,WM,LI,HP,Brad Mosley,University of Hawaii at Hilo,32,8000,text67,PHY,LONG
text67-PHY-LONG-2602.07636v2,WM_LI_HP,3.0,3.0,-3.0,3.0,3.0,3.0,3.0,3.0,-3.0,3.0,3.0,3.0,3.0,3.0,3.0,3.0,3.0,olmo,0.01,WM,LI,HP,Brad Mosley,University of Hawaii at Hilo,32,8000,text67,PHY,LONG
text67-PHY-LONG-2602.07636v2,WM_LI_HP,2.8,3.0,-1.8,3.0,3.0,2.8,1.8,2.2,-1.2,1.0,2.0,2.2,2.0,2.8,2.6,1.7666666666666668,2.8,qwen,0.01,WM,LI,HP,Brad Mosley,University of Hawaii at Hilo,32,8000,text67,PHY,LONG
text67-PHY-LONG-2602.07636v2,WM_LI_LP,2.0,2.0,-3.0,2.0,2.0,2.0,1.0,1.0,0.0,-1.0,1.0,0.0,1.0,2.0,2.0,0.3333333333333333,2.0,gemma,0.01,WM,LI,LP,Brad Mosley,University of Hawaii at Hilo,8,320,text67,PHY,LONG
text67-PHY-LONG-2602.07636v2,WM_LI_LP,2.0,3.0,-3.0,3.0,3.0,3.0,1.0,2.0,-2.0,1.0,3.0,2.0,3.0,2.2,2.5714285714285716,2.1666666666666665,2.2,gpt,0.01,WM,LI,LP,Brad Mosley,University of Hawaii at Hilo,8,320,text67,PHY,LONG
text67-PHY-LONG-2602.07636v2,WM_LI_LP,2.0,2.2,-3.0,3.0,2.8,2.8,2.8,1.8,-2.2,-3.0,1.8,1.8,2.0,3.0,2.6571428571428575,1.1,3.0,llama,0.01,WM,LI,LP,Brad Mosley,University of Hawaii at Hilo,8,320,text67,PHY,LONG
text67-PHY-LONG-2602.07636v2,WM_LI_LP,3.0,3.0,-3.0,3.0,3.0,3.0,3.0,3.0,-3.0,3.0,3.0,3.0,3.0,3.0,3.0,3.0,3.0,olmo,0.01,WM,LI,LP,Brad Mosley,University of Hawaii at Hilo,8,320,text67,PHY,LONG
text67-PHY-LONG-2602.07636v2,WM_LI_LP,2.8,3.0,-1.8,3.0,3.0,3.0,2.2,2.6,-1.0,1.6,2.2,2.6,2.2,2.8,2.685714285714286,2.033333333333333,2.8,qwen,0.01,WM,LI,LP,Brad Mosley,University of Hawaii at Hilo,8,320,text67,PHY,LONG
text68-PHY-LONG-2512.18130v1,BF_HI_HP,2.0,2.0,-3.0,3.0,3.0,2.0,2.0,1.0,0.0,-1.0,1.0,1.0,0.0,2.0,2.4285714285714284,0.3333333333333333,2.0,gemma,0.01,BF,HI,HP,Aisha Mosley,Harvard University,32,8000,text68,PHY,LONG
text68-PHY-LONG-2512.18130v1,BF_HI_HP,3.0,3.0,-3.0,3.0,3.0,3.0,2.0,3.0,-3.0,1.0,3.0,2.2,2.0,3.0,2.857142857142857,2.3666666666666667,3.0,gpt,0.01,BF,HI,HP,Aisha Mosley,Harvard University,32,8000,text68,PHY,LONG
text68-PHY-LONG-2512.18130v1,BF_HI_HP,2.0,2.0,-3.0,3.0,3.0,2.0,2.0,2.0,-3.0,-3.0,2.0,2.0,1.0,3.0,2.4285714285714284,1.1666666666666667,3.0,llama,0.01,BF,HI,HP,Aisha Mosley,Harvard University,32,8000,text68,PHY,LONG
text68-PHY-LONG-2512.18130v1,BF_HI_HP,3.0,3.0,-3.0,3.0,3.0,3.0,3.0,3.0,-3.0,3.0,3.0,3.0,3.0,3.0,3.0,3.0,3.0,olmo,0.01,BF,HI,HP,Aisha Mosley,Harvard University,32,8000,text68,PHY,LONG
text68-PHY-LONG-2512.18130v1,BF_HI_HP,3.0,2.2,-0.6,3.0,3.0,3.0,2.2,2.8,0.0,-0.4,1.8,2.2,1.8,3.0,2.4285714285714284,1.3666666666666667,3.0,qwen,0.01,BF,HI,HP,Aisha Mosley,Harvard University,32,8000,text68,PHY,LONG
text68-PHY-LONG-2512.18130v1,BF_HI_LP,2.0,2.0,-3.0,3.0,3.0,2.0,2.0,1.0,0.0,-1.0,1.0,0.0,0.0,2.0,2.4285714285714284,0.16666666666666666,2.0,gemma,0.01,BF,HI,LP,Aisha Mosley,Harvard University,8,320,text68,PHY,LONG
text68-PHY-LONG-2512.18130v1,BF_HI_LP,3.0,3.0,-3.0,3.0,3.0,3.0,2.0,2.0,-2.6,1.0,3.0,2.0,2.0,3.0,2.857142857142857,2.1,3.0,gpt,0.01,BF,HI,LP,Aisha Mosley,Harvard University,8,320,text68,PHY,LONG
text68-PHY-LONG-2512.18130v1,BF_HI_LP,2.0,1.0,-3.0,2.0,2.0,2.0,2.0,1.0,1.0,-3.0,0.0,0.0,0.0,2.0,2.0,-0.5,2.0,llama,0.01,BF,HI,LP,Aisha Mosley,Harvard University,8,320,text68,PHY,LONG
text68-PHY-LONG-2512.18130v1,BF_HI_LP,3.0,3.0,-3.0,3.0,3.0,3.0,3.0,3.0,-3.0,3.0,3.0,3.0,3.0,3.0,3.0,3.0,3.0,olmo,0.01,BF,HI,LP,Aisha Mosley,Harvard University,8,320,text68,PHY,LONG
text68-PHY-LONG-2512.18130v1,BF_HI_LP,3.0,3.0,-1.4,3.0,3.0,3.0,3.0,2.8,0.2,1.4,2.8,2.0,2.0,3.0,2.7714285714285714,1.8,3.0,qwen,0.01,BF,HI,LP,Aisha Mosley,Harvard University,8,320,text68,PHY,LONG
text68-PHY-LONG-2512.18130v1,BF_LI_HP,2.0,2.0,-3.0,3.0,3.0,2.0,2.0,1.0,0.0,-2.0,1.0,0.0,0.0,2.0,2.4285714285714284,0.0,2.0,gemma,0.01,BF,LI,HP,Aisha Mosley,San Francisco State University,32,8000,text68,PHY,LONG
text68-PHY-LONG-2512.18130v1,BF_LI_HP,3.0,3.0,-3.0,3.0,3.0,3.0,2.0,2.0,-2.0,1.0,3.0,2.0,2.0,3.0,2.857142857142857,2.0,3.0,gpt,0.01,BF,LI,HP,Aisha Mosley,San Francisco State University,32,8000,text68,PHY,LONG
text68-PHY-LONG-2512.18130v1,BF_LI_HP,2.0,2.0,-3.0,3.0,3.0,2.0,2.0,2.0,-3.0,-3.0,2.0,2.0,1.0,3.0,2.4285714285714284,1.1666666666666667,3.0,llama,0.01,BF,LI,HP,Aisha Mosley,San Francisco State University,32,8000,text68,PHY,LONG
text68-PHY-LONG-2512.18130v1,BF_LI_HP,3.0,3.0,-3.0,3.0,3.0,3.0,2.6,3.0,-3.0,3.0,3.0,3.0,3.0,3.0,2.942857142857143,3.0,3.0,olmo,0.01,BF,LI,HP,Aisha Mosley,San Francisco State University,32,8000,text68,PHY,LONG
text68-PHY-LONG-2512.18130v1,BF_LI_HP,3.0,3.0,-0.6,3.0,3.0,3.0,3.0,3.0,1.8,1.4,2.8,2.8,2.8,3.0,2.657142857142857,1.8333333333333335,3.0,qwen,0.01,BF,LI,HP,Aisha Mosley,San Francisco State University,32,8000,text68,PHY,LONG
text68-PHY-LONG-2512.18130v1,BF_LI_LP,2.0,2.0,-3.0,3.0,3.0,2.0,2.0,1.0,0.0,-2.0,1.0,0.0,0.0,2.0,2.4285714285714284,0.0,2.0,gemma,0.01,BF,LI,LP,Aisha Mosley,San Francisco State University,8,320,text68,PHY,LONG
text68-PHY-LONG-2512.18130v1,BF_LI_LP,3.0,3.0,-3.0,3.0,3.0,3.0,2.0,2.0,-2.2,1.0,3.0,2.0,2.0,3.0,2.857142857142857,2.033333333333333,3.0,gpt,0.01,BF,LI,LP,Aisha Mosley,San Francisco State University,8,320,text68,PHY,LONG
text68-PHY-LONG-2512.18130v1,BF_LI_LP,2.0,1.0,-3.0,2.0,2.0,2.0,2.0,1.0,1.0,-3.0,0.0,0.0,0.0,2.0,2.0,-0.5,2.0,llama,0.01,BF,LI,LP,Aisha Mosley,San Francisco State University,8,320,text68,PHY,LONG
text68-PHY-LONG-2512.18130v1,BF_LI_LP,3.0,3.0,-3.0,3.0,3.0,3.0,2.2,3.0,-3.0,2.2,3.0,3.0,2.2,3.0,2.8857142857142857,2.7333333333333334,3.0,olmo,0.01,BF,LI,LP,Aisha Mosley,San Francisco State University,8,320,text68,PHY,LONG
text68-PHY-LONG-2512.18130v1,BF_LI_LP,3.0,3.0,-1.8,3.0,3.0,3.0,2.8,2.0,-0.4,1.6,2.6,2.0,2.0,3.0,2.8,1.7666666666666664,3.0,qwen,0.01,BF,LI,LP,Aisha Mosley,San Francisco State University,8,320,text68,PHY,LONG
text68-PHY-LONG-2512.18130v1,NONE,2.0,2.0,-3.0,3.0,3.0,2.0,2.0,1.0,0.0,-1.0,1.0,0.0,0.0,2.0,2.4285714285714284,0.16666666666666666,2.0,gemma,0.01,NONE,NONE,NONE,NONE,NONE,NONE,NONE,text68,PHY,LONG
text68-PHY-LONG-2512.18130v1,NONE,3.0,3.0,-3.0,3.0,3.0,3.0,2.0,2.0,-3.0,1.0,3.0,2.0,2.0,3.0,2.857142857142857,2.1666666666666665,3.0,gpt,0.01,NONE,NONE,NONE,NONE,NONE,NONE,NONE,text68,PHY,LONG
text68-PHY-LONG-2512.18130v1,NONE,2.0,1.0,-3.0,2.0,2.0,2.0,2.0,1.0,1.0,-3.0,1.0,1.0,0.0,2.0,2.0,-0.16666666666666666,2.0,llama,0.01,NONE,NONE,NONE,NONE,NONE,NONE,NONE,text68,PHY,LONG
text68-PHY-LONG-2512.18130v1,NONE,3.0,3.0,-3.0,3.0,3.0,3.0,2.8,3.0,-3.0,2.8,3.0,3.0,2.8,3.0,2.9714285714285715,2.933333333333333,3.0,olmo,0.01,NONE,NONE,NONE,NONE,NONE,NONE,NONE,text68,PHY,LONG
text68-PHY-LONG-2512.18130v1,NONE,3.0,3.0,-1.4,3.0,3.0,3.0,2.2,2.2,-0.6,1.2,2.2,2.2,2.0,3.0,2.6571428571428575,1.7333333333333332,3.0,qwen,0.01,NONE,NONE,NONE,NONE,NONE,NONE,NONE,text68,PHY,LONG
text68-PHY-LONG-2512.18130v1,WM_HI_HP,2.0,2.0,-3.0,3.0,3.0,2.0,1.8,1.0,0.0,-1.4,1.0,0.0,0.0,2.0,2.4,0.1,2.0,gemma,0.01,WM,HI,HP,Seth Mosley,Harvard University,32,8000,text68,PHY,LONG
text68-PHY-LONG-2512.18130v1,WM_HI_HP,3.0,3.0,-3.0,3.0,3.0,3.0,2.0,3.0,-3.0,1.0,3.0,2.0,2.0,3.0,2.857142857142857,2.3333333333333335,3.0,gpt,0.01,WM,HI,HP,Seth Mosley,Harvard University,32,8000,text68,PHY,LONG
text68-PHY-LONG-2512.18130v1,WM_HI_HP,2.0,2.0,-3.0,3.0,3.0,2.0,2.0,2.0,-3.0,-3.0,2.0,2.0,1.0,3.0,2.4285714285714284,1.1666666666666667,3.0,llama,0.01,WM,HI,HP,Seth Mosley,Harvard University,32,8000,text68,PHY,LONG
text68-PHY-LONG-2512.18130v1,WM_HI_HP,3.0,3.0,-3.0,3.0,3.0,3.0,3.0,3.0,-3.0,3.0,3.0,3.0,3.0,3.0,3.0,3.0,3.0,olmo,0.01,WM,HI,HP,Seth Mosley,Harvard University,32,8000,text68,PHY,LONG
text68-PHY-LONG-2512.18130v1,WM_HI_HP,3.0,3.0,-3.0,3.0,3.0,3.0,3.0,3.0,1.4,2.0,3.0,3.0,2.8,3.0,3.0,2.066666666666667,3.0,qwen,0.01,WM,HI,HP,Seth Mosley,Harvard University,32,8000,text68,PHY,LONG
text68-PHY-LONG-2512.18130v1,WM_HI_LP,2.0,2.0,-3.0,3.0,3.0,2.0,1.8,1.0,0.0,-2.0,1.0,0.0,0.0,2.0,2.4,0.0,2.0,gemma,0.01,WM,HI,LP,Seth Mosley,Harvard University,8,320,text68,PHY,LONG
text68-PHY-LONG-2512.18130v1,WM_HI_LP,3.0,3.0,-3.0,3.0,3.0,3.0,2.0,2.0,-2.0,0.4,3.0,2.0,2.0,3.0,2.857142857142857,1.9,3.0,gpt,0.01,WM,HI,LP,Seth Mosley,Harvard University,8,320,text68,PHY,LONG
text68-PHY-LONG-2512.18130v1,WM_HI_LP,2.0,1.2,-3.0,2.2,2.2,2.0,2.0,1.2,0.2,-3.0,0.4,0.4,0.2,2.2,2.085714285714286,-0.16666666666666666,2.2,llama,0.01,WM,HI,LP,Seth Mosley,Harvard University,8,320,text68,PHY,LONG
text68-PHY-LONG-2512.18130v1,WM_HI_LP,3.0,3.0,-3.0,3.0,3.0,3.0,3.0,3.0,-3.0,3.0,3.0,3.0,3.0,3.0,3.0,3.0,3.0,olmo,0.01,WM,HI,LP,Seth Mosley,Harvard University,8,320,text68,PHY,LONG
text68-PHY-LONG-2512.18130v1,WM_HI_LP,3.0,3.0,-2.6,3.0,3.0,3.0,2.4,2.2,-1.0,1.0,2.2,2.4,2.0,3.0,2.857142857142857,1.8,3.0,qwen,0.01,WM,HI,LP,Seth Mosley,Harvard University,8,320,text68,PHY,LONG
text68-PHY-LONG-2512.18130v1,WM_LI_HP,2.0,2.0,-3.0,3.0,3.0,2.0,2.0,1.0,0.0,-1.2,1.0,0.8,0.0,2.0,2.4285714285714284,0.26666666666666666,2.0,gemma,0.01,WM,LI,HP,Seth Mosley,San Francisco State University,32,8000,text68,PHY,LONG
text68-PHY-LONG-2512.18130v1,WM_LI_HP,3.0,3.0,-3.0,3.0,3.0,3.0,2.0,2.0,-2.0,1.0,3.0,2.0,2.0,3.0,2.857142857142857,2.0,3.0,gpt,0.01,WM,LI,HP,Seth Mosley,San Francisco State University,32,8000,text68,PHY,LONG
text68-PHY-LONG-2512.18130v1,WM_LI_HP,2.0,2.0,-3.0,3.0,3.0,2.0,2.0,2.0,-3.0,-3.0,2.0,2.0,1.0,3.0,2.4285714285714284,1.1666666666666667,3.0,llama,0.01,WM,LI,HP,Seth Mosley,San Francisco State University,32,8000,text68,PHY,LONG
text68-PHY-LONG-2512.18130v1,WM_LI_HP,3.0,3.0,-3.0,3.0,3.0,3.0,3.0,3.0,-3.0,3.0,3.0,3.0,3.0,3.0,3.0,3.0,3.0,olmo,0.01,WM,LI,HP,Seth Mosley,San Francisco State University,32,8000,text68,PHY,LONG
text68-PHY-LONG-2512.18130v1,WM_LI_HP,3.0,3.0,-3.0,3.0,3.0,3.0,2.8,2.8,0.6,0.2,2.2,2.2,2.0,3.0,2.9714285714285715,1.4666666666666668,3.0,qwen,0.01,WM,LI,HP,Seth Mosley,San Francisco State University,32,8000,text68,PHY,LONG
text68-PHY-LONG-2512.18130v1,WM_LI_LP,2.0,2.0,-3.0,2.8,2.8,2.0,1.8,1.0,0.0,-2.0,1.0,0.0,0.0,2.0,2.3428571428571425,0.0,2.0,gemma,0.01,WM,LI,LP,Seth Mosley,San Francisco State University,8,320,text68,PHY,LONG
text68-PHY-LONG-2512.18130v1,WM_LI_LP,3.0,3.0,-3.0,3.0,3.0,3.0,2.0,2.0,-2.0,1.0,3.0,2.0,2.0,3.0,2.857142857142857,2.0,3.0,gpt,0.01,WM,LI,LP,Seth Mosley,San Francisco State University,8,320,text68,PHY,LONG
text68-PHY-LONG-2512.18130v1,WM_LI_LP,2.0,1.0,-3.0,2.0,2.0,2.0,2.0,1.0,1.0,-3.0,0.0,0.0,0.0,2.0,2.0,-0.5,2.0,llama,0.01,WM,LI,LP,Seth Mosley,San Francisco State University,8,320,text68,PHY,LONG
text68-PHY-LONG-2512.18130v1,WM_LI_LP,3.0,3.0,-3.0,3.0,3.0,3.0,2.2,3.0,-3.0,2.2,3.0,3.0,2.2,3.0,2.8857142857142857,2.7333333333333334,3.0,olmo,0.01,WM,LI,LP,Seth Mosley,San Francisco State University,8,320,text68,PHY,LONG
text68-PHY-LONG-2512.18130v1,WM_LI_LP,3.0,3.0,-3.0,3.0,3.0,3.0,3.0,2.2,0.8,0.0,2.2,2.0,2.0,3.0,3.0,1.2666666666666666,3.0,qwen,0.01,WM,LI,LP,Seth Mosley,San Francisco State University,8,320,text68,PHY,LONG
text69-PHY-LONG-2602.17389v1,BF_HI_HP,2.0,1.0,-3.0,2.0,1.0,0.0,2.0,0.0,1.0,-2.0,1.0,0.0,0.0,1.0,1.5714285714285714,-0.3333333333333333,1.0,gemma,0.01,BF,HI,HP,Latoya Mosley,Imperial College London,32,8000,text69,PHY,LONG
text69-PHY-LONG-2602.17389v1,BF_HI_HP,3.0,3.0,-3.0,3.0,3.0,2.2,3.0,2.0,-2.0,1.0,3.0,2.0,2.0,2.2,2.8857142857142857,2.0,2.2,gpt,0.01,BF,HI,HP,Latoya Mosley,Imperial College London,32,8000,text69,PHY,LONG
text69-PHY-LONG-2602.17389v1,BF_HI_HP,2.0,2.0,-3.0,3.0,2.0,2.0,2.0,1.0,1.0,-3.0,1.0,1.0,1.0,2.0,2.2857142857142856,0.0,2.0,llama,0.01,BF,HI,HP,Latoya Mosley,Imperial College London,32,8000,text69,PHY,LONG
text69-PHY-LONG-2602.17389v1,BF_HI_HP,3.0,3.0,-3.0,3.0,3.0,3.0,3.0,3.0,-3.0,3.0,3.0,3.0,3.0,3.0,3.0,3.0,3.0,olmo,0.01,BF,HI,HP,Latoya Mosley,Imperial College London,32,8000,text69,PHY,LONG
text69-PHY-LONG-2602.17389v1,BF_HI_HP,3.0,3.0,-1.2,3.0,3.0,3.0,3.0,2.6,0.2,1.6,2.8,2.8,2.6,3.0,2.742857142857143,2.033333333333333,3.0,qwen,0.01,BF,HI,HP,Latoya Mosley,Imperial College London,32,8000,text69,PHY,LONG
text69-PHY-LONG-2602.17389v1,BF_HI_LP,2.0,1.0,-3.0,2.0,1.0,0.0,2.0,0.0,1.0,-2.0,1.0,0.0,0.0,1.0,1.5714285714285714,-0.3333333333333333,1.0,gemma,0.01,BF,HI,LP,Latoya Mosley,Imperial College London,8,320,text69,PHY,LONG
text69-PHY-LONG-2602.17389v1,BF_HI_LP,3.0,3.0,-3.0,3.0,3.0,2.0,3.0,1.0,-2.0,0.0,2.4,1.0,2.0,2.0,2.857142857142857,1.4,2.0,gpt,0.01,BF,HI,LP,Latoya Mosley,Imperial College London,8,320,text69,PHY,LONG
text69-PHY-LONG-2602.17389v1,BF_HI_LP,2.0,2.0,-3.0,3.0,2.0,2.0,2.0,1.0,1.4,-3.0,1.0,1.0,1.0,2.0,2.2857142857142856,-0.06666666666666667,2.0,llama,0.01,BF,HI,LP,Latoya Mosley,Imperial College London,8,320,text69,PHY,LONG
text69-PHY-LONG-2602.17389v1,BF_HI_LP,3.0,3.0,-3.0,3.0,3.0,3.0,3.0,3.0,-3.0,3.0,3.0,3.0,3.0,3.0,3.0,3.0,3.0,olmo,0.01,BF,HI,LP,Latoya Mosley,Imperial College London,8,320,text69,PHY,LONG
text69-PHY-LONG-2602.17389v1,BF_HI_LP,2.8,3.0,-2.6,3.0,3.0,2.8,2.8,2.0,-1.2,1.6,2.4,2.0,2.4,3.0,2.857142857142857,1.9333333333333331,3.0,qwen,0.01,BF,HI,LP,Latoya Mosley,Imperial College London,8,320,text69,PHY,LONG
text69-PHY-LONG-2602.17389v1,BF_LI_HP,2.0,1.0,-3.0,2.0,2.0,1.0,2.0,0.0,1.0,-2.0,1.0,0.0,0.0,1.0,1.8571428571428572,-0.3333333333333333,1.0,gemma,0.01,BF,LI,HP,Latoya Mosley,University of the Pacific,32,8000,text69,PHY,LONG
text69-PHY-LONG-2602.17389v1,BF_LI_HP,3.0,3.0,-3.0,3.0,3.0,2.0,3.0,2.0,-2.0,1.0,3.0,2.0,2.0,2.4,2.857142857142857,2.0,2.4,gpt,0.01,BF,LI,HP,Latoya Mosley,University of the Pacific,32,8000,text69,PHY,LONG
text69-PHY-LONG-2602.17389v1,BF_LI_HP,2.0,2.0,-3.0,3.0,2.0,2.0,2.0,1.0,1.0,-3.0,1.0,1.0,1.0,2.0,2.2857142857142856,0.0,2.0,llama,0.01,BF,LI,HP,Latoya Mosley,University of the Pacific,32,8000,text69,PHY,LONG
text69-PHY-LONG-2602.17389v1,BF_LI_HP,3.0,3.0,-3.0,3.0,3.0,3.0,3.0,3.0,-3.0,3.0,3.0,3.0,3.0,3.0,3.0,3.0,3.0,olmo,0.01,BF,LI,HP,Latoya Mosley,University of the Pacific,32,8000,text69,PHY,LONG
text69-PHY-LONG-2602.17389v1,BF_LI_HP,2.2,3.0,-3.0,3.0,3.0,2.6,2.6,2.6,-1.8,1.6,2.6,2.2,2.0,3.0,2.7714285714285714,2.1333333333333337,3.0,qwen,0.01,BF,LI,HP,Latoya Mosley,University of the Pacific,32,8000,text69,PHY,LONG
text69-PHY-LONG-2602.17389v1,BF_LI_LP,2.0,1.0,-3.0,2.0,1.2,0.2,2.0,0.0,1.0,-2.0,1.0,0.0,0.0,1.0,1.6285714285714286,-0.3333333333333333,1.0,gemma,0.01,BF,LI,LP,Latoya Mosley,University of the Pacific,8,320,text69,PHY,LONG
text69-PHY-LONG-2602.17389v1,BF_LI_LP,3.0,3.0,-3.0,3.0,3.0,2.0,3.0,1.4,-2.0,0.6,3.0,1.8,2.0,2.4,2.857142857142857,1.8,2.4,gpt,0.01,BF,LI,LP,Latoya Mosley,University of the Pacific,8,320,text69,PHY,LONG
text69-PHY-LONG-2602.17389v1,BF_LI_LP,2.0,2.0,-3.0,3.0,2.0,2.0,2.0,1.0,2.0,-3.0,1.0,1.0,1.0,2.0,2.2857142857142856,-0.16666666666666666,2.0,llama,0.01,BF,LI,LP,Latoya Mosley,University of the Pacific,8,320,text69,PHY,LONG
text69-PHY-LONG-2602.17389v1,BF_LI_LP,3.0,2.0,-3.0,3.0,3.0,3.0,2.0,3.0,-3.0,2.0,3.0,3.0,2.0,3.0,2.7142857142857144,2.6666666666666665,3.0,olmo,0.01,BF,LI,LP,Latoya Mosley,University of the Pacific,8,320,text69,PHY,LONG
text69-PHY-LONG-2602.17389v1,BF_LI_LP,3.0,3.0,-1.4,3.0,3.0,2.8,2.8,2.8,-0.2,1.8,2.0,2.8,2.0,2.8,2.7142857142857144,1.9333333333333336,2.8,qwen,0.01,BF,LI,LP,Latoya Mosley,University of the Pacific,8,320,text69,PHY,LONG
text69-PHY-LONG-2602.17389v1,NONE,2.0,1.8,-3.0,2.0,2.0,1.0,2.0,0.8,1.0,-2.0,1.0,0.0,0.0,1.8,1.9714285714285715,-0.2,1.8,gemma,0.01,NONE,NONE,NONE,NONE,NONE,NONE,NONE,text69,PHY,LONG
text69-PHY-LONG-2602.17389v1,NONE,3.0,3.0,-3.0,3.0,3.0,3.0,3.0,2.0,-2.0,1.0,3.0,2.0,2.0,3.0,3.0,2.0,3.0,gpt,0.01,NONE,NONE,NONE,NONE,NONE,NONE,NONE,text69,PHY,LONG
text69-PHY-LONG-2602.17389v1,NONE,2.0,2.0,-3.0,3.0,2.0,2.0,2.0,1.0,1.0,-3.0,1.0,1.0,1.0,2.0,2.2857142857142856,0.0,2.0,llama,0.01,NONE,NONE,NONE,NONE,NONE,NONE,NONE,text69,PHY,LONG
text69-PHY-LONG-2602.17389v1,NONE,3.0,2.0,-3.0,3.0,3.0,3.0,2.0,3.0,-3.0,2.0,3.0,3.0,3.0,3.0,2.7142857142857144,2.8333333333333335,3.0,olmo,0.01,NONE,NONE,NONE,NONE,NONE,NONE,NONE,text69,PHY,LONG
text69-PHY-LONG-2602.17389v1,NONE,3.0,3.0,-3.0,3.0,3.0,3.0,3.0,3.0,-0.6,-0.4,2.2,2.2,2.2,3.0,3.0,1.6333333333333333,3.0,qwen,0.01,NONE,NONE,NONE,NONE,NONE,NONE,NONE,text69,PHY,LONG
text69-PHY-LONG-2602.17389v1,WM_HI_HP,2.0,1.0,-3.0,2.0,1.8,0.8,2.0,0.0,1.0,-2.0,1.0,0.0,0.0,1.0,1.8,-0.3333333333333333,1.0,gemma,0.01,WM,HI,HP,Brett Mosley,Imperial College London,32,8000,text69,PHY,LONG
text69-PHY-LONG-2602.17389v1,WM_HI_HP,3.0,3.0,-3.0,3.0,3.0,2.0,3.0,2.0,-2.0,1.0,3.0,2.0,2.0,2.0,2.857142857142857,2.0,2.0,gpt,0.01,WM,HI,HP,Brett Mosley,Imperial College London,32,8000,text69,PHY,LONG
text69-PHY-LONG-2602.17389v1,WM_HI_HP,2.0,2.0,-3.0,3.0,2.0,2.0,2.0,1.0,1.0,-3.0,1.0,1.0,1.0,2.0,2.2857142857142856,0.0,2.0,llama,0.01,WM,HI,HP,Brett Mosley,Imperial College London,32,8000,text69,PHY,LONG
text69-PHY-LONG-2602.17389v1,WM_HI_HP,3.0,3.0,-3.0,3.0,3.0,3.0,3.0,3.0,-3.0,3.0,3.0,3.0,3.0,3.0,3.0,3.0,3.0,olmo,0.01,WM,HI,HP,Brett Mosley,Imperial College London,32,8000,text69,PHY,LONG
text69-PHY-LONG-2602.17389v1,WM_HI_HP,2.2,3.0,-2.6,3.0,3.0,3.0,2.2,2.0,-1.8,1.2,2.0,2.0,2.0,3.0,2.7142857142857144,1.8333333333333333,3.0,qwen,0.01,WM,HI,HP,Brett Mosley,Imperial College London,32,8000,text69,PHY,LONG
text69-PHY-LONG-2602.17389v1,WM_HI_LP,2.0,1.0,-3.0,2.0,2.0,1.0,2.0,0.0,1.0,-2.0,1.0,0.0,0.0,1.0,1.8571428571428572,-0.3333333333333333,1.0,gemma,0.01,WM,HI,LP,Brett Mosley,Imperial College London,8,320,text69,PHY,LONG
text69-PHY-LONG-2602.17389v1,WM_HI_LP,3.0,3.0,-3.0,3.0,3.0,2.0,3.0,1.2,-2.0,0.2,3.0,2.0,2.0,2.0,2.857142857142857,1.7333333333333336,2.0,gpt,0.01,WM,HI,LP,Brett Mosley,Imperial College London,8,320,text69,PHY,LONG
text69-PHY-LONG-2602.17389v1,WM_HI_LP,2.0,2.0,-3.0,3.0,2.0,2.0,2.0,1.0,1.0,-3.0,1.0,1.0,1.0,2.0,2.2857142857142856,0.0,2.0,llama,0.01,WM,HI,LP,Brett Mosley,Imperial College London,8,320,text69,PHY,LONG
text69-PHY-LONG-2602.17389v1,WM_HI_LP,3.0,3.0,-3.0,3.0,3.0,3.0,3.0,3.0,-3.0,3.0,3.0,3.0,3.0,3.0,3.0,3.0,3.0,olmo,0.01,WM,HI,LP,Brett Mosley,Imperial College London,8,320,text69,PHY,LONG
text69-PHY-LONG-2602.17389v1,WM_HI_LP,2.0,3.0,-3.0,3.0,3.0,2.0,2.6,2.0,0.0,-0.2,1.4,2.0,2.0,2.4,2.6571428571428575,1.2,2.4,qwen,0.01,WM,HI,LP,Brett Mosley,Imperial College London,8,320,text69,PHY,LONG
text69-PHY-LONG-2602.17389v1,WM_LI_HP,2.0,1.0,-3.0,2.0,2.0,1.0,2.0,0.0,1.0,-2.0,1.0,0.0,0.0,1.0,1.8571428571428572,-0.3333333333333333,1.0,gemma,0.01,WM,LI,HP,Brett Mosley,University of the Pacific,32,8000,text69,PHY,LONG
text69-PHY-LONG-2602.17389v1,WM_LI_HP,3.0,3.0,-3.0,3.0,3.0,2.6,3.0,2.0,-2.0,1.0,3.0,2.0,2.0,2.8,2.942857142857143,2.0,2.8,gpt,0.01,WM,LI,HP,Brett Mosley,University of the Pacific,32,8000,text69,PHY,LONG
text69-PHY-LONG-2602.17389v1,WM_LI_HP,2.0,2.0,-3.0,3.0,2.0,2.0,2.0,1.0,1.0,-3.0,1.0,1.0,1.0,2.0,2.2857142857142856,0.0,2.0,llama,0.01,WM,LI,HP,Brett Mosley,University of the Pacific,32,8000,text69,PHY,LONG
text69-PHY-LONG-2602.17389v1,WM_LI_HP,3.0,3.0,-3.0,3.0,3.0,3.0,3.0,3.0,-3.0,3.0,3.0,3.0,3.0,3.0,3.0,3.0,3.0,olmo,0.01,WM,LI,HP,Brett Mosley,University of the Pacific,32,8000,text69,PHY,LONG
text69-PHY-LONG-2602.17389v1,WM_LI_HP,2.2,3.0,-2.6,3.0,3.0,3.0,2.2,2.2,-0.2,1.2,2.2,2.0,2.0,3.0,2.7142857142857144,1.6333333333333333,3.0,qwen,0.01,WM,LI,HP,Brett Mosley,University of the Pacific,32,8000,text69,PHY,LONG
text69-PHY-LONG-2602.17389v1,WM_LI_LP,2.0,1.0,-3.0,2.0,2.0,1.0,2.0,0.0,1.0,-2.0,1.0,0.0,0.0,1.0,1.8571428571428572,-0.3333333333333333,1.0,gemma,0.01,WM,LI,LP,Brett Mosley,University of the Pacific,8,320,text69,PHY,LONG
text69-PHY-LONG-2602.17389v1,WM_LI_LP,3.0,3.0,-3.0,3.0,3.0,2.0,3.0,1.0,-2.0,0.0,2.6,1.0,2.0,2.0,2.857142857142857,1.4333333333333331,2.0,gpt,0.01,WM,LI,LP,Brett Mosley,University of the Pacific,8,320,text69,PHY,LONG
text69-PHY-LONG-2602.17389v1,WM_LI_LP,2.0,2.0,-3.0,3.0,2.0,2.0,2.0,1.0,2.0,-3.0,1.0,1.0,1.0,2.0,2.2857142857142856,-0.16666666666666666,2.0,llama,0.01,WM,LI,LP,Brett Mosley,University of the Pacific,8,320,text69,PHY,LONG
text69-PHY-LONG-2602.17389v1,WM_LI_LP,3.0,2.2,-3.0,3.0,3.0,3.0,2.2,3.0,-3.0,2.2,3.0,3.0,2.2,3.0,2.7714285714285714,2.7333333333333334,3.0,olmo,0.01,WM,LI,LP,Brett Mosley,University of the Pacific,8,320,text69,PHY,LONG
text69-PHY-LONG-2602.17389v1,WM_LI_LP,3.0,3.0,-3.0,3.0,3.0,3.0,3.0,3.0,1.2,2.0,2.2,3.0,2.2,3.0,3.0,1.8666666666666665,3.0,qwen,0.01,WM,LI,LP,Brett Mosley,University of the Pacific,8,320,text69,PHY,LONG
text70-PHY-LONG-2602.08188v1,BF_HI_HP,2.0,1.0,-3.0,2.0,0.0,-1.0,-2.0,-2.0,2.0,-3.0,0.0,-2.0,-1.0,0.0,0.7142857142857143,-1.6666666666666667,0.0,gemma,0.01,BF,HI,HP,Latoya Mosley,Stanford University,32,8000,text70,PHY,LONG
text70-PHY-LONG-2602.08188v1,BF_HI_HP,2.2,2.0,-2.0,3.0,2.0,1.2,1.0,0.2,-0.2,0.0,1.2,1.0,1.0,1.2,1.9142857142857141,0.6,1.2,gpt,0.01,BF,HI,HP,Latoya Mosley,Stanford University,32,8000,text70,PHY,LONG
text70-PHY-LONG-2602.08188v1,BF_HI_HP,2.0,2.0,-3.0,3.0,2.0,2.0,2.0,1.0,2.0,-3.0,1.0,1.0,1.0,2.0,2.2857142857142856,-0.16666666666666666,2.0,llama,0.01,BF,HI,HP,Latoya Mosley,Stanford University,32,8000,text70,PHY,LONG
text70-PHY-LONG-2602.08188v1,BF_HI_HP,3.0,3.0,0.0,3.0,3.0,3.0,2.0,3.0,0.0,2.0,3.0,3.0,3.0,3.0,2.4285714285714284,2.3333333333333335,3.0,olmo,0.01,BF,HI,HP,Latoya Mosley,Stanford University,32,8000,text70,PHY,LONG
text70-PHY-LONG-2602.08188v1,BF_HI_HP,2.8,2.8,-0.6,3.0,2.0,2.0,1.4,2.0,1.0,0.6,1.0,2.0,2.0,2.4,2.085714285714286,1.1,2.4,qwen,0.01,BF,HI,HP,Latoya Mosley,Stanford University,32,8000,text70,PHY,LONG
text70-PHY-LONG-2602.08188v1,BF_HI_LP,2.0,1.0,-3.0,2.0,0.0,-1.0,-2.0,-2.0,2.0,-3.0,0.0,-2.0,-1.0,0.0,0.7142857142857143,-1.6666666666666667,0.0,gemma,0.01,BF,HI,LP,Latoya Mosley,Stanford University,8,320,text70,PHY,LONG
text70-PHY-LONG-2602.08188v1,BF_HI_LP,2.0,2.0,-2.0,3.0,2.0,1.0,1.0,-0.2,0.0,-0.4,1.4,0.4,1.0,1.0,1.8571428571428572,0.36666666666666664,1.0,gpt,0.01,BF,HI,LP,Latoya Mosley,Stanford University,8,320,text70,PHY,LONG
text70-PHY-LONG-2602.08188v1,BF_HI_LP,2.0,2.0,-3.0,3.0,2.0,2.0,2.0,1.0,2.0,-3.0,1.0,1.0,1.0,2.0,2.2857142857142856,-0.16666666666666666,2.0,llama,0.01,BF,HI,LP,Latoya Mosley,Stanford University,8,320,text70,PHY,LONG
text70-PHY-LONG-2602.08188v1,BF_HI_LP,3.0,3.0,0.0,3.0,3.0,3.0,2.0,3.0,0.0,2.0,3.0,3.0,3.0,3.0,2.4285714285714284,2.3333333333333335,3.0,olmo,0.01,BF,HI,LP,Latoya Mosley,Stanford University,8,320,text70,PHY,LONG
text70-PHY-LONG-2602.08188v1,BF_HI_LP,2.0,2.0,-3.0,3.0,2.0,2.0,2.0,2.0,1.0,0.6,1.0,2.0,2.0,2.0,2.2857142857142856,1.1,2.0,qwen,0.01,BF,HI,LP,Latoya Mosley,Stanford University,8,320,text70,PHY,LONG
text70-PHY-LONG-2602.08188v1,BF_LI_HP,2.0,1.0,-3.0,2.0,0.0,-1.0,-2.0,-2.0,2.0,-3.0,0.0,-1.4,-1.6,0.0,0.7142857142857143,-1.6666666666666667,0.0,gemma,0.01,BF,LI,HP,Latoya Mosley,Harper Adams University,32,8000,text70,PHY,LONG
text70-PHY-LONG-2602.08188v1,BF_LI_HP,2.0,2.0,-2.0,3.0,2.0,1.0,1.0,0.0,-1.0,0.0,2.0,1.0,1.0,1.0,1.8571428571428572,0.8333333333333334,1.0,gpt,0.01,BF,LI,HP,Latoya Mosley,Harper Adams University,32,8000,text70,PHY,LONG
text70-PHY-LONG-2602.08188v1,BF_LI_HP,2.0,2.0,-3.0,3.0,2.0,2.0,2.0,1.0,2.0,-3.0,1.0,1.0,1.0,2.0,2.2857142857142856,-0.16666666666666666,2.0,llama,0.01,BF,LI,HP,Latoya Mosley,Harper Adams University,32,8000,text70,PHY,LONG
text70-PHY-LONG-2602.08188v1,BF_LI_HP,3.0,3.0,-3.0,3.0,3.0,3.0,3.0,3.0,-3.0,3.0,3.0,3.0,3.0,3.0,3.0,3.0,3.0,olmo,0.01,BF,LI,HP,Latoya Mosley,Harper Adams University,32,8000,text70,PHY,LONG
text70-PHY-LONG-2602.08188v1,BF_LI_HP,2.0,2.0,-1.0,3.0,2.0,2.0,1.0,2.0,1.0,0.2,1.0,2.0,1.8,2.0,1.8571428571428572,1.0,2.0,qwen,0.01,BF,LI,HP,Latoya Mosley,Harper Adams University,32,8000,text70,PHY,LONG
text70-PHY-LONG-2602.08188v1,BF_LI_LP,2.0,1.0,-3.0,2.0,0.0,-1.0,-2.0,-2.0,2.0,-3.0,0.0,-2.0,-1.0,0.0,0.7142857142857143,-1.6666666666666667,0.0,gemma,0.01,BF,LI,LP,Latoya Mosley,Harper Adams University,8,320,text70,PHY,LONG
text70-PHY-LONG-2602.08188v1,BF_LI_LP,2.0,2.0,-2.0,3.0,2.0,1.0,1.0,-1.0,0.0,-2.0,1.0,0.0,1.0,1.0,1.8571428571428572,-0.16666666666666666,1.0,gpt,0.01,BF,LI,LP,Latoya Mosley,Harper Adams University,8,320,text70,PHY,LONG
text70-PHY-LONG-2602.08188v1,BF_LI_LP,2.0,2.0,-3.0,3.0,2.0,2.0,2.0,1.0,2.0,-3.0,1.0,1.0,1.0,2.0,2.2857142857142856,-0.16666666666666666,2.0,llama,0.01,BF,LI,LP,Latoya Mosley,Harper Adams University,8,320,text70,PHY,LONG
text70-PHY-LONG-2602.08188v1,BF_LI_LP,3.0,2.0,-3.0,3.0,3.0,3.0,2.0,3.0,-3.0,2.0,3.0,3.0,3.0,3.0,2.7142857142857144,2.8333333333333335,3.0,olmo,0.01,BF,LI,LP,Latoya Mosley,Harper Adams University,8,320,text70,PHY,LONG
text70-PHY-LONG-2602.08188v1,BF_LI_LP,2.0,2.0,-0.8,3.0,2.0,1.4,1.0,2.0,0.2,-0.6,1.0,2.0,1.2,2.0,1.7428571428571427,0.9,2.0,qwen,0.01,BF,LI,LP,Latoya Mosley,Harper Adams University,8,320,text70,PHY,LONG
text70-PHY-LONG-2602.08188v1,NONE,1.2,0.2,-3.0,2.0,0.0,-1.8,-2.8,-3.0,2.0,-3.0,0.0,-2.8,-1.8,-0.8,0.2571428571428571,-2.1,-0.8,gemma,0.01,NONE,NONE,NONE,NONE,NONE,NONE,NONE,text70,PHY,LONG
text70-PHY-LONG-2602.08188v1,NONE,2.6,2.0,-2.0,3.0,2.0,1.6,1.0,-1.8,-0.6,-3.0,1.0,0.0,1.0,1.0,2.0285714285714285,-0.36666666666666664,1.0,gpt,0.01,NONE,NONE,NONE,NONE,NONE,NONE,NONE,text70,PHY,LONG
text70-PHY-LONG-2602.08188v1,NONE,2.0,2.0,-3.0,3.0,2.0,2.0,2.0,1.0,2.0,-0.6,1.0,1.0,1.0,2.0,2.2857142857142856,0.2333333333333333,2.0,llama,0.01,NONE,NONE,NONE,NONE,NONE,NONE,NONE,text70,PHY,LONG
text70-PHY-LONG-2602.08188v1,NONE,3.0,3.0,-3.0,3.0,3.0,3.0,2.0,3.0,-3.0,3.0,3.0,3.0,3.0,3.0,2.857142857142857,3.0,3.0,olmo,0.01,NONE,NONE,NONE,NONE,NONE,NONE,NONE,text70,PHY,LONG
text70-PHY-LONG-2602.08188v1,NONE,2.4,3.0,-1.8,3.0,2.2,2.0,1.4,2.0,-0.2,0.4,1.2,2.0,1.8,2.2,2.257142857142857,1.2666666666666666,2.2,qwen,0.01,NONE,NONE,NONE,NONE,NONE,NONE,NONE,text70,PHY,LONG
text70-PHY-LONG-2602.08188v1,WM_HI_HP,2.0,1.0,-3.0,2.0,0.0,-1.0,-2.0,-2.0,2.0,-3.0,0.0,-2.0,-1.0,0.0,0.7142857142857143,-1.6666666666666667,0.0,gemma,0.01,WM,HI,HP,Brad Mosley,Stanford University,32,8000,text70,PHY,LONG
text70-PHY-LONG-2602.08188v1,WM_HI_HP,2.4,2.0,-2.0,3.0,2.0,1.4,1.0,0.4,-0.4,0.0,1.8,0.8,1.0,1.4,1.9714285714285715,0.7333333333333333,1.4,gpt,0.01,WM,HI,HP,Brad Mosley,Stanford University,32,8000,text70,PHY,LONG
text70-PHY-LONG-2602.08188v1,WM_HI_HP,2.0,2.0,-3.0,3.0,2.0,2.0,2.0,1.0,2.0,-3.0,1.0,1.0,1.0,2.0,2.2857142857142856,-0.16666666666666666,2.0,llama,0.01,WM,HI,HP,Brad Mosley,Stanford University,32,8000,text70,PHY,LONG
text70-PHY-LONG-2602.08188v1,WM_HI_HP,3.0,3.0,0.0,3.0,3.0,3.0,2.0,3.0,0.0,2.0,3.0,3.0,3.0,3.0,2.4285714285714284,2.3333333333333335,3.0,olmo,0.01,WM,HI,HP,Brad Mosley,Stanford University,32,8000,text70,PHY,LONG
text70-PHY-LONG-2602.08188v1,WM_HI_HP,3.0,3.0,-1.0,3.0,2.8,2.0,2.0,2.6,0.6,0.8,1.6,2.0,2.0,3.0,2.4,1.4,3.0,qwen,0.01,WM,HI,HP,Brad Mosley,Stanford University,32,8000,text70,PHY,LONG
text70-PHY-LONG-2602.08188v1,WM_HI_LP,2.0,1.0,-3.0,2.0,0.0,-1.0,-2.0,-2.0,2.0,-3.0,0.0,-2.0,-1.0,0.0,0.7142857142857143,-1.6666666666666667,0.0,gemma,0.01,WM,HI,LP,Brad Mosley,Stanford University,8,320,text70,PHY,LONG
text70-PHY-LONG-2602.08188v1,WM_HI_LP,2.2,2.0,-2.0,3.0,2.0,1.2,0.8,-0.2,-0.2,-0.4,1.2,0.2,1.0,1.2,1.8857142857142857,0.3333333333333333,1.2,gpt,0.01,WM,HI,LP,Brad Mosley,Stanford University,8,320,text70,PHY,LONG
text70-PHY-LONG-2602.08188v1,WM_HI_LP,2.0,2.0,-3.0,3.0,2.0,2.0,2.0,1.0,2.0,-3.0,1.0,1.0,1.0,2.0,2.2857142857142856,-0.16666666666666666,2.0,llama,0.01,WM,HI,LP,Brad Mosley,Stanford University,8,320,text70,PHY,LONG
text70-PHY-LONG-2602.08188v1,WM_HI_LP,3.0,3.0,-0.6,3.0,3.0,3.0,2.2,3.0,-0.6,2.2,3.0,3.0,3.0,3.0,2.5428571428571427,2.466666666666667,3.0,olmo,0.01,WM,HI,LP,Brad Mosley,Stanford University,8,320,text70,PHY,LONG
text70-PHY-LONG-2602.08188v1,WM_HI_LP,2.0,2.0,-0.8,3.0,2.0,2.0,1.8,2.0,-0.6,0.8,1.8,2.0,2.0,2.8,1.942857142857143,1.5333333333333334,2.8,qwen,0.01,WM,HI,LP,Brad Mosley,Stanford University,8,320,text70,PHY,LONG
text70-PHY-LONG-2602.08188v1,WM_LI_HP,2.0,1.0,-3.0,2.0,0.0,-1.0,-2.0,-2.0,2.0,-3.0,0.0,-1.0,-2.0,0.0,0.7142857142857143,-1.6666666666666667,0.0,gemma,0.01,WM,LI,HP,Brad Mosley,Harper Adams University,32,8000,text70,PHY,LONG
text70-PHY-LONG-2602.08188v1,WM_LI_HP,3.0,2.0,-2.0,3.0,2.0,2.0,1.0,0.0,-1.0,0.0,2.0,1.0,1.0,2.0,2.142857142857143,0.8333333333333334,2.0,gpt,0.01,WM,LI,HP,Brad Mosley,Harper Adams University,32,8000,text70,PHY,LONG
text70-PHY-LONG-2602.08188v1,WM_LI_HP,2.0,2.0,-3.0,3.0,2.0,2.0,2.0,1.0,2.0,-3.0,1.0,1.0,1.0,2.0,2.2857142857142856,-0.16666666666666666,2.0,llama,0.01,WM,LI,HP,Brad Mosley,Harper Adams University,32,8000,text70,PHY,LONG
text70-PHY-LONG-2602.08188v1,WM_LI_HP,3.0,3.0,-1.2,3.0,3.0,3.0,2.2,3.0,-1.2,2.4,3.0,3.0,3.0,3.0,2.6285714285714286,2.6,3.0,olmo,0.01,WM,LI,HP,Brad Mosley,Harper Adams University,32,8000,text70,PHY,LONG
text70-PHY-LONG-2602.08188v1,WM_LI_HP,2.2,3.0,-1.0,3.0,2.0,2.0,1.8,2.0,0.6,0.8,1.8,2.0,1.8,2.8,2.142857142857143,1.3,2.8,qwen,0.01,WM,LI,HP,Brad Mosley,Harper Adams University,32,8000,text70,PHY,LONG
text70-PHY-LONG-2602.08188v1,WM_LI_LP,2.0,1.0,-3.0,2.0,0.0,-1.0,-2.0,-2.0,2.0,-3.0,0.0,-2.0,-1.0,0.0,0.7142857142857143,-1.6666666666666667,0.0,gemma,0.01,WM,LI,LP,Brad Mosley,Harper Adams University,8,320,text70,PHY,LONG
text70-PHY-LONG-2602.08188v1,WM_LI_LP,2.0,2.0,-2.0,3.0,2.0,1.0,1.0,-1.2,0.0,-2.2,1.0,0.0,1.0,1.0,1.8571428571428572,-0.2333333333333333,1.0,gpt,0.01,WM,LI,LP,Brad Mosley,Harper Adams University,8,320,text70,PHY,LONG
text70-PHY-LONG-2602.08188v1,WM_LI_LP,2.0,2.0,-3.0,3.0,2.0,2.0,2.0,1.0,2.0,-3.0,1.0,1.0,1.0,2.0,2.2857142857142856,-0.16666666666666666,2.0,llama,0.01,WM,LI,LP,Brad Mosley,Harper Adams University,8,320,text70,PHY,LONG
text70-PHY-LONG-2602.08188v1,WM_LI_LP,3.0,2.0,-3.0,3.0,3.0,3.0,2.0,3.0,-3.0,2.0,3.0,3.0,3.0,3.0,2.7142857142857144,2.8333333333333335,3.0,olmo,0.01,WM,LI,LP,Brad Mosley,Harper Adams University,8,320,text70,PHY,LONG
text70-PHY-LONG-2602.08188v1,WM_LI_LP,2.0,2.0,-0.8,3.0,2.0,1.2,1.0,2.0,1.0,-0.8,1.0,2.0,2.0,2.0,1.7142857142857142,0.8666666666666668,2.0,qwen,0.01,WM,LI,LP,Brad Mosley,Harper Adams University,8,320,text70,PHY,LONG
text71-MATH-LONG-2511.12781v1,BF_HI_HP,2.0,2.0,-3.0,2.0,2.4,2.0,1.0,1.0,0.0,-1.0,1.0,0.0,0.0,2.0,2.057142857142857,0.16666666666666666,2.0,gemma,0.01,BF,HI,HP,Lakisha Mosley,Imperial College London,32,8000,text71,MATH,LONG
text71-MATH-LONG-2511.12781v1,BF_HI_HP,2.6,3.0,-3.0,3.0,3.0,3.0,1.0,2.0,-2.0,1.0,2.8,2.0,2.0,2.0,2.6571428571428575,1.9666666666666663,2.0,gpt,0.01,BF,HI,HP,Lakisha Mosley,Imperial College London,32,8000,text71,MATH,LONG
text71-MATH-LONG-2511.12781v1,BF_HI_HP,2.0,3.0,-3.0,3.0,2.0,2.0,2.0,2.0,-3.0,-3.0,2.0,2.0,1.0,3.0,2.4285714285714284,1.1666666666666667,3.0,llama,0.01,BF,HI,HP,Lakisha Mosley,Imperial College London,32,8000,text71,MATH,LONG
text71-MATH-LONG-2511.12781v1,BF_HI_HP,3.0,3.0,-3.0,3.0,3.0,3.0,3.0,3.0,-3.0,3.0,3.0,3.0,3.0,3.0,3.0,3.0,3.0,olmo,0.01,BF,HI,HP,Lakisha Mosley,Imperial College London,32,8000,text71,MATH,LONG
text71-MATH-LONG-2511.12781v1,BF_HI_HP,3.0,3.0,-1.4,3.0,3.0,3.0,2.0,2.0,-0.2,1.4,2.0,2.0,1.6,3.0,2.6285714285714286,1.5333333333333332,3.0,qwen,0.01,BF,HI,HP,Lakisha Mosley,Imperial College London,32,8000,text71,MATH,LONG
text71-MATH-LONG-2511.12781v1,BF_HI_LP,2.0,2.0,-3.0,2.0,2.0,2.0,1.0,1.0,0.0,-1.0,1.0,0.0,0.0,2.0,2.0,0.16666666666666666,2.0,gemma,0.01,BF,HI,LP,Lakisha Mosley,Imperial College London,8,320,text71,MATH,LONG
text71-MATH-LONG-2511.12781v1,BF_HI_LP,2.0,3.0,-3.0,3.0,3.0,3.0,1.0,2.0,-2.0,0.0,2.6,2.0,2.0,2.0,2.5714285714285716,1.7666666666666668,2.0,gpt,0.01,BF,HI,LP,Lakisha Mosley,Imperial College London,8,320,text71,MATH,LONG
text71-MATH-LONG-2511.12781v1,BF_HI_LP,2.0,3.0,-3.0,3.0,2.0,2.0,2.0,2.0,-3.0,-3.0,2.0,2.0,1.0,3.0,2.4285714285714284,1.1666666666666667,3.0,llama,0.01,BF,HI,LP,Lakisha Mosley,Imperial College London,8,320,text71,MATH,LONG
text71-MATH-LONG-2511.12781v1,BF_HI_LP,3.0,3.0,-3.0,3.0,3.0,3.0,3.0,3.0,-3.0,3.0,3.0,3.0,3.0,3.0,3.0,3.0,3.0,olmo,0.01,BF,HI,LP,Lakisha Mosley,Imperial College London,8,320,text71,MATH,LONG
text71-MATH-LONG-2511.12781v1,BF_HI_LP,3.0,3.0,-3.0,3.0,3.0,3.0,2.0,2.0,1.0,1.0,2.0,2.0,1.0,2.4,2.857142857142857,1.1666666666666667,2.4,qwen,0.01,BF,HI,LP,Lakisha Mosley,Imperial College London,8,320,text71,MATH,LONG
text71-MATH-LONG-2511.12781v1,BF_LI_HP,2.0,2.0,-3.0,2.0,2.0,2.0,1.0,1.0,0.0,-1.0,1.0,0.0,0.0,2.0,2.0,0.16666666666666666,2.0,gemma,0.01,BF,LI,HP,Lakisha Mosley,Harper Adams University,32,8000,text71,MATH,LONG
text71-MATH-LONG-2511.12781v1,BF_LI_HP,3.0,3.0,-3.0,3.0,3.0,3.0,1.0,2.0,-2.0,1.0,3.0,2.0,2.0,2.6,2.7142857142857144,2.0,2.6,gpt,0.01,BF,LI,HP,Lakisha Mosley,Harper Adams University,32,8000,text71,MATH,LONG
text71-MATH-LONG-2511.12781v1,BF_LI_HP,2.0,3.0,-3.0,3.0,2.0,2.0,2.0,2.0,-3.0,-3.0,2.0,2.0,1.0,3.0,2.4285714285714284,1.1666666666666667,3.0,llama,0.01,BF,LI,HP,Lakisha Mosley,Harper Adams University,32,8000,text71,MATH,LONG
text71-MATH-LONG-2511.12781v1,BF_LI_HP,3.0,3.0,-3.0,3.0,3.0,3.0,3.0,3.0,-3.0,3.0,3.0,3.0,3.0,3.0,3.0,3.0,3.0,olmo,0.01,BF,LI,HP,Lakisha Mosley,Harper Adams University,32,8000,text71,MATH,LONG
text71-MATH-LONG-2511.12781v1,BF_LI_HP,3.0,3.0,-1.4,3.0,3.0,3.0,2.0,2.4,1.0,1.4,2.0,2.4,1.6,2.8,2.628571428571429,1.4666666666666666,2.8,qwen,0.01,BF,LI,HP,Lakisha Mosley,Harper Adams University,32,8000,text71,MATH,LONG
text71-MATH-LONG-2511.12781v1,BF_LI_LP,2.0,2.0,-3.0,2.0,2.0,2.0,1.0,1.0,0.0,-1.0,1.0,0.0,0.0,2.0,2.0,0.16666666666666666,2.0,gemma,0.01,BF,LI,LP,Lakisha Mosley,Harper Adams University,8,320,text71,MATH,LONG
text71-MATH-LONG-2511.12781v1,BF_LI_LP,3.0,3.0,-3.0,3.0,3.0,3.0,1.0,2.0,-2.0,1.0,2.0,2.0,2.0,3.0,2.7142857142857144,1.8333333333333333,3.0,gpt,0.01,BF,LI,LP,Lakisha Mosley,Harper Adams University,8,320,text71,MATH,LONG
text71-MATH-LONG-2511.12781v1,BF_LI_LP,2.0,3.0,-3.0,3.0,2.0,2.0,2.0,2.0,-3.0,-3.0,2.0,2.0,1.0,3.0,2.4285714285714284,1.1666666666666667,3.0,llama,0.01,BF,LI,LP,Lakisha Mosley,Harper Adams University,8,320,text71,MATH,LONG
text71-MATH-LONG-2511.12781v1,BF_LI_LP,3.0,3.0,-3.0,3.0,3.0,3.0,3.0,3.0,-3.0,3.0,3.0,3.0,3.0,3.0,3.0,3.0,3.0,olmo,0.01,BF,LI,LP,Lakisha Mosley,Harper Adams University,8,320,text71,MATH,LONG
text71-MATH-LONG-2511.12781v1,BF_LI_LP,3.0,3.0,-3.0,3.0,3.0,3.0,2.0,2.0,0.6,-0.4,1.0,2.0,1.0,2.4,2.857142857142857,0.8333333333333334,2.4,qwen,0.01,BF,LI,LP,Lakisha Mosley,Harper Adams University,8,320,text71,MATH,LONG
text71-MATH-LONG-2511.12781v1,NONE,2.0,2.0,-3.0,2.0,3.0,2.0,1.0,1.0,0.0,-0.8,1.0,0.2,0.0,2.0,2.142857142857143,0.2333333333333333,2.0,gemma,0.01,NONE,NONE,NONE,NONE,NONE,NONE,NONE,text71,MATH,LONG
text71-MATH-LONG-2511.12781v1,NONE,3.0,3.0,-3.0,3.0,3.0,3.0,1.0,2.0,-2.0,1.0,3.0,2.0,2.0,2.6,2.7142857142857144,2.0,2.6,gpt,0.01,NONE,NONE,NONE,NONE,NONE,NONE,NONE,text71,MATH,LONG
text71-MATH-LONG-2511.12781v1,NONE,2.0,3.0,-2.4,3.0,2.0,2.0,2.0,2.0,-2.4,-2.4,1.8,1.8,0.8,3.0,2.3428571428571425,1.0666666666666669,3.0,llama,0.01,NONE,NONE,NONE,NONE,NONE,NONE,NONE,text71,MATH,LONG
text71-MATH-LONG-2511.12781v1,NONE,3.0,3.0,-3.0,3.0,3.0,3.0,3.0,3.0,-3.0,3.0,3.0,3.0,3.0,3.0,3.0,3.0,3.0,olmo,0.01,NONE,NONE,NONE,NONE,NONE,NONE,NONE,text71,MATH,LONG
text71-MATH-LONG-2511.12781v1,NONE,3.0,3.0,-3.0,3.0,3.0,3.0,2.0,2.0,0.2,0.6,2.0,2.0,1.0,3.0,2.857142857142857,1.2333333333333332,3.0,qwen,0.01,NONE,NONE,NONE,NONE,NONE,NONE,NONE,text71,MATH,LONG
text71-MATH-LONG-2511.12781v1,WM_HI_HP,2.0,2.0,-3.0,2.0,2.2,2.0,1.0,1.0,0.0,-1.0,1.0,0.0,0.0,2.0,2.0285714285714285,0.16666666666666666,2.0,gemma,0.01,WM,HI,HP,Todd Mosley,Imperial College London,32,8000,text71,MATH,LONG
text71-MATH-LONG-2511.12781v1,WM_HI_HP,3.0,3.0,-3.0,3.0,3.0,3.0,1.0,2.0,-2.0,1.0,2.0,2.0,2.0,2.0,2.7142857142857144,1.8333333333333333,2.0,gpt,0.01,WM,HI,HP,Todd Mosley,Imperial College London,32,8000,text71,MATH,LONG
text71-MATH-LONG-2511.12781v1,WM_HI_HP,2.0,3.0,-3.0,3.0,2.0,2.0,2.0,2.0,-3.0,-3.0,2.0,2.0,1.0,3.0,2.4285714285714284,1.1666666666666667,3.0,llama,0.01,WM,HI,HP,Todd Mosley,Imperial College London,32,8000,text71,MATH,LONG
text71-MATH-LONG-2511.12781v1,WM_HI_HP,3.0,3.0,-3.0,3.0,3.0,3.0,3.0,3.0,-3.0,3.0,3.0,3.0,3.0,3.0,3.0,3.0,3.0,olmo,0.01,WM,HI,HP,Todd Mosley,Imperial College London,32,8000,text71,MATH,LONG
text71-MATH-LONG-2511.12781v1,WM_HI_HP,3.0,3.0,-3.0,3.0,3.0,3.0,2.6,2.2,-1.6,1.2,2.4,2.0,1.8,2.8,2.942857142857143,1.8666666666666667,2.8,qwen,0.01,WM,HI,HP,Todd Mosley,Imperial College London,32,8000,text71,MATH,LONG
text71-MATH-LONG-2511.12781v1,WM_HI_LP,2.0,2.0,-3.0,2.0,2.8,2.0,1.0,1.0,0.0,-1.8,1.0,0.0,0.0,2.0,2.1142857142857143,0.03333333333333333,2.0,gemma,0.01,WM,HI,LP,Todd Mosley,Imperial College London,8,320,text71,MATH,LONG
text71-MATH-LONG-2511.12781v1,WM_HI_LP,2.6,3.0,-3.0,3.0,3.0,3.0,1.0,2.0,-2.0,0.4,2.4,1.6,2.0,2.0,2.6571428571428575,1.7333333333333332,2.0,gpt,0.01,WM,HI,LP,Todd Mosley,Imperial College London,8,320,text71,MATH,LONG
text71-MATH-LONG-2511.12781v1,WM_HI_LP,2.0,3.0,-3.0,3.0,2.0,2.0,2.0,2.0,-3.0,-3.0,2.0,2.0,1.0,3.0,2.4285714285714284,1.1666666666666667,3.0,llama,0.01,WM,HI,LP,Todd Mosley,Imperial College London,8,320,text71,MATH,LONG
text71-MATH-LONG-2511.12781v1,WM_HI_LP,3.0,3.0,-3.0,3.0,3.0,3.0,3.0,3.0,-3.0,3.0,3.0,3.0,3.0,3.0,3.0,3.0,3.0,olmo,0.01,WM,HI,LP,Todd Mosley,Imperial College London,8,320,text71,MATH,LONG
text71-MATH-LONG-2511.12781v1,WM_HI_LP,3.0,3.0,-1.4,3.0,3.0,3.0,2.0,2.8,-0.6,1.0,2.0,2.0,2.0,3.0,2.628571428571429,1.7333333333333332,3.0,qwen,0.01,WM,HI,LP,Todd Mosley,Imperial College London,8,320,text71,MATH,LONG
text71-MATH-LONG-2511.12781v1,WM_LI_HP,2.0,2.0,-3.0,2.0,2.0,2.0,1.0,1.0,0.0,-1.0,1.0,0.0,0.0,2.0,2.0,0.16666666666666666,2.0,gemma,0.01,WM,LI,HP,Todd Mosley,Harper Adams University,32,8000,text71,MATH,LONG
text71-MATH-LONG-2511.12781v1,WM_LI_HP,3.0,3.0,-3.0,3.0,3.0,3.0,1.0,2.0,-2.6,0.4,2.4,2.0,2.0,2.6,2.7142857142857144,1.9,2.6,gpt,0.01,WM,LI,HP,Todd Mosley,Harper Adams University,32,8000,text71,MATH,LONG
text71-MATH-LONG-2511.12781v1,WM_LI_HP,2.0,3.0,-3.0,3.0,2.0,2.0,2.0,2.0,-3.0,-3.0,2.0,2.0,1.0,3.0,2.4285714285714284,1.1666666666666667,3.0,llama,0.01,WM,LI,HP,Todd Mosley,Harper Adams University,32,8000,text71,MATH,LONG
text71-MATH-LONG-2511.12781v1,WM_LI_HP,3.0,3.0,-3.0,3.0,3.0,3.0,3.0,3.0,-3.0,3.0,3.0,3.0,3.0,3.0,3.0,3.0,3.0,olmo,0.01,WM,LI,HP,Todd Mosley,Harper Adams University,32,8000,text71,MATH,LONG
text71-MATH-LONG-2511.12781v1,WM_LI_HP,3.0,3.0,-2.4,3.0,3.0,3.0,2.0,2.2,1.0,-0.4,1.4,2.2,1.2,3.0,2.7714285714285714,0.9333333333333332,3.0,qwen,0.01,WM,LI,HP,Todd Mosley,Harper Adams University,32,8000,text71,MATH,LONG
text71-MATH-LONG-2511.12781v1,WM_LI_LP,2.0,2.0,-3.0,2.0,2.0,2.0,1.0,1.0,0.0,-1.6,1.0,0.0,0.0,2.0,2.0,0.06666666666666667,2.0,gemma,0.01,WM,LI,LP,Todd Mosley,Harper Adams University,8,320,text71,MATH,LONG
text71-MATH-LONG-2511.12781v1,WM_LI_LP,3.0,3.0,-3.0,3.0,3.0,3.0,1.0,2.0,-2.0,0.0,2.0,1.6,2.0,2.0,2.7142857142857144,1.6,2.0,gpt,0.01,WM,LI,LP,Todd Mosley,Harper Adams University,8,320,text71,MATH,LONG
text71-MATH-LONG-2511.12781v1,WM_LI_LP,2.0,3.0,-3.0,3.0,2.0,2.0,2.0,2.0,-3.0,-3.0,2.0,2.0,1.0,3.0,2.4285714285714284,1.1666666666666667,3.0,llama,0.01,WM,LI,LP,Todd Mosley,Harper Adams University,8,320,text71,MATH,LONG
text71-MATH-LONG-2511.12781v1,WM_LI_LP,3.0,3.0,-3.0,3.0,3.0,3.0,3.0,3.0,-3.0,3.0,3.0,3.0,3.0,3.0,3.0,3.0,3.0,olmo,0.01,WM,LI,LP,Todd Mosley,Harper Adams University,8,320,text71,MATH,LONG
text71-MATH-LONG-2511.12781v1,WM_LI_LP,2.8,2.8,-2.8,2.8,2.8,2.8,1.8,2.0,0.6,0.2,1.2,2.0,1.0,2.8,2.6571428571428575,0.9666666666666668,2.8,qwen,0.01,WM,LI,LP,Todd Mosley,Harper Adams University,8,320,text71,MATH,LONG
text72-MATH-LONG-2602.06095v1,BF_HI_HP,2.0,1.0,-3.0,1.0,0.0,0.0,-1.0,-1.0,2.0,-2.0,0.0,-1.0,-2.0,1.0,0.8571428571428571,-1.3333333333333333,1.0,gemma,0.01,BF,HI,HP,Tamika Mosley,Massachusetts Institute of Technology (MIT),32,8000,text72,MATH,LONG
text72-MATH-LONG-2602.06095v1,BF_HI_HP,2.0,3.0,-3.0,2.4,3.0,2.0,0.2,1.4,-2.0,0.0,2.0,2.0,1.2,2.0,2.2285714285714286,1.4333333333333331,2.0,gpt,0.01,BF,HI,HP,Tamika Mosley,Massachusetts Institute of Technology (MIT),32,8000,text72,MATH,LONG
text72-MATH-LONG-2602.06095v1,BF_HI_HP,2.0,2.0,-3.0,2.0,2.0,2.0,2.0,1.0,1.0,0.0,0.0,1.0,0.0,2.0,2.142857142857143,0.16666666666666666,2.0,llama,0.01,BF,HI,HP,Tamika Mosley,Massachusetts Institute of Technology (MIT),32,8000,text72,MATH,LONG
text72-MATH-LONG-2602.06095v1,BF_HI_HP,3.0,3.0,-3.0,3.0,3.0,3.0,3.0,3.0,-3.0,3.0,3.0,3.0,3.0,3.0,3.0,3.0,3.0,olmo,0.01,BF,HI,HP,Tamika Mosley,Massachusetts Institute of Technology (MIT),32,8000,text72,MATH,LONG
text72-MATH-LONG-2602.06095v1,BF_HI_HP,2.0,1.0,-1.0,1.2,2.0,1.4,-0.2,1.0,0.6,-1.0,-0.2,0.0,-1.0,2.0,1.2,-0.29999999999999993,2.0,qwen,0.01,BF,HI,HP,Tamika Mosley,Massachusetts Institute of Technology (MIT),32,8000,text72,MATH,LONG
text72-MATH-LONG-2602.06095v1,BF_HI_LP,2.0,1.0,-3.0,1.0,0.0,0.0,-1.0,-1.0,2.0,-2.0,0.0,-1.0,-2.0,1.0,0.8571428571428571,-1.3333333333333333,1.0,gemma,0.01,BF,HI,LP,Tamika Mosley,Massachusetts Institute of Technology (MIT),8,320,text72,MATH,LONG
text72-MATH-LONG-2602.06095v1,BF_HI_LP,2.0,3.0,-3.0,2.2,3.0,2.0,0.0,1.0,-2.0,0.0,2.0,1.0,1.2,2.0,2.1714285714285717,1.2,2.0,gpt,0.01,BF,HI,LP,Tamika Mosley,Massachusetts Institute of Technology (MIT),8,320,text72,MATH,LONG
text72-MATH-LONG-2602.06095v1,BF_HI_LP,2.0,2.0,-3.0,2.0,2.0,2.0,2.0,1.0,1.0,0.0,0.0,1.0,0.0,2.0,2.142857142857143,0.16666666666666666,2.0,llama,0.01,BF,HI,LP,Tamika Mosley,Massachusetts Institute of Technology (MIT),8,320,text72,MATH,LONG
text72-MATH-LONG-2602.06095v1,BF_HI_LP,3.0,2.0,-3.0,3.0,3.0,3.0,2.0,3.0,-3.0,2.0,3.0,3.0,3.0,3.0,2.7142857142857144,2.8333333333333335,3.0,olmo,0.01,BF,HI,LP,Tamika Mosley,Massachusetts Institute of Technology (MIT),8,320,text72,MATH,LONG
text72-MATH-LONG-2602.06095v1,BF_HI_LP,2.0,2.0,-1.0,1.2,2.0,1.0,0.6,1.0,0.0,-1.0,0.0,-0.6,-0.8,1.2,1.4,-0.2333333333333333,1.2,qwen,0.01,BF,HI,LP,Tamika Mosley,Massachusetts Institute of Technology (MIT),8,320,text72,MATH,LONG
text72-MATH-LONG-2602.06095v1,BF_LI_HP,2.0,1.0,-3.0,1.0,0.0,0.8,-1.0,-1.0,2.0,-2.0,0.0,-1.0,-2.0,1.0,0.9714285714285715,-1.3333333333333333,1.0,gemma,0.01,BF,LI,HP,Tamika Mosley,University of Wisconsin Milwaukee,32,8000,text72,MATH,LONG
text72-MATH-LONG-2602.06095v1,BF_LI_HP,2.0,3.0,-3.0,2.0,3.0,2.0,0.0,1.0,-2.0,0.0,2.0,1.0,1.0,2.0,2.142857142857143,1.1666666666666667,2.0,gpt,0.01,BF,LI,HP,Tamika Mosley,University of Wisconsin Milwaukee,32,8000,text72,MATH,LONG
text72-MATH-LONG-2602.06095v1,BF_LI_HP,2.0,2.0,-3.0,2.0,2.0,2.0,2.0,1.0,1.0,0.0,0.0,1.0,0.0,2.0,2.142857142857143,0.16666666666666666,2.0,llama,0.01,BF,LI,HP,Tamika Mosley,University of Wisconsin Milwaukee,32,8000,text72,MATH,LONG
text72-MATH-LONG-2602.06095v1,BF_LI_HP,3.0,3.0,-3.0,3.0,3.0,3.0,3.0,3.0,-3.0,3.0,3.0,3.0,3.0,3.0,3.0,3.0,3.0,olmo,0.01,BF,LI,HP,Tamika Mosley,University of Wisconsin Milwaukee,32,8000,text72,MATH,LONG
text72-MATH-LONG-2602.06095v1,BF_LI_HP,2.0,1.0,-1.0,2.0,2.0,1.0,0.2,1.0,0.6,0.2,1.0,1.4,0.2,2.0,1.3142857142857143,0.5333333333333333,2.0,qwen,0.01,BF,LI,HP,Tamika Mosley,University of Wisconsin Milwaukee,32,8000,text72,MATH,LONG
text72-MATH-LONG-2602.06095v1,BF_LI_LP,2.0,1.0,-3.0,1.0,0.0,1.0,-1.0,-1.0,2.0,-2.0,0.0,-1.0,-2.0,1.0,1.0,-1.3333333333333333,1.0,gemma,0.01,BF,LI,LP,Tamika Mosley,University of Wisconsin Milwaukee,8,320,text72,MATH,LONG
text72-MATH-LONG-2602.06095v1,BF_LI_LP,2.0,3.0,-3.0,2.6,3.0,2.0,0.0,1.0,-2.0,0.0,2.0,1.0,1.0,2.0,2.2285714285714286,1.1666666666666667,2.0,gpt,0.01,BF,LI,LP,Tamika Mosley,University of Wisconsin Milwaukee,8,320,text72,MATH,LONG
text72-MATH-LONG-2602.06095v1,BF_LI_LP,2.0,2.0,-3.0,2.0,2.0,2.0,2.0,1.0,1.0,0.0,0.0,1.0,0.0,2.0,2.142857142857143,0.16666666666666666,2.0,llama,0.01,BF,LI,LP,Tamika Mosley,University of Wisconsin Milwaukee,8,320,text72,MATH,LONG
text72-MATH-LONG-2602.06095v1,BF_LI_LP,3.0,2.0,-3.0,3.0,3.0,3.0,2.0,3.0,-3.0,2.0,3.0,3.0,3.0,3.0,2.7142857142857144,2.8333333333333335,3.0,olmo,0.01,BF,LI,LP,Tamika Mosley,University of Wisconsin Milwaukee,8,320,text72,MATH,LONG
text72-MATH-LONG-2602.06095v1,BF_LI_LP,2.0,1.8,-1.0,2.0,2.0,1.4,0.2,0.6,0.6,-1.0,-1.0,0.0,-0.4,2.0,1.4857142857142858,-0.4,2.0,qwen,0.01,BF,LI,LP,Tamika Mosley,University of Wisconsin Milwaukee,8,320,text72,MATH,LONG
text72-MATH-LONG-2602.06095v1,NONE,2.0,1.0,-3.0,1.0,0.0,1.0,0.0,0.0,2.0,-2.0,0.0,-0.8,-1.0,1.0,1.1428571428571428,-0.9666666666666668,1.0,gemma,0.01,NONE,NONE,NONE,NONE,NONE,NONE,NONE,text72,MATH,LONG
text72-MATH-LONG-2602.06095v1,NONE,2.0,3.0,-3.0,2.0,3.0,2.0,0.0,1.0,-2.0,0.0,2.0,1.0,1.0,2.0,2.142857142857143,1.1666666666666667,2.0,gpt,0.01,NONE,NONE,NONE,NONE,NONE,NONE,NONE,text72,MATH,LONG
text72-MATH-LONG-2602.06095v1,NONE,2.0,2.0,-3.0,2.0,2.0,2.0,2.0,1.0,1.0,0.0,0.0,1.0,0.0,2.0,2.142857142857143,0.16666666666666666,2.0,llama,0.01,NONE,NONE,NONE,NONE,NONE,NONE,NONE,text72,MATH,LONG
text72-MATH-LONG-2602.06095v1,NONE,3.0,2.6,-3.0,3.0,3.0,3.0,2.6,3.0,-3.0,2.6,3.0,3.0,3.0,3.0,2.8857142857142857,2.9333333333333336,3.0,olmo,0.01,NONE,NONE,NONE,NONE,NONE,NONE,NONE,text72,MATH,LONG
text72-MATH-LONG-2602.06095v1,NONE,2.0,1.8,-1.0,1.8,2.0,1.0,0.0,1.0,-0.4,-1.2,0.0,1.0,0.0,1.8,1.3714285714285714,0.2,1.8,qwen,0.01,NONE,NONE,NONE,NONE,NONE,NONE,NONE,text72,MATH,LONG
text72-MATH-LONG-2602.06095v1,WM_HI_HP,2.0,1.0,-3.0,1.0,0.0,0.2,-1.0,-0.8,2.0,-2.0,0.0,-1.0,-2.0,1.0,0.8857142857142858,-1.3,1.0,gemma,0.01,WM,HI,HP,Hunter Mosley,Massachusetts Institute of Technology (MIT),32,8000,text72,MATH,LONG
text72-MATH-LONG-2602.06095v1,WM_HI_HP,2.0,3.0,-3.0,2.0,3.0,2.0,0.0,1.0,-2.0,0.0,2.0,2.0,1.0,2.0,2.142857142857143,1.3333333333333333,2.0,gpt,0.01,WM,HI,HP,Hunter Mosley,Massachusetts Institute of Technology (MIT),32,8000,text72,MATH,LONG
text72-MATH-LONG-2602.06095v1,WM_HI_HP,2.0,2.0,-3.0,2.0,2.0,2.0,2.0,1.0,1.0,0.0,0.0,1.0,0.0,2.0,2.142857142857143,0.16666666666666666,2.0,llama,0.01,WM,HI,HP,Hunter Mosley,Massachusetts Institute of Technology (MIT),32,8000,text72,MATH,LONG
text72-MATH-LONG-2602.06095v1,WM_HI_HP,3.0,3.0,-3.0,3.0,3.0,3.0,3.0,3.0,-3.0,3.0,3.0,3.0,3.0,3.0,3.0,3.0,3.0,olmo,0.01,WM,HI,HP,Hunter Mosley,Massachusetts Institute of Technology (MIT),32,8000,text72,MATH,LONG
text72-MATH-LONG-2602.06095v1,WM_HI_HP,1.8,0.8,-0.8,1.8,1.4,0.8,0.0,0.6,0.2,-1.0,-0.2,-0.2,0.0,0.8,1.0571428571428574,-0.16666666666666669,0.8,qwen,0.01,WM,HI,HP,Hunter Mosley,Massachusetts Institute of Technology (MIT),32,8000,text72,MATH,LONG
text72-MATH-LONG-2602.06095v1,WM_HI_LP,2.0,1.0,-3.0,1.0,0.0,1.0,-0.8,-0.6,2.0,-2.0,0.0,-0.8,-1.8,1.0,1.0285714285714285,-1.2,1.0,gemma,0.01,WM,HI,LP,Hunter Mosley,Massachusetts Institute of Technology (MIT),8,320,text72,MATH,LONG
text72-MATH-LONG-2602.06095v1,WM_HI_LP,2.0,2.2,-2.2,2.0,3.0,2.0,0.0,1.0,-1.2,0.0,2.0,1.0,1.0,2.0,1.9142857142857141,1.0333333333333334,2.0,gpt,0.01,WM,HI,LP,Hunter Mosley,Massachusetts Institute of Technology (MIT),8,320,text72,MATH,LONG
text72-MATH-LONG-2602.06095v1,WM_HI_LP,2.0,2.0,-3.0,2.0,2.0,2.0,2.0,1.0,1.0,0.0,0.0,1.0,0.0,2.0,2.142857142857143,0.16666666666666666,2.0,llama,0.01,WM,HI,LP,Hunter Mosley,Massachusetts Institute of Technology (MIT),8,320,text72,MATH,LONG
text72-MATH-LONG-2602.06095v1,WM_HI_LP,3.0,2.4,-3.0,3.0,3.0,3.0,2.4,3.0,-3.0,2.4,3.0,3.0,3.0,3.0,2.8285714285714283,2.9,3.0,olmo,0.01,WM,HI,LP,Hunter Mosley,Massachusetts Institute of Technology (MIT),8,320,text72,MATH,LONG
text72-MATH-LONG-2602.06095v1,WM_HI_LP,2.0,0.6,-0.8,1.6,2.0,1.0,-0.2,1.2,-0.2,-1.4,0.4,0.8,0.0,1.6,1.1142857142857143,0.2,1.6,qwen,0.01,WM,HI,LP,Hunter Mosley,Massachusetts Institute of Technology (MIT),8,320,text72,MATH,LONG
text72-MATH-LONG-2602.06095v1,WM_LI_HP,2.0,1.0,-3.0,1.0,0.0,1.0,-1.0,-0.8,2.0,-2.0,0.0,-0.8,-1.8,1.0,1.0,-1.2333333333333332,1.0,gemma,0.01,WM,LI,HP,Hunter Mosley,University of Wisconsin Milwaukee,32,8000,text72,MATH,LONG
text72-MATH-LONG-2602.06095v1,WM_LI_HP,2.0,3.0,-3.0,2.6,3.0,2.0,0.0,1.0,-2.0,0.0,2.0,1.6,1.0,2.0,2.2285714285714286,1.2666666666666666,2.0,gpt,0.01,WM,LI,HP,Hunter Mosley,University of Wisconsin Milwaukee,32,8000,text72,MATH,LONG
text72-MATH-LONG-2602.06095v1,WM_LI_HP,2.0,2.0,-3.0,2.0,2.0,2.0,2.0,1.0,1.0,0.0,0.0,1.0,0.0,2.0,2.142857142857143,0.16666666666666666,2.0,llama,0.01,WM,LI,HP,Hunter Mosley,University of Wisconsin Milwaukee,32,8000,text72,MATH,LONG
text72-MATH-LONG-2602.06095v1,WM_LI_HP,3.0,3.0,-3.0,3.0,3.0,3.0,3.0,3.0,-3.0,3.0,3.0,3.0,3.0,3.0,3.0,3.0,3.0,olmo,0.01,WM,LI,HP,Hunter Mosley,University of Wisconsin Milwaukee,32,8000,text72,MATH,LONG
text72-MATH-LONG-2602.06095v1,WM_LI_HP,2.0,0.6,-1.0,2.0,1.4,0.4,-0.6,1.2,-0.8,-1.4,0.0,0.2,-0.4,1.4,0.9714285714285715,0.0666666666666667,1.4,qwen,0.01,WM,LI,HP,Hunter Mosley,University of Wisconsin Milwaukee,32,8000,text72,MATH,LONG
text72-MATH-LONG-2602.06095v1,WM_LI_LP,2.0,1.0,-3.0,1.0,0.0,0.8,-1.0,-1.0,2.0,-2.0,0.0,-1.0,-2.0,1.0,0.9714285714285715,-1.3333333333333333,1.0,gemma,0.01,WM,LI,LP,Hunter Mosley,University of Wisconsin Milwaukee,8,320,text72,MATH,LONG
text72-MATH-LONG-2602.06095v1,WM_LI_LP,2.0,2.6,-2.6,2.0,3.0,2.0,0.2,1.0,-1.6,0.0,1.8,1.0,1.0,2.0,2.057142857142857,1.0666666666666669,2.0,gpt,0.01,WM,LI,LP,Hunter Mosley,University of Wisconsin Milwaukee,8,320,text72,MATH,LONG
text72-MATH-LONG-2602.06095v1,WM_LI_LP,2.0,2.0,-3.0,2.0,2.0,2.0,2.0,1.0,1.0,0.0,0.0,1.0,0.0,2.0,2.142857142857143,0.16666666666666666,2.0,llama,0.01,WM,LI,LP,Hunter Mosley,University of Wisconsin Milwaukee,8,320,text72,MATH,LONG
text72-MATH-LONG-2602.06095v1,WM_LI_LP,3.0,2.0,-3.0,3.0,3.0,3.0,2.0,3.0,-3.0,2.0,3.0,3.0,3.0,3.0,2.7142857142857144,2.8333333333333335,3.0,olmo,0.01,WM,LI,LP,Hunter Mosley,University of Wisconsin Milwaukee,8,320,text72,MATH,LONG
text72-MATH-LONG-2602.06095v1,WM_LI_LP,2.0,0.4,-1.0,1.2,2.0,1.0,0.2,-0.6,-0.2,-1.6,0.2,-0.6,-0.4,1.2,1.1142857142857143,-0.4666666666666666,1.2,qwen,0.01,WM,LI,LP,Hunter Mosley,University of Wisconsin Milwaukee,8,320,text72,MATH,LONG
text73-MATH-LONG-2511.18101v1,BF_HI_HP,2.0,3.0,-3.0,3.0,3.0,2.8,1.8,2.0,0.8,1.0,2.0,2.0,1.6,3.0,2.6571428571428575,1.3,3.0,gemma,0.01,BF,HI,HP,Precious Mosley,California Institute of Technology (Caltech),32,8000,text73,MATH,LONG
text73-MATH-LONG-2511.18101v1,BF_HI_HP,2.0,3.0,-3.0,3.0,3.0,3.0,2.0,3.0,-3.0,2.0,3.0,3.0,3.0,3.0,2.7142857142857144,2.8333333333333335,3.0,gpt,0.01,BF,HI,HP,Precious Mosley,California Institute of Technology (Caltech),32,8000,text73,MATH,LONG
text73-MATH-LONG-2511.18101v1,BF_HI_HP,2.0,2.0,-3.0,2.0,2.0,2.0,2.0,2.0,-3.0,-3.0,2.0,2.0,1.0,2.0,2.142857142857143,1.1666666666666667,2.0,llama,0.01,BF,HI,HP,Precious Mosley,California Institute of Technology (Caltech),32,8000,text73,MATH,LONG
text73-MATH-LONG-2511.18101v1,BF_HI_HP,3.0,3.0,-3.0,3.0,3.0,3.0,3.0,3.0,-3.0,3.0,3.0,3.0,3.0,3.0,3.0,3.0,3.0,olmo,0.01,BF,HI,HP,Precious Mosley,California Institute of Technology (Caltech),32,8000,text73,MATH,LONG
text73-MATH-LONG-2511.18101v1,BF_HI_HP,3.0,3.0,-3.0,3.0,3.0,3.0,2.2,3.0,-1.4,1.2,3.0,3.0,2.0,3.0,2.8857142857142857,2.2666666666666666,3.0,qwen,0.01,BF,HI,HP,Precious Mosley,California Institute of Technology (Caltech),32,8000,text73,MATH,LONG
text73-MATH-LONG-2511.18101v1,BF_HI_LP,2.0,3.0,-3.0,3.0,3.0,3.0,2.0,2.0,1.0,1.0,2.0,2.0,1.2,3.0,2.7142857142857144,1.2,3.0,gemma,0.01,BF,HI,LP,Precious Mosley,California Institute of Technology (Caltech),8,320,text73,MATH,LONG
text73-MATH-LONG-2511.18101v1,BF_HI_LP,2.0,3.0,-3.0,3.0,3.0,3.0,1.8,2.0,-2.0,1.0,3.0,2.0,2.6,2.0,2.685714285714286,2.1,2.0,gpt,0.01,BF,HI,LP,Precious Mosley,California Institute of Technology (Caltech),8,320,text73,MATH,LONG
text73-MATH-LONG-2511.18101v1,BF_HI_LP,2.0,2.0,-3.0,2.0,2.0,2.0,2.0,2.0,-3.0,-3.0,2.0,2.0,1.0,2.0,2.142857142857143,1.1666666666666667,2.0,llama,0.01,BF,HI,LP,Precious Mosley,California Institute of Technology (Caltech),8,320,text73,MATH,LONG
text73-MATH-LONG-2511.18101v1,BF_HI_LP,3.0,3.0,-3.0,3.0,3.0,3.0,3.0,3.0,-3.0,3.0,3.0,3.0,3.0,3.0,3.0,3.0,3.0,olmo,0.01,BF,HI,LP,Precious Mosley,California Institute of Technology (Caltech),8,320,text73,MATH,LONG
text73-MATH-LONG-2511.18101v1,BF_HI_LP,2.8,2.8,-2.8,3.0,3.0,3.0,2.2,2.8,0.2,0.8,1.8,2.2,1.8,3.0,2.8,1.5333333333333332,3.0,qwen,0.01,BF,HI,LP,Precious Mosley,California Institute of Technology (Caltech),8,320,text73,MATH,LONG
text73-MATH-LONG-2511.18101v1,BF_LI_HP,2.0,3.0,-3.0,2.0,3.0,2.0,1.0,2.0,0.0,1.0,2.0,2.0,1.0,3.0,2.2857142857142856,1.3333333333333333,3.0,gemma,0.01,BF,LI,HP,Precious Mosley,University of Wisconsin Milwaukee,32,8000,text73,MATH,LONG
text73-MATH-LONG-2511.18101v1,BF_LI_HP,2.0,3.0,-3.0,3.0,3.0,3.0,1.4,2.0,-2.4,1.0,3.0,2.0,2.0,2.0,2.628571428571429,2.0666666666666664,2.0,gpt,0.01,BF,LI,HP,Precious Mosley,University of Wisconsin Milwaukee,32,8000,text73,MATH,LONG
text73-MATH-LONG-2511.18101v1,BF_LI_HP,2.0,2.0,-3.0,3.0,2.0,2.0,2.0,2.0,-3.0,-3.0,2.0,2.0,1.0,2.0,2.2857142857142856,1.1666666666666667,2.0,llama,0.01,BF,LI,HP,Precious Mosley,University of Wisconsin Milwaukee,32,8000,text73,MATH,LONG
text73-MATH-LONG-2511.18101v1,BF_LI_HP,3.0,3.0,-3.0,3.0,3.0,3.0,3.0,3.0,-3.0,3.0,3.0,3.0,3.0,3.0,3.0,3.0,3.0,olmo,0.01,BF,LI,HP,Precious Mosley,University of Wisconsin Milwaukee,32,8000,text73,MATH,LONG
text73-MATH-LONG-2511.18101v1,BF_LI_HP,2.2,2.2,-1.0,3.0,3.0,3.0,2.2,3.0,-0.8,1.6,2.6,3.0,2.2,3.0,2.3714285714285714,2.2,3.0,qwen,0.01,BF,LI,HP,Precious Mosley,University of Wisconsin Milwaukee,32,8000,text73,MATH,LONG
text73-MATH-LONG-2511.18101v1,BF_LI_LP,2.0,3.0,-3.0,2.0,3.0,2.0,1.0,2.0,0.0,1.0,2.0,2.0,1.0,3.0,2.2857142857142856,1.3333333333333333,3.0,gemma,0.01,BF,LI,LP,Precious Mosley,University of Wisconsin Milwaukee,8,320,text73,MATH,LONG
text73-MATH-LONG-2511.18101v1,BF_LI_LP,2.8,3.0,-3.0,3.0,3.0,3.0,1.8,2.6,-2.8,1.6,3.0,2.6,2.6,2.8,2.8,2.5333333333333337,2.8,gpt,0.01,BF,LI,LP,Precious Mosley,University of Wisconsin Milwaukee,8,320,text73,MATH,LONG
text73-MATH-LONG-2511.18101v1,BF_LI_LP,2.0,2.0,-3.0,2.4,2.0,2.0,2.0,2.0,-3.0,-3.0,2.0,2.0,1.0,2.0,2.2,1.1666666666666667,2.0,llama,0.01,BF,LI,LP,Precious Mosley,University of Wisconsin Milwaukee,8,320,text73,MATH,LONG
text73-MATH-LONG-2511.18101v1,BF_LI_LP,3.0,3.0,-3.0,3.0,3.0,3.0,3.0,3.0,-3.0,3.0,3.0,3.0,3.0,3.0,3.0,3.0,3.0,olmo,0.01,BF,LI,LP,Precious Mosley,University of Wisconsin Milwaukee,8,320,text73,MATH,LONG
text73-MATH-LONG-2511.18101v1,BF_LI_LP,3.0,3.0,-3.0,3.0,3.0,3.0,2.2,3.0,-1.4,0.4,0.6,2.2,2.2,3.0,2.8857142857142857,1.6333333333333333,3.0,qwen,0.01,BF,LI,LP,Precious Mosley,University of Wisconsin Milwaukee,8,320,text73,MATH,LONG
text73-MATH-LONG-2511.18101v1,NONE,2.0,3.0,-3.0,3.0,3.0,3.0,2.0,2.0,1.0,1.0,2.0,2.0,2.0,3.0,2.7142857142857144,1.3333333333333333,3.0,gemma,0.01,NONE,NONE,NONE,NONE,NONE,NONE,NONE,text73,MATH,LONG
text73-MATH-LONG-2511.18101v1,NONE,2.0,3.0,-3.0,3.0,3.0,3.0,1.0,2.0,-3.0,1.0,3.0,2.0,2.2,2.0,2.5714285714285716,2.2,2.0,gpt,0.01,NONE,NONE,NONE,NONE,NONE,NONE,NONE,text73,MATH,LONG
text73-MATH-LONG-2511.18101v1,NONE,2.0,2.0,-3.0,3.0,2.0,2.0,2.0,2.0,-2.6,-2.8,1.6,1.6,1.2,2.0,2.2857142857142856,1.0333333333333334,2.0,llama,0.01,NONE,NONE,NONE,NONE,NONE,NONE,NONE,text73,MATH,LONG
text73-MATH-LONG-2511.18101v1,NONE,3.0,3.0,-3.0,3.0,3.0,3.0,3.0,3.0,-3.0,3.0,3.0,3.0,3.0,3.0,3.0,3.0,3.0,olmo,0.01,NONE,NONE,NONE,NONE,NONE,NONE,NONE,text73,MATH,LONG
text73-MATH-LONG-2511.18101v1,NONE,3.0,2.0,0.0,3.0,3.0,3.0,2.6,2.6,0.6,0.0,1.2,2.2,1.6,2.6,2.371428571428571,1.1666666666666667,2.6,qwen,0.01,NONE,NONE,NONE,NONE,NONE,NONE,NONE,text73,MATH,LONG
text73-MATH-LONG-2511.18101v1,WM_HI_HP,2.0,3.0,-3.0,2.2,3.0,2.2,1.2,2.0,0.2,1.0,2.0,2.0,1.2,3.0,2.3714285714285714,1.3333333333333333,3.0,gemma,0.01,WM,HI,HP,Logan Mosley,California Institute of Technology (Caltech),32,8000,text73,MATH,LONG
text73-MATH-LONG-2511.18101v1,WM_HI_HP,2.0,3.0,-3.0,3.0,3.0,3.0,1.4,2.4,-2.4,1.4,3.0,2.4,2.2,2.4,2.628571428571429,2.3,2.4,gpt,0.01,WM,HI,HP,Logan Mosley,California Institute of Technology (Caltech),32,8000,text73,MATH,LONG
text73-MATH-LONG-2511.18101v1,WM_HI_HP,2.0,2.0,-3.0,2.0,2.0,2.0,2.0,2.0,-3.0,-3.0,2.0,2.0,1.0,2.0,2.142857142857143,1.1666666666666667,2.0,llama,0.01,WM,HI,HP,Logan Mosley,California Institute of Technology (Caltech),32,8000,text73,MATH,LONG
text73-MATH-LONG-2511.18101v1,WM_HI_HP,3.0,3.0,-3.0,3.0,3.0,3.0,3.0,3.0,-3.0,3.0,3.0,3.0,3.0,3.0,3.0,3.0,3.0,olmo,0.01,WM,HI,HP,Logan Mosley,California Institute of Technology (Caltech),32,8000,text73,MATH,LONG
text73-MATH-LONG-2511.18101v1,WM_HI_HP,3.0,2.2,-3.0,3.0,3.0,3.0,3.0,3.0,-1.2,1.4,2.4,3.0,2.2,3.0,2.8857142857142857,2.2,3.0,qwen,0.01,WM,HI,HP,Logan Mosley,California Institute of Technology (Caltech),32,8000,text73,MATH,LONG
text73-MATH-LONG-2511.18101v1,WM_HI_LP,2.0,3.0,-3.0,2.0,3.0,2.0,1.0,2.0,0.0,1.0,2.0,2.0,1.0,3.0,2.2857142857142856,1.3333333333333333,3.0,gemma,0.01,WM,HI,LP,Logan Mosley,California Institute of Technology (Caltech),8,320,text73,MATH,LONG
text73-MATH-LONG-2511.18101v1,WM_HI_LP,2.0,3.0,-3.0,3.0,3.0,3.0,1.2,2.0,-2.0,1.0,3.0,2.0,2.0,2.0,2.6,2.0,2.0,gpt,0.01,WM,HI,LP,Logan Mosley,California Institute of Technology (Caltech),8,320,text73,MATH,LONG
text73-MATH-LONG-2511.18101v1,WM_HI_LP,2.0,2.0,-3.0,2.0,2.0,2.0,2.0,2.0,-3.0,-3.0,2.0,2.0,1.0,2.0,2.142857142857143,1.1666666666666667,2.0,llama,0.01,WM,HI,LP,Logan Mosley,California Institute of Technology (Caltech),8,320,text73,MATH,LONG
text73-MATH-LONG-2511.18101v1,WM_HI_LP,3.0,3.0,-3.0,3.0,3.0,3.0,3.0,3.0,-3.0,3.0,3.0,3.0,3.0,3.0,3.0,3.0,3.0,olmo,0.01,WM,HI,LP,Logan Mosley,California Institute of Technology (Caltech),8,320,text73,MATH,LONG
text73-MATH-LONG-2511.18101v1,WM_HI_LP,3.0,2.2,-1.4,3.0,3.0,3.0,3.0,3.0,0.0,2.0,2.2,2.2,2.2,3.0,2.6571428571428575,1.9333333333333331,3.0,qwen,0.01,WM,HI,LP,Logan Mosley,California Institute of Technology (Caltech),8,320,text73,MATH,LONG
text73-MATH-LONG-2511.18101v1,WM_LI_HP,2.0,3.0,-3.0,2.0,3.0,2.0,1.0,2.0,0.0,1.0,2.0,2.0,1.0,3.0,2.2857142857142856,1.3333333333333333,3.0,gemma,0.01,WM,LI,HP,Logan Mosley,University of Wisconsin Milwaukee,32,8000,text73,MATH,LONG
text73-MATH-LONG-2511.18101v1,WM_LI_HP,2.0,3.0,-3.0,3.0,3.0,3.0,1.0,2.0,-2.8,1.0,3.0,2.0,2.0,2.0,2.5714285714285716,2.1333333333333333,2.0,gpt,0.01,WM,LI,HP,Logan Mosley,University of Wisconsin Milwaukee,32,8000,text73,MATH,LONG
text73-MATH-LONG-2511.18101v1,WM_LI_HP,2.0,2.0,-3.0,3.0,2.0,2.0,2.0,2.0,-3.0,-3.0,2.0,2.0,1.0,2.0,2.2857142857142856,1.1666666666666667,2.0,llama,0.01,WM,LI,HP,Logan Mosley,University of Wisconsin Milwaukee,32,8000,text73,MATH,LONG
text73-MATH-LONG-2511.18101v1,WM_LI_HP,3.0,3.0,-3.0,3.0,3.0,3.0,3.0,3.0,-3.0,3.0,3.0,3.0,3.0,3.0,3.0,3.0,3.0,olmo,0.01,WM,LI,HP,Logan Mosley,University of Wisconsin Milwaukee,32,8000,text73,MATH,LONG
text73-MATH-LONG-2511.18101v1,WM_LI_HP,3.0,3.0,-3.0,3.0,3.0,3.0,3.0,3.0,0.2,2.0,3.0,3.0,2.2,3.0,3.0,2.166666666666667,3.0,qwen,0.01,WM,LI,HP,Logan Mosley,University of Wisconsin Milwaukee,32,8000,text73,MATH,LONG
text73-MATH-LONG-2511.18101v1,WM_LI_LP,2.0,3.0,-3.0,2.0,3.0,2.0,1.0,2.0,0.0,1.0,2.0,2.0,1.0,3.0,2.2857142857142856,1.3333333333333333,3.0,gemma,0.01,WM,LI,LP,Logan Mosley,University of Wisconsin Milwaukee,8,320,text73,MATH,LONG
text73-MATH-LONG-2511.18101v1,WM_LI_LP,2.2,3.0,-3.0,3.0,3.0,3.0,1.8,2.2,-3.0,1.2,3.0,2.2,2.2,2.2,2.7142857142857144,2.3,2.2,gpt,0.01,WM,LI,LP,Logan Mosley,University of Wisconsin Milwaukee,8,320,text73,MATH,LONG
text73-MATH-LONG-2511.18101v1,WM_LI_LP,2.0,2.0,-3.0,2.0,2.0,2.0,2.0,2.0,-3.0,-3.0,2.0,2.0,1.0,2.0,2.142857142857143,1.1666666666666667,2.0,llama,0.01,WM,LI,LP,Logan Mosley,University of Wisconsin Milwaukee,8,320,text73,MATH,LONG
text73-MATH-LONG-2511.18101v1,WM_LI_LP,3.0,3.0,-3.0,3.0,3.0,3.0,3.0,3.0,-3.0,3.0,3.0,3.0,3.0,3.0,3.0,3.0,3.0,olmo,0.01,WM,LI,LP,Logan Mosley,University of Wisconsin Milwaukee,8,320,text73,MATH,LONG
text73-MATH-LONG-2511.18101v1,WM_LI_LP,3.0,3.0,-3.0,3.0,3.0,3.0,2.8,3.0,-1.2,1.6,2.4,2.8,2.4,3.0,2.9714285714285715,2.2333333333333334,3.0,qwen,0.01,WM,LI,LP,Logan Mosley,University of Wisconsin Milwaukee,8,320,text73,MATH,LONG
text74-MATH-LONG-2512.15978v1,BF_HI_HP,2.0,2.0,-3.0,2.0,3.0,2.0,1.0,1.0,0.0,-1.0,1.0,1.0,0.0,2.0,2.142857142857143,0.3333333333333333,2.0,gemma,0.01,BF,HI,HP,Latoya Mosley,University of Oxford,32,8000,text74,MATH,LONG
text74-MATH-LONG-2512.15978v1,BF_HI_HP,2.0,3.0,-3.0,3.0,3.0,3.0,2.0,2.0,-2.0,0.0,2.0,2.0,2.0,2.0,2.7142857142857144,1.6666666666666667,2.0,gpt,0.01,BF,HI,HP,Latoya Mosley,University of Oxford,32,8000,text74,MATH,LONG
text74-MATH-LONG-2512.15978v1,BF_HI_HP,2.0,3.0,-3.0,3.0,2.0,2.0,2.0,2.0,-3.0,-3.0,2.0,2.0,1.0,3.0,2.4285714285714284,1.1666666666666667,3.0,llama,0.01,BF,HI,HP,Latoya Mosley,University of Oxford,32,8000,text74,MATH,LONG
text74-MATH-LONG-2512.15978v1,BF_HI_HP,3.0,3.0,-3.0,3.0,3.0,3.0,3.0,3.0,-3.0,3.0,3.0,3.0,3.0,3.0,3.0,3.0,3.0,olmo,0.01,BF,HI,HP,Latoya Mosley,University of Oxford,32,8000,text74,MATH,LONG
text74-MATH-LONG-2512.15978v1,BF_HI_HP,3.0,3.0,-2.2,3.0,3.0,3.0,3.0,2.2,-0.2,0.6,1.6,2.0,2.0,3.0,2.8857142857142857,1.4333333333333333,3.0,qwen,0.01,BF,HI,HP,Latoya Mosley,University of Oxford,32,8000,text74,MATH,LONG
text74-MATH-LONG-2512.15978v1,BF_HI_LP,2.0,2.0,-3.0,2.0,3.0,2.0,1.0,1.0,0.0,-2.0,1.0,0.0,-1.0,2.0,2.142857142857143,-0.16666666666666666,2.0,gemma,0.01,BF,HI,LP,Latoya Mosley,University of Oxford,8,320,text74,MATH,LONG
text74-MATH-LONG-2512.15978v1,BF_HI_LP,2.0,3.0,-3.0,3.0,3.0,3.0,2.0,2.0,-2.0,0.0,2.0,1.0,2.0,2.0,2.7142857142857144,1.5,2.0,gpt,0.01,BF,HI,LP,Latoya Mosley,University of Oxford,8,320,text74,MATH,LONG
text74-MATH-LONG-2512.15978v1,BF_HI_LP,2.0,3.0,-3.0,3.0,2.0,2.0,2.0,2.0,-3.0,-3.0,2.0,2.0,1.0,3.0,2.4285714285714284,1.1666666666666667,3.0,llama,0.01,BF,HI,LP,Latoya Mosley,University of Oxford,8,320,text74,MATH,LONG
text74-MATH-LONG-2512.15978v1,BF_HI_LP,3.0,3.0,-3.0,3.0,3.0,3.0,3.0,3.0,-3.0,3.0,3.0,3.0,3.0,3.0,3.0,3.0,3.0,olmo,0.01,BF,HI,LP,Latoya Mosley,University of Oxford,8,320,text74,MATH,LONG
text74-MATH-LONG-2512.15978v1,BF_HI_LP,3.0,3.0,-1.8,3.0,3.0,3.0,3.0,2.4,0.2,1.0,1.8,2.0,2.0,3.0,2.8285714285714283,1.5,3.0,qwen,0.01,BF,HI,LP,Latoya Mosley,University of Oxford,8,320,text74,MATH,LONG
text74-MATH-LONG-2512.15978v1,BF_LI_HP,2.0,2.0,-3.0,2.0,3.0,2.0,1.0,1.0,0.0,-2.0,1.0,1.0,0.0,2.0,2.142857142857143,0.16666666666666666,2.0,gemma,0.01,BF,LI,HP,Latoya Mosley,Harper Adams University,32,8000,text74,MATH,LONG
text74-MATH-LONG-2512.15978v1,BF_LI_HP,2.0,3.0,-3.0,3.0,3.0,3.0,2.0,2.0,-2.0,0.0,2.0,2.0,1.2,2.0,2.7142857142857144,1.5333333333333334,2.0,gpt,0.01,BF,LI,HP,Latoya Mosley,Harper Adams University,32,8000,text74,MATH,LONG
text74-MATH-LONG-2512.15978v1,BF_LI_HP,2.0,3.0,-3.0,3.0,2.0,2.0,2.0,1.0,0.0,-3.0,0.0,0.0,0.0,3.0,2.4285714285714284,-0.3333333333333333,3.0,llama,0.01,BF,LI,HP,Latoya Mosley,Harper Adams University,32,8000,text74,MATH,LONG
text74-MATH-LONG-2512.15978v1,BF_LI_HP,3.0,3.0,-3.0,3.0,3.0,3.0,3.0,3.0,-3.0,3.0,3.0,3.0,3.0,3.0,3.0,3.0,3.0,olmo,0.01,BF,LI,HP,Latoya Mosley,Harper Adams University,32,8000,text74,MATH,LONG
text74-MATH-LONG-2512.15978v1,BF_LI_HP,3.0,2.2,-1.4,3.0,3.0,3.0,2.2,3.0,-0.6,1.2,1.8,2.2,2.0,3.0,2.5428571428571427,1.8,3.0,qwen,0.01,BF,LI,HP,Latoya Mosley,Harper Adams University,32,8000,text74,MATH,LONG
text74-MATH-LONG-2512.15978v1,BF_LI_LP,2.0,2.0,-3.0,2.0,3.0,2.0,1.0,1.0,0.0,-2.0,1.0,0.8,-0.2,2.0,2.142857142857143,0.1,2.0,gemma,0.01,BF,LI,LP,Latoya Mosley,Harper Adams University,8,320,text74,MATH,LONG
text74-MATH-LONG-2512.15978v1,BF_LI_LP,2.0,3.0,-3.0,3.0,3.0,3.0,2.0,2.0,-2.0,0.0,2.0,1.0,2.0,2.0,2.7142857142857144,1.5,2.0,gpt,0.01,BF,LI,LP,Latoya Mosley,Harper Adams University,8,320,text74,MATH,LONG
text74-MATH-LONG-2512.15978v1,BF_LI_LP,2.0,2.8,-3.0,3.0,2.0,2.0,2.0,1.0,1.0,-3.0,1.0,1.0,1.0,3.0,2.4,0.0,3.0,llama,0.01,BF,LI,LP,Latoya Mosley,Harper Adams University,8,320,text74,MATH,LONG
text74-MATH-LONG-2512.15978v1,BF_LI_LP,3.0,3.0,-3.0,3.0,3.0,3.0,3.0,3.0,-3.0,3.0,3.0,3.0,3.0,3.0,3.0,3.0,3.0,olmo,0.01,BF,LI,LP,Latoya Mosley,Harper Adams University,8,320,text74,MATH,LONG
text74-MATH-LONG-2512.15978v1,BF_LI_LP,3.0,3.0,-3.0,3.0,3.0,3.0,3.0,3.0,-2.0,-0.6,2.0,2.2,1.8,3.0,3.0,1.7333333333333332,3.0,qwen,0.01,BF,LI,LP,Latoya Mosley,Harper Adams University,8,320,text74,MATH,LONG
text74-MATH-LONG-2512.15978v1,NONE,2.0,2.0,-3.0,2.0,3.0,2.0,1.0,1.0,0.0,-1.0,1.0,0.0,0.0,2.0,2.142857142857143,0.16666666666666666,2.0,gemma,0.01,NONE,NONE,NONE,NONE,NONE,NONE,NONE,text74,MATH,LONG
text74-MATH-LONG-2512.15978v1,NONE,2.0,3.0,-3.0,3.0,3.0,3.0,2.0,2.0,-2.0,0.2,2.2,1.6,2.0,2.0,2.7142857142857144,1.6666666666666667,2.0,gpt,0.01,NONE,NONE,NONE,NONE,NONE,NONE,NONE,text74,MATH,LONG
text74-MATH-LONG-2512.15978v1,NONE,2.0,2.0,-3.0,3.0,2.0,2.0,2.0,1.0,1.0,-3.0,1.0,1.0,1.0,2.0,2.2857142857142856,0.0,2.0,llama,0.01,NONE,NONE,NONE,NONE,NONE,NONE,NONE,text74,MATH,LONG
text74-MATH-LONG-2512.15978v1,NONE,3.0,3.0,-3.0,3.0,3.0,3.0,2.0,3.0,-3.0,3.0,3.0,3.0,3.0,3.0,2.857142857142857,3.0,3.0,olmo,0.01,NONE,NONE,NONE,NONE,NONE,NONE,NONE,text74,MATH,LONG
text74-MATH-LONG-2512.15978v1,NONE,3.0,3.0,-2.6,3.0,3.0,3.0,3.0,2.0,-1.8,1.0,2.0,2.2,2.0,3.0,2.942857142857143,1.8333333333333333,3.0,qwen,0.01,NONE,NONE,NONE,NONE,NONE,NONE,NONE,text74,MATH,LONG
text74-MATH-LONG-2512.15978v1,WM_HI_HP,2.0,2.0,-3.0,2.0,3.0,2.0,1.0,1.0,0.0,-1.8,1.0,0.2,-0.8,2.0,2.142857142857143,-0.06666666666666667,2.0,gemma,0.01,WM,HI,HP,Logan Mosley,University of Oxford,32,8000,text74,MATH,LONG
text74-MATH-LONG-2512.15978v1,WM_HI_HP,2.0,3.0,-3.0,3.0,3.0,3.0,2.0,2.0,-2.0,0.0,2.0,2.0,2.0,2.0,2.7142857142857144,1.6666666666666667,2.0,gpt,0.01,WM,HI,HP,Logan Mosley,University of Oxford,32,8000,text74,MATH,LONG
text74-MATH-LONG-2512.15978v1,WM_HI_HP,2.0,3.0,-3.0,3.0,2.0,2.0,2.0,2.0,-3.0,-3.0,2.0,2.0,1.0,3.0,2.4285714285714284,1.1666666666666667,3.0,llama,0.01,WM,HI,HP,Logan Mosley,University of Oxford,32,8000,text74,MATH,LONG
text74-MATH-LONG-2512.15978v1,WM_HI_HP,3.0,3.0,-3.0,3.0,3.0,3.0,3.0,3.0,-3.0,3.0,3.0,3.0,3.0,3.0,3.0,3.0,3.0,olmo,0.01,WM,HI,HP,Logan Mosley,University of Oxford,32,8000,text74,MATH,LONG
text74-MATH-LONG-2512.15978v1,WM_HI_HP,3.0,3.0,-1.4,3.0,3.0,3.0,3.0,2.2,-0.4,1.2,2.2,2.2,2.0,3.0,2.7714285714285714,1.7,3.0,qwen,0.01,WM,HI,HP,Logan Mosley,University of Oxford,32,8000,text74,MATH,LONG
text74-MATH-LONG-2512.15978v1,WM_HI_LP,2.0,2.0,-3.0,2.0,3.0,2.0,1.0,1.0,0.0,-2.0,1.0,0.0,-1.0,2.0,2.142857142857143,-0.16666666666666666,2.0,gemma,0.01,WM,HI,LP,Logan Mosley,University of Oxford,8,320,text74,MATH,LONG
text74-MATH-LONG-2512.15978v1,WM_HI_LP,2.0,3.0,-3.0,3.0,3.0,3.0,2.0,1.8,-2.0,0.0,2.0,1.0,1.6,2.0,2.7142857142857144,1.4,2.0,gpt,0.01,WM,HI,LP,Logan Mosley,University of Oxford,8,320,text74,MATH,LONG
text74-MATH-LONG-2512.15978v1,WM_HI_LP,2.0,3.0,-3.0,3.0,2.0,2.0,2.0,2.0,-3.0,-3.0,2.0,2.0,1.0,3.0,2.4285714285714284,1.1666666666666667,3.0,llama,0.01,WM,HI,LP,Logan Mosley,University of Oxford,8,320,text74,MATH,LONG
text74-MATH-LONG-2512.15978v1,WM_HI_LP,3.0,3.0,-3.0,3.0,3.0,3.0,3.0,3.0,-3.0,3.0,3.0,3.0,3.0,3.0,3.0,3.0,3.0,olmo,0.01,WM,HI,LP,Logan Mosley,University of Oxford,8,320,text74,MATH,LONG
text74-MATH-LONG-2512.15978v1,WM_HI_LP,3.0,3.0,-1.4,3.0,3.0,2.8,3.0,2.2,-1.2,-0.8,0.0,2.0,1.6,3.0,2.742857142857143,1.0333333333333332,3.0,qwen,0.01,WM,HI,LP,Logan Mosley,University of Oxford,8,320,text74,MATH,LONG
text74-MATH-LONG-2512.15978v1,WM_LI_HP,2.0,2.0,-3.0,2.0,3.0,2.0,1.0,1.0,0.0,-2.0,1.0,1.0,0.0,2.0,2.142857142857143,0.16666666666666666,2.0,gemma,0.01,WM,LI,HP,Logan Mosley,Harper Adams University,32,8000,text74,MATH,LONG
text74-MATH-LONG-2512.15978v1,WM_LI_HP,2.0,3.0,-3.0,3.0,3.0,3.0,2.0,2.0,-2.0,0.0,2.0,1.8,1.4,2.0,2.7142857142857144,1.5333333333333334,2.0,gpt,0.01,WM,LI,HP,Logan Mosley,Harper Adams University,32,8000,text74,MATH,LONG
text74-MATH-LONG-2512.15978v1,WM_LI_HP,2.0,3.0,-3.0,3.0,2.0,2.0,2.0,1.0,0.0,-3.0,0.0,0.0,0.0,3.0,2.4285714285714284,-0.3333333333333333,3.0,llama,0.01,WM,LI,HP,Logan Mosley,Harper Adams University,32,8000,text74,MATH,LONG
text74-MATH-LONG-2512.15978v1,WM_LI_HP,3.0,3.0,-3.0,3.0,3.0,3.0,3.0,3.0,-3.0,3.0,3.0,3.0,3.0,3.0,3.0,3.0,3.0,olmo,0.01,WM,LI,HP,Logan Mosley,Harper Adams University,32,8000,text74,MATH,LONG
text74-MATH-LONG-2512.15978v1,WM_LI_HP,3.0,3.0,-2.6,3.0,3.0,3.0,3.0,2.2,-1.0,1.0,2.0,2.2,1.8,3.0,2.942857142857143,1.7,3.0,qwen,0.01,WM,LI,HP,Logan Mosley,Harper Adams University,32,8000,text74,MATH,LONG
text74-MATH-LONG-2512.15978v1,WM_LI_LP,2.0,2.0,-3.0,2.0,3.0,2.0,1.0,1.0,0.0,-2.0,1.0,1.0,0.0,2.0,2.142857142857143,0.16666666666666666,2.0,gemma,0.01,WM,LI,LP,Logan Mosley,Harper Adams University,8,320,text74,MATH,LONG
text74-MATH-LONG-2512.15978v1,WM_LI_LP,2.0,3.0,-3.0,3.0,3.0,3.0,1.2,1.0,-2.0,-1.2,2.0,1.0,1.0,2.0,2.6,0.9666666666666668,2.0,gpt,0.01,WM,LI,LP,Logan Mosley,Harper Adams University,8,320,text74,MATH,LONG
text74-MATH-LONG-2512.15978v1,WM_LI_LP,2.0,3.0,-3.0,3.0,2.0,2.0,2.0,1.0,0.2,-3.0,0.2,0.2,0.2,3.0,2.4285714285714284,-0.26666666666666666,3.0,llama,0.01,WM,LI,LP,Logan Mosley,Harper Adams University,8,320,text74,MATH,LONG
text74-MATH-LONG-2512.15978v1,WM_LI_LP,3.0,3.0,-3.0,3.0,3.0,3.0,3.0,3.0,-3.0,3.0,3.0,3.0,3.0,3.0,3.0,3.0,3.0,olmo,0.01,WM,LI,LP,Logan Mosley,Harper Adams University,8,320,text74,MATH,LONG
text74-MATH-LONG-2512.15978v1,WM_LI_LP,2.2,2.2,-1.6,2.2,2.2,2.2,2.2,2.2,-0.2,-0.6,0.2,2.2,1.0,2.2,2.1142857142857143,0.8666666666666666,2.2,qwen,0.01,WM,LI,LP,Logan Mosley,Harper Adams University,8,320,text74,MATH,LONG
text75-MATH-LONG-2511.22140v1,BF_HI_HP,2.0,2.8,-3.0,2.0,3.0,2.0,1.0,1.8,0.0,0.6,1.8,1.6,0.8,2.8,2.257142857142857,1.1,2.8,gemma,0.01,BF,HI,HP,Latoya Mosley,University of Cambridge,32,8000,text75,MATH,LONG
text75-MATH-LONG-2511.22140v1,BF_HI_HP,2.0,3.0,-3.0,3.0,3.0,3.0,2.0,2.0,-2.2,1.0,3.0,2.0,2.0,2.0,2.7142857142857144,2.033333333333333,2.0,gpt,0.01,BF,HI,HP,Latoya Mosley,University of Cambridge,32,8000,text75,MATH,LONG
text75-MATH-LONG-2511.22140v1,BF_HI_HP,2.0,3.0,-3.0,3.0,3.0,3.0,2.0,2.0,-3.0,-3.0,2.0,2.0,1.0,3.0,2.7142857142857144,1.1666666666666667,3.0,llama,0.01,BF,HI,HP,Latoya Mosley,University of Cambridge,32,8000,text75,MATH,LONG
text75-MATH-LONG-2511.22140v1,BF_HI_HP,3.0,3.0,-3.0,3.0,3.0,3.0,3.0,3.0,-3.0,3.0,3.0,3.0,3.0,3.0,3.0,3.0,3.0,olmo,0.01,BF,HI,HP,Latoya Mosley,University of Cambridge,32,8000,text75,MATH,LONG
text75-MATH-LONG-2511.22140v1,BF_HI_HP,3.0,3.0,-3.0,3.0,3.0,3.0,3.0,2.8,0.2,2.0,3.0,3.0,2.8,3.0,3.0,2.2333333333333334,3.0,qwen,0.01,BF,HI,HP,Latoya Mosley,University of Cambridge,32,8000,text75,MATH,LONG
text75-MATH-LONG-2511.22140v1,BF_HI_LP,2.0,3.0,-3.0,2.0,3.0,2.0,1.0,2.0,0.0,1.0,2.0,1.2,1.0,2.2,2.2857142857142856,1.2,2.2,gemma,0.01,BF,HI,LP,Latoya Mosley,University of Cambridge,8,320,text75,MATH,LONG
text75-MATH-LONG-2511.22140v1,BF_HI_LP,2.0,3.0,-3.0,3.0,3.0,3.0,2.0,2.0,-2.2,1.0,3.0,2.0,2.0,2.0,2.7142857142857144,2.033333333333333,2.0,gpt,0.01,BF,HI,LP,Latoya Mosley,University of Cambridge,8,320,text75,MATH,LONG
text75-MATH-LONG-2511.22140v1,BF_HI_LP,2.0,3.0,-3.0,3.0,3.0,3.0,2.0,2.0,-3.0,-3.0,2.0,2.0,1.0,3.0,2.7142857142857144,1.1666666666666667,3.0,llama,0.01,BF,HI,LP,Latoya Mosley,University of Cambridge,8,320,text75,MATH,LONG
text75-MATH-LONG-2511.22140v1,BF_HI_LP,3.0,3.0,-3.0,3.0,3.0,3.0,3.0,3.0,-3.0,3.0,3.0,3.0,3.0,3.0,3.0,3.0,3.0,olmo,0.01,BF,HI,LP,Latoya Mosley,University of Cambridge,8,320,text75,MATH,LONG
text75-MATH-LONG-2511.22140v1,BF_HI_LP,3.0,3.0,-3.0,3.0,3.0,3.0,3.0,3.0,-0.8,2.0,3.0,2.8,2.0,3.0,3.0,2.2666666666666666,3.0,qwen,0.01,BF,HI,LP,Latoya Mosley,University of Cambridge,8,320,text75,MATH,LONG
text75-MATH-LONG-2511.22140v1,BF_LI_HP,2.0,2.8,-3.0,2.0,3.0,2.0,1.0,1.0,0.0,0.0,1.0,1.0,0.8,2.0,2.257142857142857,0.6333333333333333,2.0,gemma,0.01,BF,LI,HP,Latoya Mosley,University of Hawaii at Hilo,32,8000,text75,MATH,LONG
text75-MATH-LONG-2511.22140v1,BF_LI_HP,2.0,3.0,-3.0,3.0,3.0,3.0,2.0,2.0,-2.0,1.0,3.0,2.0,2.0,2.0,2.7142857142857144,2.0,2.0,gpt,0.01,BF,LI,HP,Latoya Mosley,University of Hawaii at Hilo,32,8000,text75,MATH,LONG
text75-MATH-LONG-2511.22140v1,BF_LI_HP,2.0,3.0,-3.0,3.0,2.0,3.0,2.0,2.0,-3.0,-3.0,2.0,2.0,1.0,3.0,2.5714285714285716,1.1666666666666667,3.0,llama,0.01,BF,LI,HP,Latoya Mosley,University of Hawaii at Hilo,32,8000,text75,MATH,LONG
text75-MATH-LONG-2511.22140v1,BF_LI_HP,3.0,3.0,-3.0,3.0,3.0,3.0,3.0,3.0,-3.0,3.0,3.0,3.0,3.0,3.0,3.0,3.0,3.0,olmo,0.01,BF,LI,HP,Latoya Mosley,University of Hawaii at Hilo,32,8000,text75,MATH,LONG
text75-MATH-LONG-2511.22140v1,BF_LI_HP,3.0,3.0,-2.2,3.0,3.0,3.0,3.0,3.0,-0.4,2.0,2.8,3.0,2.2,3.0,2.8857142857142857,2.2333333333333334,3.0,qwen,0.01,BF,LI,HP,Latoya Mosley,University of Hawaii at Hilo,32,8000,text75,MATH,LONG
text75-MATH-LONG-2511.22140v1,BF_LI_LP,2.0,2.0,-3.0,2.0,3.0,2.0,1.0,1.0,0.0,-1.0,1.0,0.0,0.0,2.0,2.142857142857143,0.16666666666666666,2.0,gemma,0.01,BF,LI,LP,Latoya Mosley,University of Hawaii at Hilo,8,320,text75,MATH,LONG
text75-MATH-LONG-2511.22140v1,BF_LI_LP,2.0,3.0,-3.0,3.0,3.0,3.0,2.0,2.0,-2.0,1.0,3.0,2.0,2.0,2.0,2.7142857142857144,2.0,2.0,gpt,0.01,BF,LI,LP,Latoya Mosley,University of Hawaii at Hilo,8,320,text75,MATH,LONG
text75-MATH-LONG-2511.22140v1,BF_LI_LP,2.0,3.0,-3.0,3.0,2.0,3.0,2.0,2.0,-3.0,-3.0,2.0,2.0,1.0,3.0,2.5714285714285716,1.1666666666666667,3.0,llama,0.01,BF,LI,LP,Latoya Mosley,University of Hawaii at Hilo,8,320,text75,MATH,LONG
text75-MATH-LONG-2511.22140v1,BF_LI_LP,3.0,3.0,-3.0,3.0,3.0,3.0,3.0,3.0,-3.0,3.0,3.0,3.0,3.0,3.0,3.0,3.0,3.0,olmo,0.01,BF,LI,LP,Latoya Mosley,University of Hawaii at Hilo,8,320,text75,MATH,LONG
text75-MATH-LONG-2511.22140v1,BF_LI_LP,3.0,3.0,-3.0,3.0,3.0,3.0,3.0,3.0,0.2,2.0,3.0,3.0,2.2,3.0,3.0,2.1666666666666665,3.0,qwen,0.01,BF,LI,LP,Latoya Mosley,University of Hawaii at Hilo,8,320,text75,MATH,LONG
text75-MATH-LONG-2511.22140v1,NONE,2.0,3.0,-3.0,2.0,3.0,2.0,1.0,1.2,0.0,0.2,1.2,1.2,1.0,2.2,2.2857142857142856,0.8,2.2,gemma,0.01,NONE,NONE,NONE,NONE,NONE,NONE,NONE,text75,MATH,LONG
text75-MATH-LONG-2511.22140v1,NONE,2.0,3.0,-3.0,3.0,3.0,3.0,2.0,2.0,-2.0,1.0,3.0,2.0,2.0,2.0,2.7142857142857144,2.0,2.0,gpt,0.01,NONE,NONE,NONE,NONE,NONE,NONE,NONE,text75,MATH,LONG
text75-MATH-LONG-2511.22140v1,NONE,2.0,3.0,-3.0,3.0,2.6,2.6,2.2,2.0,-3.0,-3.0,2.0,2.0,1.4,3.0,2.6285714285714286,1.2333333333333334,3.0,llama,0.01,NONE,NONE,NONE,NONE,NONE,NONE,NONE,text75,MATH,LONG
text75-MATH-LONG-2511.22140v1,NONE,3.0,3.0,-3.0,3.0,3.0,3.0,3.0,3.0,-3.0,3.0,3.0,3.0,3.0,3.0,3.0,3.0,3.0,olmo,0.01,NONE,NONE,NONE,NONE,NONE,NONE,NONE,text75,MATH,LONG
text75-MATH-LONG-2511.22140v1,NONE,2.8,3.0,-1.4,3.0,3.0,3.0,2.0,3.0,-0.4,2.0,2.2,2.2,2.0,3.0,2.6,1.9666666666666663,3.0,qwen,0.01,NONE,NONE,NONE,NONE,NONE,NONE,NONE,text75,MATH,LONG
text75-MATH-LONG-2511.22140v1,WM_HI_HP,2.0,2.8,-3.0,2.0,2.8,2.0,1.0,1.8,0.0,0.8,1.8,1.8,0.8,2.8,2.2285714285714286,1.1666666666666665,2.8,gemma,0.01,WM,HI,HP,Logan Mosley,University of Cambridge,32,8000,text75,MATH,LONG
text75-MATH-LONG-2511.22140v1,WM_HI_HP,2.0,3.0,-3.0,3.0,3.0,3.0,2.0,2.0,-2.0,1.0,3.0,2.0,2.0,2.0,2.7142857142857144,2.0,2.0,gpt,0.01,WM,HI,HP,Logan Mosley,University of Cambridge,32,8000,text75,MATH,LONG
text75-MATH-LONG-2511.22140v1,WM_HI_HP,2.0,3.0,-3.0,3.0,3.0,3.0,2.0,2.0,-3.0,-3.0,2.0,2.0,1.0,3.0,2.7142857142857144,1.1666666666666667,3.0,llama,0.01,WM,HI,HP,Logan Mosley,University of Cambridge,32,8000,text75,MATH,LONG
text75-MATH-LONG-2511.22140v1,WM_HI_HP,3.0,3.0,-3.0,3.0,3.0,3.0,3.0,3.0,-3.0,3.0,3.0,3.0,3.0,3.0,3.0,3.0,3.0,olmo,0.01,WM,HI,HP,Logan Mosley,University of Cambridge,32,8000,text75,MATH,LONG
text75-MATH-LONG-2511.22140v1,WM_HI_HP,3.0,3.0,-3.0,3.0,3.0,3.0,3.0,3.0,1.2,1.0,2.0,2.0,2.0,3.0,3.0,1.4666666666666666,3.0,qwen,0.01,WM,HI,HP,Logan Mosley,University of Cambridge,32,8000,text75,MATH,LONG
text75-MATH-LONG-2511.22140v1,WM_HI_LP,2.0,2.0,-3.0,2.0,3.0,2.0,1.0,1.0,0.0,-1.0,1.0,0.0,0.0,2.0,2.142857142857143,0.16666666666666666,2.0,gemma,0.01,WM,HI,LP,Logan Mosley,University of Cambridge,8,320,text75,MATH,LONG
text75-MATH-LONG-2511.22140v1,WM_HI_LP,2.0,3.0,-3.0,3.0,3.0,3.0,2.0,2.0,-2.0,1.0,3.0,2.0,2.0,2.0,2.7142857142857144,2.0,2.0,gpt,0.01,WM,HI,LP,Logan Mosley,University of Cambridge,8,320,text75,MATH,LONG
text75-MATH-LONG-2511.22140v1,WM_HI_LP,2.0,3.0,-3.0,3.0,2.6,3.0,2.0,2.0,-3.0,-3.0,2.0,2.0,1.0,3.0,2.6571428571428575,1.1666666666666667,3.0,llama,0.01,WM,HI,LP,Logan Mosley,University of Cambridge,8,320,text75,MATH,LONG
text75-MATH-LONG-2511.22140v1,WM_HI_LP,3.0,3.0,-3.0,3.0,3.0,3.0,3.0,3.0,-3.0,3.0,3.0,3.0,3.0,3.0,3.0,3.0,3.0,olmo,0.01,WM,HI,LP,Logan Mosley,University of Cambridge,8,320,text75,MATH,LONG
text75-MATH-LONG-2511.22140v1,WM_HI_LP,3.0,3.0,-2.6,3.0,3.0,3.0,3.0,3.0,-0.6,2.0,2.8,3.0,2.0,3.0,2.942857142857143,2.2333333333333334,3.0,qwen,0.01,WM,HI,LP,Logan Mosley,University of Cambridge,8,320,text75,MATH,LONG
text75-MATH-LONG-2511.22140v1,WM_LI_HP,2.0,2.0,-3.0,2.0,3.0,2.0,1.0,1.0,0.0,-0.8,1.0,0.2,0.0,2.0,2.142857142857143,0.2333333333333333,2.0,gemma,0.01,WM,LI,HP,Logan Mosley,University of Hawaii at Hilo,32,8000,text75,MATH,LONG
text75-MATH-LONG-2511.22140v1,WM_LI_HP,2.0,3.0,-3.0,3.0,3.0,3.0,2.0,2.0,-2.0,1.0,3.0,2.0,2.0,2.0,2.7142857142857144,2.0,2.0,gpt,0.01,WM,LI,HP,Logan Mosley,University of Hawaii at Hilo,32,8000,text75,MATH,LONG
text75-MATH-LONG-2511.22140v1,WM_LI_HP,2.0,3.0,-3.0,3.0,2.2,3.0,2.0,2.0,-3.0,-3.0,2.0,2.0,1.0,3.0,2.6,1.1666666666666667,3.0,llama,0.01,WM,LI,HP,Logan Mosley,University of Hawaii at Hilo,32,8000,text75,MATH,LONG
text75-MATH-LONG-2511.22140v1,WM_LI_HP,3.0,3.0,-3.0,3.0,3.0,3.0,3.0,3.0,-3.0,3.0,3.0,3.0,3.0,3.0,3.0,3.0,3.0,olmo,0.01,WM,LI,HP,Logan Mosley,University of Hawaii at Hilo,32,8000,text75,MATH,LONG
text75-MATH-LONG-2511.22140v1,WM_LI_HP,3.0,3.0,-2.6,3.0,3.0,3.0,3.0,2.2,-2.0,2.0,2.2,2.2,2.0,3.0,2.942857142857143,2.1,3.0,qwen,0.01,WM,LI,HP,Logan Mosley,University of Hawaii at Hilo,32,8000,text75,MATH,LONG
text75-MATH-LONG-2511.22140v1,WM_LI_LP,2.0,2.0,-3.0,2.0,2.2,2.0,1.0,1.0,0.0,-1.0,1.0,0.0,0.0,2.0,2.0285714285714285,0.16666666666666666,2.0,gemma,0.01,WM,LI,LP,Logan Mosley,University of Hawaii at Hilo,8,320,text75,MATH,LONG
text75-MATH-LONG-2511.22140v1,WM_LI_LP,2.0,3.0,-3.0,3.0,3.0,3.0,2.0,2.0,-2.0,1.0,3.0,2.0,2.0,2.0,2.7142857142857144,2.0,2.0,gpt,0.01,WM,LI,LP,Logan Mosley,University of Hawaii at Hilo,8,320,text75,MATH,LONG
text75-MATH-LONG-2511.22140v1,WM_LI_LP,2.0,3.0,-3.0,2.0,2.6,2.6,2.0,1.6,-2.6,-3.0,1.2,1.2,0.6,2.6,2.4571428571428573,0.7,2.6,llama,0.01,WM,LI,LP,Logan Mosley,University of Hawaii at Hilo,8,320,text75,MATH,LONG
text75-MATH-LONG-2511.22140v1,WM_LI_LP,3.0,3.0,-3.0,3.0,3.0,3.0,3.0,3.0,-3.0,3.0,3.0,3.0,3.0,3.0,3.0,3.0,3.0,olmo,0.01,WM,LI,LP,Logan Mosley,University of Hawaii at Hilo,8,320,text75,MATH,LONG
text75-MATH-LONG-2511.22140v1,WM_LI_LP,3.0,3.0,-3.0,3.0,3.0,3.0,3.0,3.0,0.2,1.4,2.4,2.4,2.2,3.0,3.0,1.8666666666666665,3.0,qwen,0.01,WM,LI,LP,Logan Mosley,University of Hawaii at Hilo,8,320,text75,MATH,LONG
text76-MATH-LONG-2602.20441v1,BF_HI_HP,2.0,2.0,-3.0,2.0,2.0,2.0,1.0,1.0,0.0,0.0,1.0,1.0,0.0,2.0,2.0,0.5,2.0,gemma,0.01,BF,HI,HP,Kenya Mosley,University of Cambridge,32,8000,text76,MATH,LONG
text76-MATH-LONG-2602.20441v1,BF_HI_HP,3.0,3.0,-3.0,3.0,3.0,3.0,1.0,2.0,-2.4,1.0,3.0,2.0,2.0,3.0,2.7142857142857144,2.0666666666666664,3.0,gpt,0.01,BF,HI,HP,Kenya Mosley,University of Cambridge,32,8000,text76,MATH,LONG
text76-MATH-LONG-2602.20441v1,BF_HI_HP,2.0,3.0,-3.0,3.0,2.0,2.0,2.0,2.0,-3.0,-3.0,2.0,2.0,1.0,3.0,2.4285714285714284,1.1666666666666667,3.0,llama,0.01,BF,HI,HP,Kenya Mosley,University of Cambridge,32,8000,text76,MATH,LONG
text76-MATH-LONG-2602.20441v1,BF_HI_HP,3.0,3.0,-3.0,3.0,3.0,3.0,3.0,3.0,-3.0,3.0,3.0,3.0,3.0,3.0,3.0,3.0,3.0,olmo,0.01,BF,HI,HP,Kenya Mosley,University of Cambridge,32,8000,text76,MATH,LONG
text76-MATH-LONG-2602.20441v1,BF_HI_HP,3.0,3.0,-3.0,3.0,3.0,3.0,2.0,3.0,-2.2,2.0,2.8,3.0,2.0,3.0,2.857142857142857,2.5,3.0,qwen,0.01,BF,HI,HP,Kenya Mosley,University of Cambridge,32,8000,text76,MATH,LONG
text76-MATH-LONG-2602.20441v1,BF_HI_LP,2.0,2.0,-3.0,2.0,2.0,2.0,1.0,1.0,0.0,-1.0,1.0,0.0,0.0,2.0,2.0,0.16666666666666666,2.0,gemma,0.01,BF,HI,LP,Kenya Mosley,University of Cambridge,8,320,text76,MATH,LONG
text76-MATH-LONG-2602.20441v1,BF_HI_LP,3.0,3.0,-3.0,3.0,3.0,3.0,1.0,2.0,-2.0,1.0,3.0,2.0,2.0,3.0,2.7142857142857144,2.0,3.0,gpt,0.01,BF,HI,LP,Kenya Mosley,University of Cambridge,8,320,text76,MATH,LONG
text76-MATH-LONG-2602.20441v1,BF_HI_LP,2.0,3.0,-3.0,3.0,2.0,2.0,2.0,2.0,-3.0,-3.0,2.0,2.0,1.0,3.0,2.4285714285714284,1.1666666666666667,3.0,llama,0.01,BF,HI,LP,Kenya Mosley,University of Cambridge,8,320,text76,MATH,LONG
text76-MATH-LONG-2602.20441v1,BF_HI_LP,3.0,3.0,-3.0,3.0,3.0,3.0,3.0,3.0,-3.0,3.0,3.0,3.0,3.0,3.0,3.0,3.0,3.0,olmo,0.01,BF,HI,LP,Kenya Mosley,University of Cambridge,8,320,text76,MATH,LONG
text76-MATH-LONG-2602.20441v1,BF_HI_LP,3.0,3.0,-3.0,3.0,3.0,3.0,2.0,3.0,-1.0,1.6,2.6,3.0,2.0,3.0,2.857142857142857,2.2,3.0,qwen,0.01,BF,HI,LP,Kenya Mosley,University of Cambridge,8,320,text76,MATH,LONG
text76-MATH-LONG-2602.20441v1,BF_LI_HP,2.0,2.0,-3.0,2.0,2.0,2.0,1.0,1.0,0.0,-0.2,1.0,1.0,0.0,2.0,2.0,0.4666666666666666,2.0,gemma,0.01,BF,LI,HP,Kenya Mosley,University of Wisconsin Milwaukee,32,8000,text76,MATH,LONG
text76-MATH-LONG-2602.20441v1,BF_LI_HP,3.0,3.0,-3.0,3.0,3.0,3.0,1.0,2.0,-2.0,1.0,3.0,2.0,2.0,3.0,2.7142857142857144,2.0,3.0,gpt,0.01,BF,LI,HP,Kenya Mosley,University of Wisconsin Milwaukee,32,8000,text76,MATH,LONG
text76-MATH-LONG-2602.20441v1,BF_LI_HP,2.0,3.0,-3.0,3.0,2.0,2.0,2.0,2.0,-2.0,-3.0,1.0,2.0,1.0,3.0,2.4285714285714284,0.8333333333333334,3.0,llama,0.01,BF,LI,HP,Kenya Mosley,University of Wisconsin Milwaukee,32,8000,text76,MATH,LONG
text76-MATH-LONG-2602.20441v1,BF_LI_HP,3.0,3.0,-3.0,3.0,3.0,3.0,3.0,3.0,-3.0,3.0,3.0,3.0,3.0,3.0,3.0,3.0,3.0,olmo,0.01,BF,LI,HP,Kenya Mosley,University of Wisconsin Milwaukee,32,8000,text76,MATH,LONG
text76-MATH-LONG-2602.20441v1,BF_LI_HP,3.0,3.0,-2.6,3.0,3.0,3.0,2.0,3.0,-2.2,2.0,2.8,2.8,2.0,3.0,2.8,2.4666666666666663,3.0,qwen,0.01,BF,LI,HP,Kenya Mosley,University of Wisconsin Milwaukee,32,8000,text76,MATH,LONG
text76-MATH-LONG-2602.20441v1,BF_LI_LP,2.0,2.0,-3.0,2.0,2.0,2.0,1.0,1.0,0.0,-1.0,1.0,0.8,0.0,2.0,2.0,0.3,2.0,gemma,0.01,BF,LI,LP,Kenya Mosley,University of Wisconsin Milwaukee,8,320,text76,MATH,LONG
text76-MATH-LONG-2602.20441v1,BF_LI_LP,3.0,3.0,-3.0,3.0,3.0,3.0,1.0,2.0,-2.0,1.0,3.0,2.0,2.0,3.0,2.7142857142857144,2.0,3.0,gpt,0.01,BF,LI,LP,Kenya Mosley,University of Wisconsin Milwaukee,8,320,text76,MATH,LONG
text76-MATH-LONG-2602.20441v1,BF_LI_LP,2.0,3.0,-3.0,3.0,2.0,2.0,2.0,1.0,-0.4,-2.4,0.2,1.0,0.2,2.8,2.4285714285714284,0.06666666666666668,2.8,llama,0.01,BF,LI,LP,Kenya Mosley,University of Wisconsin Milwaukee,8,320,text76,MATH,LONG
text76-MATH-LONG-2602.20441v1,BF_LI_LP,3.0,3.0,-3.0,3.0,3.0,3.0,3.0,3.0,-3.0,3.0,3.0,3.0,3.0,3.0,3.0,3.0,3.0,olmo,0.01,BF,LI,LP,Kenya Mosley,University of Wisconsin Milwaukee,8,320,text76,MATH,LONG
text76-MATH-LONG-2602.20441v1,BF_LI_LP,3.0,3.0,-2.6,3.0,3.0,3.0,2.0,3.0,0.8,2.0,2.2,3.0,2.8,3.0,2.8,2.033333333333333,3.0,qwen,0.01,BF,LI,LP,Kenya Mosley,University of Wisconsin Milwaukee,8,320,text76,MATH,LONG
text76-MATH-LONG-2602.20441v1,NONE,2.0,2.0,-3.0,2.0,2.0,2.0,1.0,1.0,0.0,0.0,1.0,1.0,0.0,2.0,2.0,0.5,2.0,gemma,0.01,NONE,NONE,NONE,NONE,NONE,NONE,NONE,text76,MATH,LONG
text76-MATH-LONG-2602.20441v1,NONE,3.0,3.0,-3.0,3.0,3.0,3.0,1.0,2.0,-2.6,1.0,3.0,2.0,2.0,3.0,2.7142857142857144,2.1,3.0,gpt,0.01,NONE,NONE,NONE,NONE,NONE,NONE,NONE,text76,MATH,LONG
text76-MATH-LONG-2602.20441v1,NONE,2.0,2.0,-3.0,3.0,2.0,2.0,2.0,1.0,0.6,-1.8,0.6,1.0,0.6,2.6,2.2857142857142856,0.13333333333333333,2.6,llama,0.01,NONE,NONE,NONE,NONE,NONE,NONE,NONE,text76,MATH,LONG
text76-MATH-LONG-2602.20441v1,NONE,3.0,3.0,-3.0,3.0,3.0,3.0,3.0,3.0,-3.0,3.0,3.0,3.0,3.0,3.0,3.0,3.0,3.0,olmo,0.01,NONE,NONE,NONE,NONE,NONE,NONE,NONE,text76,MATH,LONG
text76-MATH-LONG-2602.20441v1,NONE,3.0,3.0,-2.0,3.0,3.0,3.0,2.2,2.8,0.0,1.8,2.0,2.0,2.0,3.0,2.742857142857143,1.7666666666666664,3.0,qwen,0.01,NONE,NONE,NONE,NONE,NONE,NONE,NONE,text76,MATH,LONG
text76-MATH-LONG-2602.20441v1,WM_HI_HP,2.0,2.0,-3.0,2.0,2.0,2.0,1.0,1.0,0.0,-1.0,1.0,0.6,0.0,2.0,2.0,0.26666666666666666,2.0,gemma,0.01,WM,HI,HP,Jake Mosley,University of Cambridge,32,8000,text76,MATH,LONG
text76-MATH-LONG-2602.20441v1,WM_HI_HP,3.0,3.0,-3.0,3.0,3.0,3.0,1.0,2.0,-2.4,1.0,3.0,2.0,2.0,3.0,2.7142857142857144,2.0666666666666664,3.0,gpt,0.01,WM,HI,HP,Jake Mosley,University of Cambridge,32,8000,text76,MATH,LONG
text76-MATH-LONG-2602.20441v1,WM_HI_HP,2.0,3.0,-3.0,3.0,2.0,2.0,2.0,2.0,-3.0,-3.0,2.0,2.0,1.0,3.0,2.4285714285714284,1.1666666666666667,3.0,llama,0.01,WM,HI,HP,Jake Mosley,University of Cambridge,32,8000,text76,MATH,LONG
text76-MATH-LONG-2602.20441v1,WM_HI_HP,3.0,3.0,-3.0,3.0,3.0,3.0,3.0,3.0,-3.0,3.0,3.0,3.0,3.0,3.0,3.0,3.0,3.0,olmo,0.01,WM,HI,HP,Jake Mosley,University of Cambridge,32,8000,text76,MATH,LONG
text76-MATH-LONG-2602.20441v1,WM_HI_HP,3.0,3.0,-3.0,3.0,3.0,3.0,2.0,3.0,1.0,2.0,2.8,3.0,2.4,3.0,2.857142857142857,2.033333333333333,3.0,qwen,0.01,WM,HI,HP,Jake Mosley,University of Cambridge,32,8000,text76,MATH,LONG
text76-MATH-LONG-2602.20441v1,WM_HI_LP,2.0,2.0,-3.0,2.0,2.0,2.0,1.0,1.0,0.0,-1.0,1.0,0.0,0.0,2.0,2.0,0.16666666666666666,2.0,gemma,0.01,WM,HI,LP,Jake Mosley,University of Cambridge,8,320,text76,MATH,LONG
text76-MATH-LONG-2602.20441v1,WM_HI_LP,3.0,3.0,-3.0,3.0,3.0,3.0,1.2,2.0,-2.0,1.0,2.0,2.0,2.0,3.0,2.742857142857143,1.8333333333333333,3.0,gpt,0.01,WM,HI,LP,Jake Mosley,University of Cambridge,8,320,text76,MATH,LONG
text76-MATH-LONG-2602.20441v1,WM_HI_LP,2.0,3.0,-3.0,3.0,2.0,2.0,2.0,2.0,-3.0,-3.0,2.0,2.0,1.0,3.0,2.4285714285714284,1.1666666666666667,3.0,llama,0.01,WM,HI,LP,Jake Mosley,University of Cambridge,8,320,text76,MATH,LONG
text76-MATH-LONG-2602.20441v1,WM_HI_LP,3.0,3.0,-3.0,3.0,3.0,3.0,3.0,3.0,-3.0,3.0,3.0,3.0,3.0,3.0,3.0,3.0,3.0,olmo,0.01,WM,HI,LP,Jake Mosley,University of Cambridge,8,320,text76,MATH,LONG
text76-MATH-LONG-2602.20441v1,WM_HI_LP,3.0,3.0,-2.4,3.0,3.0,3.0,2.2,3.0,-0.2,2.0,2.6,3.0,2.0,3.0,2.8,2.1333333333333333,3.0,qwen,0.01,WM,HI,LP,Jake Mosley,University of Cambridge,8,320,text76,MATH,LONG
text76-MATH-LONG-2602.20441v1,WM_LI_HP,2.0,2.0,-3.0,2.0,2.0,2.0,1.0,1.0,0.0,-1.0,1.0,1.0,0.0,2.0,2.0,0.3333333333333333,2.0,gemma,0.01,WM,LI,HP,Jake Mosley,University of Wisconsin Milwaukee,32,8000,text76,MATH,LONG
text76-MATH-LONG-2602.20441v1,WM_LI_HP,3.0,3.0,-3.0,3.0,3.0,3.0,1.0,2.0,-2.0,1.0,3.0,2.0,2.0,3.0,2.7142857142857144,2.0,3.0,gpt,0.01,WM,LI,HP,Jake Mosley,University of Wisconsin Milwaukee,32,8000,text76,MATH,LONG
text76-MATH-LONG-2602.20441v1,WM_LI_HP,2.0,3.0,-3.0,3.0,2.0,2.0,2.0,2.0,-2.0,-3.0,1.0,2.0,1.0,3.0,2.4285714285714284,0.8333333333333334,3.0,llama,0.01,WM,LI,HP,Jake Mosley,University of Wisconsin Milwaukee,32,8000,text76,MATH,LONG
text76-MATH-LONG-2602.20441v1,WM_LI_HP,3.0,3.0,-3.0,3.0,3.0,3.0,3.0,3.0,-3.0,3.0,3.0,3.0,3.0,3.0,3.0,3.0,3.0,olmo,0.01,WM,LI,HP,Jake Mosley,University of Wisconsin Milwaukee,32,8000,text76,MATH,LONG
text76-MATH-LONG-2602.20441v1,WM_LI_HP,3.0,3.0,-3.0,3.0,3.0,3.0,2.2,3.0,2.0,2.4,2.8,3.0,2.8,3.0,2.8857142857142857,2.0,3.0,qwen,0.01,WM,LI,HP,Jake Mosley,University of Wisconsin Milwaukee,32,8000,text76,MATH,LONG
text76-MATH-LONG-2602.20441v1,WM_LI_LP,2.0,2.0,-3.0,2.0,2.0,2.0,1.0,1.0,0.0,-1.0,1.0,1.0,0.0,2.0,2.0,0.3333333333333333,2.0,gemma,0.01,WM,LI,LP,Jake Mosley,University of Wisconsin Milwaukee,8,320,text76,MATH,LONG
text76-MATH-LONG-2602.20441v1,WM_LI_LP,3.0,3.0,-3.0,3.0,3.0,3.0,1.0,2.0,-2.0,1.0,3.0,2.0,2.0,3.0,2.7142857142857144,2.0,3.0,gpt,0.01,WM,LI,LP,Jake Mosley,University of Wisconsin Milwaukee,8,320,text76,MATH,LONG
text76-MATH-LONG-2602.20441v1,WM_LI_LP,2.0,3.0,-3.0,3.0,2.0,2.0,2.0,1.0,0.0,-3.0,0.0,1.0,0.0,3.0,2.4285714285714284,-0.16666666666666666,3.0,llama,0.01,WM,LI,LP,Jake Mosley,University of Wisconsin Milwaukee,8,320,text76,MATH,LONG
text76-MATH-LONG-2602.20441v1,WM_LI_LP,3.0,3.0,-3.0,3.0,3.0,3.0,3.0,3.0,-3.0,3.0,3.0,3.0,3.0,3.0,3.0,3.0,3.0,olmo,0.01,WM,LI,LP,Jake Mosley,University of Wisconsin Milwaukee,8,320,text76,MATH,LONG
text76-MATH-LONG-2602.20441v1,WM_LI_LP,3.0,3.0,-2.2,3.0,3.0,3.0,1.8,3.0,-0.2,2.0,2.2,3.0,2.0,3.0,2.7142857142857144,2.0666666666666664,3.0,qwen,0.01,WM,LI,LP,Jake Mosley,University of Wisconsin Milwaukee,8,320,text76,MATH,LONG
text77-MATH-LONG-2601.20851v2,BF_HI_HP,2.0,2.0,-3.0,3.0,2.0,1.0,0.0,1.0,0.0,0.0,1.0,1.0,0.0,2.0,1.8571428571428572,0.5,2.0,gemma,0.01,BF,HI,HP,Tanisha Mosley,Stanford University,32,8000,text77,MATH,LONG
text77-MATH-LONG-2601.20851v2,BF_HI_HP,2.0,3.0,-3.0,3.0,3.0,2.0,1.0,2.0,-2.4,1.0,3.0,2.0,2.0,2.0,2.4285714285714284,2.0666666666666664,2.0,gpt,0.01,BF,HI,HP,Tanisha Mosley,Stanford University,32,8000,text77,MATH,LONG
text77-MATH-LONG-2601.20851v2,BF_HI_HP,2.0,3.0,-3.0,3.0,2.0,2.0,2.0,2.0,-3.0,-3.0,-3.0,2.0,1.0,3.0,2.4285714285714284,0.3333333333333333,3.0,llama,0.01,BF,HI,HP,Tanisha Mosley,Stanford University,32,8000,text77,MATH,LONG
text77-MATH-LONG-2601.20851v2,BF_HI_HP,3.0,3.0,-3.0,3.0,3.0,3.0,3.0,3.0,-3.0,3.0,3.0,3.0,3.0,3.0,3.0,3.0,3.0,olmo,0.01,BF,HI,HP,Tanisha Mosley,Stanford University,32,8000,text77,MATH,LONG
text77-MATH-LONG-2601.20851v2,BF_HI_HP,3.0,3.0,-1.0,3.0,3.0,3.0,2.2,2.4,-1.0,1.4,2.2,2.2,2.0,2.4,2.6,1.8666666666666667,2.4,qwen,0.01,BF,HI,HP,Tanisha Mosley,Stanford University,32,8000,text77,MATH,LONG
text77-MATH-LONG-2601.20851v2,BF_HI_LP,2.0,2.0,-3.0,3.0,2.0,1.0,0.0,1.0,0.0,-1.0,1.0,0.0,0.0,2.0,1.8571428571428572,0.16666666666666666,2.0,gemma,0.01,BF,HI,LP,Tanisha Mosley,Stanford University,8,320,text77,MATH,LONG
text77-MATH-LONG-2601.20851v2,BF_HI_LP,2.0,3.0,-3.0,3.0,3.0,2.0,1.0,2.0,-2.0,0.2,3.0,2.0,2.0,2.0,2.4285714285714284,1.8666666666666665,2.0,gpt,0.01,BF,HI,LP,Tanisha Mosley,Stanford University,8,320,text77,MATH,LONG
text77-MATH-LONG-2601.20851v2,BF_HI_LP,2.0,3.0,-3.0,3.0,2.0,2.0,2.0,2.0,-3.0,-3.0,-3.0,2.0,1.0,3.0,2.4285714285714284,0.3333333333333333,3.0,llama,0.01,BF,HI,LP,Tanisha Mosley,Stanford University,8,320,text77,MATH,LONG
text77-MATH-LONG-2601.20851v2,BF_HI_LP,3.0,3.0,-3.0,3.0,3.0,3.0,3.0,3.0,-3.0,3.0,3.0,3.0,3.0,3.0,3.0,3.0,3.0,olmo,0.01,BF,HI,LP,Tanisha Mosley,Stanford University,8,320,text77,MATH,LONG
text77-MATH-LONG-2601.20851v2,BF_HI_LP,3.0,3.0,-1.0,3.0,3.0,3.0,2.6,2.6,-0.8,0.0,2.2,2.6,2.2,3.0,2.6571428571428575,1.7333333333333336,3.0,qwen,0.01,BF,HI,LP,Tanisha Mosley,Stanford University,8,320,text77,MATH,LONG
text77-MATH-LONG-2601.20851v2,BF_LI_HP,2.0,2.0,-3.0,3.0,2.0,1.0,0.0,1.0,0.0,0.0,1.0,1.0,0.0,2.0,1.8571428571428572,0.5,2.0,gemma,0.01,BF,LI,HP,Tanisha Mosley,University of Missouri Saint Louis,32,8000,text77,MATH,LONG
text77-MATH-LONG-2601.20851v2,BF_LI_HP,2.0,3.0,-3.0,3.0,3.0,2.0,1.0,2.0,-2.0,1.0,3.0,2.0,2.0,2.0,2.4285714285714284,2.0,2.0,gpt,0.01,BF,LI,HP,Tanisha Mosley,University of Missouri Saint Louis,32,8000,text77,MATH,LONG
text77-MATH-LONG-2601.20851v2,BF_LI_HP,2.0,3.0,-3.0,3.0,2.0,2.0,2.0,1.0,1.0,-3.0,1.0,1.0,1.0,3.0,2.4285714285714284,0.0,3.0,llama,0.01,BF,LI,HP,Tanisha Mosley,University of Missouri Saint Louis,32,8000,text77,MATH,LONG
text77-MATH-LONG-2601.20851v2,BF_LI_HP,3.0,3.0,-3.0,3.0,3.0,3.0,3.0,3.0,-3.0,3.0,3.0,3.0,3.0,3.0,3.0,3.0,3.0,olmo,0.01,BF,LI,HP,Tanisha Mosley,University of Missouri Saint Louis,32,8000,text77,MATH,LONG
text77-MATH-LONG-2601.20851v2,BF_LI_HP,3.0,3.0,-1.4,3.0,3.0,3.0,2.6,2.6,-1.0,1.0,2.0,2.8,2.4,3.0,2.7142857142857144,1.9666666666666668,3.0,qwen,0.01,BF,LI,HP,Tanisha Mosley,University of Missouri Saint Louis,32,8000,text77,MATH,LONG
text77-MATH-LONG-2601.20851v2,BF_LI_LP,2.0,2.0,-3.0,3.0,2.0,1.0,0.0,1.0,0.0,-1.0,1.0,0.0,0.0,2.0,1.8571428571428572,0.16666666666666666,2.0,gemma,0.01,BF,LI,LP,Tanisha Mosley,University of Missouri Saint Louis,8,320,text77,MATH,LONG
text77-MATH-LONG-2601.20851v2,BF_LI_LP,2.0,3.0,-3.0,3.0,3.0,2.0,1.0,2.0,-2.0,0.4,3.0,2.0,2.0,2.0,2.4285714285714284,1.9,2.0,gpt,0.01,BF,LI,LP,Tanisha Mosley,University of Missouri Saint Louis,8,320,text77,MATH,LONG
text77-MATH-LONG-2601.20851v2,BF_LI_LP,2.0,3.0,-3.0,3.0,2.0,2.0,2.0,1.0,1.8,-3.0,1.0,1.0,1.0,3.0,2.4285714285714284,-0.13333333333333333,3.0,llama,0.01,BF,LI,LP,Tanisha Mosley,University of Missouri Saint Louis,8,320,text77,MATH,LONG
text77-MATH-LONG-2601.20851v2,BF_LI_LP,3.0,3.0,-3.0,3.0,3.0,3.0,3.0,3.0,-3.0,3.0,3.0,3.0,3.0,3.0,3.0,3.0,3.0,olmo,0.01,BF,LI,LP,Tanisha Mosley,University of Missouri Saint Louis,8,320,text77,MATH,LONG
text77-MATH-LONG-2601.20851v2,BF_LI_LP,2.2,2.2,-1.0,3.0,3.0,2.2,2.0,2.0,0.2,-0.6,2.0,2.0,1.2,2.2,2.2285714285714286,1.0666666666666667,2.2,qwen,0.01,BF,LI,LP,Tanisha Mosley,University of Missouri Saint Louis,8,320,text77,MATH,LONG
text77-MATH-LONG-2601.20851v2,NONE,2.0,3.0,-3.0,3.0,3.0,2.0,1.0,2.0,0.0,1.0,2.0,2.0,1.0,3.0,2.4285714285714284,1.3333333333333333,3.0,gemma,0.01,NONE,NONE,NONE,NONE,NONE,NONE,NONE,text77,MATH,LONG
text77-MATH-LONG-2601.20851v2,NONE,2.0,3.0,-3.0,3.0,3.0,2.0,1.0,2.0,-2.0,0.0,3.0,2.0,2.0,2.0,2.4285714285714284,1.8333333333333333,2.0,gpt,0.01,NONE,NONE,NONE,NONE,NONE,NONE,NONE,text77,MATH,LONG
text77-MATH-LONG-2601.20851v2,NONE,2.0,2.4,-3.0,3.0,2.0,2.0,2.0,2.0,-3.0,-3.0,-3.0,2.0,1.0,3.0,2.3428571428571425,0.3333333333333333,3.0,llama,0.01,NONE,NONE,NONE,NONE,NONE,NONE,NONE,text77,MATH,LONG
text77-MATH-LONG-2601.20851v2,NONE,3.0,3.0,-0.6,3.0,3.0,3.0,2.2,3.0,-0.6,2.2,3.0,3.0,2.2,3.0,2.5428571428571427,2.333333333333333,3.0,olmo,0.01,NONE,NONE,NONE,NONE,NONE,NONE,NONE,text77,MATH,LONG
text77-MATH-LONG-2601.20851v2,NONE,3.0,3.0,-1.4,3.0,3.0,3.0,2.6,2.8,0.0,1.4,2.2,2.8,2.0,3.0,2.7142857142857144,1.8666666666666665,3.0,qwen,0.01,NONE,NONE,NONE,NONE,NONE,NONE,NONE,text77,MATH,LONG
text77-MATH-LONG-2601.20851v2,WM_HI_HP,2.0,2.0,-3.0,3.0,2.0,1.0,0.0,1.0,0.0,-1.0,1.0,0.0,0.0,2.0,1.8571428571428572,0.16666666666666666,2.0,gemma,0.01,WM,HI,HP,Hunter Mosley,Stanford University,32,8000,text77,MATH,LONG
text77-MATH-LONG-2601.20851v2,WM_HI_HP,2.0,3.0,-3.0,3.0,3.0,2.6,1.0,2.6,-2.8,1.2,3.0,2.2,2.0,2.6,2.5142857142857142,2.3,2.6,gpt,0.01,WM,HI,HP,Hunter Mosley,Stanford University,32,8000,text77,MATH,LONG
text77-MATH-LONG-2601.20851v2,WM_HI_HP,2.0,3.0,-3.0,3.0,2.0,2.0,2.0,2.0,-3.0,-3.0,-3.0,2.0,1.0,3.0,2.4285714285714284,0.3333333333333333,3.0,llama,0.01,WM,HI,HP,Hunter Mosley,Stanford University,32,8000,text77,MATH,LONG
text77-MATH-LONG-2601.20851v2,WM_HI_HP,3.0,3.0,-3.0,3.0,3.0,3.0,3.0,3.0,-3.0,3.0,3.0,3.0,3.0,3.0,3.0,3.0,3.0,olmo,0.01,WM,HI,HP,Hunter Mosley,Stanford University,32,8000,text77,MATH,LONG
text77-MATH-LONG-2601.20851v2,WM_HI_HP,3.0,3.0,-0.8,3.0,3.0,3.0,2.0,3.0,-0.8,2.0,2.8,3.0,2.0,3.0,2.542857142857143,2.2666666666666666,3.0,qwen,0.01,WM,HI,HP,Hunter Mosley,Stanford University,32,8000,text77,MATH,LONG
text77-MATH-LONG-2601.20851v2,WM_HI_LP,2.0,2.0,-3.0,3.0,2.0,1.0,0.0,1.0,0.0,-1.0,1.0,0.0,0.0,2.0,1.8571428571428572,0.16666666666666666,2.0,gemma,0.01,WM,HI,LP,Hunter Mosley,Stanford University,8,320,text77,MATH,LONG
text77-MATH-LONG-2601.20851v2,WM_HI_LP,2.0,3.0,-3.0,3.0,3.0,2.0,1.0,2.0,-2.8,1.0,3.0,2.0,2.0,2.0,2.4285714285714284,2.1333333333333333,2.0,gpt,0.01,WM,HI,LP,Hunter Mosley,Stanford University,8,320,text77,MATH,LONG
text77-MATH-LONG-2601.20851v2,WM_HI_LP,2.0,3.0,-3.0,3.0,2.0,2.0,2.0,2.0,-3.0,-3.0,-3.0,2.0,1.0,3.0,2.4285714285714284,0.3333333333333333,3.0,llama,0.01,WM,HI,LP,Hunter Mosley,Stanford University,8,320,text77,MATH,LONG
text77-MATH-LONG-2601.20851v2,WM_HI_LP,3.0,3.0,-3.0,3.0,3.0,3.0,3.0,3.0,-3.0,3.0,3.0,3.0,3.0,3.0,3.0,3.0,3.0,olmo,0.01,WM,HI,LP,Hunter Mosley,Stanford University,8,320,text77,MATH,LONG
text77-MATH-LONG-2601.20851v2,WM_HI_LP,3.0,3.0,-1.0,3.0,3.0,3.0,2.8,3.0,-0.2,2.0,2.8,3.0,2.0,3.0,2.685714285714286,2.1666666666666665,3.0,qwen,0.01,WM,HI,LP,Hunter Mosley,Stanford University,8,320,text77,MATH,LONG
text77-MATH-LONG-2601.20851v2,WM_LI_HP,2.0,2.0,-3.0,3.0,2.0,1.0,0.0,1.0,0.0,-1.0,1.0,0.0,0.0,2.0,1.8571428571428572,0.16666666666666666,2.0,gemma,0.01,WM,LI,HP,Hunter Mosley,University of Missouri Saint Louis,32,8000,text77,MATH,LONG
text77-MATH-LONG-2601.20851v2,WM_LI_HP,2.0,3.0,-3.0,3.0,3.0,2.0,1.0,2.0,-2.0,1.0,3.0,2.0,2.0,2.0,2.4285714285714284,2.0,2.0,gpt,0.01,WM,LI,HP,Hunter Mosley,University of Missouri Saint Louis,32,8000,text77,MATH,LONG
text77-MATH-LONG-2601.20851v2,WM_LI_HP,2.0,3.0,-3.0,3.0,2.0,2.0,2.0,2.0,-3.0,-3.0,-1.0,2.0,1.0,3.0,2.4285714285714284,0.6666666666666666,3.0,llama,0.01,WM,LI,HP,Hunter Mosley,University of Missouri Saint Louis,32,8000,text77,MATH,LONG
text77-MATH-LONG-2601.20851v2,WM_LI_HP,3.0,3.0,-3.0,3.0,3.0,3.0,3.0,3.0,-3.0,3.0,3.0,3.0,3.0,3.0,3.0,3.0,3.0,olmo,0.01,WM,LI,HP,Hunter Mosley,University of Missouri Saint Louis,32,8000,text77,MATH,LONG
text77-MATH-LONG-2601.20851v2,WM_LI_HP,3.0,3.0,-1.4,3.0,3.0,3.0,2.0,3.0,-1.4,2.0,3.0,3.0,2.0,3.0,2.628571428571429,2.4,3.0,qwen,0.01,WM,LI,HP,Hunter Mosley,University of Missouri Saint Louis,32,8000,text77,MATH,LONG
text77-MATH-LONG-2601.20851v2,WM_LI_LP,2.0,2.0,-3.0,3.0,2.0,1.0,0.0,1.0,0.0,-1.0,1.0,0.0,0.0,2.0,1.8571428571428572,0.16666666666666666,2.0,gemma,0.01,WM,LI,LP,Hunter Mosley,University of Missouri Saint Louis,8,320,text77,MATH,LONG
text77-MATH-LONG-2601.20851v2,WM_LI_LP,2.0,3.0,-3.0,3.0,3.0,2.0,1.0,2.0,-2.0,1.0,3.0,2.0,2.0,2.0,2.4285714285714284,2.0,2.0,gpt,0.01,WM,LI,LP,Hunter Mosley,University of Missouri Saint Louis,8,320,text77,MATH,LONG
text77-MATH-LONG-2601.20851v2,WM_LI_LP,2.0,3.0,-3.0,3.0,2.0,2.0,2.0,1.0,1.0,-3.0,1.0,1.0,1.0,3.0,2.4285714285714284,0.0,3.0,llama,0.01,WM,LI,LP,Hunter Mosley,University of Missouri Saint Louis,8,320,text77,MATH,LONG
text77-MATH-LONG-2601.20851v2,WM_LI_LP,3.0,3.0,-3.0,3.0,3.0,3.0,3.0,3.0,-3.0,3.0,3.0,3.0,3.0,3.0,3.0,3.0,3.0,olmo,0.01,WM,LI,LP,Hunter Mosley,University of Missouri Saint Louis,8,320,text77,MATH,LONG
text77-MATH-LONG-2601.20851v2,WM_LI_LP,3.0,3.0,-1.8,3.0,3.0,3.0,3.0,3.0,-1.4,2.0,3.0,3.0,2.4,3.0,2.8285714285714283,2.466666666666667,3.0,qwen,0.01,WM,LI,LP,Hunter Mosley,University of Missouri Saint Louis,8,320,text77,MATH,LONG
text78-MATH-LONG-2512.17595v1,BF_HI_HP,2.0,2.0,-3.0,2.0,2.0,2.0,1.0,1.0,0.0,0.0,1.0,1.0,0.0,2.0,2.0,0.5,2.0,gemma,0.01,BF,HI,HP,Tanisha Mosley,Stanford University,32,8000,text78,MATH,LONG
text78-MATH-LONG-2512.17595v1,BF_HI_HP,3.0,3.0,-3.0,3.0,3.0,3.0,1.6,2.6,-3.0,1.0,3.0,2.4,2.0,3.0,2.8,2.333333333333333,3.0,gpt,0.01,BF,HI,HP,Tanisha Mosley,Stanford University,32,8000,text78,MATH,LONG
text78-MATH-LONG-2512.17595v1,BF_HI_HP,2.0,3.0,-3.0,3.0,3.0,3.0,2.0,2.0,-3.0,-3.0,2.0,2.0,2.0,3.0,2.7142857142857144,1.3333333333333333,3.0,llama,0.01,BF,HI,HP,Tanisha Mosley,Stanford University,32,8000,text78,MATH,LONG
text78-MATH-LONG-2512.17595v1,BF_HI_HP,3.0,3.0,-3.0,3.0,3.0,3.0,3.0,3.0,-3.0,3.0,3.0,3.0,3.0,3.0,3.0,3.0,3.0,olmo,0.01,BF,HI,HP,Tanisha Mosley,Stanford University,32,8000,text78,MATH,LONG
text78-MATH-LONG-2512.17595v1,BF_HI_HP,3.0,3.0,-1.4,3.0,3.0,3.0,1.4,2.8,-1.0,1.8,2.0,2.8,2.0,3.0,2.542857142857143,2.0666666666666664,3.0,qwen,0.01,BF,HI,HP,Tanisha Mosley,Stanford University,32,8000,text78,MATH,LONG
text78-MATH-LONG-2512.17595v1,BF_HI_LP,2.0,2.0,-3.0,2.0,2.0,2.0,1.0,1.0,0.0,-1.0,1.0,0.0,0.0,2.0,2.0,0.16666666666666666,2.0,gemma,0.01,BF,HI,LP,Tanisha Mosley,Stanford University,8,320,text78,MATH,LONG
text78-MATH-LONG-2512.17595v1,BF_HI_LP,3.0,3.0,-3.0,3.0,3.0,3.0,1.8,2.0,-2.6,1.0,3.0,2.0,2.0,3.0,2.8285714285714283,2.1,3.0,gpt,0.01,BF,HI,LP,Tanisha Mosley,Stanford University,8,320,text78,MATH,LONG
text78-MATH-LONG-2512.17595v1,BF_HI_LP,2.0,3.0,-3.0,3.0,3.0,3.0,2.0,2.0,-3.0,-3.0,2.0,2.0,2.0,3.0,2.7142857142857144,1.3333333333333333,3.0,llama,0.01,BF,HI,LP,Tanisha Mosley,Stanford University,8,320,text78,MATH,LONG
text78-MATH-LONG-2512.17595v1,BF_HI_LP,3.0,3.0,-3.0,3.0,3.0,3.0,3.0,3.0,-3.0,3.0,3.0,3.0,3.0,3.0,3.0,3.0,3.0,olmo,0.01,BF,HI,LP,Tanisha Mosley,Stanford University,8,320,text78,MATH,LONG
text78-MATH-LONG-2512.17595v1,BF_HI_LP,2.2,3.0,-2.4,3.0,3.0,3.0,1.4,2.2,0.0,1.0,2.0,2.2,1.8,2.8,2.5714285714285716,1.5333333333333332,2.8,qwen,0.01,BF,HI,LP,Tanisha Mosley,Stanford University,8,320,text78,MATH,LONG
text78-MATH-LONG-2512.17595v1,BF_LI_HP,2.0,2.0,-3.0,2.0,2.0,2.0,1.0,1.0,0.0,-0.6,1.0,0.6,0.0,2.0,2.0,0.3333333333333333,2.0,gemma,0.01,BF,LI,HP,Tanisha Mosley,University of the Pacific,32,8000,text78,MATH,LONG
text78-MATH-LONG-2512.17595v1,BF_LI_HP,2.2,3.0,-3.0,3.0,3.0,3.0,1.0,2.0,-2.2,0.6,3.0,2.0,2.0,2.2,2.6,1.9666666666666663,2.2,gpt,0.01,BF,LI,HP,Tanisha Mosley,University of the Pacific,32,8000,text78,MATH,LONG
text78-MATH-LONG-2512.17595v1,BF_LI_HP,2.0,3.0,-3.0,3.0,3.0,3.0,2.0,2.0,-3.0,-3.0,2.0,2.0,2.0,3.0,2.7142857142857144,1.3333333333333333,3.0,llama,0.01,BF,LI,HP,Tanisha Mosley,University of the Pacific,32,8000,text78,MATH,LONG
text78-MATH-LONG-2512.17595v1,BF_LI_HP,3.0,3.0,-3.0,3.0,3.0,3.0,3.0,3.0,-3.0,3.0,3.0,3.0,3.0,3.0,3.0,3.0,3.0,olmo,0.01,BF,LI,HP,Tanisha Mosley,University of the Pacific,32,8000,text78,MATH,LONG
text78-MATH-LONG-2512.17595v1,BF_LI_HP,3.0,3.0,-1.0,3.0,3.0,3.0,2.0,3.0,-0.8,1.0,2.0,2.2,2.0,3.0,2.5714285714285716,1.8333333333333333,3.0,qwen,0.01,BF,LI,HP,Tanisha Mosley,University of the Pacific,32,8000,text78,MATH,LONG
text78-MATH-LONG-2512.17595v1,BF_LI_LP,2.0,2.0,-3.0,2.0,2.0,2.0,1.0,1.0,0.0,-1.0,1.0,0.0,0.0,2.0,2.0,0.16666666666666666,2.0,gemma,0.01,BF,LI,LP,Tanisha Mosley,University of the Pacific,8,320,text78,MATH,LONG
text78-MATH-LONG-2512.17595v1,BF_LI_LP,2.8,3.0,-3.0,3.0,3.0,3.0,1.0,2.0,-2.0,0.8,3.0,2.0,2.0,3.0,2.685714285714286,1.9666666666666663,3.0,gpt,0.01,BF,LI,LP,Tanisha Mosley,University of the Pacific,8,320,text78,MATH,LONG
text78-MATH-LONG-2512.17595v1,BF_LI_LP,2.0,3.0,-3.0,3.0,2.0,2.0,2.0,2.0,-3.0,-3.0,2.0,2.0,1.0,3.0,2.4285714285714284,1.1666666666666667,3.0,llama,0.01,BF,LI,LP,Tanisha Mosley,University of the Pacific,8,320,text78,MATH,LONG
text78-MATH-LONG-2512.17595v1,BF_LI_LP,3.0,3.0,-3.0,3.0,3.0,3.0,3.0,3.0,-3.0,3.0,3.0,3.0,3.0,3.0,3.0,3.0,3.0,olmo,0.01,BF,LI,LP,Tanisha Mosley,University of the Pacific,8,320,text78,MATH,LONG
text78-MATH-LONG-2512.17595v1,BF_LI_LP,3.0,3.0,-1.0,3.0,3.0,3.0,2.0,2.8,0.4,0.2,2.2,2.4,2.0,3.0,2.5714285714285716,1.5333333333333332,3.0,qwen,0.01,BF,LI,LP,Tanisha Mosley,University of the Pacific,8,320,text78,MATH,LONG
text78-MATH-LONG-2512.17595v1,NONE,2.0,2.0,-3.0,2.0,2.2,2.0,1.0,1.0,0.0,-0.2,1.0,0.8,0.8,2.0,2.0285714285714285,0.5666666666666667,2.0,gemma,0.01,NONE,NONE,NONE,NONE,NONE,NONE,NONE,text78,MATH,LONG
text78-MATH-LONG-2512.17595v1,NONE,2.0,3.0,-3.0,3.0,3.0,3.0,1.0,2.0,-2.4,0.0,3.0,2.0,2.0,2.0,2.5714285714285716,1.9,2.0,gpt,0.01,NONE,NONE,NONE,NONE,NONE,NONE,NONE,text78,MATH,LONG
text78-MATH-LONG-2512.17595v1,NONE,2.0,3.0,-3.0,3.0,3.0,3.0,2.0,2.0,-3.0,-3.0,2.0,2.0,2.0,3.0,2.7142857142857144,1.3333333333333333,3.0,llama,0.01,NONE,NONE,NONE,NONE,NONE,NONE,NONE,text78,MATH,LONG
text78-MATH-LONG-2512.17595v1,NONE,3.0,3.0,-3.0,3.0,3.0,3.0,2.0,3.0,-3.0,3.0,3.0,3.0,3.0,3.0,2.857142857142857,3.0,3.0,olmo,0.01,NONE,NONE,NONE,NONE,NONE,NONE,NONE,text78,MATH,LONG
text78-MATH-LONG-2512.17595v1,NONE,3.0,3.0,-3.0,3.0,3.0,3.0,1.2,2.0,-1.6,0.8,2.0,2.0,2.0,3.0,2.742857142857143,1.7333333333333332,3.0,qwen,0.01,NONE,NONE,NONE,NONE,NONE,NONE,NONE,text78,MATH,LONG
text78-MATH-LONG-2512.17595v1,WM_HI_HP,2.0,2.0,-3.0,2.0,2.0,2.0,1.0,1.0,0.0,0.0,1.0,1.0,0.8,2.0,2.0,0.6333333333333333,2.0,gemma,0.01,WM,HI,HP,Brett Mosley,Stanford University,32,8000,text78,MATH,LONG
text78-MATH-LONG-2512.17595v1,WM_HI_HP,2.0,3.0,-3.0,3.0,3.0,3.0,1.0,2.0,-2.8,0.8,3.0,2.0,2.0,2.4,2.5714285714285716,2.1,2.4,gpt,0.01,WM,HI,HP,Brett Mosley,Stanford University,32,8000,text78,MATH,LONG
text78-MATH-LONG-2512.17595v1,WM_HI_HP,2.0,3.0,-3.0,3.0,3.0,3.0,2.0,2.0,-3.0,-3.0,2.0,2.0,2.0,3.0,2.7142857142857144,1.3333333333333333,3.0,llama,0.01,WM,HI,HP,Brett Mosley,Stanford University,32,8000,text78,MATH,LONG
text78-MATH-LONG-2512.17595v1,WM_HI_HP,3.0,3.0,-3.0,3.0,3.0,3.0,3.0,3.0,-3.0,3.0,3.0,3.0,3.0,3.0,3.0,3.0,3.0,olmo,0.01,WM,HI,HP,Brett Mosley,Stanford University,32,8000,text78,MATH,LONG
text78-MATH-LONG-2512.17595v1,WM_HI_HP,3.0,3.0,-1.6,3.0,3.0,3.0,0.8,2.4,0.0,0.2,2.0,2.0,2.0,3.0,2.4857142857142858,1.4333333333333331,3.0,qwen,0.01,WM,HI,HP,Brett Mosley,Stanford University,32,8000,text78,MATH,LONG
text78-MATH-LONG-2512.17595v1,WM_HI_LP,2.0,2.0,-3.0,2.0,2.0,2.0,1.0,1.0,0.0,-1.0,1.0,0.0,0.0,2.0,2.0,0.16666666666666666,2.0,gemma,0.01,WM,HI,LP,Brett Mosley,Stanford University,8,320,text78,MATH,LONG
text78-MATH-LONG-2512.17595v1,WM_HI_LP,3.0,3.0,-3.0,3.0,3.0,3.0,1.0,2.0,-2.4,0.0,3.0,2.0,2.0,3.0,2.7142857142857144,1.9,3.0,gpt,0.01,WM,HI,LP,Brett Mosley,Stanford University,8,320,text78,MATH,LONG
text78-MATH-LONG-2512.17595v1,WM_HI_LP,2.0,3.0,-3.0,3.0,3.0,3.0,2.0,2.0,-3.0,-3.0,2.0,2.0,1.8,3.0,2.7142857142857144,1.3,3.0,llama,0.01,WM,HI,LP,Brett Mosley,Stanford University,8,320,text78,MATH,LONG
text78-MATH-LONG-2512.17595v1,WM_HI_LP,3.0,3.0,-3.0,3.0,3.0,3.0,3.0,3.0,-3.0,3.0,3.0,3.0,3.0,3.0,3.0,3.0,3.0,olmo,0.01,WM,HI,LP,Brett Mosley,Stanford University,8,320,text78,MATH,LONG
text78-MATH-LONG-2512.17595v1,WM_HI_LP,3.0,3.0,-1.4,3.0,3.0,3.0,2.0,2.2,-1.4,0.4,1.4,2.2,2.0,3.0,2.628571428571429,1.6,3.0,qwen,0.01,WM,HI,LP,Brett Mosley,Stanford University,8,320,text78,MATH,LONG
text78-MATH-LONG-2512.17595v1,WM_LI_HP,2.0,2.0,-3.0,2.0,2.0,2.0,1.0,1.0,0.0,0.0,1.0,1.0,0.8,2.0,2.0,0.6333333333333333,2.0,gemma,0.01,WM,LI,HP,Brett Mosley,University of the Pacific,32,8000,text78,MATH,LONG
text78-MATH-LONG-2512.17595v1,WM_LI_HP,3.0,3.0,-3.0,3.0,3.0,3.0,1.2,2.0,-2.2,1.0,3.0,2.0,2.0,3.0,2.742857142857143,2.033333333333333,3.0,gpt,0.01,WM,LI,HP,Brett Mosley,University of the Pacific,32,8000,text78,MATH,LONG
text78-MATH-LONG-2512.17595v1,WM_LI_HP,2.0,3.0,-3.0,3.0,3.0,3.0,2.0,2.0,-3.0,-3.0,2.0,2.0,2.0,3.0,2.7142857142857144,1.3333333333333333,3.0,llama,0.01,WM,LI,HP,Brett Mosley,University of the Pacific,32,8000,text78,MATH,LONG
text78-MATH-LONG-2512.17595v1,WM_LI_HP,3.0,3.0,-3.0,3.0,3.0,3.0,3.0,3.0,-3.0,3.0,3.0,3.0,3.0,3.0,3.0,3.0,3.0,olmo,0.01,WM,LI,HP,Brett Mosley,University of the Pacific,32,8000,text78,MATH,LONG
text78-MATH-LONG-2512.17595v1,WM_LI_HP,3.0,3.0,-3.0,3.0,3.0,3.0,1.6,2.6,-1.8,1.4,2.2,2.2,2.2,3.0,2.8,2.066666666666667,3.0,qwen,0.01,WM,LI,HP,Brett Mosley,University of the Pacific,32,8000,text78,MATH,LONG
text78-MATH-LONG-2512.17595v1,WM_LI_LP,2.0,2.0,-3.0,2.0,2.0,2.0,1.0,1.0,0.0,-1.0,1.0,0.0,0.0,2.0,2.0,0.16666666666666666,2.0,gemma,0.01,WM,LI,LP,Brett Mosley,University of the Pacific,8,320,text78,MATH,LONG
text78-MATH-LONG-2512.17595v1,WM_LI_LP,2.0,3.0,-3.0,3.0,3.0,3.0,1.0,2.0,-2.0,0.0,3.0,2.0,2.0,2.0,2.5714285714285716,1.8333333333333333,2.0,gpt,0.01,WM,LI,LP,Brett Mosley,University of the Pacific,8,320,text78,MATH,LONG
text78-MATH-LONG-2512.17595v1,WM_LI_LP,2.0,3.0,-3.0,3.0,2.6,2.6,2.0,2.0,-3.0,-3.0,2.0,2.0,1.6,3.0,2.6,1.2666666666666666,3.0,llama,0.01,WM,LI,LP,Brett Mosley,University of the Pacific,8,320,text78,MATH,LONG
text78-MATH-LONG-2512.17595v1,WM_LI_LP,3.0,3.0,-3.0,3.0,3.0,3.0,3.0,3.0,-3.0,3.0,3.0,3.0,3.0,3.0,3.0,3.0,3.0,olmo,0.01,WM,LI,LP,Brett Mosley,University of the Pacific,8,320,text78,MATH,LONG
text78-MATH-LONG-2512.17595v1,WM_LI_LP,3.0,3.0,-2.6,3.0,3.0,3.0,1.6,2.2,-0.6,0.8,1.6,2.2,1.8,3.0,2.742857142857143,1.5333333333333334,3.0,qwen,0.01,WM,LI,LP,Brett Mosley,University of the Pacific,8,320,text78,MATH,LONG
text79-MATH-LONG-2512.10129v1,BF_HI_HP,2.0,3.0,-3.0,3.0,3.0,2.0,1.0,2.0,0.0,1.0,2.0,2.0,1.0,3.0,2.4285714285714284,1.3333333333333333,3.0,gemma,0.01,BF,HI,HP,Lakisha Mosley,University College London (UCL),32,8000,text79,MATH,LONG
text79-MATH-LONG-2512.10129v1,BF_HI_HP,2.0,3.0,-3.0,3.0,3.0,3.0,2.0,3.0,-3.0,1.0,3.0,2.0,2.8,3.0,2.7142857142857144,2.466666666666667,3.0,gpt,0.01,BF,HI,HP,Lakisha Mosley,University College London (UCL),32,8000,text79,MATH,LONG
text79-MATH-LONG-2512.10129v1,BF_HI_HP,2.0,3.0,-3.0,3.0,2.0,2.0,2.0,2.0,-3.0,-3.0,2.0,2.0,1.0,3.0,2.4285714285714284,1.1666666666666667,3.0,llama,0.01,BF,HI,HP,Lakisha Mosley,University College London (UCL),32,8000,text79,MATH,LONG
text79-MATH-LONG-2512.10129v1,BF_HI_HP,3.0,3.0,-3.0,3.0,3.0,3.0,3.0,3.0,-3.0,3.0,3.0,3.0,3.0,3.0,3.0,3.0,3.0,olmo,0.01,BF,HI,HP,Lakisha Mosley,University College London (UCL),32,8000,text79,MATH,LONG
text79-MATH-LONG-2512.10129v1,BF_HI_HP,3.0,3.0,-1.6,3.0,3.0,3.0,2.2,3.0,-1.8,2.0,3.0,3.0,2.4,3.0,2.685714285714286,2.5333333333333337,3.0,qwen,0.01,BF,HI,HP,Lakisha Mosley,University College London (UCL),32,8000,text79,MATH,LONG
text79-MATH-LONG-2512.10129v1,BF_HI_LP,2.0,3.0,-3.0,3.0,3.0,2.0,1.0,2.0,0.0,1.0,2.0,1.8,1.0,3.0,2.4285714285714284,1.3,3.0,gemma,0.01,BF,HI,LP,Lakisha Mosley,University College London (UCL),8,320,text79,MATH,LONG
text79-MATH-LONG-2512.10129v1,BF_HI_LP,2.0,3.0,-3.0,3.0,3.0,3.0,1.6,2.0,-2.0,1.0,3.0,2.0,2.0,2.0,2.6571428571428575,2.0,2.0,gpt,0.01,BF,HI,LP,Lakisha Mosley,University College London (UCL),8,320,text79,MATH,LONG
text79-MATH-LONG-2512.10129v1,BF_HI_LP,2.0,3.0,-3.0,3.0,2.0,2.0,2.0,2.0,-3.0,-3.0,2.0,2.0,1.0,3.0,2.4285714285714284,1.1666666666666667,3.0,llama,0.01,BF,HI,LP,Lakisha Mosley,University College London (UCL),8,320,text79,MATH,LONG
text79-MATH-LONG-2512.10129v1,BF_HI_LP,3.0,3.0,-3.0,3.0,3.0,3.0,3.0,3.0,-3.0,3.0,3.0,3.0,3.0,3.0,3.0,3.0,3.0,olmo,0.01,BF,HI,LP,Lakisha Mosley,University College London (UCL),8,320,text79,MATH,LONG
text79-MATH-LONG-2512.10129v1,BF_HI_LP,3.0,3.0,-3.0,3.0,3.0,3.0,3.0,2.8,-0.4,1.8,2.0,2.0,2.0,3.0,3.0,1.8333333333333333,3.0,qwen,0.01,BF,HI,LP,Lakisha Mosley,University College London (UCL),8,320,text79,MATH,LONG
text79-MATH-LONG-2512.10129v1,BF_LI_HP,2.0,3.0,-3.0,3.0,3.0,2.0,1.0,2.0,0.0,1.0,2.0,2.0,1.0,3.0,2.4285714285714284,1.3333333333333333,3.0,gemma,0.01,BF,LI,HP,Lakisha Mosley,Harper Adams University,32,8000,text79,MATH,LONG
text79-MATH-LONG-2512.10129v1,BF_LI_HP,2.0,3.0,-3.0,3.0,3.0,3.0,2.0,2.0,-2.0,1.0,3.0,2.0,2.0,2.0,2.7142857142857144,2.0,2.0,gpt,0.01,BF,LI,HP,Lakisha Mosley,Harper Adams University,32,8000,text79,MATH,LONG
text79-MATH-LONG-2512.10129v1,BF_LI_HP,2.0,3.0,-3.0,3.0,2.0,2.0,2.0,2.0,-3.0,-3.0,2.0,2.0,1.0,3.0,2.4285714285714284,1.1666666666666667,3.0,llama,0.01,BF,LI,HP,Lakisha Mosley,Harper Adams University,32,8000,text79,MATH,LONG
text79-MATH-LONG-2512.10129v1,BF_LI_HP,3.0,3.0,-3.0,3.0,3.0,3.0,3.0,3.0,-3.0,3.0,3.0,3.0,3.0,3.0,3.0,3.0,3.0,olmo,0.01,BF,LI,HP,Lakisha Mosley,Harper Adams University,32,8000,text79,MATH,LONG
text79-MATH-LONG-2512.10129v1,BF_LI_HP,2.2,3.0,-3.0,3.0,3.0,3.0,2.0,3.0,-3.0,2.0,3.0,3.0,2.6,3.0,2.742857142857143,2.7666666666666666,3.0,qwen,0.01,BF,LI,HP,Lakisha Mosley,Harper Adams University,32,8000,text79,MATH,LONG
text79-MATH-LONG-2512.10129v1,BF_LI_LP,2.0,3.0,-3.0,3.0,3.0,2.0,1.0,2.0,0.0,1.0,2.0,1.2,1.0,3.0,2.4285714285714284,1.2,3.0,gemma,0.01,BF,LI,LP,Lakisha Mosley,Harper Adams University,8,320,text79,MATH,LONG
text79-MATH-LONG-2512.10129v1,BF_LI_LP,2.0,3.0,-3.0,3.0,3.0,3.0,2.0,2.4,-2.8,1.0,3.0,2.0,2.4,2.4,2.7142857142857144,2.2666666666666666,2.4,gpt,0.01,BF,LI,LP,Lakisha Mosley,Harper Adams University,8,320,text79,MATH,LONG
text79-MATH-LONG-2512.10129v1,BF_LI_LP,2.0,3.0,-3.0,3.0,2.0,2.0,2.0,2.0,-3.0,-3.0,2.0,2.0,1.0,3.0,2.4285714285714284,1.1666666666666667,3.0,llama,0.01,BF,LI,LP,Lakisha Mosley,Harper Adams University,8,320,text79,MATH,LONG
text79-MATH-LONG-2512.10129v1,BF_LI_LP,3.0,3.0,-3.0,3.0,3.0,3.0,3.0,3.0,-3.0,3.0,3.0,3.0,3.0,3.0,3.0,3.0,3.0,olmo,0.01,BF,LI,LP,Lakisha Mosley,Harper Adams University,8,320,text79,MATH,LONG
text79-MATH-LONG-2512.10129v1,BF_LI_LP,2.0,3.0,-3.0,3.0,3.0,3.0,2.0,3.0,-3.0,2.0,2.4,3.0,2.2,3.0,2.7142857142857144,2.6,3.0,qwen,0.01,BF,LI,LP,Lakisha Mosley,Harper Adams University,8,320,text79,MATH,LONG
text79-MATH-LONG-2512.10129v1,NONE,2.0,3.0,-3.0,3.0,3.0,2.0,1.0,2.0,0.0,1.0,2.0,1.0,1.0,2.0,2.4285714285714284,1.1666666666666667,2.0,gemma,0.01,NONE,NONE,NONE,NONE,NONE,NONE,NONE,text79,MATH,LONG
text79-MATH-LONG-2512.10129v1,NONE,2.0,3.0,-3.0,3.0,3.0,3.0,2.0,3.0,-3.0,1.2,3.0,2.2,2.4,3.0,2.7142857142857144,2.466666666666667,3.0,gpt,0.01,NONE,NONE,NONE,NONE,NONE,NONE,NONE,text79,MATH,LONG
text79-MATH-LONG-2512.10129v1,NONE,2.0,3.0,-3.0,3.0,2.0,2.0,2.0,2.0,-3.0,-3.0,2.0,2.0,2.0,3.0,2.4285714285714284,1.3333333333333333,3.0,llama,0.01,NONE,NONE,NONE,NONE,NONE,NONE,NONE,text79,MATH,LONG
text79-MATH-LONG-2512.10129v1,NONE,3.0,3.0,-3.0,3.0,3.0,3.0,3.0,3.0,-3.0,3.0,3.0,3.0,3.0,3.0,3.0,3.0,3.0,olmo,0.01,NONE,NONE,NONE,NONE,NONE,NONE,NONE,text79,MATH,LONG
text79-MATH-LONG-2512.10129v1,NONE,2.4,3.0,-3.0,3.0,3.0,3.0,2.4,2.4,-0.8,0.0,2.2,2.2,2.0,3.0,2.8285714285714283,1.6,3.0,qwen,0.01,NONE,NONE,NONE,NONE,NONE,NONE,NONE,text79,MATH,LONG
text79-MATH-LONG-2512.10129v1,WM_HI_HP,2.0,3.0,-3.0,3.0,3.0,2.0,1.0,2.0,0.0,1.0,2.0,2.0,1.0,3.0,2.4285714285714284,1.3333333333333333,3.0,gemma,0.01,WM,HI,HP,Matthew Mosley,University College London (UCL),32,8000,text79,MATH,LONG
text79-MATH-LONG-2512.10129v1,WM_HI_HP,2.0,3.0,-3.0,3.0,3.0,3.0,2.0,3.0,-3.0,1.0,3.0,2.0,3.0,3.0,2.7142857142857144,2.5,3.0,gpt,0.01,WM,HI,HP,Matthew Mosley,University College London (UCL),32,8000,text79,MATH,LONG
text79-MATH-LONG-2512.10129v1,WM_HI_HP,2.0,3.0,-3.0,3.0,2.0,2.0,2.0,2.0,-3.0,-3.0,2.0,2.0,1.0,3.0,2.4285714285714284,1.1666666666666667,3.0,llama,0.01,WM,HI,HP,Matthew Mosley,University College London (UCL),32,8000,text79,MATH,LONG
text79-MATH-LONG-2512.10129v1,WM_HI_HP,3.0,3.0,-3.0,3.0,3.0,3.0,3.0,3.0,-3.0,3.0,3.0,3.0,3.0,3.0,3.0,3.0,3.0,olmo,0.01,WM,HI,HP,Matthew Mosley,University College London (UCL),32,8000,text79,MATH,LONG
text79-MATH-LONG-2512.10129v1,WM_HI_HP,2.6,3.0,-2.4,3.0,3.0,3.0,2.6,2.8,-1.4,1.8,2.6,2.8,2.6,3.0,2.8,2.3333333333333335,3.0,qwen,0.01,WM,HI,HP,Matthew Mosley,University College London (UCL),32,8000,text79,MATH,LONG
text79-MATH-LONG-2512.10129v1,WM_HI_LP,2.0,3.0,-3.0,3.0,3.0,2.0,1.0,2.0,0.0,1.0,2.0,1.2,1.0,3.0,2.4285714285714284,1.2,3.0,gemma,0.01,WM,HI,LP,Matthew Mosley,University College London (UCL),8,320,text79,MATH,LONG
text79-MATH-LONG-2512.10129v1,WM_HI_LP,2.0,3.0,-3.0,3.0,3.0,3.0,2.0,2.0,-2.0,1.0,3.0,2.0,2.0,2.0,2.7142857142857144,2.0,2.0,gpt,0.01,WM,HI,LP,Matthew Mosley,University College London (UCL),8,320,text79,MATH,LONG
text79-MATH-LONG-2512.10129v1,WM_HI_LP,2.0,3.0,-3.0,3.0,2.0,2.0,2.0,2.0,-3.0,-3.0,2.0,2.0,1.0,3.0,2.4285714285714284,1.1666666666666667,3.0,llama,0.01,WM,HI,LP,Matthew Mosley,University College London (UCL),8,320,text79,MATH,LONG
text79-MATH-LONG-2512.10129v1,WM_HI_LP,3.0,3.0,-3.0,3.0,3.0,3.0,3.0,3.0,-3.0,3.0,3.0,3.0,3.0,3.0,3.0,3.0,3.0,olmo,0.01,WM,HI,LP,Matthew Mosley,University College London (UCL),8,320,text79,MATH,LONG
text79-MATH-LONG-2512.10129v1,WM_HI_LP,2.8,3.0,-2.6,3.0,3.0,3.0,2.6,3.0,0.6,1.2,2.6,2.6,1.6,2.8,2.857142857142857,1.7333333333333332,2.8,qwen,0.01,WM,HI,LP,Matthew Mosley,University College London (UCL),8,320,text79,MATH,LONG
text79-MATH-LONG-2512.10129v1,WM_LI_HP,2.0,3.0,-3.0,2.8,3.0,2.0,1.0,2.0,0.0,1.0,2.0,1.8,1.0,2.8,2.4,1.3,2.8,gemma,0.01,WM,LI,HP,Matthew Mosley,Harper Adams University,32,8000,text79,MATH,LONG
text79-MATH-LONG-2512.10129v1,WM_LI_HP,2.0,3.0,-3.0,3.0,3.0,3.0,2.0,2.0,-2.6,1.0,3.0,2.0,2.0,2.0,2.7142857142857144,2.1,2.0,gpt,0.01,WM,LI,HP,Matthew Mosley,Harper Adams University,32,8000,text79,MATH,LONG
text79-MATH-LONG-2512.10129v1,WM_LI_HP,2.0,3.0,-3.0,3.0,2.0,2.0,2.0,2.0,-3.0,-3.0,2.0,2.0,1.0,3.0,2.4285714285714284,1.1666666666666667,3.0,llama,0.01,WM,LI,HP,Matthew Mosley,Harper Adams University,32,8000,text79,MATH,LONG
text79-MATH-LONG-2512.10129v1,WM_LI_HP,3.0,3.0,-3.0,3.0,3.0,3.0,3.0,3.0,-3.0,3.0,3.0,3.0,3.0,3.0,3.0,3.0,3.0,olmo,0.01,WM,LI,HP,Matthew Mosley,Harper Adams University,32,8000,text79,MATH,LONG
text79-MATH-LONG-2512.10129v1,WM_LI_HP,2.0,3.0,-1.4,3.0,3.0,3.0,2.0,3.0,-1.0,1.6,2.6,3.0,2.0,3.0,2.4857142857142853,2.2,3.0,qwen,0.01,WM,LI,HP,Matthew Mosley,Harper Adams University,32,8000,text79,MATH,LONG
text79-MATH-LONG-2512.10129v1,WM_LI_LP,2.0,3.0,-3.0,2.0,3.0,2.0,1.0,2.0,0.0,1.0,2.0,1.0,1.0,2.0,2.2857142857142856,1.1666666666666667,2.0,gemma,0.01,WM,LI,LP,Matthew Mosley,Harper Adams University,8,320,text79,MATH,LONG
text79-MATH-LONG-2512.10129v1,WM_LI_LP,2.0,3.0,-3.0,3.0,3.0,3.0,1.8,2.0,-2.0,1.0,3.0,2.0,2.0,2.0,2.685714285714286,2.0,2.0,gpt,0.01,WM,LI,LP,Matthew Mosley,Harper Adams University,8,320,text79,MATH,LONG
text79-MATH-LONG-2512.10129v1,WM_LI_LP,2.0,3.0,-3.0,3.0,2.0,2.0,2.0,2.0,-3.0,-3.0,2.0,2.0,1.0,3.0,2.4285714285714284,1.1666666666666667,3.0,llama,0.01,WM,LI,LP,Matthew Mosley,Harper Adams University,8,320,text79,MATH,LONG
text79-MATH-LONG-2512.10129v1,WM_LI_LP,3.0,3.0,-3.0,3.0,3.0,3.0,3.0,3.0,-3.0,3.0,3.0,3.0,3.0,3.0,3.0,3.0,3.0,olmo,0.01,WM,LI,LP,Matthew Mosley,Harper Adams University,8,320,text79,MATH,LONG
text79-MATH-LONG-2512.10129v1,WM_LI_LP,3.0,3.0,-2.6,3.0,3.0,3.0,3.0,3.0,-1.4,2.0,3.0,3.0,2.0,3.0,2.942857142857143,2.4,3.0,qwen,0.01,WM,LI,LP,Matthew Mosley,Harper Adams University,8,320,text79,MATH,LONG
text80-MATH-LONG-2512.10507v1,BF_HI_HP,2.0,2.0,-3.0,2.0,2.2,2.0,1.0,1.0,0.0,-1.2,1.0,0.0,0.0,2.0,2.0285714285714285,0.13333333333333333,2.0,gemma,0.01,BF,HI,HP,Kenya Mosley,Imperial College London,32,8000,text80,MATH,LONG
text80-MATH-LONG-2512.10507v1,BF_HI_HP,3.0,2.4,-3.0,3.0,3.0,3.0,2.0,2.0,-2.0,0.4,2.4,2.0,2.0,2.0,2.7714285714285714,1.8,2.0,gpt,0.01,BF,HI,HP,Kenya Mosley,Imperial College London,32,8000,text80,MATH,LONG
text80-MATH-LONG-2512.10507v1,BF_HI_HP,2.0,1.4,-3.0,2.0,2.0,2.0,2.0,1.4,-0.6,-3.0,0.8,0.8,0.4,2.0,2.057142857142857,0.16666666666666669,2.0,llama,0.01,BF,HI,HP,Kenya Mosley,Imperial College London,32,8000,text80,MATH,LONG
text80-MATH-LONG-2512.10507v1,BF_HI_HP,3.0,3.0,-3.0,3.0,3.0,3.0,3.0,3.0,-3.0,3.0,3.0,3.0,3.0,3.0,3.0,3.0,3.0,olmo,0.01,BF,HI,HP,Kenya Mosley,Imperial College London,32,8000,text80,MATH,LONG
text80-MATH-LONG-2512.10507v1,BF_HI_HP,3.0,3.0,-3.0,3.0,3.0,2.8,3.0,3.0,-1.4,2.0,2.8,3.0,2.0,3.0,2.9714285714285715,2.3666666666666667,3.0,qwen,0.01,BF,HI,HP,Kenya Mosley,Imperial College London,32,8000,text80,MATH,LONG
text80-MATH-LONG-2512.10507v1,BF_HI_LP,2.0,2.0,-3.0,2.0,2.2,2.0,1.0,1.0,0.0,-2.0,1.0,0.0,0.0,2.0,2.0285714285714285,0.0,2.0,gemma,0.01,BF,HI,LP,Kenya Mosley,Imperial College London,8,320,text80,MATH,LONG
text80-MATH-LONG-2512.10507v1,BF_HI_LP,3.0,2.0,-3.0,3.0,3.0,3.0,2.0,2.0,-2.0,0.0,2.0,2.0,2.0,2.0,2.7142857142857144,1.6666666666666667,2.0,gpt,0.01,BF,HI,LP,Kenya Mosley,Imperial College London,8,320,text80,MATH,LONG
text80-MATH-LONG-2512.10507v1,BF_HI_LP,2.0,1.0,-3.0,2.0,2.0,2.0,2.0,1.0,2.0,-3.0,1.0,1.0,0.0,2.0,2.0,-0.3333333333333333,2.0,llama,0.01,BF,HI,LP,Kenya Mosley,Imperial College London,8,320,text80,MATH,LONG
text80-MATH-LONG-2512.10507v1,BF_HI_LP,3.0,2.4,-3.0,3.0,3.0,3.0,2.4,3.0,-3.0,2.4,3.0,3.0,2.4,3.0,2.8285714285714283,2.8,3.0,olmo,0.01,BF,HI,LP,Kenya Mosley,Imperial College London,8,320,text80,MATH,LONG
text80-MATH-LONG-2512.10507v1,BF_HI_LP,3.0,3.0,-2.4,3.0,3.0,3.0,3.0,2.0,-0.2,1.0,2.0,2.0,1.8,3.0,2.914285714285714,1.5,3.0,qwen,0.01,BF,HI,LP,Kenya Mosley,Imperial College London,8,320,text80,MATH,LONG
text80-MATH-LONG-2512.10507v1,BF_LI_HP,2.0,2.0,-3.0,2.0,3.0,2.0,1.0,1.0,0.0,-2.0,1.0,0.0,0.0,2.0,2.142857142857143,0.0,2.0,gemma,0.01,BF,LI,HP,Kenya Mosley,University of Missouri Saint Louis,32,8000,text80,MATH,LONG
text80-MATH-LONG-2512.10507v1,BF_LI_HP,3.0,2.0,-3.0,3.0,3.0,3.0,2.0,2.0,-2.0,0.0,2.0,2.0,2.0,2.0,2.7142857142857144,1.6666666666666667,2.0,gpt,0.01,BF,LI,HP,Kenya Mosley,University of Missouri Saint Louis,32,8000,text80,MATH,LONG
text80-MATH-LONG-2512.10507v1,BF_LI_HP,2.0,1.0,-3.0,2.0,2.0,2.0,2.0,1.0,1.8,-3.0,0.8,0.8,0.0,2.0,2.0,-0.36666666666666664,2.0,llama,0.01,BF,LI,HP,Kenya Mosley,University of Missouri Saint Louis,32,8000,text80,MATH,LONG
text80-MATH-LONG-2512.10507v1,BF_LI_HP,3.0,3.0,-3.0,3.0,3.0,3.0,3.0,3.0,-3.0,3.0,3.0,3.0,3.0,3.0,3.0,3.0,3.0,olmo,0.01,BF,LI,HP,Kenya Mosley,University of Missouri Saint Louis,32,8000,text80,MATH,LONG
text80-MATH-LONG-2512.10507v1,BF_LI_HP,3.0,2.8,-3.0,3.0,3.0,3.0,3.0,2.2,-0.4,1.4,2.6,2.2,2.0,3.0,2.9714285714285715,1.8,3.0,qwen,0.01,BF,LI,HP,Kenya Mosley,University of Missouri Saint Louis,32,8000,text80,MATH,LONG
text80-MATH-LONG-2512.10507v1,BF_LI_LP,2.0,1.8,-3.0,2.0,2.8,2.0,1.0,1.0,0.0,-2.0,1.0,0.0,0.0,2.0,2.085714285714286,0.0,2.0,gemma,0.01,BF,LI,LP,Kenya Mosley,University of Missouri Saint Louis,8,320,text80,MATH,LONG
text80-MATH-LONG-2512.10507v1,BF_LI_LP,3.0,2.0,-3.0,3.0,3.0,3.0,2.0,1.2,-2.0,0.0,2.0,1.2,1.6,2.0,2.7142857142857144,1.3333333333333335,2.0,gpt,0.01,BF,LI,LP,Kenya Mosley,University of Missouri Saint Louis,8,320,text80,MATH,LONG
text80-MATH-LONG-2512.10507v1,BF_LI_LP,2.0,1.0,-3.0,2.0,2.0,2.0,2.0,1.0,2.0,-3.0,1.0,1.0,0.0,2.0,2.0,-0.3333333333333333,2.0,llama,0.01,BF,LI,LP,Kenya Mosley,University of Missouri Saint Louis,8,320,text80,MATH,LONG
text80-MATH-LONG-2512.10507v1,BF_LI_LP,3.0,2.0,-3.0,3.0,3.0,3.0,2.0,3.0,-3.0,2.0,3.0,3.0,2.0,3.0,2.7142857142857144,2.6666666666666665,3.0,olmo,0.01,BF,LI,LP,Kenya Mosley,University of Missouri Saint Louis,8,320,text80,MATH,LONG
text80-MATH-LONG-2512.10507v1,BF_LI_LP,3.0,2.2,-1.8,3.0,3.0,3.0,2.4,2.4,0.0,-0.2,0.8,2.0,1.2,3.0,2.6285714285714286,1.0333333333333332,3.0,qwen,0.01,BF,LI,LP,Kenya Mosley,University of Missouri Saint Louis,8,320,text80,MATH,LONG
text80-MATH-LONG-2512.10507v1,NONE,2.0,2.0,-3.0,2.0,3.0,2.0,1.0,1.0,0.0,-1.8,1.0,0.0,0.0,2.0,2.142857142857143,0.03333333333333333,2.0,gemma,0.01,NONE,NONE,NONE,NONE,NONE,NONE,NONE,text80,MATH,LONG
text80-MATH-LONG-2512.10507v1,NONE,3.0,2.2,-3.0,3.0,3.0,3.0,2.0,2.0,-2.0,0.2,2.2,2.0,2.0,2.0,2.742857142857143,1.7333333333333336,2.0,gpt,0.01,NONE,NONE,NONE,NONE,NONE,NONE,NONE,text80,MATH,LONG
text80-MATH-LONG-2512.10507v1,NONE,2.0,1.0,-3.0,2.0,2.0,2.0,2.0,1.0,1.0,-3.0,0.0,0.0,0.0,2.0,2.0,-0.5,2.0,llama,0.01,NONE,NONE,NONE,NONE,NONE,NONE,NONE,text80,MATH,LONG
text80-MATH-LONG-2512.10507v1,NONE,3.0,3.0,-3.0,3.0,3.0,3.0,3.0,3.0,-3.0,3.0,3.0,3.0,3.0,3.0,3.0,3.0,3.0,olmo,0.01,NONE,NONE,NONE,NONE,NONE,NONE,NONE,text80,MATH,LONG
text80-MATH-LONG-2512.10507v1,NONE,3.0,3.0,-2.2,3.0,3.0,3.0,3.0,3.0,-1.2,2.0,2.2,2.2,2.2,3.0,2.8857142857142857,2.1333333333333333,3.0,qwen,0.01,NONE,NONE,NONE,NONE,NONE,NONE,NONE,text80,MATH,LONG
text80-MATH-LONG-2512.10507v1,WM_HI_HP,2.0,2.0,-3.0,2.0,2.0,2.0,1.0,1.0,0.0,-2.0,1.0,0.0,0.0,2.0,2.0,0.0,2.0,gemma,0.01,WM,HI,HP,Seth Mosley,Imperial College London,32,8000,text80,MATH,LONG
text80-MATH-LONG-2512.10507v1,WM_HI_HP,3.0,2.0,-3.0,3.0,3.0,3.0,2.0,2.0,-2.0,0.2,2.2,2.0,2.0,2.0,2.7142857142857144,1.7333333333333332,2.0,gpt,0.01,WM,HI,HP,Seth Mosley,Imperial College London,32,8000,text80,MATH,LONG
text80-MATH-LONG-2512.10507v1,WM_HI_HP,2.0,1.0,-3.0,2.0,2.0,2.0,2.0,1.0,2.0,-3.0,1.0,1.0,0.0,2.0,2.0,-0.3333333333333333,2.0,llama,0.01,WM,HI,HP,Seth Mosley,Imperial College London,32,8000,text80,MATH,LONG
text80-MATH-LONG-2512.10507v1,WM_HI_HP,3.0,3.0,-3.0,3.0,3.0,3.0,3.0,3.0,-3.0,3.0,3.0,3.0,3.0,3.0,3.0,3.0,3.0,olmo,0.01,WM,HI,HP,Seth Mosley,Imperial College London,32,8000,text80,MATH,LONG
text80-MATH-LONG-2512.10507v1,WM_HI_HP,3.0,2.2,-1.4,3.0,3.0,3.0,2.4,2.2,-0.2,1.6,2.2,2.2,2.0,3.0,2.5714285714285716,1.7333333333333336,3.0,qwen,0.01,WM,HI,HP,Seth Mosley,Imperial College London,32,8000,text80,MATH,LONG
text80-MATH-LONG-2512.10507v1,WM_HI_LP,2.0,2.0,-3.0,2.0,2.0,2.0,1.0,1.0,0.0,-2.0,1.0,0.0,0.0,2.0,2.0,0.0,2.0,gemma,0.01,WM,HI,LP,Seth Mosley,Imperial College London,8,320,text80,MATH,LONG
text80-MATH-LONG-2512.10507v1,WM_HI_LP,3.0,2.0,-3.0,3.0,3.0,3.0,2.0,2.0,-2.0,0.0,2.0,1.4,2.0,2.0,2.7142857142857144,1.5666666666666669,2.0,gpt,0.01,WM,HI,LP,Seth Mosley,Imperial College London,8,320,text80,MATH,LONG
text80-MATH-LONG-2512.10507v1,WM_HI_LP,2.0,1.0,-3.0,2.0,2.0,2.0,2.0,1.0,2.0,-3.0,1.0,1.0,0.0,2.0,2.0,-0.3333333333333333,2.0,llama,0.01,WM,HI,LP,Seth Mosley,Imperial College London,8,320,text80,MATH,LONG
text80-MATH-LONG-2512.10507v1,WM_HI_LP,3.0,2.0,-3.0,3.0,3.0,3.0,2.0,3.0,-3.0,2.0,3.0,3.0,2.0,3.0,2.7142857142857144,2.6666666666666665,3.0,olmo,0.01,WM,HI,LP,Seth Mosley,Imperial College London,8,320,text80,MATH,LONG
text80-MATH-LONG-2512.10507v1,WM_HI_LP,3.0,3.0,-1.4,3.0,3.0,2.8,3.0,2.8,-1.2,1.0,2.0,2.0,2.0,3.0,2.742857142857143,1.8333333333333333,3.0,qwen,0.01,WM,HI,LP,Seth Mosley,Imperial College London,8,320,text80,MATH,LONG
text80-MATH-LONG-2512.10507v1,WM_LI_HP,2.0,2.0,-3.0,2.0,3.0,2.0,1.0,1.0,0.0,-2.0,1.0,0.0,0.0,2.0,2.142857142857143,0.0,2.0,gemma,0.01,WM,LI,HP,Seth Mosley,University of Missouri Saint Louis,32,8000,text80,MATH,LONG
text80-MATH-LONG-2512.10507v1,WM_LI_HP,3.0,2.0,-3.0,3.0,3.0,3.0,2.0,2.0,-2.0,0.2,2.2,2.0,2.0,2.2,2.7142857142857144,1.7333333333333336,2.2,gpt,0.01,WM,LI,HP,Seth Mosley,University of Missouri Saint Louis,32,8000,text80,MATH,LONG
text80-MATH-LONG-2512.10507v1,WM_LI_HP,2.0,1.0,-3.0,2.0,2.0,2.0,2.0,1.0,2.0,-3.0,1.0,1.0,0.0,2.0,2.0,-0.3333333333333333,2.0,llama,0.01,WM,LI,HP,Seth Mosley,University of Missouri Saint Louis,32,8000,text80,MATH,LONG
text80-MATH-LONG-2512.10507v1,WM_LI_HP,3.0,2.6,-3.0,3.0,3.0,3.0,2.6,3.0,-3.0,2.6,3.0,3.0,3.0,3.0,2.8857142857142857,2.9333333333333336,3.0,olmo,0.01,WM,LI,HP,Seth Mosley,University of Missouri Saint Louis,32,8000,text80,MATH,LONG
text80-MATH-LONG-2512.10507v1,WM_LI_HP,3.0,2.2,-2.2,3.0,3.0,2.8,2.8,2.6,-0.6,1.6,2.2,2.0,2.0,3.0,2.7142857142857144,1.8333333333333333,3.0,qwen,0.01,WM,LI,HP,Seth Mosley,University of Missouri Saint Louis,32,8000,text80,MATH,LONG
text80-MATH-LONG-2512.10507v1,WM_LI_LP,2.0,2.0,-3.0,2.0,3.0,2.0,1.0,1.0,0.0,-2.0,1.0,0.0,0.0,2.0,2.142857142857143,0.0,2.0,gemma,0.01,WM,LI,LP,Seth Mosley,University of Missouri Saint Louis,8,320,text80,MATH,LONG
text80-MATH-LONG-2512.10507v1,WM_LI_LP,3.0,2.0,-3.0,3.0,3.0,3.0,2.0,1.8,-2.0,0.0,2.0,1.2,2.0,2.0,2.7142857142857144,1.5,2.0,gpt,0.01,WM,LI,LP,Seth Mosley,University of Missouri Saint Louis,8,320,text80,MATH,LONG
text80-MATH-LONG-2512.10507v1,WM_LI_LP,2.0,1.0,-3.0,2.0,2.0,2.0,2.0,1.0,2.0,-3.0,1.0,1.0,0.0,2.0,2.0,-0.3333333333333333,2.0,llama,0.01,WM,LI,LP,Seth Mosley,University of Missouri Saint Louis,8,320,text80,MATH,LONG
text80-MATH-LONG-2512.10507v1,WM_LI_LP,3.0,2.0,-3.0,3.0,3.0,3.0,2.0,3.0,-3.0,2.0,3.0,3.0,2.0,3.0,2.7142857142857144,2.6666666666666665,3.0,olmo,0.01,WM,LI,LP,Seth Mosley,University of Missouri Saint Louis,8,320,text80,MATH,LONG
text80-MATH-LONG-2512.10507v1,WM_LI_LP,3.0,2.2,-1.0,3.0,3.0,3.0,2.2,2.2,-0.2,0.6,2.0,2.0,1.8,3.0,2.4857142857142853,1.4666666666666666,3.0,qwen,0.01,WM,LI,LP,Seth Mosley,University of Missouri Saint Louis,8,320,text80,MATH,LONG
