text_id,outcome,effect,value
text01-BIO-SHORT-2505.02276v1,QI,BF_minus_WM,0.06
text02-BIO-SHORT-2507.04575v1,QI,BF_minus_WM,0.0028571428571428693
text03-BIO-SHORT-2505.11568v3,QI,BF_minus_WM,-0.012857142857142855
text04-BIO-SHORT-2507.08385v1,QI,BF_minus_WM,-0.03428571428571432
text05-BIO-SHORT-2504.10973v1,QI,BF_minus_WM,0.03714285714285713
text06-BIO-SHORT-2506.14789v1,QI,BF_minus_WM,-0.0014285714285714012
text07-BIO-SHORT-2506.13576v3,QI,BF_minus_WM,-0.0014285714285714236
text08-BIO-SHORT-2503.19923v2,QI,BF_minus_WM,0.021428571428571398
text09-BIO-SHORT-2602.00019v1,QI,BF_minus_WM,0.007142857142857129
text10-BIO-SHORT-2506.13817v1,QI,BF_minus_WM,0.0071428571428571175
text11-CS-SHORT-2506.09194v1,QI,BF_minus_WM,0.01571428571428568
text12-CS-SHORT-2512.19717v1,QI,BF_minus_WM,-0.004285714285714293
text13-CS-SHORT-2510.04124v5,QI,BF_minus_WM,0.0328571428571429
text14-CS-SHORT-2509.13349v2,QI,BF_minus_WM,0.0357142857142857
text15-CS-SHORT-2602.03870v1,QI,BF_minus_WM,-0.008571428571428563
text16-CS-SHORT-2509.06033v1,QI,BF_minus_WM,0.0385714285714285
text17-CS-SHORT-2509.16294v1,QI,BF_minus_WM,-0.03571428571428572
text18-CS-SHORT-2507.09492v1,QI,BF_minus_WM,0.0157142857142857
text19-CS-SHORT-2509.14600v1,QI,BF_minus_WM,0.025714285714285766
text20-CS-SHORT-2503.14899v1,QI,BF_minus_WM,0.007142857142857173
text21-PHY-SHORT-2601.23079v1,QI,BF_minus_WM,-0.011428571428571389
text22-PHY-SHORT-2601.23047v1,QI,BF_minus_WM,0.0357142857142857
text23-PHY-SHORT-2601.23057v1,QI,BF_minus_WM,-0.025714285714285724
text24-PHY-SHORT-2509.16741v1,QI,BF_minus_WM,-0.057142857142857176
text25-PHY-SHORT-2507.08042v1,QI,BF_minus_WM,0.03142857142857143
text26-PHY-SHORT-2512.23538v1,QI,BF_minus_WM,0.007142857142857095
text27-PHY-SHORT-2510.18500v1,QI,BF_minus_WM,0.027142857142857114
text28-PHY-SHORT-2508.20431v1,QI,BF_minus_WM,-4.4408920985006264e-17
text29-PHY-SHORT-2509.06825v1,QI,BF_minus_WM,-0.01428571428571428
text30-PHY-SHORT-2509.17653v2,QI,BF_minus_WM,0.004285714285714293
text31-MATH-SHORT-2511.03536v1,QI,BF_minus_WM,-0.05714285714285712
text32-MATH-SHORT-2603.02088v1,QI,BF_minus_WM,0.0328571428571429
text33-MATH-SHORT-2512.22134v3,QI,BF_minus_WM,-0.048571428571428585
text34-MATH-SHORT-2509.00532v1,QI,BF_minus_WM,-0.07428571428571432
text35-MATH-SHORT-2512.06844v1,QI,BF_minus_WM,0.011428571428571432
text36-MATH-SHORT-2503.09380v2,QI,BF_minus_WM,-0.011428571428571432
text37-MATH-SHORT-2510.26426v1,QI,BF_minus_WM,0.034285714285714274
text38-MATH-SHORT-2512.04101v1,QI,BF_minus_WM,-0.008571428571428586
text39-MATH-SHORT-2506.11609v2,QI,BF_minus_WM,0.024285714285714265
text40-MATH-SHORT-2507.15879v2,QI,BF_minus_WM,0.01142857142857141
text41-BIO-LONG-2512.06709v1,QI,BF_minus_WM,0.02999999999999997
text42-BIO-LONG-2503.07104v1,QI,BF_minus_WM,-0.014285714285714323
text43-BIO-LONG-2506.16577v1,QI,BF_minus_WM,0.0028571428571428246
text44-BIO-LONG-2505.20052v1,QI,BF_minus_WM,0.03857142857142859
text45-BIO-LONG-2507.17897v4,QI,BF_minus_WM,-0.008571428571428586
text46-BIO-LONG-2505.05863v1,QI,BF_minus_WM,0.0014285714285713791
text47-BIO-LONG-2505.21094v1,QI,BF_minus_WM,0.02285714285714282
text48-BIO-LONG-2602.16750v1,QI,BF_minus_WM,0.024285714285714265
text49-BIO-LONG-2511.10014v1,QI,BF_minus_WM,0.030000000000000082
text50-BIO-LONG-2603.01054v1,QI,BF_minus_WM,-0.004285714285714249
text51-CS-LONG-2602.11588v1,QI,BF_minus_WM,0.004285714285714259
text52-CS-LONG-2602.15675v1,QI,BF_minus_WM,-0.018571428571428617
text53-CS-LONG-2603.02012v1,QI,BF_minus_WM,0.012857142857142878
text54-CS-LONG-2602.23006v1,QI,BF_minus_WM,-0.012857142857142834
text55-CS-LONG-2602.21625v1,QI,BF_minus_WM,0.01714285714285717
text56-CS-LONG-2602.13713v1,QI,BF_minus_WM,-0.0014285714285714457
text57-CS-LONG-2603.00079v1,QI,BF_minus_WM,0.03142857142857138
text58-CS-LONG-2603.01023v1,QI,BF_minus_WM,0.034285714285714274
text59-CS-LONG-2602.19401v1,QI,BF_minus_WM,-0.039999999999999925
text60-CS-LONG-2602.18518v1,QI,BF_minus_WM,0.014285714285714323
text61-PHY-LONG-2602.03885v1,QI,BF_minus_WM,0.0071428571428571175
text62-PHY-LONG-2511.21971v1,QI,BF_minus_WM,0.0385714285714285
text63-PHY-LONG-2512.18015v1,QI,BF_minus_WM,0.012857142857142855
text64-PHY-LONG-2602.23683v1,QI,BF_minus_WM,-0.02571428571428571
text65-PHY-LONG-2601.13267v1,QI,BF_minus_WM,0.02428571428571431
text66-PHY-LONG-2512.24566v1,QI,BF_minus_WM,-0.030000000000000006
text67-PHY-LONG-2602.07636v2,QI,BF_minus_WM,0.01571428571428566
text68-PHY-LONG-2512.18130v1,QI,BF_minus_WM,-0.05857142857142861
text69-PHY-LONG-2602.17389v1,QI,BF_minus_WM,-0.04285714285714289
text70-PHY-LONG-2602.08188v1,QI,BF_minus_WM,-0.017142857142857147
text71-MATH-LONG-2511.12781v1,QI,BF_minus_WM,-0.012857142857142878
text72-MATH-LONG-2602.06095v1,QI,BF_minus_WM,0.06285714285714288
text73-MATH-LONG-2511.18101v1,QI,BF_minus_WM,0.02571428571428571
text74-MATH-LONG-2512.15978v1,QI,BF_minus_WM,0.03857142857142855
text75-MATH-LONG-2511.22140v1,QI,BF_minus_WM,0.027142857142857114
text76-MATH-LONG-2602.20441v1,QI,BF_minus_WM,0.0014285714285714236
text77-MATH-LONG-2601.20851v2,QI,BF_minus_WM,-0.02857142857142858
text78-MATH-LONG-2512.17595v1,QI,BF_minus_WM,-0.012857142857142878
text79-MATH-LONG-2512.10129v1,QI,BF_minus_WM,0.010000000000000031
text80-MATH-LONG-2512.10507v1,QI,BF_minus_WM,0.06571428571428568
text01-BIO-SHORT-2505.02276v1,QI,HI_minus_LI,-0.01714285714285716
text02-BIO-SHORT-2507.04575v1,QI,HI_minus_LI,-0.005714285714285727
text03-BIO-SHORT-2505.11568v3,QI,HI_minus_LI,0.012857142857142855
text04-BIO-SHORT-2507.08385v1,QI,HI_minus_LI,-0.014285714285714301
text05-BIO-SHORT-2504.10973v1,QI,HI_minus_LI,-0.008571428571428596
text06-BIO-SHORT-2506.14789v1,QI,HI_minus_LI,0.0328571428571429
text07-BIO-SHORT-2506.13576v3,QI,HI_minus_LI,0.052857142857142894
text08-BIO-SHORT-2503.19923v2,QI,HI_minus_LI,-0.02142857142857142
text09-BIO-SHORT-2602.00019v1,QI,HI_minus_LI,0.07571428571428575
text10-BIO-SHORT-2506.13817v1,QI,HI_minus_LI,-0.02714285714285718
text11-CS-SHORT-2506.09194v1,QI,HI_minus_LI,-0.027142857142857114
text12-CS-SHORT-2512.19717v1,QI,HI_minus_LI,0.08428571428571426
text13-CS-SHORT-2510.04124v5,QI,HI_minus_LI,-0.018571428571428572
text14-CS-SHORT-2509.13349v2,QI,HI_minus_LI,0.055714285714285716
text15-CS-SHORT-2602.03870v1,QI,HI_minus_LI,2.2204460492503132e-17
text16-CS-SHORT-2509.06033v1,QI,HI_minus_LI,0.00714285714285714
text17-CS-SHORT-2509.16294v1,QI,HI_minus_LI,-0.050000000000000044
text18-CS-SHORT-2507.09492v1,QI,HI_minus_LI,0.0071428571428571175
text19-CS-SHORT-2509.14600v1,QI,HI_minus_LI,0.048571428571428585
text20-CS-SHORT-2503.14899v1,QI,HI_minus_LI,0.030000000000000037
text21-PHY-SHORT-2601.23079v1,QI,HI_minus_LI,-0.06000000000000001
text22-PHY-SHORT-2601.23047v1,QI,HI_minus_LI,-0.03857142857142859
text23-PHY-SHORT-2601.23057v1,QI,HI_minus_LI,0.04
text24-PHY-SHORT-2509.16741v1,QI,HI_minus_LI,-0.03142857142857146
text25-PHY-SHORT-2507.08042v1,QI,HI_minus_LI,-0.09428571428571428
text26-PHY-SHORT-2512.23538v1,QI,HI_minus_LI,-0.004285714285714293
text27-PHY-SHORT-2510.18500v1,QI,HI_minus_LI,0.024285714285714265
text28-PHY-SHORT-2508.20431v1,QI,HI_minus_LI,0.02285714285714291
text29-PHY-SHORT-2509.06825v1,QI,HI_minus_LI,-0.005714285714285739
text30-PHY-SHORT-2509.17653v2,QI,HI_minus_LI,0.1271428571428571
text31-MATH-SHORT-2511.03536v1,QI,HI_minus_LI,-4.4408920985006264e-17
text32-MATH-SHORT-2603.02088v1,QI,HI_minus_LI,-0.055714285714285695
text33-MATH-SHORT-2512.22134v3,QI,HI_minus_LI,0.04571428571428576
text34-MATH-SHORT-2509.00532v1,QI,HI_minus_LI,-0.034285714285714274
text35-MATH-SHORT-2512.06844v1,QI,HI_minus_LI,-0.040000000000000015
text36-MATH-SHORT-2503.09380v2,QI,HI_minus_LI,0.04857142857142853
text37-MATH-SHORT-2510.26426v1,QI,HI_minus_LI,-0.019999999999999997
text38-MATH-SHORT-2512.04101v1,QI,HI_minus_LI,0.02857142857142856
text39-MATH-SHORT-2506.11609v2,QI,HI_minus_LI,0.010000000000000031
text40-MATH-SHORT-2507.15879v2,QI,HI_minus_LI,-0.017142857142857106
text41-BIO-LONG-2512.06709v1,QI,HI_minus_LI,0.08142857142857138
text42-BIO-LONG-2503.07104v1,QI,HI_minus_LI,0.002857142857142847
text43-BIO-LONG-2506.16577v1,QI,HI_minus_LI,0.02000000000000004
text44-BIO-LONG-2505.20052v1,QI,HI_minus_LI,0.007142857142857184
text45-BIO-LONG-2507.17897v4,QI,HI_minus_LI,-0.014285714285714323
text46-BIO-LONG-2505.05863v1,QI,HI_minus_LI,-0.012857142857142855
text47-BIO-LONG-2505.21094v1,QI,HI_minus_LI,0.042857142857142885
text48-BIO-LONG-2602.16750v1,QI,HI_minus_LI,0.027142857142857114
text49-BIO-LONG-2511.10014v1,QI,HI_minus_LI,0.021428571428571498
text50-BIO-LONG-2603.01054v1,QI,HI_minus_LI,-0.018571428571428527
text51-CS-LONG-2602.11588v1,QI,HI_minus_LI,-0.004285714285714282
text52-CS-LONG-2602.15675v1,QI,HI_minus_LI,0.004285714285714337
text53-CS-LONG-2603.02012v1,QI,HI_minus_LI,0.004285714285714293
text54-CS-LONG-2602.23006v1,QI,HI_minus_LI,-0.0014285714285714457
text55-CS-LONG-2602.21625v1,QI,HI_minus_LI,-0.05714285714285716
text56-CS-LONG-2602.13713v1,QI,HI_minus_LI,0.027142857142857114
text57-CS-LONG-2603.00079v1,QI,HI_minus_LI,0.01714285714285706
text58-CS-LONG-2603.01023v1,QI,HI_minus_LI,-0.040000000000000015
text59-CS-LONG-2602.19401v1,QI,HI_minus_LI,-0.06857142857142857
text60-CS-LONG-2602.18518v1,QI,HI_minus_LI,0.002857142857142847
text61-PHY-LONG-2602.03885v1,QI,HI_minus_LI,-0.007142857142857162
text62-PHY-LONG-2511.21971v1,QI,HI_minus_LI,0.09571428571428561
text63-PHY-LONG-2512.18015v1,QI,HI_minus_LI,-0.00428571428571427
text64-PHY-LONG-2602.23683v1,QI,HI_minus_LI,0.002857142857142847
text65-PHY-LONG-2601.13267v1,QI,HI_minus_LI,0.12714285714285717
text66-PHY-LONG-2512.24566v1,QI,HI_minus_LI,0.00714285714285714
text67-PHY-LONG-2602.07636v2,QI,HI_minus_LI,-0.04142857142857146
text68-PHY-LONG-2512.18130v1,QI,HI_minus_LI,0.0014285714285714457
text69-PHY-LONG-2602.17389v1,QI,HI_minus_LI,-0.008571428571428574
text70-PHY-LONG-2602.08188v1,QI,HI_minus_LI,-0.0028571428571428914
text71-MATH-LONG-2511.12781v1,QI,HI_minus_LI,0.004285714285714293
text72-MATH-LONG-2602.06095v1,QI,HI_minus_LI,-0.025714285714285738
text73-MATH-LONG-2511.18101v1,QI,HI_minus_LI,0.02285714285714291
text74-MATH-LONG-2512.15978v1,QI,HI_minus_LI,0.03857142857142855
text75-MATH-LONG-2511.22140v1,QI,HI_minus_LI,0.052857142857142866
text76-MATH-LONG-2602.20441v1,QI,HI_minus_LI,0.010000000000000009
text77-MATH-LONG-2601.20851v2,QI,HI_minus_LI,0.008571428571428608
text78-MATH-LONG-2512.17595v1,QI,HI_minus_LI,0.012857142857142878
text79-MATH-LONG-2512.10129v1,QI,HI_minus_LI,0.030000000000000006
text80-MATH-LONG-2512.10507v1,QI,HI_minus_LI,0.014285714285714258
text01-BIO-SHORT-2505.02276v1,QI,HP_minus_LP,0.05142857142857139
text02-BIO-SHORT-2507.04575v1,QI,HP_minus_LP,0.03714285714285716
text03-BIO-SHORT-2505.11568v3,QI,HP_minus_LP,0.0014285714285714236
text04-BIO-SHORT-2507.08385v1,QI,HP_minus_LP,0.059999999999999984
text05-BIO-SHORT-2504.10973v1,QI,HP_minus_LP,0.059999999999999956
text06-BIO-SHORT-2506.14789v1,QI,HP_minus_LP,0.009999999999999943
text07-BIO-SHORT-2506.13576v3,QI,HP_minus_LP,-0.01571428571428566
text08-BIO-SHORT-2503.19923v2,QI,HP_minus_LP,0.018571428571428572
text09-BIO-SHORT-2602.00019v1,QI,HP_minus_LP,0.027142857142857146
text10-BIO-SHORT-2506.13817v1,QI,HP_minus_LP,0.06142857142857148
text11-CS-SHORT-2506.09194v1,QI,HP_minus_LP,-0.04714285714285713
text12-CS-SHORT-2512.19717v1,QI,HP_minus_LP,0.010000000000000054
text13-CS-SHORT-2510.04124v5,QI,HP_minus_LP,-0.021428571428571463
text14-CS-SHORT-2509.13349v2,QI,HP_minus_LP,0.024285714285714265
text15-CS-SHORT-2602.03870v1,QI,HP_minus_LP,0.014285714285714301
text16-CS-SHORT-2509.06033v1,QI,HP_minus_LP,0.055714285714285716
text17-CS-SHORT-2509.16294v1,QI,HP_minus_LP,-0.018571428571428617
text18-CS-SHORT-2507.09492v1,QI,HP_minus_LP,0.00428571428571427
text19-CS-SHORT-2509.14600v1,QI,HP_minus_LP,0.05714285714285715
text20-CS-SHORT-2503.14899v1,QI,HP_minus_LP,0.04142857142857147
text21-PHY-SHORT-2601.23079v1,QI,HP_minus_LP,0.0628571428571428
text22-PHY-SHORT-2601.23047v1,QI,HP_minus_LP,-0.024285714285714355
text23-PHY-SHORT-2601.23057v1,QI,HP_minus_LP,3.3306690738754695e-17
text24-PHY-SHORT-2509.16741v1,QI,HP_minus_LP,0.06571428571428575
text25-PHY-SHORT-2507.08042v1,QI,HP_minus_LP,0.040000000000000036
text26-PHY-SHORT-2512.23538v1,QI,HP_minus_LP,0.01571428571428568
text27-PHY-SHORT-2510.18500v1,QI,HP_minus_LP,0.058571428571428476
text28-PHY-SHORT-2508.20431v1,QI,HP_minus_LP,0.0657142857142857
text29-PHY-SHORT-2509.06825v1,QI,HP_minus_LP,0.06857142857142855
text30-PHY-SHORT-2509.17653v2,QI,HP_minus_LP,0.0671428571428572
text31-MATH-SHORT-2511.03536v1,QI,HP_minus_LP,0.04857142857142853
text32-MATH-SHORT-2603.02088v1,QI,HP_minus_LP,0.17571428571428568
text33-MATH-SHORT-2512.22134v3,QI,HP_minus_LP,0.08285714285714284
text34-MATH-SHORT-2509.00532v1,QI,HP_minus_LP,0.03428571428571418
text35-MATH-SHORT-2512.06844v1,QI,HP_minus_LP,-0.0028571428571428914
text36-MATH-SHORT-2503.09380v2,QI,HP_minus_LP,0.07999999999999999
text37-MATH-SHORT-2510.26426v1,QI,HP_minus_LP,0.042857142857142816
text38-MATH-SHORT-2512.04101v1,QI,HP_minus_LP,0.017142857142857126
text39-MATH-SHORT-2506.11609v2,QI,HP_minus_LP,0.04714285714285713
text40-MATH-SHORT-2507.15879v2,QI,HP_minus_LP,0.01142857142857141
text41-BIO-LONG-2512.06709v1,QI,HP_minus_LP,0.07571428571428565
text42-BIO-LONG-2503.07104v1,QI,HP_minus_LP,0.034285714285714294
text43-BIO-LONG-2506.16577v1,QI,HP_minus_LP,0.08
text44-BIO-LONG-2505.20052v1,QI,HP_minus_LP,0.055714285714285716
text45-BIO-LONG-2507.17897v4,QI,HP_minus_LP,-0.005714285714285694
text46-BIO-LONG-2505.05863v1,QI,HP_minus_LP,0.01857142857142855
text47-BIO-LONG-2505.21094v1,QI,HP_minus_LP,0.05142857142857138
text48-BIO-LONG-2602.16750v1,QI,HP_minus_LP,-0.004285714285714293
text49-BIO-LONG-2511.10014v1,QI,HP_minus_LP,0.03285714285714282
text50-BIO-LONG-2603.01054v1,QI,HP_minus_LP,0.06428571428571425
text51-CS-LONG-2602.11588v1,QI,HP_minus_LP,-0.0014285714285714346
text52-CS-LONG-2602.15675v1,QI,HP_minus_LP,-0.004285714285714293
text53-CS-LONG-2603.02012v1,QI,HP_minus_LP,0.030000000000000006
text54-CS-LONG-2602.23006v1,QI,HP_minus_LP,0.004285714285714293
text55-CS-LONG-2602.21625v1,QI,HP_minus_LP,0.0314285714285714
text56-CS-LONG-2602.13713v1,QI,HP_minus_LP,0.06142857142857141
text57-CS-LONG-2603.00079v1,QI,HP_minus_LP,0.05714285714285714
text58-CS-LONG-2603.01023v1,QI,HP_minus_LP,0.07714285714285715
text59-CS-LONG-2602.19401v1,QI,HP_minus_LP,-0.03142857142857138
text60-CS-LONG-2602.18518v1,QI,HP_minus_LP,-0.014285714285714323
text61-PHY-LONG-2602.03885v1,QI,HP_minus_LP,0.012857142857142855
text62-PHY-LONG-2511.21971v1,QI,HP_minus_LP,0.02999999999999996
text63-PHY-LONG-2512.18015v1,QI,HP_minus_LP,-0.0014285714285715123
text64-PHY-LONG-2602.23683v1,QI,HP_minus_LP,0.042857142857142885
text65-PHY-LONG-2601.13267v1,QI,HP_minus_LP,0.09571428571428571
text66-PHY-LONG-2512.24566v1,QI,HP_minus_LP,0.04142857142857148
text67-PHY-LONG-2602.07636v2,QI,HP_minus_LP,-0.021428571428571484
text68-PHY-LONG-2512.18130v1,QI,HP_minus_LP,0.07571428571428569
text69-PHY-LONG-2602.17389v1,QI,HP_minus_LP,0.0257142857142857
text70-PHY-LONG-2602.08188v1,QI,HP_minus_LP,0.0657142857142857
text71-MATH-LONG-2511.12781v1,QI,HP_minus_LP,0.004285714285714249
text72-MATH-LONG-2602.06095v1,QI,HP_minus_LP,0.034285714285714294
text73-MATH-LONG-2511.18101v1,QI,HP_minus_LP,-0.00857142857142854
text74-MATH-LONG-2512.15978v1,QI,HP_minus_LP,0.030000000000000006
text75-MATH-LONG-2511.22140v1,QI,HP_minus_LP,0.018571428571428572
text76-MATH-LONG-2602.20441v1,QI,HP_minus_LP,0.010000000000000009
text77-MATH-LONG-2601.20851v2,QI,HP_minus_LP,0.008571428571428608
text78-MATH-LONG-2512.17595v1,QI,HP_minus_LP,0.009999999999999986
text79-MATH-LONG-2512.10129v1,QI,HP_minus_LP,-0.030000000000000047
text80-MATH-LONG-2512.10507v1,QI,HP_minus_LP,0.07714285714285715
text01-BIO-SHORT-2505.02276v1,QI,Name_x_Inst,0.01142857142857141
text02-BIO-SHORT-2507.04575v1,QI,Name_x_Inst,-0.034285714285714274
text03-BIO-SHORT-2505.11568v3,QI,Name_x_Inst,0.02571428571428571
text04-BIO-SHORT-2507.08385v1,QI,Name_x_Inst,0.028571428571428515
text05-BIO-SHORT-2504.10973v1,QI,Name_x_Inst,-0.07428571428571436
text06-BIO-SHORT-2506.14789v1,QI,Name_x_Inst,-0.019999999999999973
text07-BIO-SHORT-2506.13576v3,QI,Name_x_Inst,0.020000000000000018
text08-BIO-SHORT-2503.19923v2,QI,Name_x_Inst,-0.00857142857142854
text09-BIO-SHORT-2602.00019v1,QI,Name_x_Inst,0.014285714285714346
text10-BIO-SHORT-2506.13817v1,QI,Name_x_Inst,0.0028571428571429356
text11-CS-SHORT-2506.09194v1,QI,Name_x_Inst,-0.13999999999999999
text12-CS-SHORT-2512.19717v1,QI,Name_x_Inst,-0.08857142857142856
text13-CS-SHORT-2510.04124v5,QI,Name_x_Inst,-0.07714285714285718
text14-CS-SHORT-2509.13349v2,QI,Name_x_Inst,-0.15142857142857147
text15-CS-SHORT-2602.03870v1,QI,Name_x_Inst,0.05142857142857138
text16-CS-SHORT-2509.06033v1,QI,Name_x_Inst,-0.03142857142857145
text17-CS-SHORT-2509.16294v1,QI,Name_x_Inst,0.05428571428571423
text18-CS-SHORT-2507.09492v1,QI,Name_x_Inst,-0.0028571428571429356
text19-CS-SHORT-2509.14600v1,QI,Name_x_Inst,0.03428571428571432
text20-CS-SHORT-2503.14899v1,QI,Name_x_Inst,-0.0485714285714286
text21-PHY-SHORT-2601.23079v1,QI,Name_x_Inst,0.02857142857142847
text22-PHY-SHORT-2601.23047v1,QI,Name_x_Inst,-0.03142857142857154
text23-PHY-SHORT-2601.23057v1,QI,Name_x_Inst,0.0857142857142857
text24-PHY-SHORT-2509.16741v1,QI,Name_x_Inst,0.04571428571428571
text25-PHY-SHORT-2507.08042v1,QI,Name_x_Inst,0.039999999999999904
text26-PHY-SHORT-2512.23538v1,QI,Name_x_Inst,-0.0028571428571428025
text27-PHY-SHORT-2510.18500v1,QI,Name_x_Inst,-0.09999999999999995
text28-PHY-SHORT-2508.20431v1,QI,Name_x_Inst,0.005714285714285694
text29-PHY-SHORT-2509.06825v1,QI,Name_x_Inst,0.011428571428571389
text30-PHY-SHORT-2509.17653v2,QI,Name_x_Inst,-0.020000000000000063
text31-MATH-SHORT-2511.03536v1,QI,Name_x_Inst,0.022857142857142954
text32-MATH-SHORT-2603.02088v1,QI,Name_x_Inst,-0.01428571428571419
text33-MATH-SHORT-2512.22134v3,QI,Name_x_Inst,-0.07999999999999996
text34-MATH-SHORT-2509.00532v1,QI,Name_x_Inst,-0.017142857142857036
text35-MATH-SHORT-2512.06844v1,QI,Name_x_Inst,0.10285714285714284
text36-MATH-SHORT-2503.09380v2,QI,Name_x_Inst,-0.01714285714285717
text37-MATH-SHORT-2510.26426v1,QI,Name_x_Inst,0.028571428571428602
text38-MATH-SHORT-2512.04101v1,QI,Name_x_Inst,0.01714285714285717
text39-MATH-SHORT-2506.11609v2,QI,Name_x_Inst,-0.0028571428571428025
text40-MATH-SHORT-2507.15879v2,QI,Name_x_Inst,-0.011428571428571344
text41-BIO-LONG-2512.06709v1,QI,Name_x_Inst,0.014285714285714346
text42-BIO-LONG-2503.07104v1,QI,Name_x_Inst,0.01714285714285717
text43-BIO-LONG-2506.16577v1,QI,Name_x_Inst,-0.034285714285714385
text44-BIO-LONG-2505.20052v1,QI,Name_x_Inst,0.08857142857142856
text45-BIO-LONG-2507.17897v4,QI,Name_x_Inst,0.03428571428571425
text46-BIO-LONG-2505.05863v1,QI,Name_x_Inst,-0.037142857142857186
text47-BIO-LONG-2505.21094v1,QI,Name_x_Inst,0.02857142857142856
text48-BIO-LONG-2602.16750v1,QI,Name_x_Inst,-0.04857142857142853
text49-BIO-LONG-2511.10014v1,QI,Name_x_Inst,0.019999999999999952
text50-BIO-LONG-2603.01054v1,QI,Name_x_Inst,0.0028571428571428914
text51-CS-LONG-2602.11588v1,QI,Name_x_Inst,0.008571428571428608
text52-CS-LONG-2602.15675v1,QI,Name_x_Inst,0.008571428571428674
text53-CS-LONG-2603.02012v1,QI,Name_x_Inst,-0.05428571428571431
text54-CS-LONG-2602.23006v1,QI,Name_x_Inst,0.019999999999999973
text55-CS-LONG-2602.21625v1,QI,Name_x_Inst,-0.08571428571428585
text56-CS-LONG-2602.13713v1,QI,Name_x_Inst,-0.008571428571428586
text57-CS-LONG-2603.00079v1,QI,Name_x_Inst,-0.05714285714285725
text58-CS-LONG-2603.01023v1,QI,Name_x_Inst,-0.034285714285714294
text59-CS-LONG-2602.19401v1,QI,Name_x_Inst,-0.005714285714285739
text60-CS-LONG-2602.18518v1,QI,Name_x_Inst,0.0
text61-PHY-LONG-2602.03885v1,QI,Name_x_Inst,-0.020000000000000018
text62-PHY-LONG-2511.21971v1,QI,Name_x_Inst,0.05428571428571423
text63-PHY-LONG-2512.18015v1,QI,Name_x_Inst,0.037142857142857186
text64-PHY-LONG-2602.23683v1,QI,Name_x_Inst,-0.028571428571428647
text65-PHY-LONG-2601.13267v1,QI,Name_x_Inst,-0.0657142857142858
text66-PHY-LONG-2512.24566v1,QI,Name_x_Inst,0.04285714285714293
text67-PHY-LONG-2602.07636v2,QI,Name_x_Inst,-0.07142857142857136
text68-PHY-LONG-2512.18130v1,QI,Name_x_Inst,-0.020000000000000063
text69-PHY-LONG-2602.17389v1,QI,Name_x_Inst,0.03428571428571423
text70-PHY-LONG-2602.08188v1,QI,Name_x_Inst,-4.4408920985006264e-17
text71-MATH-LONG-2511.12781v1,QI,Name_x_Inst,-0.037142857142857234
text72-MATH-LONG-2602.06095v1,QI,Name_x_Inst,-0.03428571428571424
text73-MATH-LONG-2511.18101v1,QI,Name_x_Inst,0.15428571428571428
text74-MATH-LONG-2512.15978v1,QI,Name_x_Inst,-0.037142857142857144
text75-MATH-LONG-2511.22140v1,QI,Name_x_Inst,0.0028571428571428025
text76-MATH-LONG-2602.20441v1,QI,Name_x_Inst,0.0028571428571429356
text77-MATH-LONG-2601.20851v2,QI,Name_x_Inst,0.045714285714285686
text78-MATH-LONG-2512.17595v1,QI,Name_x_Inst,0.09428571428571417
text79-MATH-LONG-2512.10129v1,QI,Name_x_Inst,-0.02571428571428567
text80-MATH-LONG-2512.10507v1,QI,Name_x_Inst,0.039999999999999813
text01-BIO-SHORT-2505.02276v1,QI,Name_x_Bibliometrics,0.08
text02-BIO-SHORT-2507.04575v1,QI,Name_x_Bibliometrics,-0.06285714285714283
text03-BIO-SHORT-2505.11568v3,QI,Name_x_Bibliometrics,-0.042857142857142885
text04-BIO-SHORT-2507.08385v1,QI,Name_x_Bibliometrics,-0.05142857142857138
text05-BIO-SHORT-2504.10973v1,QI,Name_x_Bibliometrics,0.10857142857142847
text06-BIO-SHORT-2506.14789v1,QI,Name_x_Bibliometrics,0.05999999999999992
text07-BIO-SHORT-2506.13576v3,QI,Name_x_Bibliometrics,-0.014285714285714412
text08-BIO-SHORT-2503.19923v2,QI,Name_x_Bibliometrics,-0.020000000000000018
text09-BIO-SHORT-2602.00019v1,QI,Name_x_Bibliometrics,0.042857142857142774
text10-BIO-SHORT-2506.13817v1,QI,Name_x_Bibliometrics,0.00857142857142854
text11-CS-SHORT-2506.09194v1,QI,Name_x_Bibliometrics,0.17428571428571443
text12-CS-SHORT-2512.19717v1,QI,Name_x_Bibliometrics,0.01428571428571428
text13-CS-SHORT-2510.04124v5,QI,Name_x_Bibliometrics,-0.01428571428571428
text14-CS-SHORT-2509.13349v2,QI,Name_x_Bibliometrics,0.037142857142857054
text15-CS-SHORT-2602.03870v1,QI,Name_x_Bibliometrics,0.011428571428571432
text16-CS-SHORT-2509.06033v1,QI,Name_x_Bibliometrics,-0.07142857142857148
text17-CS-SHORT-2509.16294v1,QI,Name_x_Bibliometrics,0.0028571428571427583
text18-CS-SHORT-2507.09492v1,QI,Name_x_Bibliometrics,-0.020000000000000018
text19-CS-SHORT-2509.14600v1,QI,Name_x_Bibliometrics,0.05142857142857127
text20-CS-SHORT-2503.14899v1,QI,Name_x_Bibliometrics,-0.10571428571428562
text21-PHY-SHORT-2601.23079v1,QI,Name_x_Bibliometrics,0.10285714285714294
text22-PHY-SHORT-2601.23047v1,QI,Name_x_Bibliometrics,-0.0028571428571428914
text23-PHY-SHORT-2601.23057v1,QI,Name_x_Bibliometrics,0.017142857142857147
text24-PHY-SHORT-2509.16741v1,QI,Name_x_Bibliometrics,-0.011428571428571455
text25-PHY-SHORT-2507.08042v1,QI,Name_x_Bibliometrics,0.1371428571428571
text26-PHY-SHORT-2512.23538v1,QI,Name_x_Bibliometrics,-0.03142857142857136
text27-PHY-SHORT-2510.18500v1,QI,Name_x_Bibliometrics,-0.1342857142857142
text28-PHY-SHORT-2508.20431v1,QI,Name_x_Bibliometrics,0.011428571428571389
text29-PHY-SHORT-2509.06825v1,QI,Name_x_Bibliometrics,0.022857142857142954
text30-PHY-SHORT-2509.17653v2,QI,Name_x_Bibliometrics,-0.05999999999999983
text31-MATH-SHORT-2511.03536v1,QI,Name_x_Bibliometrics,-0.028571428571428647
text32-MATH-SHORT-2603.02088v1,QI,Name_x_Bibliometrics,-0.020000000000000108
text33-MATH-SHORT-2512.22134v3,QI,Name_x_Bibliometrics,-0.08571428571428588
text34-MATH-SHORT-2509.00532v1,QI,Name_x_Bibliometrics,-0.028571428571428515
text35-MATH-SHORT-2512.06844v1,QI,Name_x_Bibliometrics,-0.005714285714285739
text36-MATH-SHORT-2503.09380v2,QI,Name_x_Bibliometrics,0.11428571428571424
text37-MATH-SHORT-2510.26426v1,QI,Name_x_Bibliometrics,0.05142857142857138
text38-MATH-SHORT-2512.04101v1,QI,Name_x_Bibliometrics,0.01714285714285708
text39-MATH-SHORT-2506.11609v2,QI,Name_x_Bibliometrics,-0.08857142857142856
text40-MATH-SHORT-2507.15879v2,QI,Name_x_Bibliometrics,-0.011428571428571432
text41-BIO-LONG-2512.06709v1,QI,Name_x_Bibliometrics,0.14
text42-BIO-LONG-2503.07104v1,QI,Name_x_Bibliometrics,0.04571428571428573
text43-BIO-LONG-2506.16577v1,QI,Name_x_Bibliometrics,-0.039999999999999904
text44-BIO-LONG-2505.20052v1,QI,Name_x_Bibliometrics,-0.0542857142857144
text45-BIO-LONG-2507.17897v4,QI,Name_x_Bibliometrics,0.040000000000000126
text46-BIO-LONG-2505.05863v1,QI,Name_x_Bibliometrics,-0.14571428571428574
text47-BIO-LONG-2505.21094v1,QI,Name_x_Bibliometrics,0.022857142857142777
text48-BIO-LONG-2602.16750v1,QI,Name_x_Bibliometrics,0.0028571428571428914
text49-BIO-LONG-2511.10014v1,QI,Name_x_Bibliometrics,-0.060000000000000074
text50-BIO-LONG-2603.01054v1,QI,Name_x_Bibliometrics,-0.1285714285714285
text51-CS-LONG-2602.11588v1,QI,Name_x_Bibliometrics,0.02571428571428569
text52-CS-LONG-2602.15675v1,QI,Name_x_Bibliometrics,-0.008571428571428586
text53-CS-LONG-2603.02012v1,QI,Name_x_Bibliometrics,-0.04857142857142862
text54-CS-LONG-2602.23006v1,QI,Name_x_Bibliometrics,-0.01428571428571428
text55-CS-LONG-2602.21625v1,QI,Name_x_Bibliometrics,-0.03428571428571434
text56-CS-LONG-2602.13713v1,QI,Name_x_Bibliometrics,0.037142857142857234
text57-CS-LONG-2603.00079v1,QI,Name_x_Bibliometrics,-0.02285714285714282
text58-CS-LONG-2603.01023v1,QI,Name_x_Bibliometrics,0.07428571428571425
text59-CS-LONG-2602.19401v1,QI,Name_x_Bibliometrics,-0.04571428571428578
text60-CS-LONG-2602.18518v1,QI,Name_x_Bibliometrics,-0.022857142857142954
text61-PHY-LONG-2602.03885v1,QI,Name_x_Bibliometrics,-0.0371428571428571
text62-PHY-LONG-2511.21971v1,QI,Name_x_Bibliometrics,-0.05428571428571431
text63-PHY-LONG-2512.18015v1,QI,Name_x_Bibliometrics,-0.07142857142857136
text64-PHY-LONG-2602.23683v1,QI,Name_x_Bibliometrics,0.05142857142857142
text65-PHY-LONG-2601.13267v1,QI,Name_x_Bibliometrics,0.008571428571428497
text66-PHY-LONG-2512.24566v1,QI,Name_x_Bibliometrics,-0.04857142857142871
text67-PHY-LONG-2602.07636v2,QI,Name_x_Bibliometrics,0.014285714285714323
text68-PHY-LONG-2512.18130v1,QI,Name_x_Bibliometrics,-0.0657142857142857
text69-PHY-LONG-2602.17389v1,QI,Name_x_Bibliometrics,0.045714285714285666
text70-PHY-LONG-2602.08188v1,QI,Name_x_Bibliometrics,-0.07999999999999993
text71-MATH-LONG-2511.12781v1,QI,Name_x_Bibliometrics,-0.07142857142857131
text72-MATH-LONG-2602.06095v1,QI,Name_x_Bibliometrics,-0.04000000000000013
text73-MATH-LONG-2511.18101v1,QI,Name_x_Bibliometrics,-0.09142857142857137
text74-MATH-LONG-2512.15978v1,QI,Name_x_Bibliometrics,-0.13428571428571429
text75-MATH-LONG-2511.22140v1,QI,Name_x_Bibliometrics,-0.04285714285714284
text76-MATH-LONG-2602.20441v1,QI,Name_x_Bibliometrics,-0.020000000000000018
text77-MATH-LONG-2601.20851v2,QI,Name_x_Bibliometrics,0.06857142857142846
text78-MATH-LONG-2512.17595v1,QI,Name_x_Bibliometrics,0.008571428571428674
text79-MATH-LONG-2512.10129v1,QI,Name_x_Bibliometrics,0.014285714285714369
text80-MATH-LONG-2512.10507v1,QI,Name_x_Bibliometrics,0.05142857142857138
text01-BIO-SHORT-2505.02276v1,QI,Inst_x_Bibliometrics,0.09714285714285713
text02-BIO-SHORT-2507.04575v1,QI,Inst_x_Bibliometrics,0.09142857142857141
text03-BIO-SHORT-2505.11568v3,QI,Inst_x_Bibliometrics,-0.002857142857142847
text04-BIO-SHORT-2507.08385v1,QI,Inst_x_Bibliometrics,-0.1600000000000001
text05-BIO-SHORT-2504.10973v1,QI,Inst_x_Bibliometrics,-0.12
text06-BIO-SHORT-2506.14789v1,QI,Inst_x_Bibliometrics,-0.019999999999999886
text07-BIO-SHORT-2506.13576v3,QI,Inst_x_Bibliometrics,-0.0314285714285714
text08-BIO-SHORT-2503.19923v2,QI,Inst_x_Bibliometrics,-0.0028571428571428914
text09-BIO-SHORT-2602.00019v1,QI,Inst_x_Bibliometrics,0.042857142857142816
text10-BIO-SHORT-2506.13817v1,QI,Inst_x_Bibliometrics,-0.14000000000000012
text11-CS-SHORT-2506.09194v1,QI,Inst_x_Bibliometrics,0.08857142857142866
text12-CS-SHORT-2512.19717v1,QI,Inst_x_Bibliometrics,-0.1514285714285714
text13-CS-SHORT-2510.04124v5,QI,Inst_x_Bibliometrics,-0.037142857142857144
text14-CS-SHORT-2509.13349v2,QI,Inst_x_Bibliometrics,-0.10571428571428583
text15-CS-SHORT-2602.03870v1,QI,Inst_x_Bibliometrics,-0.05142857142857147
text16-CS-SHORT-2509.06033v1,QI,Inst_x_Bibliometrics,-0.0657142857142857
text17-CS-SHORT-2509.16294v1,QI,Inst_x_Bibliometrics,-0.02571428571428571
text18-CS-SHORT-2507.09492v1,QI,Inst_x_Bibliometrics,-0.002857142857142847
text19-CS-SHORT-2509.14600v1,QI,Inst_x_Bibliometrics,0.06285714285714283
text20-CS-SHORT-2503.14899v1,QI,Inst_x_Bibliometrics,0.03142857142857138
text21-PHY-SHORT-2601.23079v1,QI,Inst_x_Bibliometrics,0.08571428571428577
text22-PHY-SHORT-2601.23047v1,QI,Inst_x_Bibliometrics,0.04285714285714302
text23-PHY-SHORT-2601.23057v1,QI,Inst_x_Bibliometrics,0.034285714285714364
text24-PHY-SHORT-2509.16741v1,QI,Inst_x_Bibliometrics,0.039999999999999966
text25-PHY-SHORT-2507.08042v1,QI,Inst_x_Bibliometrics,-0.06857142857142869
text26-PHY-SHORT-2512.23538v1,QI,Inst_x_Bibliometrics,0.025714285714285755
text27-PHY-SHORT-2510.18500v1,QI,Inst_x_Bibliometrics,-0.10571428571428573
text28-PHY-SHORT-2508.20431v1,QI,Inst_x_Bibliometrics,-0.08000000000000007
text29-PHY-SHORT-2509.06825v1,QI,Inst_x_Bibliometrics,0.028571428571428647
text30-PHY-SHORT-2509.17653v2,QI,Inst_x_Bibliometrics,0.014285714285714457
text31-MATH-SHORT-2511.03536v1,QI,Inst_x_Bibliometrics,0.06285714285714272
text32-MATH-SHORT-2603.02088v1,QI,Inst_x_Bibliometrics,0.12285714285714291
text33-MATH-SHORT-2512.22134v3,QI,Inst_x_Bibliometrics,-0.034285714285714274
text34-MATH-SHORT-2509.00532v1,QI,Inst_x_Bibliometrics,-0.039999999999999904
text35-MATH-SHORT-2512.06844v1,QI,Inst_x_Bibliometrics,-0.028571428571428647
text36-MATH-SHORT-2503.09380v2,QI,Inst_x_Bibliometrics,-0.005714285714285694
text37-MATH-SHORT-2510.26426v1,QI,Inst_x_Bibliometrics,0.045714285714285686
text38-MATH-SHORT-2512.04101v1,QI,Inst_x_Bibliometrics,0.022857142857142864
text39-MATH-SHORT-2506.11609v2,QI,Inst_x_Bibliometrics,-0.0028571428571428025
text40-MATH-SHORT-2507.15879v2,QI,Inst_x_Bibliometrics,4.4408920985006264e-17
text41-BIO-LONG-2512.06709v1,QI,Inst_x_Bibliometrics,-0.06571428571428581
text42-BIO-LONG-2503.07104v1,QI,Inst_x_Bibliometrics,-0.04571428571428573
text43-BIO-LONG-2506.16577v1,QI,Inst_x_Bibliometrics,0.005714285714285739
text44-BIO-LONG-2505.20052v1,QI,Inst_x_Bibliometrics,-0.04857142857142853
text45-BIO-LONG-2507.17897v4,QI,Inst_x_Bibliometrics,0.005714285714285694
text46-BIO-LONG-2505.05863v1,QI,Inst_x_Bibliometrics,0.042857142857142885
text47-BIO-LONG-2505.21094v1,QI,Inst_x_Bibliometrics,0.02857142857142856
text48-BIO-LONG-2602.16750v1,QI,Inst_x_Bibliometrics,0.008571428571428586
text49-BIO-LONG-2511.10014v1,QI,Inst_x_Bibliometrics,0.07142857142857133
text50-BIO-LONG-2603.01054v1,QI,Inst_x_Bibliometrics,0.01428571428571428
text51-CS-LONG-2602.11588v1,QI,Inst_x_Bibliometrics,0.019999999999999997
text52-CS-LONG-2602.15675v1,QI,Inst_x_Bibliometrics,-0.008571428571428586
text53-CS-LONG-2603.02012v1,QI,Inst_x_Bibliometrics,-0.03142857142857145
text54-CS-LONG-2602.23006v1,QI,Inst_x_Bibliometrics,-0.048571428571428446
text55-CS-LONG-2602.21625v1,QI,Inst_x_Bibliometrics,0.022857142857142864
text56-CS-LONG-2602.13713v1,QI,Inst_x_Bibliometrics,-0.008571428571428497
text57-CS-LONG-2603.00079v1,QI,Inst_x_Bibliometrics,-0.039999999999999904
text58-CS-LONG-2603.01023v1,QI,Inst_x_Bibliometrics,-0.06285714285714276
text59-CS-LONG-2602.19401v1,QI,Inst_x_Bibliometrics,-0.07999999999999993
text60-CS-LONG-2602.18518v1,QI,Inst_x_Bibliometrics,0.0
text61-PHY-LONG-2602.03885v1,QI,Inst_x_Bibliometrics,-0.06571428571428566
text62-PHY-LONG-2511.21971v1,QI,Inst_x_Bibliometrics,0.07142857142857131
text63-PHY-LONG-2512.18015v1,QI,Inst_x_Bibliometrics,-0.0371428571428571
text64-PHY-LONG-2602.23683v1,QI,Inst_x_Bibliometrics,-0.005714285714285694
text65-PHY-LONG-2601.13267v1,QI,Inst_x_Bibliometrics,-0.06000000000000001
text66-PHY-LONG-2512.24566v1,QI,Inst_x_Bibliometrics,-0.008571428571428586
text67-PHY-LONG-2602.07636v2,QI,Inst_x_Bibliometrics,0.014285714285714323
text68-PHY-LONG-2512.18130v1,QI,Inst_x_Bibliometrics,-0.037142857142857234
text69-PHY-LONG-2602.17389v1,QI,Inst_x_Bibliometrics,-0.06857142857142862
text70-PHY-LONG-2602.08188v1,QI,Inst_x_Bibliometrics,-0.07428571428571429
text71-MATH-LONG-2511.12781v1,QI,Inst_x_Bibliometrics,0.03142857142857136
text72-MATH-LONG-2602.06095v1,QI,Inst_x_Bibliometrics,5.551115123125783e-17
text73-MATH-LONG-2511.18101v1,QI,Inst_x_Bibliometrics,0.09714285714285716
text74-MATH-LONG-2512.15978v1,QI,Inst_x_Bibliometrics,-0.04285714285714284
text75-MATH-LONG-2511.22140v1,QI,Inst_x_Bibliometrics,-0.0028571428571428914
text76-MATH-LONG-2602.20441v1,QI,Inst_x_Bibliometrics,-0.014285714285714235
text77-MATH-LONG-2601.20851v2,QI,Inst_x_Bibliometrics,-0.04000000000000008
text78-MATH-LONG-2512.17595v1,QI,Inst_x_Bibliometrics,-0.08857142857142856
text79-MATH-LONG-2512.10129v1,QI,Inst_x_Bibliometrics,-0.0028571428571428025
text80-MATH-LONG-2512.10507v1,QI,Inst_x_Bibliometrics,-0.06285714285714286
text01-BIO-SHORT-2505.02276v1,PI,BF_minus_WM,0.06666666666666667
text02-BIO-SHORT-2507.04575v1,PI,BF_minus_WM,0.06166666666666668
text03-BIO-SHORT-2505.11568v3,PI,BF_minus_WM,-0.03833333333333333
text04-BIO-SHORT-2507.08385v1,PI,BF_minus_WM,0.05166666666666666
text05-BIO-SHORT-2504.10973v1,PI,BF_minus_WM,1.8041124150158794e-17
text06-BIO-SHORT-2506.14789v1,PI,BF_minus_WM,-0.05499999999999999
text07-BIO-SHORT-2506.13576v3,PI,BF_minus_WM,0.07333333333333339
text08-BIO-SHORT-2503.19923v2,PI,BF_minus_WM,0.01666666666666667
text09-BIO-SHORT-2602.00019v1,PI,BF_minus_WM,0.05833333333333333
text10-BIO-SHORT-2506.13817v1,PI,BF_minus_WM,0.011666666666666664
text11-CS-SHORT-2506.09194v1,PI,BF_minus_WM,0.04833333333333332
text12-CS-SHORT-2512.19717v1,PI,BF_minus_WM,0.019999999999999973
text13-CS-SHORT-2510.04124v5,PI,BF_minus_WM,0.06833333333333329
text14-CS-SHORT-2509.13349v2,PI,BF_minus_WM,0.04999999999999995
text15-CS-SHORT-2602.03870v1,PI,BF_minus_WM,-0.018333333333333368
text16-CS-SHORT-2509.06033v1,PI,BF_minus_WM,0.04833333333333336
text17-CS-SHORT-2509.16294v1,PI,BF_minus_WM,-0.05166666666666665
text18-CS-SHORT-2507.09492v1,PI,BF_minus_WM,0.038333333333333316
text19-CS-SHORT-2509.14600v1,PI,BF_minus_WM,0.003333333333333348
text20-CS-SHORT-2503.14899v1,PI,BF_minus_WM,0.029999999999999992
text21-PHY-SHORT-2601.23079v1,PI,BF_minus_WM,-0.051666666666666694
text22-PHY-SHORT-2601.23047v1,PI,BF_minus_WM,0.07000000000000003
text23-PHY-SHORT-2601.23057v1,PI,BF_minus_WM,0.009999999999999992
text24-PHY-SHORT-2509.16741v1,PI,BF_minus_WM,-0.028333333333333387
text25-PHY-SHORT-2507.08042v1,PI,BF_minus_WM,-0.0016666666666666718
text26-PHY-SHORT-2512.23538v1,PI,BF_minus_WM,0.07166666666666663
text27-PHY-SHORT-2510.18500v1,PI,BF_minus_WM,-0.024999999999999946
text28-PHY-SHORT-2508.20431v1,PI,BF_minus_WM,0.05166666666666666
text29-PHY-SHORT-2509.06825v1,PI,BF_minus_WM,0.05833333333333337
text30-PHY-SHORT-2509.17653v2,PI,BF_minus_WM,0.07166666666666666
text31-MATH-SHORT-2511.03536v1,PI,BF_minus_WM,-0.029999999999999992
text32-MATH-SHORT-2603.02088v1,PI,BF_minus_WM,0.09333333333333334
text33-MATH-SHORT-2512.22134v3,PI,BF_minus_WM,0.010000000000000042
text34-MATH-SHORT-2509.00532v1,PI,BF_minus_WM,-0.09166666666666667
text35-MATH-SHORT-2512.06844v1,PI,BF_minus_WM,0.03499999999999999
text36-MATH-SHORT-2503.09380v2,PI,BF_minus_WM,0.06999999999999999
text37-MATH-SHORT-2510.26426v1,PI,BF_minus_WM,0.07500000000000001
text38-MATH-SHORT-2512.04101v1,PI,BF_minus_WM,-0.07499999999999998
text39-MATH-SHORT-2506.11609v2,PI,BF_minus_WM,-0.011666666666666626
text40-MATH-SHORT-2507.15879v2,PI,BF_minus_WM,-0.0016666666666666802
text41-BIO-LONG-2512.06709v1,PI,BF_minus_WM,-0.016666666666666663
text42-BIO-LONG-2503.07104v1,PI,BF_minus_WM,-0.014999999999999968
text43-BIO-LONG-2506.16577v1,PI,BF_minus_WM,0.13999999999999996
text44-BIO-LONG-2505.20052v1,PI,BF_minus_WM,0.15833333333333338
text45-BIO-LONG-2507.17897v4,PI,BF_minus_WM,0.06333333333333334
text46-BIO-LONG-2505.05863v1,PI,BF_minus_WM,-0.023333333333333345
text47-BIO-LONG-2505.21094v1,PI,BF_minus_WM,0.018333333333333306
text48-BIO-LONG-2602.16750v1,PI,BF_minus_WM,0.08833333333333333
text49-BIO-LONG-2511.10014v1,PI,BF_minus_WM,-0.03333333333333335
text50-BIO-LONG-2603.01054v1,PI,BF_minus_WM,-0.013333333333333358
text51-CS-LONG-2602.11588v1,PI,BF_minus_WM,0.06333333333333332
text52-CS-LONG-2602.15675v1,PI,BF_minus_WM,0.041666666666666664
text53-CS-LONG-2603.02012v1,PI,BF_minus_WM,0.04333333333333331
text54-CS-LONG-2602.23006v1,PI,BF_minus_WM,-0.038333333333333316
text55-CS-LONG-2602.21625v1,PI,BF_minus_WM,0.06666666666666667
text56-CS-LONG-2602.13713v1,PI,BF_minus_WM,0.03333333333333331
text57-CS-LONG-2603.00079v1,PI,BF_minus_WM,0.09333333333333335
text58-CS-LONG-2603.01023v1,PI,BF_minus_WM,0.06333333333333342
text59-CS-LONG-2602.19401v1,PI,BF_minus_WM,0.008333333333333364
text60-CS-LONG-2602.18518v1,PI,BF_minus_WM,0.020000000000000018
text61-PHY-LONG-2602.03885v1,PI,BF_minus_WM,-0.07000000000000003
text62-PHY-LONG-2511.21971v1,PI,BF_minus_WM,0.075
text63-PHY-LONG-2512.18015v1,PI,BF_minus_WM,0.07999999999999996
text64-PHY-LONG-2602.23683v1,PI,BF_minus_WM,-0.021666666666666695
text65-PHY-LONG-2601.13267v1,PI,BF_minus_WM,-0.024999999999999984
text66-PHY-LONG-2512.24566v1,PI,BF_minus_WM,-0.03000000000000001
text67-PHY-LONG-2602.07636v2,PI,BF_minus_WM,0.04
text68-PHY-LONG-2512.18130v1,PI,BF_minus_WM,0.011666666666666641
text69-PHY-LONG-2602.17389v1,PI,BF_minus_WM,0.07000000000000002
text70-PHY-LONG-2602.08188v1,PI,BF_minus_WM,-0.03833333333333334
text71-MATH-LONG-2511.12781v1,PI,BF_minus_WM,0.011666666666666676
text72-MATH-LONG-2602.06095v1,PI,BF_minus_WM,-0.005000000000000002
text73-MATH-LONG-2511.18101v1,PI,BF_minus_WM,-0.013333333333333308
text74-MATH-LONG-2512.15978v1,PI,BF_minus_WM,0.12000000000000002
text75-MATH-LONG-2511.22140v1,PI,BF_minus_WM,0.15666666666666668
text76-MATH-LONG-2602.20441v1,PI,BF_minus_WM,0.085
text77-MATH-LONG-2601.20851v2,PI,BF_minus_WM,-0.16999999999999998
text78-MATH-LONG-2512.17595v1,PI,BF_minus_WM,0.0166666666666666
text79-MATH-LONG-2512.10129v1,PI,BF_minus_WM,0.06833333333333333
text80-MATH-LONG-2512.10507v1,PI,BF_minus_WM,0.028333333333333315
text01-BIO-SHORT-2505.02276v1,PI,HI_minus_LI,-0.03666666666666667
text02-BIO-SHORT-2507.04575v1,PI,HI_minus_LI,0.1416666666666667
text03-BIO-SHORT-2505.11568v3,PI,HI_minus_LI,0.07833333333333334
text04-BIO-SHORT-2507.08385v1,PI,HI_minus_LI,0.15833333333333335
text05-BIO-SHORT-2504.10973v1,PI,HI_minus_LI,0.039999999999999994
text06-BIO-SHORT-2506.14789v1,PI,HI_minus_LI,0.075
text07-BIO-SHORT-2506.13576v3,PI,HI_minus_LI,0.10333333333333335
text08-BIO-SHORT-2503.19923v2,PI,HI_minus_LI,0.00666666666666664
text09-BIO-SHORT-2602.00019v1,PI,HI_minus_LI,0.03166666666666669
text10-BIO-SHORT-2506.13817v1,PI,HI_minus_LI,0.22500000000000003
text11-CS-SHORT-2506.09194v1,PI,HI_minus_LI,-0.045000000000000005
text12-CS-SHORT-2512.19717v1,PI,HI_minus_LI,0.2566666666666667
text13-CS-SHORT-2510.04124v5,PI,HI_minus_LI,0.018333333333333333
text14-CS-SHORT-2509.13349v2,PI,HI_minus_LI,0.12999999999999998
text15-CS-SHORT-2602.03870v1,PI,HI_minus_LI,-0.0016666666666666663
text16-CS-SHORT-2509.06033v1,PI,HI_minus_LI,0.04833333333333331
text17-CS-SHORT-2509.16294v1,PI,HI_minus_LI,-0.0050000000000000044
text18-CS-SHORT-2507.09492v1,PI,HI_minus_LI,0.11833333333333332
text19-CS-SHORT-2509.14600v1,PI,HI_minus_LI,0.12333333333333332
text20-CS-SHORT-2503.14899v1,PI,HI_minus_LI,-0.013333333333333369
text21-PHY-SHORT-2601.23079v1,PI,HI_minus_LI,-0.0316666666666666
text22-PHY-SHORT-2601.23047v1,PI,HI_minus_LI,0.06999999999999999
text23-PHY-SHORT-2601.23057v1,PI,HI_minus_LI,0.06333333333333332
text24-PHY-SHORT-2509.16741v1,PI,HI_minus_LI,0.0016666666666666995
text25-PHY-SHORT-2507.08042v1,PI,HI_minus_LI,0.07499999999999998
text26-PHY-SHORT-2512.23538v1,PI,HI_minus_LI,0.075
text27-PHY-SHORT-2510.18500v1,PI,HI_minus_LI,0.01166666666666658
text28-PHY-SHORT-2508.20431v1,PI,HI_minus_LI,0.05166666666666668
text29-PHY-SHORT-2509.06825v1,PI,HI_minus_LI,-0.041666666666666644
text30-PHY-SHORT-2509.17653v2,PI,HI_minus_LI,0.12833333333333324
text31-MATH-SHORT-2511.03536v1,PI,HI_minus_LI,0.10333333333333335
text32-MATH-SHORT-2603.02088v1,PI,HI_minus_LI,0.039999999999999994
text33-MATH-SHORT-2512.22134v3,PI,HI_minus_LI,0.15666666666666668
text34-MATH-SHORT-2509.00532v1,PI,HI_minus_LI,0.04166666666666667
text35-MATH-SHORT-2512.06844v1,PI,HI_minus_LI,0.05833333333333335
text36-MATH-SHORT-2503.09380v2,PI,HI_minus_LI,0.06333333333333332
text37-MATH-SHORT-2510.26426v1,PI,HI_minus_LI,0.12166666666666666
text38-MATH-SHORT-2512.04101v1,PI,HI_minus_LI,0.05500000000000001
text39-MATH-SHORT-2506.11609v2,PI,HI_minus_LI,0.025000000000000015
text40-MATH-SHORT-2507.15879v2,PI,HI_minus_LI,-0.005000000000000016
text41-BIO-LONG-2512.06709v1,PI,HI_minus_LI,0.016666666666666673
text42-BIO-LONG-2503.07104v1,PI,HI_minus_LI,0.04833333333333332
text43-BIO-LONG-2506.16577v1,PI,HI_minus_LI,0.07333333333333329
text44-BIO-LONG-2505.20052v1,PI,HI_minus_LI,0.08833333333333333
text45-BIO-LONG-2507.17897v4,PI,HI_minus_LI,0.04333333333333333
text46-BIO-LONG-2505.05863v1,PI,HI_minus_LI,-0.06000000000000003
text47-BIO-LONG-2505.21094v1,PI,HI_minus_LI,0.08499999999999999
text48-BIO-LONG-2602.16750v1,PI,HI_minus_LI,0.1616666666666667
text49-BIO-LONG-2511.10014v1,PI,HI_minus_LI,0.05333333333333333
text50-BIO-LONG-2603.01054v1,PI,HI_minus_LI,0.01666666666666667
text51-CS-LONG-2602.11588v1,PI,HI_minus_LI,0.08000000000000003
text52-CS-LONG-2602.15675v1,PI,HI_minus_LI,0.20166666666666666
text53-CS-LONG-2603.02012v1,PI,HI_minus_LI,0.16999999999999998
text54-CS-LONG-2602.23006v1,PI,HI_minus_LI,0.11833333333333337
text55-CS-LONG-2602.21625v1,PI,HI_minus_LI,0.10666666666666676
text56-CS-LONG-2602.13713v1,PI,HI_minus_LI,0.3166666666666667
text57-CS-LONG-2603.00079v1,PI,HI_minus_LI,0.006666666666666665
text58-CS-LONG-2603.01023v1,PI,HI_minus_LI,-0.07333333333333329
text59-CS-LONG-2602.19401v1,PI,HI_minus_LI,-0.005000000000000007
text60-CS-LONG-2602.18518v1,PI,HI_minus_LI,0.08666666666666668
text61-PHY-LONG-2602.03885v1,PI,HI_minus_LI,0.1433333333333333
text62-PHY-LONG-2511.21971v1,PI,HI_minus_LI,0.25166666666666665
text63-PHY-LONG-2512.18015v1,PI,HI_minus_LI,0.04333333333333329
text64-PHY-LONG-2602.23683v1,PI,HI_minus_LI,0.11833333333333333
text65-PHY-LONG-2601.13267v1,PI,HI_minus_LI,0.2416666666666666
text66-PHY-LONG-2512.24566v1,PI,HI_minus_LI,0.07000000000000002
text67-PHY-LONG-2602.07636v2,PI,HI_minus_LI,0.10666666666666665
text68-PHY-LONG-2512.18130v1,PI,HI_minus_LI,0.12833333333333335
text69-PHY-LONG-2602.17389v1,PI,HI_minus_LI,0.009999999999999976
text70-PHY-LONG-2602.08188v1,PI,HI_minus_LI,0.0016666666666666718
text71-MATH-LONG-2511.12781v1,PI,HI_minus_LI,0.10166666666666666
text72-MATH-LONG-2602.06095v1,PI,HI_minus_LI,0.01166666666666662
text73-MATH-LONG-2511.18101v1,PI,HI_minus_LI,-0.013333333333333353
text74-MATH-LONG-2512.15978v1,PI,HI_minus_LI,0.26
text75-MATH-LONG-2511.22140v1,PI,HI_minus_LI,0.13999999999999999
text76-MATH-LONG-2602.20441v1,PI,HI_minus_LI,0.1516666666666667
text77-MATH-LONG-2601.20851v2,PI,HI_minus_LI,0.06999999999999998
text78-MATH-LONG-2512.17595v1,PI,HI_minus_LI,0.03333333333333334
text79-MATH-LONG-2512.10129v1,PI,HI_minus_LI,-0.03833333333333333
text80-MATH-LONG-2512.10507v1,PI,HI_minus_LI,0.13499999999999998
text01-BIO-SHORT-2505.02276v1,PI,HP_minus_LP,0.15333333333333338
text02-BIO-SHORT-2507.04575v1,PI,HP_minus_LP,0.08833333333333332
text03-BIO-SHORT-2505.11568v3,PI,HP_minus_LP,0.23500000000000001
text04-BIO-SHORT-2507.08385v1,PI,HP_minus_LP,0.04499999999999993
text05-BIO-SHORT-2504.10973v1,PI,HP_minus_LP,0.12333333333333334
text06-BIO-SHORT-2506.14789v1,PI,HP_minus_LP,0.14833333333333332
text07-BIO-SHORT-2506.13576v3,PI,HP_minus_LP,0.16666666666666666
text08-BIO-SHORT-2503.19923v2,PI,HP_minus_LP,-0.010000000000000018
text09-BIO-SHORT-2602.00019v1,PI,HP_minus_LP,0.05500000000000005
text10-BIO-SHORT-2506.13817v1,PI,HP_minus_LP,0.22833333333333333
text11-CS-SHORT-2506.09194v1,PI,HP_minus_LP,0.205
text12-CS-SHORT-2512.19717v1,PI,HP_minus_LP,0.31666666666666665
text13-CS-SHORT-2510.04124v5,PI,HP_minus_LP,0.2883333333333334
text14-CS-SHORT-2509.13349v2,PI,HP_minus_LP,0.15666666666666665
text15-CS-SHORT-2602.03870v1,PI,HP_minus_LP,0.025000000000000057
text16-CS-SHORT-2509.06033v1,PI,HP_minus_LP,0.06833333333333333
text17-CS-SHORT-2509.16294v1,PI,HP_minus_LP,0.08833333333333332
text18-CS-SHORT-2507.09492v1,PI,HP_minus_LP,0.11833333333333329
text19-CS-SHORT-2509.14600v1,PI,HP_minus_LP,0.10666666666666669
text20-CS-SHORT-2503.14899v1,PI,HP_minus_LP,0.12000000000000004
text21-PHY-SHORT-2601.23079v1,PI,HP_minus_LP,0.22166666666666673
text22-PHY-SHORT-2601.23047v1,PI,HP_minus_LP,0.14666666666666667
text23-PHY-SHORT-2601.23057v1,PI,HP_minus_LP,0.2000000000000001
text24-PHY-SHORT-2509.16741v1,PI,HP_minus_LP,0.13166666666666674
text25-PHY-SHORT-2507.08042v1,PI,HP_minus_LP,-0.04166666666666668
text26-PHY-SHORT-2512.23538v1,PI,HP_minus_LP,0.075
text27-PHY-SHORT-2510.18500v1,PI,HP_minus_LP,0.13833333333333334
text28-PHY-SHORT-2508.20431v1,PI,HP_minus_LP,0.1716666666666667
text29-PHY-SHORT-2509.06825v1,PI,HP_minus_LP,0.195
text30-PHY-SHORT-2509.17653v2,PI,HP_minus_LP,0.1583333333333333
text31-MATH-SHORT-2511.03536v1,PI,HP_minus_LP,0.18000000000000008
text32-MATH-SHORT-2603.02088v1,PI,HP_minus_LP,0.25999999999999995
text33-MATH-SHORT-2512.22134v3,PI,HP_minus_LP,0.22333333333333324
text34-MATH-SHORT-2509.00532v1,PI,HP_minus_LP,0.14500000000000002
text35-MATH-SHORT-2512.06844v1,PI,HP_minus_LP,0.1716666666666667
text36-MATH-SHORT-2503.09380v2,PI,HP_minus_LP,0.17333333333333334
text37-MATH-SHORT-2510.26426v1,PI,HP_minus_LP,0.24499999999999997
text38-MATH-SHORT-2512.04101v1,PI,HP_minus_LP,0.08499999999999999
text39-MATH-SHORT-2506.11609v2,PI,HP_minus_LP,0.16500000000000004
text40-MATH-SHORT-2507.15879v2,PI,HP_minus_LP,0.1616666666666667
text41-BIO-LONG-2512.06709v1,PI,HP_minus_LP,0.05666666666666663
text42-BIO-LONG-2503.07104v1,PI,HP_minus_LP,0.22166666666666668
text43-BIO-LONG-2506.16577v1,PI,HP_minus_LP,0.16
text44-BIO-LONG-2505.20052v1,PI,HP_minus_LP,0.175
text45-BIO-LONG-2507.17897v4,PI,HP_minus_LP,0.1833333333333333
text46-BIO-LONG-2505.05863v1,PI,HP_minus_LP,0.06000000000000001
text47-BIO-LONG-2505.21094v1,PI,HP_minus_LP,0.08166666666666667
text48-BIO-LONG-2602.16750v1,PI,HP_minus_LP,0.15166666666666667
text49-BIO-LONG-2511.10014v1,PI,HP_minus_LP,0.05666666666666663
text50-BIO-LONG-2603.01054v1,PI,HP_minus_LP,0.17
text51-CS-LONG-2602.11588v1,PI,HP_minus_LP,-0.013333333333333374
text52-CS-LONG-2602.15675v1,PI,HP_minus_LP,0.3083333333333333
text53-CS-LONG-2603.02012v1,PI,HP_minus_LP,0.26333333333333336
text54-CS-LONG-2602.23006v1,PI,HP_minus_LP,0.048333333333333346
text55-CS-LONG-2602.21625v1,PI,HP_minus_LP,0.11333333333333337
text56-CS-LONG-2602.13713v1,PI,HP_minus_LP,0.15000000000000005
text57-CS-LONG-2603.00079v1,PI,HP_minus_LP,0.13666666666666663
text58-CS-LONG-2603.01023v1,PI,HP_minus_LP,0.22666666666666666
text59-CS-LONG-2602.19401v1,PI,HP_minus_LP,0.1483333333333333
text60-CS-LONG-2602.18518v1,PI,HP_minus_LP,0.0866666666666667
text61-PHY-LONG-2602.03885v1,PI,HP_minus_LP,0.23666666666666672
text62-PHY-LONG-2511.21971v1,PI,HP_minus_LP,0.2816666666666667
text63-PHY-LONG-2512.18015v1,PI,HP_minus_LP,0.2466666666666666
text64-PHY-LONG-2602.23683v1,PI,HP_minus_LP,0.17833333333333334
text65-PHY-LONG-2601.13267v1,PI,HP_minus_LP,0.16166666666666668
text66-PHY-LONG-2512.24566v1,PI,HP_minus_LP,0.1433333333333333
text67-PHY-LONG-2602.07636v2,PI,HP_minus_LP,0.016666666666666698
text68-PHY-LONG-2512.18130v1,PI,HP_minus_LP,0.4083333333333334
text69-PHY-LONG-2602.17389v1,PI,HP_minus_LP,0.16666666666666669
text70-PHY-LONG-2602.08188v1,PI,HP_minus_LP,0.14499999999999996
text71-MATH-LONG-2511.12781v1,PI,HP_minus_LP,0.10499999999999995
text72-MATH-LONG-2602.06095v1,PI,HP_minus_LP,0.11833333333333326
text73-MATH-LONG-2511.18101v1,PI,HP_minus_LP,0.10000000000000002
text74-MATH-LONG-2512.15978v1,PI,HP_minus_LP,0.14000000000000004
text75-MATH-LONG-2511.22140v1,PI,HP_minus_LP,0.07000000000000003
text76-MATH-LONG-2602.20441v1,PI,HP_minus_LP,0.16166666666666663
text77-MATH-LONG-2601.20851v2,PI,HP_minus_LP,0.14999999999999997
text78-MATH-LONG-2512.17595v1,PI,HP_minus_LP,0.1766666666666666
text79-MATH-LONG-2512.10129v1,PI,HP_minus_LP,0.12500000000000006
text80-MATH-LONG-2512.10507v1,PI,HP_minus_LP,0.22500000000000003
text01-BIO-SHORT-2505.02276v1,PI,Name_x_Inst,-0.026666666666666693
text02-BIO-SHORT-2507.04575v1,PI,Name_x_Inst,-0.043333333333333314
text03-BIO-SHORT-2505.11568v3,PI,Name_x_Inst,-0.13
text04-BIO-SHORT-2507.08385v1,PI,Name_x_Inst,-0.1833333333333333
text05-BIO-SHORT-2504.10973v1,PI,Name_x_Inst,0.03999999999999998
text06-BIO-SHORT-2506.14789v1,PI,Name_x_Inst,0.009999999999999992
text07-BIO-SHORT-2506.13576v3,PI,Name_x_Inst,0.04000000000000016
text08-BIO-SHORT-2503.19923v2,PI,Name_x_Inst,-0.09333333333333334
text09-BIO-SHORT-2602.00019v1,PI,Name_x_Inst,-0.003333333333333277
text10-BIO-SHORT-2506.13817v1,PI,Name_x_Inst,0.0433333333333333
text11-CS-SHORT-2506.09194v1,PI,Name_x_Inst,-0.0033333333333333604
text12-CS-SHORT-2512.19717v1,PI,Name_x_Inst,-0.13333333333333328
text13-CS-SHORT-2510.04124v5,PI,Name_x_Inst,-0.11000000000000001
text14-CS-SHORT-2509.13349v2,PI,Name_x_Inst,-0.15999999999999992
text15-CS-SHORT-2602.03870v1,PI,Name_x_Inst,0.2566666666666667
text16-CS-SHORT-2509.06033v1,PI,Name_x_Inst,-0.04333333333333333
text17-CS-SHORT-2509.16294v1,PI,Name_x_Inst,0.06333333333333338
text18-CS-SHORT-2507.09492v1,PI,Name_x_Inst,-0.009999999999999998
text19-CS-SHORT-2509.14600v1,PI,Name_x_Inst,3.8857805861880476e-17
text20-CS-SHORT-2503.14899v1,PI,Name_x_Inst,-0.05333333333333333
text21-PHY-SHORT-2601.23079v1,PI,Name_x_Inst,0.06333333333333331
text22-PHY-SHORT-2601.23047v1,PI,Name_x_Inst,-0.03999999999999998
text23-PHY-SHORT-2601.23057v1,PI,Name_x_Inst,0.22000000000000003
text24-PHY-SHORT-2509.16741v1,PI,Name_x_Inst,-0.043333333333333404
text25-PHY-SHORT-2507.08042v1,PI,Name_x_Inst,0.13666666666666663
text26-PHY-SHORT-2512.23538v1,PI,Name_x_Inst,0.05666666666666668
text27-PHY-SHORT-2510.18500v1,PI,Name_x_Inst,-0.07666666666666662
text28-PHY-SHORT-2508.20431v1,PI,Name_x_Inst,0.10999999999999996
text29-PHY-SHORT-2509.06825v1,PI,Name_x_Inst,-0.08333333333333334
text30-PHY-SHORT-2509.17653v2,PI,Name_x_Inst,-0.050000000000000024
text31-MATH-SHORT-2511.03536v1,PI,Name_x_Inst,-0.17333333333333328
text32-MATH-SHORT-2603.02088v1,PI,Name_x_Inst,0.013333333333333386
text33-MATH-SHORT-2512.22134v3,PI,Name_x_Inst,-0.04000000000000001
text34-MATH-SHORT-2509.00532v1,PI,Name_x_Inst,-0.04333333333333332
text35-MATH-SHORT-2512.06844v1,PI,Name_x_Inst,0.09000000000000004
text36-MATH-SHORT-2503.09380v2,PI,Name_x_Inst,0.11333333333333329
text37-MATH-SHORT-2510.26426v1,PI,Name_x_Inst,0.030000000000000016
text38-MATH-SHORT-2512.04101v1,PI,Name_x_Inst,-0.06333333333333328
text39-MATH-SHORT-2506.11609v2,PI,Name_x_Inst,-0.1766666666666667
text40-MATH-SHORT-2507.15879v2,PI,Name_x_Inst,-0.03666666666666676
text41-BIO-LONG-2512.06709v1,PI,Name_x_Inst,0.18666666666666665
text42-BIO-LONG-2503.07104v1,PI,Name_x_Inst,-0.09000000000000008
text43-BIO-LONG-2506.16577v1,PI,Name_x_Inst,-0.006666666666666715
text44-BIO-LONG-2505.20052v1,PI,Name_x_Inst,0.10999999999999996
text45-BIO-LONG-2507.17897v4,PI,Name_x_Inst,0.06000000000000002
text46-BIO-LONG-2505.05863v1,PI,Name_x_Inst,-0.013333333333333364
text47-BIO-LONG-2505.21094v1,PI,Name_x_Inst,0.05666666666666663
text48-BIO-LONG-2602.16750v1,PI,Name_x_Inst,0.050000000000000086
text49-BIO-LONG-2511.10014v1,PI,Name_x_Inst,-0.07333333333333329
text50-BIO-LONG-2603.01054v1,PI,Name_x_Inst,-0.03999999999999991
text51-CS-LONG-2602.11588v1,PI,Name_x_Inst,0.16666666666666669
text52-CS-LONG-2602.15675v1,PI,Name_x_Inst,-0.06999999999999995
text53-CS-LONG-2603.02012v1,PI,Name_x_Inst,0.08666666666666666
text54-CS-LONG-2602.23006v1,PI,Name_x_Inst,0.04333333333333348
text55-CS-LONG-2602.21625v1,PI,Name_x_Inst,-0.13333333333333333
text56-CS-LONG-2602.13713v1,PI,Name_x_Inst,0.02666666666666668
text57-CS-LONG-2603.00079v1,PI,Name_x_Inst,-0.09333333333333328
text58-CS-LONG-2603.01023v1,PI,Name_x_Inst,-0.1666666666666666
text59-CS-LONG-2602.19401v1,PI,Name_x_Inst,-0.03000000000000009
text60-CS-LONG-2602.18518v1,PI,Name_x_Inst,0.01333333333333342
text61-PHY-LONG-2602.03885v1,PI,Name_x_Inst,0.006666666666666665
text62-PHY-LONG-2511.21971v1,PI,Name_x_Inst,0.06333333333333338
text63-PHY-LONG-2512.18015v1,PI,Name_x_Inst,-0.006666666666666718
text64-PHY-LONG-2602.23683v1,PI,Name_x_Inst,-0.030000000000000037
text65-PHY-LONG-2601.13267v1,PI,Name_x_Inst,-0.2966666666666667
text66-PHY-LONG-2512.24566v1,PI,Name_x_Inst,0.006666666666666654
text67-PHY-LONG-2602.07636v2,PI,Name_x_Inst,-0.0733333333333333
text68-PHY-LONG-2512.18130v1,PI,Name_x_Inst,-0.10333333333333332
text69-PHY-LONG-2602.17389v1,PI,Name_x_Inst,-0.03333333333333348
text70-PHY-LONG-2602.08188v1,PI,Name_x_Inst,-0.11666666666666661
text71-MATH-LONG-2511.12781v1,PI,Name_x_Inst,-0.1433333333333333
text72-MATH-LONG-2602.06095v1,PI,Name_x_Inst,-0.09666666666666661
text73-MATH-LONG-2511.18101v1,PI,Name_x_Inst,0.053333333333333365
text74-MATH-LONG-2512.15978v1,PI,Name_x_Inst,-0.09999999999999995
text75-MATH-LONG-2511.22140v1,PI,Name_x_Inst,0.05333333333333331
text76-MATH-LONG-2602.20441v1,PI,Name_x_Inst,0.016666666666666725
text77-MATH-LONG-2601.20851v2,PI,Name_x_Inst,0.14000000000000004
text78-MATH-LONG-2512.17595v1,PI,Name_x_Inst,0.1466666666666667
text79-MATH-LONG-2512.10129v1,PI,Name_x_Inst,-0.06333333333333324
text80-MATH-LONG-2512.10507v1,PI,Name_x_Inst,0.19
text01-BIO-SHORT-2505.02276v1,PI,Name_x_Bibliometrics,-0.03333333333333335
text02-BIO-SHORT-2507.04575v1,PI,Name_x_Bibliometrics,-0.0033333333333333006
text03-BIO-SHORT-2505.11568v3,PI,Name_x_Bibliometrics,0.023333333333333282
text04-BIO-SHORT-2507.08385v1,PI,Name_x_Bibliometrics,0.09666666666666662
text05-BIO-SHORT-2504.10973v1,PI,Name_x_Bibliometrics,0.03333333333333336
text06-BIO-SHORT-2506.14789v1,PI,Name_x_Bibliometrics,0.07666666666666673
text07-BIO-SHORT-2506.13576v3,PI,Name_x_Bibliometrics,0.04666666666666673
text08-BIO-SHORT-2503.19923v2,PI,Name_x_Bibliometrics,0.08666666666666667
text09-BIO-SHORT-2602.00019v1,PI,Name_x_Bibliometrics,0.2699999999999999
text10-BIO-SHORT-2506.13817v1,PI,Name_x_Bibliometrics,-0.016666666666666597
text11-CS-SHORT-2506.09194v1,PI,Name_x_Bibliometrics,0.043333333333333286
text12-CS-SHORT-2512.19717v1,PI,Name_x_Bibliometrics,0.1333333333333333
text13-CS-SHORT-2510.04124v5,PI,Name_x_Bibliometrics,-0.06333333333333327
text14-CS-SHORT-2509.13349v2,PI,Name_x_Bibliometrics,-0.0533333333333334
text15-CS-SHORT-2602.03870v1,PI,Name_x_Bibliometrics,-0.07666666666666666
text16-CS-SHORT-2509.06033v1,PI,Name_x_Bibliometrics,0.02333333333333327
text17-CS-SHORT-2509.16294v1,PI,Name_x_Bibliometrics,0.07666666666666666
text18-CS-SHORT-2507.09492v1,PI,Name_x_Bibliometrics,-0.2233333333333333
text19-CS-SHORT-2509.14600v1,PI,Name_x_Bibliometrics,-0.0733333333333333
text20-CS-SHORT-2503.14899v1,PI,Name_x_Bibliometrics,-0.013333333333333346
text21-PHY-SHORT-2601.23079v1,PI,Name_x_Bibliometrics,0.09000000000000001
text22-PHY-SHORT-2601.23047v1,PI,Name_x_Bibliometrics,-0.07333333333333326
text23-PHY-SHORT-2601.23057v1,PI,Name_x_Bibliometrics,0.03999999999999994
text24-PHY-SHORT-2509.16741v1,PI,Name_x_Bibliometrics,0.056666666666666685
text25-PHY-SHORT-2507.08042v1,PI,Name_x_Bibliometrics,0.15666666666666665
text26-PHY-SHORT-2512.23538v1,PI,Name_x_Bibliometrics,0.0966666666666666
text27-PHY-SHORT-2510.18500v1,PI,Name_x_Bibliometrics,-0.11666666666666659
text28-PHY-SHORT-2508.20431v1,PI,Name_x_Bibliometrics,-0.05
text29-PHY-SHORT-2509.06825v1,PI,Name_x_Bibliometrics,0.10999999999999999
text30-PHY-SHORT-2509.17653v2,PI,Name_x_Bibliometrics,-0.22999999999999998
text31-MATH-SHORT-2511.03536v1,PI,Name_x_Bibliometrics,0.06000000000000003
text32-MATH-SHORT-2603.02088v1,PI,Name_x_Bibliometrics,-0.013333333333333391
text33-MATH-SHORT-2512.22134v3,PI,Name_x_Bibliometrics,-0.12000000000000004
text34-MATH-SHORT-2509.00532v1,PI,Name_x_Bibliometrics,-0.10333333333333332
text35-MATH-SHORT-2512.06844v1,PI,Name_x_Bibliometrics,0.023333333333333407
text36-MATH-SHORT-2503.09380v2,PI,Name_x_Bibliometrics,0.05333333333333333
text37-MATH-SHORT-2510.26426v1,PI,Name_x_Bibliometrics,-0.0966666666666667
text38-MATH-SHORT-2512.04101v1,PI,Name_x_Bibliometrics,0.18333333333333335
text39-MATH-SHORT-2506.11609v2,PI,Name_x_Bibliometrics,-0.043333333333333314
text40-MATH-SHORT-2507.15879v2,PI,Name_x_Bibliometrics,-0.07666666666666666
text41-BIO-LONG-2512.06709v1,PI,Name_x_Bibliometrics,0.08
text42-BIO-LONG-2503.07104v1,PI,Name_x_Bibliometrics,0.10999999999999996
text43-BIO-LONG-2506.16577v1,PI,Name_x_Bibliometrics,-0.01999999999999988
text44-BIO-LONG-2505.20052v1,PI,Name_x_Bibliometrics,0.1366666666666667
text45-BIO-LONG-2507.17897v4,PI,Name_x_Bibliometrics,0.13999999999999993
text46-BIO-LONG-2505.05863v1,PI,Name_x_Bibliometrics,-0.25333333333333335
text47-BIO-LONG-2505.21094v1,PI,Name_x_Bibliometrics,0.02333333333333335
text48-BIO-LONG-2602.16750v1,PI,Name_x_Bibliometrics,-0.010000000000000031
text49-BIO-LONG-2511.10014v1,PI,Name_x_Bibliometrics,-0.026666666666666748
text50-BIO-LONG-2603.01054v1,PI,Name_x_Bibliometrics,-0.21333333333333337
text51-CS-LONG-2602.11588v1,PI,Name_x_Bibliometrics,0.006666666666666732
text52-CS-LONG-2602.15675v1,PI,Name_x_Bibliometrics,-0.043333333333333335
text53-CS-LONG-2603.02012v1,PI,Name_x_Bibliometrics,-0.1
text54-CS-LONG-2602.23006v1,PI,Name_x_Bibliometrics,-0.08333333333333331
text55-CS-LONG-2602.21625v1,PI,Name_x_Bibliometrics,-0.053333333333333344
text56-CS-LONG-2602.13713v1,PI,Name_x_Bibliometrics,-0.06666666666666676
text57-CS-LONG-2603.00079v1,PI,Name_x_Bibliometrics,-0.07333333333333325
text58-CS-LONG-2603.01023v1,PI,Name_x_Bibliometrics,0.07333333333333324
text59-CS-LONG-2602.19401v1,PI,Name_x_Bibliometrics,0.023333333333333383
text60-CS-LONG-2602.18518v1,PI,Name_x_Bibliometrics,-0.026666666666666505
text61-PHY-LONG-2602.03885v1,PI,Name_x_Bibliometrics,0.046666666666666703
text62-PHY-LONG-2511.21971v1,PI,Name_x_Bibliometrics,-0.07666666666666674
text63-PHY-LONG-2512.18015v1,PI,Name_x_Bibliometrics,0.026666666666666717
text64-PHY-LONG-2602.23683v1,PI,Name_x_Bibliometrics,0.08999999999999998
text65-PHY-LONG-2601.13267v1,PI,Name_x_Bibliometrics,0.07666666666666654
text66-PHY-LONG-2512.24566v1,PI,Name_x_Bibliometrics,0.019999999999999962
text67-PHY-LONG-2602.07636v2,PI,Name_x_Bibliometrics,0.09333333333333331
text68-PHY-LONG-2512.18130v1,PI,Name_x_Bibliometrics,-0.09000000000000001
text69-PHY-LONG-2602.17389v1,PI,Name_x_Bibliometrics,4.5796699765787705e-17
text70-PHY-LONG-2602.08188v1,PI,Name_x_Bibliometrics,0.01000000000000002
text71-MATH-LONG-2511.12781v1,PI,Name_x_Bibliometrics,0.06333333333333327
text72-MATH-LONG-2602.06095v1,PI,Name_x_Bibliometrics,0.05000000000000001
text73-MATH-LONG-2511.18101v1,PI,Name_x_Bibliometrics,0.13333333333333325
text74-MATH-LONG-2512.15978v1,PI,Name_x_Bibliometrics,-0.19333333333333333
text75-MATH-LONG-2511.22140v1,PI,Name_x_Bibliometrics,-0.059999999999999956
text76-MATH-LONG-2602.20441v1,PI,Name_x_Bibliometrics,0.08999999999999994
text77-MATH-LONG-2601.20851v2,PI,Name_x_Bibliometrics,0.1266666666666667
text78-MATH-LONG-2512.17595v1,PI,Name_x_Bibliometrics,-0.00666666666666671
text79-MATH-LONG-2512.10129v1,PI,Name_x_Bibliometrics,-0.003333333333333366
text80-MATH-LONG-2512.10507v1,PI,Name_x_Bibliometrics,0.19666666666666663
text01-BIO-SHORT-2505.02276v1,PI,Inst_x_Bibliometrics,0.13333333333333336
text02-BIO-SHORT-2507.04575v1,PI,Inst_x_Bibliometrics,-0.003333333333333349
text03-BIO-SHORT-2505.11568v3,PI,Inst_x_Bibliometrics,-0.036666666666666646
text04-BIO-SHORT-2507.08385v1,PI,Inst_x_Bibliometrics,-0.08999999999999998
text05-BIO-SHORT-2504.10973v1,PI,Inst_x_Bibliometrics,0.059999999999999984
text06-BIO-SHORT-2506.14789v1,PI,Inst_x_Bibliometrics,0.0833333333333334
text07-BIO-SHORT-2506.13576v3,PI,Inst_x_Bibliometrics,-0.12000000000000006
text08-BIO-SHORT-2503.19923v2,PI,Inst_x_Bibliometrics,-0.053333333333333365
text09-BIO-SHORT-2602.00019v1,PI,Inst_x_Bibliometrics,0.030000000000000027
text10-BIO-SHORT-2506.13817v1,PI,Inst_x_Bibliometrics,-0.18999999999999995
text11-CS-SHORT-2506.09194v1,PI,Inst_x_Bibliometrics,-0.10333333333333332
text12-CS-SHORT-2512.19717v1,PI,Inst_x_Bibliometrics,-0.20666666666666664
text13-CS-SHORT-2510.04124v5,PI,Inst_x_Bibliometrics,-0.043333333333333335
text14-CS-SHORT-2509.13349v2,PI,Inst_x_Bibliometrics,-0.24000000000000005
text15-CS-SHORT-2602.03870v1,PI,Inst_x_Bibliometrics,-0.1233333333333333
text16-CS-SHORT-2509.06033v1,PI,Inst_x_Bibliometrics,-0.08333333333333329
text17-CS-SHORT-2509.16294v1,PI,Inst_x_Bibliometrics,-0.05666666666666664
text18-CS-SHORT-2507.09492v1,PI,Inst_x_Bibliometrics,0.0833333333333334
text19-CS-SHORT-2509.14600v1,PI,Inst_x_Bibliometrics,0.04666666666666662
text20-CS-SHORT-2503.14899v1,PI,Inst_x_Bibliometrics,-0.07333333333333328
text21-PHY-SHORT-2601.23079v1,PI,Inst_x_Bibliometrics,0.06333333333333332
text22-PHY-SHORT-2601.23047v1,PI,Inst_x_Bibliometrics,0.07333333333333333
text23-PHY-SHORT-2601.23057v1,PI,Inst_x_Bibliometrics,-0.013333333333333374
text24-PHY-SHORT-2509.16741v1,PI,Inst_x_Bibliometrics,0.023333333333333352
text25-PHY-SHORT-2507.08042v1,PI,Inst_x_Bibliometrics,-0.010000000000000004
text26-PHY-SHORT-2512.23538v1,PI,Inst_x_Bibliometrics,0.10333333333333336
text27-PHY-SHORT-2510.18500v1,PI,Inst_x_Bibliometrics,0.15666666666666657
text28-PHY-SHORT-2508.20431v1,PI,Inst_x_Bibliometrics,-0.23666666666666664
text29-PHY-SHORT-2509.06825v1,PI,Inst_x_Bibliometrics,0.1366666666666667
text30-PHY-SHORT-2509.17653v2,PI,Inst_x_Bibliometrics,0.24333333333333326
text31-MATH-SHORT-2511.03536v1,PI,Inst_x_Bibliometrics,0.10000000000000005
text32-MATH-SHORT-2603.02088v1,PI,Inst_x_Bibliometrics,0.1733333333333334
text33-MATH-SHORT-2512.22134v3,PI,Inst_x_Bibliometrics,0.013333333333333242
text34-MATH-SHORT-2509.00532v1,PI,Inst_x_Bibliometrics,-0.14333333333333337
text35-MATH-SHORT-2512.06844v1,PI,Inst_x_Bibliometrics,-0.35666666666666674
text36-MATH-SHORT-2503.09380v2,PI,Inst_x_Bibliometrics,-0.28
text37-MATH-SHORT-2510.26426v1,PI,Inst_x_Bibliometrics,-0.056666666666666664
text38-MATH-SHORT-2512.04101v1,PI,Inst_x_Bibliometrics,0.056666666666666685
text39-MATH-SHORT-2506.11609v2,PI,Inst_x_Bibliometrics,-0.10333333333333332
text40-MATH-SHORT-2507.15879v2,PI,Inst_x_Bibliometrics,-0.15000000000000008
text41-BIO-LONG-2512.06709v1,PI,Inst_x_Bibliometrics,0.11999999999999995
text42-BIO-LONG-2503.07104v1,PI,Inst_x_Bibliometrics,0.04999999999999991
text43-BIO-LONG-2506.16577v1,PI,Inst_x_Bibliometrics,-0.04666666666666668
text44-BIO-LONG-2505.20052v1,PI,Inst_x_Bibliometrics,-0.01666666666666674
text45-BIO-LONG-2507.17897v4,PI,Inst_x_Bibliometrics,0.006666666666666721
text46-BIO-LONG-2505.05863v1,PI,Inst_x_Bibliometrics,-0.05999999999999998
text47-BIO-LONG-2505.21094v1,PI,Inst_x_Bibliometrics,-0.056666666666666685
text48-BIO-LONG-2602.16750v1,PI,Inst_x_Bibliometrics,-0.13000000000000006
text49-BIO-LONG-2511.10014v1,PI,Inst_x_Bibliometrics,-0.17333333333333337
text50-BIO-LONG-2603.01054v1,PI,Inst_x_Bibliometrics,-0.03333333333333334
text51-CS-LONG-2602.11588v1,PI,Inst_x_Bibliometrics,-0.05333333333333332
text52-CS-LONG-2602.15675v1,PI,Inst_x_Bibliometrics,0.06333333333333335
text53-CS-LONG-2603.02012v1,PI,Inst_x_Bibliometrics,-0.1933333333333333
text54-CS-LONG-2602.23006v1,PI,Inst_x_Bibliometrics,0.04333333333333337
text55-CS-LONG-2602.21625v1,PI,Inst_x_Bibliometrics,-0.19999999999999998
text56-CS-LONG-2602.13713v1,PI,Inst_x_Bibliometrics,0.07333333333333332
text57-CS-LONG-2603.00079v1,PI,Inst_x_Bibliometrics,0.08666666666666659
text58-CS-LONG-2603.01023v1,PI,Inst_x_Bibliometrics,-0.4266666666666666
text59-CS-LONG-2602.19401v1,PI,Inst_x_Bibliometrics,-0.06999999999999995
text60-CS-LONG-2602.18518v1,PI,Inst_x_Bibliometrics,-0.013333333333333374
text61-PHY-LONG-2602.03885v1,PI,Inst_x_Bibliometrics,0.04666666666666661
text62-PHY-LONG-2511.21971v1,PI,Inst_x_Bibliometrics,0.3433333333333334
text63-PHY-LONG-2512.18015v1,PI,Inst_x_Bibliometrics,0.06000000000000007
text64-PHY-LONG-2602.23683v1,PI,Inst_x_Bibliometrics,-0.28333333333333327
text65-PHY-LONG-2601.13267v1,PI,Inst_x_Bibliometrics,0.08999999999999994
text66-PHY-LONG-2512.24566v1,PI,Inst_x_Bibliometrics,-0.11333333333333329
text67-PHY-LONG-2602.07636v2,PI,Inst_x_Bibliometrics,0.10666666666666669
text68-PHY-LONG-2512.18130v1,PI,Inst_x_Bibliometrics,-0.0566666666666667
text69-PHY-LONG-2602.17389v1,PI,Inst_x_Bibliometrics,-6.661338147750939e-17
text70-PHY-LONG-2602.08188v1,PI,Inst_x_Bibliometrics,-0.2166666666666667
text71-MATH-LONG-2511.12781v1,PI,Inst_x_Bibliometrics,-0.023333333333333327
text72-MATH-LONG-2602.06095v1,PI,Inst_x_Bibliometrics,-0.18333333333333332
text73-MATH-LONG-2511.18101v1,PI,Inst_x_Bibliometrics,0.2266666666666667
text74-MATH-LONG-2512.15978v1,PI,Inst_x_Bibliometrics,0.046666666666666655
text75-MATH-LONG-2511.22140v1,PI,Inst_x_Bibliometrics,-0.12000000000000006
text76-MATH-LONG-2602.20441v1,PI,Inst_x_Bibliometrics,-0.13666666666666671
text77-MATH-LONG-2601.20851v2,PI,Inst_x_Bibliometrics,-0.11333333333333337
text78-MATH-LONG-2512.17595v1,PI,Inst_x_Bibliometrics,-0.026666666666666734
text79-MATH-LONG-2512.10129v1,PI,Inst_x_Bibliometrics,0.23666666666666672
text80-MATH-LONG-2512.10507v1,PI,Inst_x_Bibliometrics,-0.003333333333333399
text01-BIO-SHORT-2505.02276v1,AR,BF_minus_WM,0.13999999999999999
text02-BIO-SHORT-2507.04575v1,AR,BF_minus_WM,0.019999999999999997
text03-BIO-SHORT-2505.11568v3,AR,BF_minus_WM,-0.010000000000000009
text04-BIO-SHORT-2507.08385v1,AR,BF_minus_WM,-0.05999999999999998
text05-BIO-SHORT-2504.10973v1,AR,BF_minus_WM,0.019999999999999973
text06-BIO-SHORT-2506.14789v1,AR,BF_minus_WM,-0.019999999999999997
text07-BIO-SHORT-2506.13576v3,AR,BF_minus_WM,0.010000000000000009
text08-BIO-SHORT-2503.19923v2,AR,BF_minus_WM,-0.009999999999999998
text09-BIO-SHORT-2602.00019v1,AR,BF_minus_WM,0.010000000000000009
text10-BIO-SHORT-2506.13817v1,AR,BF_minus_WM,0.030000000000000006
text11-CS-SHORT-2506.09194v1,AR,BF_minus_WM,0.02999999999999998
text12-CS-SHORT-2512.19717v1,AR,BF_minus_WM,-0.06999999999999999
text13-CS-SHORT-2510.04124v5,AR,BF_minus_WM,0.030000000000000027
text14-CS-SHORT-2509.13349v2,AR,BF_minus_WM,0.02999999999999998
text15-CS-SHORT-2602.03870v1,AR,BF_minus_WM,-0.009999999999999986
text16-CS-SHORT-2509.06033v1,AR,BF_minus_WM,0.09
text17-CS-SHORT-2509.16294v1,AR,BF_minus_WM,-0.07999999999999999
text18-CS-SHORT-2507.09492v1,AR,BF_minus_WM,-0.030000000000000006
text19-CS-SHORT-2509.14600v1,AR,BF_minus_WM,0.009999999999999986
text20-CS-SHORT-2503.14899v1,AR,BF_minus_WM,-0.039999999999999994
text21-PHY-SHORT-2601.23079v1,AR,BF_minus_WM,-0.040000000000000015
text22-PHY-SHORT-2601.23047v1,AR,BF_minus_WM,0.040000000000000015
text23-PHY-SHORT-2601.23057v1,AR,BF_minus_WM,0.040000000000000015
text24-PHY-SHORT-2509.16741v1,AR,BF_minus_WM,-0.030000000000000006
text25-PHY-SHORT-2507.08042v1,AR,BF_minus_WM,0.2
text26-PHY-SHORT-2512.23538v1,AR,BF_minus_WM,0.0
text27-PHY-SHORT-2510.18500v1,AR,BF_minus_WM,0.1
text28-PHY-SHORT-2508.20431v1,AR,BF_minus_WM,0.040000000000000015
text29-PHY-SHORT-2509.06825v1,AR,BF_minus_WM,0.06
text30-PHY-SHORT-2509.17653v2,AR,BF_minus_WM,0.09
text31-MATH-SHORT-2511.03536v1,AR,BF_minus_WM,-0.05
text32-MATH-SHORT-2603.02088v1,AR,BF_minus_WM,0.009999999999999964
text33-MATH-SHORT-2512.22134v3,AR,BF_minus_WM,-0.07999999999999999
text34-MATH-SHORT-2509.00532v1,AR,BF_minus_WM,-0.12999999999999995
text35-MATH-SHORT-2512.06844v1,AR,BF_minus_WM,0.040000000000000015
text36-MATH-SHORT-2503.09380v2,AR,BF_minus_WM,-0.03999999999999998
text37-MATH-SHORT-2510.26426v1,AR,BF_minus_WM,-0.010000000000000009
text38-MATH-SHORT-2512.04101v1,AR,BF_minus_WM,-0.039999999999999994
text39-MATH-SHORT-2506.11609v2,AR,BF_minus_WM,0.02999999999999998
text40-MATH-SHORT-2507.15879v2,AR,BF_minus_WM,0.010000000000000031
text41-BIO-LONG-2512.06709v1,AR,BF_minus_WM,0.05
text42-BIO-LONG-2503.07104v1,AR,BF_minus_WM,0.0
text43-BIO-LONG-2506.16577v1,AR,BF_minus_WM,0.08
text44-BIO-LONG-2505.20052v1,AR,BF_minus_WM,0.13
text45-BIO-LONG-2507.17897v4,AR,BF_minus_WM,0.05
text46-BIO-LONG-2505.05863v1,AR,BF_minus_WM,0.029999999999999992
text47-BIO-LONG-2505.21094v1,AR,BF_minus_WM,-0.08
text48-BIO-LONG-2602.16750v1,AR,BF_minus_WM,0.0
text49-BIO-LONG-2511.10014v1,AR,BF_minus_WM,-0.039999999999999994
text50-BIO-LONG-2603.01054v1,AR,BF_minus_WM,0.029999999999999992
text51-CS-LONG-2602.11588v1,AR,BF_minus_WM,-0.04999999999999999
text52-CS-LONG-2602.15675v1,AR,BF_minus_WM,-0.039999999999999994
text53-CS-LONG-2603.02012v1,AR,BF_minus_WM,-0.02999999999999998
text54-CS-LONG-2602.23006v1,AR,BF_minus_WM,0.019999999999999997
text55-CS-LONG-2602.21625v1,AR,BF_minus_WM,0.09
text56-CS-LONG-2602.13713v1,AR,BF_minus_WM,0.0
text57-CS-LONG-2603.00079v1,AR,BF_minus_WM,0.09000000000000001
text58-CS-LONG-2603.01023v1,AR,BF_minus_WM,0.0
text59-CS-LONG-2602.19401v1,AR,BF_minus_WM,-0.039999999999999994
text60-CS-LONG-2602.18518v1,AR,BF_minus_WM,0.0
text61-PHY-LONG-2602.03885v1,AR,BF_minus_WM,0.0
text62-PHY-LONG-2511.21971v1,AR,BF_minus_WM,-0.039999999999999994
text63-PHY-LONG-2512.18015v1,AR,BF_minus_WM,0.10999999999999996
text64-PHY-LONG-2602.23683v1,AR,BF_minus_WM,0.0
text65-PHY-LONG-2601.13267v1,AR,BF_minus_WM,-0.009999999999999986
text66-PHY-LONG-2512.24566v1,AR,BF_minus_WM,0.0
text67-PHY-LONG-2602.07636v2,AR,BF_minus_WM,0.010000000000000009
text68-PHY-LONG-2512.18130v1,AR,BF_minus_WM,-0.010000000000000009
text69-PHY-LONG-2602.17389v1,AR,BF_minus_WM,0.030000000000000006
text70-PHY-LONG-2602.08188v1,AR,BF_minus_WM,-0.18
text71-MATH-LONG-2511.12781v1,AR,BF_minus_WM,0.0
text72-MATH-LONG-2602.06095v1,AR,BF_minus_WM,0.11000000000000001
text73-MATH-LONG-2511.18101v1,AR,BF_minus_WM,0.059999999999999984
text74-MATH-LONG-2512.15978v1,AR,BF_minus_WM,0.039999999999999994
text75-MATH-LONG-2511.22140v1,AR,BF_minus_WM,0.030000000000000006
text76-MATH-LONG-2602.20441v1,AR,BF_minus_WM,-0.010000000000000009
text77-MATH-LONG-2601.20851v2,AR,BF_minus_WM,-0.1
text78-MATH-LONG-2512.17595v1,AR,BF_minus_WM,0.030000000000000006
text79-MATH-LONG-2512.10129v1,AR,BF_minus_WM,0.09000000000000001
text80-MATH-LONG-2512.10507v1,AR,BF_minus_WM,-0.010000000000000009
text01-BIO-SHORT-2505.02276v1,AR,HI_minus_LI,-0.04
text02-BIO-SHORT-2507.04575v1,AR,HI_minus_LI,0.08
text03-BIO-SHORT-2505.11568v3,AR,HI_minus_LI,0.010000000000000009
text04-BIO-SHORT-2507.08385v1,AR,HI_minus_LI,-0.07999999999999999
text05-BIO-SHORT-2504.10973v1,AR,HI_minus_LI,0.039999999999999994
text06-BIO-SHORT-2506.14789v1,AR,HI_minus_LI,-0.019999999999999997
text07-BIO-SHORT-2506.13576v3,AR,HI_minus_LI,0.06999999999999998
text08-BIO-SHORT-2503.19923v2,AR,HI_minus_LI,-0.07
text09-BIO-SHORT-2602.00019v1,AR,HI_minus_LI,0.010000000000000009
text10-BIO-SHORT-2506.13817v1,AR,HI_minus_LI,-0.009999999999999986
text11-CS-SHORT-2506.09194v1,AR,HI_minus_LI,-0.02999999999999998
text12-CS-SHORT-2512.19717v1,AR,HI_minus_LI,0.10999999999999999
text13-CS-SHORT-2510.04124v5,AR,HI_minus_LI,-0.010000000000000009
text14-CS-SHORT-2509.13349v2,AR,HI_minus_LI,0.05
text15-CS-SHORT-2602.03870v1,AR,HI_minus_LI,-0.049999999999999975
text16-CS-SHORT-2509.06033v1,AR,HI_minus_LI,0.009999999999999964
text17-CS-SHORT-2509.16294v1,AR,HI_minus_LI,-0.08000000000000003
text18-CS-SHORT-2507.09492v1,AR,HI_minus_LI,0.16999999999999998
text19-CS-SHORT-2509.14600v1,AR,HI_minus_LI,0.05
text20-CS-SHORT-2503.14899v1,AR,HI_minus_LI,-0.039999999999999994
text21-PHY-SHORT-2601.23079v1,AR,HI_minus_LI,0.08
text22-PHY-SHORT-2601.23047v1,AR,HI_minus_LI,-0.059999999999999984
text23-PHY-SHORT-2601.23057v1,AR,HI_minus_LI,0.040000000000000015
text24-PHY-SHORT-2509.16741v1,AR,HI_minus_LI,0.030000000000000006
text25-PHY-SHORT-2507.08042v1,AR,HI_minus_LI,-0.1
text26-PHY-SHORT-2512.23538v1,AR,HI_minus_LI,0.0
text27-PHY-SHORT-2510.18500v1,AR,HI_minus_LI,-0.020000000000000018
text28-PHY-SHORT-2508.20431v1,AR,HI_minus_LI,0.039999999999999966
text29-PHY-SHORT-2509.06825v1,AR,HI_minus_LI,-0.020000000000000007
text30-PHY-SHORT-2509.17653v2,AR,HI_minus_LI,0.11000000000000001
text31-MATH-SHORT-2511.03536v1,AR,HI_minus_LI,0.06999999999999998
text32-MATH-SHORT-2603.02088v1,AR,HI_minus_LI,-0.05
text33-MATH-SHORT-2512.22134v3,AR,HI_minus_LI,0.13999999999999999
text34-MATH-SHORT-2509.00532v1,AR,HI_minus_LI,0.09000000000000001
text35-MATH-SHORT-2512.06844v1,AR,HI_minus_LI,0.019999999999999997
text36-MATH-SHORT-2503.09380v2,AR,HI_minus_LI,0.06
text37-MATH-SHORT-2510.26426v1,AR,HI_minus_LI,-0.030000000000000027
text38-MATH-SHORT-2512.04101v1,AR,HI_minus_LI,0.039999999999999994
text39-MATH-SHORT-2506.11609v2,AR,HI_minus_LI,0.05
text40-MATH-SHORT-2507.15879v2,AR,HI_minus_LI,-0.030000000000000006
text41-BIO-LONG-2512.06709v1,AR,HI_minus_LI,0.07000000000000002
text42-BIO-LONG-2503.07104v1,AR,HI_minus_LI,0.0
text43-BIO-LONG-2506.16577v1,AR,HI_minus_LI,0.019999999999999997
text44-BIO-LONG-2505.20052v1,AR,HI_minus_LI,-0.030000000000000006
text45-BIO-LONG-2507.17897v4,AR,HI_minus_LI,0.09
text46-BIO-LONG-2505.05863v1,AR,HI_minus_LI,-0.04999999999999999
text47-BIO-LONG-2505.21094v1,AR,HI_minus_LI,0.040000000000000015
text48-BIO-LONG-2602.16750v1,AR,HI_minus_LI,0.0
text49-BIO-LONG-2511.10014v1,AR,HI_minus_LI,-0.05999999999999996
text50-BIO-LONG-2603.01054v1,AR,HI_minus_LI,-0.07
text51-CS-LONG-2602.11588v1,AR,HI_minus_LI,-0.07
text52-CS-LONG-2602.15675v1,AR,HI_minus_LI,0.16
text53-CS-LONG-2603.02012v1,AR,HI_minus_LI,-0.05
text54-CS-LONG-2602.23006v1,AR,HI_minus_LI,-0.019999999999999997
text55-CS-LONG-2602.21625v1,AR,HI_minus_LI,0.11000000000000001
text56-CS-LONG-2602.13713v1,AR,HI_minus_LI,0.020000000000000018
text57-CS-LONG-2603.00079v1,AR,HI_minus_LI,-0.030000000000000006
text58-CS-LONG-2603.01023v1,AR,HI_minus_LI,-0.020000000000000018
text59-CS-LONG-2602.19401v1,AR,HI_minus_LI,-0.039999999999999994
text60-CS-LONG-2602.18518v1,AR,HI_minus_LI,0.0
text61-PHY-LONG-2602.03885v1,AR,HI_minus_LI,0.0
text62-PHY-LONG-2511.21971v1,AR,HI_minus_LI,0.0
text63-PHY-LONG-2512.18015v1,AR,HI_minus_LI,0.11000000000000001
text64-PHY-LONG-2602.23683v1,AR,HI_minus_LI,0.1
text65-PHY-LONG-2601.13267v1,AR,HI_minus_LI,-0.07000000000000003
text66-PHY-LONG-2512.24566v1,AR,HI_minus_LI,0.0
text67-PHY-LONG-2602.07636v2,AR,HI_minus_LI,0.010000000000000009
text68-PHY-LONG-2512.18130v1,AR,HI_minus_LI,0.010000000000000009
text69-PHY-LONG-2602.17389v1,AR,HI_minus_LI,-0.08999999999999997
text70-PHY-LONG-2602.08188v1,AR,HI_minus_LI,0.059999999999999984
text71-MATH-LONG-2511.12781v1,AR,HI_minus_LI,-0.1
text72-MATH-LONG-2602.06095v1,AR,HI_minus_LI,-0.04999999999999999
text73-MATH-LONG-2511.18101v1,AR,HI_minus_LI,0.019999999999999997
text74-MATH-LONG-2512.15978v1,AR,HI_minus_LI,0.039999999999999994
text75-MATH-LONG-2511.22140v1,AR,HI_minus_LI,0.10999999999999999
text76-MATH-LONG-2602.20441v1,AR,HI_minus_LI,0.010000000000000009
text77-MATH-LONG-2601.20851v2,AR,HI_minus_LI,0.039999999999999994
text78-MATH-LONG-2512.17595v1,AR,HI_minus_LI,0.049999999999999975
text79-MATH-LONG-2512.10129v1,AR,HI_minus_LI,0.13
text80-MATH-LONG-2512.10507v1,AR,HI_minus_LI,-0.010000000000000009
text01-BIO-SHORT-2505.02276v1,AR,HP_minus_LP,0.1
text02-BIO-SHORT-2507.04575v1,AR,HP_minus_LP,0.18
text03-BIO-SHORT-2505.11568v3,AR,HP_minus_LP,-0.010000000000000009
text04-BIO-SHORT-2507.08385v1,AR,HP_minus_LP,0.04
text05-BIO-SHORT-2504.10973v1,AR,HP_minus_LP,0.13999999999999999
text06-BIO-SHORT-2506.14789v1,AR,HP_minus_LP,0.019999999999999997
text07-BIO-SHORT-2506.13576v3,AR,HP_minus_LP,0.13000000000000003
text08-BIO-SHORT-2503.19923v2,AR,HP_minus_LP,0.009999999999999998
text09-BIO-SHORT-2602.00019v1,AR,HP_minus_LP,-0.010000000000000009
text10-BIO-SHORT-2506.13817v1,AR,HP_minus_LP,0.02999999999999996
text11-CS-SHORT-2506.09194v1,AR,HP_minus_LP,-0.010000000000000009
text12-CS-SHORT-2512.19717v1,AR,HP_minus_LP,0.19
text13-CS-SHORT-2510.04124v5,AR,HP_minus_LP,0.16999999999999998
text14-CS-SHORT-2509.13349v2,AR,HP_minus_LP,0.05
text15-CS-SHORT-2602.03870v1,AR,HP_minus_LP,-0.030000000000000006
text16-CS-SHORT-2509.06033v1,AR,HP_minus_LP,0.010000000000000009
text17-CS-SHORT-2509.16294v1,AR,HP_minus_LP,-0.08
text18-CS-SHORT-2507.09492v1,AR,HP_minus_LP,-0.030000000000000006
text19-CS-SHORT-2509.14600v1,AR,HP_minus_LP,0.11000000000000001
text20-CS-SHORT-2503.14899v1,AR,HP_minus_LP,0.039999999999999994
text21-PHY-SHORT-2601.23079v1,AR,HP_minus_LP,0.14000000000000004
text22-PHY-SHORT-2601.23047v1,AR,HP_minus_LP,-0.019999999999999997
text23-PHY-SHORT-2601.23057v1,AR,HP_minus_LP,-0.019999999999999997
text24-PHY-SHORT-2509.16741v1,AR,HP_minus_LP,0.030000000000000006
text25-PHY-SHORT-2507.08042v1,AR,HP_minus_LP,0.040000000000000015
text26-PHY-SHORT-2512.23538v1,AR,HP_minus_LP,0.0
text27-PHY-SHORT-2510.18500v1,AR,HP_minus_LP,0.07999999999999999
text28-PHY-SHORT-2508.20431v1,AR,HP_minus_LP,0.14
text29-PHY-SHORT-2509.06825v1,AR,HP_minus_LP,0.020000000000000007
text30-PHY-SHORT-2509.17653v2,AR,HP_minus_LP,0.15
text31-MATH-SHORT-2511.03536v1,AR,HP_minus_LP,0.05
text32-MATH-SHORT-2603.02088v1,AR,HP_minus_LP,0.05
text33-MATH-SHORT-2512.22134v3,AR,HP_minus_LP,0.25999999999999995
text34-MATH-SHORT-2509.00532v1,AR,HP_minus_LP,0.14999999999999997
text35-MATH-SHORT-2512.06844v1,AR,HP_minus_LP,2.2204460492503132e-17
text36-MATH-SHORT-2503.09380v2,AR,HP_minus_LP,0.15999999999999998
text37-MATH-SHORT-2510.26426v1,AR,HP_minus_LP,-0.010000000000000009
text38-MATH-SHORT-2512.04101v1,AR,HP_minus_LP,0.039999999999999994
text39-MATH-SHORT-2506.11609v2,AR,HP_minus_LP,0.09
text40-MATH-SHORT-2507.15879v2,AR,HP_minus_LP,0.009999999999999986
text41-BIO-LONG-2512.06709v1,AR,HP_minus_LP,0.010000000000000009
text42-BIO-LONG-2503.07104v1,AR,HP_minus_LP,0.0
text43-BIO-LONG-2506.16577v1,AR,HP_minus_LP,0.18
text44-BIO-LONG-2505.20052v1,AR,HP_minus_LP,0.10999999999999999
text45-BIO-LONG-2507.17897v4,AR,HP_minus_LP,0.19
text46-BIO-LONG-2505.05863v1,AR,HP_minus_LP,0.010000000000000042
text47-BIO-LONG-2505.21094v1,AR,HP_minus_LP,0.040000000000000015
text48-BIO-LONG-2602.16750v1,AR,HP_minus_LP,0.0
text49-BIO-LONG-2511.10014v1,AR,HP_minus_LP,0.0
text50-BIO-LONG-2603.01054v1,AR,HP_minus_LP,-0.009999999999999998
text51-CS-LONG-2602.11588v1,AR,HP_minus_LP,0.009999999999999976
text52-CS-LONG-2602.15675v1,AR,HP_minus_LP,-0.039999999999999994
text53-CS-LONG-2603.02012v1,AR,HP_minus_LP,0.02999999999999998
text54-CS-LONG-2602.23006v1,AR,HP_minus_LP,0.019999999999999997
text55-CS-LONG-2602.21625v1,AR,HP_minus_LP,0.010000000000000009
text56-CS-LONG-2602.13713v1,AR,HP_minus_LP,0.0
text57-CS-LONG-2603.00079v1,AR,HP_minus_LP,0.10999999999999999
text58-CS-LONG-2603.01023v1,AR,HP_minus_LP,0.020000000000000018
text59-CS-LONG-2602.19401v1,AR,HP_minus_LP,0.039999999999999994
text60-CS-LONG-2602.18518v1,AR,HP_minus_LP,0.0
text61-PHY-LONG-2602.03885v1,AR,HP_minus_LP,0.0
text62-PHY-LONG-2511.21971v1,AR,HP_minus_LP,0.16
text63-PHY-LONG-2512.18015v1,AR,HP_minus_LP,0.31
text64-PHY-LONG-2602.23683v1,AR,HP_minus_LP,0.1
text65-PHY-LONG-2601.13267v1,AR,HP_minus_LP,0.09000000000000001
text66-PHY-LONG-2512.24566v1,AR,HP_minus_LP,0.0
text67-PHY-LONG-2602.07636v2,AR,HP_minus_LP,-0.010000000000000009
text68-PHY-LONG-2512.18130v1,AR,HP_minus_LP,0.19
text69-PHY-LONG-2602.17389v1,AR,HP_minus_LP,0.09000000000000001
text70-PHY-LONG-2602.08188v1,AR,HP_minus_LP,0.13999999999999999
text71-MATH-LONG-2511.12781v1,AR,HP_minus_LP,0.06000000000000001
text72-MATH-LONG-2602.06095v1,AR,HP_minus_LP,0.009999999999999998
text73-MATH-LONG-2511.18101v1,AR,HP_minus_LP,0.019999999999999997
text74-MATH-LONG-2512.15978v1,AR,HP_minus_LP,0.039999999999999994
text75-MATH-LONG-2511.22140v1,AR,HP_minus_LP,0.08999999999999997
text76-MATH-LONG-2602.20441v1,AR,HP_minus_LP,0.010000000000000009
text77-MATH-LONG-2601.20851v2,AR,HP_minus_LP,0.039999999999999994
text78-MATH-LONG-2512.17595v1,AR,HP_minus_LP,-0.009999999999999986
text79-MATH-LONG-2512.10129v1,AR,HP_minus_LP,0.13
text80-MATH-LONG-2512.10507v1,AR,HP_minus_LP,0.010000000000000009
text01-BIO-SHORT-2505.02276v1,AR,Name_x_Inst,0.12
text02-BIO-SHORT-2507.04575v1,AR,Name_x_Inst,-0.24
text03-BIO-SHORT-2505.11568v3,AR,Name_x_Inst,0.020000000000000018
text04-BIO-SHORT-2507.08385v1,AR,Name_x_Inst,0.07999999999999996
text05-BIO-SHORT-2504.10973v1,AR,Name_x_Inst,-0.039999999999999945
text06-BIO-SHORT-2506.14789v1,AR,Name_x_Inst,-0.039999999999999994
text07-BIO-SHORT-2506.13576v3,AR,Name_x_Inst,0.06000000000000005
text08-BIO-SHORT-2503.19923v2,AR,Name_x_Inst,-0.10000000000000002
text09-BIO-SHORT-2602.00019v1,AR,Name_x_Inst,-0.1
text10-BIO-SHORT-2506.13817v1,AR,Name_x_Inst,0.06000000000000001
text11-CS-SHORT-2506.09194v1,AR,Name_x_Inst,-0.020000000000000018
text12-CS-SHORT-2512.19717v1,AR,Name_x_Inst,0.06000000000000001
text13-CS-SHORT-2510.04124v5,AR,Name_x_Inst,0.020000000000000018
text14-CS-SHORT-2509.13349v2,AR,Name_x_Inst,-0.05999999999999996
text15-CS-SHORT-2602.03870v1,AR,Name_x_Inst,0.13999999999999999
text16-CS-SHORT-2509.06033v1,AR,Name_x_Inst,-0.1
text17-CS-SHORT-2509.16294v1,AR,Name_x_Inst,0.07999999999999999
text18-CS-SHORT-2507.09492v1,AR,Name_x_Inst,0.06000000000000001
text19-CS-SHORT-2509.14600v1,AR,Name_x_Inst,-0.1
text20-CS-SHORT-2503.14899v1,AR,Name_x_Inst,0.07999999999999999
text21-PHY-SHORT-2601.23079v1,AR,Name_x_Inst,0.0
text22-PHY-SHORT-2601.23047v1,AR,Name_x_Inst,4.4408920985006264e-17
text23-PHY-SHORT-2601.23057v1,AR,Name_x_Inst,0.24
text24-PHY-SHORT-2509.16741v1,AR,Name_x_Inst,-0.019999999999999973
text25-PHY-SHORT-2507.08042v1,AR,Name_x_Inst,0.36
text26-PHY-SHORT-2512.23538v1,AR,Name_x_Inst,0.0
text27-PHY-SHORT-2510.18500v1,AR,Name_x_Inst,0.0
text28-PHY-SHORT-2508.20431v1,AR,Name_x_Inst,-4.4408920985006264e-17
text29-PHY-SHORT-2509.06825v1,AR,Name_x_Inst,-2.2204460492503132e-17
text30-PHY-SHORT-2509.17653v2,AR,Name_x_Inst,-0.18
text31-MATH-SHORT-2511.03536v1,AR,Name_x_Inst,-0.05999999999999996
text32-MATH-SHORT-2603.02088v1,AR,Name_x_Inst,-0.05999999999999996
text33-MATH-SHORT-2512.22134v3,AR,Name_x_Inst,-0.12000000000000004
text34-MATH-SHORT-2509.00532v1,AR,Name_x_Inst,-0.14000000000000004
text35-MATH-SHORT-2512.06844v1,AR,Name_x_Inst,0.08000000000000003
text36-MATH-SHORT-2503.09380v2,AR,Name_x_Inst,0.19999999999999998
text37-MATH-SHORT-2510.26426v1,AR,Name_x_Inst,-0.020000000000000018
text38-MATH-SHORT-2512.04101v1,AR,Name_x_Inst,0.07999999999999999
text39-MATH-SHORT-2506.11609v2,AR,Name_x_Inst,0.1
text40-MATH-SHORT-2507.15879v2,AR,Name_x_Inst,0.019999999999999973
text41-BIO-LONG-2512.06709v1,AR,Name_x_Inst,0.14000000000000004
text42-BIO-LONG-2503.07104v1,AR,Name_x_Inst,0.0
text43-BIO-LONG-2506.16577v1,AR,Name_x_Inst,0.08000000000000003
text44-BIO-LONG-2505.20052v1,AR,Name_x_Inst,0.06000000000000001
text45-BIO-LONG-2507.17897v4,AR,Name_x_Inst,0.13999999999999996
text46-BIO-LONG-2505.05863v1,AR,Name_x_Inst,-0.10000000000000002
text47-BIO-LONG-2505.21094v1,AR,Name_x_Inst,-0.07999999999999999
text48-BIO-LONG-2602.16750v1,AR,Name_x_Inst,0.0
text49-BIO-LONG-2511.10014v1,AR,Name_x_Inst,0.039999999999999945
text50-BIO-LONG-2603.01054v1,AR,Name_x_Inst,0.06000000000000003
text51-CS-LONG-2602.11588v1,AR,Name_x_Inst,-0.09999999999999998
text52-CS-LONG-2602.15675v1,AR,Name_x_Inst,-0.07999999999999999
text53-CS-LONG-2603.02012v1,AR,Name_x_Inst,0.1
text54-CS-LONG-2602.23006v1,AR,Name_x_Inst,0.039999999999999994
text55-CS-LONG-2602.21625v1,AR,Name_x_Inst,-0.18
text56-CS-LONG-2602.13713v1,AR,Name_x_Inst,0.040000000000000036
text57-CS-LONG-2603.00079v1,AR,Name_x_Inst,-0.26
text58-CS-LONG-2603.01023v1,AR,Name_x_Inst,-0.040000000000000036
text59-CS-LONG-2602.19401v1,AR,Name_x_Inst,0.12000000000000002
text60-CS-LONG-2602.18518v1,AR,Name_x_Inst,0.0
text61-PHY-LONG-2602.03885v1,AR,Name_x_Inst,0.0
text62-PHY-LONG-2511.21971v1,AR,Name_x_Inst,-0.039999999999999945
text63-PHY-LONG-2512.18015v1,AR,Name_x_Inst,0.020000000000000018
text64-PHY-LONG-2602.23683v1,AR,Name_x_Inst,0.0
text65-PHY-LONG-2601.13267v1,AR,Name_x_Inst,-0.13999999999999999
text66-PHY-LONG-2512.24566v1,AR,Name_x_Inst,0.0
text67-PHY-LONG-2602.07636v2,AR,Name_x_Inst,-0.020000000000000018
text68-PHY-LONG-2512.18130v1,AR,Name_x_Inst,-0.020000000000000018
text69-PHY-LONG-2602.17389v1,AR,Name_x_Inst,0.10000000000000005
text70-PHY-LONG-2602.08188v1,AR,Name_x_Inst,0.0
text71-MATH-LONG-2511.12781v1,AR,Name_x_Inst,-0.07999999999999999
text72-MATH-LONG-2602.06095v1,AR,Name_x_Inst,-0.06000000000000003
text73-MATH-LONG-2511.18101v1,AR,Name_x_Inst,4.4408920985006264e-17
text74-MATH-LONG-2512.15978v1,AR,Name_x_Inst,-0.07999999999999999
text75-MATH-LONG-2511.22140v1,AR,Name_x_Inst,-0.019999999999999973
text76-MATH-LONG-2602.20441v1,AR,Name_x_Inst,0.020000000000000018
text77-MATH-LONG-2601.20851v2,AR,Name_x_Inst,-0.040000000000000036
text78-MATH-LONG-2512.17595v1,AR,Name_x_Inst,0.019999999999999973
text79-MATH-LONG-2512.10129v1,AR,Name_x_Inst,-0.13999999999999999
text80-MATH-LONG-2512.10507v1,AR,Name_x_Inst,0.020000000000000018
text01-BIO-SHORT-2505.02276v1,AR,Name_x_Bibliometrics,-0.24000000000000005
text02-BIO-SHORT-2507.04575v1,AR,Name_x_Bibliometrics,-0.11999999999999997
text03-BIO-SHORT-2505.11568v3,AR,Name_x_Bibliometrics,-0.020000000000000018
text04-BIO-SHORT-2507.08385v1,AR,Name_x_Bibliometrics,2.2204460492503132e-17
text05-BIO-SHORT-2504.10973v1,AR,Name_x_Bibliometrics,0.07999999999999999
text06-BIO-SHORT-2506.14789v1,AR,Name_x_Bibliometrics,0.039999999999999994
text07-BIO-SHORT-2506.13576v3,AR,Name_x_Bibliometrics,0.020000000000000018
text08-BIO-SHORT-2503.19923v2,AR,Name_x_Bibliometrics,0.059999999999999984
text09-BIO-SHORT-2602.00019v1,AR,Name_x_Bibliometrics,0.1
text10-BIO-SHORT-2506.13817v1,AR,Name_x_Bibliometrics,0.06000000000000001
text11-CS-SHORT-2506.09194v1,AR,Name_x_Bibliometrics,0.019999999999999928
text12-CS-SHORT-2512.19717v1,AR,Name_x_Bibliometrics,0.13999999999999999
text13-CS-SHORT-2510.04124v5,AR,Name_x_Bibliometrics,-0.020000000000000018
text14-CS-SHORT-2509.13349v2,AR,Name_x_Bibliometrics,-0.05999999999999996
text15-CS-SHORT-2602.03870v1,AR,Name_x_Bibliometrics,0.019999999999999973
text16-CS-SHORT-2509.06033v1,AR,Name_x_Bibliometrics,-0.020000000000000018
text17-CS-SHORT-2509.16294v1,AR,Name_x_Bibliometrics,-0.07999999999999993
text18-CS-SHORT-2507.09492v1,AR,Name_x_Bibliometrics,0.06000000000000001
text19-CS-SHORT-2509.14600v1,AR,Name_x_Bibliometrics,-0.06000000000000005
text20-CS-SHORT-2503.14899v1,AR,Name_x_Bibliometrics,-0.07999999999999999
text21-PHY-SHORT-2601.23079v1,AR,Name_x_Bibliometrics,-0.039999999999999994
text22-PHY-SHORT-2601.23047v1,AR,Name_x_Bibliometrics,0.15999999999999992
text23-PHY-SHORT-2601.23057v1,AR,Name_x_Bibliometrics,0.11999999999999997
text24-PHY-SHORT-2509.16741v1,AR,Name_x_Bibliometrics,-0.019999999999999973
text25-PHY-SHORT-2507.08042v1,AR,Name_x_Bibliometrics,-0.16
text26-PHY-SHORT-2512.23538v1,AR,Name_x_Bibliometrics,0.0
text27-PHY-SHORT-2510.18500v1,AR,Name_x_Bibliometrics,-0.11999999999999993
text28-PHY-SHORT-2508.20431v1,AR,Name_x_Bibliometrics,-0.039999999999999994
text29-PHY-SHORT-2509.06825v1,AR,Name_x_Bibliometrics,2.2204460492503132e-17
text30-PHY-SHORT-2509.17653v2,AR,Name_x_Bibliometrics,0.05999999999999996
text31-MATH-SHORT-2511.03536v1,AR,Name_x_Bibliometrics,0.06000000000000005
text32-MATH-SHORT-2603.02088v1,AR,Name_x_Bibliometrics,0.05999999999999996
text33-MATH-SHORT-2512.22134v3,AR,Name_x_Bibliometrics,-0.19999999999999998
text34-MATH-SHORT-2509.00532v1,AR,Name_x_Bibliometrics,-0.1
text35-MATH-SHORT-2512.06844v1,AR,Name_x_Bibliometrics,-0.039999999999999994
text36-MATH-SHORT-2503.09380v2,AR,Name_x_Bibliometrics,0.08000000000000004
text37-MATH-SHORT-2510.26426v1,AR,Name_x_Bibliometrics,0.020000000000000018
text38-MATH-SHORT-2512.04101v1,AR,Name_x_Bibliometrics,0.07999999999999999
text39-MATH-SHORT-2506.11609v2,AR,Name_x_Bibliometrics,-0.13999999999999996
text40-MATH-SHORT-2507.15879v2,AR,Name_x_Bibliometrics,-0.06000000000000001
text41-BIO-LONG-2512.06709v1,AR,Name_x_Bibliometrics,0.020000000000000018
text42-BIO-LONG-2503.07104v1,AR,Name_x_Bibliometrics,0.0
text43-BIO-LONG-2506.16577v1,AR,Name_x_Bibliometrics,0.08000000000000011
text44-BIO-LONG-2505.20052v1,AR,Name_x_Bibliometrics,0.18000000000000002
text45-BIO-LONG-2507.17897v4,AR,Name_x_Bibliometrics,0.020000000000000018
text46-BIO-LONG-2505.05863v1,AR,Name_x_Bibliometrics,-0.14
text47-BIO-LONG-2505.21094v1,AR,Name_x_Bibliometrics,-0.07999999999999999
text48-BIO-LONG-2602.16750v1,AR,Name_x_Bibliometrics,0.0
text49-BIO-LONG-2511.10014v1,AR,Name_x_Bibliometrics,-0.16000000000000006
text50-BIO-LONG-2603.01054v1,AR,Name_x_Bibliometrics,-0.22000000000000003
text51-CS-LONG-2602.11588v1,AR,Name_x_Bibliometrics,0.059999999999999984
text52-CS-LONG-2602.15675v1,AR,Name_x_Bibliometrics,-0.07999999999999999
text53-CS-LONG-2603.02012v1,AR,Name_x_Bibliometrics,-0.05999999999999996
text54-CS-LONG-2602.23006v1,AR,Name_x_Bibliometrics,-0.039999999999999994
text55-CS-LONG-2602.21625v1,AR,Name_x_Bibliometrics,0.020000000000000018
text56-CS-LONG-2602.13713v1,AR,Name_x_Bibliometrics,0.0
text57-CS-LONG-2603.00079v1,AR,Name_x_Bibliometrics,-0.13999999999999999
text58-CS-LONG-2603.01023v1,AR,Name_x_Bibliometrics,-0.040000000000000036
text59-CS-LONG-2602.19401v1,AR,Name_x_Bibliometrics,-0.12000000000000002
text60-CS-LONG-2602.18518v1,AR,Name_x_Bibliometrics,0.0
text61-PHY-LONG-2602.03885v1,AR,Name_x_Bibliometrics,0.0
text62-PHY-LONG-2511.21971v1,AR,Name_x_Bibliometrics,-0.040000000000000036
text63-PHY-LONG-2512.18015v1,AR,Name_x_Bibliometrics,0.020000000000000018
text64-PHY-LONG-2602.23683v1,AR,Name_x_Bibliometrics,0.0
text65-PHY-LONG-2601.13267v1,AR,Name_x_Bibliometrics,0.019999999999999973
text66-PHY-LONG-2512.24566v1,AR,Name_x_Bibliometrics,0.0
text67-PHY-LONG-2602.07636v2,AR,Name_x_Bibliometrics,0.020000000000000018
text68-PHY-LONG-2512.18130v1,AR,Name_x_Bibliometrics,0.020000000000000018
text69-PHY-LONG-2602.17389v1,AR,Name_x_Bibliometrics,-0.09999999999999995
text70-PHY-LONG-2602.08188v1,AR,Name_x_Bibliometrics,-0.16
text71-MATH-LONG-2511.12781v1,AR,Name_x_Bibliometrics,0.0
text72-MATH-LONG-2602.06095v1,AR,Name_x_Bibliometrics,0.14
text73-MATH-LONG-2511.18101v1,AR,Name_x_Bibliometrics,4.4408920985006264e-17
text74-MATH-LONG-2512.15978v1,AR,Name_x_Bibliometrics,-0.07999999999999999
text75-MATH-LONG-2511.22140v1,AR,Name_x_Bibliometrics,-0.06000000000000001
text76-MATH-LONG-2602.20441v1,AR,Name_x_Bibliometrics,0.020000000000000018
text77-MATH-LONG-2601.20851v2,AR,Name_x_Bibliometrics,-0.040000000000000036
text78-MATH-LONG-2512.17595v1,AR,Name_x_Bibliometrics,-0.09999999999999995
text79-MATH-LONG-2512.10129v1,AR,Name_x_Bibliometrics,-0.13999999999999999
text80-MATH-LONG-2512.10507v1,AR,Name_x_Bibliometrics,-0.020000000000000018
text01-BIO-SHORT-2505.02276v1,AR,Inst_x_Bibliometrics,0.12
text02-BIO-SHORT-2507.04575v1,AR,Inst_x_Bibliometrics,-4.4408920985006264e-17
text03-BIO-SHORT-2505.11568v3,AR,Inst_x_Bibliometrics,0.020000000000000018
text04-BIO-SHORT-2507.08385v1,AR,Inst_x_Bibliometrics,-0.040000000000000015
text05-BIO-SHORT-2504.10973v1,AR,Inst_x_Bibliometrics,0.12000000000000002
text06-BIO-SHORT-2506.14789v1,AR,Inst_x_Bibliometrics,0.039999999999999994
text07-BIO-SHORT-2506.13576v3,AR,Inst_x_Bibliometrics,-0.18
text08-BIO-SHORT-2503.19923v2,AR,Inst_x_Bibliometrics,-0.14
text09-BIO-SHORT-2602.00019v1,AR,Inst_x_Bibliometrics,0.1
text10-BIO-SHORT-2506.13817v1,AR,Inst_x_Bibliometrics,0.13999999999999999
text11-CS-SHORT-2506.09194v1,AR,Inst_x_Bibliometrics,0.21999999999999992
text12-CS-SHORT-2512.19717v1,AR,Inst_x_Bibliometrics,-0.21999999999999997
text13-CS-SHORT-2510.04124v5,AR,Inst_x_Bibliometrics,-0.020000000000000018
text14-CS-SHORT-2509.13349v2,AR,Inst_x_Bibliometrics,-0.1
text15-CS-SHORT-2602.03870v1,AR,Inst_x_Bibliometrics,-0.06000000000000001
text16-CS-SHORT-2509.06033v1,AR,Inst_x_Bibliometrics,-0.1
text17-CS-SHORT-2509.16294v1,AR,Inst_x_Bibliometrics,-0.24
text18-CS-SHORT-2507.09492v1,AR,Inst_x_Bibliometrics,0.06000000000000001
text19-CS-SHORT-2509.14600v1,AR,Inst_x_Bibliometrics,0.019999999999999973
text20-CS-SHORT-2503.14899v1,AR,Inst_x_Bibliometrics,-0.07999999999999999
text21-PHY-SHORT-2601.23079v1,AR,Inst_x_Bibliometrics,0.11999999999999997
text22-PHY-SHORT-2601.23047v1,AR,Inst_x_Bibliometrics,0.039999999999999994
text23-PHY-SHORT-2601.23057v1,AR,Inst_x_Bibliometrics,0.11999999999999997
text24-PHY-SHORT-2509.16741v1,AR,Inst_x_Bibliometrics,0.019999999999999973
text25-PHY-SHORT-2507.08042v1,AR,Inst_x_Bibliometrics,0.27999999999999997
text26-PHY-SHORT-2512.23538v1,AR,Inst_x_Bibliometrics,0.0
text27-PHY-SHORT-2510.18500v1,AR,Inst_x_Bibliometrics,-0.040000000000000036
text28-PHY-SHORT-2508.20431v1,AR,Inst_x_Bibliometrics,-0.11999999999999997
text29-PHY-SHORT-2509.06825v1,AR,Inst_x_Bibliometrics,-0.08
text30-PHY-SHORT-2509.17653v2,AR,Inst_x_Bibliometrics,0.25999999999999995
text31-MATH-SHORT-2511.03536v1,AR,Inst_x_Bibliometrics,0.05999999999999996
text32-MATH-SHORT-2603.02088v1,AR,Inst_x_Bibliometrics,-0.05999999999999996
text33-MATH-SHORT-2512.22134v3,AR,Inst_x_Bibliometrics,-0.08
text34-MATH-SHORT-2509.00532v1,AR,Inst_x_Bibliometrics,-0.22000000000000003
text35-MATH-SHORT-2512.06844v1,AR,Inst_x_Bibliometrics,-0.08000000000000003
text36-MATH-SHORT-2503.09380v2,AR,Inst_x_Bibliometrics,-0.040000000000000015
text37-MATH-SHORT-2510.26426v1,AR,Inst_x_Bibliometrics,-0.020000000000000018
text38-MATH-SHORT-2512.04101v1,AR,Inst_x_Bibliometrics,-0.07999999999999999
text39-MATH-SHORT-2506.11609v2,AR,Inst_x_Bibliometrics,-0.020000000000000018
text40-MATH-SHORT-2507.15879v2,AR,Inst_x_Bibliometrics,-0.06000000000000001
text41-BIO-LONG-2512.06709v1,AR,Inst_x_Bibliometrics,-0.020000000000000018
text42-BIO-LONG-2503.07104v1,AR,Inst_x_Bibliometrics,0.0
text43-BIO-LONG-2506.16577v1,AR,Inst_x_Bibliometrics,-0.11999999999999997
text44-BIO-LONG-2505.20052v1,AR,Inst_x_Bibliometrics,0.019999999999999973
text45-BIO-LONG-2507.17897v4,AR,Inst_x_Bibliometrics,0.25999999999999995
text46-BIO-LONG-2505.05863v1,AR,Inst_x_Bibliometrics,0.019999999999999952
text47-BIO-LONG-2505.21094v1,AR,Inst_x_Bibliometrics,0.0
text48-BIO-LONG-2602.16750v1,AR,Inst_x_Bibliometrics,0.0
text49-BIO-LONG-2511.10014v1,AR,Inst_x_Bibliometrics,-0.2
text50-BIO-LONG-2603.01054v1,AR,Inst_x_Bibliometrics,-0.10000000000000002
text51-CS-LONG-2602.11588v1,AR,Inst_x_Bibliometrics,0.019999999999999952
text52-CS-LONG-2602.15675v1,AR,Inst_x_Bibliometrics,-0.07999999999999999
text53-CS-LONG-2603.02012v1,AR,Inst_x_Bibliometrics,-0.1
text54-CS-LONG-2602.23006v1,AR,Inst_x_Bibliometrics,0.039999999999999994
text55-CS-LONG-2602.21625v1,AR,Inst_x_Bibliometrics,-0.020000000000000018
text56-CS-LONG-2602.13713v1,AR,Inst_x_Bibliometrics,-0.040000000000000036
text57-CS-LONG-2603.00079v1,AR,Inst_x_Bibliometrics,-0.13999999999999999
text58-CS-LONG-2603.01023v1,AR,Inst_x_Bibliometrics,-0.31999999999999995
text59-CS-LONG-2602.19401v1,AR,Inst_x_Bibliometrics,-0.12000000000000002
text60-CS-LONG-2602.18518v1,AR,Inst_x_Bibliometrics,0.0
text61-PHY-LONG-2602.03885v1,AR,Inst_x_Bibliometrics,0.0
text62-PHY-LONG-2511.21971v1,AR,Inst_x_Bibliometrics,0.27999999999999997
text63-PHY-LONG-2512.18015v1,AR,Inst_x_Bibliometrics,0.1
text64-PHY-LONG-2602.23683v1,AR,Inst_x_Bibliometrics,-0.2
text65-PHY-LONG-2601.13267v1,AR,Inst_x_Bibliometrics,0.06000000000000001
text66-PHY-LONG-2512.24566v1,AR,Inst_x_Bibliometrics,0.0
text67-PHY-LONG-2602.07636v2,AR,Inst_x_Bibliometrics,0.020000000000000018
text68-PHY-LONG-2512.18130v1,AR,Inst_x_Bibliometrics,-0.020000000000000018
text69-PHY-LONG-2602.17389v1,AR,Inst_x_Bibliometrics,-0.019999999999999973
text70-PHY-LONG-2602.08188v1,AR,Inst_x_Bibliometrics,-0.07999999999999999
text71-MATH-LONG-2511.12781v1,AR,Inst_x_Bibliometrics,-0.040000000000000036
text72-MATH-LONG-2602.06095v1,AR,Inst_x_Bibliometrics,-0.019999999999999997
text73-MATH-LONG-2511.18101v1,AR,Inst_x_Bibliometrics,0.24
text74-MATH-LONG-2512.15978v1,AR,Inst_x_Bibliometrics,-0.07999999999999999
text75-MATH-LONG-2511.22140v1,AR,Inst_x_Bibliometrics,0.09999999999999995
text76-MATH-LONG-2602.20441v1,AR,Inst_x_Bibliometrics,-0.020000000000000018
text77-MATH-LONG-2601.20851v2,AR,Inst_x_Bibliometrics,-0.07999999999999999
text78-MATH-LONG-2512.17595v1,AR,Inst_x_Bibliometrics,-0.06000000000000001
text79-MATH-LONG-2512.10129v1,AR,Inst_x_Bibliometrics,0.18000000000000002
text80-MATH-LONG-2512.10507v1,AR,Inst_x_Bibliometrics,-0.020000000000000018
text01-BIO-SHORT-2505.02276v1,q01,BF_minus_WM,0.0
text02-BIO-SHORT-2507.04575v1,q01,BF_minus_WM,0.0
text03-BIO-SHORT-2505.11568v3,q01,BF_minus_WM,0.010000000000000009
text04-BIO-SHORT-2507.08385v1,q01,BF_minus_WM,-0.009999999999999986
text05-BIO-SHORT-2504.10973v1,q01,BF_minus_WM,0.05999999999999996
text06-BIO-SHORT-2506.14789v1,q01,BF_minus_WM,0.0
text07-BIO-SHORT-2506.13576v3,q01,BF_minus_WM,0.030000000000000006
text08-BIO-SHORT-2503.19923v2,q01,BF_minus_WM,0.019999999999999997
text09-BIO-SHORT-2602.00019v1,q01,BF_minus_WM,-0.010000000000000009
text10-BIO-SHORT-2506.13817v1,q01,BF_minus_WM,0.030000000000000006
text11-CS-SHORT-2506.09194v1,q01,BF_minus_WM,0.039999999999999994
text12-CS-SHORT-2512.19717v1,q01,BF_minus_WM,-0.010000000000000009
text13-CS-SHORT-2510.04124v5,q01,BF_minus_WM,0.0
text14-CS-SHORT-2509.13349v2,q01,BF_minus_WM,-0.019999999999999997
text15-CS-SHORT-2602.03870v1,q01,BF_minus_WM,0.010000000000000009
text16-CS-SHORT-2509.06033v1,q01,BF_minus_WM,0.05
text17-CS-SHORT-2509.16294v1,q01,BF_minus_WM,-0.049999999999999975
text18-CS-SHORT-2507.09492v1,q01,BF_minus_WM,0.0
text19-CS-SHORT-2509.14600v1,q01,BF_minus_WM,0.0
text20-CS-SHORT-2503.14899v1,q01,BF_minus_WM,-0.02999999999999998
text21-PHY-SHORT-2601.23079v1,q01,BF_minus_WM,0.0
text22-PHY-SHORT-2601.23047v1,q01,BF_minus_WM,0.039999999999999994
text23-PHY-SHORT-2601.23057v1,q01,BF_minus_WM,2.2204460492503132e-17
text24-PHY-SHORT-2509.16741v1,q01,BF_minus_WM,0.010000000000000009
text25-PHY-SHORT-2507.08042v1,q01,BF_minus_WM,0.13999999999999999
text26-PHY-SHORT-2512.23538v1,q01,BF_minus_WM,0.0
text27-PHY-SHORT-2510.18500v1,q01,BF_minus_WM,0.08
text28-PHY-SHORT-2508.20431v1,q01,BF_minus_WM,0.010000000000000009
text29-PHY-SHORT-2509.06825v1,q01,BF_minus_WM,0.0
text30-PHY-SHORT-2509.17653v2,q01,BF_minus_WM,0.0
text31-MATH-SHORT-2511.03536v1,q01,BF_minus_WM,-0.030000000000000006
text32-MATH-SHORT-2603.02088v1,q01,BF_minus_WM,0.05
text33-MATH-SHORT-2512.22134v3,q01,BF_minus_WM,-0.12
text34-MATH-SHORT-2509.00532v1,q01,BF_minus_WM,-0.11000000000000003
text35-MATH-SHORT-2512.06844v1,q01,BF_minus_WM,0.0
text36-MATH-SHORT-2503.09380v2,q01,BF_minus_WM,-0.07999999999999999
text37-MATH-SHORT-2510.26426v1,q01,BF_minus_WM,0.0
text38-MATH-SHORT-2512.04101v1,q01,BF_minus_WM,-0.06000000000000001
text39-MATH-SHORT-2506.11609v2,q01,BF_minus_WM,0.09999999999999995
text40-MATH-SHORT-2507.15879v2,q01,BF_minus_WM,0.0
text41-BIO-LONG-2512.06709v1,q01,BF_minus_WM,-0.030000000000000006
text42-BIO-LONG-2503.07104v1,q01,BF_minus_WM,0.019999999999999997
text43-BIO-LONG-2506.16577v1,q01,BF_minus_WM,0.0
text44-BIO-LONG-2505.20052v1,q01,BF_minus_WM,0.0
text45-BIO-LONG-2507.17897v4,q01,BF_minus_WM,-0.010000000000000009
text46-BIO-LONG-2505.05863v1,q01,BF_minus_WM,-0.009999999999999986
text47-BIO-LONG-2505.21094v1,q01,BF_minus_WM,0.0
text48-BIO-LONG-2602.16750v1,q01,BF_minus_WM,0.0
text49-BIO-LONG-2511.10014v1,q01,BF_minus_WM,0.019999999999999997
text50-BIO-LONG-2603.01054v1,q01,BF_minus_WM,-0.010000000000000009
text51-CS-LONG-2602.11588v1,q01,BF_minus_WM,0.0
text52-CS-LONG-2602.15675v1,q01,BF_minus_WM,0.0
text53-CS-LONG-2603.02012v1,q01,BF_minus_WM,0.0
text54-CS-LONG-2602.23006v1,q01,BF_minus_WM,-0.13999999999999999
text55-CS-LONG-2602.21625v1,q01,BF_minus_WM,-0.06999999999999998
text56-CS-LONG-2602.13713v1,q01,BF_minus_WM,0.0
text57-CS-LONG-2603.00079v1,q01,BF_minus_WM,-0.010000000000000009
text58-CS-LONG-2603.01023v1,q01,BF_minus_WM,0.0
text59-CS-LONG-2602.19401v1,q01,BF_minus_WM,-0.039999999999999994
text60-CS-LONG-2602.18518v1,q01,BF_minus_WM,0.1
text61-PHY-LONG-2602.03885v1,q01,BF_minus_WM,0.0
text62-PHY-LONG-2511.21971v1,q01,BF_minus_WM,-0.059999999999999984
text63-PHY-LONG-2512.18015v1,q01,BF_minus_WM,0.0
text64-PHY-LONG-2602.23683v1,q01,BF_minus_WM,0.0
text65-PHY-LONG-2601.13267v1,q01,BF_minus_WM,0.05
text66-PHY-LONG-2512.24566v1,q01,BF_minus_WM,-0.019999999999999997
text67-PHY-LONG-2602.07636v2,q01,BF_minus_WM,-0.009999999999999986
text68-PHY-LONG-2512.18130v1,q01,BF_minus_WM,0.0
text69-PHY-LONG-2602.17389v1,q01,BF_minus_WM,0.07999999999999999
text70-PHY-LONG-2602.08188v1,q01,BF_minus_WM,-0.09000000000000001
text71-MATH-LONG-2511.12781v1,q01,BF_minus_WM,-0.039999999999999994
text72-MATH-LONG-2602.06095v1,q01,BF_minus_WM,0.009999999999999998
text73-MATH-LONG-2511.18101v1,q01,BF_minus_WM,-0.020000000000000018
text74-MATH-LONG-2512.15978v1,q01,BF_minus_WM,0.039999999999999994
text75-MATH-LONG-2511.22140v1,q01,BF_minus_WM,0.0
text76-MATH-LONG-2602.20441v1,q01,BF_minus_WM,0.0
text77-MATH-LONG-2601.20851v2,q01,BF_minus_WM,-0.039999999999999994
text78-MATH-LONG-2512.17595v1,q01,BF_minus_WM,0.010000000000000009
text79-MATH-LONG-2512.10129v1,q01,BF_minus_WM,-0.009999999999999986
text80-MATH-LONG-2512.10507v1,q01,BF_minus_WM,0.0
text01-BIO-SHORT-2505.02276v1,q01,HI_minus_LI,0.0
text02-BIO-SHORT-2507.04575v1,q01,HI_minus_LI,0.0
text03-BIO-SHORT-2505.11568v3,q01,HI_minus_LI,-0.010000000000000009
text04-BIO-SHORT-2507.08385v1,q01,HI_minus_LI,-0.06999999999999999
text05-BIO-SHORT-2504.10973v1,q01,HI_minus_LI,0.0
text06-BIO-SHORT-2506.14789v1,q01,HI_minus_LI,0.0
text07-BIO-SHORT-2506.13576v3,q01,HI_minus_LI,0.14999999999999997
text08-BIO-SHORT-2503.19923v2,q01,HI_minus_LI,0.019999999999999997
text09-BIO-SHORT-2602.00019v1,q01,HI_minus_LI,0.010000000000000009
text10-BIO-SHORT-2506.13817v1,q01,HI_minus_LI,0.030000000000000006
text11-CS-SHORT-2506.09194v1,q01,HI_minus_LI,-0.08000000000000003
text12-CS-SHORT-2512.19717v1,q01,HI_minus_LI,0.09
text13-CS-SHORT-2510.04124v5,q01,HI_minus_LI,0.0
text14-CS-SHORT-2509.13349v2,q01,HI_minus_LI,2.2204460492503132e-17
text15-CS-SHORT-2602.03870v1,q01,HI_minus_LI,0.010000000000000009
text16-CS-SHORT-2509.06033v1,q01,HI_minus_LI,0.02999999999999998
text17-CS-SHORT-2509.16294v1,q01,HI_minus_LI,0.009999999999999986
text18-CS-SHORT-2507.09492v1,q01,HI_minus_LI,0.0
text19-CS-SHORT-2509.14600v1,q01,HI_minus_LI,0.0
text20-CS-SHORT-2503.14899v1,q01,HI_minus_LI,0.06999999999999998
text21-PHY-SHORT-2601.23079v1,q01,HI_minus_LI,0.0
text22-PHY-SHORT-2601.23047v1,q01,HI_minus_LI,-0.039999999999999994
text23-PHY-SHORT-2601.23057v1,q01,HI_minus_LI,-0.019999999999999997
text24-PHY-SHORT-2509.16741v1,q01,HI_minus_LI,0.010000000000000009
text25-PHY-SHORT-2507.08042v1,q01,HI_minus_LI,-0.18
text26-PHY-SHORT-2512.23538v1,q01,HI_minus_LI,0.0
text27-PHY-SHORT-2510.18500v1,q01,HI_minus_LI,0.12
text28-PHY-SHORT-2508.20431v1,q01,HI_minus_LI,0.010000000000000009
text29-PHY-SHORT-2509.06825v1,q01,HI_minus_LI,0.0
text30-PHY-SHORT-2509.17653v2,q01,HI_minus_LI,0.2
text31-MATH-SHORT-2511.03536v1,q01,HI_minus_LI,-0.030000000000000006
text32-MATH-SHORT-2603.02088v1,q01,HI_minus_LI,-0.05
text33-MATH-SHORT-2512.22134v3,q01,HI_minus_LI,0.15999999999999998
text34-MATH-SHORT-2509.00532v1,q01,HI_minus_LI,-0.050000000000000024
text35-MATH-SHORT-2512.06844v1,q01,HI_minus_LI,0.0
text36-MATH-SHORT-2503.09380v2,q01,HI_minus_LI,0.0
text37-MATH-SHORT-2510.26426v1,q01,HI_minus_LI,-0.07999999999999999
text38-MATH-SHORT-2512.04101v1,q01,HI_minus_LI,0.06000000000000001
text39-MATH-SHORT-2506.11609v2,q01,HI_minus_LI,0.039999999999999994
text40-MATH-SHORT-2507.15879v2,q01,HI_minus_LI,0.0
text41-BIO-LONG-2512.06709v1,q01,HI_minus_LI,0.030000000000000006
text42-BIO-LONG-2503.07104v1,q01,HI_minus_LI,-0.08
text43-BIO-LONG-2506.16577v1,q01,HI_minus_LI,0.0
text44-BIO-LONG-2505.20052v1,q01,HI_minus_LI,0.0
text45-BIO-LONG-2507.17897v4,q01,HI_minus_LI,0.010000000000000009
text46-BIO-LONG-2505.05863v1,q01,HI_minus_LI,-0.050000000000000024
text47-BIO-LONG-2505.21094v1,q01,HI_minus_LI,0.0
text48-BIO-LONG-2602.16750v1,q01,HI_minus_LI,0.0
text49-BIO-LONG-2511.10014v1,q01,HI_minus_LI,-0.019999999999999997
text50-BIO-LONG-2603.01054v1,q01,HI_minus_LI,-0.010000000000000009
text51-CS-LONG-2602.11588v1,q01,HI_minus_LI,0.0
text52-CS-LONG-2602.15675v1,q01,HI_minus_LI,0.0
text53-CS-LONG-2603.02012v1,q01,HI_minus_LI,0.0
text54-CS-LONG-2602.23006v1,q01,HI_minus_LI,-0.039999999999999994
text55-CS-LONG-2602.21625v1,q01,HI_minus_LI,0.010000000000000009
text56-CS-LONG-2602.13713v1,q01,HI_minus_LI,0.0
text57-CS-LONG-2603.00079v1,q01,HI_minus_LI,-0.010000000000000009
text58-CS-LONG-2603.01023v1,q01,HI_minus_LI,0.0
text59-CS-LONG-2602.19401v1,q01,HI_minus_LI,-0.039999999999999994
text60-CS-LONG-2602.18518v1,q01,HI_minus_LI,0.020000000000000018
text61-PHY-LONG-2602.03885v1,q01,HI_minus_LI,0.0
text62-PHY-LONG-2511.21971v1,q01,HI_minus_LI,0.12
text63-PHY-LONG-2512.18015v1,q01,HI_minus_LI,0.0
text64-PHY-LONG-2602.23683v1,q01,HI_minus_LI,0.0
text65-PHY-LONG-2601.13267v1,q01,HI_minus_LI,0.07000000000000002
text66-PHY-LONG-2512.24566v1,q01,HI_minus_LI,0.059999999999999984
text67-PHY-LONG-2602.07636v2,q01,HI_minus_LI,-0.08999999999999997
text68-PHY-LONG-2512.18130v1,q01,HI_minus_LI,0.0
text69-PHY-LONG-2602.17389v1,q01,HI_minus_LI,-0.020000000000000018
text70-PHY-LONG-2602.08188v1,q01,HI_minus_LI,0.06999999999999999
text71-MATH-LONG-2511.12781v1,q01,HI_minus_LI,-0.07999999999999999
text72-MATH-LONG-2602.06095v1,q01,HI_minus_LI,-0.009999999999999998
text73-MATH-LONG-2511.18101v1,q01,HI_minus_LI,-0.020000000000000018
text74-MATH-LONG-2512.15978v1,q01,HI_minus_LI,0.039999999999999994
text75-MATH-LONG-2511.22140v1,q01,HI_minus_LI,0.0
text76-MATH-LONG-2602.20441v1,q01,HI_minus_LI,0.0
text77-MATH-LONG-2601.20851v2,q01,HI_minus_LI,0.039999999999999994
text78-MATH-LONG-2512.17595v1,q01,HI_minus_LI,0.010000000000000009
text79-MATH-LONG-2512.10129v1,q01,HI_minus_LI,0.10999999999999999
text80-MATH-LONG-2512.10507v1,q01,HI_minus_LI,0.0
text01-BIO-SHORT-2505.02276v1,q01,HP_minus_LP,0.0
text02-BIO-SHORT-2507.04575v1,q01,HP_minus_LP,0.0
text03-BIO-SHORT-2505.11568v3,q01,HP_minus_LP,0.010000000000000009
text04-BIO-SHORT-2507.08385v1,q01,HP_minus_LP,0.16999999999999998
text05-BIO-SHORT-2504.10973v1,q01,HP_minus_LP,0.07999999999999999
text06-BIO-SHORT-2506.14789v1,q01,HP_minus_LP,0.0
text07-BIO-SHORT-2506.13576v3,q01,HP_minus_LP,0.030000000000000047
text08-BIO-SHORT-2503.19923v2,q01,HP_minus_LP,0.019999999999999997
text09-BIO-SHORT-2602.00019v1,q01,HP_minus_LP,-0.010000000000000009
text10-BIO-SHORT-2506.13817v1,q01,HP_minus_LP,0.16999999999999998
text11-CS-SHORT-2506.09194v1,q01,HP_minus_LP,-0.040000000000000036
text12-CS-SHORT-2512.19717v1,q01,HP_minus_LP,-0.09
text13-CS-SHORT-2510.04124v5,q01,HP_minus_LP,0.0
text14-CS-SHORT-2509.13349v2,q01,HP_minus_LP,2.2204460492503132e-17
text15-CS-SHORT-2602.03870v1,q01,HP_minus_LP,0.010000000000000009
text16-CS-SHORT-2509.06033v1,q01,HP_minus_LP,0.07000000000000002
text17-CS-SHORT-2509.16294v1,q01,HP_minus_LP,-0.049999999999999975
text18-CS-SHORT-2507.09492v1,q01,HP_minus_LP,0.0
text19-CS-SHORT-2509.14600v1,q01,HP_minus_LP,0.07999999999999999
text20-CS-SHORT-2503.14899v1,q01,HP_minus_LP,0.09
text21-PHY-SHORT-2601.23079v1,q01,HP_minus_LP,0.0
text22-PHY-SHORT-2601.23047v1,q01,HP_minus_LP,-0.039999999999999994
text23-PHY-SHORT-2601.23057v1,q01,HP_minus_LP,-0.07999999999999996
text24-PHY-SHORT-2509.16741v1,q01,HP_minus_LP,0.010000000000000009
text25-PHY-SHORT-2507.08042v1,q01,HP_minus_LP,0.13999999999999999
text26-PHY-SHORT-2512.23538v1,q01,HP_minus_LP,0.0
text27-PHY-SHORT-2510.18500v1,q01,HP_minus_LP,0.15999999999999998
text28-PHY-SHORT-2508.20431v1,q01,HP_minus_LP,0.19
text29-PHY-SHORT-2509.06825v1,q01,HP_minus_LP,0.0
text30-PHY-SHORT-2509.17653v2,q01,HP_minus_LP,0.0
text31-MATH-SHORT-2511.03536v1,q01,HP_minus_LP,0.030000000000000006
text32-MATH-SHORT-2603.02088v1,q01,HP_minus_LP,0.17
text33-MATH-SHORT-2512.22134v3,q01,HP_minus_LP,0.13999999999999996
text34-MATH-SHORT-2509.00532v1,q01,HP_minus_LP,0.10999999999999999
text35-MATH-SHORT-2512.06844v1,q01,HP_minus_LP,0.0
text36-MATH-SHORT-2503.09380v2,q01,HP_minus_LP,0.07999999999999999
text37-MATH-SHORT-2510.26426v1,q01,HP_minus_LP,0.0
text38-MATH-SHORT-2512.04101v1,q01,HP_minus_LP,0.039999999999999994
text39-MATH-SHORT-2506.11609v2,q01,HP_minus_LP,0.06000000000000001
text40-MATH-SHORT-2507.15879v2,q01,HP_minus_LP,0.0
text41-BIO-LONG-2512.06709v1,q01,HP_minus_LP,0.030000000000000006
text42-BIO-LONG-2503.07104v1,q01,HP_minus_LP,0.019999999999999997
text43-BIO-LONG-2506.16577v1,q01,HP_minus_LP,0.0
text44-BIO-LONG-2505.20052v1,q01,HP_minus_LP,0.0
text45-BIO-LONG-2507.17897v4,q01,HP_minus_LP,0.010000000000000009
text46-BIO-LONG-2505.05863v1,q01,HP_minus_LP,0.030000000000000006
text47-BIO-LONG-2505.21094v1,q01,HP_minus_LP,0.0
text48-BIO-LONG-2602.16750v1,q01,HP_minus_LP,0.0
text49-BIO-LONG-2511.10014v1,q01,HP_minus_LP,0.019999999999999997
text50-BIO-LONG-2603.01054v1,q01,HP_minus_LP,-0.010000000000000009
text51-CS-LONG-2602.11588v1,q01,HP_minus_LP,0.0
text52-CS-LONG-2602.15675v1,q01,HP_minus_LP,0.0
text53-CS-LONG-2603.02012v1,q01,HP_minus_LP,0.0
text54-CS-LONG-2602.23006v1,q01,HP_minus_LP,0.039999999999999994
text55-CS-LONG-2602.21625v1,q01,HP_minus_LP,0.09
text56-CS-LONG-2602.13713v1,q01,HP_minus_LP,0.0
text57-CS-LONG-2603.00079v1,q01,HP_minus_LP,-0.010000000000000009
text58-CS-LONG-2603.01023v1,q01,HP_minus_LP,0.0
text59-CS-LONG-2602.19401v1,q01,HP_minus_LP,-0.039999999999999994
text60-CS-LONG-2602.18518v1,q01,HP_minus_LP,-0.1
text61-PHY-LONG-2602.03885v1,q01,HP_minus_LP,0.0
text62-PHY-LONG-2511.21971v1,q01,HP_minus_LP,0.040000000000000015
text63-PHY-LONG-2512.18015v1,q01,HP_minus_LP,0.0
text64-PHY-LONG-2602.23683v1,q01,HP_minus_LP,0.0
text65-PHY-LONG-2601.13267v1,q01,HP_minus_LP,0.05
text66-PHY-LONG-2512.24566v1,q01,HP_minus_LP,0.14
text67-PHY-LONG-2602.07636v2,q01,HP_minus_LP,0.049999999999999975
text68-PHY-LONG-2512.18130v1,q01,HP_minus_LP,0.0
text69-PHY-LONG-2602.17389v1,q01,HP_minus_LP,-0.05999999999999996
text70-PHY-LONG-2602.08188v1,q01,HP_minus_LP,0.16999999999999998
text71-MATH-LONG-2511.12781v1,q01,HP_minus_LP,0.06000000000000001
text72-MATH-LONG-2602.06095v1,q01,HP_minus_LP,-0.009999999999999998
text73-MATH-LONG-2511.18101v1,q01,HP_minus_LP,-0.07999999999999999
text74-MATH-LONG-2512.15978v1,q01,HP_minus_LP,0.039999999999999994
text75-MATH-LONG-2511.22140v1,q01,HP_minus_LP,0.0
text76-MATH-LONG-2602.20441v1,q01,HP_minus_LP,0.0
text77-MATH-LONG-2601.20851v2,q01,HP_minus_LP,0.039999999999999994
text78-MATH-LONG-2512.17595v1,q01,HP_minus_LP,0.010000000000000009
text79-MATH-LONG-2512.10129v1,q01,HP_minus_LP,-0.049999999999999975
text80-MATH-LONG-2512.10507v1,q01,HP_minus_LP,0.0
text01-BIO-SHORT-2505.02276v1,q01,Name_x_Inst,0.0
text02-BIO-SHORT-2507.04575v1,q01,Name_x_Inst,0.0
text03-BIO-SHORT-2505.11568v3,q01,Name_x_Inst,0.020000000000000018
text04-BIO-SHORT-2507.08385v1,q01,Name_x_Inst,-0.10000000000000005
text05-BIO-SHORT-2504.10973v1,q01,Name_x_Inst,0.0
text06-BIO-SHORT-2506.14789v1,q01,Name_x_Inst,0.0
text07-BIO-SHORT-2506.13576v3,q01,Name_x_Inst,0.06000000000000001
text08-BIO-SHORT-2503.19923v2,q01,Name_x_Inst,0.039999999999999994
text09-BIO-SHORT-2602.00019v1,q01,Name_x_Inst,0.020000000000000018
text10-BIO-SHORT-2506.13817v1,q01,Name_x_Inst,-0.06000000000000001
text11-CS-SHORT-2506.09194v1,q01,Name_x_Inst,-0.07999999999999999
text12-CS-SHORT-2512.19717v1,q01,Name_x_Inst,-0.020000000000000018
text13-CS-SHORT-2510.04124v5,q01,Name_x_Inst,0.0
text14-CS-SHORT-2509.13349v2,q01,Name_x_Inst,-0.11999999999999997
text15-CS-SHORT-2602.03870v1,q01,Name_x_Inst,0.020000000000000018
text16-CS-SHORT-2509.06033v1,q01,Name_x_Inst,-0.1
text17-CS-SHORT-2509.16294v1,q01,Name_x_Inst,-0.019999999999999973
text18-CS-SHORT-2507.09492v1,q01,Name_x_Inst,0.0
text19-CS-SHORT-2509.14600v1,q01,Name_x_Inst,0.24000000000000005
text20-CS-SHORT-2503.14899v1,q01,Name_x_Inst,0.05999999999999996
text21-PHY-SHORT-2601.23079v1,q01,Name_x_Inst,0.0
text22-PHY-SHORT-2601.23047v1,q01,Name_x_Inst,0.07999999999999999
text23-PHY-SHORT-2601.23057v1,q01,Name_x_Inst,-0.11999999999999997
text24-PHY-SHORT-2509.16741v1,q01,Name_x_Inst,0.020000000000000018
text25-PHY-SHORT-2507.08042v1,q01,Name_x_Inst,0.16000000000000006
text26-PHY-SHORT-2512.23538v1,q01,Name_x_Inst,0.0
text27-PHY-SHORT-2510.18500v1,q01,Name_x_Inst,-4.4408920985006264e-17
text28-PHY-SHORT-2508.20431v1,q01,Name_x_Inst,0.020000000000000018
text29-PHY-SHORT-2509.06825v1,q01,Name_x_Inst,0.0
text30-PHY-SHORT-2509.17653v2,q01,Name_x_Inst,0.0
text31-MATH-SHORT-2511.03536v1,q01,Name_x_Inst,0.06000000000000001
text32-MATH-SHORT-2603.02088v1,q01,Name_x_Inst,-0.05999999999999996
text33-MATH-SHORT-2512.22134v3,q01,Name_x_Inst,4.4408920985006264e-17
text34-MATH-SHORT-2509.00532v1,q01,Name_x_Inst,-0.06000000000000001
text35-MATH-SHORT-2512.06844v1,q01,Name_x_Inst,0.0
text36-MATH-SHORT-2503.09380v2,q01,Name_x_Inst,0.0
text37-MATH-SHORT-2510.26426v1,q01,Name_x_Inst,0.0
text38-MATH-SHORT-2512.04101v1,q01,Name_x_Inst,0.12000000000000002
text39-MATH-SHORT-2506.11609v2,q01,Name_x_Inst,0.039999999999999945
text40-MATH-SHORT-2507.15879v2,q01,Name_x_Inst,0.0
text41-BIO-LONG-2512.06709v1,q01,Name_x_Inst,0.06000000000000001
text42-BIO-LONG-2503.07104v1,q01,Name_x_Inst,0.039999999999999994
text43-BIO-LONG-2506.16577v1,q01,Name_x_Inst,0.0
text44-BIO-LONG-2505.20052v1,q01,Name_x_Inst,0.0
text45-BIO-LONG-2507.17897v4,q01,Name_x_Inst,0.020000000000000018
text46-BIO-LONG-2505.05863v1,q01,Name_x_Inst,-0.13999999999999999
text47-BIO-LONG-2505.21094v1,q01,Name_x_Inst,0.0
text48-BIO-LONG-2602.16750v1,q01,Name_x_Inst,0.0
text49-BIO-LONG-2511.10014v1,q01,Name_x_Inst,0.11999999999999997
text50-BIO-LONG-2603.01054v1,q01,Name_x_Inst,-0.020000000000000018
text51-CS-LONG-2602.11588v1,q01,Name_x_Inst,0.0
text52-CS-LONG-2602.15675v1,q01,Name_x_Inst,0.0
text53-CS-LONG-2603.02012v1,q01,Name_x_Inst,0.0
text54-CS-LONG-2602.23006v1,q01,Name_x_Inst,0.12000000000000002
text55-CS-LONG-2602.21625v1,q01,Name_x_Inst,0.020000000000000018
text56-CS-LONG-2602.13713v1,q01,Name_x_Inst,0.0
text57-CS-LONG-2603.00079v1,q01,Name_x_Inst,-0.020000000000000018
text58-CS-LONG-2603.01023v1,q01,Name_x_Inst,0.0
text59-CS-LONG-2602.19401v1,q01,Name_x_Inst,-0.07999999999999999
text60-CS-LONG-2602.18518v1,q01,Name_x_Inst,0.0
text61-PHY-LONG-2602.03885v1,q01,Name_x_Inst,0.0
text62-PHY-LONG-2511.21971v1,q01,Name_x_Inst,0.039999999999999994
text63-PHY-LONG-2512.18015v1,q01,Name_x_Inst,0.0
text64-PHY-LONG-2602.23683v1,q01,Name_x_Inst,0.0
text65-PHY-LONG-2601.13267v1,q01,Name_x_Inst,0.1
text66-PHY-LONG-2512.24566v1,q01,Name_x_Inst,0.039999999999999994
text67-PHY-LONG-2602.07636v2,q01,Name_x_Inst,-0.06000000000000001
text68-PHY-LONG-2512.18130v1,q01,Name_x_Inst,0.0
text69-PHY-LONG-2602.17389v1,q01,Name_x_Inst,0.15999999999999998
text70-PHY-LONG-2602.08188v1,q01,Name_x_Inst,0.06000000000000001
text71-MATH-LONG-2511.12781v1,q01,Name_x_Inst,-0.12000000000000002
text72-MATH-LONG-2602.06095v1,q01,Name_x_Inst,0.019999999999999997
text73-MATH-LONG-2511.18101v1,q01,Name_x_Inst,0.0
text74-MATH-LONG-2512.15978v1,q01,Name_x_Inst,-0.07999999999999999
text75-MATH-LONG-2511.22140v1,q01,Name_x_Inst,0.0
text76-MATH-LONG-2602.20441v1,q01,Name_x_Inst,0.0
text77-MATH-LONG-2601.20851v2,q01,Name_x_Inst,0.07999999999999999
text78-MATH-LONG-2512.17595v1,q01,Name_x_Inst,0.020000000000000018
text79-MATH-LONG-2512.10129v1,q01,Name_x_Inst,0.13999999999999999
text80-MATH-LONG-2512.10507v1,q01,Name_x_Inst,0.0
text01-BIO-SHORT-2505.02276v1,q01,Name_x_Bibliometrics,0.0
text02-BIO-SHORT-2507.04575v1,q01,Name_x_Bibliometrics,0.0
text03-BIO-SHORT-2505.11568v3,q01,Name_x_Bibliometrics,-0.020000000000000018
text04-BIO-SHORT-2507.08385v1,q01,Name_x_Bibliometrics,-0.09999999999999995
text05-BIO-SHORT-2504.10973v1,q01,Name_x_Bibliometrics,0.15999999999999998
text06-BIO-SHORT-2506.14789v1,q01,Name_x_Bibliometrics,0.0
text07-BIO-SHORT-2506.13576v3,q01,Name_x_Bibliometrics,0.06000000000000001
text08-BIO-SHORT-2503.19923v2,q01,Name_x_Bibliometrics,0.039999999999999994
text09-BIO-SHORT-2602.00019v1,q01,Name_x_Bibliometrics,-0.020000000000000018
text10-BIO-SHORT-2506.13817v1,q01,Name_x_Bibliometrics,0.06000000000000001
text11-CS-SHORT-2506.09194v1,q01,Name_x_Bibliometrics,0.15999999999999998
text12-CS-SHORT-2512.19717v1,q01,Name_x_Bibliometrics,0.020000000000000018
text13-CS-SHORT-2510.04124v5,q01,Name_x_Bibliometrics,0.0
text14-CS-SHORT-2509.13349v2,q01,Name_x_Bibliometrics,-0.11999999999999997
text15-CS-SHORT-2602.03870v1,q01,Name_x_Bibliometrics,0.020000000000000018
text16-CS-SHORT-2509.06033v1,q01,Name_x_Bibliometrics,-0.1
text17-CS-SHORT-2509.16294v1,q01,Name_x_Bibliometrics,-0.21999999999999997
text18-CS-SHORT-2507.09492v1,q01,Name_x_Bibliometrics,0.0
text19-CS-SHORT-2509.14600v1,q01,Name_x_Bibliometrics,0.0
text20-CS-SHORT-2503.14899v1,q01,Name_x_Bibliometrics,-0.05999999999999996
text21-PHY-SHORT-2601.23079v1,q01,Name_x_Bibliometrics,0.0
text22-PHY-SHORT-2601.23047v1,q01,Name_x_Bibliometrics,0.07999999999999999
text23-PHY-SHORT-2601.23057v1,q01,Name_x_Bibliometrics,0.08000000000000003
text24-PHY-SHORT-2509.16741v1,q01,Name_x_Bibliometrics,0.020000000000000018
text25-PHY-SHORT-2507.08042v1,q01,Name_x_Bibliometrics,-0.08000000000000004
text26-PHY-SHORT-2512.23538v1,q01,Name_x_Bibliometrics,0.0
text27-PHY-SHORT-2510.18500v1,q01,Name_x_Bibliometrics,-0.24
text28-PHY-SHORT-2508.20431v1,q01,Name_x_Bibliometrics,-0.020000000000000018
text29-PHY-SHORT-2509.06825v1,q01,Name_x_Bibliometrics,0.0
text30-PHY-SHORT-2509.17653v2,q01,Name_x_Bibliometrics,0.0
text31-MATH-SHORT-2511.03536v1,q01,Name_x_Bibliometrics,-0.06000000000000001
text32-MATH-SHORT-2603.02088v1,q01,Name_x_Bibliometrics,-0.1
text33-MATH-SHORT-2512.22134v3,q01,Name_x_Bibliometrics,-0.12000000000000006
text34-MATH-SHORT-2509.00532v1,q01,Name_x_Bibliometrics,-0.13999999999999999
text35-MATH-SHORT-2512.06844v1,q01,Name_x_Bibliometrics,0.0
text36-MATH-SHORT-2503.09380v2,q01,Name_x_Bibliometrics,0.15999999999999998
text37-MATH-SHORT-2510.26426v1,q01,Name_x_Bibliometrics,0.15999999999999998
text38-MATH-SHORT-2512.04101v1,q01,Name_x_Bibliometrics,0.07999999999999999
text39-MATH-SHORT-2506.11609v2,q01,Name_x_Bibliometrics,0.07999999999999999
text40-MATH-SHORT-2507.15879v2,q01,Name_x_Bibliometrics,0.0
text41-BIO-LONG-2512.06709v1,q01,Name_x_Bibliometrics,0.06000000000000001
text42-BIO-LONG-2503.07104v1,q01,Name_x_Bibliometrics,-0.07999999999999993
text43-BIO-LONG-2506.16577v1,q01,Name_x_Bibliometrics,0.0
text44-BIO-LONG-2505.20052v1,q01,Name_x_Bibliometrics,0.0
text45-BIO-LONG-2507.17897v4,q01,Name_x_Bibliometrics,0.020000000000000018
text46-BIO-LONG-2505.05863v1,q01,Name_x_Bibliometrics,-0.21999999999999997
text47-BIO-LONG-2505.21094v1,q01,Name_x_Bibliometrics,0.0
text48-BIO-LONG-2602.16750v1,q01,Name_x_Bibliometrics,0.0
text49-BIO-LONG-2511.10014v1,q01,Name_x_Bibliometrics,-0.11999999999999997
text50-BIO-LONG-2603.01054v1,q01,Name_x_Bibliometrics,-0.020000000000000018
text51-CS-LONG-2602.11588v1,q01,Name_x_Bibliometrics,0.0
text52-CS-LONG-2602.15675v1,q01,Name_x_Bibliometrics,0.0
text53-CS-LONG-2603.02012v1,q01,Name_x_Bibliometrics,0.0
text54-CS-LONG-2602.23006v1,q01,Name_x_Bibliometrics,-0.12000000000000002
text55-CS-LONG-2602.21625v1,q01,Name_x_Bibliometrics,-0.13999999999999996
text56-CS-LONG-2602.13713v1,q01,Name_x_Bibliometrics,0.0
text57-CS-LONG-2603.00079v1,q01,Name_x_Bibliometrics,-0.020000000000000018
text58-CS-LONG-2603.01023v1,q01,Name_x_Bibliometrics,0.0
text59-CS-LONG-2602.19401v1,q01,Name_x_Bibliometrics,-0.07999999999999999
text60-CS-LONG-2602.18518v1,q01,Name_x_Bibliometrics,-0.15999999999999998
text61-PHY-LONG-2602.03885v1,q01,Name_x_Bibliometrics,0.0
text62-PHY-LONG-2511.21971v1,q01,Name_x_Bibliometrics,-0.11999999999999997
text63-PHY-LONG-2512.18015v1,q01,Name_x_Bibliometrics,0.0
text64-PHY-LONG-2602.23683v1,q01,Name_x_Bibliometrics,0.0
text65-PHY-LONG-2601.13267v1,q01,Name_x_Bibliometrics,0.05999999999999996
text66-PHY-LONG-2512.24566v1,q01,Name_x_Bibliometrics,-0.039999999999999994
text67-PHY-LONG-2602.07636v2,q01,Name_x_Bibliometrics,-0.019999999999999973
text68-PHY-LONG-2512.18130v1,q01,Name_x_Bibliometrics,0.0
text69-PHY-LONG-2602.17389v1,q01,Name_x_Bibliometrics,0.0
text70-PHY-LONG-2602.08188v1,q01,Name_x_Bibliometrics,-0.13999999999999999
text71-MATH-LONG-2511.12781v1,q01,Name_x_Bibliometrics,0.0
text72-MATH-LONG-2602.06095v1,q01,Name_x_Bibliometrics,0.019999999999999997
text73-MATH-LONG-2511.18101v1,q01,Name_x_Bibliometrics,-0.11999999999999993
text74-MATH-LONG-2512.15978v1,q01,Name_x_Bibliometrics,-0.07999999999999999
text75-MATH-LONG-2511.22140v1,q01,Name_x_Bibliometrics,0.0
text76-MATH-LONG-2602.20441v1,q01,Name_x_Bibliometrics,0.0
text77-MATH-LONG-2601.20851v2,q01,Name_x_Bibliometrics,0.07999999999999999
text78-MATH-LONG-2512.17595v1,q01,Name_x_Bibliometrics,0.020000000000000018
text79-MATH-LONG-2512.10129v1,q01,Name_x_Bibliometrics,0.13999999999999999
text80-MATH-LONG-2512.10507v1,q01,Name_x_Bibliometrics,0.0
text01-BIO-SHORT-2505.02276v1,q01,Inst_x_Bibliometrics,0.0
text02-BIO-SHORT-2507.04575v1,q01,Inst_x_Bibliometrics,0.0
text03-BIO-SHORT-2505.11568v3,q01,Inst_x_Bibliometrics,0.020000000000000018
text04-BIO-SHORT-2507.08385v1,q01,Inst_x_Bibliometrics,-0.06000000000000001
text05-BIO-SHORT-2504.10973v1,q01,Inst_x_Bibliometrics,-0.040000000000000036
text06-BIO-SHORT-2506.14789v1,q01,Inst_x_Bibliometrics,0.0
text07-BIO-SHORT-2506.13576v3,q01,Inst_x_Bibliometrics,-0.019999999999999973
text08-BIO-SHORT-2503.19923v2,q01,Inst_x_Bibliometrics,0.039999999999999994
text09-BIO-SHORT-2602.00019v1,q01,Inst_x_Bibliometrics,0.020000000000000018
text10-BIO-SHORT-2506.13817v1,q01,Inst_x_Bibliometrics,-0.33999999999999997
text11-CS-SHORT-2506.09194v1,q01,Inst_x_Bibliometrics,0.0
text12-CS-SHORT-2512.19717v1,q01,Inst_x_Bibliometrics,-0.18
text13-CS-SHORT-2510.04124v5,q01,Inst_x_Bibliometrics,0.0
text14-CS-SHORT-2509.13349v2,q01,Inst_x_Bibliometrics,-0.16
text15-CS-SHORT-2602.03870v1,q01,Inst_x_Bibliometrics,0.020000000000000018
text16-CS-SHORT-2509.06033v1,q01,Inst_x_Bibliometrics,-0.05999999999999996
text17-CS-SHORT-2509.16294v1,q01,Inst_x_Bibliometrics,-0.019999999999999973
text18-CS-SHORT-2507.09492v1,q01,Inst_x_Bibliometrics,0.0
text19-CS-SHORT-2509.14600v1,q01,Inst_x_Bibliometrics,0.0
text20-CS-SHORT-2503.14899v1,q01,Inst_x_Bibliometrics,-0.020000000000000018
text21-PHY-SHORT-2601.23079v1,q01,Inst_x_Bibliometrics,0.0
text22-PHY-SHORT-2601.23047v1,q01,Inst_x_Bibliometrics,-0.07999999999999999
text23-PHY-SHORT-2601.23057v1,q01,Inst_x_Bibliometrics,0.039999999999999994
text24-PHY-SHORT-2509.16741v1,q01,Inst_x_Bibliometrics,0.020000000000000018
text25-PHY-SHORT-2507.08042v1,q01,Inst_x_Bibliometrics,0.08
text26-PHY-SHORT-2512.23538v1,q01,Inst_x_Bibliometrics,0.0
text27-PHY-SHORT-2510.18500v1,q01,Inst_x_Bibliometrics,-0.16
text28-PHY-SHORT-2508.20431v1,q01,Inst_x_Bibliometrics,-0.020000000000000018
text29-PHY-SHORT-2509.06825v1,q01,Inst_x_Bibliometrics,0.0
text30-PHY-SHORT-2509.17653v2,q01,Inst_x_Bibliometrics,0.0
text31-MATH-SHORT-2511.03536v1,q01,Inst_x_Bibliometrics,0.33999999999999997
text32-MATH-SHORT-2603.02088v1,q01,Inst_x_Bibliometrics,0.1
text33-MATH-SHORT-2512.22134v3,q01,Inst_x_Bibliometrics,-0.19999999999999996
text34-MATH-SHORT-2509.00532v1,q01,Inst_x_Bibliometrics,-0.019999999999999973
text35-MATH-SHORT-2512.06844v1,q01,Inst_x_Bibliometrics,0.0
text36-MATH-SHORT-2503.09380v2,q01,Inst_x_Bibliometrics,0.0
text37-MATH-SHORT-2510.26426v1,q01,Inst_x_Bibliometrics,0.0
text38-MATH-SHORT-2512.04101v1,q01,Inst_x_Bibliometrics,-0.07999999999999999
text39-MATH-SHORT-2506.11609v2,q01,Inst_x_Bibliometrics,-0.12000000000000002
text40-MATH-SHORT-2507.15879v2,q01,Inst_x_Bibliometrics,0.0
text41-BIO-LONG-2512.06709v1,q01,Inst_x_Bibliometrics,-0.06000000000000001
text42-BIO-LONG-2503.07104v1,q01,Inst_x_Bibliometrics,0.039999999999999994
text43-BIO-LONG-2506.16577v1,q01,Inst_x_Bibliometrics,0.0
text44-BIO-LONG-2505.20052v1,q01,Inst_x_Bibliometrics,0.0
text45-BIO-LONG-2507.17897v4,q01,Inst_x_Bibliometrics,-0.020000000000000018
text46-BIO-LONG-2505.05863v1,q01,Inst_x_Bibliometrics,0.09999999999999995
text47-BIO-LONG-2505.21094v1,q01,Inst_x_Bibliometrics,0.0
text48-BIO-LONG-2602.16750v1,q01,Inst_x_Bibliometrics,0.0
text49-BIO-LONG-2511.10014v1,q01,Inst_x_Bibliometrics,0.11999999999999997
text50-BIO-LONG-2603.01054v1,q01,Inst_x_Bibliometrics,-0.020000000000000018
text51-CS-LONG-2602.11588v1,q01,Inst_x_Bibliometrics,0.0
text52-CS-LONG-2602.15675v1,q01,Inst_x_Bibliometrics,0.0
text53-CS-LONG-2603.02012v1,q01,Inst_x_Bibliometrics,0.0
text54-CS-LONG-2602.23006v1,q01,Inst_x_Bibliometrics,-0.23999999999999994
text55-CS-LONG-2602.21625v1,q01,Inst_x_Bibliometrics,0.020000000000000018
text56-CS-LONG-2602.13713v1,q01,Inst_x_Bibliometrics,0.0
text57-CS-LONG-2603.00079v1,q01,Inst_x_Bibliometrics,-0.020000000000000018
text58-CS-LONG-2603.01023v1,q01,Inst_x_Bibliometrics,0.0
text59-CS-LONG-2602.19401v1,q01,Inst_x_Bibliometrics,-0.07999999999999999
text60-CS-LONG-2602.18518v1,q01,Inst_x_Bibliometrics,0.0
text61-PHY-LONG-2602.03885v1,q01,Inst_x_Bibliometrics,0.0
text62-PHY-LONG-2511.21971v1,q01,Inst_x_Bibliometrics,0.24
text63-PHY-LONG-2512.18015v1,q01,Inst_x_Bibliometrics,0.0
text64-PHY-LONG-2602.23683v1,q01,Inst_x_Bibliometrics,0.0
text65-PHY-LONG-2601.13267v1,q01,Inst_x_Bibliometrics,0.1
text66-PHY-LONG-2512.24566v1,q01,Inst_x_Bibliometrics,0.11999999999999997
text67-PHY-LONG-2602.07636v2,q01,Inst_x_Bibliometrics,0.13999999999999999
text68-PHY-LONG-2512.18130v1,q01,Inst_x_Bibliometrics,0.0
text69-PHY-LONG-2602.17389v1,q01,Inst_x_Bibliometrics,0.2
text70-PHY-LONG-2602.08188v1,q01,Inst_x_Bibliometrics,0.09999999999999995
text71-MATH-LONG-2511.12781v1,q01,Inst_x_Bibliometrics,0.07999999999999999
text72-MATH-LONG-2602.06095v1,q01,Inst_x_Bibliometrics,-0.019999999999999997
text73-MATH-LONG-2511.18101v1,q01,Inst_x_Bibliometrics,0.2
text74-MATH-LONG-2512.15978v1,q01,Inst_x_Bibliometrics,-0.07999999999999999
text75-MATH-LONG-2511.22140v1,q01,Inst_x_Bibliometrics,0.0
text76-MATH-LONG-2602.20441v1,q01,Inst_x_Bibliometrics,0.0
text77-MATH-LONG-2601.20851v2,q01,Inst_x_Bibliometrics,-0.07999999999999999
text78-MATH-LONG-2512.17595v1,q01,Inst_x_Bibliometrics,-0.06000000000000005
text79-MATH-LONG-2512.10129v1,q01,Inst_x_Bibliometrics,0.06000000000000001
text80-MATH-LONG-2512.10507v1,q01,Inst_x_Bibliometrics,0.0
text01-BIO-SHORT-2505.02276v1,q02,BF_minus_WM,0.0
text02-BIO-SHORT-2507.04575v1,q02,BF_minus_WM,0.010000000000000009
text03-BIO-SHORT-2505.11568v3,q02,BF_minus_WM,0.0
text04-BIO-SHORT-2507.08385v1,q02,BF_minus_WM,0.08
text05-BIO-SHORT-2504.10973v1,q02,BF_minus_WM,-0.10000000000000005
text06-BIO-SHORT-2506.14789v1,q02,BF_minus_WM,-0.010000000000000009
text07-BIO-SHORT-2506.13576v3,q02,BF_minus_WM,0.030000000000000006
text08-BIO-SHORT-2503.19923v2,q02,BF_minus_WM,0.019999999999999997
text09-BIO-SHORT-2602.00019v1,q02,BF_minus_WM,0.04
text10-BIO-SHORT-2506.13817v1,q02,BF_minus_WM,0.0
text11-CS-SHORT-2506.09194v1,q02,BF_minus_WM,-0.029999999999999992
text12-CS-SHORT-2512.19717v1,q02,BF_minus_WM,-0.010000000000000031
text13-CS-SHORT-2510.04124v5,q02,BF_minus_WM,0.040000000000000036
text14-CS-SHORT-2509.13349v2,q02,BF_minus_WM,-0.039999999999999994
text15-CS-SHORT-2602.03870v1,q02,BF_minus_WM,-0.010000000000000009
text16-CS-SHORT-2509.06033v1,q02,BF_minus_WM,0.04
text17-CS-SHORT-2509.16294v1,q02,BF_minus_WM,-0.05
text18-CS-SHORT-2507.09492v1,q02,BF_minus_WM,0.0
text19-CS-SHORT-2509.14600v1,q02,BF_minus_WM,-0.09
text20-CS-SHORT-2503.14899v1,q02,BF_minus_WM,-0.019999999999999983
text21-PHY-SHORT-2601.23079v1,q02,BF_minus_WM,-0.11999999999999997
text22-PHY-SHORT-2601.23047v1,q02,BF_minus_WM,-0.02999999999999998
text23-PHY-SHORT-2601.23057v1,q02,BF_minus_WM,-0.039999999999999994
text24-PHY-SHORT-2509.16741v1,q02,BF_minus_WM,-0.07999999999999999
text25-PHY-SHORT-2507.08042v1,q02,BF_minus_WM,-0.08000000000000002
text26-PHY-SHORT-2512.23538v1,q02,BF_minus_WM,0.0
text27-PHY-SHORT-2510.18500v1,q02,BF_minus_WM,0.019999999999999997
text28-PHY-SHORT-2508.20431v1,q02,BF_minus_WM,0.0
text29-PHY-SHORT-2509.06825v1,q02,BF_minus_WM,-0.12000000000000002
text30-PHY-SHORT-2509.17653v2,q02,BF_minus_WM,0.09999999999999999
text31-MATH-SHORT-2511.03536v1,q02,BF_minus_WM,-0.020000000000000018
text32-MATH-SHORT-2603.02088v1,q02,BF_minus_WM,0.059999999999999984
text33-MATH-SHORT-2512.22134v3,q02,BF_minus_WM,-0.06999999999999998
text34-MATH-SHORT-2509.00532v1,q02,BF_minus_WM,-0.15
text35-MATH-SHORT-2512.06844v1,q02,BF_minus_WM,-0.05
text36-MATH-SHORT-2503.09380v2,q02,BF_minus_WM,-1.1102230246251566e-17
text37-MATH-SHORT-2510.26426v1,q02,BF_minus_WM,0.10999999999999999
text38-MATH-SHORT-2512.04101v1,q02,BF_minus_WM,0.0
text39-MATH-SHORT-2506.11609v2,q02,BF_minus_WM,0.019999999999999997
text40-MATH-SHORT-2507.15879v2,q02,BF_minus_WM,0.06999999999999999
text41-BIO-LONG-2512.06709v1,q02,BF_minus_WM,-0.030000000000000006
text42-BIO-LONG-2503.07104v1,q02,BF_minus_WM,0.0
text43-BIO-LONG-2506.16577v1,q02,BF_minus_WM,0.09
text44-BIO-LONG-2505.20052v1,q02,BF_minus_WM,-0.06999999999999998
text45-BIO-LONG-2507.17897v4,q02,BF_minus_WM,0.010000000000000009
text46-BIO-LONG-2505.05863v1,q02,BF_minus_WM,-0.009999999999999998
text47-BIO-LONG-2505.21094v1,q02,BF_minus_WM,0.04999999999999999
text48-BIO-LONG-2602.16750v1,q02,BF_minus_WM,0.0
text49-BIO-LONG-2511.10014v1,q02,BF_minus_WM,-2.2204460492503132e-17
text50-BIO-LONG-2603.01054v1,q02,BF_minus_WM,-0.06000000000000001
text51-CS-LONG-2602.11588v1,q02,BF_minus_WM,0.0
text52-CS-LONG-2602.15675v1,q02,BF_minus_WM,0.0
text53-CS-LONG-2603.02012v1,q02,BF_minus_WM,0.0
text54-CS-LONG-2602.23006v1,q02,BF_minus_WM,0.05
text55-CS-LONG-2602.21625v1,q02,BF_minus_WM,0.15999999999999998
text56-CS-LONG-2602.13713v1,q02,BF_minus_WM,-0.019999999999999997
text57-CS-LONG-2603.00079v1,q02,BF_minus_WM,0.15
text58-CS-LONG-2603.01023v1,q02,BF_minus_WM,0.0
text59-CS-LONG-2602.19401v1,q02,BF_minus_WM,-0.009999999999999998
text60-CS-LONG-2602.18518v1,q02,BF_minus_WM,0.0
text61-PHY-LONG-2602.03885v1,q02,BF_minus_WM,-0.010000000000000009
text62-PHY-LONG-2511.21971v1,q02,BF_minus_WM,0.13999999999999999
text63-PHY-LONG-2512.18015v1,q02,BF_minus_WM,-0.04
text64-PHY-LONG-2602.23683v1,q02,BF_minus_WM,-0.059999999999999984
text65-PHY-LONG-2601.13267v1,q02,BF_minus_WM,0.009999999999999986
text66-PHY-LONG-2512.24566v1,q02,BF_minus_WM,-0.03999999999999998
text67-PHY-LONG-2602.07636v2,q02,BF_minus_WM,0.02999999999999998
text68-PHY-LONG-2512.18130v1,q02,BF_minus_WM,-0.04999999999999999
text69-PHY-LONG-2602.17389v1,q02,BF_minus_WM,-0.010000000000000009
text70-PHY-LONG-2602.08188v1,q02,BF_minus_WM,-0.06000000000000001
text71-MATH-LONG-2511.12781v1,q02,BF_minus_WM,0.010000000000000009
text72-MATH-LONG-2602.06095v1,q02,BF_minus_WM,0.20999999999999996
text73-MATH-LONG-2511.18101v1,q02,BF_minus_WM,0.02999999999999998
text74-MATH-LONG-2512.15978v1,q02,BF_minus_WM,-0.010000000000000009
text75-MATH-LONG-2511.22140v1,q02,BF_minus_WM,0.09
text76-MATH-LONG-2602.20441v1,q02,BF_minus_WM,0.0
text77-MATH-LONG-2601.20851v2,q02,BF_minus_WM,-0.039999999999999994
text78-MATH-LONG-2512.17595v1,q02,BF_minus_WM,0.0
text79-MATH-LONG-2512.10129v1,q02,BF_minus_WM,0.0
text80-MATH-LONG-2512.10507v1,q02,BF_minus_WM,0.13999999999999996
text01-BIO-SHORT-2505.02276v1,q02,HI_minus_LI,0.019999999999999997
text02-BIO-SHORT-2507.04575v1,q02,HI_minus_LI,0.010000000000000009
text03-BIO-SHORT-2505.11568v3,q02,HI_minus_LI,0.020000000000000018
text04-BIO-SHORT-2507.08385v1,q02,HI_minus_LI,0.12
text05-BIO-SHORT-2504.10973v1,q02,HI_minus_LI,-0.039999999999999994
text06-BIO-SHORT-2506.14789v1,q02,HI_minus_LI,0.010000000000000009
text07-BIO-SHORT-2506.13576v3,q02,HI_minus_LI,0.14999999999999997
text08-BIO-SHORT-2503.19923v2,q02,HI_minus_LI,-0.019999999999999997
text09-BIO-SHORT-2602.00019v1,q02,HI_minus_LI,0.16
text10-BIO-SHORT-2506.13817v1,q02,HI_minus_LI,0.020000000000000018
text11-CS-SHORT-2506.09194v1,q02,HI_minus_LI,0.009999999999999998
text12-CS-SHORT-2512.19717v1,q02,HI_minus_LI,0.20999999999999996
text13-CS-SHORT-2510.04124v5,q02,HI_minus_LI,-0.020000000000000018
text14-CS-SHORT-2509.13349v2,q02,HI_minus_LI,0.16
text15-CS-SHORT-2602.03870v1,q02,HI_minus_LI,-0.09
text16-CS-SHORT-2509.06033v1,q02,HI_minus_LI,0.04
text17-CS-SHORT-2509.16294v1,q02,HI_minus_LI,0.010000000000000009
text18-CS-SHORT-2507.09492v1,q02,HI_minus_LI,0.0
text19-CS-SHORT-2509.14600v1,q02,HI_minus_LI,0.05
text20-CS-SHORT-2503.14899v1,q02,HI_minus_LI,0.020000000000000007
text21-PHY-SHORT-2601.23079v1,q02,HI_minus_LI,-0.07999999999999999
text22-PHY-SHORT-2601.23047v1,q02,HI_minus_LI,0.010000000000000009
text23-PHY-SHORT-2601.23057v1,q02,HI_minus_LI,0.039999999999999994
text24-PHY-SHORT-2509.16741v1,q02,HI_minus_LI,-0.1
text25-PHY-SHORT-2507.08042v1,q02,HI_minus_LI,-0.14
text26-PHY-SHORT-2512.23538v1,q02,HI_minus_LI,0.0
text27-PHY-SHORT-2510.18500v1,q02,HI_minus_LI,0.059999999999999984
text28-PHY-SHORT-2508.20431v1,q02,HI_minus_LI,0.0
text29-PHY-SHORT-2509.06825v1,q02,HI_minus_LI,-0.12
text30-PHY-SHORT-2509.17653v2,q02,HI_minus_LI,0.19999999999999998
text31-MATH-SHORT-2511.03536v1,q02,HI_minus_LI,0.06000000000000001
text32-MATH-SHORT-2603.02088v1,q02,HI_minus_LI,-0.019999999999999997
text33-MATH-SHORT-2512.22134v3,q02,HI_minus_LI,0.09
text34-MATH-SHORT-2509.00532v1,q02,HI_minus_LI,-0.06999999999999999
text35-MATH-SHORT-2512.06844v1,q02,HI_minus_LI,0.05
text36-MATH-SHORT-2503.09380v2,q02,HI_minus_LI,0.1
text37-MATH-SHORT-2510.26426v1,q02,HI_minus_LI,0.07000000000000003
text38-MATH-SHORT-2512.04101v1,q02,HI_minus_LI,0.1
text39-MATH-SHORT-2506.11609v2,q02,HI_minus_LI,0.019999999999999997
text40-MATH-SHORT-2507.15879v2,q02,HI_minus_LI,-0.050000000000000024
text41-BIO-LONG-2512.06709v1,q02,HI_minus_LI,0.030000000000000006
text42-BIO-LONG-2503.07104v1,q02,HI_minus_LI,0.0
text43-BIO-LONG-2506.16577v1,q02,HI_minus_LI,0.09
text44-BIO-LONG-2505.20052v1,q02,HI_minus_LI,0.010000000000000009
text45-BIO-LONG-2507.17897v4,q02,HI_minus_LI,0.010000000000000009
text46-BIO-LONG-2505.05863v1,q02,HI_minus_LI,-0.009999999999999998
text47-BIO-LONG-2505.21094v1,q02,HI_minus_LI,0.15
text48-BIO-LONG-2602.16750v1,q02,HI_minus_LI,0.0
text49-BIO-LONG-2511.10014v1,q02,HI_minus_LI,-0.019999999999999997
text50-BIO-LONG-2603.01054v1,q02,HI_minus_LI,0.039999999999999994
text51-CS-LONG-2602.11588v1,q02,HI_minus_LI,0.0
text52-CS-LONG-2602.15675v1,q02,HI_minus_LI,0.0
text53-CS-LONG-2603.02012v1,q02,HI_minus_LI,0.0
text54-CS-LONG-2602.23006v1,q02,HI_minus_LI,0.05
text55-CS-LONG-2602.21625v1,q02,HI_minus_LI,0.1
text56-CS-LONG-2602.13713v1,q02,HI_minus_LI,0.13999999999999996
text57-CS-LONG-2603.00079v1,q02,HI_minus_LI,0.09000000000000004
text58-CS-LONG-2603.01023v1,q02,HI_minus_LI,0.0
text59-CS-LONG-2602.19401v1,q02,HI_minus_LI,-0.029999999999999992
text60-CS-LONG-2602.18518v1,q02,HI_minus_LI,0.0
text61-PHY-LONG-2602.03885v1,q02,HI_minus_LI,0.010000000000000009
text62-PHY-LONG-2511.21971v1,q02,HI_minus_LI,0.26
text63-PHY-LONG-2512.18015v1,q02,HI_minus_LI,-0.06
text64-PHY-LONG-2602.23683v1,q02,HI_minus_LI,0.040000000000000015
text65-PHY-LONG-2601.13267v1,q02,HI_minus_LI,0.29000000000000004
text66-PHY-LONG-2512.24566v1,q02,HI_minus_LI,0.04
text67-PHY-LONG-2602.07636v2,q02,HI_minus_LI,0.05
text68-PHY-LONG-2512.18130v1,q02,HI_minus_LI,-0.029999999999999992
text69-PHY-LONG-2602.17389v1,q02,HI_minus_LI,0.09
text70-PHY-LONG-2602.08188v1,q02,HI_minus_LI,0.13999999999999999
text71-MATH-LONG-2511.12781v1,q02,HI_minus_LI,0.010000000000000009
text72-MATH-LONG-2602.06095v1,q02,HI_minus_LI,0.03
text73-MATH-LONG-2511.18101v1,q02,HI_minus_LI,-0.05
text74-MATH-LONG-2512.15978v1,q02,HI_minus_LI,0.09
text75-MATH-LONG-2511.22140v1,q02,HI_minus_LI,0.09
text76-MATH-LONG-2602.20441v1,q02,HI_minus_LI,0.0
text77-MATH-LONG-2601.20851v2,q02,HI_minus_LI,0.039999999999999994
text78-MATH-LONG-2512.17595v1,q02,HI_minus_LI,0.0
text79-MATH-LONG-2512.10129v1,q02,HI_minus_LI,0.0
text80-MATH-LONG-2512.10507v1,q02,HI_minus_LI,0.18
text01-BIO-SHORT-2505.02276v1,q02,HP_minus_LP,0.06000000000000001
text02-BIO-SHORT-2507.04575v1,q02,HP_minus_LP,-0.010000000000000009
text03-BIO-SHORT-2505.11568v3,q02,HP_minus_LP,0.020000000000000018
text04-BIO-SHORT-2507.08385v1,q02,HP_minus_LP,0.27999999999999997
text05-BIO-SHORT-2504.10973v1,q02,HP_minus_LP,0.13999999999999999
text06-BIO-SHORT-2506.14789v1,q02,HP_minus_LP,0.010000000000000009
text07-BIO-SHORT-2506.13576v3,q02,HP_minus_LP,-0.009999999999999986
text08-BIO-SHORT-2503.19923v2,q02,HP_minus_LP,-0.019999999999999997
text09-BIO-SHORT-2602.00019v1,q02,HP_minus_LP,0.04
text10-BIO-SHORT-2506.13817v1,q02,HP_minus_LP,0.0
text11-CS-SHORT-2506.09194v1,q02,HP_minus_LP,0.05000000000000001
text12-CS-SHORT-2512.19717v1,q02,HP_minus_LP,0.22999999999999998
text13-CS-SHORT-2510.04124v5,q02,HP_minus_LP,-0.020000000000000018
text14-CS-SHORT-2509.13349v2,q02,HP_minus_LP,0.16
text15-CS-SHORT-2602.03870v1,q02,HP_minus_LP,-0.010000000000000009
text16-CS-SHORT-2509.06033v1,q02,HP_minus_LP,0.04
text17-CS-SHORT-2509.16294v1,q02,HP_minus_LP,0.11000000000000001
text18-CS-SHORT-2507.09492v1,q02,HP_minus_LP,0.0
text19-CS-SHORT-2509.14600v1,q02,HP_minus_LP,0.09
text20-CS-SHORT-2503.14899v1,q02,HP_minus_LP,0.09999999999999999
text21-PHY-SHORT-2601.23079v1,q02,HP_minus_LP,0.22000000000000003
text22-PHY-SHORT-2601.23047v1,q02,HP_minus_LP,0.11000000000000001
text23-PHY-SHORT-2601.23057v1,q02,HP_minus_LP,0.16
text24-PHY-SHORT-2509.16741v1,q02,HP_minus_LP,0.2
text25-PHY-SHORT-2507.08042v1,q02,HP_minus_LP,0.1
text26-PHY-SHORT-2512.23538v1,q02,HP_minus_LP,0.0
text27-PHY-SHORT-2510.18500v1,q02,HP_minus_LP,0.08
text28-PHY-SHORT-2508.20431v1,q02,HP_minus_LP,0.0
text29-PHY-SHORT-2509.06825v1,q02,HP_minus_LP,0.12
text30-PHY-SHORT-2509.17653v2,q02,HP_minus_LP,0.16
text31-MATH-SHORT-2511.03536v1,q02,HP_minus_LP,0.1
text32-MATH-SHORT-2603.02088v1,q02,HP_minus_LP,0.27999999999999997
text33-MATH-SHORT-2512.22134v3,q02,HP_minus_LP,0.21000000000000002
text34-MATH-SHORT-2509.00532v1,q02,HP_minus_LP,-0.05
text35-MATH-SHORT-2512.06844v1,q02,HP_minus_LP,0.25
text36-MATH-SHORT-2503.09380v2,q02,HP_minus_LP,0.18
text37-MATH-SHORT-2510.26426v1,q02,HP_minus_LP,0.13
text38-MATH-SHORT-2512.04101v1,q02,HP_minus_LP,0.1
text39-MATH-SHORT-2506.11609v2,q02,HP_minus_LP,0.15999999999999998
text40-MATH-SHORT-2507.15879v2,q02,HP_minus_LP,0.06999999999999999
text41-BIO-LONG-2512.06709v1,q02,HP_minus_LP,0.030000000000000006
text42-BIO-LONG-2503.07104v1,q02,HP_minus_LP,0.0
text43-BIO-LONG-2506.16577v1,q02,HP_minus_LP,0.010000000000000009
text44-BIO-LONG-2505.20052v1,q02,HP_minus_LP,-0.010000000000000009
text45-BIO-LONG-2507.17897v4,q02,HP_minus_LP,-0.010000000000000009
text46-BIO-LONG-2505.05863v1,q02,HP_minus_LP,0.009999999999999998
text47-BIO-LONG-2505.21094v1,q02,HP_minus_LP,0.13000000000000003
text48-BIO-LONG-2602.16750v1,q02,HP_minus_LP,0.0
text49-BIO-LONG-2511.10014v1,q02,HP_minus_LP,0.09999999999999998
text50-BIO-LONG-2603.01054v1,q02,HP_minus_LP,0.13999999999999999
text51-CS-LONG-2602.11588v1,q02,HP_minus_LP,0.0
text52-CS-LONG-2602.15675v1,q02,HP_minus_LP,0.0
text53-CS-LONG-2603.02012v1,q02,HP_minus_LP,0.0
text54-CS-LONG-2602.23006v1,q02,HP_minus_LP,-0.05
text55-CS-LONG-2602.21625v1,q02,HP_minus_LP,-0.07999999999999999
text56-CS-LONG-2602.13713v1,q02,HP_minus_LP,0.15999999999999998
text57-CS-LONG-2603.00079v1,q02,HP_minus_LP,0.20999999999999996
text58-CS-LONG-2603.01023v1,q02,HP_minus_LP,0.0
text59-CS-LONG-2602.19401v1,q02,HP_minus_LP,-0.029999999999999992
text60-CS-LONG-2602.18518v1,q02,HP_minus_LP,0.0
text61-PHY-LONG-2602.03885v1,q02,HP_minus_LP,0.09
text62-PHY-LONG-2511.21971v1,q02,HP_minus_LP,0.04
text63-PHY-LONG-2512.18015v1,q02,HP_minus_LP,0.04000000000000001
text64-PHY-LONG-2602.23683v1,q02,HP_minus_LP,0.12
text65-PHY-LONG-2601.13267v1,q02,HP_minus_LP,0.22999999999999998
text66-PHY-LONG-2512.24566v1,q02,HP_minus_LP,0.22000000000000003
text67-PHY-LONG-2602.07636v2,q02,HP_minus_LP,0.05
text68-PHY-LONG-2512.18130v1,q02,HP_minus_LP,0.15
text69-PHY-LONG-2602.17389v1,q02,HP_minus_LP,0.09
text70-PHY-LONG-2602.08188v1,q02,HP_minus_LP,0.24
text71-MATH-LONG-2511.12781v1,q02,HP_minus_LP,0.010000000000000009
text72-MATH-LONG-2602.06095v1,q02,HP_minus_LP,0.16999999999999998
text73-MATH-LONG-2511.18101v1,q02,HP_minus_LP,-0.02999999999999998
text74-MATH-LONG-2512.15978v1,q02,HP_minus_LP,0.010000000000000009
text75-MATH-LONG-2511.22140v1,q02,HP_minus_LP,0.06999999999999998
text76-MATH-LONG-2602.20441v1,q02,HP_minus_LP,0.0
text77-MATH-LONG-2601.20851v2,q02,HP_minus_LP,0.039999999999999994
text78-MATH-LONG-2512.17595v1,q02,HP_minus_LP,0.0
text79-MATH-LONG-2512.10129v1,q02,HP_minus_LP,0.0
text80-MATH-LONG-2512.10507v1,q02,HP_minus_LP,0.2
text01-BIO-SHORT-2505.02276v1,q02,Name_x_Inst,0.0
text02-BIO-SHORT-2507.04575v1,q02,Name_x_Inst,-0.020000000000000018
text03-BIO-SHORT-2505.11568v3,q02,Name_x_Inst,0.040000000000000036
text04-BIO-SHORT-2507.08385v1,q02,Name_x_Inst,0.039999999999999994
text05-BIO-SHORT-2504.10973v1,q02,Name_x_Inst,-0.11999999999999993
text06-BIO-SHORT-2506.14789v1,q02,Name_x_Inst,0.020000000000000018
text07-BIO-SHORT-2506.13576v3,q02,Name_x_Inst,-0.06000000000000001
text08-BIO-SHORT-2503.19923v2,q02,Name_x_Inst,0.0
text09-BIO-SHORT-2602.00019v1,q02,Name_x_Inst,0.08
text10-BIO-SHORT-2506.13817v1,q02,Name_x_Inst,0.040000000000000036
text11-CS-SHORT-2506.09194v1,q02,Name_x_Inst,-0.22000000000000003
text12-CS-SHORT-2512.19717v1,q02,Name_x_Inst,-0.21999999999999997
text13-CS-SHORT-2510.04124v5,q02,Name_x_Inst,-0.16000000000000006
text14-CS-SHORT-2509.13349v2,q02,Name_x_Inst,-0.07999999999999999
text15-CS-SHORT-2602.03870v1,q02,Name_x_Inst,0.22000000000000003
text16-CS-SHORT-2509.06033v1,q02,Name_x_Inst,-0.08
text17-CS-SHORT-2509.16294v1,q02,Name_x_Inst,-0.019999999999999973
text18-CS-SHORT-2507.09492v1,q02,Name_x_Inst,0.0
text19-CS-SHORT-2509.14600v1,q02,Name_x_Inst,-0.1
text20-CS-SHORT-2503.14899v1,q02,Name_x_Inst,0.039999999999999966
text21-PHY-SHORT-2601.23079v1,q02,Name_x_Inst,0.07999999999999999
text22-PHY-SHORT-2601.23047v1,q02,Name_x_Inst,-0.1
text23-PHY-SHORT-2601.23057v1,q02,Name_x_Inst,0.07999999999999999
text24-PHY-SHORT-2509.16741v1,q02,Name_x_Inst,0.07999999999999999
text25-PHY-SHORT-2507.08042v1,q02,Name_x_Inst,0.039999999999999966
text26-PHY-SHORT-2512.23538v1,q02,Name_x_Inst,0.0
text27-PHY-SHORT-2510.18500v1,q02,Name_x_Inst,-0.11999999999999997
text28-PHY-SHORT-2508.20431v1,q02,Name_x_Inst,0.0
text29-PHY-SHORT-2509.06825v1,q02,Name_x_Inst,-0.07999999999999999
text30-PHY-SHORT-2509.17653v2,q02,Name_x_Inst,2.2204460492503132e-17
text31-MATH-SHORT-2511.03536v1,q02,Name_x_Inst,0.15999999999999998
text32-MATH-SHORT-2603.02088v1,q02,Name_x_Inst,-0.11999999999999997
text33-MATH-SHORT-2512.22134v3,q02,Name_x_Inst,-0.13999999999999996
text34-MATH-SHORT-2509.00532v1,q02,Name_x_Inst,-0.13999999999999999
text35-MATH-SHORT-2512.06844v1,q02,Name_x_Inst,-0.1
text36-MATH-SHORT-2503.09380v2,q02,Name_x_Inst,2.2204460492503132e-17
text37-MATH-SHORT-2510.26426v1,q02,Name_x_Inst,0.019999999999999973
text38-MATH-SHORT-2512.04101v1,q02,Name_x_Inst,0.0
text39-MATH-SHORT-2506.11609v2,q02,Name_x_Inst,-4.4408920985006264e-17
text40-MATH-SHORT-2507.15879v2,q02,Name_x_Inst,-0.06000000000000001
text41-BIO-LONG-2512.06709v1,q02,Name_x_Inst,0.06000000000000001
text42-BIO-LONG-2503.07104v1,q02,Name_x_Inst,0.0
text43-BIO-LONG-2506.16577v1,q02,Name_x_Inst,0.06000000000000005
text44-BIO-LONG-2505.20052v1,q02,Name_x_Inst,-0.18
text45-BIO-LONG-2507.17897v4,q02,Name_x_Inst,0.020000000000000018
text46-BIO-LONG-2505.05863v1,q02,Name_x_Inst,0.019999999999999997
text47-BIO-LONG-2505.21094v1,q02,Name_x_Inst,0.059999999999999984
text48-BIO-LONG-2602.16750v1,q02,Name_x_Inst,0.0
text49-BIO-LONG-2511.10014v1,q02,Name_x_Inst,4.4408920985006264e-17
text50-BIO-LONG-2603.01054v1,q02,Name_x_Inst,0.07999999999999999
text51-CS-LONG-2602.11588v1,q02,Name_x_Inst,0.0
text52-CS-LONG-2602.15675v1,q02,Name_x_Inst,0.0
text53-CS-LONG-2603.02012v1,q02,Name_x_Inst,0.0
text54-CS-LONG-2602.23006v1,q02,Name_x_Inst,-0.1
text55-CS-LONG-2602.21625v1,q02,Name_x_Inst,-0.2
text56-CS-LONG-2602.13713v1,q02,Name_x_Inst,0.039999999999999994
text57-CS-LONG-2603.00079v1,q02,Name_x_Inst,-0.1
text58-CS-LONG-2603.01023v1,q02,Name_x_Inst,0.0
text59-CS-LONG-2602.19401v1,q02,Name_x_Inst,-0.019999999999999997
text60-CS-LONG-2602.18518v1,q02,Name_x_Inst,0.0
text61-PHY-LONG-2602.03885v1,q02,Name_x_Inst,-0.020000000000000018
text62-PHY-LONG-2511.21971v1,q02,Name_x_Inst,0.27999999999999997
text63-PHY-LONG-2512.18015v1,q02,Name_x_Inst,-1.1102230246251566e-17
text64-PHY-LONG-2602.23683v1,q02,Name_x_Inst,-0.039999999999999994
text65-PHY-LONG-2601.13267v1,q02,Name_x_Inst,-0.13999999999999999
text66-PHY-LONG-2512.24566v1,q02,Name_x_Inst,0.039999999999999925
text67-PHY-LONG-2602.07636v2,q02,Name_x_Inst,-0.05999999999999996
text68-PHY-LONG-2512.18130v1,q02,Name_x_Inst,-0.09999999999999998
text69-PHY-LONG-2602.17389v1,q02,Name_x_Inst,0.020000000000000018
text70-PHY-LONG-2602.08188v1,q02,Name_x_Inst,0.07999999999999999
text71-MATH-LONG-2511.12781v1,q02,Name_x_Inst,-0.020000000000000018
text72-MATH-LONG-2602.06095v1,q02,Name_x_Inst,-0.020000000000000007
text73-MATH-LONG-2511.18101v1,q02,Name_x_Inst,0.21999999999999992
text74-MATH-LONG-2512.15978v1,q02,Name_x_Inst,0.020000000000000018
text75-MATH-LONG-2511.22140v1,q02,Name_x_Inst,0.020000000000000018
text76-MATH-LONG-2602.20441v1,q02,Name_x_Inst,0.0
text77-MATH-LONG-2601.20851v2,q02,Name_x_Inst,0.07999999999999999
text78-MATH-LONG-2512.17595v1,q02,Name_x_Inst,0.0
text79-MATH-LONG-2512.10129v1,q02,Name_x_Inst,0.0
text80-MATH-LONG-2512.10507v1,q02,Name_x_Inst,0.12
text01-BIO-SHORT-2505.02276v1,q02,Name_x_Bibliometrics,-0.16
text02-BIO-SHORT-2507.04575v1,q02,Name_x_Bibliometrics,0.020000000000000018
text03-BIO-SHORT-2505.11568v3,q02,Name_x_Bibliometrics,-0.040000000000000036
text04-BIO-SHORT-2507.08385v1,q02,Name_x_Bibliometrics,-0.039999999999999994
text05-BIO-SHORT-2504.10973v1,q02,Name_x_Bibliometrics,0.0
text06-BIO-SHORT-2506.14789v1,q02,Name_x_Bibliometrics,0.020000000000000018
text07-BIO-SHORT-2506.13576v3,q02,Name_x_Bibliometrics,0.020000000000000063
text08-BIO-SHORT-2503.19923v2,q02,Name_x_Bibliometrics,-0.07999999999999999
text09-BIO-SHORT-2602.00019v1,q02,Name_x_Bibliometrics,0.23999999999999994
text10-BIO-SHORT-2506.13817v1,q02,Name_x_Bibliometrics,0.0
text11-CS-SHORT-2506.09194v1,q02,Name_x_Bibliometrics,0.1799999999999999
text12-CS-SHORT-2512.19717v1,q02,Name_x_Bibliometrics,0.06000000000000001
text13-CS-SHORT-2510.04124v5,q02,Name_x_Bibliometrics,0.07999999999999999
text14-CS-SHORT-2509.13349v2,q02,Name_x_Bibliometrics,-0.07999999999999999
text15-CS-SHORT-2602.03870v1,q02,Name_x_Bibliometrics,-0.020000000000000018
text16-CS-SHORT-2509.06033v1,q02,Name_x_Bibliometrics,-0.08
text17-CS-SHORT-2509.16294v1,q02,Name_x_Bibliometrics,0.019999999999999973
text18-CS-SHORT-2507.09492v1,q02,Name_x_Bibliometrics,0.0
text19-CS-SHORT-2509.14600v1,q02,Name_x_Bibliometrics,-0.020000000000000007
text20-CS-SHORT-2503.14899v1,q02,Name_x_Bibliometrics,-0.12
text21-PHY-SHORT-2601.23079v1,q02,Name_x_Bibliometrics,0.12000000000000002
text22-PHY-SHORT-2601.23047v1,q02,Name_x_Bibliometrics,-0.05999999999999996
text23-PHY-SHORT-2601.23057v1,q02,Name_x_Bibliometrics,-0.07999999999999999
text24-PHY-SHORT-2509.16741v1,q02,Name_x_Bibliometrics,-0.039999999999999945
text25-PHY-SHORT-2507.08042v1,q02,Name_x_Bibliometrics,0.5200000000000001
text26-PHY-SHORT-2512.23538v1,q02,Name_x_Bibliometrics,0.0
text27-PHY-SHORT-2510.18500v1,q02,Name_x_Bibliometrics,-0.16
text28-PHY-SHORT-2508.20431v1,q02,Name_x_Bibliometrics,0.0
text29-PHY-SHORT-2509.06825v1,q02,Name_x_Bibliometrics,0.07999999999999999
text30-PHY-SHORT-2509.17653v2,q02,Name_x_Bibliometrics,0.08
text31-MATH-SHORT-2511.03536v1,q02,Name_x_Bibliometrics,-0.23999999999999994
text32-MATH-SHORT-2603.02088v1,q02,Name_x_Bibliometrics,0.08000000000000003
text33-MATH-SHORT-2512.22134v3,q02,Name_x_Bibliometrics,-0.06000000000000003
text34-MATH-SHORT-2509.00532v1,q02,Name_x_Bibliometrics,-0.1
text35-MATH-SHORT-2512.06844v1,q02,Name_x_Bibliometrics,-0.1
text36-MATH-SHORT-2503.09380v2,q02,Name_x_Bibliometrics,0.15999999999999998
text37-MATH-SHORT-2510.26426v1,q02,Name_x_Bibliometrics,-0.020000000000000063
text38-MATH-SHORT-2512.04101v1,q02,Name_x_Bibliometrics,0.0
text39-MATH-SHORT-2506.11609v2,q02,Name_x_Bibliometrics,-0.039999999999999994
text40-MATH-SHORT-2507.15879v2,q02,Name_x_Bibliometrics,0.09999999999999995
text41-BIO-LONG-2512.06709v1,q02,Name_x_Bibliometrics,0.06000000000000001
text42-BIO-LONG-2503.07104v1,q02,Name_x_Bibliometrics,0.0
text43-BIO-LONG-2506.16577v1,q02,Name_x_Bibliometrics,-0.18
text44-BIO-LONG-2505.20052v1,q02,Name_x_Bibliometrics,-0.13999999999999996
text45-BIO-LONG-2507.17897v4,q02,Name_x_Bibliometrics,-0.020000000000000018
text46-BIO-LONG-2505.05863v1,q02,Name_x_Bibliometrics,-0.019999999999999997
text47-BIO-LONG-2505.21094v1,q02,Name_x_Bibliometrics,-0.22000000000000003
text48-BIO-LONG-2602.16750v1,q02,Name_x_Bibliometrics,0.0
text49-BIO-LONG-2511.10014v1,q02,Name_x_Bibliometrics,-4.4408920985006264e-17
text50-BIO-LONG-2603.01054v1,q02,Name_x_Bibliometrics,-0.12000000000000002
text51-CS-LONG-2602.11588v1,q02,Name_x_Bibliometrics,0.0
text52-CS-LONG-2602.15675v1,q02,Name_x_Bibliometrics,0.0
text53-CS-LONG-2603.02012v1,q02,Name_x_Bibliometrics,0.0
text54-CS-LONG-2602.23006v1,q02,Name_x_Bibliometrics,0.1
text55-CS-LONG-2602.21625v1,q02,Name_x_Bibliometrics,0.15999999999999998
text56-CS-LONG-2602.13713v1,q02,Name_x_Bibliometrics,0.08000000000000003
text57-CS-LONG-2603.00079v1,q02,Name_x_Bibliometrics,0.05999999999999996
text58-CS-LONG-2603.01023v1,q02,Name_x_Bibliometrics,0.0
text59-CS-LONG-2602.19401v1,q02,Name_x_Bibliometrics,-0.019999999999999997
text60-CS-LONG-2602.18518v1,q02,Name_x_Bibliometrics,0.0
text61-PHY-LONG-2602.03885v1,q02,Name_x_Bibliometrics,-0.18
text62-PHY-LONG-2511.21971v1,q02,Name_x_Bibliometrics,-0.08
text63-PHY-LONG-2512.18015v1,q02,Name_x_Bibliometrics,-0.04
text64-PHY-LONG-2602.23683v1,q02,Name_x_Bibliometrics,0.11999999999999997
text65-PHY-LONG-2601.13267v1,q02,Name_x_Bibliometrics,-0.019999999999999973
text66-PHY-LONG-2512.24566v1,q02,Name_x_Bibliometrics,-0.15999999999999995
text67-PHY-LONG-2602.07636v2,q02,Name_x_Bibliometrics,-0.05999999999999996
text68-PHY-LONG-2512.18130v1,q02,Name_x_Bibliometrics,-0.059999999999999984
text69-PHY-LONG-2602.17389v1,q02,Name_x_Bibliometrics,0.020000000000000018
text70-PHY-LONG-2602.08188v1,q02,Name_x_Bibliometrics,-0.12000000000000002
text71-MATH-LONG-2511.12781v1,q02,Name_x_Bibliometrics,-0.020000000000000018
text72-MATH-LONG-2602.06095v1,q02,Name_x_Bibliometrics,-0.3
text73-MATH-LONG-2511.18101v1,q02,Name_x_Bibliometrics,-0.05999999999999996
text74-MATH-LONG-2512.15978v1,q02,Name_x_Bibliometrics,-0.13999999999999996
text75-MATH-LONG-2511.22140v1,q02,Name_x_Bibliometrics,-0.020000000000000018
text76-MATH-LONG-2602.20441v1,q02,Name_x_Bibliometrics,0.0
text77-MATH-LONG-2601.20851v2,q02,Name_x_Bibliometrics,0.07999999999999999
text78-MATH-LONG-2512.17595v1,q02,Name_x_Bibliometrics,0.0
text79-MATH-LONG-2512.10129v1,q02,Name_x_Bibliometrics,0.0
text80-MATH-LONG-2512.10507v1,q02,Name_x_Bibliometrics,0.23999999999999994
text01-BIO-SHORT-2505.02276v1,q02,Inst_x_Bibliometrics,0.2
text02-BIO-SHORT-2507.04575v1,q02,Inst_x_Bibliometrics,0.33999999999999997
text03-BIO-SHORT-2505.11568v3,q02,Inst_x_Bibliometrics,0.0
text04-BIO-SHORT-2507.08385v1,q02,Inst_x_Bibliometrics,0.039999999999999994
text05-BIO-SHORT-2504.10973v1,q02,Inst_x_Bibliometrics,-0.2
text06-BIO-SHORT-2506.14789v1,q02,Inst_x_Bibliometrics,-0.020000000000000018
text07-BIO-SHORT-2506.13576v3,q02,Inst_x_Bibliometrics,0.019999999999999973
text08-BIO-SHORT-2503.19923v2,q02,Inst_x_Bibliometrics,0.0
text09-BIO-SHORT-2602.00019v1,q02,Inst_x_Bibliometrics,0.08
text10-BIO-SHORT-2506.13817v1,q02,Inst_x_Bibliometrics,-0.040000000000000036
text11-CS-SHORT-2506.09194v1,q02,Inst_x_Bibliometrics,0.09999999999999994
text12-CS-SHORT-2512.19717v1,q02,Inst_x_Bibliometrics,-0.29999999999999993
text13-CS-SHORT-2510.04124v5,q02,Inst_x_Bibliometrics,-0.12000000000000002
text14-CS-SHORT-2509.13349v2,q02,Inst_x_Bibliometrics,-0.48
text15-CS-SHORT-2602.03870v1,q02,Inst_x_Bibliometrics,-0.18
text16-CS-SHORT-2509.06033v1,q02,Inst_x_Bibliometrics,-0.08
text17-CS-SHORT-2509.16294v1,q02,Inst_x_Bibliometrics,0.21999999999999997
text18-CS-SHORT-2507.09492v1,q02,Inst_x_Bibliometrics,0.0
text19-CS-SHORT-2509.14600v1,q02,Inst_x_Bibliometrics,-0.06000000000000001
text20-CS-SHORT-2503.14899v1,q02,Inst_x_Bibliometrics,0.2
text21-PHY-SHORT-2601.23079v1,q02,Inst_x_Bibliometrics,0.040000000000000036
text22-PHY-SHORT-2601.23047v1,q02,Inst_x_Bibliometrics,0.020000000000000018
text23-PHY-SHORT-2601.23057v1,q02,Inst_x_Bibliometrics,0.07999999999999999
text24-PHY-SHORT-2509.16741v1,q02,Inst_x_Bibliometrics,-0.07999999999999999
text25-PHY-SHORT-2507.08042v1,q02,Inst_x_Bibliometrics,-0.08
text26-PHY-SHORT-2512.23538v1,q02,Inst_x_Bibliometrics,0.0
text27-PHY-SHORT-2510.18500v1,q02,Inst_x_Bibliometrics,4.4408920985006264e-17
text28-PHY-SHORT-2508.20431v1,q02,Inst_x_Bibliometrics,0.0
text29-PHY-SHORT-2509.06825v1,q02,Inst_x_Bibliometrics,0.4
text30-PHY-SHORT-2509.17653v2,q02,Inst_x_Bibliometrics,0.039999999999999966
text31-MATH-SHORT-2511.03536v1,q02,Inst_x_Bibliometrics,0.0
text32-MATH-SHORT-2603.02088v1,q02,Inst_x_Bibliometrics,-0.16
text33-MATH-SHORT-2512.22134v3,q02,Inst_x_Bibliometrics,0.019999999999999997
text34-MATH-SHORT-2509.00532v1,q02,Inst_x_Bibliometrics,-0.26000000000000006
text35-MATH-SHORT-2512.06844v1,q02,Inst_x_Bibliometrics,0.1
text36-MATH-SHORT-2503.09380v2,q02,Inst_x_Bibliometrics,0.040000000000000015
text37-MATH-SHORT-2510.26426v1,q02,Inst_x_Bibliometrics,0.30000000000000004
text38-MATH-SHORT-2512.04101v1,q02,Inst_x_Bibliometrics,0.2
text39-MATH-SHORT-2506.11609v2,q02,Inst_x_Bibliometrics,-0.039999999999999994
text40-MATH-SHORT-2507.15879v2,q02,Inst_x_Bibliometrics,-0.06000000000000001
text41-BIO-LONG-2512.06709v1,q02,Inst_x_Bibliometrics,-0.06000000000000001
text42-BIO-LONG-2503.07104v1,q02,Inst_x_Bibliometrics,0.0
text43-BIO-LONG-2506.16577v1,q02,Inst_x_Bibliometrics,0.13999999999999996
text44-BIO-LONG-2505.20052v1,q02,Inst_x_Bibliometrics,0.020000000000000018
text45-BIO-LONG-2507.17897v4,q02,Inst_x_Bibliometrics,-0.020000000000000018
text46-BIO-LONG-2505.05863v1,q02,Inst_x_Bibliometrics,-0.019999999999999997
text47-BIO-LONG-2505.21094v1,q02,Inst_x_Bibliometrics,-0.019999999999999997
text48-BIO-LONG-2602.16750v1,q02,Inst_x_Bibliometrics,0.0
text49-BIO-LONG-2511.10014v1,q02,Inst_x_Bibliometrics,-0.12000000000000006
text50-BIO-LONG-2603.01054v1,q02,Inst_x_Bibliometrics,0.07999999999999999
text51-CS-LONG-2602.11588v1,q02,Inst_x_Bibliometrics,0.0
text52-CS-LONG-2602.15675v1,q02,Inst_x_Bibliometrics,0.0
text53-CS-LONG-2603.02012v1,q02,Inst_x_Bibliometrics,0.0
text54-CS-LONG-2602.23006v1,q02,Inst_x_Bibliometrics,0.1
text55-CS-LONG-2602.21625v1,q02,Inst_x_Bibliometrics,-0.040000000000000036
text56-CS-LONG-2602.13713v1,q02,Inst_x_Bibliometrics,-0.2399999999999999
text57-CS-LONG-2603.00079v1,q02,Inst_x_Bibliometrics,0.1
text58-CS-LONG-2603.01023v1,q02,Inst_x_Bibliometrics,0.0
text59-CS-LONG-2602.19401v1,q02,Inst_x_Bibliometrics,-0.059999999999999984
text60-CS-LONG-2602.18518v1,q02,Inst_x_Bibliometrics,0.0
text61-PHY-LONG-2602.03885v1,q02,Inst_x_Bibliometrics,-0.22000000000000003
text62-PHY-LONG-2511.21971v1,q02,Inst_x_Bibliometrics,0.08
text63-PHY-LONG-2512.18015v1,q02,Inst_x_Bibliometrics,0.0
text64-PHY-LONG-2602.23683v1,q02,Inst_x_Bibliometrics,-0.08000000000000003
text65-PHY-LONG-2601.13267v1,q02,Inst_x_Bibliometrics,-0.18000000000000002
text66-PHY-LONG-2512.24566v1,q02,Inst_x_Bibliometrics,2.2204460492503132e-17
text67-PHY-LONG-2602.07636v2,q02,Inst_x_Bibliometrics,-0.1
text68-PHY-LONG-2512.18130v1,q02,Inst_x_Bibliometrics,-0.09999999999999998
text69-PHY-LONG-2602.17389v1,q02,Inst_x_Bibliometrics,-0.18
text70-PHY-LONG-2602.08188v1,q02,Inst_x_Bibliometrics,-0.12000000000000002
text71-MATH-LONG-2511.12781v1,q02,Inst_x_Bibliometrics,-0.020000000000000018
text72-MATH-LONG-2602.06095v1,q02,Inst_x_Bibliometrics,-0.019999999999999983
text73-MATH-LONG-2511.18101v1,q02,Inst_x_Bibliometrics,0.1
text74-MATH-LONG-2512.15978v1,q02,Inst_x_Bibliometrics,-0.020000000000000018
text75-MATH-LONG-2511.22140v1,q02,Inst_x_Bibliometrics,-0.020000000000000018
text76-MATH-LONG-2602.20441v1,q02,Inst_x_Bibliometrics,0.0
text77-MATH-LONG-2601.20851v2,q02,Inst_x_Bibliometrics,-0.07999999999999999
text78-MATH-LONG-2512.17595v1,q02,Inst_x_Bibliometrics,0.0
text79-MATH-LONG-2512.10129v1,q02,Inst_x_Bibliometrics,0.0
text80-MATH-LONG-2512.10507v1,q02,Inst_x_Bibliometrics,-0.07999999999999996
text01-BIO-SHORT-2505.02276v1,q03,BF_minus_WM,-0.05
text02-BIO-SHORT-2507.04575v1,q03,BF_minus_WM,-0.06999999999999999
text03-BIO-SHORT-2505.11568v3,q03,BF_minus_WM,-0.030000000000000006
text04-BIO-SHORT-2507.08385v1,q03,BF_minus_WM,0.09000000000000001
text05-BIO-SHORT-2504.10973v1,q03,BF_minus_WM,-0.12000000000000002
text06-BIO-SHORT-2506.14789v1,q03,BF_minus_WM,-0.02999999999999998
text07-BIO-SHORT-2506.13576v3,q03,BF_minus_WM,0.09999999999999999
text08-BIO-SHORT-2503.19923v2,q03,BF_minus_WM,-0.07
text09-BIO-SHORT-2602.00019v1,q03,BF_minus_WM,0.12
text10-BIO-SHORT-2506.13817v1,q03,BF_minus_WM,-0.02999999999999998
text11-CS-SHORT-2506.09194v1,q03,BF_minus_WM,-0.04000000000000002
text12-CS-SHORT-2512.19717v1,q03,BF_minus_WM,0.019999999999999997
text13-CS-SHORT-2510.04124v5,q03,BF_minus_WM,-0.18
text14-CS-SHORT-2509.13349v2,q03,BF_minus_WM,-0.27999999999999997
text15-CS-SHORT-2602.03870v1,q03,BF_minus_WM,0.0
text16-CS-SHORT-2509.06033v1,q03,BF_minus_WM,-0.06999999999999998
text17-CS-SHORT-2509.16294v1,q03,BF_minus_WM,0.09999999999999998
text18-CS-SHORT-2507.09492v1,q03,BF_minus_WM,-0.019999999999999997
text19-CS-SHORT-2509.14600v1,q03,BF_minus_WM,-0.07
text20-CS-SHORT-2503.14899v1,q03,BF_minus_WM,0.0
text21-PHY-SHORT-2601.23079v1,q03,BF_minus_WM,-0.020000000000000007
text22-PHY-SHORT-2601.23047v1,q03,BF_minus_WM,-0.22000000000000003
text23-PHY-SHORT-2601.23057v1,q03,BF_minus_WM,0.22000000000000003
text24-PHY-SHORT-2509.16741v1,q03,BF_minus_WM,0.08
text25-PHY-SHORT-2507.08042v1,q03,BF_minus_WM,-0.009999999999999998
text26-PHY-SHORT-2512.23538v1,q03,BF_minus_WM,-0.059999999999999984
text27-PHY-SHORT-2510.18500v1,q03,BF_minus_WM,0.06999999999999999
text28-PHY-SHORT-2508.20431v1,q03,BF_minus_WM,0.13
text29-PHY-SHORT-2509.06825v1,q03,BF_minus_WM,-0.15
text30-PHY-SHORT-2509.17653v2,q03,BF_minus_WM,0.08
text31-MATH-SHORT-2511.03536v1,q03,BF_minus_WM,0.05
text32-MATH-SHORT-2603.02088v1,q03,BF_minus_WM,0.0
text33-MATH-SHORT-2512.22134v3,q03,BF_minus_WM,0.050000000000000024
text34-MATH-SHORT-2509.00532v1,q03,BF_minus_WM,0.11000000000000001
text35-MATH-SHORT-2512.06844v1,q03,BF_minus_WM,0.0
text36-MATH-SHORT-2503.09380v2,q03,BF_minus_WM,-0.09
text37-MATH-SHORT-2510.26426v1,q03,BF_minus_WM,-0.16999999999999998
text38-MATH-SHORT-2512.04101v1,q03,BF_minus_WM,-0.009999999999999998
text39-MATH-SHORT-2506.11609v2,q03,BF_minus_WM,-1.1102230246251566e-17
text40-MATH-SHORT-2507.15879v2,q03,BF_minus_WM,-0.06999999999999999
text41-BIO-LONG-2512.06709v1,q03,BF_minus_WM,-0.29000000000000004
text42-BIO-LONG-2503.07104v1,q03,BF_minus_WM,0.12
text43-BIO-LONG-2506.16577v1,q03,BF_minus_WM,0.09
text44-BIO-LONG-2505.20052v1,q03,BF_minus_WM,-0.059999999999999984
text45-BIO-LONG-2507.17897v4,q03,BF_minus_WM,0.05000000000000001
text46-BIO-LONG-2505.05863v1,q03,BF_minus_WM,0.029999999999999992
text47-BIO-LONG-2505.21094v1,q03,BF_minus_WM,-0.019999999999999997
text48-BIO-LONG-2602.16750v1,q03,BF_minus_WM,0.0
text49-BIO-LONG-2511.10014v1,q03,BF_minus_WM,-0.14
text50-BIO-LONG-2603.01054v1,q03,BF_minus_WM,-0.039999999999999994
text51-CS-LONG-2602.11588v1,q03,BF_minus_WM,0.0
text52-CS-LONG-2602.15675v1,q03,BF_minus_WM,0.0
text53-CS-LONG-2603.02012v1,q03,BF_minus_WM,-0.12
text54-CS-LONG-2602.23006v1,q03,BF_minus_WM,0.0
text55-CS-LONG-2602.21625v1,q03,BF_minus_WM,-0.12000000000000002
text56-CS-LONG-2602.13713v1,q03,BF_minus_WM,-0.039999999999999994
text57-CS-LONG-2603.00079v1,q03,BF_minus_WM,-0.039999999999999994
text58-CS-LONG-2603.01023v1,q03,BF_minus_WM,-0.21000000000000002
text59-CS-LONG-2602.19401v1,q03,BF_minus_WM,0.16999999999999998
text60-CS-LONG-2602.18518v1,q03,BF_minus_WM,0.0
text61-PHY-LONG-2602.03885v1,q03,BF_minus_WM,-0.029999999999999992
text62-PHY-LONG-2511.21971v1,q03,BF_minus_WM,-0.23000000000000004
text63-PHY-LONG-2512.18015v1,q03,BF_minus_WM,-0.09
text64-PHY-LONG-2602.23683v1,q03,BF_minus_WM,0.06
text65-PHY-LONG-2601.13267v1,q03,BF_minus_WM,-0.1
text66-PHY-LONG-2512.24566v1,q03,BF_minus_WM,0.07000000000000002
text67-PHY-LONG-2602.07636v2,q03,BF_minus_WM,-0.1
text68-PHY-LONG-2512.18130v1,q03,BF_minus_WM,0.36
text69-PHY-LONG-2602.17389v1,q03,BF_minus_WM,0.15000000000000002
text70-PHY-LONG-2602.08188v1,q03,BF_minus_WM,-0.15000000000000002
text71-MATH-LONG-2511.12781v1,q03,BF_minus_WM,0.039999999999999994
text72-MATH-LONG-2602.06095v1,q03,BF_minus_WM,-0.07999999999999999
text73-MATH-LONG-2511.18101v1,q03,BF_minus_WM,0.030000000000000006
text74-MATH-LONG-2512.15978v1,q03,BF_minus_WM,-0.07000000000000002
text75-MATH-LONG-2511.22140v1,q03,BF_minus_WM,0.0
text76-MATH-LONG-2602.20441v1,q03,BF_minus_WM,-0.030000000000000006
text77-MATH-LONG-2601.20851v2,q03,BF_minus_WM,0.030000000000000006
text78-MATH-LONG-2512.17595v1,q03,BF_minus_WM,0.14
text79-MATH-LONG-2512.10129v1,q03,BF_minus_WM,-0.08
text80-MATH-LONG-2512.10507v1,q03,BF_minus_WM,-0.21000000000000002
text01-BIO-SHORT-2505.02276v1,q03,HI_minus_LI,-0.05
text02-BIO-SHORT-2507.04575v1,q03,HI_minus_LI,0.009999999999999986
text03-BIO-SHORT-2505.11568v3,q03,HI_minus_LI,-0.009999999999999986
text04-BIO-SHORT-2507.08385v1,q03,HI_minus_LI,0.07
text05-BIO-SHORT-2504.10973v1,q03,HI_minus_LI,-0.13999999999999999
text06-BIO-SHORT-2506.14789v1,q03,HI_minus_LI,-0.21000000000000002
text07-BIO-SHORT-2506.13576v3,q03,HI_minus_LI,-0.020000000000000007
text08-BIO-SHORT-2503.19923v2,q03,HI_minus_LI,0.11000000000000001
text09-BIO-SHORT-2602.00019v1,q03,HI_minus_LI,-0.04
text10-BIO-SHORT-2506.13817v1,q03,HI_minus_LI,-0.05
text11-CS-SHORT-2506.09194v1,q03,HI_minus_LI,0.09999999999999999
text12-CS-SHORT-2512.19717v1,q03,HI_minus_LI,-0.059999999999999984
text13-CS-SHORT-2510.04124v5,q03,HI_minus_LI,0.12
text14-CS-SHORT-2509.13349v2,q03,HI_minus_LI,-0.24000000000000005
text15-CS-SHORT-2602.03870v1,q03,HI_minus_LI,-0.039999999999999994
text16-CS-SHORT-2509.06033v1,q03,HI_minus_LI,0.05000000000000001
text17-CS-SHORT-2509.16294v1,q03,HI_minus_LI,0.26
text18-CS-SHORT-2507.09492v1,q03,HI_minus_LI,0.019999999999999997
text19-CS-SHORT-2509.14600v1,q03,HI_minus_LI,-0.27
text20-CS-SHORT-2503.14899v1,q03,HI_minus_LI,-0.06000000000000001
text21-PHY-SHORT-2601.23079v1,q03,HI_minus_LI,0.1
text22-PHY-SHORT-2601.23047v1,q03,HI_minus_LI,0.16
text23-PHY-SHORT-2601.23057v1,q03,HI_minus_LI,-0.16000000000000003
text24-PHY-SHORT-2509.16741v1,q03,HI_minus_LI,0.09999999999999998
text25-PHY-SHORT-2507.08042v1,q03,HI_minus_LI,-0.009999999999999998
text26-PHY-SHORT-2512.23538v1,q03,HI_minus_LI,0.019999999999999997
text27-PHY-SHORT-2510.18500v1,q03,HI_minus_LI,0.09000000000000001
text28-PHY-SHORT-2508.20431v1,q03,HI_minus_LI,-0.10999999999999999
text29-PHY-SHORT-2509.06825v1,q03,HI_minus_LI,-0.12999999999999998
text30-PHY-SHORT-2509.17653v2,q03,HI_minus_LI,-0.12
text31-MATH-SHORT-2511.03536v1,q03,HI_minus_LI,0.13
text32-MATH-SHORT-2603.02088v1,q03,HI_minus_LI,0.039999999999999994
text33-MATH-SHORT-2512.22134v3,q03,HI_minus_LI,0.13
text34-MATH-SHORT-2509.00532v1,q03,HI_minus_LI,-0.07000000000000002
text35-MATH-SHORT-2512.06844v1,q03,HI_minus_LI,-0.019999999999999997
text36-MATH-SHORT-2503.09380v2,q03,HI_minus_LI,0.029999999999999992
text37-MATH-SHORT-2510.26426v1,q03,HI_minus_LI,0.13000000000000003
text38-MATH-SHORT-2512.04101v1,q03,HI_minus_LI,-0.029999999999999992
text39-MATH-SHORT-2506.11609v2,q03,HI_minus_LI,0.019999999999999997
text40-MATH-SHORT-2507.15879v2,q03,HI_minus_LI,0.030000000000000006
text41-BIO-LONG-2512.06709v1,q03,HI_minus_LI,-0.33
text42-BIO-LONG-2503.07104v1,q03,HI_minus_LI,-0.12
text43-BIO-LONG-2506.16577v1,q03,HI_minus_LI,0.05
text44-BIO-LONG-2505.20052v1,q03,HI_minus_LI,0.08000000000000003
text45-BIO-LONG-2507.17897v4,q03,HI_minus_LI,0.11000000000000001
text46-BIO-LONG-2505.05863v1,q03,HI_minus_LI,-0.009999999999999998
text47-BIO-LONG-2505.21094v1,q03,HI_minus_LI,0.059999999999999984
text48-BIO-LONG-2602.16750v1,q03,HI_minus_LI,0.0
text49-BIO-LONG-2511.10014v1,q03,HI_minus_LI,-0.19999999999999998
text50-BIO-LONG-2603.01054v1,q03,HI_minus_LI,0.16
text51-CS-LONG-2602.11588v1,q03,HI_minus_LI,0.039999999999999994
text52-CS-LONG-2602.15675v1,q03,HI_minus_LI,0.0
text53-CS-LONG-2603.02012v1,q03,HI_minus_LI,-0.12
text54-CS-LONG-2602.23006v1,q03,HI_minus_LI,0.0
text55-CS-LONG-2602.21625v1,q03,HI_minus_LI,0.48
text56-CS-LONG-2602.13713v1,q03,HI_minus_LI,0.0
text57-CS-LONG-2603.00079v1,q03,HI_minus_LI,-0.1
text58-CS-LONG-2603.01023v1,q03,HI_minus_LI,0.09
text59-CS-LONG-2602.19401v1,q03,HI_minus_LI,0.20999999999999996
text60-CS-LONG-2602.18518v1,q03,HI_minus_LI,0.0
text61-PHY-LONG-2602.03885v1,q03,HI_minus_LI,0.06999999999999998
text62-PHY-LONG-2511.21971v1,q03,HI_minus_LI,-0.13000000000000003
text63-PHY-LONG-2512.18015v1,q03,HI_minus_LI,-0.030000000000000006
text64-PHY-LONG-2602.23683v1,q03,HI_minus_LI,0.06
text65-PHY-LONG-2601.13267v1,q03,HI_minus_LI,-0.13999999999999999
text66-PHY-LONG-2512.24566v1,q03,HI_minus_LI,0.11000000000000001
text67-PHY-LONG-2602.07636v2,q03,HI_minus_LI,-0.019999999999999997
text68-PHY-LONG-2512.18130v1,q03,HI_minus_LI,0.04
text69-PHY-LONG-2602.17389v1,q03,HI_minus_LI,0.029999999999999992
text70-PHY-LONG-2602.08188v1,q03,HI_minus_LI,0.38999999999999996
text71-MATH-LONG-2511.12781v1,q03,HI_minus_LI,0.039999999999999994
text72-MATH-LONG-2602.06095v1,q03,HI_minus_LI,0.039999999999999994
text73-MATH-LONG-2511.18101v1,q03,HI_minus_LI,-0.009999999999999986
text74-MATH-LONG-2512.15978v1,q03,HI_minus_LI,0.09
text75-MATH-LONG-2511.22140v1,q03,HI_minus_LI,-0.039999999999999994
text76-MATH-LONG-2602.20441v1,q03,HI_minus_LI,-0.049999999999999975
text77-MATH-LONG-2601.20851v2,q03,HI_minus_LI,0.09
text78-MATH-LONG-2512.17595v1,q03,HI_minus_LI,0.040000000000000015
text79-MATH-LONG-2512.10129v1,q03,HI_minus_LI,0.019999999999999997
text80-MATH-LONG-2512.10507v1,q03,HI_minus_LI,-0.009999999999999976
text01-BIO-SHORT-2505.02276v1,q03,HP_minus_LP,0.05
text02-BIO-SHORT-2507.04575v1,q03,HP_minus_LP,-0.15000000000000002
text03-BIO-SHORT-2505.11568v3,q03,HP_minus_LP,-0.030000000000000006
text04-BIO-SHORT-2507.08385v1,q03,HP_minus_LP,0.17
text05-BIO-SHORT-2504.10973v1,q03,HP_minus_LP,-0.06000000000000001
text06-BIO-SHORT-2506.14789v1,q03,HP_minus_LP,0.09
text07-BIO-SHORT-2506.13576v3,q03,HP_minus_LP,0.12000000000000004
text08-BIO-SHORT-2503.19923v2,q03,HP_minus_LP,-0.15
text09-BIO-SHORT-2602.00019v1,q03,HP_minus_LP,-0.12
text10-BIO-SHORT-2506.13817v1,q03,HP_minus_LP,0.02999999999999998
text11-CS-SHORT-2506.09194v1,q03,HP_minus_LP,0.13999999999999999
text12-CS-SHORT-2512.19717v1,q03,HP_minus_LP,0.040000000000000015
text13-CS-SHORT-2510.04124v5,q03,HP_minus_LP,0.13999999999999999
text14-CS-SHORT-2509.13349v2,q03,HP_minus_LP,0.2
text15-CS-SHORT-2602.03870v1,q03,HP_minus_LP,-0.039999999999999994
text16-CS-SHORT-2509.06033v1,q03,HP_minus_LP,-0.12999999999999998
text17-CS-SHORT-2509.16294v1,q03,HP_minus_LP,0.06000000000000002
text18-CS-SHORT-2507.09492v1,q03,HP_minus_LP,-0.059999999999999984
text19-CS-SHORT-2509.14600v1,q03,HP_minus_LP,-0.15
text20-CS-SHORT-2503.14899v1,q03,HP_minus_LP,0.019999999999999997
text21-PHY-SHORT-2601.23079v1,q03,HP_minus_LP,0.1
text22-PHY-SHORT-2601.23047v1,q03,HP_minus_LP,0.16
text23-PHY-SHORT-2601.23057v1,q03,HP_minus_LP,0.14
text24-PHY-SHORT-2509.16741v1,q03,HP_minus_LP,-0.07999999999999997
text25-PHY-SHORT-2507.08042v1,q03,HP_minus_LP,0.009999999999999998
text26-PHY-SHORT-2512.23538v1,q03,HP_minus_LP,-0.019999999999999997
text27-PHY-SHORT-2510.18500v1,q03,HP_minus_LP,0.06999999999999999
text28-PHY-SHORT-2508.20431v1,q03,HP_minus_LP,-0.19000000000000003
text29-PHY-SHORT-2509.06825v1,q03,HP_minus_LP,-0.43
text30-PHY-SHORT-2509.17653v2,q03,HP_minus_LP,2.2204460492503132e-17
text31-MATH-SHORT-2511.03536v1,q03,HP_minus_LP,-0.05
text32-MATH-SHORT-2603.02088v1,q03,HP_minus_LP,-0.1
text33-MATH-SHORT-2512.22134v3,q03,HP_minus_LP,-0.06999999999999999
text34-MATH-SHORT-2509.00532v1,q03,HP_minus_LP,-0.16999999999999998
text35-MATH-SHORT-2512.06844v1,q03,HP_minus_LP,0.019999999999999997
text36-MATH-SHORT-2503.09380v2,q03,HP_minus_LP,-0.009999999999999998
text37-MATH-SHORT-2510.26426v1,q03,HP_minus_LP,-0.12999999999999998
text38-MATH-SHORT-2512.04101v1,q03,HP_minus_LP,0.009999999999999998
text39-MATH-SHORT-2506.11609v2,q03,HP_minus_LP,-0.059999999999999984
text40-MATH-SHORT-2507.15879v2,q03,HP_minus_LP,0.06999999999999999
text41-BIO-LONG-2512.06709v1,q03,HP_minus_LP,-0.35
text42-BIO-LONG-2503.07104v1,q03,HP_minus_LP,-0.08
text43-BIO-LONG-2506.16577v1,q03,HP_minus_LP,-0.010000000000000009
text44-BIO-LONG-2505.20052v1,q03,HP_minus_LP,-0.08000000000000003
text45-BIO-LONG-2507.17897v4,q03,HP_minus_LP,0.15
text46-BIO-LONG-2505.05863v1,q03,HP_minus_LP,0.030000000000000006
text47-BIO-LONG-2505.21094v1,q03,HP_minus_LP,-0.039999999999999994
text48-BIO-LONG-2602.16750v1,q03,HP_minus_LP,0.0
text49-BIO-LONG-2511.10014v1,q03,HP_minus_LP,0.040000000000000015
text50-BIO-LONG-2603.01054v1,q03,HP_minus_LP,-0.07999999999999999
text51-CS-LONG-2602.11588v1,q03,HP_minus_LP,0.039999999999999994
text52-CS-LONG-2602.15675v1,q03,HP_minus_LP,0.0
text53-CS-LONG-2603.02012v1,q03,HP_minus_LP,-0.12
text54-CS-LONG-2602.23006v1,q03,HP_minus_LP,0.0
text55-CS-LONG-2602.21625v1,q03,HP_minus_LP,0.06
text56-CS-LONG-2602.13713v1,q03,HP_minus_LP,0.0
text57-CS-LONG-2603.00079v1,q03,HP_minus_LP,-0.06000000000000001
text58-CS-LONG-2603.01023v1,q03,HP_minus_LP,-0.21000000000000002
text59-CS-LONG-2602.19401v1,q03,HP_minus_LP,0.03000000000000001
text60-CS-LONG-2602.18518v1,q03,HP_minus_LP,0.0
text61-PHY-LONG-2602.03885v1,q03,HP_minus_LP,0.05000000000000001
text62-PHY-LONG-2511.21971v1,q03,HP_minus_LP,-0.050000000000000024
text63-PHY-LONG-2512.18015v1,q03,HP_minus_LP,0.05
text64-PHY-LONG-2602.23683v1,q03,HP_minus_LP,-0.06
text65-PHY-LONG-2601.13267v1,q03,HP_minus_LP,-0.1
text66-PHY-LONG-2512.24566v1,q03,HP_minus_LP,0.05
text67-PHY-LONG-2602.07636v2,q03,HP_minus_LP,0.13999999999999999
text68-PHY-LONG-2512.18130v1,q03,HP_minus_LP,0.08
text69-PHY-LONG-2602.17389v1,q03,HP_minus_LP,0.029999999999999992
text70-PHY-LONG-2602.08188v1,q03,HP_minus_LP,0.21000000000000002
text71-MATH-LONG-2511.12781v1,q03,HP_minus_LP,0.1
text72-MATH-LONG-2602.06095v1,q03,HP_minus_LP,-0.059999999999999984
text73-MATH-LONG-2511.18101v1,q03,HP_minus_LP,0.009999999999999986
text74-MATH-LONG-2512.15978v1,q03,HP_minus_LP,0.009999999999999998
text75-MATH-LONG-2511.22140v1,q03,HP_minus_LP,0.039999999999999994
text76-MATH-LONG-2602.20441v1,q03,HP_minus_LP,-0.06999999999999999
text77-MATH-LONG-2601.20851v2,q03,HP_minus_LP,0.010000000000000009
text78-MATH-LONG-2512.17595v1,q03,HP_minus_LP,0.019999999999999997
text79-MATH-LONG-2512.10129v1,q03,HP_minus_LP,0.14
text80-MATH-LONG-2512.10507v1,q03,HP_minus_LP,-0.15
text01-BIO-SHORT-2505.02276v1,q03,Name_x_Inst,0.1
text02-BIO-SHORT-2507.04575v1,q03,Name_x_Inst,0.21999999999999997
text03-BIO-SHORT-2505.11568v3,q03,Name_x_Inst,0.019999999999999973
text04-BIO-SHORT-2507.08385v1,q03,Name_x_Inst,-0.22000000000000003
text05-BIO-SHORT-2504.10973v1,q03,Name_x_Inst,0.32
text06-BIO-SHORT-2506.14789v1,q03,Name_x_Inst,0.13999999999999996
text07-BIO-SHORT-2506.13576v3,q03,Name_x_Inst,-0.039999999999999966
text08-BIO-SHORT-2503.19923v2,q03,Name_x_Inst,-0.019999999999999973
text09-BIO-SHORT-2602.00019v1,q03,Name_x_Inst,-2.2204460492503132e-17
text10-BIO-SHORT-2506.13817v1,q03,Name_x_Inst,-0.020000000000000018
text11-CS-SHORT-2506.09194v1,q03,Name_x_Inst,0.2
text12-CS-SHORT-2512.19717v1,q03,Name_x_Inst,0.28
text13-CS-SHORT-2510.04124v5,q03,Name_x_Inst,0.28
text14-CS-SHORT-2509.13349v2,q03,Name_x_Inst,0.8800000000000001
text15-CS-SHORT-2602.03870v1,q03,Name_x_Inst,0.0
text16-CS-SHORT-2509.06033v1,q03,Name_x_Inst,-0.10000000000000002
text17-CS-SHORT-2509.16294v1,q03,Name_x_Inst,-0.2
text18-CS-SHORT-2507.09492v1,q03,Name_x_Inst,0.039999999999999994
text19-CS-SHORT-2509.14600v1,q03,Name_x_Inst,0.13999999999999996
text20-CS-SHORT-2503.14899v1,q03,Name_x_Inst,0.2
text21-PHY-SHORT-2601.23079v1,q03,Name_x_Inst,-0.15999999999999998
text22-PHY-SHORT-2601.23047v1,q03,Name_x_Inst,0.36
text23-PHY-SHORT-2601.23057v1,q03,Name_x_Inst,-0.12000000000000002
text24-PHY-SHORT-2509.16741v1,q03,Name_x_Inst,-0.11999999999999997
text25-PHY-SHORT-2507.08042v1,q03,Name_x_Inst,-0.059999999999999984
text26-PHY-SHORT-2512.23538v1,q03,Name_x_Inst,-0.039999999999999994
text27-PHY-SHORT-2510.18500v1,q03,Name_x_Inst,0.21999999999999997
text28-PHY-SHORT-2508.20431v1,q03,Name_x_Inst,0.06000000000000003
text29-PHY-SHORT-2509.06825v1,q03,Name_x_Inst,-0.019999999999999997
text30-PHY-SHORT-2509.17653v2,q03,Name_x_Inst,4.4408920985006264e-17
text31-MATH-SHORT-2511.03536v1,q03,Name_x_Inst,0.06000000000000001
text32-MATH-SHORT-2603.02088v1,q03,Name_x_Inst,0.0
text33-MATH-SHORT-2512.22134v3,q03,Name_x_Inst,0.38
text34-MATH-SHORT-2509.00532v1,q03,Name_x_Inst,-0.4200000000000001
text35-MATH-SHORT-2512.06844v1,q03,Name_x_Inst,0.0
text36-MATH-SHORT-2503.09380v2,q03,Name_x_Inst,0.34
text37-MATH-SHORT-2510.26426v1,q03,Name_x_Inst,-0.06000000000000003
text38-MATH-SHORT-2512.04101v1,q03,Name_x_Inst,-0.019999999999999997
text39-MATH-SHORT-2506.11609v2,q03,Name_x_Inst,0.08000000000000002
text40-MATH-SHORT-2507.15879v2,q03,Name_x_Inst,0.06000000000000001
text41-BIO-LONG-2512.06709v1,q03,Name_x_Inst,0.34
text42-BIO-LONG-2503.07104v1,q03,Name_x_Inst,-0.24
text43-BIO-LONG-2506.16577v1,q03,Name_x_Inst,0.1
text44-BIO-LONG-2505.20052v1,q03,Name_x_Inst,-0.52
text45-BIO-LONG-2507.17897v4,q03,Name_x_Inst,-0.1
text46-BIO-LONG-2505.05863v1,q03,Name_x_Inst,-0.14
text47-BIO-LONG-2505.21094v1,q03,Name_x_Inst,-2.2204460492503132e-17
text48-BIO-LONG-2602.16750v1,q03,Name_x_Inst,0.0
text49-BIO-LONG-2511.10014v1,q03,Name_x_Inst,0.039999999999999994
text50-BIO-LONG-2603.01054v1,q03,Name_x_Inst,0.07999999999999999
text51-CS-LONG-2602.11588v1,q03,Name_x_Inst,0.0
text52-CS-LONG-2602.15675v1,q03,Name_x_Inst,0.0
text53-CS-LONG-2603.02012v1,q03,Name_x_Inst,0.24
text54-CS-LONG-2602.23006v1,q03,Name_x_Inst,0.0
text55-CS-LONG-2602.21625v1,q03,Name_x_Inst,0.24000000000000005
text56-CS-LONG-2602.13713v1,q03,Name_x_Inst,0.0
text57-CS-LONG-2603.00079v1,q03,Name_x_Inst,0.04
text58-CS-LONG-2603.01023v1,q03,Name_x_Inst,0.18
text59-CS-LONG-2602.19401v1,q03,Name_x_Inst,-0.26
text60-CS-LONG-2602.18518v1,q03,Name_x_Inst,0.0
text61-PHY-LONG-2602.03885v1,q03,Name_x_Inst,-0.10000000000000002
text62-PHY-LONG-2511.21971v1,q03,Name_x_Inst,-0.019999999999999997
text63-PHY-LONG-2512.18015v1,q03,Name_x_Inst,-0.1
text64-PHY-LONG-2602.23683v1,q03,Name_x_Inst,0.12
text65-PHY-LONG-2601.13267v1,q03,Name_x_Inst,0.2
text66-PHY-LONG-2512.24566v1,q03,Name_x_Inst,0.06000000000000005
text67-PHY-LONG-2602.07636v2,q03,Name_x_Inst,0.2
text68-PHY-LONG-2512.18130v1,q03,Name_x_Inst,2.2204460492503132e-17
text69-PHY-LONG-2602.17389v1,q03,Name_x_Inst,0.059999999999999984
text70-PHY-LONG-2602.08188v1,q03,Name_x_Inst,0.06000000000000001
text71-MATH-LONG-2511.12781v1,q03,Name_x_Inst,-0.07999999999999999
text72-MATH-LONG-2602.06095v1,q03,Name_x_Inst,-0.07999999999999999
text73-MATH-LONG-2511.18101v1,q03,Name_x_Inst,-0.33999999999999997
text74-MATH-LONG-2512.15978v1,q03,Name_x_Inst,-0.10000000000000006
text75-MATH-LONG-2511.22140v1,q03,Name_x_Inst,-0.07999999999999999
text76-MATH-LONG-2602.20441v1,q03,Name_x_Inst,-0.06000000000000001
text77-MATH-LONG-2601.20851v2,q03,Name_x_Inst,-0.1
text78-MATH-LONG-2512.17595v1,q03,Name_x_Inst,-0.44000000000000006
text79-MATH-LONG-2512.10129v1,q03,Name_x_Inst,0.24
text80-MATH-LONG-2512.10507v1,q03,Name_x_Inst,-0.10000000000000002
text01-BIO-SHORT-2505.02276v1,q03,Name_x_Bibliometrics,-0.1
text02-BIO-SHORT-2507.04575v1,q03,Name_x_Bibliometrics,0.13999999999999999
text03-BIO-SHORT-2505.11568v3,q03,Name_x_Bibliometrics,0.06000000000000001
text04-BIO-SHORT-2507.08385v1,q03,Name_x_Bibliometrics,0.13999999999999999
text05-BIO-SHORT-2504.10973v1,q03,Name_x_Bibliometrics,-0.24000000000000005
text06-BIO-SHORT-2506.14789v1,q03,Name_x_Bibliometrics,-0.22000000000000003
text07-BIO-SHORT-2506.13576v3,q03,Name_x_Bibliometrics,0.32
text08-BIO-SHORT-2503.19923v2,q03,Name_x_Bibliometrics,0.18
text09-BIO-SHORT-2602.00019v1,q03,Name_x_Bibliometrics,-0.32
text10-BIO-SHORT-2506.13817v1,q03,Name_x_Bibliometrics,-0.020000000000000018
text11-CS-SHORT-2506.09194v1,q03,Name_x_Bibliometrics,-0.36000000000000004
text12-CS-SHORT-2512.19717v1,q03,Name_x_Bibliometrics,0.08000000000000003
text13-CS-SHORT-2510.04124v5,q03,Name_x_Bibliometrics,0.08
text14-CS-SHORT-2509.13349v2,q03,Name_x_Bibliometrics,-0.48
text15-CS-SHORT-2602.03870v1,q03,Name_x_Bibliometrics,0.0
text16-CS-SHORT-2509.06033v1,q03,Name_x_Bibliometrics,0.10000000000000002
text17-CS-SHORT-2509.16294v1,q03,Name_x_Bibliometrics,-0.27999999999999997
text18-CS-SHORT-2507.09492v1,q03,Name_x_Bibliometrics,0.039999999999999994
text19-CS-SHORT-2509.14600v1,q03,Name_x_Bibliometrics,-0.18
text20-CS-SHORT-2503.14899v1,q03,Name_x_Bibliometrics,0.36
text21-PHY-SHORT-2601.23079v1,q03,Name_x_Bibliometrics,-0.08
text22-PHY-SHORT-2601.23047v1,q03,Name_x_Bibliometrics,0.36
text23-PHY-SHORT-2601.23057v1,q03,Name_x_Bibliometrics,-0.07999999999999996
text24-PHY-SHORT-2509.16741v1,q03,Name_x_Bibliometrics,0.15999999999999995
text25-PHY-SHORT-2507.08042v1,q03,Name_x_Bibliometrics,-0.26000000000000006
text26-PHY-SHORT-2512.23538v1,q03,Name_x_Bibliometrics,0.039999999999999994
text27-PHY-SHORT-2510.18500v1,q03,Name_x_Bibliometrics,0.26
text28-PHY-SHORT-2508.20431v1,q03,Name_x_Bibliometrics,-0.1
text29-PHY-SHORT-2509.06825v1,q03,Name_x_Bibliometrics,-0.13999999999999999
text30-PHY-SHORT-2509.17653v2,q03,Name_x_Bibliometrics,0.5599999999999999
text31-MATH-SHORT-2511.03536v1,q03,Name_x_Bibliometrics,0.1
text32-MATH-SHORT-2603.02088v1,q03,Name_x_Bibliometrics,0.2
text33-MATH-SHORT-2512.22134v3,q03,Name_x_Bibliometrics,0.13999999999999999
text34-MATH-SHORT-2509.00532v1,q03,Name_x_Bibliometrics,-0.3
text35-MATH-SHORT-2512.06844v1,q03,Name_x_Bibliometrics,0.0
text36-MATH-SHORT-2503.09380v2,q03,Name_x_Bibliometrics,0.1
text37-MATH-SHORT-2510.26426v1,q03,Name_x_Bibliometrics,-0.09999999999999998
text38-MATH-SHORT-2512.04101v1,q03,Name_x_Bibliometrics,-0.019999999999999997
text39-MATH-SHORT-2506.11609v2,q03,Name_x_Bibliometrics,0.48
text40-MATH-SHORT-2507.15879v2,q03,Name_x_Bibliometrics,0.13999999999999999
text41-BIO-LONG-2512.06709v1,q03,Name_x_Bibliometrics,-0.66
text42-BIO-LONG-2503.07104v1,q03,Name_x_Bibliometrics,-0.16
text43-BIO-LONG-2506.16577v1,q03,Name_x_Bibliometrics,-0.020000000000000018
text44-BIO-LONG-2505.20052v1,q03,Name_x_Bibliometrics,0.52
text45-BIO-LONG-2507.17897v4,q03,Name_x_Bibliometrics,-0.020000000000000028
text46-BIO-LONG-2505.05863v1,q03,Name_x_Bibliometrics,0.58
text47-BIO-LONG-2505.21094v1,q03,Name_x_Bibliometrics,-0.2
text48-BIO-LONG-2602.16750v1,q03,Name_x_Bibliometrics,0.0
text49-BIO-LONG-2511.10014v1,q03,Name_x_Bibliometrics,0.11999999999999997
text50-BIO-LONG-2603.01054v1,q03,Name_x_Bibliometrics,0.4
text51-CS-LONG-2602.11588v1,q03,Name_x_Bibliometrics,0.0
text52-CS-LONG-2602.15675v1,q03,Name_x_Bibliometrics,0.0
text53-CS-LONG-2603.02012v1,q03,Name_x_Bibliometrics,0.24
text54-CS-LONG-2602.23006v1,q03,Name_x_Bibliometrics,0.0
text55-CS-LONG-2602.21625v1,q03,Name_x_Bibliometrics,-0.12
text56-CS-LONG-2602.13713v1,q03,Name_x_Bibliometrics,0.0
text57-CS-LONG-2603.00079v1,q03,Name_x_Bibliometrics,-0.03999999999999998
text58-CS-LONG-2603.01023v1,q03,Name_x_Bibliometrics,-0.42000000000000004
text59-CS-LONG-2602.19401v1,q03,Name_x_Bibliometrics,-0.06
text60-CS-LONG-2602.18518v1,q03,Name_x_Bibliometrics,0.0
text61-PHY-LONG-2602.03885v1,q03,Name_x_Bibliometrics,-0.13999999999999996
text62-PHY-LONG-2511.21971v1,q03,Name_x_Bibliometrics,-0.02000000000000004
text63-PHY-LONG-2512.18015v1,q03,Name_x_Bibliometrics,0.13999999999999999
text64-PHY-LONG-2602.23683v1,q03,Name_x_Bibliometrics,-0.12
text65-PHY-LONG-2601.13267v1,q03,Name_x_Bibliometrics,0.12000000000000002
text66-PHY-LONG-2512.24566v1,q03,Name_x_Bibliometrics,0.1
text67-PHY-LONG-2602.07636v2,q03,Name_x_Bibliometrics,0.039999999999999994
text68-PHY-LONG-2512.18130v1,q03,Name_x_Bibliometrics,0.24
text69-PHY-LONG-2602.17389v1,q03,Name_x_Bibliometrics,-0.09999999999999998
text70-PHY-LONG-2602.08188v1,q03,Name_x_Bibliometrics,0.019999999999999973
text71-MATH-LONG-2511.12781v1,q03,Name_x_Bibliometrics,0.44000000000000006
text72-MATH-LONG-2602.06095v1,q03,Name_x_Bibliometrics,0.11999999999999997
text73-MATH-LONG-2511.18101v1,q03,Name_x_Bibliometrics,0.33999999999999997
text74-MATH-LONG-2512.15978v1,q03,Name_x_Bibliometrics,0.22000000000000003
text75-MATH-LONG-2511.22140v1,q03,Name_x_Bibliometrics,0.07999999999999999
text76-MATH-LONG-2602.20441v1,q03,Name_x_Bibliometrics,0.13999999999999999
text77-MATH-LONG-2601.20851v2,q03,Name_x_Bibliometrics,-0.1
text78-MATH-LONG-2512.17595v1,q03,Name_x_Bibliometrics,0.16
text79-MATH-LONG-2512.10129v1,q03,Name_x_Bibliometrics,-4.4408920985006264e-17
text80-MATH-LONG-2512.10507v1,q03,Name_x_Bibliometrics,-0.059999999999999984
text01-BIO-SHORT-2505.02276v1,q03,Inst_x_Bibliometrics,-0.1
text02-BIO-SHORT-2507.04575v1,q03,Inst_x_Bibliometrics,-0.26
text03-BIO-SHORT-2505.11568v3,q03,Inst_x_Bibliometrics,0.019999999999999973
text04-BIO-SHORT-2507.08385v1,q03,Inst_x_Bibliometrics,0.34
text05-BIO-SHORT-2504.10973v1,q03,Inst_x_Bibliometrics,0.28
text06-BIO-SHORT-2506.14789v1,q03,Inst_x_Bibliometrics,-0.1
text07-BIO-SHORT-2506.13576v3,q03,Inst_x_Bibliometrics,0.23999999999999994
text08-BIO-SHORT-2503.19923v2,q03,Inst_x_Bibliometrics,0.06000000000000001
text09-BIO-SHORT-2602.00019v1,q03,Inst_x_Bibliometrics,2.2204460492503132e-17
text10-BIO-SHORT-2506.13817v1,q03,Inst_x_Bibliometrics,0.020000000000000018
text11-CS-SHORT-2506.09194v1,q03,Inst_x_Bibliometrics,-0.08
text12-CS-SHORT-2512.19717v1,q03,Inst_x_Bibliometrics,0.24
text13-CS-SHORT-2510.04124v5,q03,Inst_x_Bibliometrics,0.28
text14-CS-SHORT-2509.13349v2,q03,Inst_x_Bibliometrics,-0.24000000000000007
text15-CS-SHORT-2602.03870v1,q03,Inst_x_Bibliometrics,0.07999999999999999
text16-CS-SHORT-2509.06033v1,q03,Inst_x_Bibliometrics,0.26000000000000006
text17-CS-SHORT-2509.16294v1,q03,Inst_x_Bibliometrics,0.19999999999999998
text18-CS-SHORT-2507.09492v1,q03,Inst_x_Bibliometrics,-0.039999999999999994
text19-CS-SHORT-2509.14600v1,q03,Inst_x_Bibliometrics,-0.5000000000000001
text20-CS-SHORT-2503.14899v1,q03,Inst_x_Bibliometrics,-0.16
text21-PHY-SHORT-2601.23079v1,q03,Inst_x_Bibliometrics,-0.08
text22-PHY-SHORT-2601.23047v1,q03,Inst_x_Bibliometrics,-0.16
text23-PHY-SHORT-2601.23057v1,q03,Inst_x_Bibliometrics,-0.12
text24-PHY-SHORT-2509.16741v1,q03,Inst_x_Bibliometrics,0.11999999999999995
text25-PHY-SHORT-2507.08042v1,q03,Inst_x_Bibliometrics,-0.019999999999999997
text26-PHY-SHORT-2512.23538v1,q03,Inst_x_Bibliometrics,-0.11999999999999997
text27-PHY-SHORT-2510.18500v1,q03,Inst_x_Bibliometrics,0.37999999999999995
text28-PHY-SHORT-2508.20431v1,q03,Inst_x_Bibliometrics,0.38
text29-PHY-SHORT-2509.06825v1,q03,Inst_x_Bibliometrics,0.22000000000000003
text30-PHY-SHORT-2509.17653v2,q03,Inst_x_Bibliometrics,0.16
text31-MATH-SHORT-2511.03536v1,q03,Inst_x_Bibliometrics,0.26
text32-MATH-SHORT-2603.02088v1,q03,Inst_x_Bibliometrics,-0.12000000000000002
text33-MATH-SHORT-2512.22134v3,q03,Inst_x_Bibliometrics,0.13999999999999999
text34-MATH-SHORT-2509.00532v1,q03,Inst_x_Bibliometrics,-0.020000000000000018
text35-MATH-SHORT-2512.06844v1,q03,Inst_x_Bibliometrics,-0.039999999999999994
text36-MATH-SHORT-2503.09380v2,q03,Inst_x_Bibliometrics,-0.14000000000000004
text37-MATH-SHORT-2510.26426v1,q03,Inst_x_Bibliometrics,-0.14
text38-MATH-SHORT-2512.04101v1,q03,Inst_x_Bibliometrics,-0.059999999999999984
text39-MATH-SHORT-2506.11609v2,q03,Inst_x_Bibliometrics,-0.12000000000000002
text40-MATH-SHORT-2507.15879v2,q03,Inst_x_Bibliometrics,-0.06000000000000001
text41-BIO-LONG-2512.06709v1,q03,Inst_x_Bibliometrics,0.22000000000000003
text42-BIO-LONG-2503.07104v1,q03,Inst_x_Bibliometrics,0.16
text43-BIO-LONG-2506.16577v1,q03,Inst_x_Bibliometrics,0.05999999999999996
text44-BIO-LONG-2505.20052v1,q03,Inst_x_Bibliometrics,0.07999999999999999
text45-BIO-LONG-2507.17897v4,q03,Inst_x_Bibliometrics,0.019999999999999983
text46-BIO-LONG-2505.05863v1,q03,Inst_x_Bibliometrics,-0.14
text47-BIO-LONG-2505.21094v1,q03,Inst_x_Bibliometrics,-0.12000000000000002
text48-BIO-LONG-2602.16750v1,q03,Inst_x_Bibliometrics,0.0
text49-BIO-LONG-2511.10014v1,q03,Inst_x_Bibliometrics,-0.24
text50-BIO-LONG-2603.01054v1,q03,Inst_x_Bibliometrics,0.0
text51-CS-LONG-2602.11588v1,q03,Inst_x_Bibliometrics,0.07999999999999999
text52-CS-LONG-2602.15675v1,q03,Inst_x_Bibliometrics,0.0
text53-CS-LONG-2603.02012v1,q03,Inst_x_Bibliometrics,0.24
text54-CS-LONG-2602.23006v1,q03,Inst_x_Bibliometrics,0.0
text55-CS-LONG-2602.21625v1,q03,Inst_x_Bibliometrics,-0.12
text56-CS-LONG-2602.13713v1,q03,Inst_x_Bibliometrics,-0.07999999999999999
text57-CS-LONG-2603.00079v1,q03,Inst_x_Bibliometrics,0.23999999999999994
text58-CS-LONG-2603.01023v1,q03,Inst_x_Bibliometrics,0.18
text59-CS-LONG-2602.19401v1,q03,Inst_x_Bibliometrics,0.019999999999999983
text60-CS-LONG-2602.18518v1,q03,Inst_x_Bibliometrics,0.0
text61-PHY-LONG-2602.03885v1,q03,Inst_x_Bibliometrics,0.059999999999999984
text62-PHY-LONG-2511.21971v1,q03,Inst_x_Bibliometrics,0.1
text63-PHY-LONG-2512.18015v1,q03,Inst_x_Bibliometrics,0.019999999999999997
text64-PHY-LONG-2602.23683v1,q03,Inst_x_Bibliometrics,-0.12
text65-PHY-LONG-2601.13267v1,q03,Inst_x_Bibliometrics,0.2
text66-PHY-LONG-2512.24566v1,q03,Inst_x_Bibliometrics,0.18
text67-PHY-LONG-2602.07636v2,q03,Inst_x_Bibliometrics,0.2
text68-PHY-LONG-2512.18130v1,q03,Inst_x_Bibliometrics,-0.08
text69-PHY-LONG-2602.17389v1,q03,Inst_x_Bibliometrics,0.3
text70-PHY-LONG-2602.08188v1,q03,Inst_x_Bibliometrics,0.14
text71-MATH-LONG-2511.12781v1,q03,Inst_x_Bibliometrics,-0.2
text72-MATH-LONG-2602.06095v1,q03,Inst_x_Bibliometrics,-0.039999999999999994
text73-MATH-LONG-2511.18101v1,q03,Inst_x_Bibliometrics,-0.38
text74-MATH-LONG-2512.15978v1,q03,Inst_x_Bibliometrics,-0.1
text75-MATH-LONG-2511.22140v1,q03,Inst_x_Bibliometrics,-0.15999999999999998
text76-MATH-LONG-2602.20441v1,q03,Inst_x_Bibliometrics,0.019999999999999973
text77-MATH-LONG-2601.20851v2,q03,Inst_x_Bibliometrics,0.019999999999999973
text78-MATH-LONG-2512.17595v1,q03,Inst_x_Bibliometrics,0.11999999999999997
text79-MATH-LONG-2512.10129v1,q03,Inst_x_Bibliometrics,0.039999999999999994
text80-MATH-LONG-2512.10507v1,q03,Inst_x_Bibliometrics,0.18
text01-BIO-SHORT-2505.02276v1,q04,BF_minus_WM,0.040000000000000015
text02-BIO-SHORT-2507.04575v1,q04,BF_minus_WM,0.010000000000000009
text03-BIO-SHORT-2505.11568v3,q04,BF_minus_WM,0.0
text04-BIO-SHORT-2507.08385v1,q04,BF_minus_WM,0.08
text05-BIO-SHORT-2504.10973v1,q04,BF_minus_WM,0.0
text06-BIO-SHORT-2506.14789v1,q04,BF_minus_WM,-0.010000000000000009
text07-BIO-SHORT-2506.13576v3,q04,BF_minus_WM,0.0
text08-BIO-SHORT-2503.19923v2,q04,BF_minus_WM,-0.049999999999999975
text09-BIO-SHORT-2602.00019v1,q04,BF_minus_WM,0.039999999999999994
text10-BIO-SHORT-2506.13817v1,q04,BF_minus_WM,0.0
text11-CS-SHORT-2506.09194v1,q04,BF_minus_WM,0.010000000000000009
text12-CS-SHORT-2512.19717v1,q04,BF_minus_WM,-0.010000000000000009
text13-CS-SHORT-2510.04124v5,q04,BF_minus_WM,0.0
text14-CS-SHORT-2509.13349v2,q04,BF_minus_WM,0.0
text15-CS-SHORT-2602.03870v1,q04,BF_minus_WM,-0.05
text16-CS-SHORT-2509.06033v1,q04,BF_minus_WM,0.010000000000000009
text17-CS-SHORT-2509.16294v1,q04,BF_minus_WM,0.020000000000000018
text18-CS-SHORT-2507.09492v1,q04,BF_minus_WM,0.0
text19-CS-SHORT-2509.14600v1,q04,BF_minus_WM,0.0
text20-CS-SHORT-2503.14899v1,q04,BF_minus_WM,0.010000000000000009
text21-PHY-SHORT-2601.23079v1,q04,BF_minus_WM,0.0
text22-PHY-SHORT-2601.23047v1,q04,BF_minus_WM,0.0
text23-PHY-SHORT-2601.23057v1,q04,BF_minus_WM,0.0
text24-PHY-SHORT-2509.16741v1,q04,BF_minus_WM,-0.06999999999999999
text25-PHY-SHORT-2507.08042v1,q04,BF_minus_WM,0.06
text26-PHY-SHORT-2512.23538v1,q04,BF_minus_WM,0.059999999999999984
text27-PHY-SHORT-2510.18500v1,q04,BF_minus_WM,0.05
text28-PHY-SHORT-2508.20431v1,q04,BF_minus_WM,0.0
text29-PHY-SHORT-2509.06825v1,q04,BF_minus_WM,0.0
text30-PHY-SHORT-2509.17653v2,q04,BF_minus_WM,-0.07000000000000002
text31-MATH-SHORT-2511.03536v1,q04,BF_minus_WM,0.019999999999999973
text32-MATH-SHORT-2603.02088v1,q04,BF_minus_WM,0.08
text33-MATH-SHORT-2512.22134v3,q04,BF_minus_WM,0.0
text34-MATH-SHORT-2509.00532v1,q04,BF_minus_WM,0.0
text35-MATH-SHORT-2512.06844v1,q04,BF_minus_WM,0.0
text36-MATH-SHORT-2503.09380v2,q04,BF_minus_WM,0.07999999999999999
text37-MATH-SHORT-2510.26426v1,q04,BF_minus_WM,0.0
text38-MATH-SHORT-2512.04101v1,q04,BF_minus_WM,0.0
text39-MATH-SHORT-2506.11609v2,q04,BF_minus_WM,0.039999999999999994
text40-MATH-SHORT-2507.15879v2,q04,BF_minus_WM,-0.010000000000000009
text41-BIO-LONG-2512.06709v1,q04,BF_minus_WM,0.08
text42-BIO-LONG-2503.07104v1,q04,BF_minus_WM,0.0
text43-BIO-LONG-2506.16577v1,q04,BF_minus_WM,0.09999999999999998
text44-BIO-LONG-2505.20052v1,q04,BF_minus_WM,0.12999999999999998
text45-BIO-LONG-2507.17897v4,q04,BF_minus_WM,0.0
text46-BIO-LONG-2505.05863v1,q04,BF_minus_WM,0.0
text47-BIO-LONG-2505.21094v1,q04,BF_minus_WM,-0.039999999999999994
text48-BIO-LONG-2602.16750v1,q04,BF_minus_WM,0.09
text49-BIO-LONG-2511.10014v1,q04,BF_minus_WM,0.019999999999999997
text50-BIO-LONG-2603.01054v1,q04,BF_minus_WM,0.0
text51-CS-LONG-2602.11588v1,q04,BF_minus_WM,0.0
text52-CS-LONG-2602.15675v1,q04,BF_minus_WM,0.0
text53-CS-LONG-2603.02012v1,q04,BF_minus_WM,0.0
text54-CS-LONG-2602.23006v1,q04,BF_minus_WM,0.0
text55-CS-LONG-2602.21625v1,q04,BF_minus_WM,0.0
text56-CS-LONG-2602.13713v1,q04,BF_minus_WM,-0.030000000000000006
text57-CS-LONG-2603.00079v1,q04,BF_minus_WM,0.0
text58-CS-LONG-2603.01023v1,q04,BF_minus_WM,0.0
text59-CS-LONG-2602.19401v1,q04,BF_minus_WM,0.0
text60-CS-LONG-2602.18518v1,q04,BF_minus_WM,0.0
text61-PHY-LONG-2602.03885v1,q04,BF_minus_WM,0.0
text62-PHY-LONG-2511.21971v1,q04,BF_minus_WM,0.039999999999999994
text63-PHY-LONG-2512.18015v1,q04,BF_minus_WM,0.0
text64-PHY-LONG-2602.23683v1,q04,BF_minus_WM,0.0
text65-PHY-LONG-2601.13267v1,q04,BF_minus_WM,0.0
text66-PHY-LONG-2512.24566v1,q04,BF_minus_WM,0.0
text67-PHY-LONG-2602.07636v2,q04,BF_minus_WM,0.0
text68-PHY-LONG-2512.18130v1,q04,BF_minus_WM,0.0
text69-PHY-LONG-2602.17389v1,q04,BF_minus_WM,0.0
text70-PHY-LONG-2602.08188v1,q04,BF_minus_WM,0.0
text71-MATH-LONG-2511.12781v1,q04,BF_minus_WM,0.010000000000000009
text72-MATH-LONG-2602.06095v1,q04,BF_minus_WM,0.019999999999999997
text73-MATH-LONG-2511.18101v1,q04,BF_minus_WM,0.10999999999999999
text74-MATH-LONG-2512.15978v1,q04,BF_minus_WM,0.039999999999999994
text75-MATH-LONG-2511.22140v1,q04,BF_minus_WM,0.05
text76-MATH-LONG-2602.20441v1,q04,BF_minus_WM,0.0
text77-MATH-LONG-2601.20851v2,q04,BF_minus_WM,0.0
text78-MATH-LONG-2512.17595v1,q04,BF_minus_WM,0.0
text79-MATH-LONG-2512.10129v1,q04,BF_minus_WM,0.06000000000000001
text80-MATH-LONG-2512.10507v1,q04,BF_minus_WM,0.0
text01-BIO-SHORT-2505.02276v1,q04,HI_minus_LI,2.2204460492503132e-17
text02-BIO-SHORT-2507.04575v1,q04,HI_minus_LI,0.010000000000000009
text03-BIO-SHORT-2505.11568v3,q04,HI_minus_LI,0.0
text04-BIO-SHORT-2507.08385v1,q04,HI_minus_LI,0.12
text05-BIO-SHORT-2504.10973v1,q04,HI_minus_LI,0.0
text06-BIO-SHORT-2506.14789v1,q04,HI_minus_LI,0.010000000000000009
text07-BIO-SHORT-2506.13576v3,q04,HI_minus_LI,0.0
text08-BIO-SHORT-2503.19923v2,q04,HI_minus_LI,-0.009999999999999986
text09-BIO-SHORT-2602.00019v1,q04,HI_minus_LI,0.16
text10-BIO-SHORT-2506.13817v1,q04,HI_minus_LI,0.0
text11-CS-SHORT-2506.09194v1,q04,HI_minus_LI,0.010000000000000009
text12-CS-SHORT-2512.19717v1,q04,HI_minus_LI,0.09
text13-CS-SHORT-2510.04124v5,q04,HI_minus_LI,0.0
text14-CS-SHORT-2509.13349v2,q04,HI_minus_LI,0.1
text15-CS-SHORT-2602.03870v1,q04,HI_minus_LI,0.05
text16-CS-SHORT-2509.06033v1,q04,HI_minus_LI,-0.010000000000000009
text17-CS-SHORT-2509.16294v1,q04,HI_minus_LI,0.0
text18-CS-SHORT-2507.09492v1,q04,HI_minus_LI,0.0
text19-CS-SHORT-2509.14600v1,q04,HI_minus_LI,0.0
text20-CS-SHORT-2503.14899v1,q04,HI_minus_LI,0.010000000000000009
text21-PHY-SHORT-2601.23079v1,q04,HI_minus_LI,0.0
text22-PHY-SHORT-2601.23047v1,q04,HI_minus_LI,0.0
text23-PHY-SHORT-2601.23057v1,q04,HI_minus_LI,0.0
text24-PHY-SHORT-2509.16741v1,q04,HI_minus_LI,-0.009999999999999986
text25-PHY-SHORT-2507.08042v1,q04,HI_minus_LI,-0.13999999999999999
text26-PHY-SHORT-2512.23538v1,q04,HI_minus_LI,0.019999999999999997
text27-PHY-SHORT-2510.18500v1,q04,HI_minus_LI,0.02999999999999998
text28-PHY-SHORT-2508.20431v1,q04,HI_minus_LI,0.0
text29-PHY-SHORT-2509.06825v1,q04,HI_minus_LI,0.0
text30-PHY-SHORT-2509.17653v2,q04,HI_minus_LI,0.15
text31-MATH-SHORT-2511.03536v1,q04,HI_minus_LI,0.07999999999999999
text32-MATH-SHORT-2603.02088v1,q04,HI_minus_LI,-0.16
text33-MATH-SHORT-2512.22134v3,q04,HI_minus_LI,0.0
text34-MATH-SHORT-2509.00532v1,q04,HI_minus_LI,0.0
text35-MATH-SHORT-2512.06844v1,q04,HI_minus_LI,0.0
text36-MATH-SHORT-2503.09380v2,q04,HI_minus_LI,0.13999999999999999
text37-MATH-SHORT-2510.26426v1,q04,HI_minus_LI,0.0
text38-MATH-SHORT-2512.04101v1,q04,HI_minus_LI,0.0
text39-MATH-SHORT-2506.11609v2,q04,HI_minus_LI,0.039999999999999994
text40-MATH-SHORT-2507.15879v2,q04,HI_minus_LI,0.010000000000000009
text41-BIO-LONG-2512.06709v1,q04,HI_minus_LI,0.08
text42-BIO-LONG-2503.07104v1,q04,HI_minus_LI,0.0
text43-BIO-LONG-2506.16577v1,q04,HI_minus_LI,0.0
text44-BIO-LONG-2505.20052v1,q04,HI_minus_LI,0.05
text45-BIO-LONG-2507.17897v4,q04,HI_minus_LI,0.0
text46-BIO-LONG-2505.05863v1,q04,HI_minus_LI,0.0
text47-BIO-LONG-2505.21094v1,q04,HI_minus_LI,0.039999999999999994
text48-BIO-LONG-2602.16750v1,q04,HI_minus_LI,0.09
text49-BIO-LONG-2511.10014v1,q04,HI_minus_LI,-0.019999999999999997
text50-BIO-LONG-2603.01054v1,q04,HI_minus_LI,0.0
text51-CS-LONG-2602.11588v1,q04,HI_minus_LI,0.0
text52-CS-LONG-2602.15675v1,q04,HI_minus_LI,0.0
text53-CS-LONG-2603.02012v1,q04,HI_minus_LI,0.0
text54-CS-LONG-2602.23006v1,q04,HI_minus_LI,0.0
text55-CS-LONG-2602.21625v1,q04,HI_minus_LI,0.0
text56-CS-LONG-2602.13713v1,q04,HI_minus_LI,0.06999999999999999
text57-CS-LONG-2603.00079v1,q04,HI_minus_LI,0.0
text58-CS-LONG-2603.01023v1,q04,HI_minus_LI,0.0
text59-CS-LONG-2602.19401v1,q04,HI_minus_LI,0.0
text60-CS-LONG-2602.18518v1,q04,HI_minus_LI,0.0
text61-PHY-LONG-2602.03885v1,q04,HI_minus_LI,0.0
text62-PHY-LONG-2511.21971v1,q04,HI_minus_LI,0.16
text63-PHY-LONG-2512.18015v1,q04,HI_minus_LI,0.0
text64-PHY-LONG-2602.23683v1,q04,HI_minus_LI,0.0
text65-PHY-LONG-2601.13267v1,q04,HI_minus_LI,0.0
text66-PHY-LONG-2512.24566v1,q04,HI_minus_LI,0.0
text67-PHY-LONG-2602.07636v2,q04,HI_minus_LI,0.0
text68-PHY-LONG-2512.18130v1,q04,HI_minus_LI,0.020000000000000018
text69-PHY-LONG-2602.17389v1,q04,HI_minus_LI,0.0
text70-PHY-LONG-2602.08188v1,q04,HI_minus_LI,0.0
text71-MATH-LONG-2511.12781v1,q04,HI_minus_LI,0.010000000000000009
text72-MATH-LONG-2602.06095v1,q04,HI_minus_LI,-0.1
text73-MATH-LONG-2511.18101v1,q04,HI_minus_LI,-0.009999999999999986
text74-MATH-LONG-2512.15978v1,q04,HI_minus_LI,0.039999999999999994
text75-MATH-LONG-2511.22140v1,q04,HI_minus_LI,0.05
text76-MATH-LONG-2602.20441v1,q04,HI_minus_LI,0.0
text77-MATH-LONG-2601.20851v2,q04,HI_minus_LI,0.0
text78-MATH-LONG-2512.17595v1,q04,HI_minus_LI,0.0
text79-MATH-LONG-2512.10129v1,q04,HI_minus_LI,0.06000000000000001
text80-MATH-LONG-2512.10507v1,q04,HI_minus_LI,0.0
text01-BIO-SHORT-2505.02276v1,q04,HP_minus_LP,0.019999999999999997
text02-BIO-SHORT-2507.04575v1,q04,HP_minus_LP,0.010000000000000009
text03-BIO-SHORT-2505.11568v3,q04,HP_minus_LP,0.0
text04-BIO-SHORT-2507.08385v1,q04,HP_minus_LP,0.08
text05-BIO-SHORT-2504.10973v1,q04,HP_minus_LP,0.0
text06-BIO-SHORT-2506.14789v1,q04,HP_minus_LP,0.19
text07-BIO-SHORT-2506.13576v3,q04,HP_minus_LP,0.0
text08-BIO-SHORT-2503.19923v2,q04,HP_minus_LP,0.010000000000000031
text09-BIO-SHORT-2602.00019v1,q04,HP_minus_LP,0.039999999999999994
text10-BIO-SHORT-2506.13817v1,q04,HP_minus_LP,0.0
text11-CS-SHORT-2506.09194v1,q04,HP_minus_LP,-0.02999999999999998
text12-CS-SHORT-2512.19717v1,q04,HP_minus_LP,-0.09
text13-CS-SHORT-2510.04124v5,q04,HP_minus_LP,0.0
text14-CS-SHORT-2509.13349v2,q04,HP_minus_LP,0.1
text15-CS-SHORT-2602.03870v1,q04,HP_minus_LP,0.05
text16-CS-SHORT-2509.06033v1,q04,HP_minus_LP,0.010000000000000009
text17-CS-SHORT-2509.16294v1,q04,HP_minus_LP,0.020000000000000018
text18-CS-SHORT-2507.09492v1,q04,HP_minus_LP,0.0
text19-CS-SHORT-2509.14600v1,q04,HP_minus_LP,0.0
text20-CS-SHORT-2503.14899v1,q04,HP_minus_LP,0.010000000000000009
text21-PHY-SHORT-2601.23079v1,q04,HP_minus_LP,0.2
text22-PHY-SHORT-2601.23047v1,q04,HP_minus_LP,0.0
text23-PHY-SHORT-2601.23057v1,q04,HP_minus_LP,0.12000000000000002
text24-PHY-SHORT-2509.16741v1,q04,HP_minus_LP,0.009999999999999986
text25-PHY-SHORT-2507.08042v1,q04,HP_minus_LP,0.02
text26-PHY-SHORT-2512.23538v1,q04,HP_minus_LP,0.059999999999999984
text27-PHY-SHORT-2510.18500v1,q04,HP_minus_LP,0.05
text28-PHY-SHORT-2508.20431v1,q04,HP_minus_LP,0.0
text29-PHY-SHORT-2509.06825v1,q04,HP_minus_LP,0.0
text30-PHY-SHORT-2509.17653v2,q04,HP_minus_LP,0.09
text31-MATH-SHORT-2511.03536v1,q04,HP_minus_LP,0.0
text32-MATH-SHORT-2603.02088v1,q04,HP_minus_LP,0.1
text33-MATH-SHORT-2512.22134v3,q04,HP_minus_LP,0.0
text34-MATH-SHORT-2509.00532v1,q04,HP_minus_LP,0.0
text35-MATH-SHORT-2512.06844v1,q04,HP_minus_LP,0.0
text36-MATH-SHORT-2503.09380v2,q04,HP_minus_LP,0.1
text37-MATH-SHORT-2510.26426v1,q04,HP_minus_LP,0.0
text38-MATH-SHORT-2512.04101v1,q04,HP_minus_LP,0.0
text39-MATH-SHORT-2506.11609v2,q04,HP_minus_LP,0.039999999999999994
text40-MATH-SHORT-2507.15879v2,q04,HP_minus_LP,0.010000000000000009
text41-BIO-LONG-2512.06709v1,q04,HP_minus_LP,0.12
text42-BIO-LONG-2503.07104v1,q04,HP_minus_LP,0.0
text43-BIO-LONG-2506.16577v1,q04,HP_minus_LP,0.25999999999999995
text44-BIO-LONG-2505.20052v1,q04,HP_minus_LP,0.07000000000000002
text45-BIO-LONG-2507.17897v4,q04,HP_minus_LP,0.0
text46-BIO-LONG-2505.05863v1,q04,HP_minus_LP,0.0
text47-BIO-LONG-2505.21094v1,q04,HP_minus_LP,0.039999999999999994
text48-BIO-LONG-2602.16750v1,q04,HP_minus_LP,-0.010000000000000009
text49-BIO-LONG-2511.10014v1,q04,HP_minus_LP,0.019999999999999997
text50-BIO-LONG-2603.01054v1,q04,HP_minus_LP,0.0
text51-CS-LONG-2602.11588v1,q04,HP_minus_LP,0.0
text52-CS-LONG-2602.15675v1,q04,HP_minus_LP,0.0
text53-CS-LONG-2603.02012v1,q04,HP_minus_LP,0.0
text54-CS-LONG-2602.23006v1,q04,HP_minus_LP,0.0
text55-CS-LONG-2602.21625v1,q04,HP_minus_LP,0.0
text56-CS-LONG-2602.13713v1,q04,HP_minus_LP,0.06999999999999999
text57-CS-LONG-2603.00079v1,q04,HP_minus_LP,0.0
text58-CS-LONG-2603.01023v1,q04,HP_minus_LP,0.0
text59-CS-LONG-2602.19401v1,q04,HP_minus_LP,0.0
text60-CS-LONG-2602.18518v1,q04,HP_minus_LP,0.0
text61-PHY-LONG-2602.03885v1,q04,HP_minus_LP,0.0
text62-PHY-LONG-2511.21971v1,q04,HP_minus_LP,0.039999999999999994
text63-PHY-LONG-2512.18015v1,q04,HP_minus_LP,0.0
text64-PHY-LONG-2602.23683v1,q04,HP_minus_LP,0.0
text65-PHY-LONG-2601.13267v1,q04,HP_minus_LP,0.0
text66-PHY-LONG-2512.24566v1,q04,HP_minus_LP,0.0
text67-PHY-LONG-2602.07636v2,q04,HP_minus_LP,0.0
text68-PHY-LONG-2512.18130v1,q04,HP_minus_LP,0.2
text69-PHY-LONG-2602.17389v1,q04,HP_minus_LP,0.0
text70-PHY-LONG-2602.08188v1,q04,HP_minus_LP,0.0
text71-MATH-LONG-2511.12781v1,q04,HP_minus_LP,0.010000000000000009
text72-MATH-LONG-2602.06095v1,q04,HP_minus_LP,0.059999999999999984
text73-MATH-LONG-2511.18101v1,q04,HP_minus_LP,0.09000000000000001
text74-MATH-LONG-2512.15978v1,q04,HP_minus_LP,0.039999999999999994
text75-MATH-LONG-2511.22140v1,q04,HP_minus_LP,0.05
text76-MATH-LONG-2602.20441v1,q04,HP_minus_LP,0.0
text77-MATH-LONG-2601.20851v2,q04,HP_minus_LP,0.0
text78-MATH-LONG-2512.17595v1,q04,HP_minus_LP,0.0
text79-MATH-LONG-2512.10129v1,q04,HP_minus_LP,0.039999999999999994
text80-MATH-LONG-2512.10507v1,q04,HP_minus_LP,0.0
text01-BIO-SHORT-2505.02276v1,q04,Name_x_Inst,0.16
text02-BIO-SHORT-2507.04575v1,q04,Name_x_Inst,0.020000000000000018
text03-BIO-SHORT-2505.11568v3,q04,Name_x_Inst,0.0
text04-BIO-SHORT-2507.08385v1,q04,Name_x_Inst,0.039999999999999994
text05-BIO-SHORT-2504.10973v1,q04,Name_x_Inst,0.0
text06-BIO-SHORT-2506.14789v1,q04,Name_x_Inst,-0.020000000000000018
text07-BIO-SHORT-2506.13576v3,q04,Name_x_Inst,0.0
text08-BIO-SHORT-2503.19923v2,q04,Name_x_Inst,-0.019999999999999973
text09-BIO-SHORT-2602.00019v1,q04,Name_x_Inst,0.07999999999999999
text10-BIO-SHORT-2506.13817v1,q04,Name_x_Inst,0.0
text11-CS-SHORT-2506.09194v1,q04,Name_x_Inst,-0.1
text12-CS-SHORT-2512.19717v1,q04,Name_x_Inst,-0.020000000000000018
text13-CS-SHORT-2510.04124v5,q04,Name_x_Inst,0.0
text14-CS-SHORT-2509.13349v2,q04,Name_x_Inst,0.0
text15-CS-SHORT-2602.03870v1,q04,Name_x_Inst,0.1
text16-CS-SHORT-2509.06033v1,q04,Name_x_Inst,0.020000000000000018
text17-CS-SHORT-2509.16294v1,q04,Name_x_Inst,0.0
text18-CS-SHORT-2507.09492v1,q04,Name_x_Inst,0.0
text19-CS-SHORT-2509.14600v1,q04,Name_x_Inst,0.0
text20-CS-SHORT-2503.14899v1,q04,Name_x_Inst,-0.020000000000000018
text21-PHY-SHORT-2601.23079v1,q04,Name_x_Inst,0.0
text22-PHY-SHORT-2601.23047v1,q04,Name_x_Inst,0.0
text23-PHY-SHORT-2601.23057v1,q04,Name_x_Inst,0.15999999999999998
text24-PHY-SHORT-2509.16741v1,q04,Name_x_Inst,-0.019999999999999973
text25-PHY-SHORT-2507.08042v1,q04,Name_x_Inst,-0.04
text26-PHY-SHORT-2512.23538v1,q04,Name_x_Inst,-0.039999999999999994
text27-PHY-SHORT-2510.18500v1,q04,Name_x_Inst,-0.05999999999999996
text28-PHY-SHORT-2508.20431v1,q04,Name_x_Inst,0.0
text29-PHY-SHORT-2509.06825v1,q04,Name_x_Inst,0.0
text30-PHY-SHORT-2509.17653v2,q04,Name_x_Inst,0.06000000000000005
text31-MATH-SHORT-2511.03536v1,q04,Name_x_Inst,-0.07999999999999999
text32-MATH-SHORT-2603.02088v1,q04,Name_x_Inst,0.12000000000000002
text33-MATH-SHORT-2512.22134v3,q04,Name_x_Inst,0.0
text34-MATH-SHORT-2509.00532v1,q04,Name_x_Inst,0.0
text35-MATH-SHORT-2512.06844v1,q04,Name_x_Inst,0.0
text36-MATH-SHORT-2503.09380v2,q04,Name_x_Inst,0.040000000000000015
text37-MATH-SHORT-2510.26426v1,q04,Name_x_Inst,0.0
text38-MATH-SHORT-2512.04101v1,q04,Name_x_Inst,0.0
text39-MATH-SHORT-2506.11609v2,q04,Name_x_Inst,-0.07999999999999999
text40-MATH-SHORT-2507.15879v2,q04,Name_x_Inst,0.020000000000000018
text41-BIO-LONG-2512.06709v1,q04,Name_x_Inst,-0.039999999999999994
text42-BIO-LONG-2503.07104v1,q04,Name_x_Inst,0.0
text43-BIO-LONG-2506.16577v1,q04,Name_x_Inst,-0.07999999999999999
text44-BIO-LONG-2505.20052v1,q04,Name_x_Inst,0.1
text45-BIO-LONG-2507.17897v4,q04,Name_x_Inst,0.0
text46-BIO-LONG-2505.05863v1,q04,Name_x_Inst,0.0
text47-BIO-LONG-2505.21094v1,q04,Name_x_Inst,0.07999999999999999
text48-BIO-LONG-2602.16750v1,q04,Name_x_Inst,-0.18
text49-BIO-LONG-2511.10014v1,q04,Name_x_Inst,0.08000000000000003
text50-BIO-LONG-2603.01054v1,q04,Name_x_Inst,0.0
text51-CS-LONG-2602.11588v1,q04,Name_x_Inst,0.0
text52-CS-LONG-2602.15675v1,q04,Name_x_Inst,0.0
text53-CS-LONG-2603.02012v1,q04,Name_x_Inst,0.0
text54-CS-LONG-2602.23006v1,q04,Name_x_Inst,0.0
text55-CS-LONG-2602.21625v1,q04,Name_x_Inst,0.0
text56-CS-LONG-2602.13713v1,q04,Name_x_Inst,0.06000000000000001
text57-CS-LONG-2603.00079v1,q04,Name_x_Inst,0.0
text58-CS-LONG-2603.01023v1,q04,Name_x_Inst,0.0
text59-CS-LONG-2602.19401v1,q04,Name_x_Inst,0.0
text60-CS-LONG-2602.18518v1,q04,Name_x_Inst,0.0
text61-PHY-LONG-2602.03885v1,q04,Name_x_Inst,0.0
text62-PHY-LONG-2511.21971v1,q04,Name_x_Inst,0.07999999999999999
text63-PHY-LONG-2512.18015v1,q04,Name_x_Inst,0.0
text64-PHY-LONG-2602.23683v1,q04,Name_x_Inst,0.0
text65-PHY-LONG-2601.13267v1,q04,Name_x_Inst,0.0
text66-PHY-LONG-2512.24566v1,q04,Name_x_Inst,0.0
text67-PHY-LONG-2602.07636v2,q04,Name_x_Inst,0.0
text68-PHY-LONG-2512.18130v1,q04,Name_x_Inst,-0.040000000000000036
text69-PHY-LONG-2602.17389v1,q04,Name_x_Inst,0.0
text70-PHY-LONG-2602.08188v1,q04,Name_x_Inst,0.0
text71-MATH-LONG-2511.12781v1,q04,Name_x_Inst,-0.020000000000000018
text72-MATH-LONG-2602.06095v1,q04,Name_x_Inst,-0.12000000000000002
text73-MATH-LONG-2511.18101v1,q04,Name_x_Inst,0.13999999999999999
text74-MATH-LONG-2512.15978v1,q04,Name_x_Inst,-0.07999999999999999
text75-MATH-LONG-2511.22140v1,q04,Name_x_Inst,-0.1
text76-MATH-LONG-2602.20441v1,q04,Name_x_Inst,0.0
text77-MATH-LONG-2601.20851v2,q04,Name_x_Inst,0.0
text78-MATH-LONG-2512.17595v1,q04,Name_x_Inst,0.0
text79-MATH-LONG-2512.10129v1,q04,Name_x_Inst,-0.12000000000000002
text80-MATH-LONG-2512.10507v1,q04,Name_x_Inst,0.0
text01-BIO-SHORT-2505.02276v1,q04,Name_x_Bibliometrics,0.19999999999999996
text02-BIO-SHORT-2507.04575v1,q04,Name_x_Bibliometrics,0.020000000000000018
text03-BIO-SHORT-2505.11568v3,q04,Name_x_Bibliometrics,0.0
text04-BIO-SHORT-2507.08385v1,q04,Name_x_Bibliometrics,-0.039999999999999994
text05-BIO-SHORT-2504.10973v1,q04,Name_x_Bibliometrics,0.0
text06-BIO-SHORT-2506.14789v1,q04,Name_x_Bibliometrics,0.020000000000000018
text07-BIO-SHORT-2506.13576v3,q04,Name_x_Bibliometrics,0.0
text08-BIO-SHORT-2503.19923v2,q04,Name_x_Bibliometrics,-0.06000000000000001
text09-BIO-SHORT-2602.00019v1,q04,Name_x_Bibliometrics,-0.07999999999999999
text10-BIO-SHORT-2506.13817v1,q04,Name_x_Bibliometrics,0.0
text11-CS-SHORT-2506.09194v1,q04,Name_x_Bibliometrics,0.13999999999999996
text12-CS-SHORT-2512.19717v1,q04,Name_x_Bibliometrics,0.020000000000000018
text13-CS-SHORT-2510.04124v5,q04,Name_x_Bibliometrics,0.0
text14-CS-SHORT-2509.13349v2,q04,Name_x_Bibliometrics,0.0
text15-CS-SHORT-2602.03870v1,q04,Name_x_Bibliometrics,0.1
text16-CS-SHORT-2509.06033v1,q04,Name_x_Bibliometrics,-0.020000000000000018
text17-CS-SHORT-2509.16294v1,q04,Name_x_Bibliometrics,-0.040000000000000036
text18-CS-SHORT-2507.09492v1,q04,Name_x_Bibliometrics,0.0
text19-CS-SHORT-2509.14600v1,q04,Name_x_Bibliometrics,0.0
text20-CS-SHORT-2503.14899v1,q04,Name_x_Bibliometrics,-0.020000000000000018
text21-PHY-SHORT-2601.23079v1,q04,Name_x_Bibliometrics,0.0
text22-PHY-SHORT-2601.23047v1,q04,Name_x_Bibliometrics,0.0
text23-PHY-SHORT-2601.23057v1,q04,Name_x_Bibliometrics,0.0
text24-PHY-SHORT-2509.16741v1,q04,Name_x_Bibliometrics,0.019999999999999973
text25-PHY-SHORT-2507.08042v1,q04,Name_x_Bibliometrics,-0.04
text26-PHY-SHORT-2512.23538v1,q04,Name_x_Bibliometrics,-0.11999999999999997
text27-PHY-SHORT-2510.18500v1,q04,Name_x_Bibliometrics,-0.1
text28-PHY-SHORT-2508.20431v1,q04,Name_x_Bibliometrics,0.0
text29-PHY-SHORT-2509.06825v1,q04,Name_x_Bibliometrics,0.0
text30-PHY-SHORT-2509.17653v2,q04,Name_x_Bibliometrics,-0.05999999999999996
text31-MATH-SHORT-2511.03536v1,q04,Name_x_Bibliometrics,-0.07999999999999999
text32-MATH-SHORT-2603.02088v1,q04,Name_x_Bibliometrics,0.0
text33-MATH-SHORT-2512.22134v3,q04,Name_x_Bibliometrics,0.0
text34-MATH-SHORT-2509.00532v1,q04,Name_x_Bibliometrics,0.0
text35-MATH-SHORT-2512.06844v1,q04,Name_x_Bibliometrics,0.0
text36-MATH-SHORT-2503.09380v2,q04,Name_x_Bibliometrics,0.12
text37-MATH-SHORT-2510.26426v1,q04,Name_x_Bibliometrics,0.0
text38-MATH-SHORT-2512.04101v1,q04,Name_x_Bibliometrics,0.0
text39-MATH-SHORT-2506.11609v2,q04,Name_x_Bibliometrics,-0.07999999999999999
text40-MATH-SHORT-2507.15879v2,q04,Name_x_Bibliometrics,0.020000000000000018
text41-BIO-LONG-2512.06709v1,q04,Name_x_Bibliometrics,0.039999999999999994
text42-BIO-LONG-2503.07104v1,q04,Name_x_Bibliometrics,0.0
text43-BIO-LONG-2506.16577v1,q04,Name_x_Bibliometrics,0.12000000000000006
text44-BIO-LONG-2505.20052v1,q04,Name_x_Bibliometrics,0.05999999999999996
text45-BIO-LONG-2507.17897v4,q04,Name_x_Bibliometrics,0.0
text46-BIO-LONG-2505.05863v1,q04,Name_x_Bibliometrics,0.0
text47-BIO-LONG-2505.21094v1,q04,Name_x_Bibliometrics,0.07999999999999999
text48-BIO-LONG-2602.16750v1,q04,Name_x_Bibliometrics,0.020000000000000018
text49-BIO-LONG-2511.10014v1,q04,Name_x_Bibliometrics,-0.08000000000000003
text50-BIO-LONG-2603.01054v1,q04,Name_x_Bibliometrics,0.0
text51-CS-LONG-2602.11588v1,q04,Name_x_Bibliometrics,0.0
text52-CS-LONG-2602.15675v1,q04,Name_x_Bibliometrics,0.0
text53-CS-LONG-2603.02012v1,q04,Name_x_Bibliometrics,0.0
text54-CS-LONG-2602.23006v1,q04,Name_x_Bibliometrics,0.0
text55-CS-LONG-2602.21625v1,q04,Name_x_Bibliometrics,0.0
text56-CS-LONG-2602.13713v1,q04,Name_x_Bibliometrics,0.06000000000000001
text57-CS-LONG-2603.00079v1,q04,Name_x_Bibliometrics,0.0
text58-CS-LONG-2603.01023v1,q04,Name_x_Bibliometrics,0.0
text59-CS-LONG-2602.19401v1,q04,Name_x_Bibliometrics,0.0
text60-CS-LONG-2602.18518v1,q04,Name_x_Bibliometrics,0.0
text61-PHY-LONG-2602.03885v1,q04,Name_x_Bibliometrics,0.0
text62-PHY-LONG-2511.21971v1,q04,Name_x_Bibliometrics,-0.07999999999999999
text63-PHY-LONG-2512.18015v1,q04,Name_x_Bibliometrics,0.0
text64-PHY-LONG-2602.23683v1,q04,Name_x_Bibliometrics,0.0
text65-PHY-LONG-2601.13267v1,q04,Name_x_Bibliometrics,0.0
text66-PHY-LONG-2512.24566v1,q04,Name_x_Bibliometrics,0.0
text67-PHY-LONG-2602.07636v2,q04,Name_x_Bibliometrics,0.0
text68-PHY-LONG-2512.18130v1,q04,Name_x_Bibliometrics,0.0
text69-PHY-LONG-2602.17389v1,q04,Name_x_Bibliometrics,0.0
text70-PHY-LONG-2602.08188v1,q04,Name_x_Bibliometrics,0.0
text71-MATH-LONG-2511.12781v1,q04,Name_x_Bibliometrics,-0.020000000000000018
text72-MATH-LONG-2602.06095v1,q04,Name_x_Bibliometrics,-0.20000000000000004
text73-MATH-LONG-2511.18101v1,q04,Name_x_Bibliometrics,-0.06000000000000001
text74-MATH-LONG-2512.15978v1,q04,Name_x_Bibliometrics,-0.07999999999999999
text75-MATH-LONG-2511.22140v1,q04,Name_x_Bibliometrics,-0.1
text76-MATH-LONG-2602.20441v1,q04,Name_x_Bibliometrics,0.0
text77-MATH-LONG-2601.20851v2,q04,Name_x_Bibliometrics,0.0
text78-MATH-LONG-2512.17595v1,q04,Name_x_Bibliometrics,0.0
text79-MATH-LONG-2512.10129v1,q04,Name_x_Bibliometrics,-0.07999999999999999
text80-MATH-LONG-2512.10507v1,q04,Name_x_Bibliometrics,0.0
text01-BIO-SHORT-2505.02276v1,q04,Inst_x_Bibliometrics,0.11999999999999997
text02-BIO-SHORT-2507.04575v1,q04,Inst_x_Bibliometrics,0.020000000000000018
text03-BIO-SHORT-2505.11568v3,q04,Inst_x_Bibliometrics,0.0
text04-BIO-SHORT-2507.08385v1,q04,Inst_x_Bibliometrics,0.039999999999999994
text05-BIO-SHORT-2504.10973v1,q04,Inst_x_Bibliometrics,0.0
text06-BIO-SHORT-2506.14789v1,q04,Inst_x_Bibliometrics,-0.020000000000000018
text07-BIO-SHORT-2506.13576v3,q04,Inst_x_Bibliometrics,0.0
text08-BIO-SHORT-2503.19923v2,q04,Inst_x_Bibliometrics,-0.13999999999999999
text09-BIO-SHORT-2602.00019v1,q04,Inst_x_Bibliometrics,0.07999999999999999
text10-BIO-SHORT-2506.13817v1,q04,Inst_x_Bibliometrics,0.0
text11-CS-SHORT-2506.09194v1,q04,Inst_x_Bibliometrics,0.13999999999999996
text12-CS-SHORT-2512.19717v1,q04,Inst_x_Bibliometrics,-0.18
text13-CS-SHORT-2510.04124v5,q04,Inst_x_Bibliometrics,0.0
text14-CS-SHORT-2509.13349v2,q04,Inst_x_Bibliometrics,-0.2
text15-CS-SHORT-2602.03870v1,q04,Inst_x_Bibliometrics,-0.1
text16-CS-SHORT-2509.06033v1,q04,Inst_x_Bibliometrics,0.020000000000000018
text17-CS-SHORT-2509.16294v1,q04,Inst_x_Bibliometrics,0.0
text18-CS-SHORT-2507.09492v1,q04,Inst_x_Bibliometrics,0.0
text19-CS-SHORT-2509.14600v1,q04,Inst_x_Bibliometrics,0.0
text20-CS-SHORT-2503.14899v1,q04,Inst_x_Bibliometrics,-0.020000000000000018
text21-PHY-SHORT-2601.23079v1,q04,Inst_x_Bibliometrics,0.0
text22-PHY-SHORT-2601.23047v1,q04,Inst_x_Bibliometrics,0.0
text23-PHY-SHORT-2601.23057v1,q04,Inst_x_Bibliometrics,0.0
text24-PHY-SHORT-2509.16741v1,q04,Inst_x_Bibliometrics,0.13999999999999999
text25-PHY-SHORT-2507.08042v1,q04,Inst_x_Bibliometrics,-0.04
text26-PHY-SHORT-2512.23538v1,q04,Inst_x_Bibliometrics,-0.039999999999999994
text27-PHY-SHORT-2510.18500v1,q04,Inst_x_Bibliometrics,-0.05999999999999996
text28-PHY-SHORT-2508.20431v1,q04,Inst_x_Bibliometrics,0.0
text29-PHY-SHORT-2509.06825v1,q04,Inst_x_Bibliometrics,0.0
text30-PHY-SHORT-2509.17653v2,q04,Inst_x_Bibliometrics,-0.1
text31-MATH-SHORT-2511.03536v1,q04,Inst_x_Bibliometrics,0.040000000000000036
text32-MATH-SHORT-2603.02088v1,q04,Inst_x_Bibliometrics,0.16
text33-MATH-SHORT-2512.22134v3,q04,Inst_x_Bibliometrics,0.0
text34-MATH-SHORT-2509.00532v1,q04,Inst_x_Bibliometrics,0.0
text35-MATH-SHORT-2512.06844v1,q04,Inst_x_Bibliometrics,0.0
text36-MATH-SHORT-2503.09380v2,q04,Inst_x_Bibliometrics,-0.08
text37-MATH-SHORT-2510.26426v1,q04,Inst_x_Bibliometrics,0.0
text38-MATH-SHORT-2512.04101v1,q04,Inst_x_Bibliometrics,0.0
text39-MATH-SHORT-2506.11609v2,q04,Inst_x_Bibliometrics,-0.07999999999999999
text40-MATH-SHORT-2507.15879v2,q04,Inst_x_Bibliometrics,-0.020000000000000018
text41-BIO-LONG-2512.06709v1,q04,Inst_x_Bibliometrics,0.039999999999999994
text42-BIO-LONG-2503.07104v1,q04,Inst_x_Bibliometrics,0.0
text43-BIO-LONG-2506.16577v1,q04,Inst_x_Bibliometrics,-0.15999999999999998
text44-BIO-LONG-2505.20052v1,q04,Inst_x_Bibliometrics,-0.1
text45-BIO-LONG-2507.17897v4,q04,Inst_x_Bibliometrics,0.0
text46-BIO-LONG-2505.05863v1,q04,Inst_x_Bibliometrics,0.0
text47-BIO-LONG-2505.21094v1,q04,Inst_x_Bibliometrics,-0.07999999999999999
text48-BIO-LONG-2602.16750v1,q04,Inst_x_Bibliometrics,0.020000000000000018
text49-BIO-LONG-2511.10014v1,q04,Inst_x_Bibliometrics,0.08000000000000003
text50-BIO-LONG-2603.01054v1,q04,Inst_x_Bibliometrics,0.0
text51-CS-LONG-2602.11588v1,q04,Inst_x_Bibliometrics,0.0
text52-CS-LONG-2602.15675v1,q04,Inst_x_Bibliometrics,0.0
text53-CS-LONG-2603.02012v1,q04,Inst_x_Bibliometrics,0.0
text54-CS-LONG-2602.23006v1,q04,Inst_x_Bibliometrics,0.0
text55-CS-LONG-2602.21625v1,q04,Inst_x_Bibliometrics,0.0
text56-CS-LONG-2602.13713v1,q04,Inst_x_Bibliometrics,-0.13999999999999999
text57-CS-LONG-2603.00079v1,q04,Inst_x_Bibliometrics,0.0
text58-CS-LONG-2603.01023v1,q04,Inst_x_Bibliometrics,0.0
text59-CS-LONG-2602.19401v1,q04,Inst_x_Bibliometrics,0.0
text60-CS-LONG-2602.18518v1,q04,Inst_x_Bibliometrics,0.0
text61-PHY-LONG-2602.03885v1,q04,Inst_x_Bibliometrics,0.0
text62-PHY-LONG-2511.21971v1,q04,Inst_x_Bibliometrics,0.07999999999999999
text63-PHY-LONG-2512.18015v1,q04,Inst_x_Bibliometrics,0.0
text64-PHY-LONG-2602.23683v1,q04,Inst_x_Bibliometrics,0.0
text65-PHY-LONG-2601.13267v1,q04,Inst_x_Bibliometrics,0.0
text66-PHY-LONG-2512.24566v1,q04,Inst_x_Bibliometrics,0.0
text67-PHY-LONG-2602.07636v2,q04,Inst_x_Bibliometrics,0.0
text68-PHY-LONG-2512.18130v1,q04,Inst_x_Bibliometrics,-0.040000000000000036
text69-PHY-LONG-2602.17389v1,q04,Inst_x_Bibliometrics,0.0
text70-PHY-LONG-2602.08188v1,q04,Inst_x_Bibliometrics,0.0
text71-MATH-LONG-2511.12781v1,q04,Inst_x_Bibliometrics,-0.020000000000000018
text72-MATH-LONG-2602.06095v1,q04,Inst_x_Bibliometrics,-0.040000000000000036
text73-MATH-LONG-2511.18101v1,q04,Inst_x_Bibliometrics,-0.13999999999999999
text74-MATH-LONG-2512.15978v1,q04,Inst_x_Bibliometrics,-0.07999999999999999
text75-MATH-LONG-2511.22140v1,q04,Inst_x_Bibliometrics,-0.1
text76-MATH-LONG-2602.20441v1,q04,Inst_x_Bibliometrics,0.0
text77-MATH-LONG-2601.20851v2,q04,Inst_x_Bibliometrics,0.0
text78-MATH-LONG-2512.17595v1,q04,Inst_x_Bibliometrics,0.0
text79-MATH-LONG-2512.10129v1,q04,Inst_x_Bibliometrics,-0.07999999999999999
text80-MATH-LONG-2512.10507v1,q04,Inst_x_Bibliometrics,0.0
text01-BIO-SHORT-2505.02276v1,q05,BF_minus_WM,0.12000000000000002
text02-BIO-SHORT-2507.04575v1,q05,BF_minus_WM,0.1
text03-BIO-SHORT-2505.11568v3,q05,BF_minus_WM,0.0
text04-BIO-SHORT-2507.08385v1,q05,BF_minus_WM,-0.02999999999999998
text05-BIO-SHORT-2504.10973v1,q05,BF_minus_WM,0.02999999999999998
text06-BIO-SHORT-2506.14789v1,q05,BF_minus_WM,-0.020000000000000018
text07-BIO-SHORT-2506.13576v3,q05,BF_minus_WM,0.0
text08-BIO-SHORT-2503.19923v2,q05,BF_minus_WM,0.009999999999999998
text09-BIO-SHORT-2602.00019v1,q05,BF_minus_WM,0.010000000000000009
text10-BIO-SHORT-2506.13817v1,q05,BF_minus_WM,0.0
text11-CS-SHORT-2506.09194v1,q05,BF_minus_WM,0.0
text12-CS-SHORT-2512.19717v1,q05,BF_minus_WM,-0.010000000000000009
text13-CS-SHORT-2510.04124v5,q05,BF_minus_WM,0.0
text14-CS-SHORT-2509.13349v2,q05,BF_minus_WM,0.0
text15-CS-SHORT-2602.03870v1,q05,BF_minus_WM,0.0
text16-CS-SHORT-2509.06033v1,q05,BF_minus_WM,0.039999999999999994
text17-CS-SHORT-2509.16294v1,q05,BF_minus_WM,-0.009999999999999986
text18-CS-SHORT-2507.09492v1,q05,BF_minus_WM,0.0
text19-CS-SHORT-2509.14600v1,q05,BF_minus_WM,0.14
text20-CS-SHORT-2503.14899v1,q05,BF_minus_WM,0.06000000000000001
text21-PHY-SHORT-2601.23079v1,q05,BF_minus_WM,0.0
text22-PHY-SHORT-2601.23047v1,q05,BF_minus_WM,0.0
text23-PHY-SHORT-2601.23057v1,q05,BF_minus_WM,0.0
text24-PHY-SHORT-2509.16741v1,q05,BF_minus_WM,-0.06999999999999999
text25-PHY-SHORT-2507.08042v1,q05,BF_minus_WM,0.020000000000000007
text26-PHY-SHORT-2512.23538v1,q05,BF_minus_WM,0.0
text27-PHY-SHORT-2510.18500v1,q05,BF_minus_WM,0.05
text28-PHY-SHORT-2508.20431v1,q05,BF_minus_WM,0.019999999999999997
text29-PHY-SHORT-2509.06825v1,q05,BF_minus_WM,0.010000000000000009
text30-PHY-SHORT-2509.17653v2,q05,BF_minus_WM,-0.06000000000000001
text31-MATH-SHORT-2511.03536v1,q05,BF_minus_WM,-0.019999999999999997
text32-MATH-SHORT-2603.02088v1,q05,BF_minus_WM,0.039999999999999994
text33-MATH-SHORT-2512.22134v3,q05,BF_minus_WM,-0.039999999999999994
text34-MATH-SHORT-2509.00532v1,q05,BF_minus_WM,-0.030000000000000006
text35-MATH-SHORT-2512.06844v1,q05,BF_minus_WM,0.0
text36-MATH-SHORT-2503.09380v2,q05,BF_minus_WM,-0.049999999999999975
text37-MATH-SHORT-2510.26426v1,q05,BF_minus_WM,0.020000000000000018
text38-MATH-SHORT-2512.04101v1,q05,BF_minus_WM,0.0
text39-MATH-SHORT-2506.11609v2,q05,BF_minus_WM,0.0
text40-MATH-SHORT-2507.15879v2,q05,BF_minus_WM,-0.010000000000000009
text41-BIO-LONG-2512.06709v1,q05,BF_minus_WM,-0.030000000000000006
text42-BIO-LONG-2503.07104v1,q05,BF_minus_WM,0.0
text43-BIO-LONG-2506.16577v1,q05,BF_minus_WM,-0.019999999999999997
text44-BIO-LONG-2505.20052v1,q05,BF_minus_WM,0.12999999999999998
text45-BIO-LONG-2507.17897v4,q05,BF_minus_WM,-0.019999999999999997
text46-BIO-LONG-2505.05863v1,q05,BF_minus_WM,0.039999999999999994
text47-BIO-LONG-2505.21094v1,q05,BF_minus_WM,0.07000000000000002
text48-BIO-LONG-2602.16750v1,q05,BF_minus_WM,0.0
text49-BIO-LONG-2511.10014v1,q05,BF_minus_WM,0.06999999999999999
text50-BIO-LONG-2603.01054v1,q05,BF_minus_WM,0.0
text51-CS-LONG-2602.11588v1,q05,BF_minus_WM,0.019999999999999997
text52-CS-LONG-2602.15675v1,q05,BF_minus_WM,-0.07999999999999999
text53-CS-LONG-2603.02012v1,q05,BF_minus_WM,0.0
text54-CS-LONG-2602.23006v1,q05,BF_minus_WM,0.0
text55-CS-LONG-2602.21625v1,q05,BF_minus_WM,0.020000000000000018
text56-CS-LONG-2602.13713v1,q05,BF_minus_WM,0.0
text57-CS-LONG-2603.00079v1,q05,BF_minus_WM,0.0
text58-CS-LONG-2603.01023v1,q05,BF_minus_WM,0.0
text59-CS-LONG-2602.19401v1,q05,BF_minus_WM,-0.019999999999999997
text60-CS-LONG-2602.18518v1,q05,BF_minus_WM,0.0
text61-PHY-LONG-2602.03885v1,q05,BF_minus_WM,-2.2204460492503132e-17
text62-PHY-LONG-2511.21971v1,q05,BF_minus_WM,-0.009999999999999986
text63-PHY-LONG-2512.18015v1,q05,BF_minus_WM,0.019999999999999983
text64-PHY-LONG-2602.23683v1,q05,BF_minus_WM,0.0
text65-PHY-LONG-2601.13267v1,q05,BF_minus_WM,0.0
text66-PHY-LONG-2512.24566v1,q05,BF_minus_WM,0.0
text67-PHY-LONG-2602.07636v2,q05,BF_minus_WM,-0.02999999999999998
text68-PHY-LONG-2512.18130v1,q05,BF_minus_WM,0.0
text69-PHY-LONG-2602.17389v1,q05,BF_minus_WM,-0.13
text70-PHY-LONG-2602.08188v1,q05,BF_minus_WM,-0.039999999999999994
text71-MATH-LONG-2511.12781v1,q05,BF_minus_WM,-0.019999999999999997
text72-MATH-LONG-2602.06095v1,q05,BF_minus_WM,0.06000000000000001
text73-MATH-LONG-2511.18101v1,q05,BF_minus_WM,0.0
text74-MATH-LONG-2512.15978v1,q05,BF_minus_WM,0.039999999999999994
text75-MATH-LONG-2511.22140v1,q05,BF_minus_WM,0.02999999999999998
text76-MATH-LONG-2602.20441v1,q05,BF_minus_WM,0.0
text77-MATH-LONG-2601.20851v2,q05,BF_minus_WM,0.0
text78-MATH-LONG-2512.17595v1,q05,BF_minus_WM,-0.030000000000000006
text79-MATH-LONG-2512.10129v1,q05,BF_minus_WM,0.0
text80-MATH-LONG-2512.10507v1,q05,BF_minus_WM,0.010000000000000009
text01-BIO-SHORT-2505.02276v1,q05,HI_minus_LI,-0.03999999999999998
text02-BIO-SHORT-2507.04575v1,q05,HI_minus_LI,-0.019999999999999997
text03-BIO-SHORT-2505.11568v3,q05,HI_minus_LI,0.0
text04-BIO-SHORT-2507.08385v1,q05,HI_minus_LI,-0.07000000000000002
text05-BIO-SHORT-2504.10973v1,q05,HI_minus_LI,-0.05
text06-BIO-SHORT-2506.14789v1,q05,HI_minus_LI,0.020000000000000018
text07-BIO-SHORT-2506.13576v3,q05,HI_minus_LI,0.0
text08-BIO-SHORT-2503.19923v2,q05,HI_minus_LI,-0.009999999999999998
text09-BIO-SHORT-2602.00019v1,q05,HI_minus_LI,0.010000000000000009
text10-BIO-SHORT-2506.13817v1,q05,HI_minus_LI,-0.1
text11-CS-SHORT-2506.09194v1,q05,HI_minus_LI,0.0
text12-CS-SHORT-2512.19717v1,q05,HI_minus_LI,0.010000000000000009
text13-CS-SHORT-2510.04124v5,q05,HI_minus_LI,0.0
text14-CS-SHORT-2509.13349v2,q05,HI_minus_LI,0.0
text15-CS-SHORT-2602.03870v1,q05,HI_minus_LI,0.0
text16-CS-SHORT-2509.06033v1,q05,HI_minus_LI,0.019999999999999973
text17-CS-SHORT-2509.16294v1,q05,HI_minus_LI,0.009999999999999986
text18-CS-SHORT-2507.09492v1,q05,HI_minus_LI,0.0
text19-CS-SHORT-2509.14600v1,q05,HI_minus_LI,-0.039999999999999966
text20-CS-SHORT-2503.14899v1,q05,HI_minus_LI,0.039999999999999994
text21-PHY-SHORT-2601.23079v1,q05,HI_minus_LI,0.0
text22-PHY-SHORT-2601.23047v1,q05,HI_minus_LI,0.0
text23-PHY-SHORT-2601.23057v1,q05,HI_minus_LI,0.0
text24-PHY-SHORT-2509.16741v1,q05,HI_minus_LI,-0.009999999999999986
text25-PHY-SHORT-2507.08042v1,q05,HI_minus_LI,-0.07999999999999997
text26-PHY-SHORT-2512.23538v1,q05,HI_minus_LI,0.0
text27-PHY-SHORT-2510.18500v1,q05,HI_minus_LI,0.02999999999999998
text28-PHY-SHORT-2508.20431v1,q05,HI_minus_LI,-0.019999999999999997
text29-PHY-SHORT-2509.06825v1,q05,HI_minus_LI,-0.010000000000000009
text30-PHY-SHORT-2509.17653v2,q05,HI_minus_LI,0.13999999999999999
text31-MATH-SHORT-2511.03536v1,q05,HI_minus_LI,-0.019999999999999997
text32-MATH-SHORT-2603.02088v1,q05,HI_minus_LI,-0.039999999999999994
text33-MATH-SHORT-2512.22134v3,q05,HI_minus_LI,0.039999999999999994
text34-MATH-SHORT-2509.00532v1,q05,HI_minus_LI,-0.030000000000000006
text35-MATH-SHORT-2512.06844v1,q05,HI_minus_LI,0.0
text36-MATH-SHORT-2503.09380v2,q05,HI_minus_LI,0.030000000000000006
text37-MATH-SHORT-2510.26426v1,q05,HI_minus_LI,-0.07999999999999999
text38-MATH-SHORT-2512.04101v1,q05,HI_minus_LI,0.0
text39-MATH-SHORT-2506.11609v2,q05,HI_minus_LI,0.0
text40-MATH-SHORT-2507.15879v2,q05,HI_minus_LI,0.010000000000000009
text41-BIO-LONG-2512.06709v1,q05,HI_minus_LI,0.030000000000000006
text42-BIO-LONG-2503.07104v1,q05,HI_minus_LI,0.0
text43-BIO-LONG-2506.16577v1,q05,HI_minus_LI,0.019999999999999997
text44-BIO-LONG-2505.20052v1,q05,HI_minus_LI,0.05
text45-BIO-LONG-2507.17897v4,q05,HI_minus_LI,0.040000000000000015
text46-BIO-LONG-2505.05863v1,q05,HI_minus_LI,-0.06000000000000001
text47-BIO-LONG-2505.21094v1,q05,HI_minus_LI,0.010000000000000009
text48-BIO-LONG-2602.16750v1,q05,HI_minus_LI,0.0
text49-BIO-LONG-2511.10014v1,q05,HI_minus_LI,0.030000000000000006
text50-BIO-LONG-2603.01054v1,q05,HI_minus_LI,0.0
text51-CS-LONG-2602.11588v1,q05,HI_minus_LI,0.019999999999999997
text52-CS-LONG-2602.15675v1,q05,HI_minus_LI,0.07999999999999999
text53-CS-LONG-2603.02012v1,q05,HI_minus_LI,0.0
text54-CS-LONG-2602.23006v1,q05,HI_minus_LI,0.0
text55-CS-LONG-2602.21625v1,q05,HI_minus_LI,0.12000000000000002
text56-CS-LONG-2602.13713v1,q05,HI_minus_LI,0.0
text57-CS-LONG-2603.00079v1,q05,HI_minus_LI,0.0
text58-CS-LONG-2603.01023v1,q05,HI_minus_LI,0.0
text59-CS-LONG-2602.19401v1,q05,HI_minus_LI,-0.07999999999999996
text60-CS-LONG-2602.18518v1,q05,HI_minus_LI,0.0
text61-PHY-LONG-2602.03885v1,q05,HI_minus_LI,2.2204460492503132e-17
text62-PHY-LONG-2511.21971v1,q05,HI_minus_LI,-0.009999999999999986
text63-PHY-LONG-2512.18015v1,q05,HI_minus_LI,0.08000000000000002
text64-PHY-LONG-2602.23683v1,q05,HI_minus_LI,0.0
text65-PHY-LONG-2601.13267v1,q05,HI_minus_LI,0.2
text66-PHY-LONG-2512.24566v1,q05,HI_minus_LI,0.0
text67-PHY-LONG-2602.07636v2,q05,HI_minus_LI,-0.05
text68-PHY-LONG-2512.18130v1,q05,HI_minus_LI,0.020000000000000018
text69-PHY-LONG-2602.17389v1,q05,HI_minus_LI,-0.06999999999999999
text70-PHY-LONG-2602.08188v1,q05,HI_minus_LI,0.039999999999999994
text71-MATH-LONG-2511.12781v1,q05,HI_minus_LI,0.08
text72-MATH-LONG-2602.06095v1,q05,HI_minus_LI,0.0
text73-MATH-LONG-2511.18101v1,q05,HI_minus_LI,0.0
text74-MATH-LONG-2512.15978v1,q05,HI_minus_LI,0.039999999999999994
text75-MATH-LONG-2511.22140v1,q05,HI_minus_LI,0.16999999999999998
text76-MATH-LONG-2602.20441v1,q05,HI_minus_LI,0.0
text77-MATH-LONG-2601.20851v2,q05,HI_minus_LI,0.0
text78-MATH-LONG-2512.17595v1,q05,HI_minus_LI,0.06999999999999999
text79-MATH-LONG-2512.10129v1,q05,HI_minus_LI,0.0
text80-MATH-LONG-2512.10507v1,q05,HI_minus_LI,-0.16999999999999998
text01-BIO-SHORT-2505.02276v1,q05,HP_minus_LP,0.1
text02-BIO-SHORT-2507.04575v1,q05,HP_minus_LP,0.08
text03-BIO-SHORT-2505.11568v3,q05,HP_minus_LP,0.0
text04-BIO-SHORT-2507.08385v1,q05,HP_minus_LP,-0.02999999999999998
text05-BIO-SHORT-2504.10973v1,q05,HP_minus_LP,0.12999999999999998
text06-BIO-SHORT-2506.14789v1,q05,HP_minus_LP,0.0
text07-BIO-SHORT-2506.13576v3,q05,HP_minus_LP,0.0
text08-BIO-SHORT-2503.19923v2,q05,HP_minus_LP,-0.009999999999999998
text09-BIO-SHORT-2602.00019v1,q05,HP_minus_LP,-0.010000000000000009
text10-BIO-SHORT-2506.13817v1,q05,HP_minus_LP,0.1
text11-CS-SHORT-2506.09194v1,q05,HP_minus_LP,-0.039999999999999994
text12-CS-SHORT-2512.19717v1,q05,HP_minus_LP,-0.010000000000000009
text13-CS-SHORT-2510.04124v5,q05,HP_minus_LP,0.0
text14-CS-SHORT-2509.13349v2,q05,HP_minus_LP,0.0
text15-CS-SHORT-2602.03870v1,q05,HP_minus_LP,0.0
text16-CS-SHORT-2509.06033v1,q05,HP_minus_LP,0.06000000000000001
text17-CS-SHORT-2509.16294v1,q05,HP_minus_LP,-0.049999999999999975
text18-CS-SHORT-2507.09492v1,q05,HP_minus_LP,0.0
text19-CS-SHORT-2509.14600v1,q05,HP_minus_LP,0.02000000000000004
text20-CS-SHORT-2503.14899v1,q05,HP_minus_LP,0.06000000000000001
text21-PHY-SHORT-2601.23079v1,q05,HP_minus_LP,0.0
text22-PHY-SHORT-2601.23047v1,q05,HP_minus_LP,0.0
text23-PHY-SHORT-2601.23057v1,q05,HP_minus_LP,-0.07999999999999999
text24-PHY-SHORT-2509.16741v1,q05,HP_minus_LP,0.009999999999999986
text25-PHY-SHORT-2507.08042v1,q05,HP_minus_LP,-0.05999999999999998
text26-PHY-SHORT-2512.23538v1,q05,HP_minus_LP,0.0
text27-PHY-SHORT-2510.18500v1,q05,HP_minus_LP,0.05
text28-PHY-SHORT-2508.20431v1,q05,HP_minus_LP,-0.019999999999999997
text29-PHY-SHORT-2509.06825v1,q05,HP_minus_LP,0.030000000000000027
text30-PHY-SHORT-2509.17653v2,q05,HP_minus_LP,0.039999999999999994
text31-MATH-SHORT-2511.03536v1,q05,HP_minus_LP,-0.13999999999999996
text32-MATH-SHORT-2603.02088v1,q05,HP_minus_LP,0.06000000000000001
text33-MATH-SHORT-2512.22134v3,q05,HP_minus_LP,0.039999999999999994
text34-MATH-SHORT-2509.00532v1,q05,HP_minus_LP,-0.030000000000000006
text35-MATH-SHORT-2512.06844v1,q05,HP_minus_LP,0.0
text36-MATH-SHORT-2503.09380v2,q05,HP_minus_LP,0.06999999999999999
text37-MATH-SHORT-2510.26426v1,q05,HP_minus_LP,-0.07999999999999999
text38-MATH-SHORT-2512.04101v1,q05,HP_minus_LP,0.0
text39-MATH-SHORT-2506.11609v2,q05,HP_minus_LP,0.0
text40-MATH-SHORT-2507.15879v2,q05,HP_minus_LP,0.010000000000000009
text41-BIO-LONG-2512.06709v1,q05,HP_minus_LP,0.030000000000000006
text42-BIO-LONG-2503.07104v1,q05,HP_minus_LP,0.0
text43-BIO-LONG-2506.16577v1,q05,HP_minus_LP,0.18
text44-BIO-LONG-2505.20052v1,q05,HP_minus_LP,0.07000000000000002
text45-BIO-LONG-2507.17897v4,q05,HP_minus_LP,0.019999999999999997
text46-BIO-LONG-2505.05863v1,q05,HP_minus_LP,0.020000000000000018
text47-BIO-LONG-2505.21094v1,q05,HP_minus_LP,0.09000000000000004
text48-BIO-LONG-2602.16750v1,q05,HP_minus_LP,0.0
text49-BIO-LONG-2511.10014v1,q05,HP_minus_LP,-0.009999999999999986
text50-BIO-LONG-2603.01054v1,q05,HP_minus_LP,0.0
text51-CS-LONG-2602.11588v1,q05,HP_minus_LP,0.019999999999999997
text52-CS-LONG-2602.15675v1,q05,HP_minus_LP,0.0
text53-CS-LONG-2603.02012v1,q05,HP_minus_LP,0.0
text54-CS-LONG-2602.23006v1,q05,HP_minus_LP,0.0
text55-CS-LONG-2602.21625v1,q05,HP_minus_LP,0.1
text56-CS-LONG-2602.13713v1,q05,HP_minus_LP,0.0
text57-CS-LONG-2603.00079v1,q05,HP_minus_LP,0.0
text58-CS-LONG-2603.01023v1,q05,HP_minus_LP,0.0
text59-CS-LONG-2602.19401v1,q05,HP_minus_LP,0.019999999999999997
text60-CS-LONG-2602.18518v1,q05,HP_minus_LP,0.0
text61-PHY-LONG-2602.03885v1,q05,HP_minus_LP,-0.019999999999999997
text62-PHY-LONG-2511.21971v1,q05,HP_minus_LP,-0.009999999999999986
text63-PHY-LONG-2512.18015v1,q05,HP_minus_LP,0.06
text64-PHY-LONG-2602.23683v1,q05,HP_minus_LP,0.0
text65-PHY-LONG-2601.13267v1,q05,HP_minus_LP,0.08000000000000003
text66-PHY-LONG-2512.24566v1,q05,HP_minus_LP,0.0
text67-PHY-LONG-2602.07636v2,q05,HP_minus_LP,-0.05
text68-PHY-LONG-2512.18130v1,q05,HP_minus_LP,0.2
text69-PHY-LONG-2602.17389v1,q05,HP_minus_LP,0.030000000000000006
text70-PHY-LONG-2602.08188v1,q05,HP_minus_LP,0.039999999999999994
text71-MATH-LONG-2511.12781v1,q05,HP_minus_LP,2.2204460492503132e-17
text72-MATH-LONG-2602.06095v1,q05,HP_minus_LP,-0.06000000000000001
text73-MATH-LONG-2511.18101v1,q05,HP_minus_LP,0.0
text74-MATH-LONG-2512.15978v1,q05,HP_minus_LP,0.039999999999999994
text75-MATH-LONG-2511.22140v1,q05,HP_minus_LP,0.02999999999999998
text76-MATH-LONG-2602.20441v1,q05,HP_minus_LP,0.0
text77-MATH-LONG-2601.20851v2,q05,HP_minus_LP,0.0
text78-MATH-LONG-2512.17595v1,q05,HP_minus_LP,0.06999999999999999
text79-MATH-LONG-2512.10129v1,q05,HP_minus_LP,0.0
text80-MATH-LONG-2512.10507v1,q05,HP_minus_LP,0.010000000000000009
text01-BIO-SHORT-2505.02276v1,q05,Name_x_Inst,-0.11999999999999995
text02-BIO-SHORT-2507.04575v1,q05,Name_x_Inst,0.039999999999999994
text03-BIO-SHORT-2505.11568v3,q05,Name_x_Inst,0.0
text04-BIO-SHORT-2507.08385v1,q05,Name_x_Inst,0.05999999999999996
text05-BIO-SHORT-2504.10973v1,q05,Name_x_Inst,0.05999999999999996
text06-BIO-SHORT-2506.14789v1,q05,Name_x_Inst,0.040000000000000036
text07-BIO-SHORT-2506.13576v3,q05,Name_x_Inst,0.0
text08-BIO-SHORT-2503.19923v2,q05,Name_x_Inst,0.019999999999999997
text09-BIO-SHORT-2602.00019v1,q05,Name_x_Inst,-0.020000000000000018
text10-BIO-SHORT-2506.13817v1,q05,Name_x_Inst,0.0
text11-CS-SHORT-2506.09194v1,q05,Name_x_Inst,-0.12000000000000002
text12-CS-SHORT-2512.19717v1,q05,Name_x_Inst,-0.020000000000000018
text13-CS-SHORT-2510.04124v5,q05,Name_x_Inst,0.0
text14-CS-SHORT-2509.13349v2,q05,Name_x_Inst,0.0
text15-CS-SHORT-2602.03870v1,q05,Name_x_Inst,0.0
text16-CS-SHORT-2509.06033v1,q05,Name_x_Inst,-0.07999999999999999
text17-CS-SHORT-2509.16294v1,q05,Name_x_Inst,0.13999999999999999
text18-CS-SHORT-2507.09492v1,q05,Name_x_Inst,0.0
text19-CS-SHORT-2509.14600v1,q05,Name_x_Inst,0.08000000000000003
text20-CS-SHORT-2503.14899v1,q05,Name_x_Inst,-0.07999999999999999
text21-PHY-SHORT-2601.23079v1,q05,Name_x_Inst,0.0
text22-PHY-SHORT-2601.23047v1,q05,Name_x_Inst,0.0
text23-PHY-SHORT-2601.23057v1,q05,Name_x_Inst,0.15999999999999998
text24-PHY-SHORT-2509.16741v1,q05,Name_x_Inst,-0.019999999999999973
text25-PHY-SHORT-2507.08042v1,q05,Name_x_Inst,0.24000000000000005
text26-PHY-SHORT-2512.23538v1,q05,Name_x_Inst,0.0
text27-PHY-SHORT-2510.18500v1,q05,Name_x_Inst,-0.05999999999999996
text28-PHY-SHORT-2508.20431v1,q05,Name_x_Inst,0.039999999999999994
text29-PHY-SHORT-2509.06825v1,q05,Name_x_Inst,-0.020000000000000018
text30-PHY-SHORT-2509.17653v2,q05,Name_x_Inst,0.12000000000000002
text31-MATH-SHORT-2511.03536v1,q05,Name_x_Inst,-4.4408920985006264e-17
text32-MATH-SHORT-2603.02088v1,q05,Name_x_Inst,-0.12000000000000002
text33-MATH-SHORT-2512.22134v3,q05,Name_x_Inst,-0.07999999999999999
text34-MATH-SHORT-2509.00532v1,q05,Name_x_Inst,-0.06000000000000001
text35-MATH-SHORT-2512.06844v1,q05,Name_x_Inst,0.0
text36-MATH-SHORT-2503.09380v2,q05,Name_x_Inst,-0.06000000000000001
text37-MATH-SHORT-2510.26426v1,q05,Name_x_Inst,0.0
text38-MATH-SHORT-2512.04101v1,q05,Name_x_Inst,0.0
text39-MATH-SHORT-2506.11609v2,q05,Name_x_Inst,0.0
text40-MATH-SHORT-2507.15879v2,q05,Name_x_Inst,0.020000000000000018
text41-BIO-LONG-2512.06709v1,q05,Name_x_Inst,0.06000000000000001
text42-BIO-LONG-2503.07104v1,q05,Name_x_Inst,0.0
text43-BIO-LONG-2506.16577v1,q05,Name_x_Inst,0.039999999999999994
text44-BIO-LONG-2505.20052v1,q05,Name_x_Inst,0.1
text45-BIO-LONG-2507.17897v4,q05,Name_x_Inst,-0.11999999999999997
text46-BIO-LONG-2505.05863v1,q05,Name_x_Inst,-0.12000000000000002
text47-BIO-LONG-2505.21094v1,q05,Name_x_Inst,-0.020000000000000018
text48-BIO-LONG-2602.16750v1,q05,Name_x_Inst,0.0
text49-BIO-LONG-2511.10014v1,q05,Name_x_Inst,0.019999999999999973
text50-BIO-LONG-2603.01054v1,q05,Name_x_Inst,0.0
text51-CS-LONG-2602.11588v1,q05,Name_x_Inst,-0.039999999999999994
text52-CS-LONG-2602.15675v1,q05,Name_x_Inst,0.15999999999999998
text53-CS-LONG-2603.02012v1,q05,Name_x_Inst,0.0
text54-CS-LONG-2602.23006v1,q05,Name_x_Inst,0.0
text55-CS-LONG-2602.21625v1,q05,Name_x_Inst,-0.15999999999999998
text56-CS-LONG-2602.13713v1,q05,Name_x_Inst,0.0
text57-CS-LONG-2603.00079v1,q05,Name_x_Inst,0.0
text58-CS-LONG-2603.01023v1,q05,Name_x_Inst,0.0
text59-CS-LONG-2602.19401v1,q05,Name_x_Inst,-0.08000000000000003
text60-CS-LONG-2602.18518v1,q05,Name_x_Inst,0.0
text61-PHY-LONG-2602.03885v1,q05,Name_x_Inst,-0.08000000000000003
text62-PHY-LONG-2511.21971v1,q05,Name_x_Inst,-0.06000000000000001
text63-PHY-LONG-2512.18015v1,q05,Name_x_Inst,-2.2204460492503132e-17
text64-PHY-LONG-2602.23683v1,q05,Name_x_Inst,0.0
text65-PHY-LONG-2601.13267v1,q05,Name_x_Inst,-0.07999999999999999
text66-PHY-LONG-2512.24566v1,q05,Name_x_Inst,0.0
text67-PHY-LONG-2602.07636v2,q05,Name_x_Inst,0.05999999999999996
text68-PHY-LONG-2512.18130v1,q05,Name_x_Inst,-0.040000000000000036
text69-PHY-LONG-2602.17389v1,q05,Name_x_Inst,-0.1
text70-PHY-LONG-2602.08188v1,q05,Name_x_Inst,-0.07999999999999999
text71-MATH-LONG-2511.12781v1,q05,Name_x_Inst,-0.08000000000000003
text72-MATH-LONG-2602.06095v1,q05,Name_x_Inst,0.0
text73-MATH-LONG-2511.18101v1,q05,Name_x_Inst,0.0
text74-MATH-LONG-2512.15978v1,q05,Name_x_Inst,-0.07999999999999999
text75-MATH-LONG-2511.22140v1,q05,Name_x_Inst,0.06000000000000005
text76-MATH-LONG-2602.20441v1,q05,Name_x_Inst,0.0
text77-MATH-LONG-2601.20851v2,q05,Name_x_Inst,0.0
text78-MATH-LONG-2512.17595v1,q05,Name_x_Inst,0.06000000000000001
text79-MATH-LONG-2512.10129v1,q05,Name_x_Inst,0.0
text80-MATH-LONG-2512.10507v1,q05,Name_x_Inst,0.06000000000000005
text01-BIO-SHORT-2505.02276v1,q05,Name_x_Bibliometrics,0.16000000000000003
text02-BIO-SHORT-2507.04575v1,q05,Name_x_Bibliometrics,-0.16
text03-BIO-SHORT-2505.11568v3,q05,Name_x_Bibliometrics,0.0
text04-BIO-SHORT-2507.08385v1,q05,Name_x_Bibliometrics,0.05999999999999996
text05-BIO-SHORT-2504.10973v1,q05,Name_x_Bibliometrics,0.1
text06-BIO-SHORT-2506.14789v1,q05,Name_x_Bibliometrics,0.0
text07-BIO-SHORT-2506.13576v3,q05,Name_x_Bibliometrics,0.0
text08-BIO-SHORT-2503.19923v2,q05,Name_x_Bibliometrics,0.019999999999999997
text09-BIO-SHORT-2602.00019v1,q05,Name_x_Bibliometrics,0.020000000000000018
text10-BIO-SHORT-2506.13817v1,q05,Name_x_Bibliometrics,0.0
text11-CS-SHORT-2506.09194v1,q05,Name_x_Bibliometrics,0.11999999999999993
text12-CS-SHORT-2512.19717v1,q05,Name_x_Bibliometrics,0.020000000000000018
text13-CS-SHORT-2510.04124v5,q05,Name_x_Bibliometrics,0.0
text14-CS-SHORT-2509.13349v2,q05,Name_x_Bibliometrics,0.0
text15-CS-SHORT-2602.03870v1,q05,Name_x_Bibliometrics,0.0
text16-CS-SHORT-2509.06033v1,q05,Name_x_Bibliometrics,-0.07999999999999999
text17-CS-SHORT-2509.16294v1,q05,Name_x_Bibliometrics,0.020000000000000063
text18-CS-SHORT-2507.09492v1,q05,Name_x_Bibliometrics,0.0
text19-CS-SHORT-2509.14600v1,q05,Name_x_Bibliometrics,0.11999999999999997
text20-CS-SHORT-2503.14899v1,q05,Name_x_Bibliometrics,-0.12000000000000002
text21-PHY-SHORT-2601.23079v1,q05,Name_x_Bibliometrics,0.0
text22-PHY-SHORT-2601.23047v1,q05,Name_x_Bibliometrics,0.0
text23-PHY-SHORT-2601.23057v1,q05,Name_x_Bibliometrics,0.0
text24-PHY-SHORT-2509.16741v1,q05,Name_x_Bibliometrics,0.019999999999999973
text25-PHY-SHORT-2507.08042v1,q05,Name_x_Bibliometrics,0.19999999999999998
text26-PHY-SHORT-2512.23538v1,q05,Name_x_Bibliometrics,0.0
text27-PHY-SHORT-2510.18500v1,q05,Name_x_Bibliometrics,-0.1
text28-PHY-SHORT-2508.20431v1,q05,Name_x_Bibliometrics,0.039999999999999994
text29-PHY-SHORT-2509.06825v1,q05,Name_x_Bibliometrics,-0.020000000000000018
text30-PHY-SHORT-2509.17653v2,q05,Name_x_Bibliometrics,-0.07999999999999999
text31-MATH-SHORT-2511.03536v1,q05,Name_x_Bibliometrics,4.4408920985006264e-17
text32-MATH-SHORT-2603.02088v1,q05,Name_x_Bibliometrics,0.07999999999999999
text33-MATH-SHORT-2512.22134v3,q05,Name_x_Bibliometrics,-0.07999999999999999
text34-MATH-SHORT-2509.00532v1,q05,Name_x_Bibliometrics,-0.06000000000000001
text35-MATH-SHORT-2512.06844v1,q05,Name_x_Bibliometrics,0.0
text36-MATH-SHORT-2503.09380v2,q05,Name_x_Bibliometrics,0.17999999999999994
text37-MATH-SHORT-2510.26426v1,q05,Name_x_Bibliometrics,0.0
text38-MATH-SHORT-2512.04101v1,q05,Name_x_Bibliometrics,0.0
text39-MATH-SHORT-2506.11609v2,q05,Name_x_Bibliometrics,0.0
text40-MATH-SHORT-2507.15879v2,q05,Name_x_Bibliometrics,0.020000000000000018
text41-BIO-LONG-2512.06709v1,q05,Name_x_Bibliometrics,0.06000000000000001
text42-BIO-LONG-2503.07104v1,q05,Name_x_Bibliometrics,0.0
text43-BIO-LONG-2506.16577v1,q05,Name_x_Bibliometrics,-0.039999999999999994
text44-BIO-LONG-2505.20052v1,q05,Name_x_Bibliometrics,0.05999999999999996
text45-BIO-LONG-2507.17897v4,q05,Name_x_Bibliometrics,0.15999999999999992
text46-BIO-LONG-2505.05863v1,q05,Name_x_Bibliometrics,-0.2
text47-BIO-LONG-2505.21094v1,q05,Name_x_Bibliometrics,0.14000000000000004
text48-BIO-LONG-2602.16750v1,q05,Name_x_Bibliometrics,0.0
text49-BIO-LONG-2511.10014v1,q05,Name_x_Bibliometrics,-0.06000000000000001
text50-BIO-LONG-2603.01054v1,q05,Name_x_Bibliometrics,0.0
text51-CS-LONG-2602.11588v1,q05,Name_x_Bibliometrics,-0.039999999999999994
text52-CS-LONG-2602.15675v1,q05,Name_x_Bibliometrics,0.0
text53-CS-LONG-2603.02012v1,q05,Name_x_Bibliometrics,0.0
text54-CS-LONG-2602.23006v1,q05,Name_x_Bibliometrics,0.0
text55-CS-LONG-2602.21625v1,q05,Name_x_Bibliometrics,-0.11999999999999993
text56-CS-LONG-2602.13713v1,q05,Name_x_Bibliometrics,0.0
text57-CS-LONG-2603.00079v1,q05,Name_x_Bibliometrics,0.0
text58-CS-LONG-2603.01023v1,q05,Name_x_Bibliometrics,0.0
text59-CS-LONG-2602.19401v1,q05,Name_x_Bibliometrics,-0.11999999999999997
text60-CS-LONG-2602.18518v1,q05,Name_x_Bibliometrics,0.0
text61-PHY-LONG-2602.03885v1,q05,Name_x_Bibliometrics,-0.039999999999999994
text62-PHY-LONG-2511.21971v1,q05,Name_x_Bibliometrics,-0.06000000000000001
text63-PHY-LONG-2512.18015v1,q05,Name_x_Bibliometrics,-0.2
text64-PHY-LONG-2602.23683v1,q05,Name_x_Bibliometrics,0.0
text65-PHY-LONG-2601.13267v1,q05,Name_x_Bibliometrics,0.0
text66-PHY-LONG-2512.24566v1,q05,Name_x_Bibliometrics,0.0
text67-PHY-LONG-2602.07636v2,q05,Name_x_Bibliometrics,0.05999999999999996
text68-PHY-LONG-2512.18130v1,q05,Name_x_Bibliometrics,0.0
text69-PHY-LONG-2602.17389v1,q05,Name_x_Bibliometrics,0.1
text70-PHY-LONG-2602.08188v1,q05,Name_x_Bibliometrics,-0.07999999999999999
text71-MATH-LONG-2511.12781v1,q05,Name_x_Bibliometrics,0.07999999999999993
text72-MATH-LONG-2602.06095v1,q05,Name_x_Bibliometrics,0.12000000000000002
text73-MATH-LONG-2511.18101v1,q05,Name_x_Bibliometrics,0.0
text74-MATH-LONG-2512.15978v1,q05,Name_x_Bibliometrics,-0.07999999999999999
text75-MATH-LONG-2511.22140v1,q05,Name_x_Bibliometrics,-0.05999999999999996
text76-MATH-LONG-2602.20441v1,q05,Name_x_Bibliometrics,0.0
text77-MATH-LONG-2601.20851v2,q05,Name_x_Bibliometrics,0.0
text78-MATH-LONG-2512.17595v1,q05,Name_x_Bibliometrics,0.06000000000000001
text79-MATH-LONG-2512.10129v1,q05,Name_x_Bibliometrics,0.0
text80-MATH-LONG-2512.10507v1,q05,Name_x_Bibliometrics,0.020000000000000018
text01-BIO-SHORT-2505.02276v1,q05,Inst_x_Bibliometrics,2.2204460492503132e-17
text02-BIO-SHORT-2507.04575v1,q05,Inst_x_Bibliometrics,-5.551115123125783e-18
text03-BIO-SHORT-2505.11568v3,q05,Inst_x_Bibliometrics,0.0
text04-BIO-SHORT-2507.08385v1,q05,Inst_x_Bibliometrics,-0.25999999999999995
text05-BIO-SHORT-2504.10973v1,q05,Inst_x_Bibliometrics,-0.14000000000000004
text06-BIO-SHORT-2506.14789v1,q05,Inst_x_Bibliometrics,0.0
text07-BIO-SHORT-2506.13576v3,q05,Inst_x_Bibliometrics,0.0
text08-BIO-SHORT-2503.19923v2,q05,Inst_x_Bibliometrics,-0.019999999999999997
text09-BIO-SHORT-2602.00019v1,q05,Inst_x_Bibliometrics,0.020000000000000018
text10-BIO-SHORT-2506.13817v1,q05,Inst_x_Bibliometrics,-0.2
text11-CS-SHORT-2506.09194v1,q05,Inst_x_Bibliometrics,0.11999999999999993
text12-CS-SHORT-2512.19717v1,q05,Inst_x_Bibliometrics,-0.020000000000000018
text13-CS-SHORT-2510.04124v5,q05,Inst_x_Bibliometrics,0.0
text14-CS-SHORT-2509.13349v2,q05,Inst_x_Bibliometrics,0.0
text15-CS-SHORT-2602.03870v1,q05,Inst_x_Bibliometrics,0.0
text16-CS-SHORT-2509.06033v1,q05,Inst_x_Bibliometrics,-0.039999999999999945
text17-CS-SHORT-2509.16294v1,q05,Inst_x_Bibliometrics,-0.09999999999999995
text18-CS-SHORT-2507.09492v1,q05,Inst_x_Bibliometrics,0.0
text19-CS-SHORT-2509.14600v1,q05,Inst_x_Bibliometrics,-0.08000000000000003
text20-CS-SHORT-2503.14899v1,q05,Inst_x_Bibliometrics,-0.07999999999999999
text21-PHY-SHORT-2601.23079v1,q05,Inst_x_Bibliometrics,0.0
text22-PHY-SHORT-2601.23047v1,q05,Inst_x_Bibliometrics,0.0
text23-PHY-SHORT-2601.23057v1,q05,Inst_x_Bibliometrics,0.0
text24-PHY-SHORT-2509.16741v1,q05,Inst_x_Bibliometrics,0.13999999999999999
text25-PHY-SHORT-2507.08042v1,q05,Inst_x_Bibliometrics,2.2204460492503132e-17
text26-PHY-SHORT-2512.23538v1,q05,Inst_x_Bibliometrics,0.0
text27-PHY-SHORT-2510.18500v1,q05,Inst_x_Bibliometrics,-0.05999999999999996
text28-PHY-SHORT-2508.20431v1,q05,Inst_x_Bibliometrics,-0.039999999999999994
text29-PHY-SHORT-2509.06825v1,q05,Inst_x_Bibliometrics,0.020000000000000018
text30-PHY-SHORT-2509.17653v2,q05,Inst_x_Bibliometrics,-0.07999999999999999
text31-MATH-SHORT-2511.03536v1,q05,Inst_x_Bibliometrics,4.4408920985006264e-17
text32-MATH-SHORT-2603.02088v1,q05,Inst_x_Bibliometrics,0.23999999999999994
text33-MATH-SHORT-2512.22134v3,q05,Inst_x_Bibliometrics,0.07999999999999999
text34-MATH-SHORT-2509.00532v1,q05,Inst_x_Bibliometrics,-0.06000000000000001
text35-MATH-SHORT-2512.06844v1,q05,Inst_x_Bibliometrics,0.0
text36-MATH-SHORT-2503.09380v2,q05,Inst_x_Bibliometrics,0.019999999999999973
text37-MATH-SHORT-2510.26426v1,q05,Inst_x_Bibliometrics,-0.11999999999999993
text38-MATH-SHORT-2512.04101v1,q05,Inst_x_Bibliometrics,0.0
text39-MATH-SHORT-2506.11609v2,q05,Inst_x_Bibliometrics,0.0
text40-MATH-SHORT-2507.15879v2,q05,Inst_x_Bibliometrics,-0.020000000000000018
text41-BIO-LONG-2512.06709v1,q05,Inst_x_Bibliometrics,-0.06000000000000001
text42-BIO-LONG-2503.07104v1,q05,Inst_x_Bibliometrics,0.0
text43-BIO-LONG-2506.16577v1,q05,Inst_x_Bibliometrics,0.039999999999999994
text44-BIO-LONG-2505.20052v1,q05,Inst_x_Bibliometrics,-0.1
text45-BIO-LONG-2507.17897v4,q05,Inst_x_Bibliometrics,0.11999999999999997
text46-BIO-LONG-2505.05863v1,q05,Inst_x_Bibliometrics,0.0
text47-BIO-LONG-2505.21094v1,q05,Inst_x_Bibliometrics,0.020000000000000018
text48-BIO-LONG-2602.16750v1,q05,Inst_x_Bibliometrics,0.0
text49-BIO-LONG-2511.10014v1,q05,Inst_x_Bibliometrics,0.17999999999999994
text50-BIO-LONG-2603.01054v1,q05,Inst_x_Bibliometrics,0.0
text51-CS-LONG-2602.11588v1,q05,Inst_x_Bibliometrics,-0.039999999999999994
text52-CS-LONG-2602.15675v1,q05,Inst_x_Bibliometrics,0.0
text53-CS-LONG-2603.02012v1,q05,Inst_x_Bibliometrics,0.0
text54-CS-LONG-2602.23006v1,q05,Inst_x_Bibliometrics,0.0
text55-CS-LONG-2602.21625v1,q05,Inst_x_Bibliometrics,0.0
text56-CS-LONG-2602.13713v1,q05,Inst_x_Bibliometrics,0.0
text57-CS-LONG-2603.00079v1,q05,Inst_x_Bibliometrics,0.0
text58-CS-LONG-2603.01023v1,q05,Inst_x_Bibliometrics,0.0
text59-CS-LONG-2602.19401v1,q05,Inst_x_Bibliometrics,-4.4408920985006264e-17
text60-CS-LONG-2602.18518v1,q05,Inst_x_Bibliometrics,0.0
text61-PHY-LONG-2602.03885v1,q05,Inst_x_Bibliometrics,0.039999999999999994
text62-PHY-LONG-2511.21971v1,q05,Inst_x_Bibliometrics,-0.06000000000000001
text63-PHY-LONG-2512.18015v1,q05,Inst_x_Bibliometrics,-0.24000000000000005
text64-PHY-LONG-2602.23683v1,q05,Inst_x_Bibliometrics,0.0
text65-PHY-LONG-2601.13267v1,q05,Inst_x_Bibliometrics,0.0
text66-PHY-LONG-2512.24566v1,q05,Inst_x_Bibliometrics,0.0
text67-PHY-LONG-2602.07636v2,q05,Inst_x_Bibliometrics,0.1
text68-PHY-LONG-2512.18130v1,q05,Inst_x_Bibliometrics,-0.040000000000000036
text69-PHY-LONG-2602.17389v1,q05,Inst_x_Bibliometrics,-0.1
text70-PHY-LONG-2602.08188v1,q05,Inst_x_Bibliometrics,0.07999999999999999
text71-MATH-LONG-2511.12781v1,q05,Inst_x_Bibliometrics,-0.039999999999999994
text72-MATH-LONG-2602.06095v1,q05,Inst_x_Bibliometrics,0.0
text73-MATH-LONG-2511.18101v1,q05,Inst_x_Bibliometrics,0.0
text74-MATH-LONG-2512.15978v1,q05,Inst_x_Bibliometrics,-0.07999999999999999
text75-MATH-LONG-2511.22140v1,q05,Inst_x_Bibliometrics,-0.020000000000000018
text76-MATH-LONG-2602.20441v1,q05,Inst_x_Bibliometrics,0.0
text77-MATH-LONG-2601.20851v2,q05,Inst_x_Bibliometrics,0.0
text78-MATH-LONG-2512.17595v1,q05,Inst_x_Bibliometrics,-0.13999999999999999
text79-MATH-LONG-2512.10129v1,q05,Inst_x_Bibliometrics,0.0
text80-MATH-LONG-2512.10507v1,q05,Inst_x_Bibliometrics,-0.020000000000000018
text01-BIO-SHORT-2505.02276v1,q06,BF_minus_WM,0.1
text02-BIO-SHORT-2507.04575v1,q06,BF_minus_WM,-0.09
text03-BIO-SHORT-2505.11568v3,q06,BF_minus_WM,-0.039999999999999994
text04-BIO-SHORT-2507.08385v1,q06,BF_minus_WM,-0.14999999999999997
text05-BIO-SHORT-2504.10973v1,q06,BF_minus_WM,0.06000000000000001
text06-BIO-SHORT-2506.14789v1,q06,BF_minus_WM,-0.05
text07-BIO-SHORT-2506.13576v3,q06,BF_minus_WM,-1.1102230246251566e-17
text08-BIO-SHORT-2503.19923v2,q06,BF_minus_WM,0.09999999999999999
text09-BIO-SHORT-2602.00019v1,q06,BF_minus_WM,0.040000000000000015
text10-BIO-SHORT-2506.13817v1,q06,BF_minus_WM,0.0
text11-CS-SHORT-2506.09194v1,q06,BF_minus_WM,-0.009999999999999986
text12-CS-SHORT-2512.19717v1,q06,BF_minus_WM,0.030000000000000006
text13-CS-SHORT-2510.04124v5,q06,BF_minus_WM,-0.009999999999999986
text14-CS-SHORT-2509.13349v2,q06,BF_minus_WM,0.0
text15-CS-SHORT-2602.03870v1,q06,BF_minus_WM,0.0
text16-CS-SHORT-2509.06033v1,q06,BF_minus_WM,0.009999999999999998
text17-CS-SHORT-2509.16294v1,q06,BF_minus_WM,-0.030000000000000006
text18-CS-SHORT-2507.09492v1,q06,BF_minus_WM,0.0
text19-CS-SHORT-2509.14600v1,q06,BF_minus_WM,0.0
text20-CS-SHORT-2503.14899v1,q06,BF_minus_WM,0.0
text21-PHY-SHORT-2601.23079v1,q06,BF_minus_WM,0.010000000000000009
text22-PHY-SHORT-2601.23047v1,q06,BF_minus_WM,0.07999999999999999
text23-PHY-SHORT-2601.23057v1,q06,BF_minus_WM,0.009999999999999998
text24-PHY-SHORT-2509.16741v1,q06,BF_minus_WM,-0.039999999999999966
text25-PHY-SHORT-2507.08042v1,q06,BF_minus_WM,-0.009999999999999986
text26-PHY-SHORT-2512.23538v1,q06,BF_minus_WM,0.0
text27-PHY-SHORT-2510.18500v1,q06,BF_minus_WM,0.05
text28-PHY-SHORT-2508.20431v1,q06,BF_minus_WM,0.02999999999999998
text29-PHY-SHORT-2509.06825v1,q06,BF_minus_WM,0.0
text30-PHY-SHORT-2509.17653v2,q06,BF_minus_WM,0.059999999999999984
text31-MATH-SHORT-2511.03536v1,q06,BF_minus_WM,-0.09
text32-MATH-SHORT-2603.02088v1,q06,BF_minus_WM,0.05000000000000001
text33-MATH-SHORT-2512.22134v3,q06,BF_minus_WM,-0.039999999999999994
text34-MATH-SHORT-2509.00532v1,q06,BF_minus_WM,-0.02999999999999998
text35-MATH-SHORT-2512.06844v1,q06,BF_minus_WM,0.07
text36-MATH-SHORT-2503.09380v2,q06,BF_minus_WM,-0.09000000000000001
text37-MATH-SHORT-2510.26426v1,q06,BF_minus_WM,-0.05
text38-MATH-SHORT-2512.04101v1,q06,BF_minus_WM,0.0
text39-MATH-SHORT-2506.11609v2,q06,BF_minus_WM,0.0
text40-MATH-SHORT-2507.15879v2,q06,BF_minus_WM,-0.009999999999999986
text41-BIO-LONG-2512.06709v1,q06,BF_minus_WM,-0.08
text42-BIO-LONG-2503.07104v1,q06,BF_minus_WM,-0.05
text43-BIO-LONG-2506.16577v1,q06,BF_minus_WM,-0.040000000000000015
text44-BIO-LONG-2505.20052v1,q06,BF_minus_WM,0.0
text45-BIO-LONG-2507.17897v4,q06,BF_minus_WM,0.0
text46-BIO-LONG-2505.05863v1,q06,BF_minus_WM,0.020000000000000007
text47-BIO-LONG-2505.21094v1,q06,BF_minus_WM,0.04
text48-BIO-LONG-2602.16750v1,q06,BF_minus_WM,0.0
text49-BIO-LONG-2511.10014v1,q06,BF_minus_WM,-0.009999999999999998
text50-BIO-LONG-2603.01054v1,q06,BF_minus_WM,-0.010000000000000009
text51-CS-LONG-2602.11588v1,q06,BF_minus_WM,-0.020000000000000018
text52-CS-LONG-2602.15675v1,q06,BF_minus_WM,-0.05
text53-CS-LONG-2603.02012v1,q06,BF_minus_WM,0.0
text54-CS-LONG-2602.23006v1,q06,BF_minus_WM,0.010000000000000009
text55-CS-LONG-2602.21625v1,q06,BF_minus_WM,-0.07999999999999999
text56-CS-LONG-2602.13713v1,q06,BF_minus_WM,0.0
text57-CS-LONG-2603.00079v1,q06,BF_minus_WM,0.059999999999999984
text58-CS-LONG-2603.01023v1,q06,BF_minus_WM,0.0
text59-CS-LONG-2602.19401v1,q06,BF_minus_WM,-0.01000000000000002
text60-CS-LONG-2602.18518v1,q06,BF_minus_WM,0.0
text61-PHY-LONG-2602.03885v1,q06,BF_minus_WM,-0.02999999999999998
text62-PHY-LONG-2511.21971v1,q06,BF_minus_WM,-0.03999999999999998
text63-PHY-LONG-2512.18015v1,q06,BF_minus_WM,0.030000000000000006
text64-PHY-LONG-2602.23683v1,q06,BF_minus_WM,0.0
text65-PHY-LONG-2601.13267v1,q06,BF_minus_WM,0.0
text66-PHY-LONG-2512.24566v1,q06,BF_minus_WM,-0.040000000000000015
text67-PHY-LONG-2602.07636v2,q06,BF_minus_WM,-0.019999999999999973
text68-PHY-LONG-2512.18130v1,q06,BF_minus_WM,0.0
text69-PHY-LONG-2602.17389v1,q06,BF_minus_WM,-0.14
text70-PHY-LONG-2602.08188v1,q06,BF_minus_WM,-0.06
text71-MATH-LONG-2511.12781v1,q06,BF_minus_WM,0.010000000000000009
text72-MATH-LONG-2602.06095v1,q06,BF_minus_WM,0.019999999999999983
text73-MATH-LONG-2511.18101v1,q06,BF_minus_WM,0.07999999999999999
text74-MATH-LONG-2512.15978v1,q06,BF_minus_WM,0.05
text75-MATH-LONG-2511.22140v1,q06,BF_minus_WM,0.019999999999999997
text76-MATH-LONG-2602.20441v1,q06,BF_minus_WM,0.0
text77-MATH-LONG-2601.20851v2,q06,BF_minus_WM,-0.06999999999999999
text78-MATH-LONG-2512.17595v1,q06,BF_minus_WM,-0.030000000000000006
text79-MATH-LONG-2512.10129v1,q06,BF_minus_WM,0.0
text80-MATH-LONG-2512.10507v1,q06,BF_minus_WM,0.010000000000000009
text01-BIO-SHORT-2505.02276v1,q06,HI_minus_LI,-0.06
text02-BIO-SHORT-2507.04575v1,q06,HI_minus_LI,-0.13
text03-BIO-SHORT-2505.11568v3,q06,HI_minus_LI,-0.020000000000000018
text04-BIO-SHORT-2507.08385v1,q06,HI_minus_LI,-0.09000000000000001
text05-BIO-SHORT-2504.10973v1,q06,HI_minus_LI,-0.08
text06-BIO-SHORT-2506.14789v1,q06,HI_minus_LI,-0.009999999999999964
text07-BIO-SHORT-2506.13576v3,q06,HI_minus_LI,1.1102230246251566e-17
text08-BIO-SHORT-2503.19923v2,q06,HI_minus_LI,0.020000000000000007
text09-BIO-SHORT-2602.00019v1,q06,HI_minus_LI,-0.019999999999999997
text10-BIO-SHORT-2506.13817v1,q06,HI_minus_LI,-0.1
text11-CS-SHORT-2506.09194v1,q06,HI_minus_LI,0.030000000000000006
text12-CS-SHORT-2512.19717v1,q06,HI_minus_LI,0.13
text13-CS-SHORT-2510.04124v5,q06,HI_minus_LI,0.030000000000000006
text14-CS-SHORT-2509.13349v2,q06,HI_minus_LI,0.0
text15-CS-SHORT-2602.03870v1,q06,HI_minus_LI,0.0
text16-CS-SHORT-2509.06033v1,q06,HI_minus_LI,-0.009999999999999998
text17-CS-SHORT-2509.16294v1,q06,HI_minus_LI,-0.15
text18-CS-SHORT-2507.09492v1,q06,HI_minus_LI,0.0
text19-CS-SHORT-2509.14600v1,q06,HI_minus_LI,0.0
text20-CS-SHORT-2503.14899v1,q06,HI_minus_LI,0.0
text21-PHY-SHORT-2601.23079v1,q06,HI_minus_LI,-0.05
text22-PHY-SHORT-2601.23047v1,q06,HI_minus_LI,-0.06000000000000001
text23-PHY-SHORT-2601.23057v1,q06,HI_minus_LI,0.009999999999999998
text24-PHY-SHORT-2509.16741v1,q06,HI_minus_LI,0.019999999999999997
text25-PHY-SHORT-2507.08042v1,q06,HI_minus_LI,-0.06999999999999998
text26-PHY-SHORT-2512.23538v1,q06,HI_minus_LI,0.0
text27-PHY-SHORT-2510.18500v1,q06,HI_minus_LI,0.02999999999999998
text28-PHY-SHORT-2508.20431v1,q06,HI_minus_LI,0.010000000000000009
text29-PHY-SHORT-2509.06825v1,q06,HI_minus_LI,0.0
text30-PHY-SHORT-2509.17653v2,q06,HI_minus_LI,-0.019999999999999997
text31-MATH-SHORT-2511.03536v1,q06,HI_minus_LI,0.02999999999999998
text32-MATH-SHORT-2603.02088v1,q06,HI_minus_LI,-0.09
text33-MATH-SHORT-2512.22134v3,q06,HI_minus_LI,0.039999999999999994
text34-MATH-SHORT-2509.00532v1,q06,HI_minus_LI,-0.05
text35-MATH-SHORT-2512.06844v1,q06,HI_minus_LI,-0.18999999999999997
text36-MATH-SHORT-2503.09380v2,q06,HI_minus_LI,0.06999999999999999
text37-MATH-SHORT-2510.26426v1,q06,HI_minus_LI,-0.05
text38-MATH-SHORT-2512.04101v1,q06,HI_minus_LI,0.0
text39-MATH-SHORT-2506.11609v2,q06,HI_minus_LI,0.0
text40-MATH-SHORT-2507.15879v2,q06,HI_minus_LI,-0.030000000000000006
text41-BIO-LONG-2512.06709v1,q06,HI_minus_LI,0.08
text42-BIO-LONG-2503.07104v1,q06,HI_minus_LI,0.02999999999999998
text43-BIO-LONG-2506.16577v1,q06,HI_minus_LI,0.019999999999999997
text44-BIO-LONG-2505.20052v1,q06,HI_minus_LI,0.0
text45-BIO-LONG-2507.17897v4,q06,HI_minus_LI,0.0
text46-BIO-LONG-2505.05863v1,q06,HI_minus_LI,-0.04
text47-BIO-LONG-2505.21094v1,q06,HI_minus_LI,0.04
text48-BIO-LONG-2602.16750v1,q06,HI_minus_LI,0.0
text49-BIO-LONG-2511.10014v1,q06,HI_minus_LI,-0.09
text50-BIO-LONG-2603.01054v1,q06,HI_minus_LI,-0.030000000000000027
text51-CS-LONG-2602.11588v1,q06,HI_minus_LI,-0.039999999999999994
text52-CS-LONG-2602.15675v1,q06,HI_minus_LI,-0.05
text53-CS-LONG-2603.02012v1,q06,HI_minus_LI,0.0
text54-CS-LONG-2602.23006v1,q06,HI_minus_LI,-0.010000000000000009
text55-CS-LONG-2602.21625v1,q06,HI_minus_LI,0.0
text56-CS-LONG-2602.13713v1,q06,HI_minus_LI,0.0
text57-CS-LONG-2603.00079v1,q06,HI_minus_LI,-0.019999999999999997
text58-CS-LONG-2603.01023v1,q06,HI_minus_LI,-0.12000000000000002
text59-CS-LONG-2602.19401v1,q06,HI_minus_LI,-0.08999999999999998
text60-CS-LONG-2602.18518v1,q06,HI_minus_LI,0.0
text61-PHY-LONG-2602.03885v1,q06,HI_minus_LI,-0.02999999999999998
text62-PHY-LONG-2511.21971v1,q06,HI_minus_LI,0.1
text63-PHY-LONG-2512.18015v1,q06,HI_minus_LI,-0.07000000000000002
text64-PHY-LONG-2602.23683v1,q06,HI_minus_LI,0.0
text65-PHY-LONG-2601.13267v1,q06,HI_minus_LI,0.0
text66-PHY-LONG-2512.24566v1,q06,HI_minus_LI,0.019999999999999997
text67-PHY-LONG-2602.07636v2,q06,HI_minus_LI,-0.039999999999999994
text68-PHY-LONG-2512.18130v1,q06,HI_minus_LI,0.0
text69-PHY-LONG-2602.17389v1,q06,HI_minus_LI,-0.12
text70-PHY-LONG-2602.08188v1,q06,HI_minus_LI,0.06
text71-MATH-LONG-2511.12781v1,q06,HI_minus_LI,0.010000000000000009
text72-MATH-LONG-2602.06095v1,q06,HI_minus_LI,-0.10000000000000002
text73-MATH-LONG-2511.18101v1,q06,HI_minus_LI,0.1
text74-MATH-LONG-2512.15978v1,q06,HI_minus_LI,0.02999999999999998
text75-MATH-LONG-2511.22140v1,q06,HI_minus_LI,0.019999999999999997
text76-MATH-LONG-2602.20441v1,q06,HI_minus_LI,0.0
text77-MATH-LONG-2601.20851v2,q06,HI_minus_LI,0.06999999999999999
text78-MATH-LONG-2512.17595v1,q06,HI_minus_LI,0.06999999999999999
text79-MATH-LONG-2512.10129v1,q06,HI_minus_LI,0.0
text80-MATH-LONG-2512.10507v1,q06,HI_minus_LI,-0.010000000000000009
text01-BIO-SHORT-2505.02276v1,q06,HP_minus_LP,0.13999999999999999
text02-BIO-SHORT-2507.04575v1,q06,HP_minus_LP,-0.009999999999999998
text03-BIO-SHORT-2505.11568v3,q06,HP_minus_LP,-0.039999999999999994
text04-BIO-SHORT-2507.08385v1,q06,HP_minus_LP,-0.02999999999999998
text05-BIO-SHORT-2504.10973v1,q06,HP_minus_LP,-0.019999999999999997
text06-BIO-SHORT-2506.14789v1,q06,HP_minus_LP,-0.05
text07-BIO-SHORT-2506.13576v3,q06,HP_minus_LP,-0.020000000000000007
text08-BIO-SHORT-2503.19923v2,q06,HP_minus_LP,-0.06
text09-BIO-SHORT-2602.00019v1,q06,HP_minus_LP,-0.019999999999999997
text10-BIO-SHORT-2506.13817v1,q06,HP_minus_LP,0.1
text11-CS-SHORT-2506.09194v1,q06,HP_minus_LP,-0.09000000000000001
text12-CS-SHORT-2512.19717v1,q06,HP_minus_LP,0.06999999999999999
text13-CS-SHORT-2510.04124v5,q06,HP_minus_LP,0.009999999999999986
text14-CS-SHORT-2509.13349v2,q06,HP_minus_LP,0.0
text15-CS-SHORT-2602.03870v1,q06,HP_minus_LP,0.0
text16-CS-SHORT-2509.06033v1,q06,HP_minus_LP,0.009999999999999998
text17-CS-SHORT-2509.16294v1,q06,HP_minus_LP,-0.050000000000000024
text18-CS-SHORT-2507.09492v1,q06,HP_minus_LP,0.0
text19-CS-SHORT-2509.14600v1,q06,HP_minus_LP,0.019999999999999997
text20-CS-SHORT-2503.14899v1,q06,HP_minus_LP,0.0
text21-PHY-SHORT-2601.23079v1,q06,HP_minus_LP,-0.02999999999999998
text22-PHY-SHORT-2601.23047v1,q06,HP_minus_LP,-0.020000000000000018
text23-PHY-SHORT-2601.23057v1,q06,HP_minus_LP,-0.07
text24-PHY-SHORT-2509.16741v1,q06,HP_minus_LP,0.039999999999999966
text25-PHY-SHORT-2507.08042v1,q06,HP_minus_LP,-0.009999999999999943
text26-PHY-SHORT-2512.23538v1,q06,HP_minus_LP,0.0
text27-PHY-SHORT-2510.18500v1,q06,HP_minus_LP,0.05
text28-PHY-SHORT-2508.20431v1,q06,HP_minus_LP,0.12999999999999998
text29-PHY-SHORT-2509.06825v1,q06,HP_minus_LP,0.0
text30-PHY-SHORT-2509.17653v2,q06,HP_minus_LP,0.019999999999999997
text31-MATH-SHORT-2511.03536v1,q06,HP_minus_LP,-0.16999999999999998
text32-MATH-SHORT-2603.02088v1,q06,HP_minus_LP,0.25
text33-MATH-SHORT-2512.22134v3,q06,HP_minus_LP,0.039999999999999994
text34-MATH-SHORT-2509.00532v1,q06,HP_minus_LP,0.05
text35-MATH-SHORT-2512.06844v1,q06,HP_minus_LP,-0.09
text36-MATH-SHORT-2503.09380v2,q06,HP_minus_LP,0.09000000000000001
text37-MATH-SHORT-2510.26426v1,q06,HP_minus_LP,-0.05
text38-MATH-SHORT-2512.04101v1,q06,HP_minus_LP,0.0
text39-MATH-SHORT-2506.11609v2,q06,HP_minus_LP,0.0
text40-MATH-SHORT-2507.15879v2,q06,HP_minus_LP,0.009999999999999986
text41-BIO-LONG-2512.06709v1,q06,HP_minus_LP,-0.019999999999999997
text42-BIO-LONG-2503.07104v1,q06,HP_minus_LP,0.05
text43-BIO-LONG-2506.16577v1,q06,HP_minus_LP,0.040000000000000015
text44-BIO-LONG-2505.20052v1,q06,HP_minus_LP,0.0
text45-BIO-LONG-2507.17897v4,q06,HP_minus_LP,0.0
text46-BIO-LONG-2505.05863v1,q06,HP_minus_LP,0.07999999999999997
text47-BIO-LONG-2505.21094v1,q06,HP_minus_LP,-0.04
text48-BIO-LONG-2602.16750v1,q06,HP_minus_LP,0.0
text49-BIO-LONG-2511.10014v1,q06,HP_minus_LP,-0.04999999999999999
text50-BIO-LONG-2603.01054v1,q06,HP_minus_LP,0.030000000000000027
text51-CS-LONG-2602.11588v1,q06,HP_minus_LP,-0.019999999999999973
text52-CS-LONG-2602.15675v1,q06,HP_minus_LP,-0.02999999999999998
text53-CS-LONG-2603.02012v1,q06,HP_minus_LP,0.0
text54-CS-LONG-2602.23006v1,q06,HP_minus_LP,-0.010000000000000009
text55-CS-LONG-2602.21625v1,q06,HP_minus_LP,0.07999999999999999
text56-CS-LONG-2602.13713v1,q06,HP_minus_LP,0.0
text57-CS-LONG-2603.00079v1,q06,HP_minus_LP,0.019999999999999997
text58-CS-LONG-2603.01023v1,q06,HP_minus_LP,0.07999999999999999
text59-CS-LONG-2602.19401v1,q06,HP_minus_LP,-0.11000000000000001
text60-CS-LONG-2602.18518v1,q06,HP_minus_LP,0.0
text61-PHY-LONG-2602.03885v1,q06,HP_minus_LP,-0.02999999999999998
text62-PHY-LONG-2511.21971v1,q06,HP_minus_LP,0.06000000000000002
text63-PHY-LONG-2512.18015v1,q06,HP_minus_LP,-0.049999999999999975
text64-PHY-LONG-2602.23683v1,q06,HP_minus_LP,0.0
text65-PHY-LONG-2601.13267v1,q06,HP_minus_LP,0.0
text66-PHY-LONG-2512.24566v1,q06,HP_minus_LP,0.019999999999999997
text67-PHY-LONG-2602.07636v2,q06,HP_minus_LP,-0.06000000000000001
text68-PHY-LONG-2512.18130v1,q06,HP_minus_LP,0.0
text69-PHY-LONG-2602.17389v1,q06,HP_minus_LP,0.12000000000000004
text70-PHY-LONG-2602.08188v1,q06,HP_minus_LP,0.13999999999999999
text71-MATH-LONG-2511.12781v1,q06,HP_minus_LP,0.010000000000000009
text72-MATH-LONG-2602.06095v1,q06,HP_minus_LP,-0.08
text73-MATH-LONG-2511.18101v1,q06,HP_minus_LP,0.0
text74-MATH-LONG-2512.15978v1,q06,HP_minus_LP,0.05
text75-MATH-LONG-2511.22140v1,q06,HP_minus_LP,0.019999999999999997
text76-MATH-LONG-2602.20441v1,q06,HP_minus_LP,0.0
text77-MATH-LONG-2601.20851v2,q06,HP_minus_LP,0.06999999999999999
text78-MATH-LONG-2512.17595v1,q06,HP_minus_LP,0.06999999999999999
text79-MATH-LONG-2512.10129v1,q06,HP_minus_LP,0.0
text80-MATH-LONG-2512.10507v1,q06,HP_minus_LP,-0.010000000000000009
text01-BIO-SHORT-2505.02276v1,q06,Name_x_Inst,0.040000000000000015
text02-BIO-SHORT-2507.04575v1,q06,Name_x_Inst,0.09999999999999998
text03-BIO-SHORT-2505.11568v3,q06,Name_x_Inst,0.0
text04-BIO-SHORT-2507.08385v1,q06,Name_x_Inst,-0.06000000000000001
text05-BIO-SHORT-2504.10973v1,q06,Name_x_Inst,0.0
text06-BIO-SHORT-2506.14789v1,q06,Name_x_Inst,-0.05999999999999996
text07-BIO-SHORT-2506.13576v3,q06,Name_x_Inst,0.040000000000000015
text08-BIO-SHORT-2503.19923v2,q06,Name_x_Inst,-2.2204460492503132e-17
text09-BIO-SHORT-2602.00019v1,q06,Name_x_Inst,-0.11999999999999997
text10-BIO-SHORT-2506.13817v1,q06,Name_x_Inst,0.0
text11-CS-SHORT-2506.09194v1,q06,Name_x_Inst,-0.17999999999999994
text12-CS-SHORT-2512.19717v1,q06,Name_x_Inst,-0.06000000000000001
text13-CS-SHORT-2510.04124v5,q06,Name_x_Inst,-0.09999999999999995
text14-CS-SHORT-2509.13349v2,q06,Name_x_Inst,0.0
text15-CS-SHORT-2602.03870v1,q06,Name_x_Inst,0.0
text16-CS-SHORT-2509.06033v1,q06,Name_x_Inst,0.019999999999999997
text17-CS-SHORT-2509.16294v1,q06,Name_x_Inst,-0.06000000000000001
text18-CS-SHORT-2507.09492v1,q06,Name_x_Inst,0.0
text19-CS-SHORT-2509.14600v1,q06,Name_x_Inst,0.039999999999999994
text20-CS-SHORT-2503.14899v1,q06,Name_x_Inst,0.0
text21-PHY-SHORT-2601.23079v1,q06,Name_x_Inst,-0.020000000000000018
text22-PHY-SHORT-2601.23047v1,q06,Name_x_Inst,0.07999999999999999
text23-PHY-SHORT-2601.23057v1,q06,Name_x_Inst,0.18
text24-PHY-SHORT-2509.16741v1,q06,Name_x_Inst,0.20000000000000004
text25-PHY-SHORT-2507.08042v1,q06,Name_x_Inst,0.020000000000000018
text26-PHY-SHORT-2512.23538v1,q06,Name_x_Inst,0.0
text27-PHY-SHORT-2510.18500v1,q06,Name_x_Inst,-0.1
text28-PHY-SHORT-2508.20431v1,q06,Name_x_Inst,0.1
text29-PHY-SHORT-2509.06825v1,q06,Name_x_Inst,0.0
text30-PHY-SHORT-2509.17653v2,q06,Name_x_Inst,-0.11999999999999997
text31-MATH-SHORT-2511.03536v1,q06,Name_x_Inst,0.13999999999999996
text32-MATH-SHORT-2603.02088v1,q06,Name_x_Inst,0.10000000000000002
text33-MATH-SHORT-2512.22134v3,q06,Name_x_Inst,-0.07999999999999999
text34-MATH-SHORT-2509.00532v1,q06,Name_x_Inst,-0.18
text35-MATH-SHORT-2512.06844v1,q06,Name_x_Inst,0.3
text36-MATH-SHORT-2503.09380v2,q06,Name_x_Inst,0.13999999999999999
text37-MATH-SHORT-2510.26426v1,q06,Name_x_Inst,0.1
text38-MATH-SHORT-2512.04101v1,q06,Name_x_Inst,0.0
text39-MATH-SHORT-2506.11609v2,q06,Name_x_Inst,0.0
text40-MATH-SHORT-2507.15879v2,q06,Name_x_Inst,0.09999999999999995
text41-BIO-LONG-2512.06709v1,q06,Name_x_Inst,0.16
text42-BIO-LONG-2503.07104v1,q06,Name_x_Inst,0.05999999999999996
text43-BIO-LONG-2506.16577v1,q06,Name_x_Inst,-0.039999999999999994
text44-BIO-LONG-2505.20052v1,q06,Name_x_Inst,0.0
text45-BIO-LONG-2507.17897v4,q06,Name_x_Inst,0.0
text46-BIO-LONG-2505.05863v1,q06,Name_x_Inst,-0.15999999999999998
text47-BIO-LONG-2505.21094v1,q06,Name_x_Inst,-0.08
text48-BIO-LONG-2602.16750v1,q06,Name_x_Inst,0.0
text49-BIO-LONG-2511.10014v1,q06,Name_x_Inst,-0.02000000000000004
text50-BIO-LONG-2603.01054v1,q06,Name_x_Inst,-0.020000000000000018
text51-CS-LONG-2602.11588v1,q06,Name_x_Inst,0.039999999999999945
text52-CS-LONG-2602.15675v1,q06,Name_x_Inst,-0.1
text53-CS-LONG-2603.02012v1,q06,Name_x_Inst,0.0
text54-CS-LONG-2602.23006v1,q06,Name_x_Inst,0.020000000000000018
text55-CS-LONG-2602.21625v1,q06,Name_x_Inst,0.0
text56-CS-LONG-2602.13713v1,q06,Name_x_Inst,0.0
text57-CS-LONG-2603.00079v1,q06,Name_x_Inst,-0.08000000000000003
text58-CS-LONG-2603.01023v1,q06,Name_x_Inst,0.0
text59-CS-LONG-2602.19401v1,q06,Name_x_Inst,-0.019999999999999997
text60-CS-LONG-2602.18518v1,q06,Name_x_Inst,0.0
text61-PHY-LONG-2602.03885v1,q06,Name_x_Inst,-0.1
text62-PHY-LONG-2511.21971v1,q06,Name_x_Inst,0.039999999999999966
text63-PHY-LONG-2512.18015v1,q06,Name_x_Inst,0.17999999999999994
text64-PHY-LONG-2602.23683v1,q06,Name_x_Inst,0.0
text65-PHY-LONG-2601.13267v1,q06,Name_x_Inst,0.0
text66-PHY-LONG-2512.24566v1,q06,Name_x_Inst,0.19999999999999996
text67-PHY-LONG-2602.07636v2,q06,Name_x_Inst,0.039999999999999945
text68-PHY-LONG-2512.18130v1,q06,Name_x_Inst,0.0
text69-PHY-LONG-2602.17389v1,q06,Name_x_Inst,0.12000000000000002
text70-PHY-LONG-2602.08188v1,q06,Name_x_Inst,0.040000000000000015
text71-MATH-LONG-2511.12781v1,q06,Name_x_Inst,-0.020000000000000018
text72-MATH-LONG-2602.06095v1,q06,Name_x_Inst,-0.16
text73-MATH-LONG-2511.18101v1,q06,Name_x_Inst,0.15999999999999998
text74-MATH-LONG-2512.15978v1,q06,Name_x_Inst,-0.05999999999999996
text75-MATH-LONG-2511.22140v1,q06,Name_x_Inst,-0.039999999999999994
text76-MATH-LONG-2602.20441v1,q06,Name_x_Inst,0.0
text77-MATH-LONG-2601.20851v2,q06,Name_x_Inst,0.019999999999999973
text78-MATH-LONG-2512.17595v1,q06,Name_x_Inst,0.06000000000000001
text79-MATH-LONG-2512.10129v1,q06,Name_x_Inst,0.0
text80-MATH-LONG-2512.10507v1,q06,Name_x_Inst,-0.020000000000000018
text01-BIO-SHORT-2505.02276v1,q06,Name_x_Bibliometrics,0.2800000000000001
text02-BIO-SHORT-2507.04575v1,q06,Name_x_Bibliometrics,-0.13999999999999999
text03-BIO-SHORT-2505.11568v3,q06,Name_x_Bibliometrics,-0.12000000000000002
text04-BIO-SHORT-2507.08385v1,q06,Name_x_Bibliometrics,-0.020000000000000018
text05-BIO-SHORT-2504.10973v1,q06,Name_x_Bibliometrics,0.12000000000000002
text06-BIO-SHORT-2506.14789v1,q06,Name_x_Bibliometrics,-0.05999999999999996
text07-BIO-SHORT-2506.13576v3,q06,Name_x_Bibliometrics,-2.2204460492503132e-17
text08-BIO-SHORT-2503.19923v2,q06,Name_x_Bibliometrics,0.08
text09-BIO-SHORT-2602.00019v1,q06,Name_x_Bibliometrics,-0.11999999999999997
text10-BIO-SHORT-2506.13817v1,q06,Name_x_Bibliometrics,0.0
text11-CS-SHORT-2506.09194v1,q06,Name_x_Bibliometrics,0.29999999999999993
text12-CS-SHORT-2512.19717v1,q06,Name_x_Bibliometrics,0.06000000000000001
text13-CS-SHORT-2510.04124v5,q06,Name_x_Bibliometrics,-0.05999999999999992
text14-CS-SHORT-2509.13349v2,q06,Name_x_Bibliometrics,0.0
text15-CS-SHORT-2602.03870v1,q06,Name_x_Bibliometrics,0.0
text16-CS-SHORT-2509.06033v1,q06,Name_x_Bibliometrics,-0.019999999999999997
text17-CS-SHORT-2509.16294v1,q06,Name_x_Bibliometrics,-0.10000000000000002
text18-CS-SHORT-2507.09492v1,q06,Name_x_Bibliometrics,0.0
text19-CS-SHORT-2509.14600v1,q06,Name_x_Bibliometrics,0.0
text20-CS-SHORT-2503.14899v1,q06,Name_x_Bibliometrics,0.0
text21-PHY-SHORT-2601.23079v1,q06,Name_x_Bibliometrics,0.18
text22-PHY-SHORT-2601.23047v1,q06,Name_x_Bibliometrics,0.15999999999999998
text23-PHY-SHORT-2601.23057v1,q06,Name_x_Bibliometrics,0.019999999999999997
text24-PHY-SHORT-2509.16741v1,q06,Name_x_Bibliometrics,0.08000000000000003
text25-PHY-SHORT-2507.08042v1,q06,Name_x_Bibliometrics,0.13999999999999999
text26-PHY-SHORT-2512.23538v1,q06,Name_x_Bibliometrics,0.0
text27-PHY-SHORT-2510.18500v1,q06,Name_x_Bibliometrics,-0.05999999999999996
text28-PHY-SHORT-2508.20431v1,q06,Name_x_Bibliometrics,-0.06000000000000005
text29-PHY-SHORT-2509.06825v1,q06,Name_x_Bibliometrics,0.0
text30-PHY-SHORT-2509.17653v2,q06,Name_x_Bibliometrics,0.11999999999999997
text31-MATH-SHORT-2511.03536v1,q06,Name_x_Bibliometrics,-0.019999999999999928
text32-MATH-SHORT-2603.02088v1,q06,Name_x_Bibliometrics,0.06000000000000003
text33-MATH-SHORT-2512.22134v3,q06,Name_x_Bibliometrics,-0.07999999999999999
text34-MATH-SHORT-2509.00532v1,q06,Name_x_Bibliometrics,-0.06000000000000005
text35-MATH-SHORT-2512.06844v1,q06,Name_x_Bibliometrics,-0.14
text36-MATH-SHORT-2503.09380v2,q06,Name_x_Bibliometrics,0.18000000000000002
text37-MATH-SHORT-2510.26426v1,q06,Name_x_Bibliometrics,0.1
text38-MATH-SHORT-2512.04101v1,q06,Name_x_Bibliometrics,0.0
text39-MATH-SHORT-2506.11609v2,q06,Name_x_Bibliometrics,0.0
text40-MATH-SHORT-2507.15879v2,q06,Name_x_Bibliometrics,-0.05999999999999992
text41-BIO-LONG-2512.06709v1,q06,Name_x_Bibliometrics,-0.039999999999999994
text42-BIO-LONG-2503.07104v1,q06,Name_x_Bibliometrics,0.1
text43-BIO-LONG-2506.16577v1,q06,Name_x_Bibliometrics,-0.08000000000000003
text44-BIO-LONG-2505.20052v1,q06,Name_x_Bibliometrics,0.0
text45-BIO-LONG-2507.17897v4,q06,Name_x_Bibliometrics,0.0
text46-BIO-LONG-2505.05863v1,q06,Name_x_Bibliometrics,-0.08
text47-BIO-LONG-2505.21094v1,q06,Name_x_Bibliometrics,0.08
text48-BIO-LONG-2602.16750v1,q06,Name_x_Bibliometrics,0.0
text49-BIO-LONG-2511.10014v1,q06,Name_x_Bibliometrics,0.059999999999999984
text50-BIO-LONG-2603.01054v1,q06,Name_x_Bibliometrics,-0.06000000000000005
text51-CS-LONG-2602.11588v1,q06,Name_x_Bibliometrics,0.16000000000000006
text52-CS-LONG-2602.15675v1,q06,Name_x_Bibliometrics,-0.05999999999999996
text53-CS-LONG-2603.02012v1,q06,Name_x_Bibliometrics,0.0
text54-CS-LONG-2602.23006v1,q06,Name_x_Bibliometrics,0.020000000000000018
text55-CS-LONG-2602.21625v1,q06,Name_x_Bibliometrics,-0.15999999999999998
text56-CS-LONG-2602.13713v1,q06,Name_x_Bibliometrics,0.0
text57-CS-LONG-2603.00079v1,q06,Name_x_Bibliometrics,-0.16
text58-CS-LONG-2603.01023v1,q06,Name_x_Bibliometrics,0.0
text59-CS-LONG-2602.19401v1,q06,Name_x_Bibliometrics,-0.06000000000000003
text60-CS-LONG-2602.18518v1,q06,Name_x_Bibliometrics,0.0
text61-PHY-LONG-2602.03885v1,q06,Name_x_Bibliometrics,-0.1
text62-PHY-LONG-2511.21971v1,q06,Name_x_Bibliometrics,-0.2
text63-PHY-LONG-2512.18015v1,q06,Name_x_Bibliometrics,-0.1
text64-PHY-LONG-2602.23683v1,q06,Name_x_Bibliometrics,0.0
text65-PHY-LONG-2601.13267v1,q06,Name_x_Bibliometrics,0.0
text66-PHY-LONG-2512.24566v1,q06,Name_x_Bibliometrics,0.039999999999999994
text67-PHY-LONG-2602.07636v2,q06,Name_x_Bibliometrics,0.07999999999999999
text68-PHY-LONG-2512.18130v1,q06,Name_x_Bibliometrics,0.0
text69-PHY-LONG-2602.17389v1,q06,Name_x_Bibliometrics,-0.039999999999999945
text70-PHY-LONG-2602.08188v1,q06,Name_x_Bibliometrics,-0.12
text71-MATH-LONG-2511.12781v1,q06,Name_x_Bibliometrics,-0.020000000000000018
text72-MATH-LONG-2602.06095v1,q06,Name_x_Bibliometrics,0.12000000000000002
text73-MATH-LONG-2511.18101v1,q06,Name_x_Bibliometrics,-0.040000000000000036
text74-MATH-LONG-2512.15978v1,q06,Name_x_Bibliometrics,-0.1
text75-MATH-LONG-2511.22140v1,q06,Name_x_Bibliometrics,-0.039999999999999994
text76-MATH-LONG-2602.20441v1,q06,Name_x_Bibliometrics,0.0
text77-MATH-LONG-2601.20851v2,q06,Name_x_Bibliometrics,0.019999999999999973
text78-MATH-LONG-2512.17595v1,q06,Name_x_Bibliometrics,0.06000000000000001
text79-MATH-LONG-2512.10129v1,q06,Name_x_Bibliometrics,0.0
text80-MATH-LONG-2512.10507v1,q06,Name_x_Bibliometrics,-0.020000000000000018
text01-BIO-SHORT-2505.02276v1,q06,Inst_x_Bibliometrics,0.12
text02-BIO-SHORT-2507.04575v1,q06,Inst_x_Bibliometrics,-0.06
text03-BIO-SHORT-2505.11568v3,q06,Inst_x_Bibliometrics,0.0
text04-BIO-SHORT-2507.08385v1,q06,Inst_x_Bibliometrics,-0.22000000000000003
text05-BIO-SHORT-2504.10973v1,q06,Inst_x_Bibliometrics,-0.16
text06-BIO-SHORT-2506.14789v1,q06,Inst_x_Bibliometrics,-0.05999999999999996
text07-BIO-SHORT-2506.13576v3,q06,Inst_x_Bibliometrics,2.2204460492503132e-17
text08-BIO-SHORT-2503.19923v2,q06,Inst_x_Bibliometrics,0.08
text09-BIO-SHORT-2602.00019v1,q06,Inst_x_Bibliometrics,4.4408920985006264e-17
text10-BIO-SHORT-2506.13817v1,q06,Inst_x_Bibliometrics,-0.2
text11-CS-SHORT-2506.09194v1,q06,Inst_x_Bibliometrics,0.06000000000000001
text12-CS-SHORT-2512.19717v1,q06,Inst_x_Bibliometrics,-0.13999999999999999
text13-CS-SHORT-2510.04124v5,q06,Inst_x_Bibliometrics,0.09999999999999995
text14-CS-SHORT-2509.13349v2,q06,Inst_x_Bibliometrics,0.0
text15-CS-SHORT-2602.03870v1,q06,Inst_x_Bibliometrics,0.0
text16-CS-SHORT-2509.06033v1,q06,Inst_x_Bibliometrics,0.019999999999999997
text17-CS-SHORT-2509.16294v1,q06,Inst_x_Bibliometrics,-0.019999999999999973
text18-CS-SHORT-2507.09492v1,q06,Inst_x_Bibliometrics,0.0
text19-CS-SHORT-2509.14600v1,q06,Inst_x_Bibliometrics,0.0
text20-CS-SHORT-2503.14899v1,q06,Inst_x_Bibliometrics,0.0
text21-PHY-SHORT-2601.23079v1,q06,Inst_x_Bibliometrics,0.14000000000000004
text22-PHY-SHORT-2601.23047v1,q06,Inst_x_Bibliometrics,0.12000000000000002
text23-PHY-SHORT-2601.23057v1,q06,Inst_x_Bibliometrics,0.019999999999999997
text24-PHY-SHORT-2509.16741v1,q06,Inst_x_Bibliometrics,0.039999999999999994
text25-PHY-SHORT-2507.08042v1,q06,Inst_x_Bibliometrics,0.020000000000000018
text26-PHY-SHORT-2512.23538v1,q06,Inst_x_Bibliometrics,0.0
text27-PHY-SHORT-2510.18500v1,q06,Inst_x_Bibliometrics,-0.1
text28-PHY-SHORT-2508.20431v1,q06,Inst_x_Bibliometrics,-0.1
text29-PHY-SHORT-2509.06825v1,q06,Inst_x_Bibliometrics,0.0
text30-PHY-SHORT-2509.17653v2,q06,Inst_x_Bibliometrics,0.11999999999999997
text31-MATH-SHORT-2511.03536v1,q06,Inst_x_Bibliometrics,-0.020000000000000018
text32-MATH-SHORT-2603.02088v1,q06,Inst_x_Bibliometrics,0.1
text33-MATH-SHORT-2512.22134v3,q06,Inst_x_Bibliometrics,0.07999999999999999
text34-MATH-SHORT-2509.00532v1,q06,Inst_x_Bibliometrics,-0.020000000000000018
text35-MATH-SHORT-2512.06844v1,q06,Inst_x_Bibliometrics,0.06000000000000003
text36-MATH-SHORT-2503.09380v2,q06,Inst_x_Bibliometrics,-0.13999999999999999
text37-MATH-SHORT-2510.26426v1,q06,Inst_x_Bibliometrics,0.1
text38-MATH-SHORT-2512.04101v1,q06,Inst_x_Bibliometrics,0.0
text39-MATH-SHORT-2506.11609v2,q06,Inst_x_Bibliometrics,0.0
text40-MATH-SHORT-2507.15879v2,q06,Inst_x_Bibliometrics,0.06000000000000001
text41-BIO-LONG-2512.06709v1,q06,Inst_x_Bibliometrics,0.039999999999999994
text42-BIO-LONG-2503.07104v1,q06,Inst_x_Bibliometrics,-0.05999999999999996
text43-BIO-LONG-2506.16577v1,q06,Inst_x_Bibliometrics,0.039999999999999994
text44-BIO-LONG-2505.20052v1,q06,Inst_x_Bibliometrics,0.0
text45-BIO-LONG-2507.17897v4,q06,Inst_x_Bibliometrics,0.0
text46-BIO-LONG-2505.05863v1,q06,Inst_x_Bibliometrics,-0.040000000000000056
text47-BIO-LONG-2505.21094v1,q06,Inst_x_Bibliometrics,0.08
text48-BIO-LONG-2602.16750v1,q06,Inst_x_Bibliometrics,0.0
text49-BIO-LONG-2511.10014v1,q06,Inst_x_Bibliometrics,-0.10000000000000002
text50-BIO-LONG-2603.01054v1,q06,Inst_x_Bibliometrics,-0.020000000000000018
text51-CS-LONG-2602.11588v1,q06,Inst_x_Bibliometrics,0.2
text52-CS-LONG-2602.15675v1,q06,Inst_x_Bibliometrics,-0.05999999999999996
text53-CS-LONG-2603.02012v1,q06,Inst_x_Bibliometrics,0.0
text54-CS-LONG-2602.23006v1,q06,Inst_x_Bibliometrics,-0.020000000000000018
text55-CS-LONG-2602.21625v1,q06,Inst_x_Bibliometrics,0.0
text56-CS-LONG-2602.13713v1,q06,Inst_x_Bibliometrics,0.0
text57-CS-LONG-2603.00079v1,q06,Inst_x_Bibliometrics,-0.07999999999999993
text58-CS-LONG-2603.01023v1,q06,Inst_x_Bibliometrics,-0.15999999999999998
text59-CS-LONG-2602.19401v1,q06,Inst_x_Bibliometrics,-0.3
text60-CS-LONG-2602.18518v1,q06,Inst_x_Bibliometrics,0.0
text61-PHY-LONG-2602.03885v1,q06,Inst_x_Bibliometrics,-0.1
text62-PHY-LONG-2511.21971v1,q06,Inst_x_Bibliometrics,0.23999999999999994
text63-PHY-LONG-2512.18015v1,q06,Inst_x_Bibliometrics,0.019999999999999973
text64-PHY-LONG-2602.23683v1,q06,Inst_x_Bibliometrics,0.0
text65-PHY-LONG-2601.13267v1,q06,Inst_x_Bibliometrics,0.0
text66-PHY-LONG-2512.24566v1,q06,Inst_x_Bibliometrics,-0.08000000000000003
text67-PHY-LONG-2602.07636v2,q06,Inst_x_Bibliometrics,0.12000000000000002
text68-PHY-LONG-2512.18130v1,q06,Inst_x_Bibliometrics,0.0
text69-PHY-LONG-2602.17389v1,q06,Inst_x_Bibliometrics,0.0
text70-PHY-LONG-2602.08188v1,q06,Inst_x_Bibliometrics,-0.2
text71-MATH-LONG-2511.12781v1,q06,Inst_x_Bibliometrics,-0.020000000000000018
text72-MATH-LONG-2602.06095v1,q06,Inst_x_Bibliometrics,0.039999999999999966
text73-MATH-LONG-2511.18101v1,q06,Inst_x_Bibliometrics,0.0
text74-MATH-LONG-2512.15978v1,q06,Inst_x_Bibliometrics,-0.05999999999999996
text75-MATH-LONG-2511.22140v1,q06,Inst_x_Bibliometrics,-0.039999999999999994
text76-MATH-LONG-2602.20441v1,q06,Inst_x_Bibliometrics,0.0
text77-MATH-LONG-2601.20851v2,q06,Inst_x_Bibliometrics,-0.019999999999999973
text78-MATH-LONG-2512.17595v1,q06,Inst_x_Bibliometrics,-0.13999999999999999
text79-MATH-LONG-2512.10129v1,q06,Inst_x_Bibliometrics,0.0
text80-MATH-LONG-2512.10507v1,q06,Inst_x_Bibliometrics,0.020000000000000018
text01-BIO-SHORT-2505.02276v1,q07,BF_minus_WM,0.11000000000000001
text02-BIO-SHORT-2507.04575v1,q07,BF_minus_WM,-0.08
text03-BIO-SHORT-2505.11568v3,q07,BF_minus_WM,-0.09000000000000001
text04-BIO-SHORT-2507.08385v1,q07,BF_minus_WM,-0.12
text05-BIO-SHORT-2504.10973v1,q07,BF_minus_WM,0.08999999999999998
text06-BIO-SHORT-2506.14789v1,q07,BF_minus_WM,0.05
text07-BIO-SHORT-2506.13576v3,q07,BF_minus_WM,0.029999999999999992
text08-BIO-SHORT-2503.19923v2,q07,BF_minus_WM,-0.019999999999999997
text09-BIO-SHORT-2602.00019v1,q07,BF_minus_WM,0.05
text10-BIO-SHORT-2506.13817v1,q07,BF_minus_WM,-0.010000000000000009
text11-CS-SHORT-2506.09194v1,q07,BF_minus_WM,0.06
text12-CS-SHORT-2512.19717v1,q07,BF_minus_WM,0.0
text13-CS-SHORT-2510.04124v5,q07,BF_minus_WM,0.020000000000000007
text14-CS-SHORT-2509.13349v2,q07,BF_minus_WM,0.030000000000000006
text15-CS-SHORT-2602.03870v1,q07,BF_minus_WM,-0.010000000000000009
text16-CS-SHORT-2509.06033v1,q07,BF_minus_WM,0.05
text17-CS-SHORT-2509.16294v1,q07,BF_minus_WM,-0.029999999999999992
text18-CS-SHORT-2507.09492v1,q07,BF_minus_WM,0.09
text19-CS-SHORT-2509.14600v1,q07,BF_minus_WM,0.06000000000000001
text20-CS-SHORT-2503.14899v1,q07,BF_minus_WM,0.030000000000000006
text21-PHY-SHORT-2601.23079v1,q07,BF_minus_WM,0.009999999999999986
text22-PHY-SHORT-2601.23047v1,q07,BF_minus_WM,-0.059999999999999984
text23-PHY-SHORT-2601.23057v1,q07,BF_minus_WM,0.06999999999999999
text24-PHY-SHORT-2509.16741v1,q07,BF_minus_WM,-0.07
text25-PHY-SHORT-2507.08042v1,q07,BF_minus_WM,0.08000000000000003
text26-PHY-SHORT-2512.23538v1,q07,BF_minus_WM,-0.06999999999999998
text27-PHY-SHORT-2510.18500v1,q07,BF_minus_WM,0.009999999999999998
text28-PHY-SHORT-2508.20431v1,q07,BF_minus_WM,0.06999999999999998
text29-PHY-SHORT-2509.06825v1,q07,BF_minus_WM,-0.14
text30-PHY-SHORT-2509.17653v2,q07,BF_minus_WM,0.07999999999999999
text31-MATH-SHORT-2511.03536v1,q07,BF_minus_WM,-0.21000000000000002
text32-MATH-SHORT-2603.02088v1,q07,BF_minus_WM,-0.05000000000000001
text33-MATH-SHORT-2512.22134v3,q07,BF_minus_WM,-0.019999999999999997
text34-MATH-SHORT-2509.00532v1,q07,BF_minus_WM,-0.09
text35-MATH-SHORT-2512.06844v1,q07,BF_minus_WM,0.06
text36-MATH-SHORT-2503.09380v2,q07,BF_minus_WM,-0.029999999999999992
text37-MATH-SHORT-2510.26426v1,q07,BF_minus_WM,-0.010000000000000009
text38-MATH-SHORT-2512.04101v1,q07,BF_minus_WM,-0.01
text39-MATH-SHORT-2506.11609v2,q07,BF_minus_WM,0.010000000000000004
text40-MATH-SHORT-2507.15879v2,q07,BF_minus_WM,-0.030000000000000006
text41-BIO-LONG-2512.06709v1,q07,BF_minus_WM,0.009999999999999986
text42-BIO-LONG-2503.07104v1,q07,BF_minus_WM,0.049999999999999975
text43-BIO-LONG-2506.16577v1,q07,BF_minus_WM,-0.019999999999999997
text44-BIO-LONG-2505.20052v1,q07,BF_minus_WM,0.019999999999999997
text45-BIO-LONG-2507.17897v4,q07,BF_minus_WM,0.009999999999999986
text46-BIO-LONG-2505.05863v1,q07,BF_minus_WM,-8.326672684688674e-18
text47-BIO-LONG-2505.21094v1,q07,BF_minus_WM,0.019999999999999997
text48-BIO-LONG-2602.16750v1,q07,BF_minus_WM,0.07999999999999999
text49-BIO-LONG-2511.10014v1,q07,BF_minus_WM,-0.030000000000000006
text50-BIO-LONG-2603.01054v1,q07,BF_minus_WM,0.009999999999999964
text51-CS-LONG-2602.11588v1,q07,BF_minus_WM,0.030000000000000006
text52-CS-LONG-2602.15675v1,q07,BF_minus_WM,0.0
text53-CS-LONG-2603.02012v1,q07,BF_minus_WM,-0.030000000000000006
text54-CS-LONG-2602.23006v1,q07,BF_minus_WM,-0.009999999999999998
text55-CS-LONG-2602.21625v1,q07,BF_minus_WM,-0.02999999999999996
text56-CS-LONG-2602.13713v1,q07,BF_minus_WM,-2.2204460492503132e-17
text57-CS-LONG-2603.00079v1,q07,BF_minus_WM,-0.019999999999999997
text58-CS-LONG-2603.01023v1,q07,BF_minus_WM,0.030000000000000006
text59-CS-LONG-2602.19401v1,q07,BF_minus_WM,-0.02999999999999998
text60-CS-LONG-2602.18518v1,q07,BF_minus_WM,0.0
text61-PHY-LONG-2602.03885v1,q07,BF_minus_WM,0.059999999999999984
text62-PHY-LONG-2511.21971v1,q07,BF_minus_WM,-0.030000000000000027
text63-PHY-LONG-2512.18015v1,q07,BF_minus_WM,-0.010000000000000009
text64-PHY-LONG-2602.23683v1,q07,BF_minus_WM,-0.059999999999999984
text65-PHY-LONG-2601.13267v1,q07,BF_minus_WM,0.009999999999999986
text66-PHY-LONG-2512.24566v1,q07,BF_minus_WM,-0.039999999999999994
text67-PHY-LONG-2602.07636v2,q07,BF_minus_WM,0.039999999999999994
text68-PHY-LONG-2512.18130v1,q07,BF_minus_WM,1.1102230246251566e-17
text69-PHY-LONG-2602.17389v1,q07,BF_minus_WM,0.049999999999999954
text70-PHY-LONG-2602.08188v1,q07,BF_minus_WM,-0.020000000000000028
text71-MATH-LONG-2511.12781v1,q07,BF_minus_WM,-0.020000000000000007
text72-MATH-LONG-2602.06095v1,q07,BF_minus_WM,0.040000000000000015
text73-MATH-LONG-2511.18101v1,q07,BF_minus_WM,0.010000000000000054
text74-MATH-LONG-2512.15978v1,q07,BF_minus_WM,0.04
text75-MATH-LONG-2511.22140v1,q07,BF_minus_WM,0.0
text76-MATH-LONG-2602.20441v1,q07,BF_minus_WM,-0.020000000000000018
text77-MATH-LONG-2601.20851v2,q07,BF_minus_WM,-0.019999999999999973
text78-MATH-LONG-2512.17595v1,q07,BF_minus_WM,0.09999999999999999
text79-MATH-LONG-2512.10129v1,q07,BF_minus_WM,-0.06
text80-MATH-LONG-2512.10507v1,q07,BF_minus_WM,0.09
text01-BIO-SHORT-2505.02276v1,q07,HI_minus_LI,-0.09000000000000001
text02-BIO-SHORT-2507.04575v1,q07,HI_minus_LI,0.1
text03-BIO-SHORT-2505.11568v3,q07,HI_minus_LI,0.09000000000000001
text04-BIO-SHORT-2507.08385v1,q07,HI_minus_LI,-0.039999999999999994
text05-BIO-SHORT-2504.10973v1,q07,HI_minus_LI,-0.030000000000000016
text06-BIO-SHORT-2506.14789v1,q07,HI_minus_LI,-0.010000000000000009
text07-BIO-SHORT-2506.13576v3,q07,HI_minus_LI,0.04999999999999999
text08-BIO-SHORT-2503.19923v2,q07,HI_minus_LI,-0.039999999999999966
text09-BIO-SHORT-2602.00019v1,q07,HI_minus_LI,0.17
text10-BIO-SHORT-2506.13817v1,q07,HI_minus_LI,-0.09
text11-CS-SHORT-2506.09194v1,q07,HI_minus_LI,-0.06
text12-CS-SHORT-2512.19717v1,q07,HI_minus_LI,0.0
text13-CS-SHORT-2510.04124v5,q07,HI_minus_LI,-0.020000000000000007
text14-CS-SHORT-2509.13349v2,q07,HI_minus_LI,-0.10999999999999999
text15-CS-SHORT-2602.03870v1,q07,HI_minus_LI,-0.010000000000000009
text16-CS-SHORT-2509.06033v1,q07,HI_minus_LI,0.02999999999999998
text17-CS-SHORT-2509.16294v1,q07,HI_minus_LI,0.029999999999999992
text18-CS-SHORT-2507.09492v1,q07,HI_minus_LI,0.06999999999999999
text19-CS-SHORT-2509.14600v1,q07,HI_minus_LI,0.06000000000000001
text20-CS-SHORT-2503.14899v1,q07,HI_minus_LI,0.010000000000000009
text21-PHY-SHORT-2601.23079v1,q07,HI_minus_LI,-0.19
text22-PHY-SHORT-2601.23047v1,q07,HI_minus_LI,-0.019999999999999997
text23-PHY-SHORT-2601.23057v1,q07,HI_minus_LI,0.09
text24-PHY-SHORT-2509.16741v1,q07,HI_minus_LI,-0.029999999999999992
text25-PHY-SHORT-2507.08042v1,q07,HI_minus_LI,-0.059999999999999984
text26-PHY-SHORT-2512.23538v1,q07,HI_minus_LI,-0.030000000000000027
text27-PHY-SHORT-2510.18500v1,q07,HI_minus_LI,-0.009999999999999998
text28-PHY-SHORT-2508.20431v1,q07,HI_minus_LI,0.05000000000000001
text29-PHY-SHORT-2509.06825v1,q07,HI_minus_LI,-0.040000000000000015
text30-PHY-SHORT-2509.17653v2,q07,HI_minus_LI,0.1
text31-MATH-SHORT-2511.03536v1,q07,HI_minus_LI,0.009999999999999998
text32-MATH-SHORT-2603.02088v1,q07,HI_minus_LI,0.009999999999999995
text33-MATH-SHORT-2512.22134v3,q07,HI_minus_LI,0.12
text34-MATH-SHORT-2509.00532v1,q07,HI_minus_LI,-0.11000000000000001
text35-MATH-SHORT-2512.06844v1,q07,HI_minus_LI,-0.15999999999999998
text36-MATH-SHORT-2503.09380v2,q07,HI_minus_LI,0.030000000000000016
text37-MATH-SHORT-2510.26426v1,q07,HI_minus_LI,0.12999999999999998
text38-MATH-SHORT-2512.04101v1,q07,HI_minus_LI,0.01
text39-MATH-SHORT-2506.11609v2,q07,HI_minus_LI,-0.010000000000000004
text40-MATH-SHORT-2507.15879v2,q07,HI_minus_LI,-0.030000000000000006
text41-BIO-LONG-2512.06709v1,q07,HI_minus_LI,-0.009999999999999986
text42-BIO-LONG-2503.07104v1,q07,HI_minus_LI,-0.049999999999999975
text43-BIO-LONG-2506.16577v1,q07,HI_minus_LI,0.059999999999999984
text44-BIO-LONG-2505.20052v1,q07,HI_minus_LI,0.020000000000000018
text45-BIO-LONG-2507.17897v4,q07,HI_minus_LI,-0.049999999999999975
text46-BIO-LONG-2505.05863v1,q07,HI_minus_LI,0.06
text47-BIO-LONG-2505.21094v1,q07,HI_minus_LI,0.12
text48-BIO-LONG-2602.16750v1,q07,HI_minus_LI,0.1
text49-BIO-LONG-2511.10014v1,q07,HI_minus_LI,0.06999999999999999
text50-BIO-LONG-2603.01054v1,q07,HI_minus_LI,0.02999999999999998
text51-CS-LONG-2602.11588v1,q07,HI_minus_LI,0.030000000000000006
text52-CS-LONG-2602.15675v1,q07,HI_minus_LI,0.0
text53-CS-LONG-2603.02012v1,q07,HI_minus_LI,-0.08999999999999997
text54-CS-LONG-2602.23006v1,q07,HI_minus_LI,-0.01000000000000002
text55-CS-LONG-2602.21625v1,q07,HI_minus_LI,-0.14999999999999997
text56-CS-LONG-2602.13713v1,q07,HI_minus_LI,-0.019999999999999997
text57-CS-LONG-2603.00079v1,q07,HI_minus_LI,-0.040000000000000015
text58-CS-LONG-2603.01023v1,q07,HI_minus_LI,-0.06999999999999999
text59-CS-LONG-2602.19401v1,q07,HI_minus_LI,-0.02999999999999998
text60-CS-LONG-2602.18518v1,q07,HI_minus_LI,0.0
text61-PHY-LONG-2602.03885v1,q07,HI_minus_LI,0.040000000000000015
text62-PHY-LONG-2511.21971v1,q07,HI_minus_LI,-0.09
text63-PHY-LONG-2512.18015v1,q07,HI_minus_LI,-0.010000000000000009
text64-PHY-LONG-2602.23683v1,q07,HI_minus_LI,0.040000000000000015
text65-PHY-LONG-2601.13267v1,q07,HI_minus_LI,0.19
text66-PHY-LONG-2512.24566v1,q07,HI_minus_LI,0.039999999999999994
text67-PHY-LONG-2602.07636v2,q07,HI_minus_LI,-0.18
text68-PHY-LONG-2512.18130v1,q07,HI_minus_LI,0.04
text69-PHY-LONG-2602.17389v1,q07,HI_minus_LI,0.09
text70-PHY-LONG-2602.08188v1,q07,HI_minus_LI,0.06000000000000002
text71-MATH-LONG-2511.12781v1,q07,HI_minus_LI,0.04
text72-MATH-LONG-2602.06095v1,q07,HI_minus_LI,0.039999999999999994
text73-MATH-LONG-2511.18101v1,q07,HI_minus_LI,0.13
text74-MATH-LONG-2512.15978v1,q07,HI_minus_LI,0.11999999999999997
text75-MATH-LONG-2511.22140v1,q07,HI_minus_LI,0.0
text76-MATH-LONG-2602.20441v1,q07,HI_minus_LI,0.019999999999999997
text77-MATH-LONG-2601.20851v2,q07,HI_minus_LI,0.0
text78-MATH-LONG-2512.17595v1,q07,HI_minus_LI,-0.020000000000000007
text79-MATH-LONG-2512.10129v1,q07,HI_minus_LI,0.06000000000000002
text80-MATH-LONG-2512.10507v1,q07,HI_minus_LI,0.09
text01-BIO-SHORT-2505.02276v1,q07,HP_minus_LP,0.09
text02-BIO-SHORT-2507.04575v1,q07,HP_minus_LP,0.039999999999999994
text03-BIO-SHORT-2505.11568v3,q07,HP_minus_LP,-0.009999999999999986
text04-BIO-SHORT-2507.08385v1,q07,HP_minus_LP,0.12
text05-BIO-SHORT-2504.10973v1,q07,HP_minus_LP,0.029999999999999992
text06-BIO-SHORT-2506.14789v1,q07,HP_minus_LP,0.010000000000000009
text07-BIO-SHORT-2506.13576v3,q07,HP_minus_LP,0.009999999999999998
text08-BIO-SHORT-2503.19923v2,q07,HP_minus_LP,0.040000000000000015
text09-BIO-SHORT-2602.00019v1,q07,HP_minus_LP,0.030000000000000006
text10-BIO-SHORT-2506.13817v1,q07,HP_minus_LP,0.09
text11-CS-SHORT-2506.09194v1,q07,HP_minus_LP,-0.04
text12-CS-SHORT-2512.19717v1,q07,HP_minus_LP,0.0
text13-CS-SHORT-2510.04124v5,q07,HP_minus_LP,-1.1102230246251566e-17
text14-CS-SHORT-2509.13349v2,q07,HP_minus_LP,0.10999999999999999
text15-CS-SHORT-2602.03870v1,q07,HP_minus_LP,0.010000000000000009
text16-CS-SHORT-2509.06033v1,q07,HP_minus_LP,0.07000000000000002
text17-CS-SHORT-2509.16294v1,q07,HP_minus_LP,-0.04999999999999997
text18-CS-SHORT-2507.09492v1,q07,HP_minus_LP,-0.02999999999999997
text19-CS-SHORT-2509.14600v1,q07,HP_minus_LP,0.039999999999999994
text20-CS-SHORT-2503.14899v1,q07,HP_minus_LP,0.05
text21-PHY-SHORT-2601.23079v1,q07,HP_minus_LP,0.15
text22-PHY-SHORT-2601.23047v1,q07,HP_minus_LP,-0.059999999999999984
text23-PHY-SHORT-2601.23057v1,q07,HP_minus_LP,0.09
text24-PHY-SHORT-2509.16741v1,q07,HP_minus_LP,0.11000000000000001
text25-PHY-SHORT-2507.08042v1,q07,HP_minus_LP,0.1
text26-PHY-SHORT-2512.23538v1,q07,HP_minus_LP,0.02999999999999998
text27-PHY-SHORT-2510.18500v1,q07,HP_minus_LP,0.08999999999999998
text28-PHY-SHORT-2508.20431v1,q07,HP_minus_LP,-0.030000000000000016
text29-PHY-SHORT-2509.06825v1,q07,HP_minus_LP,-0.09999999999999998
text30-PHY-SHORT-2509.17653v2,q07,HP_minus_LP,0.16
text31-MATH-SHORT-2511.03536v1,q07,HP_minus_LP,0.47000000000000003
text32-MATH-SHORT-2603.02088v1,q07,HP_minus_LP,0.27
text33-MATH-SHORT-2512.22134v3,q07,HP_minus_LP,0.08
text34-MATH-SHORT-2509.00532v1,q07,HP_minus_LP,-0.009999999999999992
text35-MATH-SHORT-2512.06844v1,q07,HP_minus_LP,-0.16
text36-MATH-SHORT-2503.09380v2,q07,HP_minus_LP,0.030000000000000016
text37-MATH-SHORT-2510.26426v1,q07,HP_minus_LP,0.17
text38-MATH-SHORT-2512.04101v1,q07,HP_minus_LP,-0.01
text39-MATH-SHORT-2506.11609v2,q07,HP_minus_LP,0.010000000000000004
text40-MATH-SHORT-2507.15879v2,q07,HP_minus_LP,0.05
text41-BIO-LONG-2512.06709v1,q07,HP_minus_LP,-0.009999999999999986
text42-BIO-LONG-2503.07104v1,q07,HP_minus_LP,0.08999999999999997
text43-BIO-LONG-2506.16577v1,q07,HP_minus_LP,0.059999999999999984
text44-BIO-LONG-2505.20052v1,q07,HP_minus_LP,0.18
text45-BIO-LONG-2507.17897v4,q07,HP_minus_LP,0.09000000000000001
text46-BIO-LONG-2505.05863v1,q07,HP_minus_LP,0.02000000000000001
text47-BIO-LONG-2505.21094v1,q07,HP_minus_LP,0.10000000000000002
text48-BIO-LONG-2602.16750v1,q07,HP_minus_LP,-0.020000000000000007
text49-BIO-LONG-2511.10014v1,q07,HP_minus_LP,0.19
text50-BIO-LONG-2603.01054v1,q07,HP_minus_LP,0.20999999999999996
text51-CS-LONG-2602.11588v1,q07,HP_minus_LP,0.030000000000000006
text52-CS-LONG-2602.15675v1,q07,HP_minus_LP,0.0
text53-CS-LONG-2603.02012v1,q07,HP_minus_LP,0.09
text54-CS-LONG-2602.23006v1,q07,HP_minus_LP,0.04999999999999999
text55-CS-LONG-2602.21625v1,q07,HP_minus_LP,0.09000000000000001
text56-CS-LONG-2602.13713v1,q07,HP_minus_LP,0.19999999999999998
text57-CS-LONG-2603.00079v1,q07,HP_minus_LP,0.12000000000000002
text58-CS-LONG-2603.01023v1,q07,HP_minus_LP,0.25
text59-CS-LONG-2602.19401v1,q07,HP_minus_LP,-0.02999999999999998
text60-CS-LONG-2602.18518v1,q07,HP_minus_LP,0.0
text61-PHY-LONG-2602.03885v1,q07,HP_minus_LP,0.1
text62-PHY-LONG-2511.21971v1,q07,HP_minus_LP,-0.010000000000000009
text63-PHY-LONG-2512.18015v1,q07,HP_minus_LP,-0.010000000000000009
text64-PHY-LONG-2602.23683v1,q07,HP_minus_LP,0.12
text65-PHY-LONG-2601.13267v1,q07,HP_minus_LP,0.20999999999999996
text66-PHY-LONG-2512.24566v1,q07,HP_minus_LP,-0.039999999999999994
text67-PHY-LONG-2602.07636v2,q07,HP_minus_LP,0.0
text68-PHY-LONG-2512.18130v1,q07,HP_minus_LP,0.06
text69-PHY-LONG-2602.17389v1,q07,HP_minus_LP,0.030000000000000027
text70-PHY-LONG-2602.08188v1,q07,HP_minus_LP,0.07999999999999999
text71-MATH-LONG-2511.12781v1,q07,HP_minus_LP,0.04
text72-MATH-LONG-2602.06095v1,q07,HP_minus_LP,0.09999999999999999
text73-MATH-LONG-2511.18101v1,q07,HP_minus_LP,-0.030000000000000006
text74-MATH-LONG-2512.15978v1,q07,HP_minus_LP,0.04
text75-MATH-LONG-2511.22140v1,q07,HP_minus_LP,0.0
text76-MATH-LONG-2602.20441v1,q07,HP_minus_LP,0.0
text77-MATH-LONG-2601.20851v2,q07,HP_minus_LP,-0.07999999999999999
text78-MATH-LONG-2512.17595v1,q07,HP_minus_LP,-0.06
text79-MATH-LONG-2512.10129v1,q07,HP_minus_LP,-0.06
text80-MATH-LONG-2512.10507v1,q07,HP_minus_LP,0.19
text01-BIO-SHORT-2505.02276v1,q07,Name_x_Inst,0.1
text02-BIO-SHORT-2507.04575v1,q07,Name_x_Inst,-0.16
text03-BIO-SHORT-2505.11568v3,q07,Name_x_Inst,0.13999999999999999
text04-BIO-SHORT-2507.08385v1,q07,Name_x_Inst,0.0
text05-BIO-SHORT-2504.10973v1,q07,Name_x_Inst,-0.14
text06-BIO-SHORT-2506.14789v1,q07,Name_x_Inst,0.020000000000000063
text07-BIO-SHORT-2506.13576v3,q07,Name_x_Inst,0.059999999999999984
text08-BIO-SHORT-2503.19923v2,q07,Name_x_Inst,-0.11999999999999997
text09-BIO-SHORT-2602.00019v1,q07,Name_x_Inst,0.06000000000000001
text10-BIO-SHORT-2506.13817v1,q07,Name_x_Inst,0.020000000000000018
text11-CS-SHORT-2506.09194v1,q07,Name_x_Inst,-0.07999999999999996
text12-CS-SHORT-2512.19717v1,q07,Name_x_Inst,0.0
text13-CS-SHORT-2510.04124v5,q07,Name_x_Inst,-2.2204460492503132e-17
text14-CS-SHORT-2509.13349v2,q07,Name_x_Inst,0.019999999999999973
text15-CS-SHORT-2602.03870v1,q07,Name_x_Inst,0.020000000000000018
text16-CS-SHORT-2509.06033v1,q07,Name_x_Inst,-0.1
text17-CS-SHORT-2509.16294v1,q07,Name_x_Inst,0.14
text18-CS-SHORT-2507.09492v1,q07,Name_x_Inst,0.019999999999999952
text19-CS-SHORT-2509.14600v1,q07,Name_x_Inst,0.12000000000000002
text20-CS-SHORT-2503.14899v1,q07,Name_x_Inst,-0.13999999999999999
text21-PHY-SHORT-2601.23079v1,q07,Name_x_Inst,-0.020000000000000018
text22-PHY-SHORT-2601.23047v1,q07,Name_x_Inst,0.07999999999999999
text23-PHY-SHORT-2601.23057v1,q07,Name_x_Inst,0.019999999999999973
text24-PHY-SHORT-2509.16741v1,q07,Name_x_Inst,-0.06000000000000003
text25-PHY-SHORT-2507.08042v1,q07,Name_x_Inst,-0.19999999999999998
text26-PHY-SHORT-2512.23538v1,q07,Name_x_Inst,-0.020000000000000018
text27-PHY-SHORT-2510.18500v1,q07,Name_x_Inst,-0.13999999999999996
text28-PHY-SHORT-2508.20431v1,q07,Name_x_Inst,-0.06000000000000003
text29-PHY-SHORT-2509.06825v1,q07,Name_x_Inst,0.16
text30-PHY-SHORT-2509.17653v2,q07,Name_x_Inst,-0.2
text31-MATH-SHORT-2511.03536v1,q07,Name_x_Inst,-0.06000000000000003
text32-MATH-SHORT-2603.02088v1,q07,Name_x_Inst,-0.02
text33-MATH-SHORT-2512.22134v3,q07,Name_x_Inst,0.12000000000000002
text34-MATH-SHORT-2509.00532v1,q07,Name_x_Inst,-0.1
text35-MATH-SHORT-2512.06844v1,q07,Name_x_Inst,0.52
text36-MATH-SHORT-2503.09380v2,q07,Name_x_Inst,0.10000000000000002
text37-MATH-SHORT-2510.26426v1,q07,Name_x_Inst,0.020000000000000018
text38-MATH-SHORT-2512.04101v1,q07,Name_x_Inst,-0.02
text39-MATH-SHORT-2506.11609v2,q07,Name_x_Inst,0.1
text40-MATH-SHORT-2507.15879v2,q07,Name_x_Inst,-0.1
text41-BIO-LONG-2512.06709v1,q07,Name_x_Inst,0.13999999999999999
text42-BIO-LONG-2503.07104v1,q07,Name_x_Inst,-0.21999999999999997
text43-BIO-LONG-2506.16577v1,q07,Name_x_Inst,-0.11999999999999997
text44-BIO-LONG-2505.20052v1,q07,Name_x_Inst,0.07999999999999999
text45-BIO-LONG-2507.17897v4,q07,Name_x_Inst,0.21999999999999997
text46-BIO-LONG-2505.05863v1,q07,Name_x_Inst,-1.6653345369377347e-17
text47-BIO-LONG-2505.21094v1,q07,Name_x_Inst,0.16
text48-BIO-LONG-2602.16750v1,q07,Name_x_Inst,-0.15999999999999998
text49-BIO-LONG-2511.10014v1,q07,Name_x_Inst,-0.019999999999999973
text50-BIO-LONG-2603.01054v1,q07,Name_x_Inst,0.05999999999999996
text51-CS-LONG-2602.11588v1,q07,Name_x_Inst,0.06000000000000001
text52-CS-LONG-2602.15675v1,q07,Name_x_Inst,0.0
text53-CS-LONG-2603.02012v1,q07,Name_x_Inst,-0.14000000000000004
text54-CS-LONG-2602.23006v1,q07,Name_x_Inst,0.10000000000000002
text55-CS-LONG-2602.21625v1,q07,Name_x_Inst,-0.019999999999999973
text56-CS-LONG-2602.13713v1,q07,Name_x_Inst,-0.16
text57-CS-LONG-2603.00079v1,q07,Name_x_Inst,-0.16
text58-CS-LONG-2603.01023v1,q07,Name_x_Inst,-0.06000000000000001
text59-CS-LONG-2602.19401v1,q07,Name_x_Inst,-0.1
text60-CS-LONG-2602.18518v1,q07,Name_x_Inst,0.0
text61-PHY-LONG-2602.03885v1,q07,Name_x_Inst,-0.04000000000000008
text62-PHY-LONG-2511.21971v1,q07,Name_x_Inst,-0.020000000000000018
text63-PHY-LONG-2512.18015v1,q07,Name_x_Inst,-0.020000000000000018
text64-PHY-LONG-2602.23683v1,q07,Name_x_Inst,-0.039999999999999994
text65-PHY-LONG-2601.13267v1,q07,Name_x_Inst,-0.13999999999999999
text66-PHY-LONG-2512.24566v1,q07,Name_x_Inst,0.07999999999999999
text67-PHY-LONG-2602.07636v2,q07,Name_x_Inst,-0.27999999999999997
text68-PHY-LONG-2512.18130v1,q07,Name_x_Inst,0.040000000000000015
text69-PHY-LONG-2602.17389v1,q07,Name_x_Inst,0.1
text70-PHY-LONG-2602.08188v1,q07,Name_x_Inst,-0.040000000000000015
text71-MATH-LONG-2511.12781v1,q07,Name_x_Inst,-0.08
text72-MATH-LONG-2602.06095v1,q07,Name_x_Inst,-0.03999999999999998
text73-MATH-LONG-2511.18101v1,q07,Name_x_Inst,0.22000000000000003
text74-MATH-LONG-2512.15978v1,q07,Name_x_Inst,-0.08
text75-MATH-LONG-2511.22140v1,q07,Name_x_Inst,0.0
text76-MATH-LONG-2602.20441v1,q07,Name_x_Inst,-0.039999999999999994
text77-MATH-LONG-2601.20851v2,q07,Name_x_Inst,0.040000000000000036
text78-MATH-LONG-2512.17595v1,q07,Name_x_Inst,0.08
text79-MATH-LONG-2512.10129v1,q07,Name_x_Inst,0.040000000000000015
text80-MATH-LONG-2512.10507v1,q07,Name_x_Inst,0.020000000000000018
text01-BIO-SHORT-2505.02276v1,q07,Name_x_Bibliometrics,-0.019999999999999997
text02-BIO-SHORT-2507.04575v1,q07,Name_x_Bibliometrics,-0.039999999999999994
text03-BIO-SHORT-2505.11568v3,q07,Name_x_Bibliometrics,-0.06000000000000001
text04-BIO-SHORT-2507.08385v1,q07,Name_x_Bibliometrics,-0.08000000000000003
text05-BIO-SHORT-2504.10973v1,q07,Name_x_Bibliometrics,0.13999999999999996
text06-BIO-SHORT-2506.14789v1,q07,Name_x_Bibliometrics,0.21999999999999997
text07-BIO-SHORT-2506.13576v3,q07,Name_x_Bibliometrics,0.13999999999999996
text08-BIO-SHORT-2503.19923v2,q07,Name_x_Bibliometrics,0.039999999999999994
text09-BIO-SHORT-2602.00019v1,q07,Name_x_Bibliometrics,-0.06000000000000001
text10-BIO-SHORT-2506.13817v1,q07,Name_x_Bibliometrics,-0.020000000000000018
text11-CS-SHORT-2506.09194v1,q07,Name_x_Bibliometrics,-0.039999999999999966
text12-CS-SHORT-2512.19717v1,q07,Name_x_Bibliometrics,0.0
text13-CS-SHORT-2510.04124v5,q07,Name_x_Bibliometrics,-0.040000000000000015
text14-CS-SHORT-2509.13349v2,q07,Name_x_Bibliometrics,-0.019999999999999973
text15-CS-SHORT-2602.03870v1,q07,Name_x_Bibliometrics,-0.020000000000000018
text16-CS-SHORT-2509.06033v1,q07,Name_x_Bibliometrics,-0.1
text17-CS-SHORT-2509.16294v1,q07,Name_x_Bibliometrics,0.059999999999999984
text18-CS-SHORT-2507.09492v1,q07,Name_x_Bibliometrics,-0.09999999999999995
text19-CS-SHORT-2509.14600v1,q07,Name_x_Bibliometrics,0.07999999999999999
text20-CS-SHORT-2503.14899v1,q07,Name_x_Bibliometrics,-0.06000000000000001
text21-PHY-SHORT-2601.23079v1,q07,Name_x_Bibliometrics,0.33999999999999997
text22-PHY-SHORT-2601.23047v1,q07,Name_x_Bibliometrics,0.15999999999999998
text23-PHY-SHORT-2601.23057v1,q07,Name_x_Bibliometrics,0.019999999999999973
text24-PHY-SHORT-2509.16741v1,q07,Name_x_Bibliometrics,-0.019999999999999997
text25-PHY-SHORT-2507.08042v1,q07,Name_x_Bibliometrics,-0.04
text26-PHY-SHORT-2512.23538v1,q07,Name_x_Bibliometrics,-0.05999999999999996
text27-PHY-SHORT-2510.18500v1,q07,Name_x_Bibliometrics,-0.019999999999999997
text28-PHY-SHORT-2508.20431v1,q07,Name_x_Bibliometrics,0.019999999999999952
text29-PHY-SHORT-2509.06825v1,q07,Name_x_Bibliometrics,-0.039999999999999994
text30-PHY-SHORT-2509.17653v2,q07,Name_x_Bibliometrics,0.08
text31-MATH-SHORT-2511.03536v1,q07,Name_x_Bibliometrics,0.3
text32-MATH-SHORT-2603.02088v1,q07,Name_x_Bibliometrics,-0.059999999999999984
text33-MATH-SHORT-2512.22134v3,q07,Name_x_Bibliometrics,-0.12000000000000002
text34-MATH-SHORT-2509.00532v1,q07,Name_x_Bibliometrics,-0.13999999999999999
text35-MATH-SHORT-2512.06844v1,q07,Name_x_Bibliometrics,0.19999999999999998
text36-MATH-SHORT-2503.09380v2,q07,Name_x_Bibliometrics,0.10000000000000002
text37-MATH-SHORT-2510.26426v1,q07,Name_x_Bibliometrics,0.019999999999999997
text38-MATH-SHORT-2512.04101v1,q07,Name_x_Bibliometrics,0.02
text39-MATH-SHORT-2506.11609v2,q07,Name_x_Bibliometrics,-0.1
text40-MATH-SHORT-2507.15879v2,q07,Name_x_Bibliometrics,-0.019999999999999973
text41-BIO-LONG-2512.06709v1,q07,Name_x_Bibliometrics,0.13999999999999999
text42-BIO-LONG-2503.07104v1,q07,Name_x_Bibliometrics,0.13999999999999999
text43-BIO-LONG-2506.16577v1,q07,Name_x_Bibliometrics,-0.11999999999999997
text44-BIO-LONG-2505.20052v1,q07,Name_x_Bibliometrics,0.16
text45-BIO-LONG-2507.17897v4,q07,Name_x_Bibliometrics,0.09999999999999995
text46-BIO-LONG-2505.05863v1,q07,Name_x_Bibliometrics,0.07999999999999996
text47-BIO-LONG-2505.21094v1,q07,Name_x_Bibliometrics,-0.11999999999999997
text48-BIO-LONG-2602.16750v1,q07,Name_x_Bibliometrics,-2.2204460492503132e-17
text49-BIO-LONG-2511.10014v1,q07,Name_x_Bibliometrics,-0.10000000000000005
text50-BIO-LONG-2603.01054v1,q07,Name_x_Bibliometrics,-0.3
text51-CS-LONG-2602.11588v1,q07,Name_x_Bibliometrics,0.06000000000000001
text52-CS-LONG-2602.15675v1,q07,Name_x_Bibliometrics,0.0
text53-CS-LONG-2603.02012v1,q07,Name_x_Bibliometrics,-0.09999999999999995
text54-CS-LONG-2602.23006v1,q07,Name_x_Bibliometrics,-0.09999999999999998
text55-CS-LONG-2602.21625v1,q07,Name_x_Bibliometrics,-0.09999999999999995
text56-CS-LONG-2602.13713v1,q07,Name_x_Bibliometrics,0.11999999999999997
text57-CS-LONG-2603.00079v1,q07,Name_x_Bibliometrics,-0.07999999999999999
text58-CS-LONG-2603.01023v1,q07,Name_x_Bibliometrics,0.10000000000000005
text59-CS-LONG-2602.19401v1,q07,Name_x_Bibliometrics,-0.1
text60-CS-LONG-2602.18518v1,q07,Name_x_Bibliometrics,0.0
text61-PHY-LONG-2602.03885v1,q07,Name_x_Bibliometrics,-0.07999999999999999
text62-PHY-LONG-2511.21971v1,q07,Name_x_Bibliometrics,0.13999999999999996
text63-PHY-LONG-2512.18015v1,q07,Name_x_Bibliometrics,-0.020000000000000018
text64-PHY-LONG-2602.23683v1,q07,Name_x_Bibliometrics,0.11999999999999997
text65-PHY-LONG-2601.13267v1,q07,Name_x_Bibliometrics,0.13999999999999999
text66-PHY-LONG-2512.24566v1,q07,Name_x_Bibliometrics,-0.07999999999999999
text67-PHY-LONG-2602.07636v2,q07,Name_x_Bibliometrics,0.07999999999999999
text68-PHY-LONG-2512.18130v1,q07,Name_x_Bibliometrics,-0.15999999999999995
text69-PHY-LONG-2602.17389v1,q07,Name_x_Bibliometrics,0.14000000000000004
text70-PHY-LONG-2602.08188v1,q07,Name_x_Bibliometrics,-0.08
text71-MATH-LONG-2511.12781v1,q07,Name_x_Bibliometrics,-0.08
text72-MATH-LONG-2602.06095v1,q07,Name_x_Bibliometrics,0.07999999999999999
text73-MATH-LONG-2511.18101v1,q07,Name_x_Bibliometrics,-0.020000000000000018
text74-MATH-LONG-2512.15978v1,q07,Name_x_Bibliometrics,-0.23999999999999994
text75-MATH-LONG-2511.22140v1,q07,Name_x_Bibliometrics,0.0
text76-MATH-LONG-2602.20441v1,q07,Name_x_Bibliometrics,0.0
text77-MATH-LONG-2601.20851v2,q07,Name_x_Bibliometrics,0.2
text78-MATH-LONG-2512.17595v1,q07,Name_x_Bibliometrics,0.08
text79-MATH-LONG-2512.10129v1,q07,Name_x_Bibliometrics,0.040000000000000015
text80-MATH-LONG-2512.10507v1,q07,Name_x_Bibliometrics,0.06000000000000005
text01-BIO-SHORT-2505.02276v1,q07,Inst_x_Bibliometrics,0.13999999999999996
text02-BIO-SHORT-2507.04575v1,q07,Inst_x_Bibliometrics,0.07999999999999999
text03-BIO-SHORT-2505.11568v3,q07,Inst_x_Bibliometrics,-0.020000000000000063
text04-BIO-SHORT-2507.08385v1,q07,Inst_x_Bibliometrics,-0.32
text05-BIO-SHORT-2504.10973v1,q07,Inst_x_Bibliometrics,-0.02000000000000004
text06-BIO-SHORT-2506.14789v1,q07,Inst_x_Bibliometrics,-0.13999999999999999
text07-BIO-SHORT-2506.13576v3,q07,Inst_x_Bibliometrics,0.019999999999999997
text08-BIO-SHORT-2503.19923v2,q07,Inst_x_Bibliometrics,0.07999999999999993
text09-BIO-SHORT-2602.00019v1,q07,Inst_x_Bibliometrics,0.1
text10-BIO-SHORT-2506.13817v1,q07,Inst_x_Bibliometrics,-0.18
text11-CS-SHORT-2506.09194v1,q07,Inst_x_Bibliometrics,0.12000000000000004
text12-CS-SHORT-2512.19717v1,q07,Inst_x_Bibliometrics,0.0
text13-CS-SHORT-2510.04124v5,q07,Inst_x_Bibliometrics,0.040000000000000015
text14-CS-SHORT-2509.13349v2,q07,Inst_x_Bibliometrics,-0.13999999999999999
text15-CS-SHORT-2602.03870v1,q07,Inst_x_Bibliometrics,-0.020000000000000018
text16-CS-SHORT-2509.06033v1,q07,Inst_x_Bibliometrics,-0.05999999999999996
text17-CS-SHORT-2509.16294v1,q07,Inst_x_Bibliometrics,-0.059999999999999984
text18-CS-SHORT-2507.09492v1,q07,Inst_x_Bibliometrics,-0.05999999999999996
text19-CS-SHORT-2509.14600v1,q07,Inst_x_Bibliometrics,0.07999999999999999
text20-CS-SHORT-2503.14899v1,q07,Inst_x_Bibliometrics,-0.020000000000000018
text21-PHY-SHORT-2601.23079v1,q07,Inst_x_Bibliometrics,0.33999999999999997
text22-PHY-SHORT-2601.23047v1,q07,Inst_x_Bibliometrics,0.07999999999999999
text23-PHY-SHORT-2601.23057v1,q07,Inst_x_Bibliometrics,-0.020000000000000018
text24-PHY-SHORT-2509.16741v1,q07,Inst_x_Bibliometrics,0.14
text25-PHY-SHORT-2507.08042v1,q07,Inst_x_Bibliometrics,-0.48
text26-PHY-SHORT-2512.23538v1,q07,Inst_x_Bibliometrics,0.1
text27-PHY-SHORT-2510.18500v1,q07,Inst_x_Bibliometrics,0.019999999999999997
text28-PHY-SHORT-2508.20431v1,q07,Inst_x_Bibliometrics,-0.019999999999999997
text29-PHY-SHORT-2509.06825v1,q07,Inst_x_Bibliometrics,4.4408920985006264e-17
text30-PHY-SHORT-2509.17653v2,q07,Inst_x_Bibliometrics,0.27999999999999997
text31-MATH-SHORT-2511.03536v1,q07,Inst_x_Bibliometrics,0.34
text32-MATH-SHORT-2603.02088v1,q07,Inst_x_Bibliometrics,0.3
text33-MATH-SHORT-2512.22134v3,q07,Inst_x_Bibliometrics,-0.07999999999999999
text34-MATH-SHORT-2509.00532v1,q07,Inst_x_Bibliometrics,0.06000000000000001
text35-MATH-SHORT-2512.06844v1,q07,Inst_x_Bibliometrics,-0.4
text36-MATH-SHORT-2503.09380v2,q07,Inst_x_Bibliometrics,-0.019999999999999997
text37-MATH-SHORT-2510.26426v1,q07,Inst_x_Bibliometrics,-0.1
text38-MATH-SHORT-2512.04101v1,q07,Inst_x_Bibliometrics,-0.02
text39-MATH-SHORT-2506.11609v2,q07,Inst_x_Bibliometrics,0.1
text40-MATH-SHORT-2507.15879v2,q07,Inst_x_Bibliometrics,-0.019999999999999973
text41-BIO-LONG-2512.06709v1,q07,Inst_x_Bibliometrics,-0.13999999999999999
text42-BIO-LONG-2503.07104v1,q07,Inst_x_Bibliometrics,-0.13999999999999999
text43-BIO-LONG-2506.16577v1,q07,Inst_x_Bibliometrics,0.039999999999999994
text44-BIO-LONG-2505.20052v1,q07,Inst_x_Bibliometrics,-0.07999999999999999
text45-BIO-LONG-2507.17897v4,q07,Inst_x_Bibliometrics,-0.019999999999999973
text46-BIO-LONG-2505.05863v1,q07,Inst_x_Bibliometrics,0.12000000000000008
text47-BIO-LONG-2505.21094v1,q07,Inst_x_Bibliometrics,0.08000000000000003
text48-BIO-LONG-2602.16750v1,q07,Inst_x_Bibliometrics,0.040000000000000015
text49-BIO-LONG-2511.10014v1,q07,Inst_x_Bibliometrics,0.09999999999999995
text50-BIO-LONG-2603.01054v1,q07,Inst_x_Bibliometrics,0.05999999999999996
text51-CS-LONG-2602.11588v1,q07,Inst_x_Bibliometrics,0.06000000000000001
text52-CS-LONG-2602.15675v1,q07,Inst_x_Bibliometrics,0.0
text53-CS-LONG-2603.02012v1,q07,Inst_x_Bibliometrics,0.019999999999999973
text54-CS-LONG-2602.23006v1,q07,Inst_x_Bibliometrics,-0.18
text55-CS-LONG-2602.21625v1,q07,Inst_x_Bibliometrics,0.06000000000000001
text56-CS-LONG-2602.13713v1,q07,Inst_x_Bibliometrics,0.24
text57-CS-LONG-2603.00079v1,q07,Inst_x_Bibliometrics,-0.040000000000000036
text58-CS-LONG-2603.01023v1,q07,Inst_x_Bibliometrics,-0.09999999999999995
text59-CS-LONG-2602.19401v1,q07,Inst_x_Bibliometrics,-0.1
text60-CS-LONG-2602.18518v1,q07,Inst_x_Bibliometrics,0.0
text61-PHY-LONG-2602.03885v1,q07,Inst_x_Bibliometrics,-0.12000000000000002
text62-PHY-LONG-2511.21971v1,q07,Inst_x_Bibliometrics,0.020000000000000018
text63-PHY-LONG-2512.18015v1,q07,Inst_x_Bibliometrics,-0.020000000000000018
text64-PHY-LONG-2602.23683v1,q07,Inst_x_Bibliometrics,-0.08000000000000003
text65-PHY-LONG-2601.13267v1,q07,Inst_x_Bibliometrics,-0.13999999999999999
text66-PHY-LONG-2512.24566v1,q07,Inst_x_Bibliometrics,0.07999999999999999
text67-PHY-LONG-2602.07636v2,q07,Inst_x_Bibliometrics,0.040000000000000056
text68-PHY-LONG-2512.18130v1,q07,Inst_x_Bibliometrics,-0.15999999999999995
text69-PHY-LONG-2602.17389v1,q07,Inst_x_Bibliometrics,-0.1
text70-PHY-LONG-2602.08188v1,q07,Inst_x_Bibliometrics,-0.24000000000000005
text71-MATH-LONG-2511.12781v1,q07,Inst_x_Bibliometrics,0.040000000000000015
text72-MATH-LONG-2602.06095v1,q07,Inst_x_Bibliometrics,1.1102230246251566e-17
text73-MATH-LONG-2511.18101v1,q07,Inst_x_Bibliometrics,0.13999999999999999
text74-MATH-LONG-2512.15978v1,q07,Inst_x_Bibliometrics,-0.08
text75-MATH-LONG-2511.22140v1,q07,Inst_x_Bibliometrics,0.0
text76-MATH-LONG-2602.20441v1,q07,Inst_x_Bibliometrics,-0.08000000000000003
text77-MATH-LONG-2601.20851v2,q07,Inst_x_Bibliometrics,-0.07999999999999999
text78-MATH-LONG-2512.17595v1,q07,Inst_x_Bibliometrics,-0.15999999999999998
text79-MATH-LONG-2512.10129v1,q07,Inst_x_Bibliometrics,0.040000000000000015
text80-MATH-LONG-2512.10507v1,q07,Inst_x_Bibliometrics,-0.18
text01-BIO-SHORT-2505.02276v1,q08,BF_minus_WM,0.1
text02-BIO-SHORT-2507.04575v1,q08,BF_minus_WM,-0.07
text03-BIO-SHORT-2505.11568v3,q08,BF_minus_WM,-0.07999999999999999
text04-BIO-SHORT-2507.08385v1,q08,BF_minus_WM,0.06999999999999999
text05-BIO-SHORT-2504.10973v1,q08,BF_minus_WM,-0.09
text06-BIO-SHORT-2506.14789v1,q08,BF_minus_WM,-0.039999999999999994
text07-BIO-SHORT-2506.13576v3,q08,BF_minus_WM,0.030000000000000027
text08-BIO-SHORT-2503.19923v2,q08,BF_minus_WM,0.05000000000000001
text09-BIO-SHORT-2602.00019v1,q08,BF_minus_WM,-0.020000000000000018
text10-BIO-SHORT-2506.13817v1,q08,BF_minus_WM,0.0
text11-CS-SHORT-2506.09194v1,q08,BF_minus_WM,0.04
text12-CS-SHORT-2512.19717v1,q08,BF_minus_WM,-0.05
text13-CS-SHORT-2510.04124v5,q08,BF_minus_WM,0.010000000000000009
text14-CS-SHORT-2509.13349v2,q08,BF_minus_WM,0.050000000000000024
text15-CS-SHORT-2602.03870v1,q08,BF_minus_WM,0.0
text16-CS-SHORT-2509.06033v1,q08,BF_minus_WM,0.009999999999999998
text17-CS-SHORT-2509.16294v1,q08,BF_minus_WM,-0.05
text18-CS-SHORT-2507.09492v1,q08,BF_minus_WM,0.07
text19-CS-SHORT-2509.14600v1,q08,BF_minus_WM,-0.03
text20-CS-SHORT-2503.14899v1,q08,BF_minus_WM,0.0
text21-PHY-SHORT-2601.23079v1,q08,BF_minus_WM,-0.049999999999999975
text22-PHY-SHORT-2601.23047v1,q08,BF_minus_WM,0.030000000000000006
text23-PHY-SHORT-2601.23057v1,q08,BF_minus_WM,0.06
text24-PHY-SHORT-2509.16741v1,q08,BF_minus_WM,-0.009999999999999998
text25-PHY-SHORT-2507.08042v1,q08,BF_minus_WM,0.19
text26-PHY-SHORT-2512.23538v1,q08,BF_minus_WM,0.06
text27-PHY-SHORT-2510.18500v1,q08,BF_minus_WM,0.05
text28-PHY-SHORT-2508.20431v1,q08,BF_minus_WM,0.030000000000000006
text29-PHY-SHORT-2509.06825v1,q08,BF_minus_WM,0.01
text30-PHY-SHORT-2509.17653v2,q08,BF_minus_WM,0.09999999999999998
text31-MATH-SHORT-2511.03536v1,q08,BF_minus_WM,0.030000000000000016
text32-MATH-SHORT-2603.02088v1,q08,BF_minus_WM,0.0
text33-MATH-SHORT-2512.22134v3,q08,BF_minus_WM,-0.020000000000000007
text34-MATH-SHORT-2509.00532v1,q08,BF_minus_WM,-0.09000000000000001
text35-MATH-SHORT-2512.06844v1,q08,BF_minus_WM,0.040000000000000015
text36-MATH-SHORT-2503.09380v2,q08,BF_minus_WM,-0.039999999999999994
text37-MATH-SHORT-2510.26426v1,q08,BF_minus_WM,-0.02999999999999997
text38-MATH-SHORT-2512.04101v1,q08,BF_minus_WM,-0.02999999999999999
text39-MATH-SHORT-2506.11609v2,q08,BF_minus_WM,-0.06999999999999998
text40-MATH-SHORT-2507.15879v2,q08,BF_minus_WM,1.1102230246251566e-17
text41-BIO-LONG-2512.06709v1,q08,BF_minus_WM,0.02000000000000004
text42-BIO-LONG-2503.07104v1,q08,BF_minus_WM,0.010000000000000009
text43-BIO-LONG-2506.16577v1,q08,BF_minus_WM,0.040000000000000015
text44-BIO-LONG-2505.20052v1,q08,BF_minus_WM,0.15000000000000002
text45-BIO-LONG-2507.17897v4,q08,BF_minus_WM,0.019999999999999997
text46-BIO-LONG-2505.05863v1,q08,BF_minus_WM,-0.04
text47-BIO-LONG-2505.21094v1,q08,BF_minus_WM,-2.7755575615628915e-18
text48-BIO-LONG-2602.16750v1,q08,BF_minus_WM,-3.3306690738754695e-17
text49-BIO-LONG-2511.10014v1,q08,BF_minus_WM,-1.1102230246251566e-17
text50-BIO-LONG-2603.01054v1,q08,BF_minus_WM,-0.039999999999999994
text51-CS-LONG-2602.11588v1,q08,BF_minus_WM,0.04
text52-CS-LONG-2602.15675v1,q08,BF_minus_WM,-0.04
text53-CS-LONG-2603.02012v1,q08,BF_minus_WM,0.049999999999999975
text54-CS-LONG-2602.23006v1,q08,BF_minus_WM,-1.1102230246251566e-17
text55-CS-LONG-2602.21625v1,q08,BF_minus_WM,0.0
text56-CS-LONG-2602.13713v1,q08,BF_minus_WM,0.030000000000000006
text57-CS-LONG-2603.00079v1,q08,BF_minus_WM,0.07000000000000002
text58-CS-LONG-2603.01023v1,q08,BF_minus_WM,0.06000000000000001
text59-CS-LONG-2602.19401v1,q08,BF_minus_WM,0.059999999999999984
text60-CS-LONG-2602.18518v1,q08,BF_minus_WM,0.06000000000000001
text61-PHY-LONG-2602.03885v1,q08,BF_minus_WM,0.019999999999999997
text62-PHY-LONG-2511.21971v1,q08,BF_minus_WM,-0.030000000000000006
text63-PHY-LONG-2512.18015v1,q08,BF_minus_WM,0.1
text64-PHY-LONG-2602.23683v1,q08,BF_minus_WM,0.009999999999999986
text65-PHY-LONG-2601.13267v1,q08,BF_minus_WM,0.029999999999999992
text66-PHY-LONG-2512.24566v1,q08,BF_minus_WM,-0.049999999999999975
text67-PHY-LONG-2602.07636v2,q08,BF_minus_WM,0.0
text68-PHY-LONG-2512.18130v1,q08,BF_minus_WM,0.009999999999999976
text69-PHY-LONG-2602.17389v1,q08,BF_minus_WM,0.04999999999999999
text70-PHY-LONG-2602.08188v1,q08,BF_minus_WM,-0.030000000000000006
text71-MATH-LONG-2511.12781v1,q08,BF_minus_WM,-0.040000000000000015
text72-MATH-LONG-2602.06095v1,q08,BF_minus_WM,0.039999999999999994
text73-MATH-LONG-2511.18101v1,q08,BF_minus_WM,0.039999999999999994
text74-MATH-LONG-2512.15978v1,q08,BF_minus_WM,0.14999999999999997
text75-MATH-LONG-2511.22140v1,q08,BF_minus_WM,0.09999999999999998
text76-MATH-LONG-2602.20441v1,q08,BF_minus_WM,0.0
text77-MATH-LONG-2601.20851v2,q08,BF_minus_WM,-0.2
text78-MATH-LONG-2512.17595v1,q08,BF_minus_WM,0.09999999999999998
text79-MATH-LONG-2512.10129v1,q08,BF_minus_WM,0.019999999999999997
text80-MATH-LONG-2512.10507v1,q08,BF_minus_WM,-0.020000000000000018
text01-BIO-SHORT-2505.02276v1,q08,HI_minus_LI,0.04
text02-BIO-SHORT-2507.04575v1,q08,HI_minus_LI,0.25
text03-BIO-SHORT-2505.11568v3,q08,HI_minus_LI,0.1
text04-BIO-SHORT-2507.08385v1,q08,HI_minus_LI,0.35
text05-BIO-SHORT-2504.10973v1,q08,HI_minus_LI,0.16999999999999998
text06-BIO-SHORT-2506.14789v1,q08,HI_minus_LI,0.040000000000000036
text07-BIO-SHORT-2506.13576v3,q08,HI_minus_LI,0.15
text08-BIO-SHORT-2503.19923v2,q08,HI_minus_LI,0.029999999999999992
text09-BIO-SHORT-2602.00019v1,q08,HI_minus_LI,0.08000000000000003
text10-BIO-SHORT-2506.13817v1,q08,HI_minus_LI,0.4
text11-CS-SHORT-2506.09194v1,q08,HI_minus_LI,-0.020000000000000007
text12-CS-SHORT-2512.19717v1,q08,HI_minus_LI,0.29
text13-CS-SHORT-2510.04124v5,q08,HI_minus_LI,0.13
text14-CS-SHORT-2509.13349v2,q08,HI_minus_LI,0.06999999999999999
text15-CS-SHORT-2602.03870v1,q08,HI_minus_LI,0.1
text16-CS-SHORT-2509.06033v1,q08,HI_minus_LI,-0.009999999999999998
text17-CS-SHORT-2509.16294v1,q08,HI_minus_LI,-0.06999999999999998
text18-CS-SHORT-2507.09492v1,q08,HI_minus_LI,0.20999999999999996
text19-CS-SHORT-2509.14600v1,q08,HI_minus_LI,0.41
text20-CS-SHORT-2503.14899v1,q08,HI_minus_LI,0.0
text21-PHY-SHORT-2601.23079v1,q08,HI_minus_LI,0.09000000000000001
text22-PHY-SHORT-2601.23047v1,q08,HI_minus_LI,0.030000000000000006
text23-PHY-SHORT-2601.23057v1,q08,HI_minus_LI,0.13999999999999999
text24-PHY-SHORT-2509.16741v1,q08,HI_minus_LI,0.009999999999999998
text25-PHY-SHORT-2507.08042v1,q08,HI_minus_LI,0.32999999999999996
text26-PHY-SHORT-2512.23538v1,q08,HI_minus_LI,0.13999999999999999
text27-PHY-SHORT-2510.18500v1,q08,HI_minus_LI,0.13
text28-PHY-SHORT-2508.20431v1,q08,HI_minus_LI,0.19
text29-PHY-SHORT-2509.06825v1,q08,HI_minus_LI,-0.01
text30-PHY-SHORT-2509.17653v2,q08,HI_minus_LI,0.27999999999999997
text31-MATH-SHORT-2511.03536v1,q08,HI_minus_LI,0.27
text32-MATH-SHORT-2603.02088v1,q08,HI_minus_LI,0.12000000000000002
text33-MATH-SHORT-2512.22134v3,q08,HI_minus_LI,0.14000000000000004
text34-MATH-SHORT-2509.00532v1,q08,HI_minus_LI,0.13
text35-MATH-SHORT-2512.06844v1,q08,HI_minus_LI,0.12
text36-MATH-SHORT-2503.09380v2,q08,HI_minus_LI,0.12
text37-MATH-SHORT-2510.26426v1,q08,HI_minus_LI,0.12999999999999998
text38-MATH-SHORT-2512.04101v1,q08,HI_minus_LI,0.16999999999999998
text39-MATH-SHORT-2506.11609v2,q08,HI_minus_LI,0.010000000000000009
text40-MATH-SHORT-2507.15879v2,q08,HI_minus_LI,0.07999999999999999
text41-BIO-LONG-2512.06709v1,q08,HI_minus_LI,0.18
text42-BIO-LONG-2503.07104v1,q08,HI_minus_LI,0.07000000000000002
text43-BIO-LONG-2506.16577v1,q08,HI_minus_LI,0.18
text44-BIO-LONG-2505.20052v1,q08,HI_minus_LI,0.05
text45-BIO-LONG-2507.17897v4,q08,HI_minus_LI,0.08
text46-BIO-LONG-2505.05863v1,q08,HI_minus_LI,-0.07999999999999999
text47-BIO-LONG-2505.21094v1,q08,HI_minus_LI,0.08
text48-BIO-LONG-2602.16750v1,q08,HI_minus_LI,0.18000000000000002
text49-BIO-LONG-2511.10014v1,q08,HI_minus_LI,0.12000000000000002
text50-BIO-LONG-2603.01054v1,q08,HI_minus_LI,0.040000000000000015
text51-CS-LONG-2602.11588v1,q08,HI_minus_LI,0.04
text52-CS-LONG-2602.15675v1,q08,HI_minus_LI,0.31999999999999995
text53-CS-LONG-2603.02012v1,q08,HI_minus_LI,0.16999999999999998
text54-CS-LONG-2602.23006v1,q08,HI_minus_LI,0.18
text55-CS-LONG-2602.21625v1,q08,HI_minus_LI,0.08000000000000003
text56-CS-LONG-2602.13713v1,q08,HI_minus_LI,0.30999999999999994
text57-CS-LONG-2603.00079v1,q08,HI_minus_LI,-0.009999999999999992
text58-CS-LONG-2603.01023v1,q08,HI_minus_LI,0.13999999999999999
text59-CS-LONG-2602.19401v1,q08,HI_minus_LI,-0.019999999999999997
text60-CS-LONG-2602.18518v1,q08,HI_minus_LI,0.06000000000000001
text61-PHY-LONG-2602.03885v1,q08,HI_minus_LI,2.2204460492503132e-17
text62-PHY-LONG-2511.21971v1,q08,HI_minus_LI,0.22999999999999998
text63-PHY-LONG-2512.18015v1,q08,HI_minus_LI,0.12
text64-PHY-LONG-2602.23683v1,q08,HI_minus_LI,0.030000000000000006
text65-PHY-LONG-2601.13267v1,q08,HI_minus_LI,0.21000000000000002
text66-PHY-LONG-2512.24566v1,q08,HI_minus_LI,0.18999999999999997
text67-PHY-LONG-2602.07636v2,q08,HI_minus_LI,0.15999999999999998
text68-PHY-LONG-2512.18130v1,q08,HI_minus_LI,0.15
text69-PHY-LONG-2602.17389v1,q08,HI_minus_LI,-0.11000000000000001
text70-PHY-LONG-2602.08188v1,q08,HI_minus_LI,0.15
text71-MATH-LONG-2511.12781v1,q08,HI_minus_LI,0.019999999999999997
text72-MATH-LONG-2602.06095v1,q08,HI_minus_LI,0.11999999999999997
text73-MATH-LONG-2511.18101v1,q08,HI_minus_LI,0.019999999999999973
text74-MATH-LONG-2512.15978v1,q08,HI_minus_LI,0.16999999999999998
text75-MATH-LONG-2511.22140v1,q08,HI_minus_LI,0.18
text76-MATH-LONG-2602.20441v1,q08,HI_minus_LI,0.1
text77-MATH-LONG-2601.20851v2,q08,HI_minus_LI,0.2
text78-MATH-LONG-2512.17595v1,q08,HI_minus_LI,-0.019999999999999997
text79-MATH-LONG-2512.10129v1,q08,HI_minus_LI,0.059999999999999984
text80-MATH-LONG-2512.10507v1,q08,HI_minus_LI,0.09999999999999998
text01-BIO-SHORT-2505.02276v1,q08,HP_minus_LP,0.2
text02-BIO-SHORT-2507.04575v1,q08,HP_minus_LP,0.13
text03-BIO-SHORT-2505.11568v3,q08,HP_minus_LP,0.15999999999999998
text04-BIO-SHORT-2507.08385v1,q08,HP_minus_LP,0.11000000000000001
text05-BIO-SHORT-2504.10973v1,q08,HP_minus_LP,0.39
text06-BIO-SHORT-2506.14789v1,q08,HP_minus_LP,0.0
text07-BIO-SHORT-2506.13576v3,q08,HP_minus_LP,0.17
text08-BIO-SHORT-2503.19923v2,q08,HP_minus_LP,0.010000000000000009
text09-BIO-SHORT-2602.00019v1,q08,HP_minus_LP,0.07999999999999999
text10-BIO-SHORT-2506.13817v1,q08,HP_minus_LP,0.2
text11-CS-SHORT-2506.09194v1,q08,HP_minus_LP,0.1
text12-CS-SHORT-2512.19717v1,q08,HP_minus_LP,0.2899999999999999
text13-CS-SHORT-2510.04124v5,q08,HP_minus_LP,0.32999999999999996
text14-CS-SHORT-2509.13349v2,q08,HP_minus_LP,0.20999999999999996
text15-CS-SHORT-2602.03870v1,q08,HP_minus_LP,0.020000000000000018
text16-CS-SHORT-2509.06033v1,q08,HP_minus_LP,0.009999999999999998
text17-CS-SHORT-2509.16294v1,q08,HP_minus_LP,-0.010000000000000004
text18-CS-SHORT-2507.09492v1,q08,HP_minus_LP,0.11000000000000001
text19-CS-SHORT-2509.14600v1,q08,HP_minus_LP,0.35
text20-CS-SHORT-2503.14899v1,q08,HP_minus_LP,0.0
text21-PHY-SHORT-2601.23079v1,q08,HP_minus_LP,0.31
text22-PHY-SHORT-2601.23047v1,q08,HP_minus_LP,0.16999999999999998
text23-PHY-SHORT-2601.23057v1,q08,HP_minus_LP,0.08
text24-PHY-SHORT-2509.16741v1,q08,HP_minus_LP,0.029999999999999992
text25-PHY-SHORT-2507.08042v1,q08,HP_minus_LP,0.07000000000000002
text26-PHY-SHORT-2512.23538v1,q08,HP_minus_LP,0.09999999999999999
text27-PHY-SHORT-2510.18500v1,q08,HP_minus_LP,0.22999999999999998
text28-PHY-SHORT-2508.20431v1,q08,HP_minus_LP,0.25
text29-PHY-SHORT-2509.06825v1,q08,HP_minus_LP,0.030000000000000006
text30-PHY-SHORT-2509.17653v2,q08,HP_minus_LP,0.24000000000000005
text31-MATH-SHORT-2511.03536v1,q08,HP_minus_LP,0.19
text32-MATH-SHORT-2603.02088v1,q08,HP_minus_LP,0.27999999999999997
text33-MATH-SHORT-2512.22134v3,q08,HP_minus_LP,0.25999999999999995
text34-MATH-SHORT-2509.00532v1,q08,HP_minus_LP,0.13
text35-MATH-SHORT-2512.06844v1,q08,HP_minus_LP,0.14
text36-MATH-SHORT-2503.09380v2,q08,HP_minus_LP,0.12
text37-MATH-SHORT-2510.26426v1,q08,HP_minus_LP,0.25
text38-MATH-SHORT-2512.04101v1,q08,HP_minus_LP,0.11000000000000001
text39-MATH-SHORT-2506.11609v2,q08,HP_minus_LP,0.11000000000000001
text40-MATH-SHORT-2507.15879v2,q08,HP_minus_LP,0.12000000000000002
text41-BIO-LONG-2512.06709v1,q08,HP_minus_LP,0.25999999999999995
text42-BIO-LONG-2503.07104v1,q08,HP_minus_LP,0.22999999999999998
text43-BIO-LONG-2506.16577v1,q08,HP_minus_LP,0.27999999999999997
text44-BIO-LONG-2505.20052v1,q08,HP_minus_LP,0.14999999999999997
text45-BIO-LONG-2507.17897v4,q08,HP_minus_LP,0.020000000000000018
text46-BIO-LONG-2505.05863v1,q08,HP_minus_LP,0.07999999999999997
text47-BIO-LONG-2505.21094v1,q08,HP_minus_LP,0.1
text48-BIO-LONG-2602.16750v1,q08,HP_minus_LP,0.11999999999999997
text49-BIO-LONG-2511.10014v1,q08,HP_minus_LP,0.12000000000000002
text50-BIO-LONG-2603.01054v1,q08,HP_minus_LP,0.22000000000000003
text51-CS-LONG-2602.11588v1,q08,HP_minus_LP,-0.06
text52-CS-LONG-2602.15675v1,q08,HP_minus_LP,0.16
text53-CS-LONG-2603.02012v1,q08,HP_minus_LP,0.27
text54-CS-LONG-2602.23006v1,q08,HP_minus_LP,0.12000000000000002
text55-CS-LONG-2602.21625v1,q08,HP_minus_LP,0.1
text56-CS-LONG-2602.13713v1,q08,HP_minus_LP,0.22999999999999998
text57-CS-LONG-2603.00079v1,q08,HP_minus_LP,0.13
text58-CS-LONG-2603.01023v1,q08,HP_minus_LP,0.13999999999999999
text59-CS-LONG-2602.19401v1,q08,HP_minus_LP,0.15999999999999998
text60-CS-LONG-2602.18518v1,q08,HP_minus_LP,0.039999999999999994
text61-PHY-LONG-2602.03885v1,q08,HP_minus_LP,0.09999999999999998
text62-PHY-LONG-2511.21971v1,q08,HP_minus_LP,0.29000000000000004
text63-PHY-LONG-2512.18015v1,q08,HP_minus_LP,0.27999999999999997
text64-PHY-LONG-2602.23683v1,q08,HP_minus_LP,0.09000000000000001
text65-PHY-LONG-2601.13267v1,q08,HP_minus_LP,0.09
text66-PHY-LONG-2512.24566v1,q08,HP_minus_LP,0.20999999999999996
text67-PHY-LONG-2602.07636v2,q08,HP_minus_LP,-2.2204460492503132e-17
text68-PHY-LONG-2512.18130v1,q08,HP_minus_LP,0.41
text69-PHY-LONG-2602.17389v1,q08,HP_minus_LP,0.15000000000000005
text70-PHY-LONG-2602.08188v1,q08,HP_minus_LP,0.19
text71-MATH-LONG-2511.12781v1,q08,HP_minus_LP,2.2204460492503132e-17
text72-MATH-LONG-2602.06095v1,q08,HP_minus_LP,0.09999999999999998
text73-MATH-LONG-2511.18101v1,q08,HP_minus_LP,0.039999999999999994
text74-MATH-LONG-2512.15978v1,q08,HP_minus_LP,0.05000000000000001
text75-MATH-LONG-2511.22140v1,q08,HP_minus_LP,0.0
text76-MATH-LONG-2602.20441v1,q08,HP_minus_LP,0.1
text77-MATH-LONG-2601.20851v2,q08,HP_minus_LP,0.1
text78-MATH-LONG-2512.17595v1,q08,HP_minus_LP,0.09999999999999998
text79-MATH-LONG-2512.10129v1,q08,HP_minus_LP,0.08
text80-MATH-LONG-2512.10507v1,q08,HP_minus_LP,0.10000000000000002
text01-BIO-SHORT-2505.02276v1,q08,Name_x_Inst,0.07999999999999999
text02-BIO-SHORT-2507.04575v1,q08,Name_x_Inst,-0.26
text03-BIO-SHORT-2505.11568v3,q08,Name_x_Inst,-0.12000000000000004
text04-BIO-SHORT-2507.08385v1,q08,Name_x_Inst,-0.13999999999999999
text05-BIO-SHORT-2504.10973v1,q08,Name_x_Inst,0.020000000000000018
text06-BIO-SHORT-2506.14789v1,q08,Name_x_Inst,-0.07999999999999999
text07-BIO-SHORT-2506.13576v3,q08,Name_x_Inst,0.05999999999999996
text08-BIO-SHORT-2503.19923v2,q08,Name_x_Inst,-0.019999999999999952
text09-BIO-SHORT-2602.00019v1,q08,Name_x_Inst,0.039999999999999945
text10-BIO-SHORT-2506.13817v1,q08,Name_x_Inst,0.0
text11-CS-SHORT-2506.09194v1,q08,Name_x_Inst,0.040000000000000015
text12-CS-SHORT-2512.19717v1,q08,Name_x_Inst,-0.13999999999999999
text13-CS-SHORT-2510.04124v5,q08,Name_x_Inst,-0.09999999999999995
text14-CS-SHORT-2509.13349v2,q08,Name_x_Inst,-0.18000000000000002
text15-CS-SHORT-2602.03870v1,q08,Name_x_Inst,0.0
text16-CS-SHORT-2509.06033v1,q08,Name_x_Inst,0.019999999999999997
text17-CS-SHORT-2509.16294v1,q08,Name_x_Inst,0.06000000000000002
text18-CS-SHORT-2507.09492v1,q08,Name_x_Inst,-0.059999999999999984
text19-CS-SHORT-2509.14600v1,q08,Name_x_Inst,-0.020000000000000007
text20-CS-SHORT-2503.14899v1,q08,Name_x_Inst,0.0
text21-PHY-SHORT-2601.23079v1,q08,Name_x_Inst,0.18
text22-PHY-SHORT-2601.23047v1,q08,Name_x_Inst,-0.06000000000000001
text23-PHY-SHORT-2601.23057v1,q08,Name_x_Inst,0.2
text24-PHY-SHORT-2509.16741v1,q08,Name_x_Inst,0.059999999999999984
text25-PHY-SHORT-2507.08042v1,q08,Name_x_Inst,0.5
text26-PHY-SHORT-2512.23538v1,q08,Name_x_Inst,0.03999999999999988
text27-PHY-SHORT-2510.18500v1,q08,Name_x_Inst,-0.25999999999999995
text28-PHY-SHORT-2508.20431v1,q08,Name_x_Inst,0.17999999999999994
text29-PHY-SHORT-2509.06825v1,q08,Name_x_Inst,-0.06000000000000001
text30-PHY-SHORT-2509.17653v2,q08,Name_x_Inst,-0.2
text31-MATH-SHORT-2511.03536v1,q08,Name_x_Inst,-0.10000000000000002
text32-MATH-SHORT-2603.02088v1,q08,Name_x_Inst,-0.039999999999999994
text33-MATH-SHORT-2512.22134v3,q08,Name_x_Inst,-0.15999999999999995
text34-MATH-SHORT-2509.00532v1,q08,Name_x_Inst,-0.14000000000000004
text35-MATH-SHORT-2512.06844v1,q08,Name_x_Inst,-0.039999999999999994
text36-MATH-SHORT-2503.09380v2,q08,Name_x_Inst,0.08000000000000002
text37-MATH-SHORT-2510.26426v1,q08,Name_x_Inst,0.13999999999999996
text38-MATH-SHORT-2512.04101v1,q08,Name_x_Inst,0.14
text39-MATH-SHORT-2506.11609v2,q08,Name_x_Inst,0.020000000000000018
text40-MATH-SHORT-2507.15879v2,q08,Name_x_Inst,-0.040000000000000015
text41-BIO-LONG-2512.06709v1,q08,Name_x_Inst,0.15999999999999998
text42-BIO-LONG-2503.07104v1,q08,Name_x_Inst,-0.06000000000000005
text43-BIO-LONG-2506.16577v1,q08,Name_x_Inst,-0.040000000000000036
text44-BIO-LONG-2505.20052v1,q08,Name_x_Inst,0.21999999999999992
text45-BIO-LONG-2507.17897v4,q08,Name_x_Inst,-0.08000000000000003
text46-BIO-LONG-2505.05863v1,q08,Name_x_Inst,-0.11999999999999995
text47-BIO-LONG-2505.21094v1,q08,Name_x_Inst,0.08
text48-BIO-LONG-2602.16750v1,q08,Name_x_Inst,0.040000000000000056
text49-BIO-LONG-2511.10014v1,q08,Name_x_Inst,-0.040000000000000015
text50-BIO-LONG-2603.01054v1,q08,Name_x_Inst,0.0
text51-CS-LONG-2602.11588v1,q08,Name_x_Inst,0.15999999999999998
text52-CS-LONG-2602.15675v1,q08,Name_x_Inst,-0.12
text53-CS-LONG-2603.02012v1,q08,Name_x_Inst,-0.09999999999999995
text54-CS-LONG-2602.23006v1,q08,Name_x_Inst,-2.2204460492503132e-17
text55-CS-LONG-2602.21625v1,q08,Name_x_Inst,-0.15999999999999998
text56-CS-LONG-2602.13713v1,q08,Name_x_Inst,0.019999999999999973
text57-CS-LONG-2603.00079v1,q08,Name_x_Inst,-0.18000000000000002
text58-CS-LONG-2603.01023v1,q08,Name_x_Inst,-0.12000000000000002
text59-CS-LONG-2602.19401v1,q08,Name_x_Inst,0.12000000000000002
text60-CS-LONG-2602.18518v1,q08,Name_x_Inst,-0.12000000000000002
text61-PHY-LONG-2602.03885v1,q08,Name_x_Inst,-0.039999999999999994
text62-PHY-LONG-2511.21971v1,q08,Name_x_Inst,0.13999999999999999
text63-PHY-LONG-2512.18015v1,q08,Name_x_Inst,-0.039999999999999994
text64-PHY-LONG-2602.23683v1,q08,Name_x_Inst,0.019999999999999973
text65-PHY-LONG-2601.13267v1,q08,Name_x_Inst,-0.14
text66-PHY-LONG-2512.24566v1,q08,Name_x_Inst,-0.019999999999999983
text67-PHY-LONG-2602.07636v2,q08,Name_x_Inst,0.08000000000000007
text68-PHY-LONG-2512.18130v1,q08,Name_x_Inst,0.019999999999999952
text69-PHY-LONG-2602.17389v1,q08,Name_x_Inst,-0.019999999999999952
text70-PHY-LONG-2602.08188v1,q08,Name_x_Inst,-0.1
text71-MATH-LONG-2511.12781v1,q08,Name_x_Inst,-0.11999999999999997
text72-MATH-LONG-2602.06095v1,q08,Name_x_Inst,-0.08
text73-MATH-LONG-2511.18101v1,q08,Name_x_Inst,0.0
text74-MATH-LONG-2512.15978v1,q08,Name_x_Inst,-0.22000000000000003
text75-MATH-LONG-2511.22140v1,q08,Name_x_Inst,-0.039999999999999994
text76-MATH-LONG-2602.20441v1,q08,Name_x_Inst,0.0
text77-MATH-LONG-2601.20851v2,q08,Name_x_Inst,0.07999999999999999
text78-MATH-LONG-2512.17595v1,q08,Name_x_Inst,4.4408920985006264e-17
text79-MATH-LONG-2512.10129v1,q08,Name_x_Inst,-0.039999999999999994
text80-MATH-LONG-2512.10507v1,q08,Name_x_Inst,0.12000000000000002
text01-BIO-SHORT-2505.02276v1,q08,Name_x_Bibliometrics,0.0
text02-BIO-SHORT-2507.04575v1,q08,Name_x_Bibliometrics,-0.1
text03-BIO-SHORT-2505.11568v3,q08,Name_x_Bibliometrics,-0.08
text04-BIO-SHORT-2507.08385v1,q08,Name_x_Bibliometrics,0.019999999999999997
text05-BIO-SHORT-2504.10973v1,q08,Name_x_Bibliometrics,-0.020000000000000018
text06-BIO-SHORT-2506.14789v1,q08,Name_x_Bibliometrics,0.07999999999999999
text07-BIO-SHORT-2506.13576v3,q08,Name_x_Bibliometrics,0.1
text08-BIO-SHORT-2503.19923v2,q08,Name_x_Bibliometrics,0.10000000000000005
text09-BIO-SHORT-2602.00019v1,q08,Name_x_Bibliometrics,0.040000000000000036
text10-BIO-SHORT-2506.13817v1,q08,Name_x_Bibliometrics,0.0
text11-CS-SHORT-2506.09194v1,q08,Name_x_Bibliometrics,0.12
text12-CS-SHORT-2512.19717v1,q08,Name_x_Bibliometrics,0.18
text13-CS-SHORT-2510.04124v5,q08,Name_x_Bibliometrics,-0.1
text14-CS-SHORT-2509.13349v2,q08,Name_x_Bibliometrics,-0.21999999999999997
text15-CS-SHORT-2602.03870v1,q08,Name_x_Bibliometrics,0.15999999999999998
text16-CS-SHORT-2509.06033v1,q08,Name_x_Bibliometrics,-0.019999999999999997
text17-CS-SHORT-2509.16294v1,q08,Name_x_Bibliometrics,0.020000000000000018
text18-CS-SHORT-2507.09492v1,q08,Name_x_Bibliometrics,-0.17999999999999997
text19-CS-SHORT-2509.14600v1,q08,Name_x_Bibliometrics,-0.06
text20-CS-SHORT-2503.14899v1,q08,Name_x_Bibliometrics,0.0
text21-PHY-SHORT-2601.23079v1,q08,Name_x_Bibliometrics,0.13999999999999999
text22-PHY-SHORT-2601.23047v1,q08,Name_x_Bibliometrics,0.06000000000000001
text23-PHY-SHORT-2601.23057v1,q08,Name_x_Bibliometrics,0.08
text24-PHY-SHORT-2509.16741v1,q08,Name_x_Bibliometrics,0.019999999999999997
text25-PHY-SHORT-2507.08042v1,q08,Name_x_Bibliometrics,-0.1
text26-PHY-SHORT-2512.23538v1,q08,Name_x_Bibliometrics,-0.12
text27-PHY-SHORT-2510.18500v1,q08,Name_x_Bibliometrics,-0.06000000000000001
text28-PHY-SHORT-2508.20431v1,q08,Name_x_Bibliometrics,-0.019999999999999973
text29-PHY-SHORT-2509.06825v1,q08,Name_x_Bibliometrics,0.02
text30-PHY-SHORT-2509.17653v2,q08,Name_x_Bibliometrics,-0.11999999999999993
text31-MATH-SHORT-2511.03536v1,q08,Name_x_Bibliometrics,0.21999999999999992
text32-MATH-SHORT-2603.02088v1,q08,Name_x_Bibliometrics,0.039999999999999994
text33-MATH-SHORT-2512.22134v3,q08,Name_x_Bibliometrics,-0.15999999999999998
text34-MATH-SHORT-2509.00532v1,q08,Name_x_Bibliometrics,-0.14000000000000004
text35-MATH-SHORT-2512.06844v1,q08,Name_x_Bibliometrics,4.4408920985006264e-17
text36-MATH-SHORT-2503.09380v2,q08,Name_x_Bibliometrics,0.08000000000000002
text37-MATH-SHORT-2510.26426v1,q08,Name_x_Bibliometrics,0.0599999999999999
text38-MATH-SHORT-2512.04101v1,q08,Name_x_Bibliometrics,0.09999999999999998
text39-MATH-SHORT-2506.11609v2,q08,Name_x_Bibliometrics,-0.18
text40-MATH-SHORT-2507.15879v2,q08,Name_x_Bibliometrics,0.040000000000000015
text41-BIO-LONG-2512.06709v1,q08,Name_x_Bibliometrics,0.0
text42-BIO-LONG-2503.07104v1,q08,Name_x_Bibliometrics,0.020000000000000018
text43-BIO-LONG-2506.16577v1,q08,Name_x_Bibliometrics,-0.08000000000000003
text44-BIO-LONG-2505.20052v1,q08,Name_x_Bibliometrics,0.019999999999999973
text45-BIO-LONG-2507.17897v4,q08,Name_x_Bibliometrics,0.12000000000000002
text46-BIO-LONG-2505.05863v1,q08,Name_x_Bibliometrics,-0.27999999999999997
text47-BIO-LONG-2505.21094v1,q08,Name_x_Bibliometrics,0.04000000000000001
text48-BIO-LONG-2602.16750v1,q08,Name_x_Bibliometrics,-0.15999999999999998
text49-BIO-LONG-2511.10014v1,q08,Name_x_Bibliometrics,-0.040000000000000015
text50-BIO-LONG-2603.01054v1,q08,Name_x_Bibliometrics,-0.27999999999999997
text51-CS-LONG-2602.11588v1,q08,Name_x_Bibliometrics,-0.04000000000000001
text52-CS-LONG-2602.15675v1,q08,Name_x_Bibliometrics,0.27999999999999997
text53-CS-LONG-2603.02012v1,q08,Name_x_Bibliometrics,0.019999999999999973
text54-CS-LONG-2602.23006v1,q08,Name_x_Bibliometrics,-0.12
text55-CS-LONG-2602.21625v1,q08,Name_x_Bibliometrics,-0.12000000000000002
text56-CS-LONG-2602.13713v1,q08,Name_x_Bibliometrics,-0.06000000000000001
text57-CS-LONG-2603.00079v1,q08,Name_x_Bibliometrics,-0.06
text58-CS-LONG-2603.01023v1,q08,Name_x_Bibliometrics,-0.12000000000000002
text59-CS-LONG-2602.19401v1,q08,Name_x_Bibliometrics,-4.4408920985006264e-17
text60-CS-LONG-2602.18518v1,q08,Name_x_Bibliometrics,-0.07999999999999999
text61-PHY-LONG-2602.03885v1,q08,Name_x_Bibliometrics,-0.16
text62-PHY-LONG-2511.21971v1,q08,Name_x_Bibliometrics,0.019999999999999973
text63-PHY-LONG-2512.18015v1,q08,Name_x_Bibliometrics,0.039999999999999994
text64-PHY-LONG-2602.23683v1,q08,Name_x_Bibliometrics,0.13999999999999999
text65-PHY-LONG-2601.13267v1,q08,Name_x_Bibliometrics,-0.059999999999999984
text66-PHY-LONG-2512.24566v1,q08,Name_x_Bibliometrics,0.020000000000000052
text67-PHY-LONG-2602.07636v2,q08,Name_x_Bibliometrics,0.07999999999999999
text68-PHY-LONG-2512.18130v1,q08,Name_x_Bibliometrics,-0.019999999999999952
text69-PHY-LONG-2602.17389v1,q08,Name_x_Bibliometrics,0.10000000000000002
text70-PHY-LONG-2602.08188v1,q08,Name_x_Bibliometrics,-0.1
text71-MATH-LONG-2511.12781v1,q08,Name_x_Bibliometrics,0.07999999999999993
text72-MATH-LONG-2602.06095v1,q08,Name_x_Bibliometrics,-0.039999999999999994
text73-MATH-LONG-2511.18101v1,q08,Name_x_Bibliometrics,0.040000000000000036
text74-MATH-LONG-2512.15978v1,q08,Name_x_Bibliometrics,-0.13999999999999996
text75-MATH-LONG-2511.22140v1,q08,Name_x_Bibliometrics,-0.08000000000000003
text76-MATH-LONG-2602.20441v1,q08,Name_x_Bibliometrics,0.0
text77-MATH-LONG-2601.20851v2,q08,Name_x_Bibliometrics,-0.12000000000000002
text78-MATH-LONG-2512.17595v1,q08,Name_x_Bibliometrics,0.08000000000000003
text79-MATH-LONG-2512.10129v1,q08,Name_x_Bibliometrics,4.4408920985006264e-17
text80-MATH-LONG-2512.10507v1,q08,Name_x_Bibliometrics,0.2
text01-BIO-SHORT-2505.02276v1,q08,Inst_x_Bibliometrics,0.12
text02-BIO-SHORT-2507.04575v1,q08,Inst_x_Bibliometrics,0.3
text03-BIO-SHORT-2505.11568v3,q08,Inst_x_Bibliometrics,0.12000000000000004
text04-BIO-SHORT-2507.08385v1,q08,Inst_x_Bibliometrics,0.019999999999999997
text05-BIO-SHORT-2504.10973v1,q08,Inst_x_Bibliometrics,0.10000000000000005
text06-BIO-SHORT-2506.14789v1,q08,Inst_x_Bibliometrics,0.0
text07-BIO-SHORT-2506.13576v3,q08,Inst_x_Bibliometrics,-0.29999999999999993
text08-BIO-SHORT-2503.19923v2,q08,Inst_x_Bibliometrics,0.13999999999999996
text09-BIO-SHORT-2602.00019v1,q08,Inst_x_Bibliometrics,-0.07999999999999999
text10-BIO-SHORT-2506.13817v1,q08,Inst_x_Bibliometrics,0.0
text11-CS-SHORT-2506.09194v1,q08,Inst_x_Bibliometrics,-0.08
text12-CS-SHORT-2512.19717v1,q08,Inst_x_Bibliometrics,-0.1
text13-CS-SHORT-2510.04124v5,q08,Inst_x_Bibliometrics,0.21999999999999997
text14-CS-SHORT-2509.13349v2,q08,Inst_x_Bibliometrics,-0.33999999999999997
text15-CS-SHORT-2602.03870v1,q08,Inst_x_Bibliometrics,-0.040000000000000036
text16-CS-SHORT-2509.06033v1,q08,Inst_x_Bibliometrics,0.019999999999999997
text17-CS-SHORT-2509.16294v1,q08,Inst_x_Bibliometrics,-0.019999999999999973
text18-CS-SHORT-2507.09492v1,q08,Inst_x_Bibliometrics,0.10000000000000006
text19-CS-SHORT-2509.14600v1,q08,Inst_x_Bibliometrics,0.33999999999999997
text20-CS-SHORT-2503.14899v1,q08,Inst_x_Bibliometrics,0.0
text21-PHY-SHORT-2601.23079v1,q08,Inst_x_Bibliometrics,0.26
text22-PHY-SHORT-2601.23047v1,q08,Inst_x_Bibliometrics,0.06000000000000001
text23-PHY-SHORT-2601.23057v1,q08,Inst_x_Bibliometrics,-0.15999999999999998
text24-PHY-SHORT-2509.16741v1,q08,Inst_x_Bibliometrics,-0.019999999999999997
text25-PHY-SHORT-2507.08042v1,q08,Inst_x_Bibliometrics,0.020000000000000018
text26-PHY-SHORT-2512.23538v1,q08,Inst_x_Bibliometrics,0.039999999999999966
text27-PHY-SHORT-2510.18500v1,q08,Inst_x_Bibliometrics,0.1
text28-PHY-SHORT-2508.20431v1,q08,Inst_x_Bibliometrics,-0.5
text29-PHY-SHORT-2509.06825v1,q08,Inst_x_Bibliometrics,-0.02
text30-PHY-SHORT-2509.17653v2,q08,Inst_x_Bibliometrics,0.48
text31-MATH-SHORT-2511.03536v1,q08,Inst_x_Bibliometrics,0.14
text32-MATH-SHORT-2603.02088v1,q08,Inst_x_Bibliometrics,0.2
text33-MATH-SHORT-2512.22134v3,q08,Inst_x_Bibliometrics,2.2204460492503132e-17
text34-MATH-SHORT-2509.00532v1,q08,Inst_x_Bibliometrics,-0.1
text35-MATH-SHORT-2512.06844v1,q08,Inst_x_Bibliometrics,-0.24
text36-MATH-SHORT-2503.09380v2,q08,Inst_x_Bibliometrics,-0.24
text37-MATH-SHORT-2510.26426v1,q08,Inst_x_Bibliometrics,0.13999999999999996
text38-MATH-SHORT-2512.04101v1,q08,Inst_x_Bibliometrics,-0.13999999999999996
text39-MATH-SHORT-2506.11609v2,q08,Inst_x_Bibliometrics,-0.020000000000000018
text40-MATH-SHORT-2507.15879v2,q08,Inst_x_Bibliometrics,-0.2
text41-BIO-LONG-2512.06709v1,q08,Inst_x_Bibliometrics,0.0
text42-BIO-LONG-2503.07104v1,q08,Inst_x_Bibliometrics,0.14000000000000004
text43-BIO-LONG-2506.16577v1,q08,Inst_x_Bibliometrics,0.11999999999999993
text44-BIO-LONG-2505.20052v1,q08,Inst_x_Bibliometrics,-0.1
text45-BIO-LONG-2507.17897v4,q08,Inst_x_Bibliometrics,0.0
text46-BIO-LONG-2505.05863v1,q08,Inst_x_Bibliometrics,-0.04000000000000006
text47-BIO-LONG-2505.21094v1,q08,Inst_x_Bibliometrics,-0.12000000000000002
text48-BIO-LONG-2602.16750v1,q08,Inst_x_Bibliometrics,-0.19999999999999998
text49-BIO-LONG-2511.10014v1,q08,Inst_x_Bibliometrics,-0.2
text50-BIO-LONG-2603.01054v1,q08,Inst_x_Bibliometrics,-0.039999999999999994
text51-CS-LONG-2602.11588v1,q08,Inst_x_Bibliometrics,-0.04000000000000001
text52-CS-LONG-2602.15675v1,q08,Inst_x_Bibliometrics,0.27999999999999997
text53-CS-LONG-2603.02012v1,q08,Inst_x_Bibliometrics,-0.13999999999999999
text54-CS-LONG-2602.23006v1,q08,Inst_x_Bibliometrics,0.24000000000000005
text55-CS-LONG-2602.21625v1,q08,Inst_x_Bibliometrics,-0.040000000000000036
text56-CS-LONG-2602.13713v1,q08,Inst_x_Bibliometrics,0.18000000000000002
text57-CS-LONG-2603.00079v1,q08,Inst_x_Bibliometrics,0.020000000000000028
text58-CS-LONG-2603.01023v1,q08,Inst_x_Bibliometrics,-0.27999999999999997
text59-CS-LONG-2602.19401v1,q08,Inst_x_Bibliometrics,-0.16
text60-CS-LONG-2602.18518v1,q08,Inst_x_Bibliometrics,-0.07999999999999999
text61-PHY-LONG-2602.03885v1,q08,Inst_x_Bibliometrics,0.11999999999999997
text62-PHY-LONG-2511.21971v1,q08,Inst_x_Bibliometrics,0.29999999999999993
text63-PHY-LONG-2512.18015v1,q08,Inst_x_Bibliometrics,0.07999999999999999
text64-PHY-LONG-2602.23683v1,q08,Inst_x_Bibliometrics,-0.21999999999999997
text65-PHY-LONG-2601.13267v1,q08,Inst_x_Bibliometrics,-0.019999999999999997
text66-PHY-LONG-2512.24566v1,q08,Inst_x_Bibliometrics,-0.21999999999999997
text67-PHY-LONG-2602.07636v2,q08,Inst_x_Bibliometrics,0.16
text68-PHY-LONG-2512.18130v1,q08,Inst_x_Bibliometrics,0.10000000000000002
text69-PHY-LONG-2602.17389v1,q08,Inst_x_Bibliometrics,0.17999999999999997
text70-PHY-LONG-2602.08188v1,q08,Inst_x_Bibliometrics,-0.06000000000000001
text71-MATH-LONG-2511.12781v1,q08,Inst_x_Bibliometrics,-0.11999999999999997
text72-MATH-LONG-2602.06095v1,q08,Inst_x_Bibliometrics,-0.27999999999999997
text73-MATH-LONG-2511.18101v1,q08,Inst_x_Bibliometrics,0.24000000000000005
text74-MATH-LONG-2512.15978v1,q08,Inst_x_Bibliometrics,-0.09999999999999998
text75-MATH-LONG-2511.22140v1,q08,Inst_x_Bibliometrics,0.07999999999999999
text76-MATH-LONG-2602.20441v1,q08,Inst_x_Bibliometrics,-0.2
text77-MATH-LONG-2601.20851v2,q08,Inst_x_Bibliometrics,-0.12000000000000002
text78-MATH-LONG-2512.17595v1,q08,Inst_x_Bibliometrics,0.07999999999999993
text79-MATH-LONG-2512.10129v1,q08,Inst_x_Bibliometrics,0.24
text80-MATH-LONG-2512.10507v1,q08,Inst_x_Bibliometrics,-0.039999999999999994
text01-BIO-SHORT-2505.02276v1,q09,BF_minus_WM,-0.15
text02-BIO-SHORT-2507.04575v1,q09,BF_minus_WM,-0.1
text03-BIO-SHORT-2505.11568v3,q09,BF_minus_WM,0.12999999999999998
text04-BIO-SHORT-2507.08385v1,q09,BF_minus_WM,-0.019999999999999983
text05-BIO-SHORT-2504.10973v1,q09,BF_minus_WM,-0.08
text06-BIO-SHORT-2506.14789v1,q09,BF_minus_WM,0.07
text07-BIO-SHORT-2506.13576v3,q09,BF_minus_WM,-0.11000000000000001
text08-BIO-SHORT-2503.19923v2,q09,BF_minus_WM,-0.15
text09-BIO-SHORT-2602.00019v1,q09,BF_minus_WM,-0.019999999999999973
text10-BIO-SHORT-2506.13817v1,q09,BF_minus_WM,-0.1
text11-CS-SHORT-2506.09194v1,q09,BF_minus_WM,-0.01
text12-CS-SHORT-2512.19717v1,q09,BF_minus_WM,-0.17
text13-CS-SHORT-2510.04124v5,q09,BF_minus_WM,-0.1
text14-CS-SHORT-2509.13349v2,q09,BF_minus_WM,0.039999999999999994
text15-CS-SHORT-2602.03870v1,q09,BF_minus_WM,0.38
text16-CS-SHORT-2509.06033v1,q09,BF_minus_WM,-0.11000000000000001
text17-CS-SHORT-2509.16294v1,q09,BF_minus_WM,-0.019999999999999997
text18-CS-SHORT-2507.09492v1,q09,BF_minus_WM,0.0
text19-CS-SHORT-2509.14600v1,q09,BF_minus_WM,-0.19
text20-CS-SHORT-2503.14899v1,q09,BF_minus_WM,-0.06999999999999999
text21-PHY-SHORT-2601.23079v1,q09,BF_minus_WM,0.030000000000000006
text22-PHY-SHORT-2601.23047v1,q09,BF_minus_WM,-0.23000000000000004
text23-PHY-SHORT-2601.23057v1,q09,BF_minus_WM,0.010000000000000005
text24-PHY-SHORT-2509.16741v1,q09,BF_minus_WM,-0.03
text25-PHY-SHORT-2507.08042v1,q09,BF_minus_WM,-0.020000000000000018
text26-PHY-SHORT-2512.23538v1,q09,BF_minus_WM,-0.08
text27-PHY-SHORT-2510.18500v1,q09,BF_minus_WM,0.3
text28-PHY-SHORT-2508.20431v1,q09,BF_minus_WM,0.06999999999999999
text29-PHY-SHORT-2509.06825v1,q09,BF_minus_WM,-0.29000000000000004
text30-PHY-SHORT-2509.17653v2,q09,BF_minus_WM,0.029999999999999992
text31-MATH-SHORT-2511.03536v1,q09,BF_minus_WM,-0.009999999999999998
text32-MATH-SHORT-2603.02088v1,q09,BF_minus_WM,-0.07
text33-MATH-SHORT-2512.22134v3,q09,BF_minus_WM,0.05
text34-MATH-SHORT-2509.00532v1,q09,BF_minus_WM,-0.019999999999999983
text35-MATH-SHORT-2512.06844v1,q09,BF_minus_WM,-0.04
text36-MATH-SHORT-2503.09380v2,q09,BF_minus_WM,-0.12999999999999998
text37-MATH-SHORT-2510.26426v1,q09,BF_minus_WM,0.06
text38-MATH-SHORT-2512.04101v1,q09,BF_minus_WM,-0.1
text39-MATH-SHORT-2506.11609v2,q09,BF_minus_WM,-0.009999999999999998
text40-MATH-SHORT-2507.15879v2,q09,BF_minus_WM,0.029999999999999992
text41-BIO-LONG-2512.06709v1,q09,BF_minus_WM,0.030000000000000006
text42-BIO-LONG-2503.07104v1,q09,BF_minus_WM,0.05
text43-BIO-LONG-2506.16577v1,q09,BF_minus_WM,-0.06000000000000001
text44-BIO-LONG-2505.20052v1,q09,BF_minus_WM,-0.19
text45-BIO-LONG-2507.17897v4,q09,BF_minus_WM,0.2
text46-BIO-LONG-2505.05863v1,q09,BF_minus_WM,0.06999999999999998
text47-BIO-LONG-2505.21094v1,q09,BF_minus_WM,-0.019999999999999983
text48-BIO-LONG-2602.16750v1,q09,BF_minus_WM,-0.09000000000000001
text49-BIO-LONG-2511.10014v1,q09,BF_minus_WM,0.059999999999999984
text50-BIO-LONG-2603.01054v1,q09,BF_minus_WM,-0.020000000000000007
text51-CS-LONG-2602.11588v1,q09,BF_minus_WM,-0.2899999999999999
text52-CS-LONG-2602.15675v1,q09,BF_minus_WM,-0.24000000000000005
text53-CS-LONG-2603.02012v1,q09,BF_minus_WM,-0.04
text54-CS-LONG-2602.23006v1,q09,BF_minus_WM,0.26000000000000006
text55-CS-LONG-2602.21625v1,q09,BF_minus_WM,0.13999999999999999
text56-CS-LONG-2602.13713v1,q09,BF_minus_WM,-0.06
text57-CS-LONG-2603.00079v1,q09,BF_minus_WM,-0.06999999999999999
text58-CS-LONG-2603.01023v1,q09,BF_minus_WM,-0.050000000000000024
text59-CS-LONG-2602.19401v1,q09,BF_minus_WM,-0.09000000000000002
text60-CS-LONG-2602.18518v1,q09,BF_minus_WM,0.21000000000000002
text61-PHY-LONG-2602.03885v1,q09,BF_minus_WM,0.32999999999999996
text62-PHY-LONG-2511.21971v1,q09,BF_minus_WM,-0.16999999999999998
text63-PHY-LONG-2512.18015v1,q09,BF_minus_WM,0.05
text64-PHY-LONG-2602.23683v1,q09,BF_minus_WM,-0.039999999999999994
text65-PHY-LONG-2601.13267v1,q09,BF_minus_WM,0.12000000000000002
text66-PHY-LONG-2512.24566v1,q09,BF_minus_WM,0.05
text67-PHY-LONG-2602.07636v2,q09,BF_minus_WM,-0.02999999999999998
text68-PHY-LONG-2512.18130v1,q09,BF_minus_WM,-0.010000000000000009
text69-PHY-LONG-2602.17389v1,q09,BF_minus_WM,-0.09000000000000001
text70-PHY-LONG-2602.08188v1,q09,BF_minus_WM,0.039999999999999994
text71-MATH-LONG-2511.12781v1,q09,BF_minus_WM,0.18
text72-MATH-LONG-2602.06095v1,q09,BF_minus_WM,0.07999999999999999
text73-MATH-LONG-2511.18101v1,q09,BF_minus_WM,0.020000000000000007
text74-MATH-LONG-2512.15978v1,q09,BF_minus_WM,0.049999999999999996
text75-MATH-LONG-2511.22140v1,q09,BF_minus_WM,-0.020000000000000018
text76-MATH-LONG-2602.20441v1,q09,BF_minus_WM,-0.38
text77-MATH-LONG-2601.20851v2,q09,BF_minus_WM,0.36
text78-MATH-LONG-2512.17595v1,q09,BF_minus_WM,0.09999999999999998
text79-MATH-LONG-2512.10129v1,q09,BF_minus_WM,-0.25999999999999995
text80-MATH-LONG-2512.10507v1,q09,BF_minus_WM,-0.12999999999999998
text01-BIO-SHORT-2505.02276v1,q09,HI_minus_LI,0.12999999999999998
text02-BIO-SHORT-2507.04575v1,q09,HI_minus_LI,-0.1
text03-BIO-SHORT-2505.11568v3,q09,HI_minus_LI,-0.39
text04-BIO-SHORT-2507.08385v1,q09,HI_minus_LI,0.16
text05-BIO-SHORT-2504.10973v1,q09,HI_minus_LI,-0.22000000000000003
text06-BIO-SHORT-2506.14789v1,q09,HI_minus_LI,-0.2899999999999999
text07-BIO-SHORT-2506.13576v3,q09,HI_minus_LI,-0.35
text08-BIO-SHORT-2503.19923v2,q09,HI_minus_LI,-0.06999999999999999
text09-BIO-SHORT-2602.00019v1,q09,HI_minus_LI,0.06000000000000001
text10-BIO-SHORT-2506.13817v1,q09,HI_minus_LI,-0.4
text11-CS-SHORT-2506.09194v1,q09,HI_minus_LI,-0.05
text12-CS-SHORT-2512.19717v1,q09,HI_minus_LI,-0.39
text13-CS-SHORT-2510.04124v5,q09,HI_minus_LI,-0.07999999999999999
text14-CS-SHORT-2509.13349v2,q09,HI_minus_LI,-0.52
text15-CS-SHORT-2602.03870v1,q09,HI_minus_LI,-0.18
text16-CS-SHORT-2509.06033v1,q09,HI_minus_LI,-0.01
text17-CS-SHORT-2509.16294v1,q09,HI_minus_LI,0.08
text18-CS-SHORT-2507.09492v1,q09,HI_minus_LI,-0.78
text19-CS-SHORT-2509.14600v1,q09,HI_minus_LI,-0.07
text20-CS-SHORT-2503.14899v1,q09,HI_minus_LI,0.010000000000000004
text21-PHY-SHORT-2601.23079v1,q09,HI_minus_LI,0.15
text22-PHY-SHORT-2601.23047v1,q09,HI_minus_LI,-0.2500000000000001
text23-PHY-SHORT-2601.23057v1,q09,HI_minus_LI,-0.31
text24-PHY-SHORT-2509.16741v1,q09,HI_minus_LI,0.009999999999999998
text25-PHY-SHORT-2507.08042v1,q09,HI_minus_LI,-0.08000000000000003
text26-PHY-SHORT-2512.23538v1,q09,HI_minus_LI,-0.07999999999999999
text27-PHY-SHORT-2510.18500v1,q09,HI_minus_LI,0.019999999999999973
text28-PHY-SHORT-2508.20431v1,q09,HI_minus_LI,-0.010000000000000004
text29-PHY-SHORT-2509.06825v1,q09,HI_minus_LI,0.030000000000000027
text30-PHY-SHORT-2509.17653v2,q09,HI_minus_LI,-0.23000000000000004
text31-MATH-SHORT-2511.03536v1,q09,HI_minus_LI,-0.29000000000000004
text32-MATH-SHORT-2603.02088v1,q09,HI_minus_LI,-0.35
text33-MATH-SHORT-2512.22134v3,q09,HI_minus_LI,-0.5700000000000001
text34-MATH-SHORT-2509.00532v1,q09,HI_minus_LI,-0.25999999999999995
text35-MATH-SHORT-2512.06844v1,q09,HI_minus_LI,-0.4
text36-MATH-SHORT-2503.09380v2,q09,HI_minus_LI,-0.06999999999999998
text37-MATH-SHORT-2510.26426v1,q09,HI_minus_LI,-0.019999999999999997
text38-MATH-SHORT-2512.04101v1,q09,HI_minus_LI,0.18000000000000002
text39-MATH-SHORT-2506.11609v2,q09,HI_minus_LI,-0.07
text40-MATH-SHORT-2507.15879v2,q09,HI_minus_LI,-0.15
text41-BIO-LONG-2512.06709v1,q09,HI_minus_LI,-0.12999999999999998
text42-BIO-LONG-2503.07104v1,q09,HI_minus_LI,-0.16999999999999998
text43-BIO-LONG-2506.16577v1,q09,HI_minus_LI,-0.039999999999999994
text44-BIO-LONG-2505.20052v1,q09,HI_minus_LI,-0.10999999999999996
text45-BIO-LONG-2507.17897v4,q09,HI_minus_LI,0.040000000000000015
text46-BIO-LONG-2505.05863v1,q09,HI_minus_LI,0.16999999999999998
text47-BIO-LONG-2505.21094v1,q09,HI_minus_LI,-0.13999999999999999
text48-BIO-LONG-2602.16750v1,q09,HI_minus_LI,-0.63
text49-BIO-LONG-2511.10014v1,q09,HI_minus_LI,-0.42000000000000004
text50-BIO-LONG-2603.01054v1,q09,HI_minus_LI,-0.18
text51-CS-LONG-2602.11588v1,q09,HI_minus_LI,-0.30999999999999994
text52-CS-LONG-2602.15675v1,q09,HI_minus_LI,-0.64
text53-CS-LONG-2603.02012v1,q09,HI_minus_LI,-1.06
text54-CS-LONG-2602.23006v1,q09,HI_minus_LI,-0.04000000000000001
text55-CS-LONG-2602.21625v1,q09,HI_minus_LI,0.019999999999999928
text56-CS-LONG-2602.13713v1,q09,HI_minus_LI,-1.06
text57-CS-LONG-2603.00079v1,q09,HI_minus_LI,0.030000000000000006
text58-CS-LONG-2603.01023v1,q09,HI_minus_LI,0.030000000000000006
text59-CS-LONG-2602.19401v1,q09,HI_minus_LI,-0.17
text60-CS-LONG-2602.18518v1,q09,HI_minus_LI,-0.45000000000000007
text61-PHY-LONG-2602.03885v1,q09,HI_minus_LI,-0.32999999999999996
text62-PHY-LONG-2511.21971v1,q09,HI_minus_LI,-0.71
text63-PHY-LONG-2512.18015v1,q09,HI_minus_LI,-0.10999999999999996
text64-PHY-LONG-2602.23683v1,q09,HI_minus_LI,-0.45999999999999996
text65-PHY-LONG-2601.13267v1,q09,HI_minus_LI,-0.68
text66-PHY-LONG-2512.24566v1,q09,HI_minus_LI,-0.09000000000000001
text67-PHY-LONG-2602.07636v2,q09,HI_minus_LI,-0.51
text68-PHY-LONG-2512.18130v1,q09,HI_minus_LI,-0.27
text69-PHY-LONG-2602.17389v1,q09,HI_minus_LI,-0.17
text70-PHY-LONG-2602.08188v1,q09,HI_minus_LI,0.4999999999999999
text71-MATH-LONG-2511.12781v1,q09,HI_minus_LI,-0.19999999999999998
text72-MATH-LONG-2602.06095v1,q09,HI_minus_LI,0.04000000000000001
text73-MATH-LONG-2511.18101v1,q09,HI_minus_LI,0.22000000000000003
text74-MATH-LONG-2512.15978v1,q09,HI_minus_LI,-0.55
text75-MATH-LONG-2511.22140v1,q09,HI_minus_LI,0.059999999999999984
text76-MATH-LONG-2602.20441v1,q09,HI_minus_LI,-0.5599999999999999
text77-MATH-LONG-2601.20851v2,q09,HI_minus_LI,-0.7
text78-MATH-LONG-2512.17595v1,q09,HI_minus_LI,-0.09999999999999996
text79-MATH-LONG-2512.10129v1,q09,HI_minus_LI,0.24000000000000005
text80-MATH-LONG-2512.10507v1,q09,HI_minus_LI,-0.21000000000000002
text01-BIO-SHORT-2505.02276v1,q09,HP_minus_LP,-0.32999999999999996
text02-BIO-SHORT-2507.04575v1,q09,HP_minus_LP,0.019999999999999997
text03-BIO-SHORT-2505.11568v3,q09,HP_minus_LP,-0.59
text04-BIO-SHORT-2507.08385v1,q09,HP_minus_LP,0.12000000000000002
text05-BIO-SHORT-2504.10973v1,q09,HP_minus_LP,-0.02
text06-BIO-SHORT-2506.14789v1,q09,HP_minus_LP,-0.20999999999999996
text07-BIO-SHORT-2506.13576v3,q09,HP_minus_LP,-0.39
text08-BIO-SHORT-2503.19923v2,q09,HP_minus_LP,-0.09
text09-BIO-SHORT-2602.00019v1,q09,HP_minus_LP,0.08
text10-BIO-SHORT-2506.13817v1,q09,HP_minus_LP,-0.32
text11-CS-SHORT-2506.09194v1,q09,HP_minus_LP,-0.06999999999999999
text12-CS-SHORT-2512.19717v1,q09,HP_minus_LP,-0.65
text13-CS-SHORT-2510.04124v5,q09,HP_minus_LP,-0.6199999999999999
text14-CS-SHORT-2509.13349v2,q09,HP_minus_LP,-0.09999999999999995
text15-CS-SHORT-2602.03870v1,q09,HP_minus_LP,0.18
text16-CS-SHORT-2509.06033v1,q09,HP_minus_LP,-0.11000000000000001
text17-CS-SHORT-2509.16294v1,q09,HP_minus_LP,-0.12000000000000002
text18-CS-SHORT-2507.09492v1,q09,HP_minus_LP,-0.13999999999999996
text19-CS-SHORT-2509.14600v1,q09,HP_minus_LP,0.05
text20-CS-SHORT-2503.14899v1,q09,HP_minus_LP,-0.02999999999999999
text21-PHY-SHORT-2601.23079v1,q09,HP_minus_LP,-0.33
text22-PHY-SHORT-2601.23047v1,q09,HP_minus_LP,-0.13000000000000006
text23-PHY-SHORT-2601.23057v1,q09,HP_minus_LP,-0.51
text24-PHY-SHORT-2509.16741v1,q09,HP_minus_LP,-0.09
text25-PHY-SHORT-2507.08042v1,q09,HP_minus_LP,-0.040000000000000015
text26-PHY-SHORT-2512.23538v1,q09,HP_minus_LP,0.11999999999999997
text27-PHY-SHORT-2510.18500v1,q09,HP_minus_LP,0.11999999999999997
text28-PHY-SHORT-2508.20431v1,q09,HP_minus_LP,-0.29
text29-PHY-SHORT-2509.06825v1,q09,HP_minus_LP,-0.53
text30-PHY-SHORT-2509.17653v2,q09,HP_minus_LP,-0.27
text31-MATH-SHORT-2511.03536v1,q09,HP_minus_LP,-0.30999999999999994
text32-MATH-SHORT-2603.02088v1,q09,HP_minus_LP,-0.43
text33-MATH-SHORT-2512.22134v3,q09,HP_minus_LP,-0.5900000000000001
text34-MATH-SHORT-2509.00532v1,q09,HP_minus_LP,-0.48
text35-MATH-SHORT-2512.06844v1,q09,HP_minus_LP,-0.45999999999999996
text36-MATH-SHORT-2503.09380v2,q09,HP_minus_LP,-0.31
text37-MATH-SHORT-2510.26426v1,q09,HP_minus_LP,-0.74
text38-MATH-SHORT-2512.04101v1,q09,HP_minus_LP,-0.12000000000000002
text39-MATH-SHORT-2506.11609v2,q09,HP_minus_LP,0.01
text40-MATH-SHORT-2507.15879v2,q09,HP_minus_LP,-0.35
text41-BIO-LONG-2512.06709v1,q09,HP_minus_LP,0.030000000000000006
text42-BIO-LONG-2503.07104v1,q09,HP_minus_LP,-0.25
text43-BIO-LONG-2506.16577v1,q09,HP_minus_LP,-0.39999999999999997
text44-BIO-LONG-2505.20052v1,q09,HP_minus_LP,-0.12999999999999998
text45-BIO-LONG-2507.17897v4,q09,HP_minus_LP,-0.22000000000000003
text46-BIO-LONG-2505.05863v1,q09,HP_minus_LP,0.010000000000000031
text47-BIO-LONG-2505.21094v1,q09,HP_minus_LP,-0.06
text48-BIO-LONG-2602.16750v1,q09,HP_minus_LP,-0.57
text49-BIO-LONG-2511.10014v1,q09,HP_minus_LP,-0.3
text50-BIO-LONG-2603.01054v1,q09,HP_minus_LP,-0.06
text51-CS-LONG-2602.11588v1,q09,HP_minus_LP,0.04999999999999999
text52-CS-LONG-2602.15675v1,q09,HP_minus_LP,-0.5800000000000001
text53-CS-LONG-2603.02012v1,q09,HP_minus_LP,-0.74
text54-CS-LONG-2602.23006v1,q09,HP_minus_LP,0.26
text55-CS-LONG-2602.21625v1,q09,HP_minus_LP,-0.06000000000000001
text56-CS-LONG-2602.13713v1,q09,HP_minus_LP,0.14
text57-CS-LONG-2603.00079v1,q09,HP_minus_LP,-0.11000000000000001
text58-CS-LONG-2603.01023v1,q09,HP_minus_LP,-0.35
text59-CS-LONG-2602.19401v1,q09,HP_minus_LP,-0.16999999999999998
text60-CS-LONG-2602.18518v1,q09,HP_minus_LP,-0.32999999999999996
text61-PHY-LONG-2602.03885v1,q09,HP_minus_LP,-0.43
text62-PHY-LONG-2511.21971v1,q09,HP_minus_LP,-0.47000000000000003
text63-PHY-LONG-2512.18015v1,q09,HP_minus_LP,-0.01000000000000002
text64-PHY-LONG-2602.23683v1,q09,HP_minus_LP,-0.62
text65-PHY-LONG-2601.13267v1,q09,HP_minus_LP,-0.13999999999999999
text66-PHY-LONG-2512.24566v1,q09,HP_minus_LP,0.010000000000000009
text67-PHY-LONG-2602.07636v2,q09,HP_minus_LP,0.25
text68-PHY-LONG-2512.18130v1,q09,HP_minus_LP,-0.61
text69-PHY-LONG-2602.17389v1,q09,HP_minus_LP,-0.29
text70-PHY-LONG-2602.08188v1,q09,HP_minus_LP,0.08
text71-MATH-LONG-2511.12781v1,q09,HP_minus_LP,-0.1
text72-MATH-LONG-2602.06095v1,q09,HP_minus_LP,-0.04
text73-MATH-LONG-2511.18101v1,q09,HP_minus_LP,-0.08
text74-MATH-LONG-2512.15978v1,q09,HP_minus_LP,-0.010000000000000009
text75-MATH-LONG-2511.22140v1,q09,HP_minus_LP,-0.020000000000000018
text76-MATH-LONG-2602.20441v1,q09,HP_minus_LP,-0.25999999999999995
text77-MATH-LONG-2601.20851v2,q09,HP_minus_LP,-0.36
text78-MATH-LONG-2512.17595v1,q09,HP_minus_LP,-0.16000000000000003
text79-MATH-LONG-2512.10129v1,q09,HP_minus_LP,-0.24000000000000005
text80-MATH-LONG-2512.10507v1,q09,HP_minus_LP,-0.19
text01-BIO-SHORT-2505.02276v1,q09,Name_x_Inst,0.34
text02-BIO-SHORT-2507.04575v1,q09,Name_x_Inst,-0.07999999999999999
text03-BIO-SHORT-2505.11568v3,q09,Name_x_Inst,0.66
text04-BIO-SHORT-2507.08385v1,q09,Name_x_Inst,0.27999999999999997
text05-BIO-SHORT-2504.10973v1,q09,Name_x_Inst,-0.12000000000000002
text06-BIO-SHORT-2506.14789v1,q09,Name_x_Inst,0.019999999999999997
text07-BIO-SHORT-2506.13576v3,q09,Name_x_Inst,0.13999999999999999
text08-BIO-SHORT-2503.19923v2,q09,Name_x_Inst,-0.1
text09-BIO-SHORT-2602.00019v1,q09,Name_x_Inst,0.07999999999999996
text10-BIO-SHORT-2506.13817v1,q09,Name_x_Inst,-0.19999999999999998
text11-CS-SHORT-2506.09194v1,q09,Name_x_Inst,-0.02
text12-CS-SHORT-2512.19717v1,q09,Name_x_Inst,0.1
text13-CS-SHORT-2510.04124v5,q09,Name_x_Inst,0.2
text14-CS-SHORT-2509.13349v2,q09,Name_x_Inst,-5.551115123125783e-17
text15-CS-SHORT-2602.03870v1,q09,Name_x_Inst,-0.76
text16-CS-SHORT-2509.06033v1,q09,Name_x_Inst,0.14
text17-CS-SHORT-2509.16294v1,q09,Name_x_Inst,0.039999999999999994
text18-CS-SHORT-2507.09492v1,q09,Name_x_Inst,-0.4
text19-CS-SHORT-2509.14600v1,q09,Name_x_Inst,0.02000000000000004
text20-CS-SHORT-2503.14899v1,q09,Name_x_Inst,0.09999999999999999
text21-PHY-SHORT-2601.23079v1,q09,Name_x_Inst,-0.18
text22-PHY-SHORT-2601.23047v1,q09,Name_x_Inst,0.26000000000000006
text23-PHY-SHORT-2601.23057v1,q09,Name_x_Inst,0.1
text24-PHY-SHORT-2509.16741v1,q09,Name_x_Inst,0.020000000000000007
text25-PHY-SHORT-2507.08042v1,q09,Name_x_Inst,-0.2000000000000001
text26-PHY-SHORT-2512.23538v1,q09,Name_x_Inst,0.44000000000000006
text27-PHY-SHORT-2510.18500v1,q09,Name_x_Inst,-0.12000000000000002
text28-PHY-SHORT-2508.20431v1,q09,Name_x_Inst,0.059999999999999984
text29-PHY-SHORT-2509.06825v1,q09,Name_x_Inst,0.26
text30-PHY-SHORT-2509.17653v2,q09,Name_x_Inst,-0.26
text31-MATH-SHORT-2511.03536v1,q09,Name_x_Inst,-0.09999999999999999
text32-MATH-SHORT-2603.02088v1,q09,Name_x_Inst,-0.14
text33-MATH-SHORT-2512.22134v3,q09,Name_x_Inst,0.1
text34-MATH-SHORT-2509.00532v1,q09,Name_x_Inst,-0.08
text35-MATH-SHORT-2512.06844v1,q09,Name_x_Inst,-0.16
text36-MATH-SHORT-2503.09380v2,q09,Name_x_Inst,0.34
text37-MATH-SHORT-2510.26426v1,q09,Name_x_Inst,-0.040000000000000015
text38-MATH-SHORT-2512.04101v1,q09,Name_x_Inst,0.2
text39-MATH-SHORT-2506.11609v2,q09,Name_x_Inst,0.059999999999999984
text40-MATH-SHORT-2507.15879v2,q09,Name_x_Inst,0.21999999999999997
text41-BIO-LONG-2512.06709v1,q09,Name_x_Inst,-0.26
text42-BIO-LONG-2503.07104v1,q09,Name_x_Inst,0.3
text43-BIO-LONG-2506.16577v1,q09,Name_x_Inst,-0.5599999999999999
text44-BIO-LONG-2505.20052v1,q09,Name_x_Inst,0.05999999999999996
text45-BIO-LONG-2507.17897v4,q09,Name_x_Inst,-0.07999999999999999
text46-BIO-LONG-2505.05863v1,q09,Name_x_Inst,-0.38
text47-BIO-LONG-2505.21094v1,q09,Name_x_Inst,-0.24000000000000005
text48-BIO-LONG-2602.16750v1,q09,Name_x_Inst,-0.54
text49-BIO-LONG-2511.10014v1,q09,Name_x_Inst,0.2799999999999999
text50-BIO-LONG-2603.01054v1,q09,Name_x_Inst,0.08
text51-CS-LONG-2602.11588v1,q09,Name_x_Inst,-0.86
text52-CS-LONG-2602.15675v1,q09,Name_x_Inst,0.24000000000000005
text53-CS-LONG-2603.02012v1,q09,Name_x_Inst,-0.07999999999999993
text54-CS-LONG-2602.23006v1,q09,Name_x_Inst,-0.16
text55-CS-LONG-2602.21625v1,q09,Name_x_Inst,-0.32
text56-CS-LONG-2602.13713v1,q09,Name_x_Inst,-0.12000000000000002
text57-CS-LONG-2603.00079v1,q09,Name_x_Inst,0.18
text58-CS-LONG-2603.01023v1,q09,Name_x_Inst,0.06000000000000001
text59-CS-LONG-2602.19401v1,q09,Name_x_Inst,0.14
text60-CS-LONG-2602.18518v1,q09,Name_x_Inst,-0.14000000000000004
text61-PHY-LONG-2602.03885v1,q09,Name_x_Inst,-0.3
text62-PHY-LONG-2511.21971v1,q09,Name_x_Inst,-0.019999999999999973
text63-PHY-LONG-2512.18015v1,q09,Name_x_Inst,-0.34
text64-PHY-LONG-2602.23683v1,q09,Name_x_Inst,0.08000000000000003
text65-PHY-LONG-2601.13267v1,q09,Name_x_Inst,0.72
text66-PHY-LONG-2512.24566v1,q09,Name_x_Inst,-0.13999999999999999
text67-PHY-LONG-2602.07636v2,q09,Name_x_Inst,0.09999999999999991
text68-PHY-LONG-2512.18130v1,q09,Name_x_Inst,0.02000000000000004
text69-PHY-LONG-2602.17389v1,q09,Name_x_Inst,0.41999999999999993
text70-PHY-LONG-2602.08188v1,q09,Name_x_Inst,0.5200000000000001
text71-MATH-LONG-2511.12781v1,q09,Name_x_Inst,0.24
text72-MATH-LONG-2602.06095v1,q09,Name_x_Inst,-0.2
text73-MATH-LONG-2511.18101v1,q09,Name_x_Inst,0.15999999999999998
text74-MATH-LONG-2512.15978v1,q09,Name_x_Inst,0.22000000000000003
text75-MATH-LONG-2511.22140v1,q09,Name_x_Inst,-0.28
text76-MATH-LONG-2602.20441v1,q09,Name_x_Inst,-0.040000000000000015
text77-MATH-LONG-2601.20851v2,q09,Name_x_Inst,-0.64
text78-MATH-LONG-2512.17595v1,q09,Name_x_Inst,-0.20000000000000004
text79-MATH-LONG-2512.10129v1,q09,Name_x_Inst,0.24
text80-MATH-LONG-2512.10507v1,q09,Name_x_Inst,-0.3
text01-BIO-SHORT-2505.02276v1,q09,Name_x_Bibliometrics,0.05999999999999996
text02-BIO-SHORT-2507.04575v1,q09,Name_x_Bibliometrics,0.08
text03-BIO-SHORT-2505.11568v3,q09,Name_x_Bibliometrics,0.17999999999999994
text04-BIO-SHORT-2507.08385v1,q09,Name_x_Bibliometrics,-0.12
text05-BIO-SHORT-2504.10973v1,q09,Name_x_Bibliometrics,0.2
text06-BIO-SHORT-2506.14789v1,q09,Name_x_Bibliometrics,0.019999999999999952
text07-BIO-SHORT-2506.13576v3,q09,Name_x_Bibliometrics,0.22000000000000003
text08-BIO-SHORT-2503.19923v2,q09,Name_x_Bibliometrics,-0.13999999999999999
text09-BIO-SHORT-2602.00019v1,q09,Name_x_Bibliometrics,-0.6
text10-BIO-SHORT-2506.13817v1,q09,Name_x_Bibliometrics,0.040000000000000036
text11-CS-SHORT-2506.09194v1,q09,Name_x_Bibliometrics,0.020000000000000007
text12-CS-SHORT-2512.19717v1,q09,Name_x_Bibliometrics,-0.18
text13-CS-SHORT-2510.04124v5,q09,Name_x_Bibliometrics,-0.32
text14-CS-SHORT-2509.13349v2,q09,Name_x_Bibliometrics,-0.2799999999999999
text15-CS-SHORT-2602.03870v1,q09,Name_x_Bibliometrics,0.2799999999999999
text16-CS-SHORT-2509.06033v1,q09,Name_x_Bibliometrics,-0.06
text17-CS-SHORT-2509.16294v1,q09,Name_x_Bibliometrics,0.040000000000000015
text18-CS-SHORT-2507.09492v1,q09,Name_x_Bibliometrics,0.72
text19-CS-SHORT-2509.14600v1,q09,Name_x_Bibliometrics,0.020000000000000025
text20-CS-SHORT-2503.14899v1,q09,Name_x_Bibliometrics,-0.06000000000000002
text21-PHY-SHORT-2601.23079v1,q09,Name_x_Bibliometrics,0.29999999999999993
text22-PHY-SHORT-2601.23047v1,q09,Name_x_Bibliometrics,0.25999999999999995
text23-PHY-SHORT-2601.23057v1,q09,Name_x_Bibliometrics,-0.22000000000000003
text24-PHY-SHORT-2509.16741v1,q09,Name_x_Bibliometrics,0.06000000000000002
text25-PHY-SHORT-2507.08042v1,q09,Name_x_Bibliometrics,0.2
text26-PHY-SHORT-2512.23538v1,q09,Name_x_Bibliometrics,-0.039999999999999945
text27-PHY-SHORT-2510.18500v1,q09,Name_x_Bibliometrics,0.48
text28-PHY-SHORT-2508.20431v1,q09,Name_x_Bibliometrics,-0.020000000000000025
text29-PHY-SHORT-2509.06825v1,q09,Name_x_Bibliometrics,-0.45999999999999996
text30-PHY-SHORT-2509.17653v2,q09,Name_x_Bibliometrics,0.8599999999999998
text31-MATH-SHORT-2511.03536v1,q09,Name_x_Bibliometrics,0.1
text32-MATH-SHORT-2603.02088v1,q09,Name_x_Bibliometrics,-0.13999999999999999
text33-MATH-SHORT-2512.22134v3,q09,Name_x_Bibliometrics,-0.1
text34-MATH-SHORT-2509.00532v1,q09,Name_x_Bibliometrics,0.12000000000000002
text35-MATH-SHORT-2512.06844v1,q09,Name_x_Bibliometrics,0.039999999999999994
text36-MATH-SHORT-2503.09380v2,q09,Name_x_Bibliometrics,0.18000000000000002
text37-MATH-SHORT-2510.26426v1,q09,Name_x_Bibliometrics,0.36000000000000004
text38-MATH-SHORT-2512.04101v1,q09,Name_x_Bibliometrics,-0.32
text39-MATH-SHORT-2506.11609v2,q09,Name_x_Bibliometrics,-0.18
text40-MATH-SHORT-2507.15879v2,q09,Name_x_Bibliometrics,0.14
text41-BIO-LONG-2512.06709v1,q09,Name_x_Bibliometrics,-0.18
text42-BIO-LONG-2503.07104v1,q09,Name_x_Bibliometrics,-0.42000000000000004
text43-BIO-LONG-2506.16577v1,q09,Name_x_Bibliometrics,0.07999999999999999
text44-BIO-LONG-2505.20052v1,q09,Name_x_Bibliometrics,0.019999999999999973
text45-BIO-LONG-2507.17897v4,q09,Name_x_Bibliometrics,0.040000000000000015
text46-BIO-LONG-2505.05863v1,q09,Name_x_Bibliometrics,0.5
text47-BIO-LONG-2505.21094v1,q09,Name_x_Bibliometrics,-0.08
text48-BIO-LONG-2602.16750v1,q09,Name_x_Bibliometrics,0.06000000000000001
text49-BIO-LONG-2511.10014v1,q09,Name_x_Bibliometrics,-0.03999999999999999
text50-BIO-LONG-2603.01054v1,q09,Name_x_Bibliometrics,-0.15999999999999998
text51-CS-LONG-2602.11588v1,q09,Name_x_Bibliometrics,-0.13999999999999999
text52-CS-LONG-2602.15675v1,q09,Name_x_Bibliometrics,0.5199999999999999
text53-CS-LONG-2603.02012v1,q09,Name_x_Bibliometrics,0.5599999999999999
text54-CS-LONG-2602.23006v1,q09,Name_x_Bibliometrics,0.44000000000000006
text55-CS-LONG-2602.21625v1,q09,Name_x_Bibliometrics,0.16000000000000003
text56-CS-LONG-2602.13713v1,q09,Name_x_Bibliometrics,-0.039999999999999966
text57-CS-LONG-2603.00079v1,q09,Name_x_Bibliometrics,-0.09999999999999995
text58-CS-LONG-2603.01023v1,q09,Name_x_Bibliometrics,-0.78
text59-CS-LONG-2602.19401v1,q09,Name_x_Bibliometrics,0.059999999999999984
text60-CS-LONG-2602.18518v1,q09,Name_x_Bibliometrics,-0.13999999999999999
text61-PHY-LONG-2602.03885v1,q09,Name_x_Bibliometrics,0.06
text62-PHY-LONG-2511.21971v1,q09,Name_x_Bibliometrics,0.22000000000000003
text63-PHY-LONG-2512.18015v1,q09,Name_x_Bibliometrics,0.09999999999999995
text64-PHY-LONG-2602.23683v1,q09,Name_x_Bibliometrics,-0.24
text65-PHY-LONG-2601.13267v1,q09,Name_x_Bibliometrics,-0.12000000000000002
text66-PHY-LONG-2512.24566v1,q09,Name_x_Bibliometrics,-0.020000000000000007
text67-PHY-LONG-2602.07636v2,q09,Name_x_Bibliometrics,-0.14000000000000007
text68-PHY-LONG-2512.18130v1,q09,Name_x_Bibliometrics,-0.019999999999999928
text69-PHY-LONG-2602.17389v1,q09,Name_x_Bibliometrics,0.26
text70-PHY-LONG-2602.08188v1,q09,Name_x_Bibliometrics,-0.23999999999999994
text71-MATH-LONG-2511.12781v1,q09,Name_x_Bibliometrics,0.040000000000000015
text72-MATH-LONG-2602.06095v1,q09,Name_x_Bibliometrics,0.2
text73-MATH-LONG-2511.18101v1,q09,Name_x_Bibliometrics,-0.2
text74-MATH-LONG-2512.15978v1,q09,Name_x_Bibliometrics,0.020000000000000018
text75-MATH-LONG-2511.22140v1,q09,Name_x_Bibliometrics,0.12000000000000002
text76-MATH-LONG-2602.20441v1,q09,Name_x_Bibliometrics,-0.7200000000000001
text77-MATH-LONG-2601.20851v2,q09,Name_x_Bibliometrics,0.20000000000000004
text78-MATH-LONG-2512.17595v1,q09,Name_x_Bibliometrics,-0.24
text79-MATH-LONG-2512.10129v1,q09,Name_x_Bibliometrics,0.16
text80-MATH-LONG-2512.10507v1,q09,Name_x_Bibliometrics,-0.5
text01-BIO-SHORT-2505.02276v1,q09,Inst_x_Bibliometrics,-0.09999999999999998
text02-BIO-SHORT-2507.04575v1,q09,Inst_x_Bibliometrics,0.16
text03-BIO-SHORT-2505.11568v3,q09,Inst_x_Bibliometrics,-0.05999999999999994
text04-BIO-SHORT-2507.08385v1,q09,Inst_x_Bibliometrics,-0.24000000000000005
text05-BIO-SHORT-2504.10973v1,q09,Inst_x_Bibliometrics,-1.1102230246251566e-17
text06-BIO-SHORT-2506.14789v1,q09,Inst_x_Bibliometrics,-0.29999999999999993
text07-BIO-SHORT-2506.13576v3,q09,Inst_x_Bibliometrics,0.9400000000000001
text08-BIO-SHORT-2503.19923v2,q09,Inst_x_Bibliometrics,-0.13999999999999999
text09-BIO-SHORT-2602.00019v1,q09,Inst_x_Bibliometrics,0.11999999999999997
text10-BIO-SHORT-2506.13817v1,q09,Inst_x_Bibliometrics,1.04
text11-CS-SHORT-2506.09194v1,q09,Inst_x_Bibliometrics,-0.13999999999999999
text12-CS-SHORT-2512.19717v1,q09,Inst_x_Bibliometrics,0.58
text13-CS-SHORT-2510.04124v5,q09,Inst_x_Bibliometrics,0.039999999999999994
text14-CS-SHORT-2509.13349v2,q09,Inst_x_Bibliometrics,0.6799999999999999
text15-CS-SHORT-2602.03870v1,q09,Inst_x_Bibliometrics,0.68
text16-CS-SHORT-2509.06033v1,q09,Inst_x_Bibliometrics,0.14
text17-CS-SHORT-2509.16294v1,q09,Inst_x_Bibliometrics,0.24000000000000005
text18-CS-SHORT-2507.09492v1,q09,Inst_x_Bibliometrics,-0.36000000000000004
text19-CS-SHORT-2509.14600v1,q09,Inst_x_Bibliometrics,-0.13999999999999996
text20-CS-SHORT-2503.14899v1,q09,Inst_x_Bibliometrics,0.25999999999999995
text21-PHY-SHORT-2601.23079v1,q09,Inst_x_Bibliometrics,-0.019999999999999928
text22-PHY-SHORT-2601.23047v1,q09,Inst_x_Bibliometrics,-0.18
text23-PHY-SHORT-2601.23057v1,q09,Inst_x_Bibliometrics,0.41999999999999993
text24-PHY-SHORT-2509.16741v1,q09,Inst_x_Bibliometrics,-0.10000000000000002
text25-PHY-SHORT-2507.08042v1,q09,Inst_x_Bibliometrics,-0.4
text26-PHY-SHORT-2512.23538v1,q09,Inst_x_Bibliometrics,0.12000000000000006
text27-PHY-SHORT-2510.18500v1,q09,Inst_x_Bibliometrics,-0.4
text28-PHY-SHORT-2508.20431v1,q09,Inst_x_Bibliometrics,0.060000000000000095
text29-PHY-SHORT-2509.06825v1,q09,Inst_x_Bibliometrics,-0.21999999999999997
text30-PHY-SHORT-2509.17653v2,q09,Inst_x_Bibliometrics,-0.29999999999999993
text31-MATH-SHORT-2511.03536v1,q09,Inst_x_Bibliometrics,-0.45999999999999996
text32-MATH-SHORT-2603.02088v1,q09,Inst_x_Bibliometrics,-0.3
text33-MATH-SHORT-2512.22134v3,q09,Inst_x_Bibliometrics,-0.5399999999999999
text34-MATH-SHORT-2509.00532v1,q09,Inst_x_Bibliometrics,0.36
text35-MATH-SHORT-2512.06844v1,q09,Inst_x_Bibliometrics,0.9199999999999999
text36-MATH-SHORT-2503.09380v2,q09,Inst_x_Bibliometrics,-0.020000000000000007
text37-MATH-SHORT-2510.26426v1,q09,Inst_x_Bibliometrics,0.12
text38-MATH-SHORT-2512.04101v1,q09,Inst_x_Bibliometrics,0.08
text39-MATH-SHORT-2506.11609v2,q09,Inst_x_Bibliometrics,0.09999999999999998
text40-MATH-SHORT-2507.15879v2,q09,Inst_x_Bibliometrics,0.5
text41-BIO-LONG-2512.06709v1,q09,Inst_x_Bibliometrics,0.06000000000000001
text42-BIO-LONG-2503.07104v1,q09,Inst_x_Bibliometrics,0.10000000000000005
text43-BIO-LONG-2506.16577v1,q09,Inst_x_Bibliometrics,0.11999999999999997
text44-BIO-LONG-2505.20052v1,q09,Inst_x_Bibliometrics,-0.45999999999999996
text45-BIO-LONG-2507.17897v4,q09,Inst_x_Bibliometrics,0.12000000000000002
text46-BIO-LONG-2505.05863v1,q09,Inst_x_Bibliometrics,0.54
text47-BIO-LONG-2505.21094v1,q09,Inst_x_Bibliometrics,0.31999999999999995
text48-BIO-LONG-2602.16750v1,q09,Inst_x_Bibliometrics,0.3400000000000001
text49-BIO-LONG-2511.10014v1,q09,Inst_x_Bibliometrics,0.76
text50-BIO-LONG-2603.01054v1,q09,Inst_x_Bibliometrics,2.2204460492503132e-17
text51-CS-LONG-2602.11588v1,q09,Inst_x_Bibliometrics,-0.020000000000000028
text52-CS-LONG-2602.15675v1,q09,Inst_x_Bibliometrics,-0.28
text53-CS-LONG-2603.02012v1,q09,Inst_x_Bibliometrics,1.24
text54-CS-LONG-2602.23006v1,q09,Inst_x_Bibliometrics,-0.07999999999999999
text55-CS-LONG-2602.21625v1,q09,Inst_x_Bibliometrics,0.4000000000000001
text56-CS-LONG-2602.13713v1,q09,Inst_x_Bibliometrics,0.36
text57-CS-LONG-2603.00079v1,q09,Inst_x_Bibliometrics,0.019999999999999973
text58-CS-LONG-2603.01023v1,q09,Inst_x_Bibliometrics,-0.06000000000000003
text59-CS-LONG-2602.19401v1,q09,Inst_x_Bibliometrics,0.3
text60-CS-LONG-2602.18518v1,q09,Inst_x_Bibliometrics,-0.5000000000000001
text61-PHY-LONG-2602.03885v1,q09,Inst_x_Bibliometrics,-0.38000000000000006
text62-PHY-LONG-2511.21971v1,q09,Inst_x_Bibliometrics,-0.5399999999999999
text63-PHY-LONG-2512.18015v1,q09,Inst_x_Bibliometrics,0.18000000000000002
text64-PHY-LONG-2602.23683v1,q09,Inst_x_Bibliometrics,0.9199999999999999
text65-PHY-LONG-2601.13267v1,q09,Inst_x_Bibliometrics,-0.43999999999999995
text66-PHY-LONG-2512.24566v1,q09,Inst_x_Bibliometrics,0.1
text67-PHY-LONG-2602.07636v2,q09,Inst_x_Bibliometrics,0.020000000000000018
text68-PHY-LONG-2512.18130v1,q09,Inst_x_Bibliometrics,-0.06000000000000003
text69-PHY-LONG-2602.17389v1,q09,Inst_x_Bibliometrics,0.41999999999999993
text70-PHY-LONG-2602.08188v1,q09,Inst_x_Bibliometrics,0.12000000000000002
text71-MATH-LONG-2511.12781v1,q09,Inst_x_Bibliometrics,-0.24
text72-MATH-LONG-2602.06095v1,q09,Inst_x_Bibliometrics,0.12
text73-MATH-LONG-2511.18101v1,q09,Inst_x_Bibliometrics,-0.6799999999999999
text74-MATH-LONG-2512.15978v1,q09,Inst_x_Bibliometrics,0.1
text75-MATH-LONG-2511.22140v1,q09,Inst_x_Bibliometrics,0.6
text76-MATH-LONG-2602.20441v1,q09,Inst_x_Bibliometrics,0.36000000000000004
text77-MATH-LONG-2601.20851v2,q09,Inst_x_Bibliometrics,0.47999999999999987
text78-MATH-LONG-2512.17595v1,q09,Inst_x_Bibliometrics,0.24000000000000007
text79-MATH-LONG-2512.10129v1,q09,Inst_x_Bibliometrics,-0.6
text80-MATH-LONG-2512.10507v1,q09,Inst_x_Bibliometrics,-0.18
text01-BIO-SHORT-2505.02276v1,q10,BF_minus_WM,0.14
text02-BIO-SHORT-2507.04575v1,q10,BF_minus_WM,0.06999999999999998
text03-BIO-SHORT-2505.11568v3,q10,BF_minus_WM,0.039999999999999994
text04-BIO-SHORT-2507.08385v1,q10,BF_minus_WM,-0.01000000000000002
text05-BIO-SHORT-2504.10973v1,q10,BF_minus_WM,-0.06000000000000001
text06-BIO-SHORT-2506.14789v1,q10,BF_minus_WM,-0.09
text07-BIO-SHORT-2506.13576v3,q10,BF_minus_WM,0.2
text08-BIO-SHORT-2503.19923v2,q10,BF_minus_WM,-0.05
text09-BIO-SHORT-2602.00019v1,q10,BF_minus_WM,0.19000000000000003
text10-BIO-SHORT-2506.13817v1,q10,BF_minus_WM,-0.009999999999999998
text11-CS-SHORT-2506.09194v1,q10,BF_minus_WM,0.1
text12-CS-SHORT-2512.19717v1,q10,BF_minus_WM,1.1102230246251566e-17
text13-CS-SHORT-2510.04124v5,q10,BF_minus_WM,0.37
text14-CS-SHORT-2509.13349v2,q10,BF_minus_WM,0.07999999999999999
text15-CS-SHORT-2602.03870v1,q10,BF_minus_WM,0.19
text16-CS-SHORT-2509.06033v1,q10,BF_minus_WM,-0.009999999999999998
text17-CS-SHORT-2509.16294v1,q10,BF_minus_WM,-0.06
text18-CS-SHORT-2507.09492v1,q10,BF_minus_WM,0.14
text19-CS-SHORT-2509.14600v1,q10,BF_minus_WM,-0.03999999999999999
text20-CS-SHORT-2503.14899v1,q10,BF_minus_WM,0.15
text21-PHY-SHORT-2601.23079v1,q10,BF_minus_WM,-0.12
text22-PHY-SHORT-2601.23047v1,q10,BF_minus_WM,0.19
text23-PHY-SHORT-2601.23057v1,q10,BF_minus_WM,0.05000000000000003
text24-PHY-SHORT-2509.16741v1,q10,BF_minus_WM,-0.08999999999999998
text25-PHY-SHORT-2507.08042v1,q10,BF_minus_WM,-0.04
text26-PHY-SHORT-2512.23538v1,q10,BF_minus_WM,0.21999999999999997
text27-PHY-SHORT-2510.18500v1,q10,BF_minus_WM,0.07999999999999999
text28-PHY-SHORT-2508.20431v1,q10,BF_minus_WM,0.1
text29-PHY-SHORT-2509.06825v1,q10,BF_minus_WM,0.019999999999999997
text30-PHY-SHORT-2509.17653v2,q10,BF_minus_WM,0.15
text31-MATH-SHORT-2511.03536v1,q10,BF_minus_WM,-0.09000000000000001
text32-MATH-SHORT-2603.02088v1,q10,BF_minus_WM,0.09000000000000001
text33-MATH-SHORT-2512.22134v3,q10,BF_minus_WM,0.039999999999999994
text34-MATH-SHORT-2509.00532v1,q10,BF_minus_WM,-0.10999999999999999
text35-MATH-SHORT-2512.06844v1,q10,BF_minus_WM,-0.019999999999999973
text36-MATH-SHORT-2503.09380v2,q10,BF_minus_WM,0.25000000000000006
text37-MATH-SHORT-2510.26426v1,q10,BF_minus_WM,0.25999999999999995
text38-MATH-SHORT-2512.04101v1,q10,BF_minus_WM,-0.18000000000000002
text39-MATH-SHORT-2506.11609v2,q10,BF_minus_WM,-0.06999999999999999
text40-MATH-SHORT-2507.15879v2,q10,BF_minus_WM,-0.030000000000000006
text41-BIO-LONG-2512.06709v1,q10,BF_minus_WM,-0.16
text42-BIO-LONG-2503.07104v1,q10,BF_minus_WM,-0.019999999999999997
text43-BIO-LONG-2506.16577v1,q10,BF_minus_WM,0.41
text44-BIO-LONG-2505.20052v1,q10,BF_minus_WM,0.10999999999999996
text45-BIO-LONG-2507.17897v4,q10,BF_minus_WM,0.35
text46-BIO-LONG-2505.05863v1,q10,BF_minus_WM,0.009999999999999998
text47-BIO-LONG-2505.21094v1,q10,BF_minus_WM,0.039999999999999994
text48-BIO-LONG-2602.16750v1,q10,BF_minus_WM,0.2
text49-BIO-LONG-2511.10014v1,q10,BF_minus_WM,-0.030000000000000016
text50-BIO-LONG-2603.01054v1,q10,BF_minus_WM,-0.040000000000000015
text51-CS-LONG-2602.11588v1,q10,BF_minus_WM,0.009999999999999998
text52-CS-LONG-2602.15675v1,q10,BF_minus_WM,0.15
text53-CS-LONG-2603.02012v1,q10,BF_minus_WM,0.05
text54-CS-LONG-2602.23006v1,q10,BF_minus_WM,-0.10000000000000002
text55-CS-LONG-2602.21625v1,q10,BF_minus_WM,0.18000000000000002
text56-CS-LONG-2602.13713v1,q10,BF_minus_WM,-0.030000000000000006
text57-CS-LONG-2603.00079v1,q10,BF_minus_WM,-5.551115123125783e-18
text58-CS-LONG-2603.01023v1,q10,BF_minus_WM,0.12999999999999998
text59-CS-LONG-2602.19401v1,q10,BF_minus_WM,-0.06
text60-CS-LONG-2602.18518v1,q10,BF_minus_WM,0.13999999999999996
text61-PHY-LONG-2602.03885v1,q10,BF_minus_WM,0.03
text62-PHY-LONG-2511.21971v1,q10,BF_minus_WM,0.26
text63-PHY-LONG-2512.18015v1,q10,BF_minus_WM,0.2
text64-PHY-LONG-2602.23683v1,q10,BF_minus_WM,-0.09999999999999999
text65-PHY-LONG-2601.13267v1,q10,BF_minus_WM,0.039999999999999994
text66-PHY-LONG-2512.24566v1,q10,BF_minus_WM,0.030000000000000006
text67-PHY-LONG-2602.07636v2,q10,BF_minus_WM,0.07999999999999999
text68-PHY-LONG-2512.18130v1,q10,BF_minus_WM,0.1
text69-PHY-LONG-2602.17389v1,q10,BF_minus_WM,0.13
text70-PHY-LONG-2602.08188v1,q10,BF_minus_WM,-0.010000000000000004
text71-MATH-LONG-2511.12781v1,q10,BF_minus_WM,0.2
text72-MATH-LONG-2602.06095v1,q10,BF_minus_WM,0.10999999999999999
text73-MATH-LONG-2511.18101v1,q10,BF_minus_WM,-0.09999999999999999
text74-MATH-LONG-2512.15978v1,q10,BF_minus_WM,0.17
text75-MATH-LONG-2511.22140v1,q10,BF_minus_WM,0.20999999999999996
text76-MATH-LONG-2602.20441v1,q10,BF_minus_WM,0.08000000000000002
text77-MATH-LONG-2601.20851v2,q10,BF_minus_WM,-0.29000000000000004
text78-MATH-LONG-2512.17595v1,q10,BF_minus_WM,0.11000000000000001
text79-MATH-LONG-2512.10129v1,q10,BF_minus_WM,0.06
text80-MATH-LONG-2512.10507v1,q10,BF_minus_WM,0.049999999999999975
text01-BIO-SHORT-2505.02276v1,q10,HI_minus_LI,0.06000000000000001
text02-BIO-SHORT-2507.04575v1,q10,HI_minus_LI,0.03
text03-BIO-SHORT-2505.11568v3,q10,HI_minus_LI,-0.06000000000000001
text04-BIO-SHORT-2507.08385v1,q10,HI_minus_LI,0.009999999999999986
text05-BIO-SHORT-2504.10973v1,q10,HI_minus_LI,-0.12000000000000002
text06-BIO-SHORT-2506.14789v1,q10,HI_minus_LI,0.06999999999999999
text07-BIO-SHORT-2506.13576v3,q10,HI_minus_LI,-0.2
text08-BIO-SHORT-2503.19923v2,q10,HI_minus_LI,0.030000000000000006
text09-BIO-SHORT-2602.00019v1,q10,HI_minus_LI,0.04999999999999999
text10-BIO-SHORT-2506.13817v1,q10,HI_minus_LI,0.11000000000000001
text11-CS-SHORT-2506.09194v1,q10,HI_minus_LI,-0.32
text12-CS-SHORT-2512.19717v1,q10,HI_minus_LI,0.22000000000000003
text13-CS-SHORT-2510.04124v5,q10,HI_minus_LI,-0.21000000000000002
text14-CS-SHORT-2509.13349v2,q10,HI_minus_LI,-1.1102230246251566e-17
text15-CS-SHORT-2602.03870v1,q10,HI_minus_LI,-0.13
text16-CS-SHORT-2509.06033v1,q10,HI_minus_LI,-0.009999999999999986
text17-CS-SHORT-2509.16294v1,q10,HI_minus_LI,-0.019999999999999997
text18-CS-SHORT-2507.09492v1,q10,HI_minus_LI,-0.45999999999999996
text19-CS-SHORT-2509.14600v1,q10,HI_minus_LI,-0.02000000000000001
text20-CS-SHORT-2503.14899v1,q10,HI_minus_LI,-0.010000000000000054
text21-PHY-SHORT-2601.23079v1,q10,HI_minus_LI,-0.1
text22-PHY-SHORT-2601.23047v1,q10,HI_minus_LI,-0.04999999999999999
text23-PHY-SHORT-2601.23057v1,q10,HI_minus_LI,-0.25
text24-PHY-SHORT-2509.16741v1,q10,HI_minus_LI,0.010000000000000004
text25-PHY-SHORT-2507.08042v1,q10,HI_minus_LI,1.1102230246251566e-17
text26-PHY-SHORT-2512.23538v1,q10,HI_minus_LI,0.06000000000000001
text27-PHY-SHORT-2510.18500v1,q10,HI_minus_LI,-0.03999999999999998
text28-PHY-SHORT-2508.20431v1,q10,HI_minus_LI,0.020000000000000007
text29-PHY-SHORT-2509.06825v1,q10,HI_minus_LI,-0.12000000000000002
text30-PHY-SHORT-2509.17653v2,q10,HI_minus_LI,-0.23000000000000004
text31-MATH-SHORT-2511.03536v1,q10,HI_minus_LI,-0.15
text32-MATH-SHORT-2603.02088v1,q10,HI_minus_LI,-0.029999999999999992
text33-MATH-SHORT-2512.22134v3,q10,HI_minus_LI,-0.27999999999999997
text34-MATH-SHORT-2509.00532v1,q10,HI_minus_LI,-0.09
text35-MATH-SHORT-2512.06844v1,q10,HI_minus_LI,-0.4600000000000001
text36-MATH-SHORT-2503.09380v2,q10,HI_minus_LI,-0.010000000000000009
text37-MATH-SHORT-2510.26426v1,q10,HI_minus_LI,0.24
text38-MATH-SHORT-2512.04101v1,q10,HI_minus_LI,0.28
text39-MATH-SHORT-2506.11609v2,q10,HI_minus_LI,0.07
text40-MATH-SHORT-2507.15879v2,q10,HI_minus_LI,-0.11000000000000001
text41-BIO-LONG-2512.06709v1,q10,HI_minus_LI,-0.42000000000000004
text42-BIO-LONG-2503.07104v1,q10,HI_minus_LI,0.0
text43-BIO-LONG-2506.16577v1,q10,HI_minus_LI,0.16999999999999998
text44-BIO-LONG-2505.20052v1,q10,HI_minus_LI,0.15
text45-BIO-LONG-2507.17897v4,q10,HI_minus_LI,-0.13000000000000003
text46-BIO-LONG-2505.05863v1,q10,HI_minus_LI,-0.10999999999999999
text47-BIO-LONG-2505.21094v1,q10,HI_minus_LI,0.24
text48-BIO-LONG-2602.16750v1,q10,HI_minus_LI,-0.04
text49-BIO-LONG-2511.10014v1,q10,HI_minus_LI,-0.32999999999999996
text50-BIO-LONG-2603.01054v1,q10,HI_minus_LI,0.019999999999999997
text51-CS-LONG-2602.11588v1,q10,HI_minus_LI,-0.029999999999999992
text52-CS-LONG-2602.15675v1,q10,HI_minus_LI,-0.02999999999999998
text53-CS-LONG-2603.02012v1,q10,HI_minus_LI,-0.22999999999999998
text54-CS-LONG-2602.23006v1,q10,HI_minus_LI,0.16
text55-CS-LONG-2602.21625v1,q10,HI_minus_LI,0.10000000000000005
text56-CS-LONG-2602.13713v1,q10,HI_minus_LI,-0.53
text57-CS-LONG-2603.00079v1,q10,HI_minus_LI,0.06
text58-CS-LONG-2603.01023v1,q10,HI_minus_LI,-0.17
text59-CS-LONG-2602.19401v1,q10,HI_minus_LI,-0.059999999999999984
text60-CS-LONG-2602.18518v1,q10,HI_minus_LI,0.040000000000000015
text61-PHY-LONG-2602.03885v1,q10,HI_minus_LI,0.17
text62-PHY-LONG-2511.21971v1,q10,HI_minus_LI,0.09999999999999998
text63-PHY-LONG-2512.18015v1,q10,HI_minus_LI,-0.06
text64-PHY-LONG-2602.23683v1,q10,HI_minus_LI,1.1102230246251566e-17
text65-PHY-LONG-2601.13267v1,q10,HI_minus_LI,0.12
text66-PHY-LONG-2512.24566v1,q10,HI_minus_LI,-0.049999999999999996
text67-PHY-LONG-2602.07636v2,q10,HI_minus_LI,-0.28
text68-PHY-LONG-2512.18130v1,q10,HI_minus_LI,0.18
text69-PHY-LONG-2602.17389v1,q10,HI_minus_LI,-0.050000000000000024
text70-PHY-LONG-2602.08188v1,q10,HI_minus_LI,0.27
text71-MATH-LONG-2511.12781v1,q10,HI_minus_LI,0.18000000000000002
text72-MATH-LONG-2602.06095v1,q10,HI_minus_LI,-0.009999999999999998
text73-MATH-LONG-2511.18101v1,q10,HI_minus_LI,0.01999999999999998
text74-MATH-LONG-2512.15978v1,q10,HI_minus_LI,0.16999999999999998
text75-MATH-LONG-2511.22140v1,q10,HI_minus_LI,0.19
text76-MATH-LONG-2602.20441v1,q10,HI_minus_LI,-0.06
text77-MATH-LONG-2601.20851v2,q10,HI_minus_LI,0.04999999999999999
text78-MATH-LONG-2512.17595v1,q10,HI_minus_LI,0.05000000000000001
text79-MATH-LONG-2512.10129v1,q10,HI_minus_LI,-0.04
text80-MATH-LONG-2512.10507v1,q10,HI_minus_LI,0.21000000000000002
text01-BIO-SHORT-2505.02276v1,q10,HP_minus_LP,0.31999999999999995
text02-BIO-SHORT-2507.04575v1,q10,HP_minus_LP,0.05
text03-BIO-SHORT-2505.11568v3,q10,HP_minus_LP,0.27999999999999997
text04-BIO-SHORT-2507.08385v1,q10,HP_minus_LP,0.25
text05-BIO-SHORT-2504.10973v1,q10,HP_minus_LP,0.039999999999999994
text06-BIO-SHORT-2506.14789v1,q10,HP_minus_LP,0.75
text07-BIO-SHORT-2506.13576v3,q10,HP_minus_LP,-0.10000000000000002
text08-BIO-SHORT-2503.19923v2,q10,HP_minus_LP,-0.030000000000000006
text09-BIO-SHORT-2602.00019v1,q10,HP_minus_LP,-0.02999999999999998
text10-BIO-SHORT-2506.13817v1,q10,HP_minus_LP,0.29
text11-CS-SHORT-2506.09194v1,q10,HP_minus_LP,0.32
text12-CS-SHORT-2512.19717v1,q10,HP_minus_LP,0.27999999999999997
text13-CS-SHORT-2510.04124v5,q10,HP_minus_LP,0.11000000000000003
text14-CS-SHORT-2509.13349v2,q10,HP_minus_LP,0.08
text15-CS-SHORT-2602.03870v1,q10,HP_minus_LP,-0.010000000000000009
text16-CS-SHORT-2509.06033v1,q10,HP_minus_LP,0.15
text17-CS-SHORT-2509.16294v1,q10,HP_minus_LP,0.1
text18-CS-SHORT-2507.09492v1,q10,HP_minus_LP,0.15999999999999998
text19-CS-SHORT-2509.14600v1,q10,HP_minus_LP,-0.03999999999999999
text20-CS-SHORT-2503.14899v1,q10,HP_minus_LP,0.39
text21-PHY-SHORT-2601.23079v1,q10,HP_minus_LP,0.26
text22-PHY-SHORT-2601.23047v1,q10,HP_minus_LP,0.29000000000000004
text23-PHY-SHORT-2601.23057v1,q10,HP_minus_LP,-0.06999999999999998
text24-PHY-SHORT-2509.16741v1,q10,HP_minus_LP,0.21000000000000002
text25-PHY-SHORT-2507.08042v1,q10,HP_minus_LP,-0.12000000000000002
text26-PHY-SHORT-2512.23538v1,q10,HP_minus_LP,0.5
text27-PHY-SHORT-2510.18500v1,q10,HP_minus_LP,0.26
text28-PHY-SHORT-2508.20431v1,q10,HP_minus_LP,0.22000000000000003
text29-PHY-SHORT-2509.06825v1,q10,HP_minus_LP,0.44000000000000006
text30-PHY-SHORT-2509.17653v2,q10,HP_minus_LP,-0.15
text31-MATH-SHORT-2511.03536v1,q10,HP_minus_LP,0.27
text32-MATH-SHORT-2603.02088v1,q10,HP_minus_LP,0.30999999999999994
text33-MATH-SHORT-2512.22134v3,q10,HP_minus_LP,-0.3
text34-MATH-SHORT-2509.00532v1,q10,HP_minus_LP,0.030000000000000006
text35-MATH-SHORT-2512.06844v1,q10,HP_minus_LP,-0.09999999999999999
text36-MATH-SHORT-2503.09380v2,q10,HP_minus_LP,0.07000000000000002
text37-MATH-SHORT-2510.26426v1,q10,HP_minus_LP,-0.45999999999999996
text38-MATH-SHORT-2512.04101v1,q10,HP_minus_LP,0.20000000000000004
text39-MATH-SHORT-2506.11609v2,q10,HP_minus_LP,0.31
text40-MATH-SHORT-2507.15879v2,q10,HP_minus_LP,0.39
text41-BIO-LONG-2512.06709v1,q10,HP_minus_LP,-0.06
text42-BIO-LONG-2503.07104v1,q10,HP_minus_LP,0.24000000000000005
text43-BIO-LONG-2506.16577v1,q10,HP_minus_LP,-0.2700000000000001
text44-BIO-LONG-2505.20052v1,q10,HP_minus_LP,0.31
text45-BIO-LONG-2507.17897v4,q10,HP_minus_LP,0.29000000000000004
text46-BIO-LONG-2505.05863v1,q10,HP_minus_LP,0.11000000000000001
text47-BIO-LONG-2505.21094v1,q10,HP_minus_LP,0.14
text48-BIO-LONG-2602.16750v1,q10,HP_minus_LP,0.020000000000000007
text49-BIO-LONG-2511.10014v1,q10,HP_minus_LP,-0.16999999999999998
text50-BIO-LONG-2603.01054v1,q10,HP_minus_LP,0.33999999999999997
text51-CS-LONG-2602.11588v1,q10,HP_minus_LP,0.06999999999999998
text52-CS-LONG-2602.15675v1,q10,HP_minus_LP,0.53
text53-CS-LONG-2603.02012v1,q10,HP_minus_LP,0.09
text54-CS-LONG-2602.23006v1,q10,HP_minus_LP,0.14
text55-CS-LONG-2602.21625v1,q10,HP_minus_LP,0.14000000000000004
text56-CS-LONG-2602.13713v1,q10,HP_minus_LP,0.27
text57-CS-LONG-2603.00079v1,q10,HP_minus_LP,0.18000000000000002
text58-CS-LONG-2603.01023v1,q10,HP_minus_LP,0.27
text59-CS-LONG-2602.19401v1,q10,HP_minus_LP,0.45999999999999996
text60-CS-LONG-2602.18518v1,q10,HP_minus_LP,1.1102230246251566e-17
text61-PHY-LONG-2602.03885v1,q10,HP_minus_LP,0.35
text62-PHY-LONG-2511.21971v1,q10,HP_minus_LP,0.3
text63-PHY-LONG-2512.18015v1,q10,HP_minus_LP,0.38
text64-PHY-LONG-2602.23683v1,q10,HP_minus_LP,0.07999999999999999
text65-PHY-LONG-2601.13267v1,q10,HP_minus_LP,0.42000000000000004
text66-PHY-LONG-2512.24566v1,q10,HP_minus_LP,0.19
text67-PHY-LONG-2602.07636v2,q10,HP_minus_LP,0.3
text68-PHY-LONG-2512.18130v1,q10,HP_minus_LP,0.13999999999999999
text69-PHY-LONG-2602.17389v1,q10,HP_minus_LP,0.27
text70-PHY-LONG-2602.08188v1,q10,HP_minus_LP,0.43
text71-MATH-LONG-2511.12781v1,q10,HP_minus_LP,0.25999999999999995
text72-MATH-LONG-2602.06095v1,q10,HP_minus_LP,0.27
text73-MATH-LONG-2511.18101v1,q10,HP_minus_LP,0.09999999999999999
text74-MATH-LONG-2512.15978v1,q10,HP_minus_LP,0.37
text75-MATH-LONG-2511.22140v1,q10,HP_minus_LP,0.10999999999999999
text76-MATH-LONG-2602.20441v1,q10,HP_minus_LP,0.09999999999999999
text77-MATH-LONG-2601.20851v2,q10,HP_minus_LP,0.32999999999999996
text78-MATH-LONG-2512.17595v1,q10,HP_minus_LP,0.35
text79-MATH-LONG-2512.10129v1,q10,HP_minus_LP,0.020000000000000007
text80-MATH-LONG-2512.10507v1,q10,HP_minus_LP,0.45
text01-BIO-SHORT-2505.02276v1,q10,Name_x_Inst,-1.1102230246251566e-17
text02-BIO-SHORT-2507.04575v1,q10,Name_x_Inst,0.019999999999999997
text03-BIO-SHORT-2505.11568v3,q10,Name_x_Inst,0.040000000000000036
text04-BIO-SHORT-2507.08385v1,q10,Name_x_Inst,-0.38
text05-BIO-SHORT-2504.10973v1,q10,Name_x_Inst,0.12000000000000004
text06-BIO-SHORT-2506.14789v1,q10,Name_x_Inst,0.18
text07-BIO-SHORT-2506.13576v3,q10,Name_x_Inst,0.03999999999999998
text08-BIO-SHORT-2503.19923v2,q10,Name_x_Inst,-0.1
text09-BIO-SHORT-2602.00019v1,q10,Name_x_Inst,-0.019999999999999997
text10-BIO-SHORT-2506.13817v1,q10,Name_x_Inst,0.019999999999999997
text11-CS-SHORT-2506.09194v1,q10,Name_x_Inst,-0.08
text12-CS-SHORT-2512.19717v1,q10,Name_x_Inst,-0.32
text13-CS-SHORT-2510.04124v5,q10,Name_x_Inst,-0.06
text14-CS-SHORT-2509.13349v2,q10,Name_x_Inst,-0.2
text15-CS-SHORT-2602.03870v1,q10,Name_x_Inst,-0.22000000000000003
text16-CS-SHORT-2509.06033v1,q10,Name_x_Inst,0.22000000000000003
text17-CS-SHORT-2509.16294v1,q10,Name_x_Inst,0.039999999999999994
text18-CS-SHORT-2507.09492v1,q10,Name_x_Inst,-0.07999999999999999
text19-CS-SHORT-2509.14600v1,q10,Name_x_Inst,0.08000000000000002
text20-CS-SHORT-2503.14899v1,q10,Name_x_Inst,-0.22000000000000003
text21-PHY-SHORT-2601.23079v1,q10,Name_x_Inst,0.07999999999999996
text22-PHY-SHORT-2601.23047v1,q10,Name_x_Inst,0.06000000000000001
text23-PHY-SHORT-2601.23057v1,q10,Name_x_Inst,0.78
text24-PHY-SHORT-2509.16741v1,q10,Name_x_Inst,-0.06000000000000005
text25-PHY-SHORT-2507.08042v1,q10,Name_x_Inst,-0.12
text26-PHY-SHORT-2512.23538v1,q10,Name_x_Inst,0.44000000000000006
text27-PHY-SHORT-2510.18500v1,q10,Name_x_Inst,-0.12000000000000004
text28-PHY-SHORT-2508.20431v1,q10,Name_x_Inst,0.27999999999999997
text29-PHY-SHORT-2509.06825v1,q10,Name_x_Inst,-0.039999999999999966
text30-PHY-SHORT-2509.17653v2,q10,Name_x_Inst,-0.1
text31-MATH-SHORT-2511.03536v1,q10,Name_x_Inst,-0.45999999999999996
text32-MATH-SHORT-2603.02088v1,q10,Name_x_Inst,-0.18000000000000002
text33-MATH-SHORT-2512.22134v3,q10,Name_x_Inst,-0.039999999999999994
text34-MATH-SHORT-2509.00532v1,q10,Name_x_Inst,-0.019999999999999997
text35-MATH-SHORT-2512.06844v1,q10,Name_x_Inst,-0.11999999999999997
text36-MATH-SHORT-2503.09380v2,q10,Name_x_Inst,0.6200000000000001
text37-MATH-SHORT-2510.26426v1,q10,Name_x_Inst,0.08000000000000003
text38-MATH-SHORT-2512.04101v1,q10,Name_x_Inst,-0.08000000000000004
text39-MATH-SHORT-2506.11609v2,q10,Name_x_Inst,-0.22000000000000003
text40-MATH-SHORT-2507.15879v2,q10,Name_x_Inst,0.06000000000000001
text41-BIO-LONG-2512.06709v1,q10,Name_x_Inst,0.6
text42-BIO-LONG-2503.07104v1,q10,Name_x_Inst,-0.039999999999999994
text43-BIO-LONG-2506.16577v1,q10,Name_x_Inst,-0.5
text44-BIO-LONG-2505.20052v1,q10,Name_x_Inst,0.1
text45-BIO-LONG-2507.17897v4,q10,Name_x_Inst,-0.18000000000000002
text46-BIO-LONG-2505.05863v1,q10,Name_x_Inst,-0.22000000000000003
text47-BIO-LONG-2505.21094v1,q10,Name_x_Inst,0.039999999999999994
text48-BIO-LONG-2602.16750v1,q10,Name_x_Inst,-0.4
text49-BIO-LONG-2511.10014v1,q10,Name_x_Inst,0.06000000000000001
text50-BIO-LONG-2603.01054v1,q10,Name_x_Inst,0.0
text51-CS-LONG-2602.11588v1,q10,Name_x_Inst,-0.019999999999999997
text52-CS-LONG-2602.15675v1,q10,Name_x_Inst,-0.09999999999999998
text53-CS-LONG-2603.02012v1,q10,Name_x_Inst,0.26
text54-CS-LONG-2602.23006v1,q10,Name_x_Inst,0.16
text55-CS-LONG-2602.21625v1,q10,Name_x_Inst,-0.28
text56-CS-LONG-2602.13713v1,q10,Name_x_Inst,-0.13999999999999999
text57-CS-LONG-2603.00079v1,q10,Name_x_Inst,-0.039999999999999994
text58-CS-LONG-2603.01023v1,q10,Name_x_Inst,-0.21999999999999992
text59-CS-LONG-2602.19401v1,q10,Name_x_Inst,-0.039999999999999966
text60-CS-LONG-2602.18518v1,q10,Name_x_Inst,0.07999999999999992
text61-PHY-LONG-2602.03885v1,q10,Name_x_Inst,-0.21999999999999997
text62-PHY-LONG-2511.21971v1,q10,Name_x_Inst,0.27999999999999997
text63-PHY-LONG-2512.18015v1,q10,Name_x_Inst,-0.24
text64-PHY-LONG-2602.23683v1,q10,Name_x_Inst,-0.12
text65-PHY-LONG-2601.13267v1,q10,Name_x_Inst,-0.4
text66-PHY-LONG-2512.24566v1,q10,Name_x_Inst,0.22000000000000003
text67-PHY-LONG-2602.07636v2,q10,Name_x_Inst,-0.08
text68-PHY-LONG-2512.18130v1,q10,Name_x_Inst,-0.19999999999999996
text69-PHY-LONG-2602.17389v1,q10,Name_x_Inst,0.14
text70-PHY-LONG-2602.08188v1,q10,Name_x_Inst,-0.10000000000000006
text71-MATH-LONG-2511.12781v1,q10,Name_x_Inst,-0.28
text72-MATH-LONG-2602.06095v1,q10,Name_x_Inst,-0.22000000000000003
text73-MATH-LONG-2511.18101v1,q10,Name_x_Inst,0.04
text74-MATH-LONG-2512.15978v1,q10,Name_x_Inst,0.06000000000000005
text75-MATH-LONG-2511.22140v1,q10,Name_x_Inst,0.13999999999999999
text76-MATH-LONG-2602.20441v1,q10,Name_x_Inst,-0.04000000000000001
text77-MATH-LONG-2601.20851v2,q10,Name_x_Inst,0.059999999999999984
text78-MATH-LONG-2512.17595v1,q10,Name_x_Inst,0.45999999999999996
text79-MATH-LONG-2512.10129v1,q10,Name_x_Inst,0.040000000000000015
text80-MATH-LONG-2512.10507v1,q10,Name_x_Inst,0.26
text01-BIO-SHORT-2505.02276v1,q10,Name_x_Bibliometrics,-0.36
text02-BIO-SHORT-2507.04575v1,q10,Name_x_Bibliometrics,-0.26
text03-BIO-SHORT-2505.11568v3,q10,Name_x_Bibliometrics,0.4
text04-BIO-SHORT-2507.08385v1,q10,Name_x_Bibliometrics,0.42000000000000004
text05-BIO-SHORT-2504.10973v1,q10,Name_x_Bibliometrics,0.039999999999999994
text06-BIO-SHORT-2506.14789v1,q10,Name_x_Bibliometrics,0.18
text07-BIO-SHORT-2506.13576v3,q10,Name_x_Bibliometrics,0.31999999999999995
text08-BIO-SHORT-2503.19923v2,q10,Name_x_Bibliometrics,0.1
text09-BIO-SHORT-2602.00019v1,q10,Name_x_Bibliometrics,0.45999999999999996
text10-BIO-SHORT-2506.13817v1,q10,Name_x_Bibliometrics,-0.019999999999999997
text11-CS-SHORT-2506.09194v1,q10,Name_x_Bibliometrics,0.07999999999999997
text12-CS-SHORT-2512.19717v1,q10,Name_x_Bibliometrics,0.2
text13-CS-SHORT-2510.04124v5,q10,Name_x_Bibliometrics,-0.78
text14-CS-SHORT-2509.13349v2,q10,Name_x_Bibliometrics,-0.12
text15-CS-SHORT-2602.03870v1,q10,Name_x_Bibliometrics,-0.38
text16-CS-SHORT-2509.06033v1,q10,Name_x_Bibliometrics,-0.020000000000000052
text17-CS-SHORT-2509.16294v1,q10,Name_x_Bibliometrics,-0.040000000000000015
text18-CS-SHORT-2507.09492v1,q10,Name_x_Bibliometrics,-0.36
text19-CS-SHORT-2509.14600v1,q10,Name_x_Bibliometrics,0.03999999999999998
text20-CS-SHORT-2503.14899v1,q10,Name_x_Bibliometrics,0.020000000000000018
text21-PHY-SHORT-2601.23079v1,q10,Name_x_Bibliometrics,0.24
text22-PHY-SHORT-2601.23047v1,q10,Name_x_Bibliometrics,-0.45999999999999996
text23-PHY-SHORT-2601.23057v1,q10,Name_x_Bibliometrics,-0.21999999999999997
text24-PHY-SHORT-2509.16741v1,q10,Name_x_Bibliometrics,0.18000000000000002
text25-PHY-SHORT-2507.08042v1,q10,Name_x_Bibliometrics,0.2
text26-PHY-SHORT-2512.23538v1,q10,Name_x_Bibliometrics,0.52
text27-PHY-SHORT-2510.18500v1,q10,Name_x_Bibliometrics,-4.4408920985006264e-17
text28-PHY-SHORT-2508.20431v1,q10,Name_x_Bibliometrics,-0.04
text29-PHY-SHORT-2509.06825v1,q10,Name_x_Bibliometrics,0.039999999999999994
text30-PHY-SHORT-2509.17653v2,q10,Name_x_Bibliometrics,-0.019999999999999973
text31-MATH-SHORT-2511.03536v1,q10,Name_x_Bibliometrics,0.06000000000000001
text32-MATH-SHORT-2603.02088v1,q10,Name_x_Bibliometrics,-0.21999999999999997
text33-MATH-SHORT-2512.22134v3,q10,Name_x_Bibliometrics,-0.16
text34-MATH-SHORT-2509.00532v1,q10,Name_x_Bibliometrics,-0.019999999999999997
text35-MATH-SHORT-2512.06844v1,q10,Name_x_Bibliometrics,0.2
text36-MATH-SHORT-2503.09380v2,q10,Name_x_Bibliometrics,0.21999999999999992
text37-MATH-SHORT-2510.26426v1,q10,Name_x_Bibliometrics,-0.12000000000000006
text38-MATH-SHORT-2512.04101v1,q10,Name_x_Bibliometrics,0.24000000000000005
text39-MATH-SHORT-2506.11609v2,q10,Name_x_Bibliometrics,-0.21999999999999997
text40-MATH-SHORT-2507.15879v2,q10,Name_x_Bibliometrics,-0.3
text41-BIO-LONG-2512.06709v1,q10,Name_x_Bibliometrics,-0.27999999999999997
text42-BIO-LONG-2503.07104v1,q10,Name_x_Bibliometrics,0.12000000000000002
text43-BIO-LONG-2506.16577v1,q10,Name_x_Bibliometrics,-0.02000000000000004
text44-BIO-LONG-2505.20052v1,q10,Name_x_Bibliometrics,0.5800000000000001
text45-BIO-LONG-2507.17897v4,q10,Name_x_Bibliometrics,0.42000000000000004
text46-BIO-LONG-2505.05863v1,q10,Name_x_Bibliometrics,-0.34
text47-BIO-LONG-2505.21094v1,q10,Name_x_Bibliometrics,-0.07999999999999999
text48-BIO-LONG-2602.16750v1,q10,Name_x_Bibliometrics,0.040000000000000015
text49-BIO-LONG-2511.10014v1,q10,Name_x_Bibliometrics,0.059999999999999984
text50-BIO-LONG-2603.01054v1,q10,Name_x_Bibliometrics,-0.48
text51-CS-LONG-2602.11588v1,q10,Name_x_Bibliometrics,0.019999999999999997
text52-CS-LONG-2602.15675v1,q10,Name_x_Bibliometrics,-0.25999999999999995
text53-CS-LONG-2603.02012v1,q10,Name_x_Bibliometrics,0.1
text54-CS-LONG-2602.23006v1,q10,Name_x_Bibliometrics,0.12000000000000002
text55-CS-LONG-2602.21625v1,q10,Name_x_Bibliometrics,-0.039999999999999994
text56-CS-LONG-2602.13713v1,q10,Name_x_Bibliometrics,0.020000000000000018
text57-CS-LONG-2603.00079v1,q10,Name_x_Bibliometrics,-0.12000000000000002
text58-CS-LONG-2603.01023v1,q10,Name_x_Bibliometrics,0.019999999999999973
text59-CS-LONG-2602.19401v1,q10,Name_x_Bibliometrics,0.2
text60-CS-LONG-2602.18518v1,q10,Name_x_Bibliometrics,-0.15999999999999995
text61-PHY-LONG-2602.03885v1,q10,Name_x_Bibliometrics,0.3
text62-PHY-LONG-2511.21971v1,q10,Name_x_Bibliometrics,-0.11999999999999997
text63-PHY-LONG-2512.18015v1,q10,Name_x_Bibliometrics,0.4
text64-PHY-LONG-2602.23683v1,q10,Name_x_Bibliometrics,0.039999999999999966
text65-PHY-LONG-2601.13267v1,q10,Name_x_Bibliometrics,0.12000000000000002
text66-PHY-LONG-2512.24566v1,q10,Name_x_Bibliometrics,-0.019999999999999997
text67-PHY-LONG-2602.07636v2,q10,Name_x_Bibliometrics,0.040000000000000015
text68-PHY-LONG-2512.18130v1,q10,Name_x_Bibliometrics,-0.52
text69-PHY-LONG-2602.17389v1,q10,Name_x_Bibliometrics,-0.09999999999999996
text70-PHY-LONG-2602.08188v1,q10,Name_x_Bibliometrics,-0.019999999999999997
text71-MATH-LONG-2511.12781v1,q10,Name_x_Bibliometrics,0.11999999999999995
text72-MATH-LONG-2602.06095v1,q10,Name_x_Bibliometrics,0.09999999999999998
text73-MATH-LONG-2511.18101v1,q10,Name_x_Bibliometrics,0.2
text74-MATH-LONG-2512.15978v1,q10,Name_x_Bibliometrics,-0.26
text75-MATH-LONG-2511.22140v1,q10,Name_x_Bibliometrics,-0.10000000000000002
text76-MATH-LONG-2602.20441v1,q10,Name_x_Bibliometrics,0.12
text77-MATH-LONG-2601.20851v2,q10,Name_x_Bibliometrics,0.62
text78-MATH-LONG-2512.17595v1,q10,Name_x_Bibliometrics,-0.13999999999999999
text79-MATH-LONG-2512.10129v1,q10,Name_x_Bibliometrics,-2.2204460492503132e-17
text80-MATH-LONG-2512.10507v1,q10,Name_x_Bibliometrics,0.18
text01-BIO-SHORT-2505.02276v1,q10,Inst_x_Bibliometrics,-0.04
text02-BIO-SHORT-2507.04575v1,q10,Inst_x_Bibliometrics,-0.18
text03-BIO-SHORT-2505.11568v3,q10,Inst_x_Bibliometrics,-0.36
text04-BIO-SHORT-2507.08385v1,q10,Inst_x_Bibliometrics,0.22000000000000003
text05-BIO-SHORT-2504.10973v1,q10,Inst_x_Bibliometrics,-0.08
text06-BIO-SHORT-2506.14789v1,q10,Inst_x_Bibliometrics,0.18
text07-BIO-SHORT-2506.13576v3,q10,Inst_x_Bibliometrics,0.72
text08-BIO-SHORT-2503.19923v2,q10,Inst_x_Bibliometrics,-0.06000000000000001
text09-BIO-SHORT-2602.00019v1,q10,Inst_x_Bibliometrics,0.10000000000000002
text10-BIO-SHORT-2506.13817v1,q10,Inst_x_Bibliometrics,0.22000000000000003
text11-CS-SHORT-2506.09194v1,q10,Inst_x_Bibliometrics,-0.76
text12-CS-SHORT-2512.19717v1,q10,Inst_x_Bibliometrics,4.4408920985006264e-17
text13-CS-SHORT-2510.04124v5,q10,Inst_x_Bibliometrics,-0.6599999999999999
text14-CS-SHORT-2509.13349v2,q10,Inst_x_Bibliometrics,0.040000000000000015
text15-CS-SHORT-2602.03870v1,q10,Inst_x_Bibliometrics,0.25999999999999995
text16-CS-SHORT-2509.06033v1,q10,Inst_x_Bibliometrics,-0.18
text17-CS-SHORT-2509.16294v1,q10,Inst_x_Bibliometrics,0.039999999999999994
text18-CS-SHORT-2507.09492v1,q10,Inst_x_Bibliometrics,-0.2
text19-CS-SHORT-2509.14600v1,q10,Inst_x_Bibliometrics,0.08000000000000003
text20-CS-SHORT-2503.14899v1,q10,Inst_x_Bibliometrics,-0.38
text21-PHY-SHORT-2601.23079v1,q10,Inst_x_Bibliometrics,0.040000000000000015
text22-PHY-SHORT-2601.23047v1,q10,Inst_x_Bibliometrics,0.33999999999999997
text23-PHY-SHORT-2601.23057v1,q10,Inst_x_Bibliometrics,0.38
text24-PHY-SHORT-2509.16741v1,q10,Inst_x_Bibliometrics,0.3
text25-PHY-SHORT-2507.08042v1,q10,Inst_x_Bibliometrics,0.040000000000000015
text26-PHY-SHORT-2512.23538v1,q10,Inst_x_Bibliometrics,0.52
text27-PHY-SHORT-2510.18500v1,q10,Inst_x_Bibliometrics,0.32
text28-PHY-SHORT-2508.20431v1,q10,Inst_x_Bibliometrics,-0.27999999999999997
text29-PHY-SHORT-2509.06825v1,q10,Inst_x_Bibliometrics,0.4800000000000001
text30-PHY-SHORT-2509.17653v2,q10,Inst_x_Bibliometrics,-0.3
text31-MATH-SHORT-2511.03536v1,q10,Inst_x_Bibliometrics,-0.3
text32-MATH-SHORT-2603.02088v1,q10,Inst_x_Bibliometrics,0.09999999999999998
text33-MATH-SHORT-2512.22134v3,q10,Inst_x_Bibliometrics,-0.64
text34-MATH-SHORT-2509.00532v1,q10,Inst_x_Bibliometrics,-0.13999999999999999
text35-MATH-SHORT-2512.06844v1,q10,Inst_x_Bibliometrics,0.44000000000000006
text36-MATH-SHORT-2503.09380v2,q10,Inst_x_Bibliometrics,-0.62
text37-MATH-SHORT-2510.26426v1,q10,Inst_x_Bibliometrics,-0.16000000000000006
text38-MATH-SHORT-2512.04101v1,q10,Inst_x_Bibliometrics,0.040000000000000056
text39-MATH-SHORT-2506.11609v2,q10,Inst_x_Bibliometrics,-0.1
text40-MATH-SHORT-2507.15879v2,q10,Inst_x_Bibliometrics,-0.22000000000000003
text41-BIO-LONG-2512.06709v1,q10,Inst_x_Bibliometrics,0.48
text42-BIO-LONG-2503.07104v1,q10,Inst_x_Bibliometrics,0.16
text43-BIO-LONG-2506.16577v1,q10,Inst_x_Bibliometrics,0.059999999999999984
text44-BIO-LONG-2505.20052v1,q10,Inst_x_Bibliometrics,-0.22000000000000003
text45-BIO-LONG-2507.17897v4,q10,Inst_x_Bibliometrics,-0.06000000000000001
text46-BIO-LONG-2505.05863v1,q10,Inst_x_Bibliometrics,0.14000000000000004
text47-BIO-LONG-2505.21094v1,q10,Inst_x_Bibliometrics,0.0
text48-BIO-LONG-2602.16750v1,q10,Inst_x_Bibliometrics,-0.040000000000000015
text49-BIO-LONG-2511.10014v1,q10,Inst_x_Bibliometrics,0.33999999999999997
text50-BIO-LONG-2603.01054v1,q10,Inst_x_Bibliometrics,-0.2
text51-CS-LONG-2602.11588v1,q10,Inst_x_Bibliometrics,-0.21999999999999992
text52-CS-LONG-2602.15675v1,q10,Inst_x_Bibliometrics,-0.78
text53-CS-LONG-2603.02012v1,q10,Inst_x_Bibliometrics,0.33999999999999997
text54-CS-LONG-2602.23006v1,q10,Inst_x_Bibliometrics,-0.08000000000000003
text55-CS-LONG-2602.21625v1,q10,Inst_x_Bibliometrics,-0.20000000000000004
text56-CS-LONG-2602.13713v1,q10,Inst_x_Bibliometrics,0.21999999999999997
text57-CS-LONG-2603.00079v1,q10,Inst_x_Bibliometrics,0.24000000000000005
text58-CS-LONG-2603.01023v1,q10,Inst_x_Bibliometrics,-0.66
text59-CS-LONG-2602.19401v1,q10,Inst_x_Bibliometrics,0.27999999999999997
text60-CS-LONG-2602.18518v1,q10,Inst_x_Bibliometrics,-0.27999999999999997
text61-PHY-LONG-2602.03885v1,q10,Inst_x_Bibliometrics,-0.3
text62-PHY-LONG-2511.21971v1,q10,Inst_x_Bibliometrics,0.36
text63-PHY-LONG-2512.18015v1,q10,Inst_x_Bibliometrics,-0.12000000000000002
text64-PHY-LONG-2602.23683v1,q10,Inst_x_Bibliometrics,-0.16000000000000003
text65-PHY-LONG-2601.13267v1,q10,Inst_x_Bibliometrics,0.039999999999999994
text66-PHY-LONG-2512.24566v1,q10,Inst_x_Bibliometrics,-0.1
text67-PHY-LONG-2602.07636v2,q10,Inst_x_Bibliometrics,-0.20000000000000004
text68-PHY-LONG-2512.18130v1,q10,Inst_x_Bibliometrics,-0.19999999999999993
text69-PHY-LONG-2602.17389v1,q10,Inst_x_Bibliometrics,0.10000000000000005
text70-PHY-LONG-2602.08188v1,q10,Inst_x_Bibliometrics,-0.74
text71-MATH-LONG-2511.12781v1,q10,Inst_x_Bibliometrics,0.08
text72-MATH-LONG-2602.06095v1,q10,Inst_x_Bibliometrics,-0.14
text73-MATH-LONG-2511.18101v1,q10,Inst_x_Bibliometrics,0.039999999999999994
text74-MATH-LONG-2512.15978v1,q10,Inst_x_Bibliometrics,-0.18000000000000002
text75-MATH-LONG-2511.22140v1,q10,Inst_x_Bibliometrics,-0.13999999999999999
text76-MATH-LONG-2602.20441v1,q10,Inst_x_Bibliometrics,0.08
text77-MATH-LONG-2601.20851v2,q10,Inst_x_Bibliometrics,0.01999999999999999
text78-MATH-LONG-2512.17595v1,q10,Inst_x_Bibliometrics,-0.019999999999999983
text79-MATH-LONG-2512.10129v1,q10,Inst_x_Bibliometrics,0.12
text80-MATH-LONG-2512.10507v1,q10,Inst_x_Bibliometrics,0.020000000000000018
text01-BIO-SHORT-2505.02276v1,q11,BF_minus_WM,-0.07000000000000002
text02-BIO-SHORT-2507.04575v1,q11,BF_minus_WM,0.13999999999999999
text03-BIO-SHORT-2505.11568v3,q11,BF_minus_WM,-0.030000000000000006
text04-BIO-SHORT-2507.08385v1,q11,BF_minus_WM,0.0
text05-BIO-SHORT-2504.10973v1,q11,BF_minus_WM,0.039999999999999994
text06-BIO-SHORT-2506.14789v1,q11,BF_minus_WM,-0.039999999999999966
text07-BIO-SHORT-2506.13576v3,q11,BF_minus_WM,0.050000000000000024
text08-BIO-SHORT-2503.19923v2,q11,BF_minus_WM,-0.04
text09-BIO-SHORT-2602.00019v1,q11,BF_minus_WM,0.07999999999999999
text10-BIO-SHORT-2506.13817v1,q11,BF_minus_WM,-0.02999999999999998
text11-CS-SHORT-2506.09194v1,q11,BF_minus_WM,-1.3877787807814457e-17
text12-CS-SHORT-2512.19717v1,q11,BF_minus_WM,-0.020000000000000018
text13-CS-SHORT-2510.04124v5,q11,BF_minus_WM,0.01000000000000002
text14-CS-SHORT-2509.13349v2,q11,BF_minus_WM,0.06
text15-CS-SHORT-2602.03870v1,q11,BF_minus_WM,0.04
text16-CS-SHORT-2509.06033v1,q11,BF_minus_WM,0.11000000000000001
text17-CS-SHORT-2509.16294v1,q11,BF_minus_WM,-0.06000000000000001
text18-CS-SHORT-2507.09492v1,q11,BF_minus_WM,0.009999999999999992
text19-CS-SHORT-2509.14600v1,q11,BF_minus_WM,-0.09
text20-CS-SHORT-2503.14899v1,q11,BF_minus_WM,-0.08
text21-PHY-SHORT-2601.23079v1,q11,BF_minus_WM,-0.030000000000000006
text22-PHY-SHORT-2601.23047v1,q11,BF_minus_WM,-0.019999999999999983
text23-PHY-SHORT-2601.23057v1,q11,BF_minus_WM,-0.009999999999999998
text24-PHY-SHORT-2509.16741v1,q11,BF_minus_WM,-0.019999999999999973
text25-PHY-SHORT-2507.08042v1,q11,BF_minus_WM,-0.03000000000000002
text26-PHY-SHORT-2512.23538v1,q11,BF_minus_WM,0.059999999999999984
text27-PHY-SHORT-2510.18500v1,q11,BF_minus_WM,0.009999999999999986
text28-PHY-SHORT-2508.20431v1,q11,BF_minus_WM,0.019999999999999973
text29-PHY-SHORT-2509.06825v1,q11,BF_minus_WM,0.06
text30-PHY-SHORT-2509.17653v2,q11,BF_minus_WM,0.06
text31-MATH-SHORT-2511.03536v1,q11,BF_minus_WM,0.020000000000000007
text32-MATH-SHORT-2603.02088v1,q11,BF_minus_WM,0.22000000000000003
text33-MATH-SHORT-2512.22134v3,q11,BF_minus_WM,0.16999999999999998
text34-MATH-SHORT-2509.00532v1,q11,BF_minus_WM,-0.2
text35-MATH-SHORT-2512.06844v1,q11,BF_minus_WM,0.06000000000000001
text36-MATH-SHORT-2503.09380v2,q11,BF_minus_WM,-0.020000000000000018
text37-MATH-SHORT-2510.26426v1,q11,BF_minus_WM,0.04000000000000001
text38-MATH-SHORT-2512.04101v1,q11,BF_minus_WM,-0.21999999999999997
text39-MATH-SHORT-2506.11609v2,q11,BF_minus_WM,-0.06000000000000001
text40-MATH-SHORT-2507.15879v2,q11,BF_minus_WM,-0.020000000000000028
text41-BIO-LONG-2512.06709v1,q11,BF_minus_WM,0.08
text42-BIO-LONG-2503.07104v1,q11,BF_minus_WM,0.010000000000000009
text43-BIO-LONG-2506.16577v1,q11,BF_minus_WM,0.21999999999999997
text44-BIO-LONG-2505.20052v1,q11,BF_minus_WM,0.14
text45-BIO-LONG-2507.17897v4,q11,BF_minus_WM,0.01000000000000002
text46-BIO-LONG-2505.05863v1,q11,BF_minus_WM,0.0
text47-BIO-LONG-2505.21094v1,q11,BF_minus_WM,-0.04000000000000002
text48-BIO-LONG-2602.16750v1,q11,BF_minus_WM,0.09
text49-BIO-LONG-2511.10014v1,q11,BF_minus_WM,-0.04999999999999999
text50-BIO-LONG-2603.01054v1,q11,BF_minus_WM,0.039999999999999994
text51-CS-LONG-2602.11588v1,q11,BF_minus_WM,0.0
text52-CS-LONG-2602.15675v1,q11,BF_minus_WM,0.0
text53-CS-LONG-2603.02012v1,q11,BF_minus_WM,0.010000000000000009
text54-CS-LONG-2602.23006v1,q11,BF_minus_WM,-0.009999999999999986
text55-CS-LONG-2602.21625v1,q11,BF_minus_WM,0.06
text56-CS-LONG-2602.13713v1,q11,BF_minus_WM,0.04999999999999999
text57-CS-LONG-2603.00079v1,q11,BF_minus_WM,0.19000000000000003
text58-CS-LONG-2603.01023v1,q11,BF_minus_WM,-0.04
text59-CS-LONG-2602.19401v1,q11,BF_minus_WM,-0.05
text60-CS-LONG-2602.18518v1,q11,BF_minus_WM,0.010000000000000009
text61-PHY-LONG-2602.03885v1,q11,BF_minus_WM,-0.08
text62-PHY-LONG-2511.21971v1,q11,BF_minus_WM,0.06000000000000002
text63-PHY-LONG-2512.18015v1,q11,BF_minus_WM,0.06000000000000001
text64-PHY-LONG-2602.23683v1,q11,BF_minus_WM,0.0
text65-PHY-LONG-2601.13267v1,q11,BF_minus_WM,-0.06
text66-PHY-LONG-2512.24566v1,q11,BF_minus_WM,-0.08
text67-PHY-LONG-2602.07636v2,q11,BF_minus_WM,0.02999999999999998
text68-PHY-LONG-2512.18130v1,q11,BF_minus_WM,-3.8857805861880476e-17
text69-PHY-LONG-2602.17389v1,q11,BF_minus_WM,0.08999999999999997
text70-PHY-LONG-2602.08188v1,q11,BF_minus_WM,-0.13000000000000003
text71-MATH-LONG-2511.12781v1,q11,BF_minus_WM,0.08000000000000002
text72-MATH-LONG-2602.06095v1,q11,BF_minus_WM,-0.020000000000000007
text73-MATH-LONG-2511.18101v1,q11,BF_minus_WM,-0.09999999999999999
text74-MATH-LONG-2512.15978v1,q11,BF_minus_WM,0.18
text75-MATH-LONG-2511.22140v1,q11,BF_minus_WM,0.21000000000000002
text76-MATH-LONG-2602.20441v1,q11,BF_minus_WM,0.06
text77-MATH-LONG-2601.20851v2,q11,BF_minus_WM,-0.05999999999999996
text78-MATH-LONG-2512.17595v1,q11,BF_minus_WM,0.05
text79-MATH-LONG-2512.10129v1,q11,BF_minus_WM,-0.020000000000000018
text80-MATH-LONG-2512.10507v1,q11,BF_minus_WM,-0.030000000000000037
text01-BIO-SHORT-2505.02276v1,q11,HI_minus_LI,-0.030000000000000006
text02-BIO-SHORT-2507.04575v1,q11,HI_minus_LI,0.16
text03-BIO-SHORT-2505.11568v3,q11,HI_minus_LI,0.030000000000000006
text04-BIO-SHORT-2507.08385v1,q11,HI_minus_LI,0.12
text05-BIO-SHORT-2504.10973v1,q11,HI_minus_LI,0.0
text06-BIO-SHORT-2506.14789v1,q11,HI_minus_LI,2.2204460492503132e-17
text07-BIO-SHORT-2506.13576v3,q11,HI_minus_LI,0.10999999999999999
text08-BIO-SHORT-2503.19923v2,q11,HI_minus_LI,-0.08000000000000002
text09-BIO-SHORT-2602.00019v1,q11,HI_minus_LI,0.020000000000000018
text10-BIO-SHORT-2506.13817v1,q11,HI_minus_LI,0.05
text11-CS-SHORT-2506.09194v1,q11,HI_minus_LI,0.039999999999999994
text12-CS-SHORT-2512.19717v1,q11,HI_minus_LI,0.18
text13-CS-SHORT-2510.04124v5,q11,HI_minus_LI,0.009999999999999998
text14-CS-SHORT-2509.13349v2,q11,HI_minus_LI,1.1102230246251566e-17
text15-CS-SHORT-2602.03870v1,q11,HI_minus_LI,-0.04
text16-CS-SHORT-2509.06033v1,q11,HI_minus_LI,0.16999999999999998
text17-CS-SHORT-2509.16294v1,q11,HI_minus_LI,0.16
text18-CS-SHORT-2507.09492v1,q11,HI_minus_LI,0.009999999999999964
text19-CS-SHORT-2509.14600v1,q11,HI_minus_LI,0.17
text20-CS-SHORT-2503.14899v1,q11,HI_minus_LI,0.019999999999999997
text21-PHY-SHORT-2601.23079v1,q11,HI_minus_LI,-0.030000000000000006
text22-PHY-SHORT-2601.23047v1,q11,HI_minus_LI,0.1
text23-PHY-SHORT-2601.23057v1,q11,HI_minus_LI,0.11000000000000001
text24-PHY-SHORT-2509.16741v1,q11,HI_minus_LI,0.039999999999999994
text25-PHY-SHORT-2507.08042v1,q11,HI_minus_LI,0.02999999999999998
text26-PHY-SHORT-2512.23538v1,q11,HI_minus_LI,0.08
text27-PHY-SHORT-2510.18500v1,q11,HI_minus_LI,-0.030000000000000006
text28-PHY-SHORT-2508.20431v1,q11,HI_minus_LI,0.039999999999999994
text29-PHY-SHORT-2509.06825v1,q11,HI_minus_LI,-1.1102230246251566e-17
text30-PHY-SHORT-2509.17653v2,q11,HI_minus_LI,0.16
text31-MATH-SHORT-2511.03536v1,q11,HI_minus_LI,0.06
text32-MATH-SHORT-2603.02088v1,q11,HI_minus_LI,0.08000000000000002
text33-MATH-SHORT-2512.22134v3,q11,HI_minus_LI,0.32999999999999996
text34-MATH-SHORT-2509.00532v1,q11,HI_minus_LI,0.039999999999999994
text35-MATH-SHORT-2512.06844v1,q11,HI_minus_LI,0.12000000000000002
text36-MATH-SHORT-2503.09380v2,q11,HI_minus_LI,0.08
text37-MATH-SHORT-2510.26426v1,q11,HI_minus_LI,0.16000000000000006
text38-MATH-SHORT-2512.04101v1,q11,HI_minus_LI,0.04
text39-MATH-SHORT-2506.11609v2,q11,HI_minus_LI,-0.16
text40-MATH-SHORT-2507.15879v2,q11,HI_minus_LI,-0.07999999999999999
text41-BIO-LONG-2512.06709v1,q11,HI_minus_LI,2.2204460492503132e-17
text42-BIO-LONG-2503.07104v1,q11,HI_minus_LI,-0.02999999999999998
text43-BIO-LONG-2506.16577v1,q11,HI_minus_LI,0.06000000000000001
text44-BIO-LONG-2505.20052v1,q11,HI_minus_LI,0.06000000000000001
text45-BIO-LONG-2507.17897v4,q11,HI_minus_LI,0.08999999999999998
text46-BIO-LONG-2505.05863v1,q11,HI_minus_LI,-0.039999999999999994
text47-BIO-LONG-2505.21094v1,q11,HI_minus_LI,1.1102230246251566e-17
text48-BIO-LONG-2602.16750v1,q11,HI_minus_LI,0.11000000000000001
text49-BIO-LONG-2511.10014v1,q11,HI_minus_LI,0.07
text50-BIO-LONG-2603.01054v1,q11,HI_minus_LI,-0.07999999999999999
text51-CS-LONG-2602.11588v1,q11,HI_minus_LI,0.11999999999999997
text52-CS-LONG-2602.15675v1,q11,HI_minus_LI,0.1
text53-CS-LONG-2603.02012v1,q11,HI_minus_LI,0.010000000000000009
text54-CS-LONG-2602.23006v1,q11,HI_minus_LI,0.06999999999999999
text55-CS-LONG-2602.21625v1,q11,HI_minus_LI,0.1
text56-CS-LONG-2602.13713v1,q11,HI_minus_LI,0.25
text57-CS-LONG-2603.00079v1,q11,HI_minus_LI,0.030000000000000016
text58-CS-LONG-2603.01023v1,q11,HI_minus_LI,-0.18
text59-CS-LONG-2602.19401v1,q11,HI_minus_LI,-0.09
text60-CS-LONG-2602.18518v1,q11,HI_minus_LI,-0.010000000000000009
text61-PHY-LONG-2602.03885v1,q11,HI_minus_LI,0.12000000000000002
text62-PHY-LONG-2511.21971v1,q11,HI_minus_LI,0.07999999999999999
text63-PHY-LONG-2512.18015v1,q11,HI_minus_LI,1.6653345369377347e-17
text64-PHY-LONG-2602.23683v1,q11,HI_minus_LI,0.1
text65-PHY-LONG-2601.13267v1,q11,HI_minus_LI,0.22000000000000003
text66-PHY-LONG-2512.24566v1,q11,HI_minus_LI,0.019999999999999997
text67-PHY-LONG-2602.07636v2,q11,HI_minus_LI,0.10999999999999999
text68-PHY-LONG-2512.18130v1,q11,HI_minus_LI,0.01999999999999999
text69-PHY-LONG-2602.17389v1,q11,HI_minus_LI,-0.030000000000000047
text70-PHY-LONG-2602.08188v1,q11,HI_minus_LI,0.009999999999999998
text71-MATH-LONG-2511.12781v1,q11,HI_minus_LI,0.15999999999999998
text72-MATH-LONG-2602.06095v1,q11,HI_minus_LI,0.0
text73-MATH-LONG-2511.18101v1,q11,HI_minus_LI,0.040000000000000015
text74-MATH-LONG-2512.15978v1,q11,HI_minus_LI,0.32
text75-MATH-LONG-2511.22140v1,q11,HI_minus_LI,0.19
text76-MATH-LONG-2602.20441v1,q11,HI_minus_LI,0.27999999999999997
text77-MATH-LONG-2601.20851v2,q11,HI_minus_LI,-0.7
text78-MATH-LONG-2512.17595v1,q11,HI_minus_LI,-0.030000000000000027
text79-MATH-LONG-2512.10129v1,q11,HI_minus_LI,-0.039999999999999994
text80-MATH-LONG-2512.10507v1,q11,HI_minus_LI,0.08999999999999998
text01-BIO-SHORT-2505.02276v1,q11,HP_minus_LP,0.05
text02-BIO-SHORT-2507.04575v1,q11,HP_minus_LP,-0.06
text03-BIO-SHORT-2505.11568v3,q11,HP_minus_LP,0.14999999999999997
text04-BIO-SHORT-2507.08385v1,q11,HP_minus_LP,-0.039999999999999994
text05-BIO-SHORT-2504.10973v1,q11,HP_minus_LP,0.06000000000000003
text06-BIO-SHORT-2506.14789v1,q11,HP_minus_LP,-0.019999999999999997
text07-BIO-SHORT-2506.13576v3,q11,HP_minus_LP,0.22999999999999998
text08-BIO-SHORT-2503.19923v2,q11,HP_minus_LP,5.551115123125783e-18
text09-BIO-SHORT-2602.00019v1,q11,HP_minus_LP,0.039999999999999994
text10-BIO-SHORT-2506.13817v1,q11,HP_minus_LP,0.15
text11-CS-SHORT-2506.09194v1,q11,HP_minus_LP,0.27999999999999997
text12-CS-SHORT-2512.19717v1,q11,HP_minus_LP,0.18
text13-CS-SHORT-2510.04124v5,q11,HP_minus_LP,0.16999999999999998
text14-CS-SHORT-2509.13349v2,q11,HP_minus_LP,0.18
text15-CS-SHORT-2602.03870v1,q11,HP_minus_LP,0.06000000000000001
text16-CS-SHORT-2509.06033v1,q11,HP_minus_LP,0.09
text17-CS-SHORT-2509.16294v1,q11,HP_minus_LP,0.08000000000000003
text18-CS-SHORT-2507.09492v1,q11,HP_minus_LP,0.21000000000000002
text19-CS-SHORT-2509.14600v1,q11,HP_minus_LP,0.11000000000000001
text20-CS-SHORT-2503.14899v1,q11,HP_minus_LP,0.019999999999999997
text21-PHY-SHORT-2601.23079v1,q11,HP_minus_LP,-0.009999999999999986
text22-PHY-SHORT-2601.23047v1,q11,HP_minus_LP,0.13999999999999999
text23-PHY-SHORT-2601.23057v1,q11,HP_minus_LP,0.25
text24-PHY-SHORT-2509.16741v1,q11,HP_minus_LP,0.13999999999999999
text25-PHY-SHORT-2507.08042v1,q11,HP_minus_LP,-0.13
text26-PHY-SHORT-2512.23538v1,q11,HP_minus_LP,2.2204460492503132e-17
text27-PHY-SHORT-2510.18500v1,q11,HP_minus_LP,0.10999999999999999
text28-PHY-SHORT-2508.20431v1,q11,HP_minus_LP,0.1
text29-PHY-SHORT-2509.06825v1,q11,HP_minus_LP,0.07999999999999999
text30-PHY-SHORT-2509.17653v2,q11,HP_minus_LP,0.2
text31-MATH-SHORT-2511.03536v1,q11,HP_minus_LP,0.04
text32-MATH-SHORT-2603.02088v1,q11,HP_minus_LP,0.28
text33-MATH-SHORT-2512.22134v3,q11,HP_minus_LP,0.37
text34-MATH-SHORT-2509.00532v1,q11,HP_minus_LP,0.02
text35-MATH-SHORT-2512.06844v1,q11,HP_minus_LP,0.24
text36-MATH-SHORT-2503.09380v2,q11,HP_minus_LP,0.12000000000000002
text37-MATH-SHORT-2510.26426v1,q11,HP_minus_LP,0.42000000000000004
text38-MATH-SHORT-2512.04101v1,q11,HP_minus_LP,0.08000000000000003
text39-MATH-SHORT-2506.11609v2,q11,HP_minus_LP,0.08
text40-MATH-SHORT-2507.15879v2,q11,HP_minus_LP,0.07999999999999999
text41-BIO-LONG-2512.06709v1,q11,HP_minus_LP,0.059999999999999984
text42-BIO-LONG-2503.07104v1,q11,HP_minus_LP,0.10999999999999996
text43-BIO-LONG-2506.16577v1,q11,HP_minus_LP,0.21999999999999997
text44-BIO-LONG-2505.20052v1,q11,HP_minus_LP,0.08
text45-BIO-LONG-2507.17897v4,q11,HP_minus_LP,0.19
text46-BIO-LONG-2505.05863v1,q11,HP_minus_LP,0.039999999999999994
text47-BIO-LONG-2505.21094v1,q11,HP_minus_LP,0.13999999999999999
text48-BIO-LONG-2602.16750v1,q11,HP_minus_LP,0.07000000000000002
text49-BIO-LONG-2511.10014v1,q11,HP_minus_LP,0.030000000000000016
text50-BIO-LONG-2603.01054v1,q11,HP_minus_LP,0.2
text51-CS-LONG-2602.11588v1,q11,HP_minus_LP,0.0
text52-CS-LONG-2602.15675v1,q11,HP_minus_LP,0.1
text53-CS-LONG-2603.02012v1,q11,HP_minus_LP,0.13
text54-CS-LONG-2602.23006v1,q11,HP_minus_LP,0.06999999999999999
text55-CS-LONG-2602.21625v1,q11,HP_minus_LP,0.1
text56-CS-LONG-2602.13713v1,q11,HP_minus_LP,0.12999999999999998
text57-CS-LONG-2603.00079v1,q11,HP_minus_LP,0.12999999999999998
text58-CS-LONG-2603.01023v1,q11,HP_minus_LP,0.13999999999999999
text59-CS-LONG-2602.19401v1,q11,HP_minus_LP,0.010000000000000009
text60-CS-LONG-2602.18518v1,q11,HP_minus_LP,0.010000000000000009
text61-PHY-LONG-2602.03885v1,q11,HP_minus_LP,0.31999999999999995
text62-PHY-LONG-2511.21971v1,q11,HP_minus_LP,0.16000000000000003
text63-PHY-LONG-2512.18015v1,q11,HP_minus_LP,0.25999999999999995
text64-PHY-LONG-2602.23683v1,q11,HP_minus_LP,0.1
text65-PHY-LONG-2601.13267v1,q11,HP_minus_LP,0.18
text66-PHY-LONG-2512.24566v1,q11,HP_minus_LP,0.2
text67-PHY-LONG-2602.07636v2,q11,HP_minus_LP,-0.010000000000000031
text68-PHY-LONG-2512.18130v1,q11,HP_minus_LP,0.38
text69-PHY-LONG-2602.17389v1,q11,HP_minus_LP,0.13
text70-PHY-LONG-2602.08188v1,q11,HP_minus_LP,0.15000000000000002
text71-MATH-LONG-2511.12781v1,q11,HP_minus_LP,0.13999999999999999
text72-MATH-LONG-2602.06095v1,q11,HP_minus_LP,0.06
text73-MATH-LONG-2511.18101v1,q11,HP_minus_LP,0.2
text74-MATH-LONG-2512.15978v1,q11,HP_minus_LP,0.12000000000000002
text75-MATH-LONG-2511.22140v1,q11,HP_minus_LP,0.01000000000000002
text76-MATH-LONG-2602.20441v1,q11,HP_minus_LP,0.21999999999999992
text77-MATH-LONG-2601.20851v2,q11,HP_minus_LP,-0.1
text78-MATH-LONG-2512.17595v1,q11,HP_minus_LP,0.05
text79-MATH-LONG-2512.10129v1,q11,HP_minus_LP,0.06000000000000001
text80-MATH-LONG-2512.10507v1,q11,HP_minus_LP,0.17
text01-BIO-SHORT-2505.02276v1,q11,Name_x_Inst,0.1
text02-BIO-SHORT-2507.04575v1,q11,Name_x_Inst,0.039999999999999994
text03-BIO-SHORT-2505.11568v3,q11,Name_x_Inst,-0.06000000000000001
text04-BIO-SHORT-2507.08385v1,q11,Name_x_Inst,-0.12000000000000002
text05-BIO-SHORT-2504.10973v1,q11,Name_x_Inst,-0.039999999999999994
text06-BIO-SHORT-2506.14789v1,q11,Name_x_Inst,4.4408920985006264e-17
text07-BIO-SHORT-2506.13576v3,q11,Name_x_Inst,0.06000000000000001
text08-BIO-SHORT-2503.19923v2,q11,Name_x_Inst,-0.08
text09-BIO-SHORT-2602.00019v1,q11,Name_x_Inst,0.0
text10-BIO-SHORT-2506.13817v1,q11,Name_x_Inst,0.05999999999999996
text11-CS-SHORT-2506.09194v1,q11,Name_x_Inst,-0.08000000000000003
text12-CS-SHORT-2512.19717v1,q11,Name_x_Inst,-0.15999999999999998
text13-CS-SHORT-2510.04124v5,q11,Name_x_Inst,0.019999999999999997
text14-CS-SHORT-2509.13349v2,q11,Name_x_Inst,-0.16000000000000003
text15-CS-SHORT-2602.03870v1,q11,Name_x_Inst,0.32
text16-CS-SHORT-2509.06033v1,q11,Name_x_Inst,-0.22000000000000003
text17-CS-SHORT-2509.16294v1,q11,Name_x_Inst,0.12000000000000002
text18-CS-SHORT-2507.09492v1,q11,Name_x_Inst,-0.019999999999999983
text19-CS-SHORT-2509.14600v1,q11,Name_x_Inst,-0.13999999999999999
text20-CS-SHORT-2503.14899v1,q11,Name_x_Inst,-0.039999999999999994
text21-PHY-SHORT-2601.23079v1,q11,Name_x_Inst,0.22000000000000006
text22-PHY-SHORT-2601.23047v1,q11,Name_x_Inst,0.040000000000000015
text23-PHY-SHORT-2601.23057v1,q11,Name_x_Inst,0.019999999999999997
text24-PHY-SHORT-2509.16741v1,q11,Name_x_Inst,-0.11999999999999997
text25-PHY-SHORT-2507.08042v1,q11,Name_x_Inst,0.45999999999999996
text26-PHY-SHORT-2512.23538v1,q11,Name_x_Inst,0.19999999999999996
text27-PHY-SHORT-2510.18500v1,q11,Name_x_Inst,-0.13999999999999999
text28-PHY-SHORT-2508.20431v1,q11,Name_x_Inst,0.07999999999999999
text29-PHY-SHORT-2509.06825v1,q11,Name_x_Inst,-0.040000000000000015
text30-PHY-SHORT-2509.17653v2,q11,Name_x_Inst,-0.07999999999999996
text31-MATH-SHORT-2511.03536v1,q11,Name_x_Inst,-2.2204460492503132e-17
text32-MATH-SHORT-2603.02088v1,q11,Name_x_Inst,-0.039999999999999994
text33-MATH-SHORT-2512.22134v3,q11,Name_x_Inst,0.019999999999999997
text34-MATH-SHORT-2509.00532v1,q11,Name_x_Inst,1.1102230246251566e-17
text35-MATH-SHORT-2512.06844v1,q11,Name_x_Inst,0.36
text36-MATH-SHORT-2503.09380v2,q11,Name_x_Inst,0.08000000000000003
text37-MATH-SHORT-2510.26426v1,q11,Name_x_Inst,0.040000000000000015
text38-MATH-SHORT-2512.04101v1,q11,Name_x_Inst,-0.039999999999999994
text39-MATH-SHORT-2506.11609v2,q11,Name_x_Inst,-0.44000000000000006
text40-MATH-SHORT-2507.15879v2,q11,Name_x_Inst,-2.2204460492503132e-17
text41-BIO-LONG-2512.06709v1,q11,Name_x_Inst,0.12000000000000006
text42-BIO-LONG-2503.07104v1,q11,Name_x_Inst,-0.020000000000000018
text43-BIO-LONG-2506.16577v1,q11,Name_x_Inst,-0.08000000000000002
text44-BIO-LONG-2505.20052v1,q11,Name_x_Inst,0.07999999999999999
text45-BIO-LONG-2507.17897v4,q11,Name_x_Inst,0.13999999999999996
text46-BIO-LONG-2505.05863v1,q11,Name_x_Inst,-0.040000000000000036
text47-BIO-LONG-2505.21094v1,q11,Name_x_Inst,0.039999999999999925
text48-BIO-LONG-2602.16750v1,q11,Name_x_Inst,0.020000000000000018
text49-BIO-LONG-2511.10014v1,q11,Name_x_Inst,-0.06000000000000003
text50-BIO-LONG-2603.01054v1,q11,Name_x_Inst,-0.16000000000000006
text51-CS-LONG-2602.11588v1,q11,Name_x_Inst,-0.07999999999999999
text52-CS-LONG-2602.15675v1,q11,Name_x_Inst,0.0
text53-CS-LONG-2603.02012v1,q11,Name_x_Inst,0.13999999999999999
text54-CS-LONG-2602.23006v1,q11,Name_x_Inst,0.019999999999999973
text55-CS-LONG-2602.21625v1,q11,Name_x_Inst,-0.12
text56-CS-LONG-2602.13713v1,q11,Name_x_Inst,0.05999999999999994
text57-CS-LONG-2603.00079v1,q11,Name_x_Inst,-0.020000000000000052
text58-CS-LONG-2603.01023v1,q11,Name_x_Inst,-0.12
text59-CS-LONG-2602.19401v1,q11,Name_x_Inst,0.05999999999999996
text60-CS-LONG-2602.18518v1,q11,Name_x_Inst,0.020000000000000018
text61-PHY-LONG-2602.03885v1,q11,Name_x_Inst,-0.08000000000000003
text62-PHY-LONG-2511.21971v1,q11,Name_x_Inst,0.040000000000000015
text63-PHY-LONG-2512.18015v1,q11,Name_x_Inst,-0.04000000000000005
text64-PHY-LONG-2602.23683v1,q11,Name_x_Inst,0.0
text65-PHY-LONG-2601.13267v1,q11,Name_x_Inst,-0.16000000000000003
text66-PHY-LONG-2512.24566v1,q11,Name_x_Inst,-0.20000000000000004
text67-PHY-LONG-2602.07636v2,q11,Name_x_Inst,-0.13999999999999996
text68-PHY-LONG-2512.18130v1,q11,Name_x_Inst,-0.2
text69-PHY-LONG-2602.17389v1,q11,Name_x_Inst,0.06000000000000001
text70-PHY-LONG-2602.08188v1,q11,Name_x_Inst,-0.10000000000000002
text71-MATH-LONG-2511.12781v1,q11,Name_x_Inst,-0.040000000000000015
text72-MATH-LONG-2602.06095v1,q11,Name_x_Inst,-0.039999999999999994
text73-MATH-LONG-2511.18101v1,q11,Name_x_Inst,0.24
text74-MATH-LONG-2512.15978v1,q11,Name_x_Inst,-0.12000000000000002
text75-MATH-LONG-2511.22140v1,q11,Name_x_Inst,0.02000000000000004
text76-MATH-LONG-2602.20441v1,q11,Name_x_Inst,0.08
text77-MATH-LONG-2601.20851v2,q11,Name_x_Inst,-0.11999999999999993
text78-MATH-LONG-2512.17595v1,q11,Name_x_Inst,0.020000000000000018
text79-MATH-LONG-2512.10129v1,q11,Name_x_Inst,0.0
text80-MATH-LONG-2512.10507v1,q11,Name_x_Inst,0.17999999999999997
text01-BIO-SHORT-2505.02276v1,q11,Name_x_Bibliometrics,0.26
text02-BIO-SHORT-2507.04575v1,q11,Name_x_Bibliometrics,0.16
text03-BIO-SHORT-2505.11568v3,q11,Name_x_Bibliometrics,0.019999999999999973
text04-BIO-SHORT-2507.08385v1,q11,Name_x_Bibliometrics,0.03999999999999998
text05-BIO-SHORT-2504.10973v1,q11,Name_x_Bibliometrics,0.07999999999999999
text06-BIO-SHORT-2506.14789v1,q11,Name_x_Bibliometrics,0.11999999999999997
text07-BIO-SHORT-2506.13576v3,q11,Name_x_Bibliometrics,0.06000000000000001
text08-BIO-SHORT-2503.19923v2,q11,Name_x_Bibliometrics,0.15999999999999998
text09-BIO-SHORT-2602.00019v1,q11,Name_x_Bibliometrics,0.27999999999999997
text10-BIO-SHORT-2506.13817v1,q11,Name_x_Bibliometrics,-0.05999999999999996
text11-CS-SHORT-2506.09194v1,q11,Name_x_Bibliometrics,0.16
text12-CS-SHORT-2512.19717v1,q11,Name_x_Bibliometrics,0.15999999999999998
text13-CS-SHORT-2510.04124v5,q11,Name_x_Bibliometrics,-0.06000000000000003
text14-CS-SHORT-2509.13349v2,q11,Name_x_Bibliometrics,-0.12
text15-CS-SHORT-2602.03870v1,q11,Name_x_Bibliometrics,0.039999999999999925
text16-CS-SHORT-2509.06033v1,q11,Name_x_Bibliometrics,0.019999999999999997
text17-CS-SHORT-2509.16294v1,q11,Name_x_Bibliometrics,0.12000000000000002
text18-CS-SHORT-2507.09492v1,q11,Name_x_Bibliometrics,-0.019999999999999983
text19-CS-SHORT-2509.14600v1,q11,Name_x_Bibliometrics,-0.09999999999999998
text20-CS-SHORT-2503.14899v1,q11,Name_x_Bibliometrics,-0.039999999999999994
text21-PHY-SHORT-2601.23079v1,q11,Name_x_Bibliometrics,0.18000000000000002
text22-PHY-SHORT-2601.23047v1,q11,Name_x_Bibliometrics,0.12
text23-PHY-SHORT-2601.23057v1,q11,Name_x_Bibliometrics,0.14
text24-PHY-SHORT-2509.16741v1,q11,Name_x_Bibliometrics,0.16
text25-PHY-SHORT-2507.08042v1,q11,Name_x_Bibliometrics,0.38
text26-PHY-SHORT-2512.23538v1,q11,Name_x_Bibliometrics,0.039999999999999994
text27-PHY-SHORT-2510.18500v1,q11,Name_x_Bibliometrics,-0.019999999999999973
text28-PHY-SHORT-2508.20431v1,q11,Name_x_Bibliometrics,-0.040000000000000036
text29-PHY-SHORT-2509.06825v1,q11,Name_x_Bibliometrics,0.040000000000000015
text30-PHY-SHORT-2509.17653v2,q11,Name_x_Bibliometrics,-0.15999999999999998
text31-MATH-SHORT-2511.03536v1,q11,Name_x_Bibliometrics,0.2
text32-MATH-SHORT-2603.02088v1,q11,Name_x_Bibliometrics,0.039999999999999994
text33-MATH-SHORT-2512.22134v3,q11,Name_x_Bibliometrics,-0.14
text34-MATH-SHORT-2509.00532v1,q11,Name_x_Bibliometrics,-0.03999999999999998
text35-MATH-SHORT-2512.06844v1,q11,Name_x_Bibliometrics,-0.12
text36-MATH-SHORT-2503.09380v2,q11,Name_x_Bibliometrics,0.16000000000000006
text37-MATH-SHORT-2510.26426v1,q11,Name_x_Bibliometrics,-0.08000000000000004
text38-MATH-SHORT-2512.04101v1,q11,Name_x_Bibliometrics,0.36000000000000004
text39-MATH-SHORT-2506.11609v2,q11,Name_x_Bibliometrics,-0.040000000000000036
text40-MATH-SHORT-2507.15879v2,q11,Name_x_Bibliometrics,-0.07999999999999996
text41-BIO-LONG-2512.06709v1,q11,Name_x_Bibliometrics,0.24
text42-BIO-LONG-2503.07104v1,q11,Name_x_Bibliometrics,0.020000000000000018
text43-BIO-LONG-2506.16577v1,q11,Name_x_Bibliometrics,6.661338147750939e-17
text44-BIO-LONG-2505.20052v1,q11,Name_x_Bibliometrics,0.039999999999999994
text45-BIO-LONG-2507.17897v4,q11,Name_x_Bibliometrics,0.019999999999999997
text46-BIO-LONG-2505.05863v1,q11,Name_x_Bibliometrics,-0.2
text47-BIO-LONG-2505.21094v1,q11,Name_x_Bibliometrics,-0.08
text48-BIO-LONG-2602.16750v1,q11,Name_x_Bibliometrics,0.1
text49-BIO-LONG-2511.10014v1,q11,Name_x_Bibliometrics,-0.14
text50-BIO-LONG-2603.01054v1,q11,Name_x_Bibliometrics,-0.23999999999999994
text51-CS-LONG-2602.11588v1,q11,Name_x_Bibliometrics,0.0
text52-CS-LONG-2602.15675v1,q11,Name_x_Bibliometrics,0.0
text53-CS-LONG-2603.02012v1,q11,Name_x_Bibliometrics,-0.020000000000000018
text54-CS-LONG-2602.23006v1,q11,Name_x_Bibliometrics,0.019999999999999973
text55-CS-LONG-2602.21625v1,q11,Name_x_Bibliometrics,-0.12
text56-CS-LONG-2602.13713v1,q11,Name_x_Bibliometrics,-0.10000000000000002
text57-CS-LONG-2603.00079v1,q11,Name_x_Bibliometrics,-0.13999999999999999
text58-CS-LONG-2603.01023v1,q11,Name_x_Bibliometrics,0.040000000000000015
text59-CS-LONG-2602.19401v1,q11,Name_x_Bibliometrics,0.019999999999999928
text60-CS-LONG-2602.18518v1,q11,Name_x_Bibliometrics,-0.020000000000000018
text61-PHY-LONG-2602.03885v1,q11,Name_x_Bibliometrics,0.08000000000000003
text62-PHY-LONG-2511.21971v1,q11,Name_x_Bibliometrics,-0.2
text63-PHY-LONG-2512.18015v1,q11,Name_x_Bibliometrics,-0.07999999999999999
text64-PHY-LONG-2602.23683v1,q11,Name_x_Bibliometrics,0.0
text65-PHY-LONG-2601.13267v1,q11,Name_x_Bibliometrics,0.16000000000000003
text66-PHY-LONG-2512.24566v1,q11,Name_x_Bibliometrics,0.16
text67-PHY-LONG-2602.07636v2,q11,Name_x_Bibliometrics,0.020000000000000018
text68-PHY-LONG-2512.18130v1,q11,Name_x_Bibliometrics,-0.12
text69-PHY-LONG-2602.17389v1,q11,Name_x_Bibliometrics,0.06000000000000001
text70-PHY-LONG-2602.08188v1,q11,Name_x_Bibliometrics,-0.14
text71-MATH-LONG-2511.12781v1,q11,Name_x_Bibliometrics,0.15999999999999998
text72-MATH-LONG-2602.06095v1,q11,Name_x_Bibliometrics,0.24000000000000005
text73-MATH-LONG-2511.18101v1,q11,Name_x_Bibliometrics,0.24000000000000005
text74-MATH-LONG-2512.15978v1,q11,Name_x_Bibliometrics,-0.52
text75-MATH-LONG-2511.22140v1,q11,Name_x_Bibliometrics,-0.10000000000000006
text76-MATH-LONG-2602.20441v1,q11,Name_x_Bibliometrics,-0.12
text77-MATH-LONG-2601.20851v2,q11,Name_x_Bibliometrics,0.2
text78-MATH-LONG-2512.17595v1,q11,Name_x_Bibliometrics,-0.14000000000000004
text79-MATH-LONG-2512.10129v1,q11,Name_x_Bibliometrics,0.2
text80-MATH-LONG-2512.10507v1,q11,Name_x_Bibliometrics,0.17999999999999988
text01-BIO-SHORT-2505.02276v1,q11,Inst_x_Bibliometrics,0.1
text02-BIO-SHORT-2507.04575v1,q11,Inst_x_Bibliometrics,0.039999999999999994
text03-BIO-SHORT-2505.11568v3,q11,Inst_x_Bibliometrics,-0.019999999999999973
text04-BIO-SHORT-2507.08385v1,q11,Inst_x_Bibliometrics,-0.44000000000000006
text05-BIO-SHORT-2504.10973v1,q11,Inst_x_Bibliometrics,0.15999999999999998
text06-BIO-SHORT-2506.14789v1,q11,Inst_x_Bibliometrics,0.039999999999999994
text07-BIO-SHORT-2506.13576v3,q11,Inst_x_Bibliometrics,0.019999999999999973
text08-BIO-SHORT-2503.19923v2,q11,Inst_x_Bibliometrics,-0.15999999999999998
text09-BIO-SHORT-2602.00019v1,q11,Inst_x_Bibliometrics,0.07999999999999999
text10-BIO-SHORT-2506.13817v1,q11,Inst_x_Bibliometrics,-0.3
text11-CS-SHORT-2506.09194v1,q11,Inst_x_Bibliometrics,0.15999999999999995
text12-CS-SHORT-2512.19717v1,q11,Inst_x_Bibliometrics,-0.24000000000000005
text13-CS-SHORT-2510.04124v5,q11,Inst_x_Bibliometrics,0.019999999999999997
text14-CS-SHORT-2509.13349v2,q11,Inst_x_Bibliometrics,-2.2204460492503132e-17
text15-CS-SHORT-2602.03870v1,q11,Inst_x_Bibliometrics,-0.12
text16-CS-SHORT-2509.06033v1,q11,Inst_x_Bibliometrics,-0.10000000000000002
text17-CS-SHORT-2509.16294v1,q11,Inst_x_Bibliometrics,-0.07999999999999999
text18-CS-SHORT-2507.09492v1,q11,Inst_x_Bibliometrics,-0.01999999999999994
text19-CS-SHORT-2509.14600v1,q11,Inst_x_Bibliometrics,-0.13999999999999996
text20-CS-SHORT-2503.14899v1,q11,Inst_x_Bibliometrics,0.08000000000000003
text21-PHY-SHORT-2601.23079v1,q11,Inst_x_Bibliometrics,-0.06000000000000001
text22-PHY-SHORT-2601.23047v1,q11,Inst_x_Bibliometrics,-0.040000000000000015
text23-PHY-SHORT-2601.23057v1,q11,Inst_x_Bibliometrics,0.059999999999999984
text24-PHY-SHORT-2509.16741v1,q11,Inst_x_Bibliometrics,-0.039999999999999994
text25-PHY-SHORT-2507.08042v1,q11,Inst_x_Bibliometrics,-0.06000000000000002
text26-PHY-SHORT-2512.23538v1,q11,Inst_x_Bibliometrics,0.08000000000000003
text27-PHY-SHORT-2510.18500v1,q11,Inst_x_Bibliometrics,0.06000000000000001
text28-PHY-SHORT-2508.20431v1,q11,Inst_x_Bibliometrics,-0.15999999999999998
text29-PHY-SHORT-2509.06825v1,q11,Inst_x_Bibliometrics,-2.2204460492503132e-17
text30-PHY-SHORT-2509.17653v2,q11,Inst_x_Bibliometrics,0.19999999999999998
text31-MATH-SHORT-2511.03536v1,q11,Inst_x_Bibliometrics,0.27999999999999997
text32-MATH-SHORT-2603.02088v1,q11,Inst_x_Bibliometrics,0.07999999999999999
text33-MATH-SHORT-2512.22134v3,q11,Inst_x_Bibliometrics,-0.059999999999999984
text34-MATH-SHORT-2509.00532v1,q11,Inst_x_Bibliometrics,0.039999999999999994
text35-MATH-SHORT-2512.06844v1,q11,Inst_x_Bibliometrics,-0.4
text36-MATH-SHORT-2503.09380v2,q11,Inst_x_Bibliometrics,-0.27999999999999997
text37-MATH-SHORT-2510.26426v1,q11,Inst_x_Bibliometrics,-0.24000000000000005
text38-MATH-SHORT-2512.04101v1,q11,Inst_x_Bibliometrics,0.4000000000000001
text39-MATH-SHORT-2506.11609v2,q11,Inst_x_Bibliometrics,-0.24000000000000005
text40-MATH-SHORT-2507.15879v2,q11,Inst_x_Bibliometrics,0.039999999999999966
text41-BIO-LONG-2512.06709v1,q11,Inst_x_Bibliometrics,0.08000000000000003
text42-BIO-LONG-2503.07104v1,q11,Inst_x_Bibliometrics,-0.05999999999999996
text43-BIO-LONG-2506.16577v1,q11,Inst_x_Bibliometrics,-1.1102230246251566e-17
text44-BIO-LONG-2505.20052v1,q11,Inst_x_Bibliometrics,-0.12000000000000002
text45-BIO-LONG-2507.17897v4,q11,Inst_x_Bibliometrics,0.18
text46-BIO-LONG-2505.05863v1,q11,Inst_x_Bibliometrics,0.039999999999999945
text47-BIO-LONG-2505.21094v1,q11,Inst_x_Bibliometrics,-2.2204460492503132e-17
text48-BIO-LONG-2602.16750v1,q11,Inst_x_Bibliometrics,-0.1
text49-BIO-LONG-2511.10014v1,q11,Inst_x_Bibliometrics,-0.22000000000000003
text50-BIO-LONG-2603.01054v1,q11,Inst_x_Bibliometrics,0.0
text51-CS-LONG-2602.11588v1,q11,Inst_x_Bibliometrics,-8.881784197001253e-17
text52-CS-LONG-2602.15675v1,q11,Inst_x_Bibliometrics,0.2
text53-CS-LONG-2603.02012v1,q11,Inst_x_Bibliometrics,-0.020000000000000018
text54-CS-LONG-2602.23006v1,q11,Inst_x_Bibliometrics,-0.13999999999999999
text55-CS-LONG-2602.21625v1,q11,Inst_x_Bibliometrics,-0.2
text56-CS-LONG-2602.13713v1,q11,Inst_x_Bibliometrics,-0.019999999999999952
text57-CS-LONG-2603.00079v1,q11,Inst_x_Bibliometrics,0.09999999999999996
text58-CS-LONG-2603.01023v1,q11,Inst_x_Bibliometrics,-0.4
text59-CS-LONG-2602.19401v1,q11,Inst_x_Bibliometrics,0.020000000000000018
text60-CS-LONG-2602.18518v1,q11,Inst_x_Bibliometrics,0.020000000000000018
text61-PHY-LONG-2602.03885v1,q11,Inst_x_Bibliometrics,-0.07999999999999999
text62-PHY-LONG-2511.21971v1,q11,Inst_x_Bibliometrics,0.24000000000000005
text63-PHY-LONG-2512.18015v1,q11,Inst_x_Bibliometrics,0.11999999999999997
text64-PHY-LONG-2602.23683v1,q11,Inst_x_Bibliometrics,-0.2
text65-PHY-LONG-2601.13267v1,q11,Inst_x_Bibliometrics,2.2204460492503132e-17
text66-PHY-LONG-2512.24566v1,q11,Inst_x_Bibliometrics,-0.039999999999999994
text67-PHY-LONG-2602.07636v2,q11,Inst_x_Bibliometrics,0.26
text68-PHY-LONG-2512.18130v1,q11,Inst_x_Bibliometrics,-0.07999999999999997
text69-PHY-LONG-2602.17389v1,q11,Inst_x_Bibliometrics,0.06000000000000001
text70-PHY-LONG-2602.08188v1,q11,Inst_x_Bibliometrics,-0.25999999999999995
text71-MATH-LONG-2511.12781v1,q11,Inst_x_Bibliometrics,-0.24000000000000005
text72-MATH-LONG-2602.06095v1,q11,Inst_x_Bibliometrics,-0.27999999999999997
text73-MATH-LONG-2511.18101v1,q11,Inst_x_Bibliometrics,-0.12000000000000006
text74-MATH-LONG-2512.15978v1,q11,Inst_x_Bibliometrics,0.16
text75-MATH-LONG-2511.22140v1,q11,Inst_x_Bibliometrics,-0.059999999999999984
text76-MATH-LONG-2602.20441v1,q11,Inst_x_Bibliometrics,-0.15999999999999998
text77-MATH-LONG-2601.20851v2,q11,Inst_x_Bibliometrics,0.2
text78-MATH-LONG-2512.17595v1,q11,Inst_x_Bibliometrics,0.020000000000000018
text79-MATH-LONG-2512.10129v1,q11,Inst_x_Bibliometrics,0.07999999999999999
text80-MATH-LONG-2512.10507v1,q11,Inst_x_Bibliometrics,-0.06000000000000003
text01-BIO-SHORT-2505.02276v1,q12,BF_minus_WM,0.08000000000000003
text02-BIO-SHORT-2507.04575v1,q12,BF_minus_WM,0.12
text03-BIO-SHORT-2505.11568v3,q12,BF_minus_WM,-0.06999999999999999
text04-BIO-SHORT-2507.08385v1,q12,BF_minus_WM,0.059999999999999984
text05-BIO-SHORT-2504.10973v1,q12,BF_minus_WM,0.06000000000000001
text06-BIO-SHORT-2506.14789v1,q12,BF_minus_WM,-0.05
text07-BIO-SHORT-2506.13576v3,q12,BF_minus_WM,0.030000000000000016
text08-BIO-SHORT-2503.19923v2,q12,BF_minus_WM,0.019999999999999997
text09-BIO-SHORT-2602.00019v1,q12,BF_minus_WM,0.039999999999999994
text10-BIO-SHORT-2506.13817v1,q12,BF_minus_WM,0.010000000000000009
text11-CS-SHORT-2506.09194v1,q12,BF_minus_WM,0.06
text12-CS-SHORT-2512.19717v1,q12,BF_minus_WM,-0.030000000000000016
text13-CS-SHORT-2510.04124v5,q12,BF_minus_WM,0.009999999999999998
text14-CS-SHORT-2509.13349v2,q12,BF_minus_WM,0.020000000000000007
text15-CS-SHORT-2602.03870v1,q12,BF_minus_WM,-0.009999999999999998
text16-CS-SHORT-2509.06033v1,q12,BF_minus_WM,0.009999999999999998
text17-CS-SHORT-2509.16294v1,q12,BF_minus_WM,-0.05
text18-CS-SHORT-2507.09492v1,q12,BF_minus_WM,0.039999999999999994
text19-CS-SHORT-2509.14600v1,q12,BF_minus_WM,-0.019999999999999997
text20-CS-SHORT-2503.14899v1,q12,BF_minus_WM,0.01
text21-PHY-SHORT-2601.23079v1,q12,BF_minus_WM,-0.010000000000000009
text22-PHY-SHORT-2601.23047v1,q12,BF_minus_WM,-0.04
text23-PHY-SHORT-2601.23057v1,q12,BF_minus_WM,0.009999999999999998
text24-PHY-SHORT-2509.16741v1,q12,BF_minus_WM,-0.04
text25-PHY-SHORT-2507.08042v1,q12,BF_minus_WM,0.030000000000000006
text26-PHY-SHORT-2512.23538v1,q12,BF_minus_WM,0.03000000000000001
text27-PHY-SHORT-2510.18500v1,q12,BF_minus_WM,0.030000000000000016
text28-PHY-SHORT-2508.20431v1,q12,BF_minus_WM,0.05999999999999998
text29-PHY-SHORT-2509.06825v1,q12,BF_minus_WM,5.551115123125783e-18
text30-PHY-SHORT-2509.17653v2,q12,BF_minus_WM,0.049999999999999975
text31-MATH-SHORT-2511.03536v1,q12,BF_minus_WM,-0.010000000000000009
text32-MATH-SHORT-2603.02088v1,q12,BF_minus_WM,0.06
text33-MATH-SHORT-2512.22134v3,q12,BF_minus_WM,-0.059999999999999984
text34-MATH-SHORT-2509.00532v1,q12,BF_minus_WM,-0.07000000000000002
text35-MATH-SHORT-2512.06844v1,q12,BF_minus_WM,0.08
text36-MATH-SHORT-2503.09380v2,q12,BF_minus_WM,0.06999999999999999
text37-MATH-SHORT-2510.26426v1,q12,BF_minus_WM,0.11999999999999997
text38-MATH-SHORT-2512.04101v1,q12,BF_minus_WM,-0.06999999999999999
text39-MATH-SHORT-2506.11609v2,q12,BF_minus_WM,-0.05
text40-MATH-SHORT-2507.15879v2,q12,BF_minus_WM,0.0
text41-BIO-LONG-2512.06709v1,q12,BF_minus_WM,-0.06999999999999999
text42-BIO-LONG-2503.07104v1,q12,BF_minus_WM,1.1102230246251566e-17
text43-BIO-LONG-2506.16577v1,q12,BF_minus_WM,0.06000000000000001
text44-BIO-LONG-2505.20052v1,q12,BF_minus_WM,0.21000000000000002
text45-BIO-LONG-2507.17897v4,q12,BF_minus_WM,0.10999999999999999
text46-BIO-LONG-2505.05863v1,q12,BF_minus_WM,-0.019999999999999997
text47-BIO-LONG-2505.21094v1,q12,BF_minus_WM,0.010000000000000009
text48-BIO-LONG-2602.16750v1,q12,BF_minus_WM,0.12
text49-BIO-LONG-2511.10014v1,q12,BF_minus_WM,0.0
text50-BIO-LONG-2603.01054v1,q12,BF_minus_WM,2.2204460492503132e-17
text51-CS-LONG-2602.11588v1,q12,BF_minus_WM,0.030000000000000006
text52-CS-LONG-2602.15675v1,q12,BF_minus_WM,-0.06999999999999998
text53-CS-LONG-2603.02012v1,q12,BF_minus_WM,0.019999999999999997
text54-CS-LONG-2602.23006v1,q12,BF_minus_WM,0.019999999999999987
text55-CS-LONG-2602.21625v1,q12,BF_minus_WM,0.22000000000000003
text56-CS-LONG-2602.13713v1,q12,BF_minus_WM,0.06
text57-CS-LONG-2603.00079v1,q12,BF_minus_WM,0.12
text58-CS-LONG-2603.01023v1,q12,BF_minus_WM,0.11000000000000001
text59-CS-LONG-2602.19401v1,q12,BF_minus_WM,-0.06000000000000001
text60-CS-LONG-2602.18518v1,q12,BF_minus_WM,0.010000000000000009
text61-PHY-LONG-2602.03885v1,q12,BF_minus_WM,-0.020000000000000018
text62-PHY-LONG-2511.21971v1,q12,BF_minus_WM,0.04
text63-PHY-LONG-2512.18015v1,q12,BF_minus_WM,0.13000000000000003
text64-PHY-LONG-2602.23683v1,q12,BF_minus_WM,-0.010000000000000009
text65-PHY-LONG-2601.13267v1,q12,BF_minus_WM,-0.009999999999999998
text66-PHY-LONG-2512.24566v1,q12,BF_minus_WM,0.010000000000000009
text67-PHY-LONG-2602.07636v2,q12,BF_minus_WM,0.07
text68-PHY-LONG-2512.18130v1,q12,BF_minus_WM,-0.03
text69-PHY-LONG-2602.17389v1,q12,BF_minus_WM,0.029999999999999992
text70-PHY-LONG-2602.08188v1,q12,BF_minus_WM,2.7755575615628915e-18
text71-MATH-LONG-2511.12781v1,q12,BF_minus_WM,0.049999999999999975
text72-MATH-LONG-2602.06095v1,q12,BF_minus_WM,-0.02
text73-MATH-LONG-2511.18101v1,q12,BF_minus_WM,0.020000000000000018
text74-MATH-LONG-2512.15978v1,q12,BF_minus_WM,0.06999999999999999
text75-MATH-LONG-2511.22140v1,q12,BF_minus_WM,0.24
text76-MATH-LONG-2602.20441v1,q12,BF_minus_WM,-5.551115123125783e-18
text77-MATH-LONG-2601.20851v2,q12,BF_minus_WM,-0.08
text78-MATH-LONG-2512.17595v1,q12,BF_minus_WM,0.049999999999999975
text79-MATH-LONG-2512.10129v1,q12,BF_minus_WM,0.030000000000000006
text80-MATH-LONG-2512.10507v1,q12,BF_minus_WM,0.06000000000000001
text01-BIO-SHORT-2505.02276v1,q12,HI_minus_LI,-0.08
text02-BIO-SHORT-2507.04575v1,q12,HI_minus_LI,0.28
text03-BIO-SHORT-2505.11568v3,q12,HI_minus_LI,0.030000000000000006
text04-BIO-SHORT-2507.08385v1,q12,HI_minus_LI,0.45999999999999996
text05-BIO-SHORT-2504.10973v1,q12,HI_minus_LI,0.0
text06-BIO-SHORT-2506.14789v1,q12,HI_minus_LI,0.07000000000000002
text07-BIO-SHORT-2506.13576v3,q12,HI_minus_LI,0.12999999999999995
text08-BIO-SHORT-2503.19923v2,q12,HI_minus_LI,-2.7755575615628915e-18
text09-BIO-SHORT-2602.00019v1,q12,HI_minus_LI,0.06000000000000001
text10-BIO-SHORT-2506.13817v1,q12,HI_minus_LI,0.19
text11-CS-SHORT-2506.09194v1,q12,HI_minus_LI,-0.04
text12-CS-SHORT-2512.19717v1,q12,HI_minus_LI,0.22999999999999998
text13-CS-SHORT-2510.04124v5,q12,HI_minus_LI,0.009999999999999998
text14-CS-SHORT-2509.13349v2,q12,HI_minus_LI,0.020000000000000007
text15-CS-SHORT-2602.03870v1,q12,HI_minus_LI,0.009999999999999998
text16-CS-SHORT-2509.06033v1,q12,HI_minus_LI,-0.009999999999999998
text17-CS-SHORT-2509.16294v1,q12,HI_minus_LI,0.009999999999999998
text18-CS-SHORT-2507.09492v1,q12,HI_minus_LI,0.18
text19-CS-SHORT-2509.14600v1,q12,HI_minus_LI,0.039999999999999994
text20-CS-SHORT-2503.14899v1,q12,HI_minus_LI,-0.01
text21-PHY-SHORT-2601.23079v1,q12,HI_minus_LI,0.010000000000000009
text22-PHY-SHORT-2601.23047v1,q12,HI_minus_LI,0.06
text23-PHY-SHORT-2601.23057v1,q12,HI_minus_LI,0.009999999999999998
text24-PHY-SHORT-2509.16741v1,q12,HI_minus_LI,0.04
text25-PHY-SHORT-2507.08042v1,q12,HI_minus_LI,-0.10999999999999999
text26-PHY-SHORT-2512.23538v1,q12,HI_minus_LI,0.10999999999999999
text27-PHY-SHORT-2510.18500v1,q12,HI_minus_LI,0.009999999999999998
text28-PHY-SHORT-2508.20431v1,q12,HI_minus_LI,0.019999999999999983
text29-PHY-SHORT-2509.06825v1,q12,HI_minus_LI,-0.01999999999999999
text30-PHY-SHORT-2509.17653v2,q12,HI_minus_LI,0.15
text31-MATH-SHORT-2511.03536v1,q12,HI_minus_LI,0.09
text32-MATH-SHORT-2603.02088v1,q12,HI_minus_LI,-0.12000000000000002
text33-MATH-SHORT-2512.22134v3,q12,HI_minus_LI,0.12
text34-MATH-SHORT-2509.00532v1,q12,HI_minus_LI,-0.06999999999999999
text35-MATH-SHORT-2512.06844v1,q12,HI_minus_LI,-1.1102230246251566e-17
text36-MATH-SHORT-2503.09380v2,q12,HI_minus_LI,0.09000000000000001
text37-MATH-SHORT-2510.26426v1,q12,HI_minus_LI,0.11999999999999997
text38-MATH-SHORT-2512.04101v1,q12,HI_minus_LI,0.06999999999999995
text39-MATH-SHORT-2506.11609v2,q12,HI_minus_LI,0.06999999999999999
text40-MATH-SHORT-2507.15879v2,q12,HI_minus_LI,0.0
text41-BIO-LONG-2512.06709v1,q12,HI_minus_LI,0.09
text42-BIO-LONG-2503.07104v1,q12,HI_minus_LI,0.04
text43-BIO-LONG-2506.16577v1,q12,HI_minus_LI,-0.039999999999999994
text44-BIO-LONG-2505.20052v1,q12,HI_minus_LI,0.11000000000000001
text45-BIO-LONG-2507.17897v4,q12,HI_minus_LI,0.11000000000000001
text46-BIO-LONG-2505.05863v1,q12,HI_minus_LI,-2.2204460492503132e-17
text47-BIO-LONG-2505.21094v1,q12,HI_minus_LI,-0.030000000000000006
text48-BIO-LONG-2602.16750v1,q12,HI_minus_LI,0.08
text49-BIO-LONG-2511.10014v1,q12,HI_minus_LI,0.019999999999999997
text50-BIO-LONG-2603.01054v1,q12,HI_minus_LI,-0.039999999999999994
text51-CS-LONG-2602.11588v1,q12,HI_minus_LI,0.030000000000000006
text52-CS-LONG-2602.15675v1,q12,HI_minus_LI,0.25
text53-CS-LONG-2603.02012v1,q12,HI_minus_LI,-0.039999999999999966
text54-CS-LONG-2602.23006v1,q12,HI_minus_LI,0.2
text55-CS-LONG-2602.21625v1,q12,HI_minus_LI,0.18
text56-CS-LONG-2602.13713v1,q12,HI_minus_LI,0.41999999999999993
text57-CS-LONG-2603.00079v1,q12,HI_minus_LI,0.019999999999999997
text58-CS-LONG-2603.01023v1,q12,HI_minus_LI,-0.12999999999999995
text59-CS-LONG-2602.19401v1,q12,HI_minus_LI,-0.019999999999999997
text60-CS-LONG-2602.18518v1,q12,HI_minus_LI,0.010000000000000009
text61-PHY-LONG-2602.03885v1,q12,HI_minus_LI,0.13999999999999999
text62-PHY-LONG-2511.21971v1,q12,HI_minus_LI,0.22000000000000003
text63-PHY-LONG-2512.18015v1,q12,HI_minus_LI,0.06999999999999998
text64-PHY-LONG-2602.23683v1,q12,HI_minus_LI,0.11000000000000001
text65-PHY-LONG-2601.13267v1,q12,HI_minus_LI,0.17
text66-PHY-LONG-2512.24566v1,q12,HI_minus_LI,0.06999999999999998
text67-PHY-LONG-2602.07636v2,q12,HI_minus_LI,0.10999999999999996
text68-PHY-LONG-2512.18130v1,q12,HI_minus_LI,0.07000000000000002
text69-PHY-LONG-2602.17389v1,q12,HI_minus_LI,-0.05000000000000001
text70-PHY-LONG-2602.08188v1,q12,HI_minus_LI,-0.06
text71-MATH-LONG-2511.12781v1,q12,HI_minus_LI,-0.030000000000000006
text72-MATH-LONG-2602.06095v1,q12,HI_minus_LI,0.019999999999999997
text73-MATH-LONG-2511.18101v1,q12,HI_minus_LI,0.0
text74-MATH-LONG-2512.15978v1,q12,HI_minus_LI,0.18999999999999995
text75-MATH-LONG-2511.22140v1,q12,HI_minus_LI,0.22000000000000003
text76-MATH-LONG-2602.20441v1,q12,HI_minus_LI,0.0
text77-MATH-LONG-2601.20851v2,q12,HI_minus_LI,0.16000000000000003
text78-MATH-LONG-2512.17595v1,q12,HI_minus_LI,0.04999999999999998
text79-MATH-LONG-2512.10129v1,q12,HI_minus_LI,-0.030000000000000006
text80-MATH-LONG-2512.10507v1,q12,HI_minus_LI,0.1
text01-BIO-SHORT-2505.02276v1,q12,HP_minus_LP,0.08
text02-BIO-SHORT-2507.04575v1,q12,HP_minus_LP,0.34
text03-BIO-SHORT-2505.11568v3,q12,HP_minus_LP,0.08999999999999997
text04-BIO-SHORT-2507.08385v1,q12,HP_minus_LP,0.1
text05-BIO-SHORT-2504.10973v1,q12,HP_minus_LP,0.1
text06-BIO-SHORT-2506.14789v1,q12,HP_minus_LP,-0.02999999999999998
text07-BIO-SHORT-2506.13576v3,q12,HP_minus_LP,0.17000000000000004
text08-BIO-SHORT-2503.19923v2,q12,HP_minus_LP,-0.039999999999999994
text09-BIO-SHORT-2602.00019v1,q12,HP_minus_LP,0.16
text10-BIO-SHORT-2506.13817v1,q12,HP_minus_LP,0.21000000000000002
text11-CS-SHORT-2506.09194v1,q12,HP_minus_LP,0.2
text12-CS-SHORT-2512.19717v1,q12,HP_minus_LP,0.32999999999999996
text13-CS-SHORT-2510.04124v5,q12,HP_minus_LP,0.27
text14-CS-SHORT-2509.13349v2,q12,HP_minus_LP,0.16
text15-CS-SHORT-2602.03870v1,q12,HP_minus_LP,0.19
text16-CS-SHORT-2509.06033v1,q12,HP_minus_LP,0.009999999999999998
text17-CS-SHORT-2509.16294v1,q12,HP_minus_LP,0.19000000000000003
text18-CS-SHORT-2507.09492v1,q12,HP_minus_LP,0.18
text19-CS-SHORT-2509.14600v1,q12,HP_minus_LP,0.2
text20-CS-SHORT-2503.14899v1,q12,HP_minus_LP,0.01
text21-PHY-SHORT-2601.23079v1,q12,HP_minus_LP,0.010000000000000009
text22-PHY-SHORT-2601.23047v1,q12,HP_minus_LP,0.13999999999999999
text23-PHY-SHORT-2601.23057v1,q12,HP_minus_LP,0.13
text24-PHY-SHORT-2509.16741v1,q12,HP_minus_LP,0.16
text25-PHY-SHORT-2507.08042v1,q12,HP_minus_LP,0.030000000000000006
text26-PHY-SHORT-2512.23538v1,q12,HP_minus_LP,-0.009999999999999981
text27-PHY-SHORT-2510.18500v1,q12,HP_minus_LP,0.25
text28-PHY-SHORT-2508.20431v1,q12,HP_minus_LP,0.1
text29-PHY-SHORT-2509.06825v1,q12,HP_minus_LP,5.551115123125783e-18
text30-PHY-SHORT-2509.17653v2,q12,HP_minus_LP,0.19
text31-MATH-SHORT-2511.03536v1,q12,HP_minus_LP,0.16999999999999998
text32-MATH-SHORT-2603.02088v1,q12,HP_minus_LP,0.16
text33-MATH-SHORT-2512.22134v3,q12,HP_minus_LP,0.18
text34-MATH-SHORT-2509.00532v1,q12,HP_minus_LP,0.15
text35-MATH-SHORT-2512.06844v1,q12,HP_minus_LP,0.18
text36-MATH-SHORT-2503.09380v2,q12,HP_minus_LP,0.29000000000000004
text37-MATH-SHORT-2510.26426v1,q12,HP_minus_LP,0.43999999999999995
text38-MATH-SHORT-2512.04101v1,q12,HP_minus_LP,0.05
text39-MATH-SHORT-2506.11609v2,q12,HP_minus_LP,0.41000000000000003
text40-MATH-SHORT-2507.15879v2,q12,HP_minus_LP,0.019999999999999997
text41-BIO-LONG-2512.06709v1,q12,HP_minus_LP,0.09
text42-BIO-LONG-2503.07104v1,q12,HP_minus_LP,0.27999999999999997
text43-BIO-LONG-2506.16577v1,q12,HP_minus_LP,0.3
text44-BIO-LONG-2505.20052v1,q12,HP_minus_LP,0.31
text45-BIO-LONG-2507.17897v4,q12,HP_minus_LP,0.16999999999999998
text46-BIO-LONG-2505.05863v1,q12,HP_minus_LP,0.07999999999999996
text47-BIO-LONG-2505.21094v1,q12,HP_minus_LP,0.13
text48-BIO-LONG-2602.16750v1,q12,HP_minus_LP,0.040000000000000015
text49-BIO-LONG-2511.10014v1,q12,HP_minus_LP,0.0
text50-BIO-LONG-2603.01054v1,q12,HP_minus_LP,0.13999999999999999
text51-CS-LONG-2602.11588v1,q12,HP_minus_LP,-0.030000000000000006
text52-CS-LONG-2602.15675v1,q12,HP_minus_LP,0.35
text53-CS-LONG-2603.02012v1,q12,HP_minus_LP,0.12000000000000002
text54-CS-LONG-2602.23006v1,q12,HP_minus_LP,0.18
text55-CS-LONG-2602.21625v1,q12,HP_minus_LP,0.16000000000000003
text56-CS-LONG-2602.13713v1,q12,HP_minus_LP,0.24
text57-CS-LONG-2603.00079v1,q12,HP_minus_LP,0.15999999999999998
text58-CS-LONG-2603.01023v1,q12,HP_minus_LP,0.33
text59-CS-LONG-2602.19401v1,q12,HP_minus_LP,0.09999999999999998
text60-CS-LONG-2602.18518v1,q12,HP_minus_LP,0.19
text61-PHY-LONG-2602.03885v1,q12,HP_minus_LP,0.13999999999999999
text62-PHY-LONG-2511.21971v1,q12,HP_minus_LP,0.24
text63-PHY-LONG-2512.18015v1,q12,HP_minus_LP,0.45
text64-PHY-LONG-2602.23683v1,q12,HP_minus_LP,0.09
text65-PHY-LONG-2601.13267v1,q12,HP_minus_LP,0.12999999999999998
text66-PHY-LONG-2512.24566v1,q12,HP_minus_LP,0.11000000000000001
text67-PHY-LONG-2602.07636v2,q12,HP_minus_LP,0.12999999999999998
text68-PHY-LONG-2512.18130v1,q12,HP_minus_LP,0.5700000000000001
text69-PHY-LONG-2602.17389v1,q12,HP_minus_LP,0.07000000000000002
text70-PHY-LONG-2602.08188v1,q12,HP_minus_LP,0.24000000000000005
text71-MATH-LONG-2511.12781v1,q12,HP_minus_LP,0.06999999999999999
text72-MATH-LONG-2602.06095v1,q12,HP_minus_LP,0.22000000000000003
text73-MATH-LONG-2511.18101v1,q12,HP_minus_LP,0.15999999999999998
text74-MATH-LONG-2512.15978v1,q12,HP_minus_LP,0.21000000000000002
text75-MATH-LONG-2511.22140v1,q12,HP_minus_LP,0.16000000000000006
text76-MATH-LONG-2602.20441v1,q12,HP_minus_LP,0.18
text77-MATH-LONG-2601.20851v2,q12,HP_minus_LP,0.18
text78-MATH-LONG-2512.17595v1,q12,HP_minus_LP,0.20999999999999996
text79-MATH-LONG-2512.10129v1,q12,HP_minus_LP,0.19
text80-MATH-LONG-2512.10507v1,q12,HP_minus_LP,0.16000000000000003
text01-BIO-SHORT-2505.02276v1,q12,Name_x_Inst,0.039999999999999994
text02-BIO-SHORT-2507.04575v1,q12,Name_x_Inst,-0.040000000000000015
text03-BIO-SHORT-2505.11568v3,q12,Name_x_Inst,-0.10000000000000005
text04-BIO-SHORT-2507.08385v1,q12,Name_x_Inst,-0.11999999999999997
text05-BIO-SHORT-2504.10973v1,q12,Name_x_Inst,0.0
text06-BIO-SHORT-2506.14789v1,q12,Name_x_Inst,-0.020000000000000018
text07-BIO-SHORT-2506.13576v3,q12,Name_x_Inst,0.13999999999999996
text08-BIO-SHORT-2503.19923v2,q12,Name_x_Inst,-0.32
text09-BIO-SHORT-2602.00019v1,q12,Name_x_Inst,0.07999999999999999
text10-BIO-SHORT-2506.13817v1,q12,Name_x_Inst,-0.020000000000000018
text11-CS-SHORT-2506.09194v1,q12,Name_x_Inst,0.040000000000000015
text12-CS-SHORT-2512.19717v1,q12,Name_x_Inst,-0.18
text13-CS-SHORT-2510.04124v5,q12,Name_x_Inst,-0.18
text14-CS-SHORT-2509.13349v2,q12,Name_x_Inst,-0.19999999999999998
text15-CS-SHORT-2602.03870v1,q12,Name_x_Inst,0.38
text16-CS-SHORT-2509.06033v1,q12,Name_x_Inst,0.019999999999999997
text17-CS-SHORT-2509.16294v1,q12,Name_x_Inst,0.05999999999999996
text18-CS-SHORT-2507.09492v1,q12,Name_x_Inst,-0.2
text19-CS-SHORT-2509.14600v1,q12,Name_x_Inst,-0.04
text20-CS-SHORT-2503.14899v1,q12,Name_x_Inst,0.02
text21-PHY-SHORT-2601.23079v1,q12,Name_x_Inst,0.020000000000000018
text22-PHY-SHORT-2601.23047v1,q12,Name_x_Inst,-0.08
text23-PHY-SHORT-2601.23057v1,q12,Name_x_Inst,0.18
text24-PHY-SHORT-2509.16741v1,q12,Name_x_Inst,-0.08
text25-PHY-SHORT-2507.08042v1,q12,Name_x_Inst,0.06000000000000002
text26-PHY-SHORT-2512.23538v1,q12,Name_x_Inst,0.05999999999999993
text27-PHY-SHORT-2510.18500v1,q12,Name_x_Inst,-0.13999999999999996
text28-PHY-SHORT-2508.20431v1,q12,Name_x_Inst,0.15999999999999995
text29-PHY-SHORT-2509.06825v1,q12,Name_x_Inst,0.03999999999999998
text30-PHY-SHORT-2509.17653v2,q12,Name_x_Inst,-0.13999999999999996
text31-MATH-SHORT-2511.03536v1,q12,Name_x_Inst,-0.3
text32-MATH-SHORT-2603.02088v1,q12,Name_x_Inst,0.040000000000000015
text33-MATH-SHORT-2512.22134v3,q12,Name_x_Inst,0.08000000000000003
text34-MATH-SHORT-2509.00532v1,q12,Name_x_Inst,-0.14000000000000004
text35-MATH-SHORT-2512.06844v1,q12,Name_x_Inst,0.0
text36-MATH-SHORT-2503.09380v2,q12,Name_x_Inst,0.22000000000000003
text37-MATH-SHORT-2510.26426v1,q12,Name_x_Inst,0.039999999999999966
text38-MATH-SHORT-2512.04101v1,q12,Name_x_Inst,-0.059999999999999956
text39-MATH-SHORT-2506.11609v2,q12,Name_x_Inst,-0.1
text40-MATH-SHORT-2507.15879v2,q12,Name_x_Inst,0.039999999999999994
text41-BIO-LONG-2512.06709v1,q12,Name_x_Inst,-0.1
text42-BIO-LONG-2503.07104v1,q12,Name_x_Inst,-0.16000000000000003
text43-BIO-LONG-2506.16577v1,q12,Name_x_Inst,0.04000000000000002
text44-BIO-LONG-2505.20052v1,q12,Name_x_Inst,0.18
text45-BIO-LONG-2507.17897v4,q12,Name_x_Inst,0.18000000000000002
text46-BIO-LONG-2505.05863v1,q12,Name_x_Inst,-0.039999999999999994
text47-BIO-LONG-2505.21094v1,q12,Name_x_Inst,0.1
text48-BIO-LONG-2602.16750v1,q12,Name_x_Inst,0.08000000000000003
text49-BIO-LONG-2511.10014v1,q12,Name_x_Inst,0.0
text50-BIO-LONG-2603.01054v1,q12,Name_x_Inst,-0.039999999999999994
text51-CS-LONG-2602.11588v1,q12,Name_x_Inst,0.06000000000000001
text52-CS-LONG-2602.15675v1,q12,Name_x_Inst,-0.019999999999999997
text53-CS-LONG-2603.02012v1,q12,Name_x_Inst,-0.039999999999999994
text54-CS-LONG-2602.23006v1,q12,Name_x_Inst,-0.12
text55-CS-LONG-2602.21625v1,q12,Name_x_Inst,-0.4
text56-CS-LONG-2602.13713v1,q12,Name_x_Inst,0.07999999999999996
text57-CS-LONG-2603.00079v1,q12,Name_x_Inst,0.0
text58-CS-LONG-2603.01023v1,q12,Name_x_Inst,-0.30000000000000004
text59-CS-LONG-2602.19401v1,q12,Name_x_Inst,-0.12000000000000002
text60-CS-LONG-2602.18518v1,q12,Name_x_Inst,-0.020000000000000018
text61-PHY-LONG-2602.03885v1,q12,Name_x_Inst,0.07999999999999999
text62-PHY-LONG-2511.21971v1,q12,Name_x_Inst,2.2204460492503132e-17
text63-PHY-LONG-2512.18015v1,q12,Name_x_Inst,-0.059999999999999984
text64-PHY-LONG-2602.23683v1,q12,Name_x_Inst,0.020000000000000018
text65-PHY-LONG-2601.13267v1,q12,Name_x_Inst,-0.26000000000000006
text66-PHY-LONG-2512.24566v1,q12,Name_x_Inst,-0.020000000000000018
text67-PHY-LONG-2602.07636v2,q12,Name_x_Inst,-0.019999999999999952
text68-PHY-LONG-2512.18130v1,q12,Name_x_Inst,-0.019999999999999928
text69-PHY-LONG-2602.17389v1,q12,Name_x_Inst,-0.10000000000000002
text70-PHY-LONG-2602.08188v1,q12,Name_x_Inst,0.07999999999999999
text71-MATH-LONG-2511.12781v1,q12,Name_x_Inst,-0.019999999999999973
text72-MATH-LONG-2602.06095v1,q12,Name_x_Inst,-0.24
text73-MATH-LONG-2511.18101v1,q12,Name_x_Inst,0.07999999999999999
text74-MATH-LONG-2512.15978v1,q12,Name_x_Inst,-0.020000000000000018
text75-MATH-LONG-2511.22140v1,q12,Name_x_Inst,-0.12000000000000002
text76-MATH-LONG-2602.20441v1,q12,Name_x_Inst,0.08000000000000002
text77-MATH-LONG-2601.20851v2,q12,Name_x_Inst,0.08000000000000003
text78-MATH-LONG-2512.17595v1,q12,Name_x_Inst,0.13999999999999999
text79-MATH-LONG-2512.10129v1,q12,Name_x_Inst,-0.019999999999999973
text80-MATH-LONG-2512.10507v1,q12,Name_x_Inst,0.11999999999999997
text01-BIO-SHORT-2505.02276v1,q12,Name_x_Bibliometrics,-0.039999999999999994
text02-BIO-SHORT-2507.04575v1,q12,Name_x_Bibliometrics,0.15999999999999998
text03-BIO-SHORT-2505.11568v3,q12,Name_x_Bibliometrics,-0.06000000000000001
text04-BIO-SHORT-2507.08385v1,q12,Name_x_Bibliometrics,0.04
text05-BIO-SHORT-2504.10973v1,q12,Name_x_Bibliometrics,0.12000000000000002
text06-BIO-SHORT-2506.14789v1,q12,Name_x_Bibliometrics,0.020000000000000018
text07-BIO-SHORT-2506.13576v3,q12,Name_x_Bibliometrics,0.06000000000000003
text08-BIO-SHORT-2503.19923v2,q12,Name_x_Bibliometrics,5.551115123125783e-18
text09-BIO-SHORT-2602.00019v1,q12,Name_x_Bibliometrics,0.12000000000000002
text10-BIO-SHORT-2506.13817v1,q12,Name_x_Bibliometrics,0.020000000000000018
text11-CS-SHORT-2506.09194v1,q12,Name_x_Bibliometrics,-0.040000000000000015
text12-CS-SHORT-2512.19717v1,q12,Name_x_Bibliometrics,0.18
text13-CS-SHORT-2510.04124v5,q12,Name_x_Bibliometrics,-0.059999999999999984
text14-CS-SHORT-2509.13349v2,q12,Name_x_Bibliometrics,-0.08000000000000004
text15-CS-SHORT-2602.03870v1,q12,Name_x_Bibliometrics,0.019999999999999997
text16-CS-SHORT-2509.06033v1,q12,Name_x_Bibliometrics,-0.019999999999999997
text17-CS-SHORT-2509.16294v1,q12,Name_x_Bibliometrics,0.26000000000000006
text18-CS-SHORT-2507.09492v1,q12,Name_x_Bibliometrics,-0.11999999999999993
text19-CS-SHORT-2509.14600v1,q12,Name_x_Bibliometrics,-0.12
text20-CS-SHORT-2503.14899v1,q12,Name_x_Bibliometrics,-0.02
text21-PHY-SHORT-2601.23079v1,q12,Name_x_Bibliometrics,0.020000000000000018
text22-PHY-SHORT-2601.23047v1,q12,Name_x_Bibliometrics,0.08
text23-PHY-SHORT-2601.23057v1,q12,Name_x_Bibliometrics,0.019999999999999997
text24-PHY-SHORT-2509.16741v1,q12,Name_x_Bibliometrics,0.08
text25-PHY-SHORT-2507.08042v1,q12,Name_x_Bibliometrics,0.42000000000000004
text26-PHY-SHORT-2512.23538v1,q12,Name_x_Bibliometrics,0.06000000000000002
text27-PHY-SHORT-2510.18500v1,q12,Name_x_Bibliometrics,-0.059999999999999984
text28-PHY-SHORT-2508.20431v1,q12,Name_x_Bibliometrics,-0.08
text29-PHY-SHORT-2509.06825v1,q12,Name_x_Bibliometrics,-1.1102230246251566e-17
text30-PHY-SHORT-2509.17653v2,q12,Name_x_Bibliometrics,-0.21999999999999992
text31-MATH-SHORT-2511.03536v1,q12,Name_x_Bibliometrics,0.09999999999999995
text32-MATH-SHORT-2603.02088v1,q12,Name_x_Bibliometrics,-0.040000000000000015
text33-MATH-SHORT-2512.22134v3,q12,Name_x_Bibliometrics,-0.27999999999999997
text34-MATH-SHORT-2509.00532v1,q12,Name_x_Bibliometrics,-0.18000000000000002
text35-MATH-SHORT-2512.06844v1,q12,Name_x_Bibliometrics,0.039999999999999994
text36-MATH-SHORT-2503.09380v2,q12,Name_x_Bibliometrics,-0.020000000000000028
text37-MATH-SHORT-2510.26426v1,q12,Name_x_Bibliometrics,-0.12000000000000004
text38-MATH-SHORT-2512.04101v1,q12,Name_x_Bibliometrics,0.06000000000000001
text39-MATH-SHORT-2506.11609v2,q12,Name_x_Bibliometrics,0.020000000000000018
text40-MATH-SHORT-2507.15879v2,q12,Name_x_Bibliometrics,0.0
text41-BIO-LONG-2512.06709v1,q12,Name_x_Bibliometrics,0.05999999999999996
text42-BIO-LONG-2503.07104v1,q12,Name_x_Bibliometrics,0.08
text43-BIO-LONG-2506.16577v1,q12,Name_x_Bibliometrics,0.07999999999999999
text44-BIO-LONG-2505.20052v1,q12,Name_x_Bibliometrics,0.18000000000000002
text45-BIO-LONG-2507.17897v4,q12,Name_x_Bibliometrics,0.29999999999999993
text46-BIO-LONG-2505.05863v1,q12,Name_x_Bibliometrics,-0.19999999999999996
text47-BIO-LONG-2505.21094v1,q12,Name_x_Bibliometrics,0.020000000000000018
text48-BIO-LONG-2602.16750v1,q12,Name_x_Bibliometrics,0.07999999999999993
text49-BIO-LONG-2511.10014v1,q12,Name_x_Bibliometrics,-0.039999999999999994
text50-BIO-LONG-2603.01054v1,q12,Name_x_Bibliometrics,-0.31999999999999995
text51-CS-LONG-2602.11588v1,q12,Name_x_Bibliometrics,-0.06000000000000001
text52-CS-LONG-2602.15675v1,q12,Name_x_Bibliometrics,0.17999999999999997
text53-CS-LONG-2603.02012v1,q12,Name_x_Bibliometrics,-0.040000000000000036
text54-CS-LONG-2602.23006v1,q12,Name_x_Bibliometrics,-0.15999999999999998
text55-CS-LONG-2602.21625v1,q12,Name_x_Bibliometrics,0.2
text56-CS-LONG-2602.13713v1,q12,Name_x_Bibliometrics,-0.27999999999999997
text57-CS-LONG-2603.00079v1,q12,Name_x_Bibliometrics,-0.2
text58-CS-LONG-2603.01023v1,q12,Name_x_Bibliometrics,-0.17999999999999997
text59-CS-LONG-2602.19401v1,q12,Name_x_Bibliometrics,-0.040000000000000036
text60-CS-LONG-2602.18518v1,q12,Name_x_Bibliometrics,0.020000000000000018
text61-PHY-LONG-2602.03885v1,q12,Name_x_Bibliometrics,0.07999999999999999
text62-PHY-LONG-2511.21971v1,q12,Name_x_Bibliometrics,-0.039999999999999966
text63-PHY-LONG-2512.18015v1,q12,Name_x_Bibliometrics,-0.18
text64-PHY-LONG-2602.23683v1,q12,Name_x_Bibliometrics,-0.020000000000000018
text65-PHY-LONG-2601.13267v1,q12,Name_x_Bibliometrics,0.06000000000000003
text66-PHY-LONG-2512.24566v1,q12,Name_x_Bibliometrics,-0.020000000000000018
text67-PHY-LONG-2602.07636v2,q12,Name_x_Bibliometrics,0.34
text68-PHY-LONG-2512.18130v1,q12,Name_x_Bibliometrics,0.09999999999999998
text69-PHY-LONG-2602.17389v1,q12,Name_x_Bibliometrics,0.14
text70-PHY-LONG-2602.08188v1,q12,Name_x_Bibliometrics,-0.04
text71-MATH-LONG-2511.12781v1,q12,Name_x_Bibliometrics,-0.06000000000000001
text72-MATH-LONG-2602.06095v1,q12,Name_x_Bibliometrics,0.16
text73-MATH-LONG-2511.18101v1,q12,Name_x_Bibliometrics,0.07999999999999999
text74-MATH-LONG-2512.15978v1,q12,Name_x_Bibliometrics,0.019999999999999973
text75-MATH-LONG-2511.22140v1,q12,Name_x_Bibliometrics,0.0
text76-MATH-LONG-2602.20441v1,q12,Name_x_Bibliometrics,0.03999999999999998
text77-MATH-LONG-2601.20851v2,q12,Name_x_Bibliometrics,0.11999999999999997
text78-MATH-LONG-2512.17595v1,q12,Name_x_Bibliometrics,0.06
text79-MATH-LONG-2512.10129v1,q12,Name_x_Bibliometrics,0.020000000000000018
text80-MATH-LONG-2512.10507v1,q12,Name_x_Bibliometrics,0.0
text01-BIO-SHORT-2505.02276v1,q12,Inst_x_Bibliometrics,0.28
text02-BIO-SHORT-2507.04575v1,q12,Inst_x_Bibliometrics,-2.2204460492503132e-17
text03-BIO-SHORT-2505.11568v3,q12,Inst_x_Bibliometrics,-0.019999999999999973
text04-BIO-SHORT-2507.08385v1,q12,Inst_x_Bibliometrics,-0.2
text05-BIO-SHORT-2504.10973v1,q12,Inst_x_Bibliometrics,0.07999999999999999
text06-BIO-SHORT-2506.14789v1,q12,Inst_x_Bibliometrics,0.020000000000000018
text07-BIO-SHORT-2506.13576v3,q12,Inst_x_Bibliometrics,-0.059999999999999984
text08-BIO-SHORT-2503.19923v2,q12,Inst_x_Bibliometrics,-0.36000000000000004
text09-BIO-SHORT-2602.00019v1,q12,Inst_x_Bibliometrics,0.07999999999999999
text10-BIO-SHORT-2506.13817v1,q12,Inst_x_Bibliometrics,-0.020000000000000018
text11-CS-SHORT-2506.09194v1,q12,Inst_x_Bibliometrics,0.08
text12-CS-SHORT-2512.19717v1,q12,Inst_x_Bibliometrics,-0.18
text13-CS-SHORT-2510.04124v5,q12,Inst_x_Bibliometrics,0.019999999999999997
text14-CS-SHORT-2509.13349v2,q12,Inst_x_Bibliometrics,-0.08000000000000004
text15-CS-SHORT-2602.03870v1,q12,Inst_x_Bibliometrics,-0.019999999999999997
text16-CS-SHORT-2509.06033v1,q12,Inst_x_Bibliometrics,0.019999999999999997
text17-CS-SHORT-2509.16294v1,q12,Inst_x_Bibliometrics,-0.1
text18-CS-SHORT-2507.09492v1,q12,Inst_x_Bibliometrics,0.16000000000000006
text19-CS-SHORT-2509.14600v1,q12,Inst_x_Bibliometrics,0.0
text20-CS-SHORT-2503.14899v1,q12,Inst_x_Bibliometrics,0.02
text21-PHY-SHORT-2601.23079v1,q12,Inst_x_Bibliometrics,-0.020000000000000018
text22-PHY-SHORT-2601.23047v1,q12,Inst_x_Bibliometrics,-0.12
text23-PHY-SHORT-2601.23057v1,q12,Inst_x_Bibliometrics,0.019999999999999997
text24-PHY-SHORT-2509.16741v1,q12,Inst_x_Bibliometrics,-0.08
text25-PHY-SHORT-2507.08042v1,q12,Inst_x_Bibliometrics,-0.09999999999999995
text26-PHY-SHORT-2512.23538v1,q12,Inst_x_Bibliometrics,0.06000000000000002
text27-PHY-SHORT-2510.18500v1,q12,Inst_x_Bibliometrics,-0.02000000000000004
text28-PHY-SHORT-2508.20431v1,q12,Inst_x_Bibliometrics,-0.15999999999999998
text29-PHY-SHORT-2509.06825v1,q12,Inst_x_Bibliometrics,0.03999999999999998
text30-PHY-SHORT-2509.17653v2,q12,Inst_x_Bibliometrics,0.21999999999999997
text31-MATH-SHORT-2511.03536v1,q12,Inst_x_Bibliometrics,0.06
text32-MATH-SHORT-2603.02088v1,q12,Inst_x_Bibliometrics,0.24000000000000005
text33-MATH-SHORT-2512.22134v3,q12,Inst_x_Bibliometrics,0.07999999999999999
text34-MATH-SHORT-2509.00532v1,q12,Inst_x_Bibliometrics,-0.1
text35-MATH-SHORT-2512.06844v1,q12,Inst_x_Bibliometrics,-0.6
text36-MATH-SHORT-2503.09380v2,q12,Inst_x_Bibliometrics,-0.3
text37-MATH-SHORT-2510.26426v1,q12,Inst_x_Bibliometrics,0.19999999999999998
text38-MATH-SHORT-2512.04101v1,q12,Inst_x_Bibliometrics,0.019999999999999973
text39-MATH-SHORT-2506.11609v2,q12,Inst_x_Bibliometrics,-0.06000000000000001
text40-MATH-SHORT-2507.15879v2,q12,Inst_x_Bibliometrics,0.0
text41-BIO-LONG-2512.06709v1,q12,Inst_x_Bibliometrics,0.06000000000000001
text42-BIO-LONG-2503.07104v1,q12,Inst_x_Bibliometrics,0.24000000000000005
text43-BIO-LONG-2506.16577v1,q12,Inst_x_Bibliometrics,-0.2800000000000001
text44-BIO-LONG-2505.20052v1,q12,Inst_x_Bibliometrics,-0.020000000000000018
text45-BIO-LONG-2507.17897v4,q12,Inst_x_Bibliometrics,0.06000000000000004
text46-BIO-LONG-2505.05863v1,q12,Inst_x_Bibliometrics,-4.4408920985006264e-17
text47-BIO-LONG-2505.21094v1,q12,Inst_x_Bibliometrics,-0.06000000000000001
text48-BIO-LONG-2602.16750v1,q12,Inst_x_Bibliometrics,-0.07999999999999993
text49-BIO-LONG-2511.10014v1,q12,Inst_x_Bibliometrics,0.0
text50-BIO-LONG-2603.01054v1,q12,Inst_x_Bibliometrics,0.07999999999999999
text51-CS-LONG-2602.11588v1,q12,Inst_x_Bibliometrics,-0.06000000000000001
text52-CS-LONG-2602.15675v1,q12,Inst_x_Bibliometrics,0.25999999999999995
text53-CS-LONG-2603.02012v1,q12,Inst_x_Bibliometrics,-0.15999999999999998
text54-CS-LONG-2602.23006v1,q12,Inst_x_Bibliometrics,0.2
text55-CS-LONG-2602.21625v1,q12,Inst_x_Bibliometrics,-0.12000000000000002
text56-CS-LONG-2602.13713v1,q12,Inst_x_Bibliometrics,0.12
text57-CS-LONG-2603.00079v1,q12,Inst_x_Bibliometrics,0.0
text58-CS-LONG-2603.01023v1,q12,Inst_x_Bibliometrics,-0.74
text59-CS-LONG-2602.19401v1,q12,Inst_x_Bibliometrics,-0.039999999999999994
text60-CS-LONG-2602.18518v1,q12,Inst_x_Bibliometrics,0.020000000000000018
text61-PHY-LONG-2602.03885v1,q12,Inst_x_Bibliometrics,0.31999999999999995
text62-PHY-LONG-2511.21971v1,q12,Inst_x_Bibliometrics,0.4
text63-PHY-LONG-2512.18015v1,q12,Inst_x_Bibliometrics,0.25999999999999995
text64-PHY-LONG-2602.23683v1,q12,Inst_x_Bibliometrics,-0.18
text65-PHY-LONG-2601.13267v1,q12,Inst_x_Bibliometrics,0.10000000000000002
text66-PHY-LONG-2512.24566v1,q12,Inst_x_Bibliometrics,-0.22000000000000003
text67-PHY-LONG-2602.07636v2,q12,Inst_x_Bibliometrics,0.18
text68-PHY-LONG-2512.18130v1,q12,Inst_x_Bibliometrics,-0.019999999999999962
text69-PHY-LONG-2602.17389v1,q12,Inst_x_Bibliometrics,0.21999999999999992
text70-PHY-LONG-2602.08188v1,q12,Inst_x_Bibliometrics,-0.24000000000000005
text71-MATH-LONG-2511.12781v1,q12,Inst_x_Bibliometrics,-0.06000000000000001
text72-MATH-LONG-2602.06095v1,q12,Inst_x_Bibliometrics,-0.15999999999999998
text73-MATH-LONG-2511.18101v1,q12,Inst_x_Bibliometrics,0.27999999999999997
text74-MATH-LONG-2512.15978v1,q12,Inst_x_Bibliometrics,0.26
text75-MATH-LONG-2511.22140v1,q12,Inst_x_Bibliometrics,-0.039999999999999994
text76-MATH-LONG-2602.20441v1,q12,Inst_x_Bibliometrics,-0.039999999999999994
text77-MATH-LONG-2601.20851v2,q12,Inst_x_Bibliometrics,-0.19999999999999996
text78-MATH-LONG-2512.17595v1,q12,Inst_x_Bibliometrics,0.1399999999999999
text79-MATH-LONG-2512.10129v1,q12,Inst_x_Bibliometrics,0.05999999999999996
text80-MATH-LONG-2512.10507v1,q12,Inst_x_Bibliometrics,0.0
text01-BIO-SHORT-2505.02276v1,q13,BF_minus_WM,0.0
text02-BIO-SHORT-2507.04575v1,q13,BF_minus_WM,0.009999999999999995
text03-BIO-SHORT-2505.11568v3,q13,BF_minus_WM,0.04
text04-BIO-SHORT-2507.08385v1,q13,BF_minus_WM,0.16999999999999998
text05-BIO-SHORT-2504.10973v1,q13,BF_minus_WM,-0.029999999999999992
text06-BIO-SHORT-2506.14789v1,q13,BF_minus_WM,-0.04000000000000001
text07-BIO-SHORT-2506.13576v3,q13,BF_minus_WM,0.020000000000000007
text08-BIO-SHORT-2503.19923v2,q13,BF_minus_WM,-0.03
text09-BIO-SHORT-2602.00019v1,q13,BF_minus_WM,0.039999999999999966
text10-BIO-SHORT-2506.13817v1,q13,BF_minus_WM,0.0
text11-CS-SHORT-2506.09194v1,q13,BF_minus_WM,0.08
text12-CS-SHORT-2512.19717v1,q13,BF_minus_WM,0.05
text13-CS-SHORT-2510.04124v5,q13,BF_minus_WM,-0.09000000000000001
text14-CS-SHORT-2509.13349v2,q13,BF_minus_WM,0.13
text15-CS-SHORT-2602.03870v1,q13,BF_minus_WM,0.049999999999999975
text16-CS-SHORT-2509.06033v1,q13,BF_minus_WM,0.06
text17-CS-SHORT-2509.16294v1,q13,BF_minus_WM,-0.11000000000000001
text18-CS-SHORT-2507.09492v1,q13,BF_minus_WM,-0.030000000000000016
text19-CS-SHORT-2509.14600v1,q13,BF_minus_WM,0.009999999999999992
text20-CS-SHORT-2503.14899v1,q13,BF_minus_WM,0.030000000000000006
text21-PHY-SHORT-2601.23079v1,q13,BF_minus_WM,-0.07
text22-PHY-SHORT-2601.23047v1,q13,BF_minus_WM,0.029999999999999992
text23-PHY-SHORT-2601.23057v1,q13,BF_minus_WM,-0.039999999999999994
text24-PHY-SHORT-2509.16741v1,q13,BF_minus_WM,-0.04
text25-PHY-SHORT-2507.08042v1,q13,BF_minus_WM,-0.18
text26-PHY-SHORT-2512.23538v1,q13,BF_minus_WM,-0.019999999999999997
text27-PHY-SHORT-2510.18500v1,q13,BF_minus_WM,-0.020000000000000007
text28-PHY-SHORT-2508.20431v1,q13,BF_minus_WM,0.17
text29-PHY-SHORT-2509.06825v1,q13,BF_minus_WM,-0.030000000000000006
text30-PHY-SHORT-2509.17653v2,q13,BF_minus_WM,0.09999999999999999
text31-MATH-SHORT-2511.03536v1,q13,BF_minus_WM,-0.13999999999999999
text32-MATH-SHORT-2603.02088v1,q13,BF_minus_WM,0.12
text33-MATH-SHORT-2512.22134v3,q13,BF_minus_WM,-0.020000000000000007
text34-MATH-SHORT-2509.00532v1,q13,BF_minus_WM,-0.1
text35-MATH-SHORT-2512.06844v1,q13,BF_minus_WM,0.010000000000000004
text36-MATH-SHORT-2503.09380v2,q13,BF_minus_WM,0.029999999999999992
text37-MATH-SHORT-2510.26426v1,q13,BF_minus_WM,0.12000000000000002
text38-MATH-SHORT-2512.04101v1,q13,BF_minus_WM,-0.05
text39-MATH-SHORT-2506.11609v2,q13,BF_minus_WM,0.16999999999999998
text40-MATH-SHORT-2507.15879v2,q13,BF_minus_WM,0.07
text41-BIO-LONG-2512.06709v1,q13,BF_minus_WM,0.06
text42-BIO-LONG-2503.07104v1,q13,BF_minus_WM,-0.039999999999999966
text43-BIO-LONG-2506.16577v1,q13,BF_minus_WM,0.049999999999999996
text44-BIO-LONG-2505.20052v1,q13,BF_minus_WM,0.15
text45-BIO-LONG-2507.17897v4,q13,BF_minus_WM,0.09
text46-BIO-LONG-2505.05863v1,q13,BF_minus_WM,-0.020000000000000018
text47-BIO-LONG-2505.21094v1,q13,BF_minus_WM,0.08
text48-BIO-LONG-2602.16750v1,q13,BF_minus_WM,0.030000000000000016
text49-BIO-LONG-2511.10014v1,q13,BF_minus_WM,-0.06
text50-BIO-LONG-2603.01054v1,q13,BF_minus_WM,-0.059999999999999984
text51-CS-LONG-2602.11588v1,q13,BF_minus_WM,0.010000000000000009
text52-CS-LONG-2602.15675v1,q13,BF_minus_WM,-0.030000000000000006
text53-CS-LONG-2603.02012v1,q13,BF_minus_WM,0.09
text54-CS-LONG-2602.23006v1,q13,BF_minus_WM,0.12
text55-CS-LONG-2602.21625v1,q13,BF_minus_WM,0.08
text56-CS-LONG-2602.13713v1,q13,BF_minus_WM,0.030000000000000006
text57-CS-LONG-2603.00079v1,q13,BF_minus_WM,0.11000000000000003
text58-CS-LONG-2603.01023v1,q13,BF_minus_WM,0.07
text59-CS-LONG-2602.19401v1,q13,BF_minus_WM,0.06999999999999999
text60-CS-LONG-2602.18518v1,q13,BF_minus_WM,0.11000000000000001
text61-PHY-LONG-2602.03885v1,q13,BF_minus_WM,-0.040000000000000015
text62-PHY-LONG-2511.21971v1,q13,BF_minus_WM,-0.05000000000000001
text63-PHY-LONG-2512.18015v1,q13,BF_minus_WM,0.039999999999999994
text64-PHY-LONG-2602.23683v1,q13,BF_minus_WM,-0.06999999999999998
text65-PHY-LONG-2601.13267v1,q13,BF_minus_WM,-0.029999999999999992
text66-PHY-LONG-2512.24566v1,q13,BF_minus_WM,-0.04
text67-PHY-LONG-2602.07636v2,q13,BF_minus_WM,0.02999999999999997
text68-PHY-LONG-2512.18130v1,q13,BF_minus_WM,-0.019999999999999997
text69-PHY-LONG-2602.17389v1,q13,BF_minus_WM,0.02999999999999998
text70-PHY-LONG-2602.08188v1,q13,BF_minus_WM,-0.020000000000000007
text71-MATH-LONG-2511.12781v1,q13,BF_minus_WM,-0.039999999999999994
text72-MATH-LONG-2602.06095v1,q13,BF_minus_WM,-0.06
text73-MATH-LONG-2511.18101v1,q13,BF_minus_WM,0.07999999999999999
text74-MATH-LONG-2512.15978v1,q13,BF_minus_WM,0.2
text75-MATH-LONG-2511.22140v1,q13,BF_minus_WM,0.16
text76-MATH-LONG-2602.20441v1,q13,BF_minus_WM,-0.009999999999999995
text77-MATH-LONG-2601.20851v2,q13,BF_minus_WM,-0.029999999999999992
text78-MATH-LONG-2512.17595v1,q13,BF_minus_WM,-0.11000000000000001
text79-MATH-LONG-2512.10129v1,q13,BF_minus_WM,0.059999999999999984
text80-MATH-LONG-2512.10507v1,q13,BF_minus_WM,-0.02
text01-BIO-SHORT-2505.02276v1,q13,HI_minus_LI,-0.08
text02-BIO-SHORT-2507.04575v1,q13,HI_minus_LI,0.030000000000000006
text03-BIO-SHORT-2505.11568v3,q13,HI_minus_LI,-0.020000000000000004
text04-BIO-SHORT-2507.08385v1,q13,HI_minus_LI,0.16999999999999998
text05-BIO-SHORT-2504.10973v1,q13,HI_minus_LI,-0.029999999999999992
text06-BIO-SHORT-2506.14789v1,q13,HI_minus_LI,-0.01999999999999999
text07-BIO-SHORT-2506.13576v3,q13,HI_minus_LI,0.07999999999999999
text08-BIO-SHORT-2503.19923v2,q13,HI_minus_LI,-0.009999999999999998
text09-BIO-SHORT-2602.00019v1,q13,HI_minus_LI,0.040000000000000015
text10-BIO-SHORT-2506.13817v1,q13,HI_minus_LI,0.2
text11-CS-SHORT-2506.09194v1,q13,HI_minus_LI,0.019999999999999997
text12-CS-SHORT-2512.19717v1,q13,HI_minus_LI,0.22999999999999998
text13-CS-SHORT-2510.04124v5,q13,HI_minus_LI,0.09
text14-CS-SHORT-2509.13349v2,q13,HI_minus_LI,0.16999999999999998
text15-CS-SHORT-2602.03870v1,q13,HI_minus_LI,-0.13000000000000003
text16-CS-SHORT-2509.06033v1,q13,HI_minus_LI,0.13999999999999999
text17-CS-SHORT-2509.16294v1,q13,HI_minus_LI,-0.030000000000000006
text18-CS-SHORT-2507.09492v1,q13,HI_minus_LI,-0.01000000000000002
text19-CS-SHORT-2509.14600v1,q13,HI_minus_LI,0.07
text20-CS-SHORT-2503.14899v1,q13,HI_minus_LI,-0.06999999999999999
text21-PHY-SHORT-2601.23079v1,q13,HI_minus_LI,-0.009999999999999998
text22-PHY-SHORT-2601.23047v1,q13,HI_minus_LI,0.029999999999999992
text23-PHY-SHORT-2601.23057v1,q13,HI_minus_LI,0.06
text24-PHY-SHORT-2509.16741v1,q13,HI_minus_LI,-0.07999999999999999
text25-PHY-SHORT-2507.08042v1,q13,HI_minus_LI,0.12000000000000002
text26-PHY-SHORT-2512.23538v1,q13,HI_minus_LI,-0.019999999999999997
text27-PHY-SHORT-2510.18500v1,q13,HI_minus_LI,0.020000000000000007
text28-PHY-SHORT-2508.20431v1,q13,HI_minus_LI,0.029999999999999992
text29-PHY-SHORT-2509.06825v1,q13,HI_minus_LI,-0.06999999999999999
text30-PHY-SHORT-2509.17653v2,q13,HI_minus_LI,0.18
text31-MATH-SHORT-2511.03536v1,q13,HI_minus_LI,0.06000000000000001
text32-MATH-SHORT-2603.02088v1,q13,HI_minus_LI,-0.16
text33-MATH-SHORT-2512.22134v3,q13,HI_minus_LI,0.06
text34-MATH-SHORT-2509.00532v1,q13,HI_minus_LI,-0.019999999999999997
text35-MATH-SHORT-2512.06844v1,q13,HI_minus_LI,0.17
text36-MATH-SHORT-2503.09380v2,q13,HI_minus_LI,0.02999999999999998
text37-MATH-SHORT-2510.26426v1,q13,HI_minus_LI,0.059999999999999984
text38-MATH-SHORT-2512.04101v1,q13,HI_minus_LI,-0.05
text39-MATH-SHORT-2506.11609v2,q13,HI_minus_LI,0.09
text40-MATH-SHORT-2507.15879v2,q13,HI_minus_LI,-0.07
text41-BIO-LONG-2512.06709v1,q13,HI_minus_LI,0.12000000000000002
text42-BIO-LONG-2503.07104v1,q13,HI_minus_LI,0.040000000000000015
text43-BIO-LONG-2506.16577v1,q13,HI_minus_LI,0.03
text44-BIO-LONG-2505.20052v1,q13,HI_minus_LI,0.05000000000000001
text45-BIO-LONG-2507.17897v4,q13,HI_minus_LI,0.15
text46-BIO-LONG-2505.05863v1,q13,HI_minus_LI,0.039999999999999994
text47-BIO-LONG-2505.21094v1,q13,HI_minus_LI,0.08
text48-BIO-LONG-2602.16750v1,q13,HI_minus_LI,0.009999999999999998
text49-BIO-LONG-2511.10014v1,q13,HI_minus_LI,0.020000000000000007
text50-BIO-LONG-2603.01054v1,q13,HI_minus_LI,-0.019999999999999997
text51-CS-LONG-2602.11588v1,q13,HI_minus_LI,0.010000000000000009
text52-CS-LONG-2602.15675v1,q13,HI_minus_LI,-0.07
text53-CS-LONG-2603.02012v1,q13,HI_minus_LI,0.05
text54-CS-LONG-2602.23006v1,q13,HI_minus_LI,0.059999999999999984
text55-CS-LONG-2602.21625v1,q13,HI_minus_LI,0.2
text56-CS-LONG-2602.13713v1,q13,HI_minus_LI,0.38999999999999996
text57-CS-LONG-2603.00079v1,q13,HI_minus_LI,-0.029999999999999992
text58-CS-LONG-2603.01023v1,q13,HI_minus_LI,-0.07000000000000002
text59-CS-LONG-2602.19401v1,q13,HI_minus_LI,-0.010000000000000004
text60-CS-LONG-2602.18518v1,q13,HI_minus_LI,-0.02999999999999998
text61-PHY-LONG-2602.03885v1,q13,HI_minus_LI,0.10000000000000002
text62-PHY-LONG-2511.21971v1,q13,HI_minus_LI,0.16999999999999998
text63-PHY-LONG-2512.18015v1,q13,HI_minus_LI,0.019999999999999997
text64-PHY-LONG-2602.23683v1,q13,HI_minus_LI,0.010000000000000009
text65-PHY-LONG-2601.13267v1,q13,HI_minus_LI,0.05000000000000001
text66-PHY-LONG-2512.24566v1,q13,HI_minus_LI,0.1
text67-PHY-LONG-2602.07636v2,q13,HI_minus_LI,0.030000000000000016
text68-PHY-LONG-2512.18130v1,q13,HI_minus_LI,0.07999999999999999
text69-PHY-LONG-2602.17389v1,q13,HI_minus_LI,0.12999999999999998
text70-PHY-LONG-2602.08188v1,q13,HI_minus_LI,0.13999999999999999
text71-MATH-LONG-2511.12781v1,q13,HI_minus_LI,0.08
text72-MATH-LONG-2602.06095v1,q13,HI_minus_LI,-0.02000000000000001
text73-MATH-LONG-2511.18101v1,q13,HI_minus_LI,0.06
text74-MATH-LONG-2512.15978v1,q13,HI_minus_LI,0.15999999999999998
text75-MATH-LONG-2511.22140v1,q13,HI_minus_LI,0.11999999999999997
text76-MATH-LONG-2602.20441v1,q13,HI_minus_LI,0.030000000000000016
text77-MATH-LONG-2601.20851v2,q13,HI_minus_LI,0.01000000000000002
text78-MATH-LONG-2512.17595v1,q13,HI_minus_LI,0.04999999999999999
text79-MATH-LONG-2512.10129v1,q13,HI_minus_LI,0.059999999999999984
text80-MATH-LONG-2512.10507v1,q13,HI_minus_LI,0.1
text01-BIO-SHORT-2505.02276v1,q13,HP_minus_LP,-0.06
text02-BIO-SHORT-2507.04575v1,q13,HP_minus_LP,0.09000000000000001
text03-BIO-SHORT-2505.11568v3,q13,HP_minus_LP,0.14
text04-BIO-SHORT-2507.08385v1,q13,HP_minus_LP,-0.029999999999999992
text05-BIO-SHORT-2504.10973v1,q13,HP_minus_LP,0.12999999999999998
text06-BIO-SHORT-2506.14789v1,q13,HP_minus_LP,-0.02
text07-BIO-SHORT-2506.13576v3,q13,HP_minus_LP,0.13999999999999999
text08-BIO-SHORT-2503.19923v2,q13,HP_minus_LP,-0.09000000000000001
text09-BIO-SHORT-2602.00019v1,q13,HP_minus_LP,0.15999999999999998
text10-BIO-SHORT-2506.13817v1,q13,HP_minus_LP,0.2
text11-CS-SHORT-2506.09194v1,q13,HP_minus_LP,0.26
text12-CS-SHORT-2512.19717v1,q13,HP_minus_LP,0.17
text13-CS-SHORT-2510.04124v5,q13,HP_minus_LP,0.22999999999999998
text14-CS-SHORT-2509.13349v2,q13,HP_minus_LP,0.21000000000000002
text15-CS-SHORT-2602.03870v1,q13,HP_minus_LP,0.06999999999999999
text16-CS-SHORT-2509.06033v1,q13,HP_minus_LP,0.04
text17-CS-SHORT-2509.16294v1,q13,HP_minus_LP,0.05
text18-CS-SHORT-2507.09492v1,q13,HP_minus_LP,-0.08999999999999996
text19-CS-SHORT-2509.14600v1,q13,HP_minus_LP,0.07
text20-CS-SHORT-2503.14899v1,q13,HP_minus_LP,0.27
text21-PHY-SHORT-2601.23079v1,q13,HP_minus_LP,0.43
text22-PHY-SHORT-2601.23047v1,q13,HP_minus_LP,0.009999999999999998
text23-PHY-SHORT-2601.23057v1,q13,HP_minus_LP,0.3
text24-PHY-SHORT-2509.16741v1,q13,HP_minus_LP,0.16
text25-PHY-SHORT-2507.08042v1,q13,HP_minus_LP,-0.14
text26-PHY-SHORT-2512.23538v1,q13,HP_minus_LP,-0.019999999999999997
text27-PHY-SHORT-2510.18500v1,q13,HP_minus_LP,0.1
text28-PHY-SHORT-2508.20431v1,q13,HP_minus_LP,0.07
text29-PHY-SHORT-2509.06825v1,q13,HP_minus_LP,0.09
text30-PHY-SHORT-2509.17653v2,q13,HP_minus_LP,0.2
text31-MATH-SHORT-2511.03536v1,q13,HP_minus_LP,0.1
text32-MATH-SHORT-2603.02088v1,q13,HP_minus_LP,0.1
text33-MATH-SHORT-2512.22134v3,q13,HP_minus_LP,0.24
text34-MATH-SHORT-2509.00532v1,q13,HP_minus_LP,0.06
text35-MATH-SHORT-2512.06844v1,q13,HP_minus_LP,0.11000000000000001
text36-MATH-SHORT-2503.09380v2,q13,HP_minus_LP,0.13000000000000003
text37-MATH-SHORT-2510.26426v1,q13,HP_minus_LP,0.08
text38-MATH-SHORT-2512.04101v1,q13,HP_minus_LP,-0.05
text39-MATH-SHORT-2506.11609v2,q13,HP_minus_LP,0.09000000000000001
text40-MATH-SHORT-2507.15879v2,q13,HP_minus_LP,0.009999999999999998
text41-BIO-LONG-2512.06709v1,q13,HP_minus_LP,0.020000000000000007
text42-BIO-LONG-2503.07104v1,q13,HP_minus_LP,0.21999999999999997
text43-BIO-LONG-2506.16577v1,q13,HP_minus_LP,0.03000000000000001
text44-BIO-LONG-2505.20052v1,q13,HP_minus_LP,0.06999999999999998
text45-BIO-LONG-2507.17897v4,q13,HP_minus_LP,0.21000000000000002
text46-BIO-LONG-2505.05863v1,q13,HP_minus_LP,0.06000000000000001
text47-BIO-LONG-2505.21094v1,q13,HP_minus_LP,-0.08
text48-BIO-LONG-2602.16750v1,q13,HP_minus_LP,0.08999999999999998
text49-BIO-LONG-2511.10014v1,q13,HP_minus_LP,0.06
text50-BIO-LONG-2603.01054v1,q13,HP_minus_LP,0.059999999999999984
text51-CS-LONG-2602.11588v1,q13,HP_minus_LP,-0.010000000000000009
text52-CS-LONG-2602.15675v1,q13,HP_minus_LP,0.13
text53-CS-LONG-2603.02012v1,q13,HP_minus_LP,0.22999999999999998
text54-CS-LONG-2602.23006v1,q13,HP_minus_LP,0.039999999999999966
text55-CS-LONG-2602.21625v1,q13,HP_minus_LP,0.12
text56-CS-LONG-2602.13713v1,q13,HP_minus_LP,0.16999999999999998
text57-CS-LONG-2603.00079v1,q13,HP_minus_LP,0.11000000000000001
text58-CS-LONG-2603.01023v1,q13,HP_minus_LP,0.12999999999999998
text59-CS-LONG-2602.19401v1,q13,HP_minus_LP,-0.009999999999999992
text60-CS-LONG-2602.18518v1,q13,HP_minus_LP,-0.05
text61-PHY-LONG-2602.03885v1,q13,HP_minus_LP,0.08
text62-PHY-LONG-2511.21971v1,q13,HP_minus_LP,0.23000000000000004
text63-PHY-LONG-2512.18015v1,q13,HP_minus_LP,0.1
text64-PHY-LONG-2602.23683v1,q13,HP_minus_LP,0.09
text65-PHY-LONG-2601.13267v1,q13,HP_minus_LP,0.01000000000000002
text66-PHY-LONG-2512.24566v1,q13,HP_minus_LP,0.15999999999999998
text67-PHY-LONG-2602.07636v2,q13,HP_minus_LP,-0.07
text68-PHY-LONG-2512.18130v1,q13,HP_minus_LP,0.33999999999999997
text69-PHY-LONG-2602.17389v1,q13,HP_minus_LP,0.09
text70-PHY-LONG-2602.08188v1,q13,HP_minus_LP,-0.06
text71-MATH-LONG-2511.12781v1,q13,HP_minus_LP,0.06000000000000001
text72-MATH-LONG-2602.06095v1,q13,HP_minus_LP,0.020000000000000007
text73-MATH-LONG-2511.18101v1,q13,HP_minus_LP,0.020000000000000007
text74-MATH-LONG-2512.15978v1,q13,HP_minus_LP,0.07999999999999999
text75-MATH-LONG-2511.22140v1,q13,HP_minus_LP,0.12
text76-MATH-LONG-2602.20441v1,q13,HP_minus_LP,0.11000000000000001
text77-MATH-LONG-2601.20851v2,q13,HP_minus_LP,0.029999999999999992
text78-MATH-LONG-2512.17595v1,q13,HP_minus_LP,0.19
text79-MATH-LONG-2512.10129v1,q13,HP_minus_LP,0.15999999999999998
text80-MATH-LONG-2512.10507v1,q13,HP_minus_LP,0.27999999999999997
text01-BIO-SHORT-2505.02276v1,q13,Name_x_Inst,-0.04
text02-BIO-SHORT-2507.04575v1,q13,Name_x_Inst,-0.1
text03-BIO-SHORT-2505.11568v3,q13,Name_x_Inst,0.11999999999999995
text04-BIO-SHORT-2507.08385v1,q13,Name_x_Inst,-0.06
text05-BIO-SHORT-2504.10973v1,q13,Name_x_Inst,0.019999999999999997
text06-BIO-SHORT-2506.14789v1,q13,Name_x_Inst,3.3306690738754695e-17
text07-BIO-SHORT-2506.13576v3,q13,Name_x_Inst,0.08
text08-BIO-SHORT-2503.19923v2,q13,Name_x_Inst,-0.14000000000000004
text09-BIO-SHORT-2602.00019v1,q13,Name_x_Inst,-0.039999999999999994
text10-BIO-SHORT-2506.13817v1,q13,Name_x_Inst,0.0
text11-CS-SHORT-2506.09194v1,q13,Name_x_Inst,0.04
text12-CS-SHORT-2512.19717v1,q13,Name_x_Inst,0.1
text13-CS-SHORT-2510.04124v5,q13,Name_x_Inst,-0.14
text14-CS-SHORT-2509.13349v2,q13,Name_x_Inst,-0.22000000000000003
text15-CS-SHORT-2602.03870v1,q13,Name_x_Inst,0.3
text16-CS-SHORT-2509.06033v1,q13,Name_x_Inst,-0.15999999999999998
text17-CS-SHORT-2509.16294v1,q13,Name_x_Inst,0.13999999999999999
text18-CS-SHORT-2507.09492v1,q13,Name_x_Inst,-0.09999999999999999
text19-CS-SHORT-2509.14600v1,q13,Name_x_Inst,0.14
text20-CS-SHORT-2503.14899v1,q13,Name_x_Inst,0.019999999999999997
text21-PHY-SHORT-2601.23079v1,q13,Name_x_Inst,-0.3
text22-PHY-SHORT-2601.23047v1,q13,Name_x_Inst,0.059999999999999984
text23-PHY-SHORT-2601.23057v1,q13,Name_x_Inst,0.24
text24-PHY-SHORT-2509.16741v1,q13,Name_x_Inst,-0.040000000000000015
text25-PHY-SHORT-2507.08042v1,q13,Name_x_Inst,-0.27999999999999997
text26-PHY-SHORT-2512.23538v1,q13,Name_x_Inst,0.039999999999999994
text27-PHY-SHORT-2510.18500v1,q13,Name_x_Inst,0.08
text28-PHY-SHORT-2508.20431v1,q13,Name_x_Inst,0.019999999999999997
text29-PHY-SHORT-2509.06825v1,q13,Name_x_Inst,-0.14
text30-PHY-SHORT-2509.17653v2,q13,Name_x_Inst,-0.040000000000000036
text31-MATH-SHORT-2511.03536v1,q13,Name_x_Inst,-0.27999999999999997
text32-MATH-SHORT-2603.02088v1,q13,Name_x_Inst,0.15999999999999998
text33-MATH-SHORT-2512.22134v3,q13,Name_x_Inst,-0.040000000000000015
text34-MATH-SHORT-2509.00532v1,q13,Name_x_Inst,-0.040000000000000036
text35-MATH-SHORT-2512.06844v1,q13,Name_x_Inst,0.18000000000000002
text36-MATH-SHORT-2503.09380v2,q13,Name_x_Inst,0.019999999999999997
text37-MATH-SHORT-2510.26426v1,q13,Name_x_Inst,-0.16
text38-MATH-SHORT-2512.04101v1,q13,Name_x_Inst,-0.13999999999999999
text39-MATH-SHORT-2506.11609v2,q13,Name_x_Inst,-0.26000000000000006
text40-MATH-SHORT-2507.15879v2,q13,Name_x_Inst,-0.06000000000000003
text41-BIO-LONG-2512.06709v1,q13,Name_x_Inst,0.08
text42-BIO-LONG-2503.07104v1,q13,Name_x_Inst,0.039999999999999945
text43-BIO-LONG-2506.16577v1,q13,Name_x_Inst,-0.020000000000000028
text44-BIO-LONG-2505.20052v1,q13,Name_x_Inst,0.14
text45-BIO-LONG-2507.17897v4,q13,Name_x_Inst,0.22000000000000003
text46-BIO-LONG-2505.05863v1,q13,Name_x_Inst,-0.040000000000000036
text47-BIO-LONG-2505.21094v1,q13,Name_x_Inst,-0.16
text48-BIO-LONG-2602.16750v1,q13,Name_x_Inst,0.02000000000000004
text49-BIO-LONG-2511.10014v1,q13,Name_x_Inst,-0.12
text50-BIO-LONG-2603.01054v1,q13,Name_x_Inst,0.039999999999999994
text51-CS-LONG-2602.11588v1,q13,Name_x_Inst,0.020000000000000018
text52-CS-LONG-2602.15675v1,q13,Name_x_Inst,0.06000000000000001
text53-CS-LONG-2603.02012v1,q13,Name_x_Inst,0.18000000000000002
text54-CS-LONG-2602.23006v1,q13,Name_x_Inst,0.039999999999999994
text55-CS-LONG-2602.21625v1,q13,Name_x_Inst,-0.16
text56-CS-LONG-2602.13713v1,q13,Name_x_Inst,0.019999999999999973
text57-CS-LONG-2603.00079v1,q13,Name_x_Inst,-0.14
text58-CS-LONG-2603.01023v1,q13,Name_x_Inst,-0.18
text59-CS-LONG-2602.19401v1,q13,Name_x_Inst,-0.05999999999999998
text60-CS-LONG-2602.18518v1,q13,Name_x_Inst,-0.020000000000000018
text61-PHY-LONG-2602.03885v1,q13,Name_x_Inst,-4.4408920985006264e-17
text62-PHY-LONG-2511.21971v1,q13,Name_x_Inst,-0.10000000000000002
text63-PHY-LONG-2512.18015v1,q13,Name_x_Inst,0.0
text64-PHY-LONG-2602.23683v1,q13,Name_x_Inst,-0.020000000000000018
text65-PHY-LONG-2601.13267v1,q13,Name_x_Inst,-0.10000000000000002
text66-PHY-LONG-2512.24566v1,q13,Name_x_Inst,-0.08
text67-PHY-LONG-2602.07636v2,q13,Name_x_Inst,-0.17999999999999997
text68-PHY-LONG-2512.18130v1,q13,Name_x_Inst,-0.19999999999999996
text69-PHY-LONG-2602.17389v1,q13,Name_x_Inst,0.14000000000000004
text70-PHY-LONG-2602.08188v1,q13,Name_x_Inst,0.040000000000000015
text71-MATH-LONG-2511.12781v1,q13,Name_x_Inst,-0.16
text72-MATH-LONG-2602.06095v1,q13,Name_x_Inst,-0.20000000000000004
text73-MATH-LONG-2511.18101v1,q13,Name_x_Inst,0.11999999999999995
text74-MATH-LONG-2512.15978v1,q13,Name_x_Inst,-0.08000000000000003
text75-MATH-LONG-2511.22140v1,q13,Name_x_Inst,0.03999999999999996
text76-MATH-LONG-2602.20441v1,q13,Name_x_Inst,-0.059999999999999984
text77-MATH-LONG-2601.20851v2,q13,Name_x_Inst,0.10000000000000002
text78-MATH-LONG-2512.17595v1,q13,Name_x_Inst,0.06000000000000003
text79-MATH-LONG-2512.10129v1,q13,Name_x_Inst,-0.12000000000000006
text80-MATH-LONG-2512.10507v1,q13,Name_x_Inst,0.16
text01-BIO-SHORT-2505.02276v1,q13,Name_x_Bibliometrics,0.0
text02-BIO-SHORT-2507.04575v1,q13,Name_x_Bibliometrics,0.09999999999999998
text03-BIO-SHORT-2505.11568v3,q13,Name_x_Bibliometrics,0.03999999999999997
text04-BIO-SHORT-2507.08385v1,q13,Name_x_Bibliometrics,-0.06000000000000001
text05-BIO-SHORT-2504.10973v1,q13,Name_x_Bibliometrics,0.18
text06-BIO-SHORT-2506.14789v1,q13,Name_x_Bibliometrics,0.07999999999999995
text07-BIO-SHORT-2506.13576v3,q13,Name_x_Bibliometrics,-0.040000000000000015
text08-BIO-SHORT-2503.19923v2,q13,Name_x_Bibliometrics,0.019999999999999997
text09-BIO-SHORT-2602.00019v1,q13,Name_x_Bibliometrics,0.12000000000000006
text10-BIO-SHORT-2506.13817v1,q13,Name_x_Bibliometrics,0.0
text11-CS-SHORT-2506.09194v1,q13,Name_x_Bibliometrics,-0.039999999999999994
text12-CS-SHORT-2512.19717v1,q13,Name_x_Bibliometrics,-0.1
text13-CS-SHORT-2510.04124v5,q13,Name_x_Bibliometrics,0.30000000000000004
text14-CS-SHORT-2509.13349v2,q13,Name_x_Bibliometrics,-0.06000000000000001
text15-CS-SHORT-2602.03870v1,q13,Name_x_Bibliometrics,-0.020000000000000018
text16-CS-SHORT-2509.06033v1,q13,Name_x_Bibliometrics,0.12
text17-CS-SHORT-2509.16294v1,q13,Name_x_Bibliometrics,0.14000000000000004
text18-CS-SHORT-2507.09492v1,q13,Name_x_Bibliometrics,0.05999999999999996
text19-CS-SHORT-2509.14600v1,q13,Name_x_Bibliometrics,-0.18
text20-CS-SHORT-2503.14899v1,q13,Name_x_Bibliometrics,-0.1
text21-PHY-SHORT-2601.23079v1,q13,Name_x_Bibliometrics,0.26000000000000006
text22-PHY-SHORT-2601.23047v1,q13,Name_x_Bibliometrics,0.019999999999999997
text23-PHY-SHORT-2601.23057v1,q13,Name_x_Bibliometrics,2.7755575615628914e-17
text24-PHY-SHORT-2509.16741v1,q13,Name_x_Bibliometrics,-0.040000000000000015
text25-PHY-SHORT-2507.08042v1,q13,Name_x_Bibliometrics,0.24
text26-PHY-SHORT-2512.23538v1,q13,Name_x_Bibliometrics,0.039999999999999994
text27-PHY-SHORT-2510.18500v1,q13,Name_x_Bibliometrics,-0.08
text28-PHY-SHORT-2508.20431v1,q13,Name_x_Bibliometrics,-0.14
text29-PHY-SHORT-2509.06825v1,q13,Name_x_Bibliometrics,0.1
text30-PHY-SHORT-2509.17653v2,q13,Name_x_Bibliometrics,1.6653345369377347e-17
text31-MATH-SHORT-2511.03536v1,q13,Name_x_Bibliometrics,-0.12000000000000002
text32-MATH-SHORT-2603.02088v1,q13,Name_x_Bibliometrics,-0.04
text33-MATH-SHORT-2512.22134v3,q13,Name_x_Bibliometrics,-0.08
text34-MATH-SHORT-2509.00532v1,q13,Name_x_Bibliometrics,-0.12
text35-MATH-SHORT-2512.06844v1,q13,Name_x_Bibliometrics,0.06
text36-MATH-SHORT-2503.09380v2,q13,Name_x_Bibliometrics,0.06000000000000001
text37-MATH-SHORT-2510.26426v1,q13,Name_x_Bibliometrics,0.039999999999999994
text38-MATH-SHORT-2512.04101v1,q13,Name_x_Bibliometrics,0.02000000000000001
text39-MATH-SHORT-2506.11609v2,q13,Name_x_Bibliometrics,-0.019999999999999997
text40-MATH-SHORT-2507.15879v2,q13,Name_x_Bibliometrics,0.019999999999999997
text41-BIO-LONG-2512.06709v1,q13,Name_x_Bibliometrics,0.27999999999999997
text42-BIO-LONG-2503.07104v1,q13,Name_x_Bibliometrics,-4.4408920985006264e-17
text43-BIO-LONG-2506.16577v1,q13,Name_x_Bibliometrics,-0.020000000000000007
text44-BIO-LONG-2505.20052v1,q13,Name_x_Bibliometrics,0.019999999999999997
text45-BIO-LONG-2507.17897v4,q13,Name_x_Bibliometrics,0.019999999999999997
text46-BIO-LONG-2505.05863v1,q13,Name_x_Bibliometrics,0.0
text47-BIO-LONG-2505.21094v1,q13,Name_x_Bibliometrics,0.16
text48-BIO-LONG-2602.16750v1,q13,Name_x_Bibliometrics,-0.06000000000000003
text49-BIO-LONG-2511.10014v1,q13,Name_x_Bibliometrics,-0.040000000000000015
text50-BIO-LONG-2603.01054v1,q13,Name_x_Bibliometrics,-0.11999999999999997
text51-CS-LONG-2602.11588v1,q13,Name_x_Bibliometrics,-0.020000000000000018
text52-CS-LONG-2602.15675v1,q13,Name_x_Bibliometrics,0.06000000000000001
text53-CS-LONG-2603.02012v1,q13,Name_x_Bibliometrics,-0.1
text54-CS-LONG-2602.23006v1,q13,Name_x_Bibliometrics,0.08000000000000003
text55-CS-LONG-2602.21625v1,q13,Name_x_Bibliometrics,-0.08000000000000003
text56-CS-LONG-2602.13713v1,q13,Name_x_Bibliometrics,-0.019999999999999973
text57-CS-LONG-2603.00079v1,q13,Name_x_Bibliometrics,-0.019999999999999997
text58-CS-LONG-2603.01023v1,q13,Name_x_Bibliometrics,-0.10000000000000002
text59-CS-LONG-2602.19401v1,q13,Name_x_Bibliometrics,0.019999999999999983
text60-CS-LONG-2602.18518v1,q13,Name_x_Bibliometrics,-0.06000000000000005
text61-PHY-LONG-2602.03885v1,q13,Name_x_Bibliometrics,0.039999999999999994
text62-PHY-LONG-2511.21971v1,q13,Name_x_Bibliometrics,0.10000000000000002
text63-PHY-LONG-2512.18015v1,q13,Name_x_Bibliometrics,0.08000000000000003
text64-PHY-LONG-2602.23683v1,q13,Name_x_Bibliometrics,0.13999999999999996
text65-PHY-LONG-2601.13267v1,q13,Name_x_Bibliometrics,0.06000000000000003
text66-PHY-LONG-2512.24566v1,q13,Name_x_Bibliometrics,-0.040000000000000015
text67-PHY-LONG-2602.07636v2,q13,Name_x_Bibliometrics,-0.059999999999999984
text68-PHY-LONG-2512.18130v1,q13,Name_x_Bibliometrics,0.0
text69-PHY-LONG-2602.17389v1,q13,Name_x_Bibliometrics,0.06000000000000005
text70-PHY-LONG-2602.08188v1,q13,Name_x_Bibliometrics,0.12
text71-MATH-LONG-2511.12781v1,q13,Name_x_Bibliometrics,0.12000000000000002
text72-MATH-LONG-2602.06095v1,q13,Name_x_Bibliometrics,0.040000000000000015
text73-MATH-LONG-2511.18101v1,q13,Name_x_Bibliometrics,0.039999999999999966
text74-MATH-LONG-2512.15978v1,q13,Name_x_Bibliometrics,-0.24
text75-MATH-LONG-2511.22140v1,q13,Name_x_Bibliometrics,0.04
text76-MATH-LONG-2602.20441v1,q13,Name_x_Bibliometrics,-0.21999999999999992
text77-MATH-LONG-2601.20851v2,q13,Name_x_Bibliometrics,0.13999999999999996
text78-MATH-LONG-2512.17595v1,q13,Name_x_Bibliometrics,-0.14
text79-MATH-LONG-2512.10129v1,q13,Name_x_Bibliometrics,-0.08000000000000003
text80-MATH-LONG-2512.10507v1,q13,Name_x_Bibliometrics,0.12000000000000002
text01-BIO-SHORT-2505.02276v1,q13,Inst_x_Bibliometrics,0.24
text02-BIO-SHORT-2507.04575v1,q13,Inst_x_Bibliometrics,-0.020000000000000018
text03-BIO-SHORT-2505.11568v3,q13,Inst_x_Bibliometrics,2.7755575615628914e-17
text04-BIO-SHORT-2507.08385v1,q13,Inst_x_Bibliometrics,-0.38
text05-BIO-SHORT-2504.10973v1,q13,Inst_x_Bibliometrics,0.10000000000000002
text06-BIO-SHORT-2506.14789v1,q13,Inst_x_Bibliometrics,-0.03999999999999998
text07-BIO-SHORT-2506.13576v3,q13,Inst_x_Bibliometrics,-0.15999999999999998
text08-BIO-SHORT-2503.19923v2,q13,Inst_x_Bibliometrics,-0.019999999999999997
text09-BIO-SHORT-2602.00019v1,q13,Inst_x_Bibliometrics,0.11999999999999997
text10-BIO-SHORT-2506.13817v1,q13,Inst_x_Bibliometrics,0.0
text11-CS-SHORT-2506.09194v1,q13,Inst_x_Bibliometrics,-0.16
text12-CS-SHORT-2512.19717v1,q13,Inst_x_Bibliometrics,-0.14000000000000004
text13-CS-SHORT-2510.04124v5,q13,Inst_x_Bibliometrics,0.18
text14-CS-SHORT-2509.13349v2,q13,Inst_x_Bibliometrics,-0.38
text15-CS-SHORT-2602.03870v1,q13,Inst_x_Bibliometrics,-0.14000000000000004
text16-CS-SHORT-2509.06033v1,q13,Inst_x_Bibliometrics,-0.12
text17-CS-SHORT-2509.16294v1,q13,Inst_x_Bibliometrics,0.06000000000000001
text18-CS-SHORT-2507.09492v1,q13,Inst_x_Bibliometrics,0.10000000000000005
text19-CS-SHORT-2509.14600v1,q13,Inst_x_Bibliometrics,-0.13999999999999996
text20-CS-SHORT-2503.14899v1,q13,Inst_x_Bibliometrics,0.1
text21-PHY-SHORT-2601.23079v1,q13,Inst_x_Bibliometrics,0.14
text22-PHY-SHORT-2601.23047v1,q13,Inst_x_Bibliometrics,0.019999999999999997
text23-PHY-SHORT-2601.23057v1,q13,Inst_x_Bibliometrics,0.039999999999999994
text24-PHY-SHORT-2509.16741v1,q13,Inst_x_Bibliometrics,-0.12
text25-PHY-SHORT-2507.08042v1,q13,Inst_x_Bibliometrics,-0.36
text26-PHY-SHORT-2512.23538v1,q13,Inst_x_Bibliometrics,0.039999999999999994
text27-PHY-SHORT-2510.18500v1,q13,Inst_x_Bibliometrics,0.08
text28-PHY-SHORT-2508.20431v1,q13,Inst_x_Bibliometrics,-0.25999999999999995
text29-PHY-SHORT-2509.06825v1,q13,Inst_x_Bibliometrics,0.1
text30-PHY-SHORT-2509.17653v2,q13,Inst_x_Bibliometrics,0.5599999999999999
text31-MATH-SHORT-2511.03536v1,q13,Inst_x_Bibliometrics,-0.04
text32-MATH-SHORT-2603.02088v1,q13,Inst_x_Bibliometrics,0.12
text33-MATH-SHORT-2512.22134v3,q13,Inst_x_Bibliometrics,0.15999999999999998
text34-MATH-SHORT-2509.00532v1,q13,Inst_x_Bibliometrics,-0.2
text35-MATH-SHORT-2512.06844v1,q13,Inst_x_Bibliometrics,-0.42000000000000004
text36-MATH-SHORT-2503.09380v2,q13,Inst_x_Bibliometrics,-0.26
text37-MATH-SHORT-2510.26426v1,q13,Inst_x_Bibliometrics,-0.16
text38-MATH-SHORT-2512.04101v1,q13,Inst_x_Bibliometrics,0.1
text39-MATH-SHORT-2506.11609v2,q13,Inst_x_Bibliometrics,-0.09999999999999998
text40-MATH-SHORT-2507.15879v2,q13,Inst_x_Bibliometrics,-0.019999999999999997
text41-BIO-LONG-2512.06709v1,q13,Inst_x_Bibliometrics,0.15999999999999998
text42-BIO-LONG-2503.07104v1,q13,Inst_x_Bibliometrics,-0.07999999999999993
text43-BIO-LONG-2506.16577v1,q13,Inst_x_Bibliometrics,-0.06
text44-BIO-LONG-2505.20052v1,q13,Inst_x_Bibliometrics,-0.10000000000000002
text45-BIO-LONG-2507.17897v4,q13,Inst_x_Bibliometrics,-0.02000000000000001
text46-BIO-LONG-2505.05863v1,q13,Inst_x_Bibliometrics,0.039999999999999945
text47-BIO-LONG-2505.21094v1,q13,Inst_x_Bibliometrics,0.16
text48-BIO-LONG-2602.16750v1,q13,Inst_x_Bibliometrics,-0.019999999999999997
text49-BIO-LONG-2511.10014v1,q13,Inst_x_Bibliometrics,-0.2
text50-BIO-LONG-2603.01054v1,q13,Inst_x_Bibliometrics,-0.039999999999999994
text51-CS-LONG-2602.11588v1,q13,Inst_x_Bibliometrics,-0.020000000000000018
text52-CS-LONG-2602.15675v1,q13,Inst_x_Bibliometrics,0.14
text53-CS-LONG-2603.02012v1,q13,Inst_x_Bibliometrics,0.06000000000000005
text54-CS-LONG-2602.23006v1,q13,Inst_x_Bibliometrics,-0.039999999999999994
text55-CS-LONG-2602.21625v1,q13,Inst_x_Bibliometrics,-0.24
text56-CS-LONG-2602.13713v1,q13,Inst_x_Bibliometrics,0.29999999999999993
text57-CS-LONG-2603.00079v1,q13,Inst_x_Bibliometrics,0.18000000000000005
text58-CS-LONG-2603.01023v1,q13,Inst_x_Bibliometrics,-0.54
text59-CS-LONG-2602.19401v1,q13,Inst_x_Bibliometrics,-0.22000000000000003
text60-CS-LONG-2602.18518v1,q13,Inst_x_Bibliometrics,-0.25999999999999995
text61-PHY-LONG-2602.03885v1,q13,Inst_x_Bibliometrics,-0.16
text62-PHY-LONG-2511.21971v1,q13,Inst_x_Bibliometrics,0.22000000000000003
text63-PHY-LONG-2512.18015v1,q13,Inst_x_Bibliometrics,0.2
text64-PHY-LONG-2602.23683v1,q13,Inst_x_Bibliometrics,-0.020000000000000018
text65-PHY-LONG-2601.13267v1,q13,Inst_x_Bibliometrics,-0.019999999999999997
text66-PHY-LONG-2512.24566v1,q13,Inst_x_Bibliometrics,-2.2204460492503132e-17
text67-PHY-LONG-2602.07636v2,q13,Inst_x_Bibliometrics,0.26000000000000006
text68-PHY-LONG-2512.18130v1,q13,Inst_x_Bibliometrics,-0.19999999999999996
text69-PHY-LONG-2602.17389v1,q13,Inst_x_Bibliometrics,-0.13999999999999996
text70-PHY-LONG-2602.08188v1,q13,Inst_x_Bibliometrics,0.12
text71-MATH-LONG-2511.12781v1,q13,Inst_x_Bibliometrics,-0.039999999999999994
text72-MATH-LONG-2602.06095v1,q13,Inst_x_Bibliometrics,-0.11999999999999997
text73-MATH-LONG-2511.18101v1,q13,Inst_x_Bibliometrics,0.24000000000000005
text74-MATH-LONG-2512.15978v1,q13,Inst_x_Bibliometrics,0.24
text75-MATH-LONG-2511.22140v1,q13,Inst_x_Bibliometrics,0.04
text76-MATH-LONG-2602.20441v1,q13,Inst_x_Bibliometrics,-0.14
text77-MATH-LONG-2601.20851v2,q13,Inst_x_Bibliometrics,-0.10000000000000002
text78-MATH-LONG-2512.17595v1,q13,Inst_x_Bibliometrics,-0.14
text79-MATH-LONG-2512.10129v1,q13,Inst_x_Bibliometrics,0.31999999999999995
text80-MATH-LONG-2512.10507v1,q13,Inst_x_Bibliometrics,-0.11999999999999997
text01-BIO-SHORT-2505.02276v1,q14,BF_minus_WM,0.13999999999999999
text02-BIO-SHORT-2507.04575v1,q14,BF_minus_WM,0.019999999999999997
text03-BIO-SHORT-2505.11568v3,q14,BF_minus_WM,-0.010000000000000009
text04-BIO-SHORT-2507.08385v1,q14,BF_minus_WM,-0.05999999999999998
text05-BIO-SHORT-2504.10973v1,q14,BF_minus_WM,0.019999999999999973
text06-BIO-SHORT-2506.14789v1,q14,BF_minus_WM,-0.019999999999999997
text07-BIO-SHORT-2506.13576v3,q14,BF_minus_WM,0.010000000000000009
text08-BIO-SHORT-2503.19923v2,q14,BF_minus_WM,-0.009999999999999998
text09-BIO-SHORT-2602.00019v1,q14,BF_minus_WM,0.010000000000000009
text10-BIO-SHORT-2506.13817v1,q14,BF_minus_WM,0.030000000000000006
text11-CS-SHORT-2506.09194v1,q14,BF_minus_WM,0.02999999999999998
text12-CS-SHORT-2512.19717v1,q14,BF_minus_WM,-0.06999999999999999
text13-CS-SHORT-2510.04124v5,q14,BF_minus_WM,0.030000000000000027
text14-CS-SHORT-2509.13349v2,q14,BF_minus_WM,0.02999999999999998
text15-CS-SHORT-2602.03870v1,q14,BF_minus_WM,-0.009999999999999986
text16-CS-SHORT-2509.06033v1,q14,BF_minus_WM,0.09
text17-CS-SHORT-2509.16294v1,q14,BF_minus_WM,-0.07999999999999999
text18-CS-SHORT-2507.09492v1,q14,BF_minus_WM,-0.030000000000000006
text19-CS-SHORT-2509.14600v1,q14,BF_minus_WM,0.009999999999999986
text20-CS-SHORT-2503.14899v1,q14,BF_minus_WM,-0.039999999999999994
text21-PHY-SHORT-2601.23079v1,q14,BF_minus_WM,-0.040000000000000015
text22-PHY-SHORT-2601.23047v1,q14,BF_minus_WM,0.040000000000000015
text23-PHY-SHORT-2601.23057v1,q14,BF_minus_WM,0.040000000000000015
text24-PHY-SHORT-2509.16741v1,q14,BF_minus_WM,-0.030000000000000006
text25-PHY-SHORT-2507.08042v1,q14,BF_minus_WM,0.2
text26-PHY-SHORT-2512.23538v1,q14,BF_minus_WM,0.0
text27-PHY-SHORT-2510.18500v1,q14,BF_minus_WM,0.1
text28-PHY-SHORT-2508.20431v1,q14,BF_minus_WM,0.040000000000000015
text29-PHY-SHORT-2509.06825v1,q14,BF_minus_WM,0.06
text30-PHY-SHORT-2509.17653v2,q14,BF_minus_WM,0.09
text31-MATH-SHORT-2511.03536v1,q14,BF_minus_WM,-0.05
text32-MATH-SHORT-2603.02088v1,q14,BF_minus_WM,0.009999999999999964
text33-MATH-SHORT-2512.22134v3,q14,BF_minus_WM,-0.07999999999999999
text34-MATH-SHORT-2509.00532v1,q14,BF_minus_WM,-0.12999999999999995
text35-MATH-SHORT-2512.06844v1,q14,BF_minus_WM,0.040000000000000015
text36-MATH-SHORT-2503.09380v2,q14,BF_minus_WM,-0.03999999999999998
text37-MATH-SHORT-2510.26426v1,q14,BF_minus_WM,-0.010000000000000009
text38-MATH-SHORT-2512.04101v1,q14,BF_minus_WM,-0.039999999999999994
text39-MATH-SHORT-2506.11609v2,q14,BF_minus_WM,0.02999999999999998
text40-MATH-SHORT-2507.15879v2,q14,BF_minus_WM,0.010000000000000031
text41-BIO-LONG-2512.06709v1,q14,BF_minus_WM,0.05
text42-BIO-LONG-2503.07104v1,q14,BF_minus_WM,0.0
text43-BIO-LONG-2506.16577v1,q14,BF_minus_WM,0.08
text44-BIO-LONG-2505.20052v1,q14,BF_minus_WM,0.13
text45-BIO-LONG-2507.17897v4,q14,BF_minus_WM,0.05
text46-BIO-LONG-2505.05863v1,q14,BF_minus_WM,0.029999999999999992
text47-BIO-LONG-2505.21094v1,q14,BF_minus_WM,-0.08
text48-BIO-LONG-2602.16750v1,q14,BF_minus_WM,0.0
text49-BIO-LONG-2511.10014v1,q14,BF_minus_WM,-0.039999999999999994
text50-BIO-LONG-2603.01054v1,q14,BF_minus_WM,0.029999999999999992
text51-CS-LONG-2602.11588v1,q14,BF_minus_WM,-0.04999999999999999
text52-CS-LONG-2602.15675v1,q14,BF_minus_WM,-0.039999999999999994
text53-CS-LONG-2603.02012v1,q14,BF_minus_WM,-0.02999999999999998
text54-CS-LONG-2602.23006v1,q14,BF_minus_WM,0.019999999999999997
text55-CS-LONG-2602.21625v1,q14,BF_minus_WM,0.09
text56-CS-LONG-2602.13713v1,q14,BF_minus_WM,0.0
text57-CS-LONG-2603.00079v1,q14,BF_minus_WM,0.09000000000000001
text58-CS-LONG-2603.01023v1,q14,BF_minus_WM,0.0
text59-CS-LONG-2602.19401v1,q14,BF_minus_WM,-0.039999999999999994
text60-CS-LONG-2602.18518v1,q14,BF_minus_WM,0.0
text61-PHY-LONG-2602.03885v1,q14,BF_minus_WM,0.0
text62-PHY-LONG-2511.21971v1,q14,BF_minus_WM,-0.039999999999999994
text63-PHY-LONG-2512.18015v1,q14,BF_minus_WM,0.10999999999999996
text64-PHY-LONG-2602.23683v1,q14,BF_minus_WM,0.0
text65-PHY-LONG-2601.13267v1,q14,BF_minus_WM,-0.009999999999999986
text66-PHY-LONG-2512.24566v1,q14,BF_minus_WM,0.0
text67-PHY-LONG-2602.07636v2,q14,BF_minus_WM,0.010000000000000009
text68-PHY-LONG-2512.18130v1,q14,BF_minus_WM,-0.010000000000000009
text69-PHY-LONG-2602.17389v1,q14,BF_minus_WM,0.030000000000000006
text70-PHY-LONG-2602.08188v1,q14,BF_minus_WM,-0.18
text71-MATH-LONG-2511.12781v1,q14,BF_minus_WM,0.0
text72-MATH-LONG-2602.06095v1,q14,BF_minus_WM,0.11000000000000001
text73-MATH-LONG-2511.18101v1,q14,BF_minus_WM,0.059999999999999984
text74-MATH-LONG-2512.15978v1,q14,BF_minus_WM,0.039999999999999994
text75-MATH-LONG-2511.22140v1,q14,BF_minus_WM,0.030000000000000006
text76-MATH-LONG-2602.20441v1,q14,BF_minus_WM,-0.010000000000000009
text77-MATH-LONG-2601.20851v2,q14,BF_minus_WM,-0.1
text78-MATH-LONG-2512.17595v1,q14,BF_minus_WM,0.030000000000000006
text79-MATH-LONG-2512.10129v1,q14,BF_minus_WM,0.09000000000000001
text80-MATH-LONG-2512.10507v1,q14,BF_minus_WM,-0.010000000000000009
text01-BIO-SHORT-2505.02276v1,q14,HI_minus_LI,-0.04
text02-BIO-SHORT-2507.04575v1,q14,HI_minus_LI,0.08
text03-BIO-SHORT-2505.11568v3,q14,HI_minus_LI,0.010000000000000009
text04-BIO-SHORT-2507.08385v1,q14,HI_minus_LI,-0.07999999999999999
text05-BIO-SHORT-2504.10973v1,q14,HI_minus_LI,0.039999999999999994
text06-BIO-SHORT-2506.14789v1,q14,HI_minus_LI,-0.019999999999999997
text07-BIO-SHORT-2506.13576v3,q14,HI_minus_LI,0.06999999999999998
text08-BIO-SHORT-2503.19923v2,q14,HI_minus_LI,-0.07
text09-BIO-SHORT-2602.00019v1,q14,HI_minus_LI,0.010000000000000009
text10-BIO-SHORT-2506.13817v1,q14,HI_minus_LI,-0.009999999999999986
text11-CS-SHORT-2506.09194v1,q14,HI_minus_LI,-0.02999999999999998
text12-CS-SHORT-2512.19717v1,q14,HI_minus_LI,0.10999999999999999
text13-CS-SHORT-2510.04124v5,q14,HI_minus_LI,-0.010000000000000009
text14-CS-SHORT-2509.13349v2,q14,HI_minus_LI,0.05
text15-CS-SHORT-2602.03870v1,q14,HI_minus_LI,-0.049999999999999975
text16-CS-SHORT-2509.06033v1,q14,HI_minus_LI,0.009999999999999964
text17-CS-SHORT-2509.16294v1,q14,HI_minus_LI,-0.08000000000000003
text18-CS-SHORT-2507.09492v1,q14,HI_minus_LI,0.16999999999999998
text19-CS-SHORT-2509.14600v1,q14,HI_minus_LI,0.05
text20-CS-SHORT-2503.14899v1,q14,HI_minus_LI,-0.039999999999999994
text21-PHY-SHORT-2601.23079v1,q14,HI_minus_LI,0.08
text22-PHY-SHORT-2601.23047v1,q14,HI_minus_LI,-0.059999999999999984
text23-PHY-SHORT-2601.23057v1,q14,HI_minus_LI,0.040000000000000015
text24-PHY-SHORT-2509.16741v1,q14,HI_minus_LI,0.030000000000000006
text25-PHY-SHORT-2507.08042v1,q14,HI_minus_LI,-0.1
text26-PHY-SHORT-2512.23538v1,q14,HI_minus_LI,0.0
text27-PHY-SHORT-2510.18500v1,q14,HI_minus_LI,-0.020000000000000018
text28-PHY-SHORT-2508.20431v1,q14,HI_minus_LI,0.039999999999999966
text29-PHY-SHORT-2509.06825v1,q14,HI_minus_LI,-0.020000000000000007
text30-PHY-SHORT-2509.17653v2,q14,HI_minus_LI,0.11000000000000001
text31-MATH-SHORT-2511.03536v1,q14,HI_minus_LI,0.06999999999999998
text32-MATH-SHORT-2603.02088v1,q14,HI_minus_LI,-0.05
text33-MATH-SHORT-2512.22134v3,q14,HI_minus_LI,0.13999999999999999
text34-MATH-SHORT-2509.00532v1,q14,HI_minus_LI,0.09000000000000001
text35-MATH-SHORT-2512.06844v1,q14,HI_minus_LI,0.019999999999999997
text36-MATH-SHORT-2503.09380v2,q14,HI_minus_LI,0.06
text37-MATH-SHORT-2510.26426v1,q14,HI_minus_LI,-0.030000000000000027
text38-MATH-SHORT-2512.04101v1,q14,HI_minus_LI,0.039999999999999994
text39-MATH-SHORT-2506.11609v2,q14,HI_minus_LI,0.05
text40-MATH-SHORT-2507.15879v2,q14,HI_minus_LI,-0.030000000000000006
text41-BIO-LONG-2512.06709v1,q14,HI_minus_LI,0.07000000000000002
text42-BIO-LONG-2503.07104v1,q14,HI_minus_LI,0.0
text43-BIO-LONG-2506.16577v1,q14,HI_minus_LI,0.019999999999999997
text44-BIO-LONG-2505.20052v1,q14,HI_minus_LI,-0.030000000000000006
text45-BIO-LONG-2507.17897v4,q14,HI_minus_LI,0.09
text46-BIO-LONG-2505.05863v1,q14,HI_minus_LI,-0.04999999999999999
text47-BIO-LONG-2505.21094v1,q14,HI_minus_LI,0.040000000000000015
text48-BIO-LONG-2602.16750v1,q14,HI_minus_LI,0.0
text49-BIO-LONG-2511.10014v1,q14,HI_minus_LI,-0.05999999999999996
text50-BIO-LONG-2603.01054v1,q14,HI_minus_LI,-0.07
text51-CS-LONG-2602.11588v1,q14,HI_minus_LI,-0.07
text52-CS-LONG-2602.15675v1,q14,HI_minus_LI,0.16
text53-CS-LONG-2603.02012v1,q14,HI_minus_LI,-0.05
text54-CS-LONG-2602.23006v1,q14,HI_minus_LI,-0.019999999999999997
text55-CS-LONG-2602.21625v1,q14,HI_minus_LI,0.11000000000000001
text56-CS-LONG-2602.13713v1,q14,HI_minus_LI,0.020000000000000018
text57-CS-LONG-2603.00079v1,q14,HI_minus_LI,-0.030000000000000006
text58-CS-LONG-2603.01023v1,q14,HI_minus_LI,-0.020000000000000018
text59-CS-LONG-2602.19401v1,q14,HI_minus_LI,-0.039999999999999994
text60-CS-LONG-2602.18518v1,q14,HI_minus_LI,0.0
text61-PHY-LONG-2602.03885v1,q14,HI_minus_LI,0.0
text62-PHY-LONG-2511.21971v1,q14,HI_minus_LI,0.0
text63-PHY-LONG-2512.18015v1,q14,HI_minus_LI,0.11000000000000001
text64-PHY-LONG-2602.23683v1,q14,HI_minus_LI,0.1
text65-PHY-LONG-2601.13267v1,q14,HI_minus_LI,-0.07000000000000003
text66-PHY-LONG-2512.24566v1,q14,HI_minus_LI,0.0
text67-PHY-LONG-2602.07636v2,q14,HI_minus_LI,0.010000000000000009
text68-PHY-LONG-2512.18130v1,q14,HI_minus_LI,0.010000000000000009
text69-PHY-LONG-2602.17389v1,q14,HI_minus_LI,-0.08999999999999997
text70-PHY-LONG-2602.08188v1,q14,HI_minus_LI,0.059999999999999984
text71-MATH-LONG-2511.12781v1,q14,HI_minus_LI,-0.1
text72-MATH-LONG-2602.06095v1,q14,HI_minus_LI,-0.04999999999999999
text73-MATH-LONG-2511.18101v1,q14,HI_minus_LI,0.019999999999999997
text74-MATH-LONG-2512.15978v1,q14,HI_minus_LI,0.039999999999999994
text75-MATH-LONG-2511.22140v1,q14,HI_minus_LI,0.10999999999999999
text76-MATH-LONG-2602.20441v1,q14,HI_minus_LI,0.010000000000000009
text77-MATH-LONG-2601.20851v2,q14,HI_minus_LI,0.039999999999999994
text78-MATH-LONG-2512.17595v1,q14,HI_minus_LI,0.049999999999999975
text79-MATH-LONG-2512.10129v1,q14,HI_minus_LI,0.13
text80-MATH-LONG-2512.10507v1,q14,HI_minus_LI,-0.010000000000000009
text01-BIO-SHORT-2505.02276v1,q14,HP_minus_LP,0.1
text02-BIO-SHORT-2507.04575v1,q14,HP_minus_LP,0.18
text03-BIO-SHORT-2505.11568v3,q14,HP_minus_LP,-0.010000000000000009
text04-BIO-SHORT-2507.08385v1,q14,HP_minus_LP,0.04
text05-BIO-SHORT-2504.10973v1,q14,HP_minus_LP,0.13999999999999999
text06-BIO-SHORT-2506.14789v1,q14,HP_minus_LP,0.019999999999999997
text07-BIO-SHORT-2506.13576v3,q14,HP_minus_LP,0.13000000000000003
text08-BIO-SHORT-2503.19923v2,q14,HP_minus_LP,0.009999999999999998
text09-BIO-SHORT-2602.00019v1,q14,HP_minus_LP,-0.010000000000000009
text10-BIO-SHORT-2506.13817v1,q14,HP_minus_LP,0.02999999999999996
text11-CS-SHORT-2506.09194v1,q14,HP_minus_LP,-0.010000000000000009
text12-CS-SHORT-2512.19717v1,q14,HP_minus_LP,0.19
text13-CS-SHORT-2510.04124v5,q14,HP_minus_LP,0.16999999999999998
text14-CS-SHORT-2509.13349v2,q14,HP_minus_LP,0.05
text15-CS-SHORT-2602.03870v1,q14,HP_minus_LP,-0.030000000000000006
text16-CS-SHORT-2509.06033v1,q14,HP_minus_LP,0.010000000000000009
text17-CS-SHORT-2509.16294v1,q14,HP_minus_LP,-0.08
text18-CS-SHORT-2507.09492v1,q14,HP_minus_LP,-0.030000000000000006
text19-CS-SHORT-2509.14600v1,q14,HP_minus_LP,0.11000000000000001
text20-CS-SHORT-2503.14899v1,q14,HP_minus_LP,0.039999999999999994
text21-PHY-SHORT-2601.23079v1,q14,HP_minus_LP,0.14000000000000004
text22-PHY-SHORT-2601.23047v1,q14,HP_minus_LP,-0.019999999999999997
text23-PHY-SHORT-2601.23057v1,q14,HP_minus_LP,-0.019999999999999997
text24-PHY-SHORT-2509.16741v1,q14,HP_minus_LP,0.030000000000000006
text25-PHY-SHORT-2507.08042v1,q14,HP_minus_LP,0.040000000000000015
text26-PHY-SHORT-2512.23538v1,q14,HP_minus_LP,0.0
text27-PHY-SHORT-2510.18500v1,q14,HP_minus_LP,0.07999999999999999
text28-PHY-SHORT-2508.20431v1,q14,HP_minus_LP,0.14
text29-PHY-SHORT-2509.06825v1,q14,HP_minus_LP,0.020000000000000007
text30-PHY-SHORT-2509.17653v2,q14,HP_minus_LP,0.15
text31-MATH-SHORT-2511.03536v1,q14,HP_minus_LP,0.05
text32-MATH-SHORT-2603.02088v1,q14,HP_minus_LP,0.05
text33-MATH-SHORT-2512.22134v3,q14,HP_minus_LP,0.25999999999999995
text34-MATH-SHORT-2509.00532v1,q14,HP_minus_LP,0.14999999999999997
text35-MATH-SHORT-2512.06844v1,q14,HP_minus_LP,2.2204460492503132e-17
text36-MATH-SHORT-2503.09380v2,q14,HP_minus_LP,0.15999999999999998
text37-MATH-SHORT-2510.26426v1,q14,HP_minus_LP,-0.010000000000000009
text38-MATH-SHORT-2512.04101v1,q14,HP_minus_LP,0.039999999999999994
text39-MATH-SHORT-2506.11609v2,q14,HP_minus_LP,0.09
text40-MATH-SHORT-2507.15879v2,q14,HP_minus_LP,0.009999999999999986
text41-BIO-LONG-2512.06709v1,q14,HP_minus_LP,0.010000000000000009
text42-BIO-LONG-2503.07104v1,q14,HP_minus_LP,0.0
text43-BIO-LONG-2506.16577v1,q14,HP_minus_LP,0.18
text44-BIO-LONG-2505.20052v1,q14,HP_minus_LP,0.10999999999999999
text45-BIO-LONG-2507.17897v4,q14,HP_minus_LP,0.19
text46-BIO-LONG-2505.05863v1,q14,HP_minus_LP,0.010000000000000042
text47-BIO-LONG-2505.21094v1,q14,HP_minus_LP,0.040000000000000015
text48-BIO-LONG-2602.16750v1,q14,HP_minus_LP,0.0
text49-BIO-LONG-2511.10014v1,q14,HP_minus_LP,0.0
text50-BIO-LONG-2603.01054v1,q14,HP_minus_LP,-0.009999999999999998
text51-CS-LONG-2602.11588v1,q14,HP_minus_LP,0.009999999999999976
text52-CS-LONG-2602.15675v1,q14,HP_minus_LP,-0.039999999999999994
text53-CS-LONG-2603.02012v1,q14,HP_minus_LP,0.02999999999999998
text54-CS-LONG-2602.23006v1,q14,HP_minus_LP,0.019999999999999997
text55-CS-LONG-2602.21625v1,q14,HP_minus_LP,0.010000000000000009
text56-CS-LONG-2602.13713v1,q14,HP_minus_LP,0.0
text57-CS-LONG-2603.00079v1,q14,HP_minus_LP,0.10999999999999999
text58-CS-LONG-2603.01023v1,q14,HP_minus_LP,0.020000000000000018
text59-CS-LONG-2602.19401v1,q14,HP_minus_LP,0.039999999999999994
text60-CS-LONG-2602.18518v1,q14,HP_minus_LP,0.0
text61-PHY-LONG-2602.03885v1,q14,HP_minus_LP,0.0
text62-PHY-LONG-2511.21971v1,q14,HP_minus_LP,0.16
text63-PHY-LONG-2512.18015v1,q14,HP_minus_LP,0.31
text64-PHY-LONG-2602.23683v1,q14,HP_minus_LP,0.1
text65-PHY-LONG-2601.13267v1,q14,HP_minus_LP,0.09000000000000001
text66-PHY-LONG-2512.24566v1,q14,HP_minus_LP,0.0
text67-PHY-LONG-2602.07636v2,q14,HP_minus_LP,-0.010000000000000009
text68-PHY-LONG-2512.18130v1,q14,HP_minus_LP,0.19
text69-PHY-LONG-2602.17389v1,q14,HP_minus_LP,0.09000000000000001
text70-PHY-LONG-2602.08188v1,q14,HP_minus_LP,0.13999999999999999
text71-MATH-LONG-2511.12781v1,q14,HP_minus_LP,0.06000000000000001
text72-MATH-LONG-2602.06095v1,q14,HP_minus_LP,0.009999999999999998
text73-MATH-LONG-2511.18101v1,q14,HP_minus_LP,0.019999999999999997
text74-MATH-LONG-2512.15978v1,q14,HP_minus_LP,0.039999999999999994
text75-MATH-LONG-2511.22140v1,q14,HP_minus_LP,0.08999999999999997
text76-MATH-LONG-2602.20441v1,q14,HP_minus_LP,0.010000000000000009
text77-MATH-LONG-2601.20851v2,q14,HP_minus_LP,0.039999999999999994
text78-MATH-LONG-2512.17595v1,q14,HP_minus_LP,-0.009999999999999986
text79-MATH-LONG-2512.10129v1,q14,HP_minus_LP,0.13
text80-MATH-LONG-2512.10507v1,q14,HP_minus_LP,0.010000000000000009
text01-BIO-SHORT-2505.02276v1,q14,Name_x_Inst,0.12
text02-BIO-SHORT-2507.04575v1,q14,Name_x_Inst,-0.24
text03-BIO-SHORT-2505.11568v3,q14,Name_x_Inst,0.020000000000000018
text04-BIO-SHORT-2507.08385v1,q14,Name_x_Inst,0.07999999999999996
text05-BIO-SHORT-2504.10973v1,q14,Name_x_Inst,-0.039999999999999945
text06-BIO-SHORT-2506.14789v1,q14,Name_x_Inst,-0.039999999999999994
text07-BIO-SHORT-2506.13576v3,q14,Name_x_Inst,0.06000000000000005
text08-BIO-SHORT-2503.19923v2,q14,Name_x_Inst,-0.10000000000000002
text09-BIO-SHORT-2602.00019v1,q14,Name_x_Inst,-0.1
text10-BIO-SHORT-2506.13817v1,q14,Name_x_Inst,0.06000000000000001
text11-CS-SHORT-2506.09194v1,q14,Name_x_Inst,-0.020000000000000018
text12-CS-SHORT-2512.19717v1,q14,Name_x_Inst,0.06000000000000001
text13-CS-SHORT-2510.04124v5,q14,Name_x_Inst,0.020000000000000018
text14-CS-SHORT-2509.13349v2,q14,Name_x_Inst,-0.05999999999999996
text15-CS-SHORT-2602.03870v1,q14,Name_x_Inst,0.13999999999999999
text16-CS-SHORT-2509.06033v1,q14,Name_x_Inst,-0.1
text17-CS-SHORT-2509.16294v1,q14,Name_x_Inst,0.07999999999999999
text18-CS-SHORT-2507.09492v1,q14,Name_x_Inst,0.06000000000000001
text19-CS-SHORT-2509.14600v1,q14,Name_x_Inst,-0.1
text20-CS-SHORT-2503.14899v1,q14,Name_x_Inst,0.07999999999999999
text21-PHY-SHORT-2601.23079v1,q14,Name_x_Inst,0.0
text22-PHY-SHORT-2601.23047v1,q14,Name_x_Inst,4.4408920985006264e-17
text23-PHY-SHORT-2601.23057v1,q14,Name_x_Inst,0.24
text24-PHY-SHORT-2509.16741v1,q14,Name_x_Inst,-0.019999999999999973
text25-PHY-SHORT-2507.08042v1,q14,Name_x_Inst,0.36
text26-PHY-SHORT-2512.23538v1,q14,Name_x_Inst,0.0
text27-PHY-SHORT-2510.18500v1,q14,Name_x_Inst,0.0
text28-PHY-SHORT-2508.20431v1,q14,Name_x_Inst,-4.4408920985006264e-17
text29-PHY-SHORT-2509.06825v1,q14,Name_x_Inst,-2.2204460492503132e-17
text30-PHY-SHORT-2509.17653v2,q14,Name_x_Inst,-0.18
text31-MATH-SHORT-2511.03536v1,q14,Name_x_Inst,-0.05999999999999996
text32-MATH-SHORT-2603.02088v1,q14,Name_x_Inst,-0.05999999999999996
text33-MATH-SHORT-2512.22134v3,q14,Name_x_Inst,-0.12000000000000004
text34-MATH-SHORT-2509.00532v1,q14,Name_x_Inst,-0.14000000000000004
text35-MATH-SHORT-2512.06844v1,q14,Name_x_Inst,0.08000000000000003
text36-MATH-SHORT-2503.09380v2,q14,Name_x_Inst,0.19999999999999998
text37-MATH-SHORT-2510.26426v1,q14,Name_x_Inst,-0.020000000000000018
text38-MATH-SHORT-2512.04101v1,q14,Name_x_Inst,0.07999999999999999
text39-MATH-SHORT-2506.11609v2,q14,Name_x_Inst,0.1
text40-MATH-SHORT-2507.15879v2,q14,Name_x_Inst,0.019999999999999973
text41-BIO-LONG-2512.06709v1,q14,Name_x_Inst,0.14000000000000004
text42-BIO-LONG-2503.07104v1,q14,Name_x_Inst,0.0
text43-BIO-LONG-2506.16577v1,q14,Name_x_Inst,0.08000000000000003
text44-BIO-LONG-2505.20052v1,q14,Name_x_Inst,0.06000000000000001
text45-BIO-LONG-2507.17897v4,q14,Name_x_Inst,0.13999999999999996
text46-BIO-LONG-2505.05863v1,q14,Name_x_Inst,-0.10000000000000002
text47-BIO-LONG-2505.21094v1,q14,Name_x_Inst,-0.07999999999999999
text48-BIO-LONG-2602.16750v1,q14,Name_x_Inst,0.0
text49-BIO-LONG-2511.10014v1,q14,Name_x_Inst,0.039999999999999945
text50-BIO-LONG-2603.01054v1,q14,Name_x_Inst,0.06000000000000003
text51-CS-LONG-2602.11588v1,q14,Name_x_Inst,-0.09999999999999998
text52-CS-LONG-2602.15675v1,q14,Name_x_Inst,-0.07999999999999999
text53-CS-LONG-2603.02012v1,q14,Name_x_Inst,0.1
text54-CS-LONG-2602.23006v1,q14,Name_x_Inst,0.039999999999999994
text55-CS-LONG-2602.21625v1,q14,Name_x_Inst,-0.18
text56-CS-LONG-2602.13713v1,q14,Name_x_Inst,0.040000000000000036
text57-CS-LONG-2603.00079v1,q14,Name_x_Inst,-0.26
text58-CS-LONG-2603.01023v1,q14,Name_x_Inst,-0.040000000000000036
text59-CS-LONG-2602.19401v1,q14,Name_x_Inst,0.12000000000000002
text60-CS-LONG-2602.18518v1,q14,Name_x_Inst,0.0
text61-PHY-LONG-2602.03885v1,q14,Name_x_Inst,0.0
text62-PHY-LONG-2511.21971v1,q14,Name_x_Inst,-0.039999999999999945
text63-PHY-LONG-2512.18015v1,q14,Name_x_Inst,0.020000000000000018
text64-PHY-LONG-2602.23683v1,q14,Name_x_Inst,0.0
text65-PHY-LONG-2601.13267v1,q14,Name_x_Inst,-0.13999999999999999
text66-PHY-LONG-2512.24566v1,q14,Name_x_Inst,0.0
text67-PHY-LONG-2602.07636v2,q14,Name_x_Inst,-0.020000000000000018
text68-PHY-LONG-2512.18130v1,q14,Name_x_Inst,-0.020000000000000018
text69-PHY-LONG-2602.17389v1,q14,Name_x_Inst,0.10000000000000005
text70-PHY-LONG-2602.08188v1,q14,Name_x_Inst,0.0
text71-MATH-LONG-2511.12781v1,q14,Name_x_Inst,-0.07999999999999999
text72-MATH-LONG-2602.06095v1,q14,Name_x_Inst,-0.06000000000000003
text73-MATH-LONG-2511.18101v1,q14,Name_x_Inst,4.4408920985006264e-17
text74-MATH-LONG-2512.15978v1,q14,Name_x_Inst,-0.07999999999999999
text75-MATH-LONG-2511.22140v1,q14,Name_x_Inst,-0.019999999999999973
text76-MATH-LONG-2602.20441v1,q14,Name_x_Inst,0.020000000000000018
text77-MATH-LONG-2601.20851v2,q14,Name_x_Inst,-0.040000000000000036
text78-MATH-LONG-2512.17595v1,q14,Name_x_Inst,0.019999999999999973
text79-MATH-LONG-2512.10129v1,q14,Name_x_Inst,-0.13999999999999999
text80-MATH-LONG-2512.10507v1,q14,Name_x_Inst,0.020000000000000018
text01-BIO-SHORT-2505.02276v1,q14,Name_x_Bibliometrics,-0.24000000000000005
text02-BIO-SHORT-2507.04575v1,q14,Name_x_Bibliometrics,-0.11999999999999997
text03-BIO-SHORT-2505.11568v3,q14,Name_x_Bibliometrics,-0.020000000000000018
text04-BIO-SHORT-2507.08385v1,q14,Name_x_Bibliometrics,2.2204460492503132e-17
text05-BIO-SHORT-2504.10973v1,q14,Name_x_Bibliometrics,0.07999999999999999
text06-BIO-SHORT-2506.14789v1,q14,Name_x_Bibliometrics,0.039999999999999994
text07-BIO-SHORT-2506.13576v3,q14,Name_x_Bibliometrics,0.020000000000000018
text08-BIO-SHORT-2503.19923v2,q14,Name_x_Bibliometrics,0.059999999999999984
text09-BIO-SHORT-2602.00019v1,q14,Name_x_Bibliometrics,0.1
text10-BIO-SHORT-2506.13817v1,q14,Name_x_Bibliometrics,0.06000000000000001
text11-CS-SHORT-2506.09194v1,q14,Name_x_Bibliometrics,0.019999999999999928
text12-CS-SHORT-2512.19717v1,q14,Name_x_Bibliometrics,0.13999999999999999
text13-CS-SHORT-2510.04124v5,q14,Name_x_Bibliometrics,-0.020000000000000018
text14-CS-SHORT-2509.13349v2,q14,Name_x_Bibliometrics,-0.05999999999999996
text15-CS-SHORT-2602.03870v1,q14,Name_x_Bibliometrics,0.019999999999999973
text16-CS-SHORT-2509.06033v1,q14,Name_x_Bibliometrics,-0.020000000000000018
text17-CS-SHORT-2509.16294v1,q14,Name_x_Bibliometrics,-0.07999999999999993
text18-CS-SHORT-2507.09492v1,q14,Name_x_Bibliometrics,0.06000000000000001
text19-CS-SHORT-2509.14600v1,q14,Name_x_Bibliometrics,-0.06000000000000005
text20-CS-SHORT-2503.14899v1,q14,Name_x_Bibliometrics,-0.07999999999999999
text21-PHY-SHORT-2601.23079v1,q14,Name_x_Bibliometrics,-0.039999999999999994
text22-PHY-SHORT-2601.23047v1,q14,Name_x_Bibliometrics,0.15999999999999992
text23-PHY-SHORT-2601.23057v1,q14,Name_x_Bibliometrics,0.11999999999999997
text24-PHY-SHORT-2509.16741v1,q14,Name_x_Bibliometrics,-0.019999999999999973
text25-PHY-SHORT-2507.08042v1,q14,Name_x_Bibliometrics,-0.16
text26-PHY-SHORT-2512.23538v1,q14,Name_x_Bibliometrics,0.0
text27-PHY-SHORT-2510.18500v1,q14,Name_x_Bibliometrics,-0.11999999999999993
text28-PHY-SHORT-2508.20431v1,q14,Name_x_Bibliometrics,-0.039999999999999994
text29-PHY-SHORT-2509.06825v1,q14,Name_x_Bibliometrics,2.2204460492503132e-17
text30-PHY-SHORT-2509.17653v2,q14,Name_x_Bibliometrics,0.05999999999999996
text31-MATH-SHORT-2511.03536v1,q14,Name_x_Bibliometrics,0.06000000000000005
text32-MATH-SHORT-2603.02088v1,q14,Name_x_Bibliometrics,0.05999999999999996
text33-MATH-SHORT-2512.22134v3,q14,Name_x_Bibliometrics,-0.19999999999999998
text34-MATH-SHORT-2509.00532v1,q14,Name_x_Bibliometrics,-0.1
text35-MATH-SHORT-2512.06844v1,q14,Name_x_Bibliometrics,-0.039999999999999994
text36-MATH-SHORT-2503.09380v2,q14,Name_x_Bibliometrics,0.08000000000000004
text37-MATH-SHORT-2510.26426v1,q14,Name_x_Bibliometrics,0.020000000000000018
text38-MATH-SHORT-2512.04101v1,q14,Name_x_Bibliometrics,0.07999999999999999
text39-MATH-SHORT-2506.11609v2,q14,Name_x_Bibliometrics,-0.13999999999999996
text40-MATH-SHORT-2507.15879v2,q14,Name_x_Bibliometrics,-0.06000000000000001
text41-BIO-LONG-2512.06709v1,q14,Name_x_Bibliometrics,0.020000000000000018
text42-BIO-LONG-2503.07104v1,q14,Name_x_Bibliometrics,0.0
text43-BIO-LONG-2506.16577v1,q14,Name_x_Bibliometrics,0.08000000000000011
text44-BIO-LONG-2505.20052v1,q14,Name_x_Bibliometrics,0.18000000000000002
text45-BIO-LONG-2507.17897v4,q14,Name_x_Bibliometrics,0.020000000000000018
text46-BIO-LONG-2505.05863v1,q14,Name_x_Bibliometrics,-0.14
text47-BIO-LONG-2505.21094v1,q14,Name_x_Bibliometrics,-0.07999999999999999
text48-BIO-LONG-2602.16750v1,q14,Name_x_Bibliometrics,0.0
text49-BIO-LONG-2511.10014v1,q14,Name_x_Bibliometrics,-0.16000000000000006
text50-BIO-LONG-2603.01054v1,q14,Name_x_Bibliometrics,-0.22000000000000003
text51-CS-LONG-2602.11588v1,q14,Name_x_Bibliometrics,0.059999999999999984
text52-CS-LONG-2602.15675v1,q14,Name_x_Bibliometrics,-0.07999999999999999
text53-CS-LONG-2603.02012v1,q14,Name_x_Bibliometrics,-0.05999999999999996
text54-CS-LONG-2602.23006v1,q14,Name_x_Bibliometrics,-0.039999999999999994
text55-CS-LONG-2602.21625v1,q14,Name_x_Bibliometrics,0.020000000000000018
text56-CS-LONG-2602.13713v1,q14,Name_x_Bibliometrics,0.0
text57-CS-LONG-2603.00079v1,q14,Name_x_Bibliometrics,-0.13999999999999999
text58-CS-LONG-2603.01023v1,q14,Name_x_Bibliometrics,-0.040000000000000036
text59-CS-LONG-2602.19401v1,q14,Name_x_Bibliometrics,-0.12000000000000002
text60-CS-LONG-2602.18518v1,q14,Name_x_Bibliometrics,0.0
text61-PHY-LONG-2602.03885v1,q14,Name_x_Bibliometrics,0.0
text62-PHY-LONG-2511.21971v1,q14,Name_x_Bibliometrics,-0.040000000000000036
text63-PHY-LONG-2512.18015v1,q14,Name_x_Bibliometrics,0.020000000000000018
text64-PHY-LONG-2602.23683v1,q14,Name_x_Bibliometrics,0.0
text65-PHY-LONG-2601.13267v1,q14,Name_x_Bibliometrics,0.019999999999999973
text66-PHY-LONG-2512.24566v1,q14,Name_x_Bibliometrics,0.0
text67-PHY-LONG-2602.07636v2,q14,Name_x_Bibliometrics,0.020000000000000018
text68-PHY-LONG-2512.18130v1,q14,Name_x_Bibliometrics,0.020000000000000018
text69-PHY-LONG-2602.17389v1,q14,Name_x_Bibliometrics,-0.09999999999999995
text70-PHY-LONG-2602.08188v1,q14,Name_x_Bibliometrics,-0.16
text71-MATH-LONG-2511.12781v1,q14,Name_x_Bibliometrics,0.0
text72-MATH-LONG-2602.06095v1,q14,Name_x_Bibliometrics,0.14
text73-MATH-LONG-2511.18101v1,q14,Name_x_Bibliometrics,4.4408920985006264e-17
text74-MATH-LONG-2512.15978v1,q14,Name_x_Bibliometrics,-0.07999999999999999
text75-MATH-LONG-2511.22140v1,q14,Name_x_Bibliometrics,-0.06000000000000001
text76-MATH-LONG-2602.20441v1,q14,Name_x_Bibliometrics,0.020000000000000018
text77-MATH-LONG-2601.20851v2,q14,Name_x_Bibliometrics,-0.040000000000000036
text78-MATH-LONG-2512.17595v1,q14,Name_x_Bibliometrics,-0.09999999999999995
text79-MATH-LONG-2512.10129v1,q14,Name_x_Bibliometrics,-0.13999999999999999
text80-MATH-LONG-2512.10507v1,q14,Name_x_Bibliometrics,-0.020000000000000018
text01-BIO-SHORT-2505.02276v1,q14,Inst_x_Bibliometrics,0.12
text02-BIO-SHORT-2507.04575v1,q14,Inst_x_Bibliometrics,-4.4408920985006264e-17
text03-BIO-SHORT-2505.11568v3,q14,Inst_x_Bibliometrics,0.020000000000000018
text04-BIO-SHORT-2507.08385v1,q14,Inst_x_Bibliometrics,-0.040000000000000015
text05-BIO-SHORT-2504.10973v1,q14,Inst_x_Bibliometrics,0.12000000000000002
text06-BIO-SHORT-2506.14789v1,q14,Inst_x_Bibliometrics,0.039999999999999994
text07-BIO-SHORT-2506.13576v3,q14,Inst_x_Bibliometrics,-0.18
text08-BIO-SHORT-2503.19923v2,q14,Inst_x_Bibliometrics,-0.14
text09-BIO-SHORT-2602.00019v1,q14,Inst_x_Bibliometrics,0.1
text10-BIO-SHORT-2506.13817v1,q14,Inst_x_Bibliometrics,0.13999999999999999
text11-CS-SHORT-2506.09194v1,q14,Inst_x_Bibliometrics,0.21999999999999992
text12-CS-SHORT-2512.19717v1,q14,Inst_x_Bibliometrics,-0.21999999999999997
text13-CS-SHORT-2510.04124v5,q14,Inst_x_Bibliometrics,-0.020000000000000018
text14-CS-SHORT-2509.13349v2,q14,Inst_x_Bibliometrics,-0.1
text15-CS-SHORT-2602.03870v1,q14,Inst_x_Bibliometrics,-0.06000000000000001
text16-CS-SHORT-2509.06033v1,q14,Inst_x_Bibliometrics,-0.1
text17-CS-SHORT-2509.16294v1,q14,Inst_x_Bibliometrics,-0.24
text18-CS-SHORT-2507.09492v1,q14,Inst_x_Bibliometrics,0.06000000000000001
text19-CS-SHORT-2509.14600v1,q14,Inst_x_Bibliometrics,0.019999999999999973
text20-CS-SHORT-2503.14899v1,q14,Inst_x_Bibliometrics,-0.07999999999999999
text21-PHY-SHORT-2601.23079v1,q14,Inst_x_Bibliometrics,0.11999999999999997
text22-PHY-SHORT-2601.23047v1,q14,Inst_x_Bibliometrics,0.039999999999999994
text23-PHY-SHORT-2601.23057v1,q14,Inst_x_Bibliometrics,0.11999999999999997
text24-PHY-SHORT-2509.16741v1,q14,Inst_x_Bibliometrics,0.019999999999999973
text25-PHY-SHORT-2507.08042v1,q14,Inst_x_Bibliometrics,0.27999999999999997
text26-PHY-SHORT-2512.23538v1,q14,Inst_x_Bibliometrics,0.0
text27-PHY-SHORT-2510.18500v1,q14,Inst_x_Bibliometrics,-0.040000000000000036
text28-PHY-SHORT-2508.20431v1,q14,Inst_x_Bibliometrics,-0.11999999999999997
text29-PHY-SHORT-2509.06825v1,q14,Inst_x_Bibliometrics,-0.08
text30-PHY-SHORT-2509.17653v2,q14,Inst_x_Bibliometrics,0.25999999999999995
text31-MATH-SHORT-2511.03536v1,q14,Inst_x_Bibliometrics,0.05999999999999996
text32-MATH-SHORT-2603.02088v1,q14,Inst_x_Bibliometrics,-0.05999999999999996
text33-MATH-SHORT-2512.22134v3,q14,Inst_x_Bibliometrics,-0.08
text34-MATH-SHORT-2509.00532v1,q14,Inst_x_Bibliometrics,-0.22000000000000003
text35-MATH-SHORT-2512.06844v1,q14,Inst_x_Bibliometrics,-0.08000000000000003
text36-MATH-SHORT-2503.09380v2,q14,Inst_x_Bibliometrics,-0.040000000000000015
text37-MATH-SHORT-2510.26426v1,q14,Inst_x_Bibliometrics,-0.020000000000000018
text38-MATH-SHORT-2512.04101v1,q14,Inst_x_Bibliometrics,-0.07999999999999999
text39-MATH-SHORT-2506.11609v2,q14,Inst_x_Bibliometrics,-0.020000000000000018
text40-MATH-SHORT-2507.15879v2,q14,Inst_x_Bibliometrics,-0.06000000000000001
text41-BIO-LONG-2512.06709v1,q14,Inst_x_Bibliometrics,-0.020000000000000018
text42-BIO-LONG-2503.07104v1,q14,Inst_x_Bibliometrics,0.0
text43-BIO-LONG-2506.16577v1,q14,Inst_x_Bibliometrics,-0.11999999999999997
text44-BIO-LONG-2505.20052v1,q14,Inst_x_Bibliometrics,0.019999999999999973
text45-BIO-LONG-2507.17897v4,q14,Inst_x_Bibliometrics,0.25999999999999995
text46-BIO-LONG-2505.05863v1,q14,Inst_x_Bibliometrics,0.019999999999999952
text47-BIO-LONG-2505.21094v1,q14,Inst_x_Bibliometrics,0.0
text48-BIO-LONG-2602.16750v1,q14,Inst_x_Bibliometrics,0.0
text49-BIO-LONG-2511.10014v1,q14,Inst_x_Bibliometrics,-0.2
text50-BIO-LONG-2603.01054v1,q14,Inst_x_Bibliometrics,-0.10000000000000002
text51-CS-LONG-2602.11588v1,q14,Inst_x_Bibliometrics,0.019999999999999952
text52-CS-LONG-2602.15675v1,q14,Inst_x_Bibliometrics,-0.07999999999999999
text53-CS-LONG-2603.02012v1,q14,Inst_x_Bibliometrics,-0.1
text54-CS-LONG-2602.23006v1,q14,Inst_x_Bibliometrics,0.039999999999999994
text55-CS-LONG-2602.21625v1,q14,Inst_x_Bibliometrics,-0.020000000000000018
text56-CS-LONG-2602.13713v1,q14,Inst_x_Bibliometrics,-0.040000000000000036
text57-CS-LONG-2603.00079v1,q14,Inst_x_Bibliometrics,-0.13999999999999999
text58-CS-LONG-2603.01023v1,q14,Inst_x_Bibliometrics,-0.31999999999999995
text59-CS-LONG-2602.19401v1,q14,Inst_x_Bibliometrics,-0.12000000000000002
text60-CS-LONG-2602.18518v1,q14,Inst_x_Bibliometrics,0.0
text61-PHY-LONG-2602.03885v1,q14,Inst_x_Bibliometrics,0.0
text62-PHY-LONG-2511.21971v1,q14,Inst_x_Bibliometrics,0.27999999999999997
text63-PHY-LONG-2512.18015v1,q14,Inst_x_Bibliometrics,0.1
text64-PHY-LONG-2602.23683v1,q14,Inst_x_Bibliometrics,-0.2
text65-PHY-LONG-2601.13267v1,q14,Inst_x_Bibliometrics,0.06000000000000001
text66-PHY-LONG-2512.24566v1,q14,Inst_x_Bibliometrics,0.0
text67-PHY-LONG-2602.07636v2,q14,Inst_x_Bibliometrics,0.020000000000000018
text68-PHY-LONG-2512.18130v1,q14,Inst_x_Bibliometrics,-0.020000000000000018
text69-PHY-LONG-2602.17389v1,q14,Inst_x_Bibliometrics,-0.019999999999999973
text70-PHY-LONG-2602.08188v1,q14,Inst_x_Bibliometrics,-0.07999999999999999
text71-MATH-LONG-2511.12781v1,q14,Inst_x_Bibliometrics,-0.040000000000000036
text72-MATH-LONG-2602.06095v1,q14,Inst_x_Bibliometrics,-0.019999999999999997
text73-MATH-LONG-2511.18101v1,q14,Inst_x_Bibliometrics,0.24
text74-MATH-LONG-2512.15978v1,q14,Inst_x_Bibliometrics,-0.07999999999999999
text75-MATH-LONG-2511.22140v1,q14,Inst_x_Bibliometrics,0.09999999999999995
text76-MATH-LONG-2602.20441v1,q14,Inst_x_Bibliometrics,-0.020000000000000018
text77-MATH-LONG-2601.20851v2,q14,Inst_x_Bibliometrics,-0.07999999999999999
text78-MATH-LONG-2512.17595v1,q14,Inst_x_Bibliometrics,-0.06000000000000001
text79-MATH-LONG-2512.10129v1,q14,Inst_x_Bibliometrics,0.18000000000000002
text80-MATH-LONG-2512.10507v1,q14,Inst_x_Bibliometrics,-0.020000000000000018
