text_id,outcome,effect,value
text01-BIO-SHORT-2505.02276v1,QI,BF_minus_WM,0.049999999999999996
text02-BIO-SHORT-2507.04575v1,QI,BF_minus_WM,0.002380952380952391
text03-BIO-SHORT-2505.11568v3,QI,BF_minus_WM,-0.010714285714285713
text04-BIO-SHORT-2507.08385v1,QI,BF_minus_WM,-0.040476190476190506
text05-BIO-SHORT-2504.10973v1,QI,BF_minus_WM,0.030952380952380943
text06-BIO-SHORT-2506.14789v1,QI,BF_minus_WM,0.01071428571428574
text07-BIO-SHORT-2506.13576v3,QI,BF_minus_WM,-0.0011904761904761862
text08-BIO-SHORT-2503.19923v2,QI,BF_minus_WM,-0.059523809523809555
text09-BIO-SHORT-2602.00019v1,QI,BF_minus_WM,0.01785714285714284
text10-BIO-SHORT-2506.13817v1,QI,BF_minus_WM,0.01785714285714284
text11-CS-SHORT-2506.09194v1,QI,BF_minus_WM,0.013095238095238068
text12-CS-SHORT-2512.19717v1,QI,BF_minus_WM,-0.009523809523809545
text13-CS-SHORT-2510.04124v5,QI,BF_minus_WM,0.027380952380952412
text14-CS-SHORT-2509.13349v2,QI,BF_minus_WM,-0.005952380952380959
text15-CS-SHORT-2602.03870v1,QI,BF_minus_WM,0.004761904761904773
text16-CS-SHORT-2509.06033v1,QI,BF_minus_WM,0.04999999999999993
text17-CS-SHORT-2509.16294v1,QI,BF_minus_WM,-0.005952380952380959
text18-CS-SHORT-2507.09492v1,QI,BF_minus_WM,-0.010714285714285723
text19-CS-SHORT-2509.14600v1,QI,BF_minus_WM,0.03333333333333338
text20-CS-SHORT-2503.14899v1,QI,BF_minus_WM,-0.04166666666666664
text21-PHY-SHORT-2601.23079v1,QI,BF_minus_WM,-0.00952380952380949
text22-PHY-SHORT-2601.23047v1,QI,BF_minus_WM,0.07142857142857141
text23-PHY-SHORT-2601.23057v1,QI,BF_minus_WM,-0.021428571428571436
text24-PHY-SHORT-2509.16741v1,QI,BF_minus_WM,-0.04166666666666669
text25-PHY-SHORT-2507.08042v1,QI,BF_minus_WM,0.17499999999999996
text26-PHY-SHORT-2512.23538v1,QI,BF_minus_WM,0.005952380952380913
text27-PHY-SHORT-2510.18500v1,QI,BF_minus_WM,0.028571428571428543
text28-PHY-SHORT-2508.20431v1,QI,BF_minus_WM,-3.700743415417188e-17
text29-PHY-SHORT-2509.06825v1,QI,BF_minus_WM,-0.011904761904761899
text30-PHY-SHORT-2509.17653v2,QI,BF_minus_WM,0.057142857142857155
text31-MATH-SHORT-2511.03536v1,QI,BF_minus_WM,-0.047619047619047596
text32-MATH-SHORT-2603.02088v1,QI,BF_minus_WM,0.027380952380952412
text33-MATH-SHORT-2512.22134v3,QI,BF_minus_WM,-0.02261904761904764
text34-MATH-SHORT-2509.00532v1,QI,BF_minus_WM,-0.07976190476190478
text35-MATH-SHORT-2512.06844v1,QI,BF_minus_WM,0.015476190476190477
text36-MATH-SHORT-2503.09380v2,QI,BF_minus_WM,-0.015476190476190477
text37-MATH-SHORT-2510.26426v1,QI,BF_minus_WM,0.04642857142857144
text38-MATH-SHORT-2512.04101v1,QI,BF_minus_WM,0.0047619047619047545
text39-MATH-SHORT-2506.11609v2,QI,BF_minus_WM,-0.0035714285714285774
text40-MATH-SHORT-2507.15879v2,QI,BF_minus_WM,0.009523809523809509
text41-BIO-LONG-2512.06709v1,QI,BF_minus_WM,0.04285714285714284
text42-BIO-LONG-2503.07104v1,QI,BF_minus_WM,-0.011904761904761937
text43-BIO-LONG-2506.16577v1,QI,BF_minus_WM,0.002380952380952354
text44-BIO-LONG-2505.20052v1,QI,BF_minus_WM,0.03214285714285716
text45-BIO-LONG-2507.17897v4,QI,BF_minus_WM,-0.007142857142857155
text46-BIO-LONG-2505.05863v1,QI,BF_minus_WM,0.0011904761904761492
text47-BIO-LONG-2505.21094v1,QI,BF_minus_WM,0.1797619047619047
text48-BIO-LONG-2602.16750v1,QI,BF_minus_WM,0.02619047619047617
text49-BIO-LONG-2511.10014v1,QI,BF_minus_WM,0.025000000000000067
text50-BIO-LONG-2603.01054v1,QI,BF_minus_WM,-0.00357142857142854
text51-CS-LONG-2602.11588v1,QI,BF_minus_WM,-0.020238095238095267
text52-CS-LONG-2602.15675v1,QI,BF_minus_WM,-0.015476190476190513
text53-CS-LONG-2603.02012v1,QI,BF_minus_WM,0.010714285714285732
text54-CS-LONG-2602.23006v1,QI,BF_minus_WM,0.025000000000000022
text55-CS-LONG-2602.21625v1,QI,BF_minus_WM,0.01428571428571431
text56-CS-LONG-2602.13713v1,QI,BF_minus_WM,-0.0011904761904762047
text57-CS-LONG-2603.00079v1,QI,BF_minus_WM,0.026190476190476153
text58-CS-LONG-2603.01023v1,QI,BF_minus_WM,0.028571428571428564
text59-CS-LONG-2602.19401v1,QI,BF_minus_WM,-0.03333333333333327
text60-CS-LONG-2602.18518v1,QI,BF_minus_WM,0.017857142857142887
text61-PHY-LONG-2602.03885v1,QI,BF_minus_WM,0.005952380952380931
text62-PHY-LONG-2511.21971v1,QI,BF_minus_WM,0.032142857142857084
text63-PHY-LONG-2512.18015v1,QI,BF_minus_WM,0.010714285714285713
text64-PHY-LONG-2602.23683v1,QI,BF_minus_WM,-0.021428571428571425
text65-PHY-LONG-2601.13267v1,QI,BF_minus_WM,0.03214285714285716
text66-PHY-LONG-2512.24566v1,QI,BF_minus_WM,-0.025000000000000005
text67-PHY-LONG-2602.07636v2,QI,BF_minus_WM,0.030952380952380926
text68-PHY-LONG-2512.18130v1,QI,BF_minus_WM,-0.03095238095238098
text69-PHY-LONG-2602.17389v1,QI,BF_minus_WM,-0.03571428571428575
text70-PHY-LONG-2602.08188v1,QI,BF_minus_WM,-0.01428571428571429
text71-MATH-LONG-2511.12781v1,QI,BF_minus_WM,-0.010714285714285732
text72-MATH-LONG-2602.06095v1,QI,BF_minus_WM,0.052380952380952396
text73-MATH-LONG-2511.18101v1,QI,BF_minus_WM,-0.014285714285714271
text74-MATH-LONG-2512.15978v1,QI,BF_minus_WM,0.03214285714285712
text75-MATH-LONG-2511.22140v1,QI,BF_minus_WM,0.004761904761904745
text76-MATH-LONG-2602.20441v1,QI,BF_minus_WM,-0.022619047619047622
text77-MATH-LONG-2601.20851v2,QI,BF_minus_WM,-0.03571428571428572
text78-MATH-LONG-2512.17595v1,QI,BF_minus_WM,-0.004761904761904773
text79-MATH-LONG-2512.10129v1,QI,BF_minus_WM,0.00833333333333336
text80-MATH-LONG-2512.10507v1,QI,BF_minus_WM,0.054761904761904734
text01-BIO-SHORT-2505.02276v1,QI,HI_minus_LI,-0.0142857142857143
text02-BIO-SHORT-2507.04575v1,QI,HI_minus_LI,-0.016666666666666673
text03-BIO-SHORT-2505.11568v3,QI,HI_minus_LI,0.010714285714285713
text04-BIO-SHORT-2507.08385v1,QI,HI_minus_LI,-9.25185853854297e-18
text05-BIO-SHORT-2504.10973v1,QI,HI_minus_LI,-0.0071428571428571635
text06-BIO-SHORT-2506.14789v1,QI,HI_minus_LI,0.015476190476190504
text07-BIO-SHORT-2506.13576v3,QI,HI_minus_LI,0.04404761904761908
text08-BIO-SHORT-2503.19923v2,QI,HI_minus_LI,-0.011904761904761895
text09-BIO-SHORT-2602.00019v1,QI,HI_minus_LI,0.0035714285714286234
text10-BIO-SHORT-2506.13817v1,QI,HI_minus_LI,-0.01071428571428574
text11-CS-SHORT-2506.09194v1,QI,HI_minus_LI,-0.022619047619047594
text12-CS-SHORT-2512.19717v1,QI,HI_minus_LI,0.06428571428571427
text13-CS-SHORT-2510.04124v5,QI,HI_minus_LI,-0.015476190476190477
text14-CS-SHORT-2509.13349v2,QI,HI_minus_LI,0.010714285714285723
text15-CS-SHORT-2602.03870v1,QI,HI_minus_LI,-0.01190476190476189
text16-CS-SHORT-2509.06033v1,QI,HI_minus_LI,0.011904761904761899
text17-CS-SHORT-2509.16294v1,QI,HI_minus_LI,-0.06547619047619051
text18-CS-SHORT-2507.09492v1,QI,HI_minus_LI,-0.017857142857142877
text19-CS-SHORT-2509.14600v1,QI,HI_minus_LI,-0.07857142857142854
text20-CS-SHORT-2503.14899v1,QI,HI_minus_LI,0.07261904761904765
text21-PHY-SHORT-2601.23079v1,QI,HI_minus_LI,-0.05000000000000001
text22-PHY-SHORT-2601.23047v1,QI,HI_minus_LI,-0.01428571428571429
text23-PHY-SHORT-2601.23057v1,QI,HI_minus_LI,0.03333333333333333
text24-PHY-SHORT-2509.16741v1,QI,HI_minus_LI,-0.008333333333333361
text25-PHY-SHORT-2507.08042v1,QI,HI_minus_LI,-0.27499999999999997
text26-PHY-SHORT-2512.23538v1,QI,HI_minus_LI,-0.0035714285714285774
text27-PHY-SHORT-2510.18500v1,QI,HI_minus_LI,0.02619047619047617
text28-PHY-SHORT-2508.20431v1,QI,HI_minus_LI,0.01904761904761909
text29-PHY-SHORT-2509.06825v1,QI,HI_minus_LI,-0.004761904761904782
text30-PHY-SHORT-2509.17653v2,QI,HI_minus_LI,0.12380952380952377
text31-MATH-SHORT-2511.03536v1,QI,HI_minus_LI,-3.700743415417188e-17
text32-MATH-SHORT-2603.02088v1,QI,HI_minus_LI,-0.04642857142857141
text33-MATH-SHORT-2512.22134v3,QI,HI_minus_LI,0.044047619047619085
text34-MATH-SHORT-2509.00532v1,QI,HI_minus_LI,0.04880952380952381
text35-MATH-SHORT-2512.06844v1,QI,HI_minus_LI,-0.027380952380952395
text36-MATH-SHORT-2503.09380v2,QI,HI_minus_LI,0.03452380952380949
text37-MATH-SHORT-2510.26426v1,QI,HI_minus_LI,-0.022619047619047622
text38-MATH-SHORT-2512.04101v1,QI,HI_minus_LI,0.01190476190476189
text39-MATH-SHORT-2506.11609v2,QI,HI_minus_LI,0.00833333333333336
text40-MATH-SHORT-2507.15879v2,QI,HI_minus_LI,-0.014285714285714254
text41-BIO-LONG-2512.06709v1,QI,HI_minus_LI,0.08571428571428567
text42-BIO-LONG-2503.07104v1,QI,HI_minus_LI,0.0023809523809523725
text43-BIO-LONG-2506.16577v1,QI,HI_minus_LI,0.0166666666666667
text44-BIO-LONG-2505.20052v1,QI,HI_minus_LI,0.005952380952380987
text45-BIO-LONG-2507.17897v4,QI,HI_minus_LI,-0.011904761904761937
text46-BIO-LONG-2505.05863v1,QI,HI_minus_LI,-0.010714285714285713
text47-BIO-LONG-2505.21094v1,QI,HI_minus_LI,0.19642857142857142
text48-BIO-LONG-2602.16750v1,QI,HI_minus_LI,0.004761904761904745
text49-BIO-LONG-2511.10014v1,QI,HI_minus_LI,0.017857142857142915
text50-BIO-LONG-2603.01054v1,QI,HI_minus_LI,-0.01547619047619044
text51-CS-LONG-2602.11588v1,QI,HI_minus_LI,-0.027380952380952384
text52-CS-LONG-2602.15675v1,QI,HI_minus_LI,0.0035714285714286143
text53-CS-LONG-2603.02012v1,QI,HI_minus_LI,0.0035714285714285774
text54-CS-LONG-2602.23006v1,QI,HI_minus_LI,-0.0011904761904762047
text55-CS-LONG-2602.21625v1,QI,HI_minus_LI,-0.04761904761904764
text56-CS-LONG-2602.13713v1,QI,HI_minus_LI,0.022619047619047594
text57-CS-LONG-2603.00079v1,QI,HI_minus_LI,0.014285714285714216
text58-CS-LONG-2603.01023v1,QI,HI_minus_LI,-0.03333333333333335
text59-CS-LONG-2602.19401v1,QI,HI_minus_LI,-0.05714285714285714
text60-CS-LONG-2602.18518v1,QI,HI_minus_LI,-0.015476190476190477
text61-PHY-LONG-2602.03885v1,QI,HI_minus_LI,-0.0059523809523809685
text62-PHY-LONG-2511.21971v1,QI,HI_minus_LI,0.07976190476190469
text63-PHY-LONG-2512.18015v1,QI,HI_minus_LI,-0.0035714285714285587
text64-PHY-LONG-2602.23683v1,QI,HI_minus_LI,0.0023809523809523725
text65-PHY-LONG-2601.13267v1,QI,HI_minus_LI,0.11785714285714287
text66-PHY-LONG-2512.24566v1,QI,HI_minus_LI,0.0059523809523809494
text67-PHY-LONG-2602.07636v2,QI,HI_minus_LI,-0.02857142857142859
text68-PHY-LONG-2512.18130v1,QI,HI_minus_LI,-0.05238095238095237
text69-PHY-LONG-2602.17389v1,QI,HI_minus_LI,-0.007142857142857145
text70-PHY-LONG-2602.08188v1,QI,HI_minus_LI,-0.0023809523809524094
text71-MATH-LONG-2511.12781v1,QI,HI_minus_LI,0.0035714285714285774
text72-MATH-LONG-2602.06095v1,QI,HI_minus_LI,-0.02142857142857145
text73-MATH-LONG-2511.18101v1,QI,HI_minus_LI,0.01904761904761909
text74-MATH-LONG-2512.15978v1,QI,HI_minus_LI,0.03214285714285712
text75-MATH-LONG-2511.22140v1,QI,HI_minus_LI,0.05000000000000001
text76-MATH-LONG-2602.20441v1,QI,HI_minus_LI,0.008333333333333331
text77-MATH-LONG-2601.20851v2,QI,HI_minus_LI,0.019047619047619074
text78-MATH-LONG-2512.17595v1,QI,HI_minus_LI,0.01666666666666669
text79-MATH-LONG-2512.10129v1,QI,HI_minus_LI,0.025000000000000005
text80-MATH-LONG-2512.10507v1,QI,HI_minus_LI,0.03571428571428572
text01-BIO-SHORT-2505.02276v1,QI,HP_minus_LP,0.04285714285714282
text02-BIO-SHORT-2507.04575v1,QI,HP_minus_LP,0.030952380952380964
text03-BIO-SHORT-2505.11568v3,QI,HP_minus_LP,0.0011904761904761862
text04-BIO-SHORT-2507.08385v1,QI,HP_minus_LP,0.03809523809523808
text05-BIO-SHORT-2504.10973v1,QI,HP_minus_LP,0.04999999999999996
text06-BIO-SHORT-2506.14789v1,QI,HP_minus_LP,0.020238095238095194
text07-BIO-SHORT-2506.13576v3,QI,HP_minus_LP,-0.013095238095238049
text08-BIO-SHORT-2503.19923v2,QI,HP_minus_LP,0.021428571428571432
text09-BIO-SHORT-2602.00019v1,QI,HP_minus_LP,0.022619047619047622
text10-BIO-SHORT-2506.13817v1,QI,HP_minus_LP,0.06309523809523813
text11-CS-SHORT-2506.09194v1,QI,HP_minus_LP,-0.03928571428571428
text12-CS-SHORT-2512.19717v1,QI,HP_minus_LP,0.050000000000000044
text13-CS-SHORT-2510.04124v5,QI,HP_minus_LP,-0.017857142857142887
text14-CS-SHORT-2509.13349v2,QI,HP_minus_LP,0.03214285714285713
text15-CS-SHORT-2602.03870v1,QI,HP_minus_LP,9.25185853854297e-18
text16-CS-SHORT-2509.06033v1,QI,HP_minus_LP,0.04047619047619048
text17-CS-SHORT-2509.16294v1,QI,HP_minus_LP,-0.015476190476190513
text18-CS-SHORT-2507.09492v1,QI,HP_minus_LP,0.027380952380952367
text19-CS-SHORT-2509.14600v1,QI,HP_minus_LP,0.059523809523809534
text20-CS-SHORT-2503.14899v1,QI,HP_minus_LP,-0.1321428571428571
text21-PHY-SHORT-2601.23079v1,QI,HP_minus_LP,0.05238095238095234
text22-PHY-SHORT-2601.23047v1,QI,HP_minus_LP,-0.014285714285714327
text23-PHY-SHORT-2601.23057v1,QI,HP_minus_LP,2.7755575615628914e-17
text24-PHY-SHORT-2509.16741v1,QI,HP_minus_LP,0.06071428571428575
text25-PHY-SHORT-2507.08042v1,QI,HP_minus_LP,0.027380952380952405
text26-PHY-SHORT-2512.23538v1,QI,HP_minus_LP,0.013095238095238068
text27-PHY-SHORT-2510.18500v1,QI,HP_minus_LP,0.04285714285714278
text28-PHY-SHORT-2508.20431v1,QI,HP_minus_LP,0.054761904761904755
text29-PHY-SHORT-2509.06825v1,QI,HP_minus_LP,0.05714285714285713
text30-PHY-SHORT-2509.17653v2,QI,HP_minus_LP,0.07380952380952385
text31-MATH-SHORT-2511.03536v1,QI,HP_minus_LP,0.04047619047619044
text32-MATH-SHORT-2603.02088v1,QI,HP_minus_LP,0.1464285714285714
text33-MATH-SHORT-2512.22134v3,QI,HP_minus_LP,0.06309523809523808
text34-MATH-SHORT-2509.00532v1,QI,HP_minus_LP,0.058333333333333244
text35-MATH-SHORT-2512.06844v1,QI,HP_minus_LP,-0.00833333333333336
text36-MATH-SHORT-2503.09380v2,QI,HP_minus_LP,0.0607142857142857
text37-MATH-SHORT-2510.26426v1,QI,HP_minus_LP,0.04166666666666664
text38-MATH-SHORT-2512.04101v1,QI,HP_minus_LP,0.02619047619047618
text39-MATH-SHORT-2506.11609v2,QI,HP_minus_LP,0.03928571428571428
text40-MATH-SHORT-2507.15879v2,QI,HP_minus_LP,0.009523809523809509
text41-BIO-LONG-2512.06709v1,QI,HP_minus_LP,0.04523809523809519
text42-BIO-LONG-2503.07104v1,QI,HP_minus_LP,0.02857142857142858
text43-BIO-LONG-2506.16577v1,QI,HP_minus_LP,0.06666666666666667
text44-BIO-LONG-2505.20052v1,QI,HP_minus_LP,0.04642857142857143
text45-BIO-LONG-2507.17897v4,QI,HP_minus_LP,-0.004761904761904745
text46-BIO-LONG-2505.05863v1,QI,HP_minus_LP,0.015476190476190458
text47-BIO-LONG-2505.21094v1,QI,HP_minus_LP,0.04880952380952377
text48-BIO-LONG-2602.16750v1,QI,HP_minus_LP,0.0023809523809523725
text49-BIO-LONG-2511.10014v1,QI,HP_minus_LP,0.02738095238095235
text50-BIO-LONG-2603.01054v1,QI,HP_minus_LP,0.05357142857142855
text51-CS-LONG-2602.11588v1,QI,HP_minus_LP,-0.0011904761904761956
text52-CS-LONG-2602.15675v1,QI,HP_minus_LP,-0.0035714285714285774
text53-CS-LONG-2603.02012v1,QI,HP_minus_LP,0.025000000000000005
text54-CS-LONG-2602.23006v1,QI,HP_minus_LP,0.03928571428571429
text55-CS-LONG-2602.21625v1,QI,HP_minus_LP,0.02619047619047617
text56-CS-LONG-2602.13713v1,QI,HP_minus_LP,0.051190476190476175
text57-CS-LONG-2603.00079v1,QI,HP_minus_LP,0.07142857142857142
text58-CS-LONG-2603.01023v1,QI,HP_minus_LP,0.0642857142857143
text59-CS-LONG-2602.19401v1,QI,HP_minus_LP,-0.026190476190476153
text60-CS-LONG-2602.18518v1,QI,HP_minus_LP,-0.017857142857142887
text61-PHY-LONG-2602.03885v1,QI,HP_minus_LP,0.010714285714285713
text62-PHY-LONG-2511.21971v1,QI,HP_minus_LP,0.024999999999999967
text63-PHY-LONG-2512.18015v1,QI,HP_minus_LP,-0.0011904761904762602
text64-PHY-LONG-2602.23683v1,QI,HP_minus_LP,0.03571428571428573
text65-PHY-LONG-2601.13267v1,QI,HP_minus_LP,0.07976190476190476
text66-PHY-LONG-2512.24566v1,QI,HP_minus_LP,0.03452380952380957
text67-PHY-LONG-2602.07636v2,QI,HP_minus_LP,-0.011904761904761946
text68-PHY-LONG-2512.18130v1,QI,HP_minus_LP,0.08095238095238093
text69-PHY-LONG-2602.17389v1,QI,HP_minus_LP,0.02142857142857142
text70-PHY-LONG-2602.08188v1,QI,HP_minus_LP,0.054761904761904755
text71-MATH-LONG-2511.12781v1,QI,HP_minus_LP,0.00357142857142854
text72-MATH-LONG-2602.06095v1,QI,HP_minus_LP,0.02857142857142858
text73-MATH-LONG-2511.18101v1,QI,HP_minus_LP,0.02857142857142858
text74-MATH-LONG-2512.15978v1,QI,HP_minus_LP,0.025000000000000005
text75-MATH-LONG-2511.22140v1,QI,HP_minus_LP,0.009523809523809526
text76-MATH-LONG-2602.20441v1,QI,HP_minus_LP,0.02023809523809525
text77-MATH-LONG-2601.20851v2,QI,HP_minus_LP,0.007142857142857173
text78-MATH-LONG-2512.17595v1,QI,HP_minus_LP,0.014285714285714282
text79-MATH-LONG-2512.10129v1,QI,HP_minus_LP,-0.02500000000000004
text80-MATH-LONG-2512.10507v1,QI,HP_minus_LP,0.0642857142857143
text01-BIO-SHORT-2505.02276v1,QI,Name_x_Inst,0.009523809523809509
text02-BIO-SHORT-2507.04575v1,QI,Name_x_Inst,-0.028571428571428564
text03-BIO-SHORT-2505.11568v3,QI,Name_x_Inst,0.021428571428571425
text04-BIO-SHORT-2507.08385v1,QI,Name_x_Inst,0.04761904761904758
text05-BIO-SHORT-2504.10973v1,QI,Name_x_Inst,-0.06190476190476196
text06-BIO-SHORT-2506.14789v1,QI,Name_x_Inst,-0.040476190476190464
text07-BIO-SHORT-2506.13576v3,QI,Name_x_Inst,0.01666666666666668
text08-BIO-SHORT-2503.19923v2,QI,Name_x_Inst,-0.019047619047619025
text09-BIO-SHORT-2602.00019v1,QI,Name_x_Inst,-0.011904761904761843
text10-BIO-SHORT-2506.13817v1,QI,Name_x_Inst,0.026190476190476264
text11-CS-SHORT-2506.09194v1,QI,Name_x_Inst,-0.11666666666666665
text12-CS-SHORT-2512.19717v1,QI,Name_x_Inst,-0.15714285714285714
text13-CS-SHORT-2510.04124v5,QI,Name_x_Inst,-0.06428571428571432
text14-CS-SHORT-2509.13349v2,QI,Name_x_Inst,-0.19761904761904758
text15-CS-SHORT-2602.03870v1,QI,Name_x_Inst,0.019047619047618997
text16-CS-SHORT-2509.06033v1,QI,Name_x_Inst,-0.01428571428571431
text17-CS-SHORT-2509.16294v1,QI,Name_x_Inst,0.0928571428571428
text18-CS-SHORT-2507.09492v1,QI,Name_x_Inst,-0.050000000000000065
text19-CS-SHORT-2509.14600v1,QI,Name_x_Inst,0.02857142857142858
text20-CS-SHORT-2503.14899v1,QI,Name_x_Inst,0.10238095238095234
text21-PHY-SHORT-2601.23079v1,QI,Name_x_Inst,0.023809523809523725
text22-PHY-SHORT-2601.23047v1,QI,Name_x_Inst,-0.06190476190476202
text23-PHY-SHORT-2601.23057v1,QI,Name_x_Inst,0.07142857142857141
text24-PHY-SHORT-2509.16741v1,QI,Name_x_Inst,0.04999999999999999
text25-PHY-SHORT-2507.08042v1,QI,Name_x_Inst,0.4499999999999999
text26-PHY-SHORT-2512.23538v1,QI,Name_x_Inst,-0.0023809523809523356
text27-PHY-SHORT-2510.18500v1,QI,Name_x_Inst,-0.0714285714285714
text28-PHY-SHORT-2508.20431v1,QI,Name_x_Inst,0.004761904761904745
text29-PHY-SHORT-2509.06825v1,QI,Name_x_Inst,0.00952380952380949
text30-PHY-SHORT-2509.17653v2,QI,Name_x_Inst,0.019047619047618997
text31-MATH-SHORT-2511.03536v1,QI,Name_x_Inst,0.01904761904761913
text32-MATH-SHORT-2603.02088v1,QI,Name_x_Inst,-0.011904761904761826
text33-MATH-SHORT-2512.22134v3,QI,Name_x_Inst,-0.0785714285714285
text34-MATH-SHORT-2509.00532v1,QI,Name_x_Inst,-0.16904761904761897
text35-MATH-SHORT-2512.06844v1,QI,Name_x_Inst,0.07380952380952381
text36-MATH-SHORT-2503.09380v2,QI,Name_x_Inst,-0.0023809523809524094
text37-MATH-SHORT-2510.26426v1,QI,Name_x_Inst,0.011904761904761918
text38-MATH-SHORT-2512.04101v1,QI,Name_x_Inst,0.038095238095238126
text39-MATH-SHORT-2506.11609v2,QI,Name_x_Inst,-0.0023809523809523356
text40-MATH-SHORT-2507.15879v2,QI,Name_x_Inst,-0.009523809523809454
text41-BIO-LONG-2512.06709v1,QI,Name_x_Inst,-0.04761904761904757
text42-BIO-LONG-2503.07104v1,QI,Name_x_Inst,0.01428571428571431
text43-BIO-LONG-2506.16577v1,QI,Name_x_Inst,-0.028571428571428654
text44-BIO-LONG-2505.20052v1,QI,Name_x_Inst,0.07380952380952381
text45-BIO-LONG-2507.17897v4,QI,Name_x_Inst,0.028571428571428543
text46-BIO-LONG-2505.05863v1,QI,Name_x_Inst,-0.03095238095238099
text47-BIO-LONG-2505.21094v1,QI,Name_x_Inst,0.3452380952380952
text48-BIO-LONG-2602.16750v1,QI,Name_x_Inst,-0.07619047619047614
text49-BIO-LONG-2511.10014v1,QI,Name_x_Inst,0.016666666666666625
text50-BIO-LONG-2603.01054v1,QI,Name_x_Inst,0.0023809523809524094
text51-CS-LONG-2602.11588v1,QI,Name_x_Inst,-0.040476190476190464
text52-CS-LONG-2602.15675v1,QI,Name_x_Inst,0.0071428571428572285
text53-CS-LONG-2603.02012v1,QI,Name_x_Inst,-0.045238095238095265
text54-CS-LONG-2602.23006v1,QI,Name_x_Inst,0.016666666666666646
text55-CS-LONG-2602.21625v1,QI,Name_x_Inst,-0.07142857142857155
text56-CS-LONG-2602.13713v1,QI,Name_x_Inst,-0.007142857142857155
text57-CS-LONG-2603.00079v1,QI,Name_x_Inst,-9.251858538542972e-17
text58-CS-LONG-2603.01023v1,QI,Name_x_Inst,-0.02857142857142858
text59-CS-LONG-2602.19401v1,QI,Name_x_Inst,-0.004761904761904782
text60-CS-LONG-2602.18518v1,QI,Name_x_Inst,-0.011904761904761899
text61-PHY-LONG-2602.03885v1,QI,Name_x_Inst,-0.01666666666666668
text62-PHY-LONG-2511.21971v1,QI,Name_x_Inst,0.04523809523809519
text63-PHY-LONG-2512.18015v1,QI,Name_x_Inst,0.03095238095238099
text64-PHY-LONG-2602.23683v1,QI,Name_x_Inst,-0.023809523809523874
text65-PHY-LONG-2601.13267v1,QI,Name_x_Inst,-0.030952380952381026
text66-PHY-LONG-2512.24566v1,QI,Name_x_Inst,0.035714285714285775
text67-PHY-LONG-2602.07636v2,QI,Name_x_Inst,-0.07142857142857138
text68-PHY-LONG-2512.18130v1,QI,Name_x_Inst,-0.05238095238095244
text69-PHY-LONG-2602.17389v1,QI,Name_x_Inst,0.028571428571428525
text70-PHY-LONG-2602.08188v1,QI,Name_x_Inst,-3.700743415417188e-17
text71-MATH-LONG-2511.12781v1,QI,Name_x_Inst,-0.030952380952381026
text72-MATH-LONG-2602.06095v1,QI,Name_x_Inst,-0.29047619047619044
text73-MATH-LONG-2511.18101v1,QI,Name_x_Inst,0.12857142857142856
text74-MATH-LONG-2512.15978v1,QI,Name_x_Inst,-0.030952380952380953
text75-MATH-LONG-2511.22140v1,QI,Name_x_Inst,0.014285714285714235
text76-MATH-LONG-2602.20441v1,QI,Name_x_Inst,0.050000000000000065
text77-MATH-LONG-2601.20851v2,QI,Name_x_Inst,0.014285714285714271
text78-MATH-LONG-2512.17595v1,QI,Name_x_Inst,0.09047619047619039
text79-MATH-LONG-2512.10129v1,QI,Name_x_Inst,-0.02142857142857139
text80-MATH-LONG-2512.10507v1,QI,Name_x_Inst,0.03333333333333318
text01-BIO-SHORT-2505.02276v1,QI,Name_x_Bibliometrics,0.06666666666666667
text02-BIO-SHORT-2507.04575v1,QI,Name_x_Bibliometrics,-0.028571428571428564
text03-BIO-SHORT-2505.11568v3,QI,Name_x_Bibliometrics,-0.03571428571428573
text04-BIO-SHORT-2507.08385v1,QI,Name_x_Bibliometrics,-0.06666666666666664
text05-BIO-SHORT-2504.10973v1,QI,Name_x_Bibliometrics,0.09047619047619039
text06-BIO-SHORT-2506.14789v1,QI,Name_x_Bibliometrics,0.07380952380952376
text07-BIO-SHORT-2506.13576v3,QI,Name_x_Bibliometrics,-0.01190476190476201
text08-BIO-SHORT-2503.19923v2,QI,Name_x_Bibliometrics,-0.02857142857142859
text09-BIO-SHORT-2602.00019v1,QI,Name_x_Bibliometrics,0.03571428571428564
text10-BIO-SHORT-2506.13817v1,QI,Name_x_Bibliometrics,0.030952380952380936
text11-CS-SHORT-2506.09194v1,QI,Name_x_Bibliometrics,0.14523809523809536
text12-CS-SHORT-2512.19717v1,QI,Name_x_Bibliometrics,0.023809523809523798
text13-CS-SHORT-2510.04124v5,QI,Name_x_Bibliometrics,-0.011904761904761899
text14-CS-SHORT-2509.13349v2,QI,Name_x_Bibliometrics,0.007142857142857062
text15-CS-SHORT-2602.03870v1,QI,Name_x_Bibliometrics,-0.01428571428571429
text16-CS-SHORT-2509.06033v1,QI,Name_x_Bibliometrics,-0.07142857142857147
text17-CS-SHORT-2509.16294v1,QI,Name_x_Bibliometrics,0.0023809523809522983
text18-CS-SHORT-2507.09492v1,QI,Name_x_Bibliometrics,0.030952380952380936
text19-CS-SHORT-2509.14600v1,QI,Name_x_Bibliometrics,0.06666666666666654
text20-CS-SHORT-2503.14899v1,QI,Name_x_Bibliometrics,0.00714285714285721
text21-PHY-SHORT-2601.23079v1,QI,Name_x_Bibliometrics,0.08571428571428578
text22-PHY-SHORT-2601.23047v1,QI,Name_x_Bibliometrics,0.033333333333333326
text23-PHY-SHORT-2601.23057v1,QI,Name_x_Bibliometrics,0.01428571428571429
text24-PHY-SHORT-2509.16741v1,QI,Name_x_Bibliometrics,-0.02142857142857145
text25-PHY-SHORT-2507.08042v1,QI,Name_x_Bibliometrics,0.054761904761904734
text26-PHY-SHORT-2512.23538v1,QI,Name_x_Bibliometrics,-0.026190476190476136
text27-PHY-SHORT-2510.18500v1,QI,Name_x_Bibliometrics,-0.12380952380952374
text28-PHY-SHORT-2508.20431v1,QI,Name_x_Bibliometrics,0.00952380952380949
text29-PHY-SHORT-2509.06825v1,QI,Name_x_Bibliometrics,0.01904761904761913
text30-PHY-SHORT-2509.17653v2,QI,Name_x_Bibliometrics,-0.014285714285714143
text31-MATH-SHORT-2511.03536v1,QI,Name_x_Bibliometrics,-0.023809523809523874
text32-MATH-SHORT-2603.02088v1,QI,Name_x_Bibliometrics,-0.016666666666666757
text33-MATH-SHORT-2512.22134v3,QI,Name_x_Bibliometrics,-0.011904761904762029
text34-MATH-SHORT-2509.00532v1,QI,Name_x_Bibliometrics,-0.08333333333333327
text35-MATH-SHORT-2512.06844v1,QI,Name_x_Bibliometrics,0.0071428571428571175
text36-MATH-SHORT-2503.09380v2,QI,Name_x_Bibliometrics,0.1071428571428571
text37-MATH-SHORT-2510.26426v1,QI,Name_x_Bibliometrics,0.054761904761904734
text38-MATH-SHORT-2512.04101v1,QI,Name_x_Bibliometrics,-0.009523809523809582
text39-MATH-SHORT-2506.11609v2,QI,Name_x_Bibliometrics,-0.07380952380952381
text40-MATH-SHORT-2507.15879v2,QI,Name_x_Bibliometrics,-0.009523809523809526
text41-BIO-LONG-2512.06709v1,QI,Name_x_Bibliometrics,0.1761904761904762
text42-BIO-LONG-2503.07104v1,QI,Name_x_Bibliometrics,0.038095238095238106
text43-BIO-LONG-2506.16577v1,QI,Name_x_Bibliometrics,-0.03333333333333325
text44-BIO-LONG-2505.20052v1,QI,Name_x_Bibliometrics,-0.045238095238095334
text45-BIO-LONG-2507.17897v4,QI,Name_x_Bibliometrics,0.03333333333333344
text46-BIO-LONG-2505.05863v1,QI,Name_x_Bibliometrics,-0.12142857142857144
text47-BIO-LONG-2505.21094v1,QI,Name_x_Bibliometrics,0.030952380952380884
text48-BIO-LONG-2602.16750v1,QI,Name_x_Bibliometrics,0.01428571428571431
text49-BIO-LONG-2511.10014v1,QI,Name_x_Bibliometrics,-0.050000000000000065
text50-BIO-LONG-2603.01054v1,QI,Name_x_Bibliometrics,-0.1071428571428571
text51-CS-LONG-2602.11588v1,QI,Name_x_Bibliometrics,0.021428571428571408
text52-CS-LONG-2602.15675v1,QI,Name_x_Bibliometrics,-0.007142857142857155
text53-CS-LONG-2603.02012v1,QI,Name_x_Bibliometrics,-0.04047619047619052
text54-CS-LONG-2602.23006v1,QI,Name_x_Bibliometrics,-0.08333333333333333
text55-CS-LONG-2602.21625v1,QI,Name_x_Bibliometrics,-0.02857142857142862
text56-CS-LONG-2602.13713v1,QI,Name_x_Bibliometrics,0.030952380952381026
text57-CS-LONG-2603.00079v1,QI,Name_x_Bibliometrics,-0.019047619047619018
text58-CS-LONG-2603.01023v1,QI,Name_x_Bibliometrics,0.06190476190476187
text59-CS-LONG-2602.19401v1,QI,Name_x_Bibliometrics,-0.03809523809523815
text60-CS-LONG-2602.18518v1,QI,Name_x_Bibliometrics,-0.0071428571428572285
text61-PHY-LONG-2602.03885v1,QI,Name_x_Bibliometrics,-0.030952380952380915
text62-PHY-LONG-2511.21971v1,QI,Name_x_Bibliometrics,-0.045238095238095265
text63-PHY-LONG-2512.18015v1,QI,Name_x_Bibliometrics,-0.05952380952380946
text64-PHY-LONG-2602.23683v1,QI,Name_x_Bibliometrics,0.04285714285714285
text65-PHY-LONG-2601.13267v1,QI,Name_x_Bibliometrics,0.00714285714285708
text66-PHY-LONG-2512.24566v1,QI,Name_x_Bibliometrics,-0.04047619047619059
text67-PHY-LONG-2602.07636v2,QI,Name_x_Bibliometrics,1.850371707708594e-17
text68-PHY-LONG-2512.18130v1,QI,Name_x_Bibliometrics,-0.09047619047619047
text69-PHY-LONG-2602.17389v1,QI,Name_x_Bibliometrics,0.03809523809523805
text70-PHY-LONG-2602.08188v1,QI,Name_x_Bibliometrics,-0.06666666666666661
text71-MATH-LONG-2511.12781v1,QI,Name_x_Bibliometrics,-0.05952380952380942
text72-MATH-LONG-2602.06095v1,QI,Name_x_Bibliometrics,-0.29523809523809535
text73-MATH-LONG-2511.18101v1,QI,Name_x_Bibliometrics,-0.14761904761904754
text74-MATH-LONG-2512.15978v1,QI,Name_x_Bibliometrics,-0.11190476190476191
text75-MATH-LONG-2511.22140v1,QI,Name_x_Bibliometrics,-0.047619047619047596
text76-MATH-LONG-2602.20441v1,QI,Name_x_Bibliometrics,-0.0404761904761905
text77-MATH-LONG-2601.20851v2,QI,Name_x_Bibliometrics,0.05714285714285705
text78-MATH-LONG-2512.17595v1,QI,Name_x_Bibliometrics,0.019047619047619146
text79-MATH-LONG-2512.10129v1,QI,Name_x_Bibliometrics,0.011904761904761973
text80-MATH-LONG-2512.10507v1,QI,Name_x_Bibliometrics,0.042857142857142816
text01-BIO-SHORT-2505.02276v1,QI,Inst_x_Bibliometrics,0.08095238095238094
text02-BIO-SHORT-2507.04575v1,QI,Inst_x_Bibliometrics,0.07619047619047618
text03-BIO-SHORT-2505.11568v3,QI,Inst_x_Bibliometrics,-0.0023809523809523725
text04-BIO-SHORT-2507.08385v1,QI,Inst_x_Bibliometrics,-0.10952380952380959
text05-BIO-SHORT-2504.10973v1,QI,Inst_x_Bibliometrics,-0.09999999999999999
text06-BIO-SHORT-2506.14789v1,QI,Inst_x_Bibliometrics,-0.04047619047619039
text07-BIO-SHORT-2506.13576v3,QI,Inst_x_Bibliometrics,-0.02619047619047617
text08-BIO-SHORT-2503.19923v2,QI,Inst_x_Bibliometrics,0.009523809523809499
text09-BIO-SHORT-2602.00019v1,QI,Inst_x_Bibliometrics,0.03571428571428568
text10-BIO-SHORT-2506.13817v1,QI,Inst_x_Bibliometrics,-0.09285714285714296
text11-CS-SHORT-2506.09194v1,QI,Inst_x_Bibliometrics,0.07380952380952388
text12-CS-SHORT-2512.19717v1,QI,Inst_x_Bibliometrics,-0.06666666666666665
text13-CS-SHORT-2510.04124v5,QI,Inst_x_Bibliometrics,-0.030952380952380953
text14-CS-SHORT-2509.13349v2,QI,Inst_x_Bibliometrics,-0.111904761904762
text15-CS-SHORT-2602.03870v1,QI,Inst_x_Bibliometrics,-0.019047619047619074
text16-CS-SHORT-2509.06033v1,QI,Inst_x_Bibliometrics,-0.04285714285714285
text17-CS-SHORT-2509.16294v1,QI,Inst_x_Bibliometrics,-0.021428571428571425
text18-CS-SHORT-2507.09492v1,QI,Inst_x_Bibliometrics,0.045238095238095244
text19-CS-SHORT-2509.14600v1,QI,Inst_x_Bibliometrics,0.05238095238095234
text20-CS-SHORT-2503.14899v1,QI,Inst_x_Bibliometrics,-0.06904761904761908
text21-PHY-SHORT-2601.23079v1,QI,Inst_x_Bibliometrics,0.07142857142857147
text22-PHY-SHORT-2601.23047v1,QI,Inst_x_Bibliometrics,0.11904761904761918
text23-PHY-SHORT-2601.23057v1,QI,Inst_x_Bibliometrics,0.028571428571428636
text24-PHY-SHORT-2509.16741v1,QI,Inst_x_Bibliometrics,0.04523809523809521
text25-PHY-SHORT-2507.08042v1,QI,Inst_x_Bibliometrics,0.0499999999999999
text26-PHY-SHORT-2512.23538v1,QI,Inst_x_Bibliometrics,0.021428571428571463
text27-PHY-SHORT-2510.18500v1,QI,Inst_x_Bibliometrics,-0.10000000000000002
text28-PHY-SHORT-2508.20431v1,QI,Inst_x_Bibliometrics,-0.06666666666666672
text29-PHY-SHORT-2509.06825v1,QI,Inst_x_Bibliometrics,0.023809523809523874
text30-PHY-SHORT-2509.17653v2,QI,Inst_x_Bibliometrics,-0.02380952380952367
text31-MATH-SHORT-2511.03536v1,QI,Inst_x_Bibliometrics,0.05238095238095227
text32-MATH-SHORT-2603.02088v1,QI,Inst_x_Bibliometrics,0.10238095238095242
text33-MATH-SHORT-2512.22134v3,QI,Inst_x_Bibliometrics,0.05476190476190477
text34-MATH-SHORT-2509.00532v1,QI,Inst_x_Bibliometrics,-0.09285714285714276
text35-MATH-SHORT-2512.06844v1,QI,Inst_x_Bibliometrics,-0.011904761904761973
text36-MATH-SHORT-2503.09380v2,QI,Inst_x_Bibliometrics,0.007142857142857155
text37-MATH-SHORT-2510.26426v1,QI,Inst_x_Bibliometrics,0.04999999999999999
text38-MATH-SHORT-2512.04101v1,QI,Inst_x_Bibliometrics,0.04285714285714287
text39-MATH-SHORT-2506.11609v2,QI,Inst_x_Bibliometrics,-0.04999999999999993
text40-MATH-SHORT-2507.15879v2,QI,Inst_x_Bibliometrics,3.700743415417188e-17
text41-BIO-LONG-2512.06709v1,QI,Inst_x_Bibliometrics,0.00476190476190468
text42-BIO-LONG-2503.07104v1,QI,Inst_x_Bibliometrics,-0.038095238095238106
text43-BIO-LONG-2506.16577v1,QI,Inst_x_Bibliometrics,0.004761904761904782
text44-BIO-LONG-2505.20052v1,QI,Inst_x_Bibliometrics,-0.04047619047619044
text45-BIO-LONG-2507.17897v4,QI,Inst_x_Bibliometrics,0.004761904761904745
text46-BIO-LONG-2505.05863v1,QI,Inst_x_Bibliometrics,0.03571428571428573
text47-BIO-LONG-2505.21094v1,QI,Inst_x_Bibliometrics,0.0357142857142857
text48-BIO-LONG-2602.16750v1,QI,Inst_x_Bibliometrics,0.019047619047619053
text49-BIO-LONG-2511.10014v1,QI,Inst_x_Bibliometrics,0.059523809523809444
text50-BIO-LONG-2603.01054v1,QI,Inst_x_Bibliometrics,0.011904761904761899
text51-CS-LONG-2602.11588v1,QI,Inst_x_Bibliometrics,0.016666666666666663
text52-CS-LONG-2602.15675v1,QI,Inst_x_Bibliometrics,-0.007142857142857155
text53-CS-LONG-2603.02012v1,QI,Inst_x_Bibliometrics,-0.02619047619047621
text54-CS-LONG-2602.23006v1,QI,Inst_x_Bibliometrics,-0.04047619047619037
text55-CS-LONG-2602.21625v1,QI,Inst_x_Bibliometrics,0.019047619047619053
text56-CS-LONG-2602.13713v1,QI,Inst_x_Bibliometrics,-0.00714285714285708
text57-CS-LONG-2603.00079v1,QI,Inst_x_Bibliometrics,-0.03333333333333325
text58-CS-LONG-2603.01023v1,QI,Inst_x_Bibliometrics,-0.052380952380952306
text59-CS-LONG-2602.19401v1,QI,Inst_x_Bibliometrics,-0.06666666666666661
text60-CS-LONG-2602.18518v1,QI,Inst_x_Bibliometrics,0.011904761904761899
text61-PHY-LONG-2602.03885v1,QI,Inst_x_Bibliometrics,-0.05476190476190471
text62-PHY-LONG-2511.21971v1,QI,Inst_x_Bibliometrics,0.05952380952380942
text63-PHY-LONG-2512.18015v1,QI,Inst_x_Bibliometrics,-0.030952380952380915
text64-PHY-LONG-2602.23683v1,QI,Inst_x_Bibliometrics,-0.004761904761904745
text65-PHY-LONG-2601.13267v1,QI,Inst_x_Bibliometrics,-0.05000000000000001
text66-PHY-LONG-2512.24566v1,QI,Inst_x_Bibliometrics,-0.007142857142857155
text67-PHY-LONG-2602.07636v2,QI,Inst_x_Bibliometrics,0.023809523809523853
text68-PHY-LONG-2512.18130v1,QI,Inst_x_Bibliometrics,-0.06666666666666675
text69-PHY-LONG-2602.17389v1,QI,Inst_x_Bibliometrics,-0.05714285714285718
text70-PHY-LONG-2602.08188v1,QI,Inst_x_Bibliometrics,-0.06190476190476191
text71-MATH-LONG-2511.12781v1,QI,Inst_x_Bibliometrics,0.026190476190476136
text72-MATH-LONG-2602.06095v1,QI,Inst_x_Bibliometrics,-0.26190476190476186
text73-MATH-LONG-2511.18101v1,QI,Inst_x_Bibliometrics,0.08095238095238096
text74-MATH-LONG-2512.15978v1,QI,Inst_x_Bibliometrics,-0.0357142857142857
text75-MATH-LONG-2511.22140v1,QI,Inst_x_Bibliometrics,-0.01428571428571431
text76-MATH-LONG-2602.20441v1,QI,Inst_x_Bibliometrics,-0.03571428571428568
text77-MATH-LONG-2601.20851v2,QI,Inst_x_Bibliometrics,-0.0333333333333334
text78-MATH-LONG-2512.17595v1,QI,Inst_x_Bibliometrics,-0.061904761904761886
text79-MATH-LONG-2512.10129v1,QI,Inst_x_Bibliometrics,-0.0023809523809523356
text80-MATH-LONG-2512.10507v1,QI,Inst_x_Bibliometrics,-0.05238095238095238
text01-BIO-SHORT-2505.02276v1,PI,BF_minus_WM,0.05555555555555555
text02-BIO-SHORT-2507.04575v1,PI,BF_minus_WM,0.0513888888888889
text03-BIO-SHORT-2505.11568v3,PI,BF_minus_WM,0.04444444444444443
text04-BIO-SHORT-2507.08385v1,PI,BF_minus_WM,0.022222222222222216
text05-BIO-SHORT-2504.10973v1,PI,BF_minus_WM,0.041666666666666685
text06-BIO-SHORT-2506.14789v1,PI,BF_minus_WM,-0.03888888888888889
text07-BIO-SHORT-2506.13576v3,PI,BF_minus_WM,0.06111111111111115
text08-BIO-SHORT-2503.19923v2,PI,BF_minus_WM,-0.30555555555555564
text09-BIO-SHORT-2602.00019v1,PI,BF_minus_WM,0.06249999999999999
text10-BIO-SHORT-2506.13817v1,PI,BF_minus_WM,0.023611111111111114
text11-CS-SHORT-2506.09194v1,PI,BF_minus_WM,0.15138888888888888
text12-CS-SHORT-2512.19717v1,PI,BF_minus_WM,0.01666666666666664
text13-CS-SHORT-2510.04124v5,PI,BF_minus_WM,0.05694444444444441
text14-CS-SHORT-2509.13349v2,PI,BF_minus_WM,0.11111111111111106
text15-CS-SHORT-2602.03870v1,PI,BF_minus_WM,0.012499999999999978
text16-CS-SHORT-2509.06033v1,PI,BF_minus_WM,0.019444444444444448
text17-CS-SHORT-2509.16294v1,PI,BF_minus_WM,-0.04305555555555554
text18-CS-SHORT-2507.09492v1,PI,BF_minus_WM,0.024999999999999984
text19-CS-SHORT-2509.14600v1,PI,BF_minus_WM,0.225
text20-CS-SHORT-2503.14899v1,PI,BF_minus_WM,0.09444444444444446
text21-PHY-SHORT-2601.23079v1,PI,BF_minus_WM,-0.043055555555555576
text22-PHY-SHORT-2601.23047v1,PI,BF_minus_WM,0.06527777777777781
text23-PHY-SHORT-2601.23057v1,PI,BF_minus_WM,0.008333333333333326
text24-PHY-SHORT-2509.16741v1,PI,BF_minus_WM,-0.023611111111111156
text25-PHY-SHORT-2507.08042v1,PI,BF_minus_WM,0.040277777777777794
text26-PHY-SHORT-2512.23538v1,PI,BF_minus_WM,0.11527777777777776
text27-PHY-SHORT-2510.18500v1,PI,BF_minus_WM,0.02083333333333338
text28-PHY-SHORT-2508.20431v1,PI,BF_minus_WM,0.04305555555555555
text29-PHY-SHORT-2509.06825v1,PI,BF_minus_WM,0.04861111111111114
text30-PHY-SHORT-2509.17653v2,PI,BF_minus_WM,0.19166666666666668
text31-MATH-SHORT-2511.03536v1,PI,BF_minus_WM,0.09999999999999999
text32-MATH-SHORT-2603.02088v1,PI,BF_minus_WM,0.07777777777777778
text33-MATH-SHORT-2512.22134v3,PI,BF_minus_WM,0.10555555555555558
text34-MATH-SHORT-2509.00532v1,PI,BF_minus_WM,-0.3333333333333333
text35-MATH-SHORT-2512.06844v1,PI,BF_minus_WM,0.029166666666666664
text36-MATH-SHORT-2503.09380v2,PI,BF_minus_WM,0.0652777777777778
text37-MATH-SHORT-2510.26426v1,PI,BF_minus_WM,0.06250000000000001
text38-MATH-SHORT-2512.04101v1,PI,BF_minus_WM,-0.006944444444444438
text39-MATH-SHORT-2506.11609v2,PI,BF_minus_WM,0.15000000000000005
text40-MATH-SHORT-2507.15879v2,PI,BF_minus_WM,-0.04305555555555557
text41-BIO-LONG-2512.06709v1,PI,BF_minus_WM,-0.020833333333333332
text42-BIO-LONG-2503.07104v1,PI,BF_minus_WM,-0.012499999999999975
text43-BIO-LONG-2506.16577v1,PI,BF_minus_WM,0.12361111111111107
text44-BIO-LONG-2505.20052v1,PI,BF_minus_WM,0.1319444444444445
text45-BIO-LONG-2507.17897v4,PI,BF_minus_WM,0.08055555555555556
text46-BIO-LONG-2505.05863v1,PI,BF_minus_WM,0.008333333333333318
text47-BIO-LONG-2505.21094v1,PI,BF_minus_WM,0.022222222222222195
text48-BIO-LONG-2602.16750v1,PI,BF_minus_WM,0.05277777777777778
text49-BIO-LONG-2511.10014v1,PI,BF_minus_WM,-0.02777777777777779
text50-BIO-LONG-2603.01054v1,PI,BF_minus_WM,0.023611111111111093
text51-CS-LONG-2602.11588v1,PI,BF_minus_WM,0.09444444444444444
text52-CS-LONG-2602.15675v1,PI,BF_minus_WM,0.03472222222222222
text53-CS-LONG-2603.02012v1,PI,BF_minus_WM,0.029166666666666643
text54-CS-LONG-2602.23006v1,PI,BF_minus_WM,-0.07361111111111109
text55-CS-LONG-2602.21625v1,PI,BF_minus_WM,0.09027777777777775
text56-CS-LONG-2602.13713v1,PI,BF_minus_WM,0.027777777777777762
text57-CS-LONG-2603.00079v1,PI,BF_minus_WM,0.09861111111111114
text58-CS-LONG-2603.01023v1,PI,BF_minus_WM,0.05277777777777785
text59-CS-LONG-2602.19401v1,PI,BF_minus_WM,0.041666666666666685
text60-CS-LONG-2602.18518v1,PI,BF_minus_WM,-0.0041666666666666475
text61-PHY-LONG-2602.03885v1,PI,BF_minus_WM,-0.058333333333333355
text62-PHY-LONG-2511.21971v1,PI,BF_minus_WM,0.06944444444444443
text63-PHY-LONG-2512.18015v1,PI,BF_minus_WM,0.06666666666666664
text64-PHY-LONG-2602.23683v1,PI,BF_minus_WM,0.05833333333333331
text65-PHY-LONG-2601.13267v1,PI,BF_minus_WM,0.05555555555555556
text66-PHY-LONG-2512.24566v1,PI,BF_minus_WM,-0.02500000000000001
text67-PHY-LONG-2602.07636v2,PI,BF_minus_WM,0.14444444444444446
text68-PHY-LONG-2512.18130v1,PI,BF_minus_WM,-0.004166666666666689
text69-PHY-LONG-2602.17389v1,PI,BF_minus_WM,0.07222222222222224
text70-PHY-LONG-2602.08188v1,PI,BF_minus_WM,-0.011111111111111077
text71-MATH-LONG-2511.12781v1,PI,BF_minus_WM,0.00972222222222223
text72-MATH-LONG-2602.06095v1,PI,BF_minus_WM,-0.004166666666666668
text73-MATH-LONG-2511.18101v1,PI,BF_minus_WM,-0.004166666666666642
text74-MATH-LONG-2512.15978v1,PI,BF_minus_WM,0.03750000000000001
text75-MATH-LONG-2511.22140v1,PI,BF_minus_WM,0.13055555555555556
text76-MATH-LONG-2602.20441v1,PI,BF_minus_WM,0.05000000000000001
text77-MATH-LONG-2601.20851v2,PI,BF_minus_WM,-0.14166666666666664
text78-MATH-LONG-2512.17595v1,PI,BF_minus_WM,-0.027777777777777835
text79-MATH-LONG-2512.10129v1,PI,BF_minus_WM,0.05694444444444444
text80-MATH-LONG-2512.10507v1,PI,BF_minus_WM,0.03055555555555554
text01-BIO-SHORT-2505.02276v1,PI,HI_minus_LI,-0.030555555555555558
text02-BIO-SHORT-2507.04575v1,PI,HI_minus_LI,0.11805555555555558
text03-BIO-SHORT-2505.11568v3,PI,HI_minus_LI,0.1277777777777778
text04-BIO-SHORT-2507.08385v1,PI,HI_minus_LI,0.1527777777777778
text05-BIO-SHORT-2504.10973v1,PI,HI_minus_LI,0.061111111111111116
text06-BIO-SHORT-2506.14789v1,PI,HI_minus_LI,0.05555555555555556
text07-BIO-SHORT-2506.13576v3,PI,HI_minus_LI,0.08611111111111112
text08-BIO-SHORT-2503.19923v2,PI,HI_minus_LI,0.033333333333333305
text09-BIO-SHORT-2602.00019v1,PI,HI_minus_LI,0.01250000000000002
text10-BIO-SHORT-2506.13817v1,PI,HI_minus_LI,0.20138888888888892
text11-CS-SHORT-2506.09194v1,PI,HI_minus_LI,-0.00972222222222223
text12-CS-SHORT-2512.19717v1,PI,HI_minus_LI,0.21388888888888893
text13-CS-SHORT-2510.04124v5,PI,HI_minus_LI,0.015277777777777779
text14-CS-SHORT-2509.13349v2,PI,HI_minus_LI,0.17777777777777773
text15-CS-SHORT-2602.03870v1,PI,HI_minus_LI,0.012500000000000002
text16-CS-SHORT-2509.06033v1,PI,HI_minus_LI,0.0055555555555555315
text17-CS-SHORT-2509.16294v1,PI,HI_minus_LI,-0.00416666666666667
text18-CS-SHORT-2507.09492v1,PI,HI_minus_LI,0.09166666666666666
text19-CS-SHORT-2509.14600v1,PI,HI_minus_LI,-0.008333333333333323
text20-CS-SHORT-2503.14899v1,PI,HI_minus_LI,-0.025000000000000046
text21-PHY-SHORT-2601.23079v1,PI,HI_minus_LI,-0.026388888888888833
text22-PHY-SHORT-2601.23047v1,PI,HI_minus_LI,0.10694444444444444
text23-PHY-SHORT-2601.23057v1,PI,HI_minus_LI,0.05277777777777778
text24-PHY-SHORT-2509.16741v1,PI,HI_minus_LI,0.0013888888888889163
text25-PHY-SHORT-2507.08042v1,PI,HI_minus_LI,-0.10416666666666667
text26-PHY-SHORT-2512.23538v1,PI,HI_minus_LI,0.11805555555555557
text27-PHY-SHORT-2510.18500v1,PI,HI_minus_LI,0.05138888888888882
text28-PHY-SHORT-2508.20431v1,PI,HI_minus_LI,0.11249999999999999
text29-PHY-SHORT-2509.06825v1,PI,HI_minus_LI,-0.0347222222222222
text30-PHY-SHORT-2509.17653v2,PI,HI_minus_LI,0.0027777777777777124
text31-MATH-SHORT-2511.03536v1,PI,HI_minus_LI,0.08611111111111112
text32-MATH-SHORT-2603.02088v1,PI,HI_minus_LI,0.033333333333333326
text33-MATH-SHORT-2512.22134v3,PI,HI_minus_LI,0.13055555555555556
text34-MATH-SHORT-2509.00532v1,PI,HI_minus_LI,0.2777777777777778
text35-MATH-SHORT-2512.06844v1,PI,HI_minus_LI,0.034722222222222245
text36-MATH-SHORT-2503.09380v2,PI,HI_minus_LI,0.08749999999999998
text37-MATH-SHORT-2510.26426v1,PI,HI_minus_LI,0.10138888888888888
text38-MATH-SHORT-2512.04101v1,PI,HI_minus_LI,-0.00972222222222223
text39-MATH-SHORT-2506.11609v2,PI,HI_minus_LI,0.08333333333333336
text40-MATH-SHORT-2507.15879v2,PI,HI_minus_LI,-0.045833333333333344
text41-BIO-LONG-2512.06709v1,PI,HI_minus_LI,0.006944444444444452
text42-BIO-LONG-2503.07104v1,PI,HI_minus_LI,0.040277777777777767
text43-BIO-LONG-2506.16577v1,PI,HI_minus_LI,0.054166666666666634
text44-BIO-LONG-2505.20052v1,PI,HI_minus_LI,0.08749999999999998
text45-BIO-LONG-2507.17897v4,PI,HI_minus_LI,0.008333333333333331
text46-BIO-LONG-2505.05863v1,PI,HI_minus_LI,-0.050000000000000024
text47-BIO-LONG-2505.21094v1,PI,HI_minus_LI,0.07777777777777777
text48-BIO-LONG-2602.16750v1,PI,HI_minus_LI,0.1694444444444445
text49-BIO-LONG-2511.10014v1,PI,HI_minus_LI,0.044444444444444446
text50-BIO-LONG-2603.01054v1,PI,HI_minus_LI,0.04861111111111111
text51-CS-LONG-2602.11588v1,PI,HI_minus_LI,0.10833333333333335
text52-CS-LONG-2602.15675v1,PI,HI_minus_LI,0.16805555555555554
text53-CS-LONG-2603.02012v1,PI,HI_minus_LI,0.14861111111111108
text54-CS-LONG-2602.23006v1,PI,HI_minus_LI,0.01527777777777782
text55-CS-LONG-2602.21625v1,PI,HI_minus_LI,0.10972222222222229
text56-CS-LONG-2602.13713v1,PI,HI_minus_LI,0.2638888888888889
text57-CS-LONG-2603.00079v1,PI,HI_minus_LI,-0.015277777777777784
text58-CS-LONG-2603.01023v1,PI,HI_minus_LI,-0.06111111111111108
text59-CS-LONG-2602.19401v1,PI,HI_minus_LI,0.030555555555555548
text60-CS-LONG-2602.18518v1,PI,HI_minus_LI,0.13472222222222222
text61-PHY-LONG-2602.03885v1,PI,HI_minus_LI,0.11944444444444442
text62-PHY-LONG-2511.21971v1,PI,HI_minus_LI,0.18888888888888888
text63-PHY-LONG-2512.18015v1,PI,HI_minus_LI,0.03611111111111108
text64-PHY-LONG-2602.23683v1,PI,HI_minus_LI,0.17500000000000002
text65-PHY-LONG-2601.13267v1,PI,HI_minus_LI,0.24999999999999997
text66-PHY-LONG-2512.24566v1,PI,HI_minus_LI,0.05833333333333335
text67-PHY-LONG-2602.07636v2,PI,HI_minus_LI,0.08888888888888886
text68-PHY-LONG-2512.18130v1,PI,HI_minus_LI,0.17638888888888893
text69-PHY-LONG-2602.17389v1,PI,HI_minus_LI,-0.00555555555555558
text70-PHY-LONG-2602.08188v1,PI,HI_minus_LI,0.008333333333333345
text71-MATH-LONG-2511.12781v1,PI,HI_minus_LI,0.08472222222222221
text72-MATH-LONG-2602.06095v1,PI,HI_minus_LI,0.009722222222222182
text73-MATH-LONG-2511.18101v1,PI,HI_minus_LI,-0.03194444444444447
text74-MATH-LONG-2512.15978v1,PI,HI_minus_LI,0.19583333333333333
text75-MATH-LONG-2511.22140v1,PI,HI_minus_LI,0.11666666666666665
text76-MATH-LONG-2602.20441v1,PI,HI_minus_LI,0.10555555555555558
text77-MATH-LONG-2601.20851v2,PI,HI_minus_LI,0.05833333333333331
text78-MATH-LONG-2512.17595v1,PI,HI_minus_LI,0.02777777777777778
text79-MATH-LONG-2512.10129v1,PI,HI_minus_LI,-0.03194444444444444
text80-MATH-LONG-2512.10507v1,PI,HI_minus_LI,0.17500000000000002
text01-BIO-SHORT-2505.02276v1,PI,HP_minus_LP,0.1277777777777778
text02-BIO-SHORT-2507.04575v1,PI,HP_minus_LP,0.0736111111111111
text03-BIO-SHORT-2505.11568v3,PI,HP_minus_LP,0.20277777777777775
text04-BIO-SHORT-2507.08385v1,PI,HP_minus_LP,0.016666666666666607
text05-BIO-SHORT-2504.10973v1,PI,HP_minus_LP,0.1166666666666667
text06-BIO-SHORT-2506.14789v1,PI,HP_minus_LP,0.13055555555555554
text07-BIO-SHORT-2506.13576v3,PI,HP_minus_LP,0.13888888888888887
text08-BIO-SHORT-2503.19923v2,PI,HP_minus_LP,0.005555555555555547
text09-BIO-SHORT-2602.00019v1,PI,HP_minus_LP,0.04583333333333337
text10-BIO-SHORT-2506.13817v1,PI,HP_minus_LP,0.2041666666666667
text11-CS-SHORT-2506.09194v1,PI,HP_minus_LP,0.2125
text12-CS-SHORT-2512.19717v1,PI,HP_minus_LP,0.3055555555555555
text13-CS-SHORT-2510.04124v5,PI,HP_minus_LP,0.2402777777777778
text14-CS-SHORT-2509.13349v2,PI,HP_minus_LP,0.10277777777777779
text15-CS-SHORT-2602.03870v1,PI,HP_minus_LP,0.034722222222222265
text16-CS-SHORT-2509.06033v1,PI,HP_minus_LP,0.13333333333333333
text17-CS-SHORT-2509.16294v1,PI,HP_minus_LP,0.0736111111111111
text18-CS-SHORT-2507.09492v1,PI,HP_minus_LP,0.10555555555555551
text19-CS-SHORT-2509.14600v1,PI,HP_minus_LP,0.0888888888888889
text20-CS-SHORT-2503.14899v1,PI,HP_minus_LP,0.016666666666666722
text21-PHY-SHORT-2601.23079v1,PI,HP_minus_LP,0.18472222222222226
text22-PHY-SHORT-2601.23047v1,PI,HP_minus_LP,0.1708333333333333
text23-PHY-SHORT-2601.23057v1,PI,HP_minus_LP,0.16666666666666674
text24-PHY-SHORT-2509.16741v1,PI,HP_minus_LP,0.10972222222222228
text25-PHY-SHORT-2507.08042v1,PI,HP_minus_LP,0.0347222222222222
text26-PHY-SHORT-2512.23538v1,PI,HP_minus_LP,0.006944444444444438
text27-PHY-SHORT-2510.18500v1,PI,HP_minus_LP,0.10138888888888888
text28-PHY-SHORT-2508.20431v1,PI,HP_minus_LP,0.18472222222222223
text29-PHY-SHORT-2509.06825v1,PI,HP_minus_LP,0.1625
text30-PHY-SHORT-2509.17653v2,PI,HP_minus_LP,0.13888888888888887
text31-MATH-SHORT-2511.03536v1,PI,HP_minus_LP,0.19166666666666674
text32-MATH-SHORT-2603.02088v1,PI,HP_minus_LP,0.21666666666666665
text33-MATH-SHORT-2512.22134v3,PI,HP_minus_LP,0.1583333333333333
text34-MATH-SHORT-2509.00532v1,PI,HP_minus_LP,0.11388888888888891
text35-MATH-SHORT-2512.06844v1,PI,HP_minus_LP,0.18472222222222223
text36-MATH-SHORT-2503.09380v2,PI,HP_minus_LP,0.16527777777777777
text37-MATH-SHORT-2510.26426v1,PI,HP_minus_LP,0.20416666666666664
text38-MATH-SHORT-2512.04101v1,PI,HP_minus_LP,0.11249999999999999
text39-MATH-SHORT-2506.11609v2,PI,HP_minus_LP,0.17222222222222228
text40-MATH-SHORT-2507.15879v2,PI,HP_minus_LP,0.13472222222222227
text41-BIO-LONG-2512.06709v1,PI,HP_minus_LP,0.054166666666666634
text42-BIO-LONG-2503.07104v1,PI,HP_minus_LP,0.18472222222222223
text43-BIO-LONG-2506.16577v1,PI,HP_minus_LP,0.12638888888888888
text44-BIO-LONG-2505.20052v1,PI,HP_minus_LP,0.2986111111111111
text45-BIO-LONG-2507.17897v4,PI,HP_minus_LP,0.18055555555555555
text46-BIO-LONG-2505.05863v1,PI,HP_minus_LP,0.07777777777777778
text47-BIO-LONG-2505.21094v1,PI,HP_minus_LP,0.14444444444444446
text48-BIO-LONG-2602.16750v1,PI,HP_minus_LP,0.11944444444444442
text49-BIO-LONG-2511.10014v1,PI,HP_minus_LP,0.04722222222222219
text50-BIO-LONG-2603.01054v1,PI,HP_minus_LP,0.12083333333333333
text51-CS-LONG-2602.11588v1,PI,HP_minus_LP,0.03055555555555552
text52-CS-LONG-2602.15675v1,PI,HP_minus_LP,0.2569444444444444
text53-CS-LONG-2603.02012v1,PI,HP_minus_LP,0.2263888888888889
text54-CS-LONG-2602.23006v1,PI,HP_minus_LP,-0.0013888888888888794
text55-CS-LONG-2602.21625v1,PI,HP_minus_LP,0.11527777777777781
text56-CS-LONG-2602.13713v1,PI,HP_minus_LP,0.12500000000000003
text57-CS-LONG-2603.00079v1,PI,HP_minus_LP,0.023611111111111055
text58-CS-LONG-2603.01023v1,PI,HP_minus_LP,0.18888888888888888
text59-CS-LONG-2602.19401v1,PI,HP_minus_LP,0.11666666666666664
text60-CS-LONG-2602.18518v1,PI,HP_minus_LP,0.09305555555555557
text61-PHY-LONG-2602.03885v1,PI,HP_minus_LP,0.19722222222222227
text62-PHY-LONG-2511.21971v1,PI,HP_minus_LP,0.24166666666666667
text63-PHY-LONG-2512.18015v1,PI,HP_minus_LP,0.2055555555555555
text64-PHY-LONG-2602.23683v1,PI,HP_minus_LP,0.37777777777777777
text65-PHY-LONG-2601.13267v1,PI,HP_minus_LP,0.15555555555555556
text66-PHY-LONG-2512.24566v1,PI,HP_minus_LP,0.11944444444444442
text67-PHY-LONG-2602.07636v2,PI,HP_minus_LP,0.013888888888888914
text68-PHY-LONG-2512.18130v1,PI,HP_minus_LP,0.32638888888888895
text69-PHY-LONG-2602.17389v1,PI,HP_minus_LP,0.13888888888888892
text70-PHY-LONG-2602.08188v1,PI,HP_minus_LP,0.12777777777777777
text71-MATH-LONG-2511.12781v1,PI,HP_minus_LP,0.08749999999999997
text72-MATH-LONG-2602.06095v1,PI,HP_minus_LP,0.09861111111111105
text73-MATH-LONG-2511.18101v1,PI,HP_minus_LP,0.07638888888888891
text74-MATH-LONG-2512.15978v1,PI,HP_minus_LP,0.0402777777777778
text75-MATH-LONG-2511.22140v1,PI,HP_minus_LP,0.058333333333333355
text76-MATH-LONG-2602.20441v1,PI,HP_minus_LP,0.15555555555555553
text77-MATH-LONG-2601.20851v2,PI,HP_minus_LP,0.12499999999999999
text78-MATH-LONG-2512.17595v1,PI,HP_minus_LP,0.14722222222222217
text79-MATH-LONG-2512.10129v1,PI,HP_minus_LP,0.1041666666666667
text80-MATH-LONG-2512.10507v1,PI,HP_minus_LP,0.13888888888888895
text01-BIO-SHORT-2505.02276v1,PI,Name_x_Inst,-0.022222222222222244
text02-BIO-SHORT-2507.04575v1,PI,Name_x_Inst,-0.036111111111111094
text03-BIO-SHORT-2505.11568v3,PI,Name_x_Inst,0.04444444444444443
text04-BIO-SHORT-2507.08385v1,PI,Name_x_Inst,-0.11111111111111109
text05-BIO-SHORT-2504.10973v1,PI,Name_x_Inst,0.08888888888888886
text06-BIO-SHORT-2506.14789v1,PI,Name_x_Inst,-0.005555555555555559
text07-BIO-SHORT-2506.13576v3,PI,Name_x_Inst,0.033333333333333465
text08-BIO-SHORT-2503.19923v2,PI,Name_x_Inst,-0.10555555555555557
text09-BIO-SHORT-2602.00019v1,PI,Name_x_Inst,-0.08611111111111108
text10-BIO-SHORT-2506.13817v1,PI,Name_x_Inst,0.06388888888888887
text11-CS-SHORT-2506.09194v1,PI,Name_x_Inst,-0.08611111111111114
text12-CS-SHORT-2512.19717v1,PI,Name_x_Inst,-0.16666666666666666
text13-CS-SHORT-2510.04124v5,PI,Name_x_Inst,-0.09166666666666667
text14-CS-SHORT-2509.13349v2,PI,Name_x_Inst,0.1166666666666667
text15-CS-SHORT-2602.03870v1,PI,Name_x_Inst,0.21388888888888888
text16-CS-SHORT-2509.06033v1,PI,Name_x_Inst,-0.2722222222222222
text17-CS-SHORT-2509.16294v1,PI,Name_x_Inst,0.05277777777777781
text18-CS-SHORT-2507.09492v1,PI,Name_x_Inst,-0.022222222222222216
text19-CS-SHORT-2509.14600v1,PI,Name_x_Inst,0.2222222222222222
text20-CS-SHORT-2503.14899v1,PI,Name_x_Inst,0.1777777777777778
text21-PHY-SHORT-2601.23079v1,PI,Name_x_Inst,0.05277777777777776
text22-PHY-SHORT-2601.23047v1,PI,Name_x_Inst,-0.13055555555555554
text23-PHY-SHORT-2601.23057v1,PI,Name_x_Inst,0.18333333333333335
text24-PHY-SHORT-2509.16741v1,PI,Name_x_Inst,-0.03611111111111117
text25-PHY-SHORT-2507.08042v1,PI,Name_x_Inst,0.47500000000000003
text26-PHY-SHORT-2512.23538v1,PI,Name_x_Inst,0.15833333333333335
text27-PHY-SHORT-2510.18500v1,PI,Name_x_Inst,-0.09166666666666663
text28-PHY-SHORT-2508.20431v1,PI,Name_x_Inst,0.09166666666666663
text29-PHY-SHORT-2509.06825v1,PI,Name_x_Inst,-0.06944444444444446
text30-PHY-SHORT-2509.17653v2,PI,Name_x_Inst,0.1944444444444444
text31-MATH-SHORT-2511.03536v1,PI,Name_x_Inst,-0.1444444444444444
text32-MATH-SHORT-2603.02088v1,PI,Name_x_Inst,0.011111111111111155
text33-MATH-SHORT-2512.22134v3,PI,Name_x_Inst,0.07777777777777777
text34-MATH-SHORT-2509.00532v1,PI,Name_x_Inst,-0.5222222222222223
text35-MATH-SHORT-2512.06844v1,PI,Name_x_Inst,0.047222222222222256
text36-MATH-SHORT-2503.09380v2,PI,Name_x_Inst,0.05277777777777772
text37-MATH-SHORT-2510.26426v1,PI,Name_x_Inst,0.025000000000000012
text38-MATH-SHORT-2512.04101v1,PI,Name_x_Inst,-0.024999999999999977
text39-MATH-SHORT-2506.11609v2,PI,Name_x_Inst,-0.2722222222222222
text40-MATH-SHORT-2507.15879v2,PI,Name_x_Inst,0.0527777777777777
text41-BIO-LONG-2512.06709v1,PI,Name_x_Inst,0.16944444444444443
text42-BIO-LONG-2503.07104v1,PI,Name_x_Inst,-0.07500000000000007
text43-BIO-LONG-2506.16577v1,PI,Name_x_Inst,-0.019444444444444483
text44-BIO-LONG-2505.20052v1,PI,Name_x_Inst,0.09166666666666663
text45-BIO-LONG-2507.17897v4,PI,Name_x_Inst,-0.005555555555555536
text46-BIO-LONG-2505.05863v1,PI,Name_x_Inst,-0.011111111111111136
text47-BIO-LONG-2505.21094v1,PI,Name_x_Inst,0.06111111111111107
text48-BIO-LONG-2602.16750v1,PI,Name_x_Inst,0.08333333333333341
text49-BIO-LONG-2511.10014v1,PI,Name_x_Inst,-0.06111111111111108
text50-BIO-LONG-2603.01054v1,PI,Name_x_Inst,-0.019444444444444375
text51-CS-LONG-2602.11588v1,PI,Name_x_Inst,0.22222222222222224
text52-CS-LONG-2602.15675v1,PI,Name_x_Inst,-0.05833333333333329
text53-CS-LONG-2603.02012v1,PI,Name_x_Inst,0.0861111111111111
text54-CS-LONG-2602.23006v1,PI,Name_x_Inst,0.03611111111111123
text55-CS-LONG-2602.21625v1,PI,Name_x_Inst,-0.06944444444444443
text56-CS-LONG-2602.13713v1,PI,Name_x_Inst,0.02222222222222223
text57-CS-LONG-2603.00079v1,PI,Name_x_Inst,-0.2583333333333333
text58-CS-LONG-2603.01023v1,PI,Name_x_Inst,-0.13888888888888884
text59-CS-LONG-2602.19401v1,PI,Name_x_Inst,-0.011111111111111197
text60-CS-LONG-2602.18518v1,PI,Name_x_Inst,0.05277777777777784
text61-PHY-LONG-2602.03885v1,PI,Name_x_Inst,0.005555555555555554
text62-PHY-LONG-2511.21971v1,PI,Name_x_Inst,0.0666666666666667
text63-PHY-LONG-2512.18015v1,PI,Name_x_Inst,-0.005555555555555598
text64-PHY-LONG-2602.23683v1,PI,Name_x_Inst,-0.1777777777777778
text65-PHY-LONG-2601.13267v1,PI,Name_x_Inst,-0.12222222222222223
text66-PHY-LONG-2512.24566v1,PI,Name_x_Inst,0.005555555555555545
text67-PHY-LONG-2602.07636v2,PI,Name_x_Inst,-0.06111111111111109
text68-PHY-LONG-2512.18130v1,PI,Name_x_Inst,-0.03055555555555554
text69-PHY-LONG-2602.17389v1,PI,Name_x_Inst,-1.1102230246251565e-16
text70-PHY-LONG-2602.08188v1,PI,Name_x_Inst,-0.08333333333333327
text71-MATH-LONG-2511.12781v1,PI,Name_x_Inst,-0.11944444444444442
text72-MATH-LONG-2602.06095v1,PI,Name_x_Inst,-0.2749999999999999
text73-MATH-LONG-2511.18101v1,PI,Name_x_Inst,0.030555555555555575
text74-MATH-LONG-2512.15978v1,PI,Name_x_Inst,-0.0694444444444444
text75-MATH-LONG-2511.22140v1,PI,Name_x_Inst,0.044444444444444425
text76-MATH-LONG-2602.20441v1,PI,Name_x_Inst,0.0555555555555556
text77-MATH-LONG-2601.20851v2,PI,Name_x_Inst,0.1166666666666667
text78-MATH-LONG-2512.17595v1,PI,Name_x_Inst,0.12222222222222225
text79-MATH-LONG-2512.10129v1,PI,Name_x_Inst,-0.0527777777777777
text80-MATH-LONG-2512.10507v1,PI,Name_x_Inst,0.14444444444444446
text01-BIO-SHORT-2505.02276v1,PI,Name_x_Bibliometrics,-0.02777777777777779
text02-BIO-SHORT-2507.04575v1,PI,Name_x_Bibliometrics,-0.0027777777777777506
text03-BIO-SHORT-2505.11568v3,PI,Name_x_Bibliometrics,0.005555555555555512
text04-BIO-SHORT-2507.08385v1,PI,Name_x_Bibliometrics,0.038888888888888855
text05-BIO-SHORT-2504.10973v1,PI,Name_x_Bibliometrics,0.11111111111111116
text06-BIO-SHORT-2506.14789v1,PI,Name_x_Bibliometrics,0.07777777777777782
text07-BIO-SHORT-2506.13576v3,PI,Name_x_Bibliometrics,0.03888888888888894
text08-BIO-SHORT-2503.19923v2,PI,Name_x_Bibliometrics,0.01666666666666668
text09-BIO-SHORT-2602.00019v1,PI,Name_x_Bibliometrics,0.22499999999999995
text10-BIO-SHORT-2506.13817v1,PI,Name_x_Bibliometrics,0.01388888888888896
text11-CS-SHORT-2506.09194v1,PI,Name_x_Bibliometrics,-0.019444444444444486
text12-CS-SHORT-2512.19717v1,PI,Name_x_Bibliometrics,-0.02777777777777779
text13-CS-SHORT-2510.04124v5,PI,Name_x_Bibliometrics,-0.05277777777777773
text14-CS-SHORT-2509.13349v2,PI,Name_x_Bibliometrics,0.011111111111111053
text15-CS-SHORT-2602.03870v1,PI,Name_x_Bibliometrics,-0.0638888888888889
text16-CS-SHORT-2509.06033v1,PI,Name_x_Bibliometrics,0.17222222222222217
text17-CS-SHORT-2509.16294v1,PI,Name_x_Bibliometrics,0.06388888888888888
text18-CS-SHORT-2507.09492v1,PI,Name_x_Bibliometrics,-0.1722222222222222
text19-CS-SHORT-2509.14600v1,PI,Name_x_Bibliometrics,-0.06111111111111109
text20-CS-SHORT-2503.14899v1,PI,Name_x_Bibliometrics,-0.03888888888888893
text21-PHY-SHORT-2601.23079v1,PI,Name_x_Bibliometrics,0.07500000000000001
text22-PHY-SHORT-2601.23047v1,PI,Name_x_Bibliometrics,-0.047222222222222165
text23-PHY-SHORT-2601.23057v1,PI,Name_x_Bibliometrics,0.03333333333333328
text24-PHY-SHORT-2509.16741v1,PI,Name_x_Bibliometrics,0.04722222222222224
text25-PHY-SHORT-2507.08042v1,PI,Name_x_Bibliometrics,0.24166666666666667
text26-PHY-SHORT-2512.23538v1,PI,Name_x_Bibliometrics,-0.030555555555555638
text27-PHY-SHORT-2510.18500v1,PI,Name_x_Bibliometrics,-0.12499999999999993
text28-PHY-SHORT-2508.20431v1,PI,Name_x_Bibliometrics,-0.041666666666666664
text29-PHY-SHORT-2509.06825v1,PI,Name_x_Bibliometrics,0.09166666666666666
text30-PHY-SHORT-2509.17653v2,PI,Name_x_Bibliometrics,-0.17777777777777773
text31-MATH-SHORT-2511.03536v1,PI,Name_x_Bibliometrics,0.13333333333333336
text32-MATH-SHORT-2603.02088v1,PI,Name_x_Bibliometrics,-0.01111111111111116
text33-MATH-SHORT-2512.22134v3,PI,Name_x_Bibliometrics,-0.10000000000000005
text34-MATH-SHORT-2509.00532v1,PI,Name_x_Bibliometrics,-0.07222222222222222
text35-MATH-SHORT-2512.06844v1,PI,Name_x_Bibliometrics,0.10277777777777784
text36-MATH-SHORT-2503.09380v2,PI,Name_x_Bibliometrics,-0.024999999999999994
text37-MATH-SHORT-2510.26426v1,PI,Name_x_Bibliometrics,-0.08055555555555559
text38-MATH-SHORT-2512.04101v1,PI,Name_x_Bibliometrics,0.04166666666666669
text39-MATH-SHORT-2506.11609v2,PI,Name_x_Bibliometrics,-0.10555555555555556
text40-MATH-SHORT-2507.15879v2,PI,Name_x_Bibliometrics,-0.06388888888888888
text41-BIO-LONG-2512.06709v1,PI,Name_x_Bibliometrics,0.05277777777777778
text42-BIO-LONG-2503.07104v1,PI,Name_x_Bibliometrics,0.09166666666666663
text43-BIO-LONG-2506.16577v1,PI,Name_x_Bibliometrics,-0.030555555555555457
text44-BIO-LONG-2505.20052v1,PI,Name_x_Bibliometrics,0.11388888888888891
text45-BIO-LONG-2507.17897v4,PI,Name_x_Bibliometrics,0.17222222222222217
text46-BIO-LONG-2505.05863v1,PI,Name_x_Bibliometrics,-0.15555555555555559
text47-BIO-LONG-2505.21094v1,PI,Name_x_Bibliometrics,0.17222222222222225
text48-BIO-LONG-2602.16750v1,PI,Name_x_Bibliometrics,0.005555555555555526
text49-BIO-LONG-2511.10014v1,PI,Name_x_Bibliometrics,-0.022222222222222292
text50-BIO-LONG-2603.01054v1,PI,Name_x_Bibliometrics,-0.16388888888888892
text51-CS-LONG-2602.11588v1,PI,Name_x_Bibliometrics,0.08888888888888895
text52-CS-LONG-2602.15675v1,PI,Name_x_Bibliometrics,-0.036111111111111115
text53-CS-LONG-2603.02012v1,PI,Name_x_Bibliometrics,-0.06944444444444445
text54-CS-LONG-2602.23006v1,PI,Name_x_Bibliometrics,0.18055555555555558
text55-CS-LONG-2602.21625v1,PI,Name_x_Bibliometrics,-0.0027777777777777866
text56-CS-LONG-2602.13713v1,PI,Name_x_Bibliometrics,-0.055555555555555636
text57-CS-LONG-2603.00079v1,PI,Name_x_Bibliometrics,-0.1027777777777777
text58-CS-LONG-2603.01023v1,PI,Name_x_Bibliometrics,0.06111111111111103
text59-CS-LONG-2602.19401v1,PI,Name_x_Bibliometrics,-0.049999999999999954
text60-CS-LONG-2602.18518v1,PI,Name_x_Bibliometrics,-0.06388888888888875
text61-PHY-LONG-2602.03885v1,PI,Name_x_Bibliometrics,0.03888888888888892
text62-PHY-LONG-2511.21971v1,PI,Name_x_Bibliometrics,-0.050000000000000065
text63-PHY-LONG-2512.18015v1,PI,Name_x_Bibliometrics,0.022222222222222265
text64-PHY-LONG-2602.23683v1,PI,Name_x_Bibliometrics,0.22777777777777777
text65-PHY-LONG-2601.13267v1,PI,Name_x_Bibliometrics,0.07777777777777768
text66-PHY-LONG-2512.24566v1,PI,Name_x_Bibliometrics,0.016666666666666635
text67-PHY-LONG-2602.07636v2,PI,Name_x_Bibliometrics,0.07777777777777777
text68-PHY-LONG-2512.18130v1,PI,Name_x_Bibliometrics,-0.01944444444444447
text69-PHY-LONG-2602.17389v1,PI,Name_x_Bibliometrics,3.8163916471489756e-17
text70-PHY-LONG-2602.08188v1,PI,Name_x_Bibliometrics,0.022222222222222265
text71-MATH-LONG-2511.12781v1,PI,Name_x_Bibliometrics,0.05277777777777772
text72-MATH-LONG-2602.06095v1,PI,Name_x_Bibliometrics,-0.15277777777777776
text73-MATH-LONG-2511.18101v1,PI,Name_x_Bibliometrics,0.12499999999999994
text74-MATH-LONG-2512.15978v1,PI,Name_x_Bibliometrics,-0.036111111111111115
text75-MATH-LONG-2511.22140v1,PI,Name_x_Bibliometrics,-0.04999999999999996
text76-MATH-LONG-2602.20441v1,PI,Name_x_Bibliometrics,0.03333333333333329
text77-MATH-LONG-2601.20851v2,PI,Name_x_Bibliometrics,0.10555555555555558
text78-MATH-LONG-2512.17595v1,PI,Name_x_Bibliometrics,-0.005555555555555591
text79-MATH-LONG-2512.10129v1,PI,Name_x_Bibliometrics,-0.0027777777777778048
text80-MATH-LONG-2512.10507v1,PI,Name_x_Bibliometrics,0.14999999999999997
text01-BIO-SHORT-2505.02276v1,PI,Inst_x_Bibliometrics,0.11111111111111112
text02-BIO-SHORT-2507.04575v1,PI,Inst_x_Bibliometrics,-0.002777777777777791
text03-BIO-SHORT-2505.11568v3,PI,Inst_x_Bibliometrics,-0.016666666666666653
text04-BIO-SHORT-2507.08385v1,PI,Inst_x_Bibliometrics,-0.03333333333333332
text05-BIO-SHORT-2504.10973v1,PI,Inst_x_Bibliometrics,0.10555555555555556
text06-BIO-SHORT-2506.14789v1,PI,Inst_x_Bibliometrics,0.055555555555555615
text07-BIO-SHORT-2506.13576v3,PI,Inst_x_Bibliometrics,-0.10000000000000005
text08-BIO-SHORT-2503.19923v2,PI,Inst_x_Bibliometrics,-0.01666666666666668
text09-BIO-SHORT-2602.00019v1,PI,Inst_x_Bibliometrics,0.025000000000000022
text10-BIO-SHORT-2506.13817v1,PI,Inst_x_Bibliometrics,-0.1305555555555555
text11-CS-SHORT-2506.09194v1,PI,Inst_x_Bibliometrics,-0.03055555555555554
text12-CS-SHORT-2512.19717v1,PI,Inst_x_Bibliometrics,-0.14444444444444446
text13-CS-SHORT-2510.04124v5,PI,Inst_x_Bibliometrics,-0.036111111111111115
text14-CS-SHORT-2509.13349v2,PI,Inst_x_Bibliometrics,-0.14444444444444446
text15-CS-SHORT-2602.03870v1,PI,Inst_x_Bibliometrics,-0.07499999999999996
text16-CS-SHORT-2509.06033v1,PI,Inst_x_Bibliometrics,-0.22222222222222218
text17-CS-SHORT-2509.16294v1,PI,Inst_x_Bibliometrics,-0.0472222222222222
text18-CS-SHORT-2507.09492v1,PI,Inst_x_Bibliometrics,0.08333333333333338
text19-CS-SHORT-2509.14600v1,PI,Inst_x_Bibliometrics,0.038888888888888855
text20-CS-SHORT-2503.14899v1,PI,Inst_x_Bibliometrics,0.07777777777777788
text21-PHY-SHORT-2601.23079v1,PI,Inst_x_Bibliometrics,0.05277777777777778
text22-PHY-SHORT-2601.23047v1,PI,Inst_x_Bibliometrics,0.15833333333333335
text23-PHY-SHORT-2601.23057v1,PI,Inst_x_Bibliometrics,-0.011111111111111146
text24-PHY-SHORT-2509.16741v1,PI,Inst_x_Bibliometrics,0.01944444444444446
text25-PHY-SHORT-2507.08042v1,PI,Inst_x_Bibliometrics,-0.09166666666666667
text26-PHY-SHORT-2512.23538v1,PI,Inst_x_Bibliometrics,-0.024999999999999984
text27-PHY-SHORT-2510.18500v1,PI,Inst_x_Bibliometrics,0.10277777777777769
text28-PHY-SHORT-2508.20431v1,PI,Inst_x_Bibliometrics,-0.2805555555555555
text29-PHY-SHORT-2509.06825v1,PI,Inst_x_Bibliometrics,0.11388888888888891
text30-PHY-SHORT-2509.17653v2,PI,Inst_x_Bibliometrics,0.18888888888888886
text31-MATH-SHORT-2511.03536v1,PI,Inst_x_Bibliometrics,0.08333333333333337
text32-MATH-SHORT-2603.02088v1,PI,Inst_x_Bibliometrics,0.1444444444444445
text33-MATH-SHORT-2512.22134v3,PI,Inst_x_Bibliometrics,-0.016666666666666736
text34-MATH-SHORT-2509.00532v1,PI,Inst_x_Bibliometrics,-0.10555555555555558
text35-MATH-SHORT-2512.06844v1,PI,Inst_x_Bibliometrics,-0.24166666666666672
text36-MATH-SHORT-2503.09380v2,PI,Inst_x_Bibliometrics,-0.3027777777777778
text37-MATH-SHORT-2510.26426v1,PI,Inst_x_Bibliometrics,-0.04722222222222222
text38-MATH-SHORT-2512.04101v1,PI,Inst_x_Bibliometrics,0.10277777777777779
text39-MATH-SHORT-2506.11609v2,PI,Inst_x_Bibliometrics,0.03888888888888891
text40-MATH-SHORT-2507.15879v2,PI,Inst_x_Bibliometrics,-0.12500000000000006
text41-BIO-LONG-2512.06709v1,PI,Inst_x_Bibliometrics,0.08611111111111108
text42-BIO-LONG-2503.07104v1,PI,Inst_x_Bibliometrics,0.041666666666666595
text43-BIO-LONG-2506.16577v1,PI,Inst_x_Bibliometrics,-0.02500000000000001
text44-BIO-LONG-2505.20052v1,PI,Inst_x_Bibliometrics,0.013888888888888826
text45-BIO-LONG-2507.17897v4,PI,Inst_x_Bibliometrics,-0.049999999999999954
text46-BIO-LONG-2505.05863v1,PI,Inst_x_Bibliometrics,-0.04999999999999998
text47-BIO-LONG-2505.21094v1,PI,Inst_x_Bibliometrics,0.10555555555555556
text48-BIO-LONG-2602.16750v1,PI,Inst_x_Bibliometrics,-0.09444444444444448
text49-BIO-LONG-2511.10014v1,PI,Inst_x_Bibliometrics,-0.14444444444444446
text50-BIO-LONG-2603.01054v1,PI,Inst_x_Bibliometrics,-0.013888888888888893
text51-CS-LONG-2602.11588v1,PI,Inst_x_Bibliometrics,0.038888888888888896
text52-CS-LONG-2602.15675v1,PI,Inst_x_Bibliometrics,0.05277777777777779
text53-CS-LONG-2603.02012v1,PI,Inst_x_Bibliometrics,-0.17499999999999996
text54-CS-LONG-2602.23006v1,PI,Inst_x_Bibliometrics,0.03611111111111114
text55-CS-LONG-2602.21625v1,PI,Inst_x_Bibliometrics,-0.15277777777777773
text56-CS-LONG-2602.13713v1,PI,Inst_x_Bibliometrics,0.061111111111111095
text57-CS-LONG-2603.00079v1,PI,Inst_x_Bibliometrics,0.11388888888888882
text58-CS-LONG-2603.01023v1,PI,Inst_x_Bibliometrics,-0.35555555555555546
text59-CS-LONG-2602.19401v1,PI,Inst_x_Bibliometrics,-0.12777777777777774
text60-CS-LONG-2602.18518v1,PI,Inst_x_Bibliometrics,-0.052777777777777805
text61-PHY-LONG-2602.03885v1,PI,Inst_x_Bibliometrics,0.03888888888888884
text62-PHY-LONG-2511.21971v1,PI,Inst_x_Bibliometrics,0.3
text63-PHY-LONG-2512.18015v1,PI,Inst_x_Bibliometrics,0.05000000000000005
text64-PHY-LONG-2602.23683v1,PI,Inst_x_Bibliometrics,-0.08333333333333326
text65-PHY-LONG-2601.13267v1,PI,Inst_x_Bibliometrics,0.03333333333333329
text66-PHY-LONG-2512.24566v1,PI,Inst_x_Bibliometrics,-0.0944444444444444
text67-PHY-LONG-2602.07636v2,PI,Inst_x_Bibliometrics,0.31111111111111117
text68-PHY-LONG-2512.18130v1,PI,Inst_x_Bibliometrics,0.008333333333333312
text69-PHY-LONG-2602.17389v1,PI,Inst_x_Bibliometrics,-5.551115123125783e-17
text70-PHY-LONG-2602.08188v1,PI,Inst_x_Bibliometrics,-0.1944444444444445
text71-MATH-LONG-2511.12781v1,PI,Inst_x_Bibliometrics,-0.01944444444444444
text72-MATH-LONG-2602.06095v1,PI,Inst_x_Bibliometrics,-0.34722222222222215
text73-MATH-LONG-2511.18101v1,PI,Inst_x_Bibliometrics,0.2027777777777778
text74-MATH-LONG-2512.15978v1,PI,Inst_x_Bibliometrics,0.024999999999999984
text75-MATH-LONG-2511.22140v1,PI,Inst_x_Bibliometrics,-0.10000000000000005
text76-MATH-LONG-2602.20441v1,PI,Inst_x_Bibliometrics,-0.15555555555555559
text77-MATH-LONG-2601.20851v2,PI,Inst_x_Bibliometrics,-0.09444444444444448
text78-MATH-LONG-2512.17595v1,PI,Inst_x_Bibliometrics,-0.10555555555555561
text79-MATH-LONG-2512.10129v1,PI,Inst_x_Bibliometrics,0.19722222222222227
text80-MATH-LONG-2512.10507v1,PI,Inst_x_Bibliometrics,-0.07222222222222228
text01-BIO-SHORT-2505.02276v1,AR,BF_minus_WM,0.11666666666666665
text02-BIO-SHORT-2507.04575v1,AR,BF_minus_WM,0.016666666666666666
text03-BIO-SHORT-2505.11568v3,AR,BF_minus_WM,-0.00833333333333334
text04-BIO-SHORT-2507.08385v1,AR,BF_minus_WM,-0.04999999999999998
text05-BIO-SHORT-2504.10973v1,AR,BF_minus_WM,0.016666666666666646
text06-BIO-SHORT-2506.14789v1,AR,BF_minus_WM,-0.016666666666666663
text07-BIO-SHORT-2506.13576v3,AR,BF_minus_WM,0.00833333333333334
text08-BIO-SHORT-2503.19923v2,AR,BF_minus_WM,-0.25833333333333336
text09-BIO-SHORT-2602.00019v1,AR,BF_minus_WM,-0.033333333333333326
text10-BIO-SHORT-2506.13817v1,AR,BF_minus_WM,0.025000000000000005
text11-CS-SHORT-2506.09194v1,AR,BF_minus_WM,0.024999999999999984
text12-CS-SHORT-2512.19717v1,AR,BF_minus_WM,-0.016666666666666663
text13-CS-SHORT-2510.04124v5,AR,BF_minus_WM,0.025000000000000022
text14-CS-SHORT-2509.13349v2,AR,BF_minus_WM,0.024999999999999984
text15-CS-SHORT-2602.03870v1,AR,BF_minus_WM,-0.008333333333333323
text16-CS-SHORT-2509.06033v1,AR,BF_minus_WM,0.24166666666666667
text17-CS-SHORT-2509.16294v1,AR,BF_minus_WM,-0.06666666666666665
text18-CS-SHORT-2507.09492v1,AR,BF_minus_WM,-0.06666666666666667
text19-CS-SHORT-2509.14600v1,AR,BF_minus_WM,0.008333333333333323
text20-CS-SHORT-2503.14899v1,AR,BF_minus_WM,-0.11666666666666665
text21-PHY-SHORT-2601.23079v1,AR,BF_minus_WM,-0.03333333333333335
text22-PHY-SHORT-2601.23047v1,AR,BF_minus_WM,0.03333333333333335
text23-PHY-SHORT-2601.23057v1,AR,BF_minus_WM,0.03333333333333335
text24-PHY-SHORT-2509.16741v1,AR,BF_minus_WM,-0.025000000000000005
text25-PHY-SHORT-2507.08042v1,AR,BF_minus_WM,0.25
text26-PHY-SHORT-2512.23538v1,AR,BF_minus_WM,0.0
text27-PHY-SHORT-2510.18500v1,AR,BF_minus_WM,0.16666666666666666
text28-PHY-SHORT-2508.20431v1,AR,BF_minus_WM,0.03333333333333335
text29-PHY-SHORT-2509.06825v1,AR,BF_minus_WM,0.049999999999999996
text30-PHY-SHORT-2509.17653v2,AR,BF_minus_WM,0.075
text31-MATH-SHORT-2511.03536v1,AR,BF_minus_WM,-0.041666666666666664
text32-MATH-SHORT-2603.02088v1,AR,BF_minus_WM,0.17499999999999996
text33-MATH-SHORT-2512.22134v3,AR,BF_minus_WM,0.016666666666666673
text34-MATH-SHORT-2509.00532v1,AR,BF_minus_WM,-0.35833333333333334
text35-MATH-SHORT-2512.06844v1,AR,BF_minus_WM,0.11666666666666668
text36-MATH-SHORT-2503.09380v2,AR,BF_minus_WM,-0.03333333333333332
text37-MATH-SHORT-2510.26426v1,AR,BF_minus_WM,-0.00833333333333334
text38-MATH-SHORT-2512.04101v1,AR,BF_minus_WM,-0.033333333333333326
text39-MATH-SHORT-2506.11609v2,AR,BF_minus_WM,0.024999999999999984
text40-MATH-SHORT-2507.15879v2,AR,BF_minus_WM,0.00833333333333336
text41-BIO-LONG-2512.06709v1,AR,BF_minus_WM,0.041666666666666664
text42-BIO-LONG-2503.07104v1,AR,BF_minus_WM,0.0
text43-BIO-LONG-2506.16577v1,AR,BF_minus_WM,0.06666666666666667
text44-BIO-LONG-2505.20052v1,AR,BF_minus_WM,0.10833333333333334
text45-BIO-LONG-2507.17897v4,AR,BF_minus_WM,0.041666666666666664
text46-BIO-LONG-2505.05863v1,AR,BF_minus_WM,0.024999999999999994
text47-BIO-LONG-2505.21094v1,AR,BF_minus_WM,0.18333333333333335
text48-BIO-LONG-2602.16750v1,AR,BF_minus_WM,0.08333333333333333
text49-BIO-LONG-2511.10014v1,AR,BF_minus_WM,-0.033333333333333326
text50-BIO-LONG-2603.01054v1,AR,BF_minus_WM,0.024999999999999994
text51-CS-LONG-2602.11588v1,AR,BF_minus_WM,-0.04166666666666666
text52-CS-LONG-2602.15675v1,AR,BF_minus_WM,-0.033333333333333326
text53-CS-LONG-2603.02012v1,AR,BF_minus_WM,-0.024999999999999984
text54-CS-LONG-2602.23006v1,AR,BF_minus_WM,0.016666666666666663
text55-CS-LONG-2602.21625v1,AR,BF_minus_WM,0.11666666666666665
text56-CS-LONG-2602.13713v1,AR,BF_minus_WM,0.0
text57-CS-LONG-2603.00079v1,AR,BF_minus_WM,0.07500000000000001
text58-CS-LONG-2603.01023v1,AR,BF_minus_WM,0.0
text59-CS-LONG-2602.19401v1,AR,BF_minus_WM,-0.033333333333333326
text60-CS-LONG-2602.18518v1,AR,BF_minus_WM,0.0
text61-PHY-LONG-2602.03885v1,AR,BF_minus_WM,0.0
text62-PHY-LONG-2511.21971v1,AR,BF_minus_WM,-0.033333333333333326
text63-PHY-LONG-2512.18015v1,AR,BF_minus_WM,0.09166666666666663
text64-PHY-LONG-2602.23683v1,AR,BF_minus_WM,0.0
text65-PHY-LONG-2601.13267v1,AR,BF_minus_WM,0.07500000000000001
text66-PHY-LONG-2512.24566v1,AR,BF_minus_WM,0.0
text67-PHY-LONG-2602.07636v2,AR,BF_minus_WM,0.00833333333333334
text68-PHY-LONG-2512.18130v1,AR,BF_minus_WM,-0.00833333333333334
text69-PHY-LONG-2602.17389v1,AR,BF_minus_WM,0.025000000000000005
text70-PHY-LONG-2602.08188v1,AR,BF_minus_WM,-0.15
text71-MATH-LONG-2511.12781v1,AR,BF_minus_WM,0.0
text72-MATH-LONG-2602.06095v1,AR,BF_minus_WM,0.09166666666666667
text73-MATH-LONG-2511.18101v1,AR,BF_minus_WM,-0.03333333333333335
text74-MATH-LONG-2512.15978v1,AR,BF_minus_WM,0.033333333333333326
text75-MATH-LONG-2511.22140v1,AR,BF_minus_WM,0.025000000000000005
text76-MATH-LONG-2602.20441v1,AR,BF_minus_WM,-0.00833333333333334
text77-MATH-LONG-2601.20851v2,AR,BF_minus_WM,-0.08333333333333333
text78-MATH-LONG-2512.17595v1,AR,BF_minus_WM,0.025000000000000005
text79-MATH-LONG-2512.10129v1,AR,BF_minus_WM,0.07500000000000001
text80-MATH-LONG-2512.10507v1,AR,BF_minus_WM,-0.00833333333333334
text01-BIO-SHORT-2505.02276v1,AR,HI_minus_LI,-0.03333333333333333
text02-BIO-SHORT-2507.04575v1,AR,HI_minus_LI,0.06666666666666667
text03-BIO-SHORT-2505.11568v3,AR,HI_minus_LI,0.00833333333333334
text04-BIO-SHORT-2507.08385v1,AR,HI_minus_LI,-0.06666666666666667
text05-BIO-SHORT-2504.10973v1,AR,HI_minus_LI,0.033333333333333326
text06-BIO-SHORT-2506.14789v1,AR,HI_minus_LI,-0.016666666666666663
text07-BIO-SHORT-2506.13576v3,AR,HI_minus_LI,0.05833333333333331
text08-BIO-SHORT-2503.19923v2,AR,HI_minus_LI,0.024999999999999994
text09-BIO-SHORT-2602.00019v1,AR,HI_minus_LI,-0.033333333333333326
text10-BIO-SHORT-2506.13817v1,AR,HI_minus_LI,-0.008333333333333323
text11-CS-SHORT-2506.09194v1,AR,HI_minus_LI,-0.024999999999999984
text12-CS-SHORT-2512.19717v1,AR,HI_minus_LI,0.13333333333333333
text13-CS-SHORT-2510.04124v5,AR,HI_minus_LI,-0.00833333333333334
text14-CS-SHORT-2509.13349v2,AR,HI_minus_LI,0.041666666666666664
text15-CS-SHORT-2602.03870v1,AR,HI_minus_LI,-0.04166666666666665
text16-CS-SHORT-2509.06033v1,AR,HI_minus_LI,0.17499999999999996
text17-CS-SHORT-2509.16294v1,AR,HI_minus_LI,-0.0666666666666667
text18-CS-SHORT-2507.09492v1,AR,HI_minus_LI,0.09999999999999999
text19-CS-SHORT-2509.14600v1,AR,HI_minus_LI,0.041666666666666664
text20-CS-SHORT-2503.14899v1,AR,HI_minus_LI,0.05000000000000001
text21-PHY-SHORT-2601.23079v1,AR,HI_minus_LI,0.06666666666666667
text22-PHY-SHORT-2601.23047v1,AR,HI_minus_LI,0.03333333333333335
text23-PHY-SHORT-2601.23057v1,AR,HI_minus_LI,0.03333333333333335
text24-PHY-SHORT-2509.16741v1,AR,HI_minus_LI,0.025000000000000005
text25-PHY-SHORT-2507.08042v1,AR,HI_minus_LI,-0.3333333333333333
text26-PHY-SHORT-2512.23538v1,AR,HI_minus_LI,0.0
text27-PHY-SHORT-2510.18500v1,AR,HI_minus_LI,-0.01666666666666668
text28-PHY-SHORT-2508.20431v1,AR,HI_minus_LI,0.033333333333333305
text29-PHY-SHORT-2509.06825v1,AR,HI_minus_LI,-0.016666666666666673
text30-PHY-SHORT-2509.17653v2,AR,HI_minus_LI,0.09166666666666667
text31-MATH-SHORT-2511.03536v1,AR,HI_minus_LI,0.05833333333333331
text32-MATH-SHORT-2603.02088v1,AR,HI_minus_LI,-0.041666666666666664
text33-MATH-SHORT-2512.22134v3,AR,HI_minus_LI,0.11666666666666665
text34-MATH-SHORT-2509.00532v1,AR,HI_minus_LI,0.325
text35-MATH-SHORT-2512.06844v1,AR,HI_minus_LI,0.09999999999999999
text36-MATH-SHORT-2503.09380v2,AR,HI_minus_LI,0.049999999999999996
text37-MATH-SHORT-2510.26426v1,AR,HI_minus_LI,-0.025000000000000022
text38-MATH-SHORT-2512.04101v1,AR,HI_minus_LI,-0.05000000000000001
text39-MATH-SHORT-2506.11609v2,AR,HI_minus_LI,0.041666666666666664
text40-MATH-SHORT-2507.15879v2,AR,HI_minus_LI,-0.025000000000000005
text41-BIO-LONG-2512.06709v1,AR,HI_minus_LI,0.05833333333333335
text42-BIO-LONG-2503.07104v1,AR,HI_minus_LI,0.0
text43-BIO-LONG-2506.16577v1,AR,HI_minus_LI,0.016666666666666663
text44-BIO-LONG-2505.20052v1,AR,HI_minus_LI,-0.025000000000000005
text45-BIO-LONG-2507.17897v4,AR,HI_minus_LI,0.075
text46-BIO-LONG-2505.05863v1,AR,HI_minus_LI,-0.04166666666666666
text47-BIO-LONG-2505.21094v1,AR,HI_minus_LI,0.2833333333333334
text48-BIO-LONG-2602.16750v1,AR,HI_minus_LI,-0.08333333333333333
text49-BIO-LONG-2511.10014v1,AR,HI_minus_LI,-0.04999999999999997
text50-BIO-LONG-2603.01054v1,AR,HI_minus_LI,-0.05833333333333334
text51-CS-LONG-2602.11588v1,AR,HI_minus_LI,-0.05833333333333334
text52-CS-LONG-2602.15675v1,AR,HI_minus_LI,0.13333333333333333
text53-CS-LONG-2603.02012v1,AR,HI_minus_LI,-0.041666666666666664
text54-CS-LONG-2602.23006v1,AR,HI_minus_LI,-0.016666666666666663
text55-CS-LONG-2602.21625v1,AR,HI_minus_LI,0.13333333333333333
text56-CS-LONG-2602.13713v1,AR,HI_minus_LI,0.01666666666666668
text57-CS-LONG-2603.00079v1,AR,HI_minus_LI,-0.025000000000000005
text58-CS-LONG-2603.01023v1,AR,HI_minus_LI,-0.01666666666666668
text59-CS-LONG-2602.19401v1,AR,HI_minus_LI,-0.033333333333333326
text60-CS-LONG-2602.18518v1,AR,HI_minus_LI,0.0
text61-PHY-LONG-2602.03885v1,AR,HI_minus_LI,0.0
text62-PHY-LONG-2511.21971v1,AR,HI_minus_LI,0.0
text63-PHY-LONG-2512.18015v1,AR,HI_minus_LI,0.09166666666666667
text64-PHY-LONG-2602.23683v1,AR,HI_minus_LI,0.08333333333333333
text65-PHY-LONG-2601.13267v1,AR,HI_minus_LI,0.024999999999999967
text66-PHY-LONG-2512.24566v1,AR,HI_minus_LI,0.0
text67-PHY-LONG-2602.07636v2,AR,HI_minus_LI,0.00833333333333334
text68-PHY-LONG-2512.18130v1,AR,HI_minus_LI,0.00833333333333334
text69-PHY-LONG-2602.17389v1,AR,HI_minus_LI,-0.07499999999999997
text70-PHY-LONG-2602.08188v1,AR,HI_minus_LI,0.04999999999999999
text71-MATH-LONG-2511.12781v1,AR,HI_minus_LI,-0.08333333333333333
text72-MATH-LONG-2602.06095v1,AR,HI_minus_LI,-0.04166666666666666
text73-MATH-LONG-2511.18101v1,AR,HI_minus_LI,0.016666666666666663
text74-MATH-LONG-2512.15978v1,AR,HI_minus_LI,0.033333333333333326
text75-MATH-LONG-2511.22140v1,AR,HI_minus_LI,0.09166666666666666
text76-MATH-LONG-2602.20441v1,AR,HI_minus_LI,0.00833333333333334
text77-MATH-LONG-2601.20851v2,AR,HI_minus_LI,0.033333333333333326
text78-MATH-LONG-2512.17595v1,AR,HI_minus_LI,0.04166666666666665
text79-MATH-LONG-2512.10129v1,AR,HI_minus_LI,0.10833333333333334
text80-MATH-LONG-2512.10507v1,AR,HI_minus_LI,-0.00833333333333334
text01-BIO-SHORT-2505.02276v1,AR,HP_minus_LP,0.08333333333333333
text02-BIO-SHORT-2507.04575v1,AR,HP_minus_LP,0.15
text03-BIO-SHORT-2505.11568v3,AR,HP_minus_LP,-0.00833333333333334
text04-BIO-SHORT-2507.08385v1,AR,HP_minus_LP,0.03333333333333333
text05-BIO-SHORT-2504.10973v1,AR,HP_minus_LP,0.11666666666666665
text06-BIO-SHORT-2506.14789v1,AR,HP_minus_LP,0.016666666666666663
text07-BIO-SHORT-2506.13576v3,AR,HP_minus_LP,0.10833333333333335
text08-BIO-SHORT-2503.19923v2,AR,HP_minus_LP,-0.075
text09-BIO-SHORT-2602.00019v1,AR,HP_minus_LP,-0.05000000000000001
text10-BIO-SHORT-2506.13817v1,AR,HP_minus_LP,0.024999999999999967
text11-CS-SHORT-2506.09194v1,AR,HP_minus_LP,-0.00833333333333334
text12-CS-SHORT-2512.19717v1,AR,HP_minus_LP,0.20000000000000004
text13-CS-SHORT-2510.04124v5,AR,HP_minus_LP,0.14166666666666664
text14-CS-SHORT-2509.13349v2,AR,HP_minus_LP,0.041666666666666664
text15-CS-SHORT-2602.03870v1,AR,HP_minus_LP,-0.025000000000000005
text16-CS-SHORT-2509.06033v1,AR,HP_minus_LP,0.00833333333333334
text17-CS-SHORT-2509.16294v1,AR,HP_minus_LP,-0.06666666666666667
text18-CS-SHORT-2507.09492v1,AR,HP_minus_LP,0.016666666666666663
text19-CS-SHORT-2509.14600v1,AR,HP_minus_LP,0.09166666666666667
text20-CS-SHORT-2503.14899v1,AR,HP_minus_LP,-0.21666666666666667
text21-PHY-SHORT-2601.23079v1,AR,HP_minus_LP,0.1166666666666667
text22-PHY-SHORT-2601.23047v1,AR,HP_minus_LP,-0.016666666666666663
text23-PHY-SHORT-2601.23057v1,AR,HP_minus_LP,-0.016666666666666663
text24-PHY-SHORT-2509.16741v1,AR,HP_minus_LP,0.025000000000000005
text25-PHY-SHORT-2507.08042v1,AR,HP_minus_LP,0.11666666666666668
text26-PHY-SHORT-2512.23538v1,AR,HP_minus_LP,0.0
text27-PHY-SHORT-2510.18500v1,AR,HP_minus_LP,0.15
text28-PHY-SHORT-2508.20431v1,AR,HP_minus_LP,0.11666666666666668
text29-PHY-SHORT-2509.06825v1,AR,HP_minus_LP,0.016666666666666673
text30-PHY-SHORT-2509.17653v2,AR,HP_minus_LP,0.125
text31-MATH-SHORT-2511.03536v1,AR,HP_minus_LP,0.041666666666666664
text32-MATH-SHORT-2603.02088v1,AR,HP_minus_LP,0.041666666666666664
text33-MATH-SHORT-2512.22134v3,AR,HP_minus_LP,0.21666666666666665
text34-MATH-SHORT-2509.00532v1,AR,HP_minus_LP,0.12499999999999999
text35-MATH-SHORT-2512.06844v1,AR,HP_minus_LP,1.850371707708594e-17
text36-MATH-SHORT-2503.09380v2,AR,HP_minus_LP,0.13333333333333333
text37-MATH-SHORT-2510.26426v1,AR,HP_minus_LP,-0.00833333333333334
text38-MATH-SHORT-2512.04101v1,AR,HP_minus_LP,0.19999999999999998
text39-MATH-SHORT-2506.11609v2,AR,HP_minus_LP,0.075
text40-MATH-SHORT-2507.15879v2,AR,HP_minus_LP,0.008333333333333323
text41-BIO-LONG-2512.06709v1,AR,HP_minus_LP,0.00833333333333334
text42-BIO-LONG-2503.07104v1,AR,HP_minus_LP,0.0
text43-BIO-LONG-2506.16577v1,AR,HP_minus_LP,0.15
text44-BIO-LONG-2505.20052v1,AR,HP_minus_LP,0.09166666666666666
text45-BIO-LONG-2507.17897v4,AR,HP_minus_LP,0.15833333333333333
text46-BIO-LONG-2505.05863v1,AR,HP_minus_LP,0.008333333333333368
text47-BIO-LONG-2505.21094v1,AR,HP_minus_LP,0.03333333333333335
text48-BIO-LONG-2602.16750v1,AR,HP_minus_LP,0.0
text49-BIO-LONG-2511.10014v1,AR,HP_minus_LP,0.0
text50-BIO-LONG-2603.01054v1,AR,HP_minus_LP,-0.008333333333333331
text51-CS-LONG-2602.11588v1,AR,HP_minus_LP,-0.07500000000000002
text52-CS-LONG-2602.15675v1,AR,HP_minus_LP,-0.033333333333333326
text53-CS-LONG-2603.02012v1,AR,HP_minus_LP,0.024999999999999984
text54-CS-LONG-2602.23006v1,AR,HP_minus_LP,0.016666666666666663
text55-CS-LONG-2602.21625v1,AR,HP_minus_LP,0.05000000000000001
text56-CS-LONG-2602.13713v1,AR,HP_minus_LP,0.0
text57-CS-LONG-2603.00079v1,AR,HP_minus_LP,0.09166666666666666
text58-CS-LONG-2603.01023v1,AR,HP_minus_LP,0.01666666666666668
text59-CS-LONG-2602.19401v1,AR,HP_minus_LP,0.033333333333333326
text60-CS-LONG-2602.18518v1,AR,HP_minus_LP,0.0
text61-PHY-LONG-2602.03885v1,AR,HP_minus_LP,0.0
text62-PHY-LONG-2511.21971v1,AR,HP_minus_LP,0.13333333333333333
text63-PHY-LONG-2512.18015v1,AR,HP_minus_LP,0.25833333333333336
text64-PHY-LONG-2602.23683v1,AR,HP_minus_LP,0.08333333333333333
text65-PHY-LONG-2601.13267v1,AR,HP_minus_LP,0.07500000000000001
text66-PHY-LONG-2512.24566v1,AR,HP_minus_LP,0.0
text67-PHY-LONG-2602.07636v2,AR,HP_minus_LP,-0.00833333333333334
text68-PHY-LONG-2512.18130v1,AR,HP_minus_LP,0.15833333333333333
text69-PHY-LONG-2602.17389v1,AR,HP_minus_LP,0.07500000000000001
text70-PHY-LONG-2602.08188v1,AR,HP_minus_LP,0.11666666666666665
text71-MATH-LONG-2511.12781v1,AR,HP_minus_LP,0.05000000000000001
text72-MATH-LONG-2602.06095v1,AR,HP_minus_LP,0.008333333333333331
text73-MATH-LONG-2511.18101v1,AR,HP_minus_LP,0.09999999999999999
text74-MATH-LONG-2512.15978v1,AR,HP_minus_LP,0.033333333333333326
text75-MATH-LONG-2511.22140v1,AR,HP_minus_LP,0.07499999999999997
text76-MATH-LONG-2602.20441v1,AR,HP_minus_LP,0.00833333333333334
text77-MATH-LONG-2601.20851v2,AR,HP_minus_LP,0.033333333333333326
text78-MATH-LONG-2512.17595v1,AR,HP_minus_LP,-0.008333333333333323
text79-MATH-LONG-2512.10129v1,AR,HP_minus_LP,0.10833333333333334
text80-MATH-LONG-2512.10507v1,AR,HP_minus_LP,0.00833333333333334
text01-BIO-SHORT-2505.02276v1,AR,Name_x_Inst,0.09999999999999999
text02-BIO-SHORT-2507.04575v1,AR,Name_x_Inst,-0.19999999999999998
text03-BIO-SHORT-2505.11568v3,AR,Name_x_Inst,0.01666666666666668
text04-BIO-SHORT-2507.08385v1,AR,Name_x_Inst,0.06666666666666664
text05-BIO-SHORT-2504.10973v1,AR,Name_x_Inst,-0.03333333333333329
text06-BIO-SHORT-2506.14789v1,AR,Name_x_Inst,-0.033333333333333326
text07-BIO-SHORT-2506.13576v3,AR,Name_x_Inst,0.050000000000000044
text08-BIO-SHORT-2503.19923v2,AR,Name_x_Inst,0.08333333333333331
text09-BIO-SHORT-2602.00019v1,AR,Name_x_Inst,-0.16666666666666666
text10-BIO-SHORT-2506.13817v1,AR,Name_x_Inst,0.05000000000000001
text11-CS-SHORT-2506.09194v1,AR,Name_x_Inst,-0.01666666666666668
text12-CS-SHORT-2512.19717v1,AR,Name_x_Inst,-0.033333333333333326
text13-CS-SHORT-2510.04124v5,AR,Name_x_Inst,0.01666666666666668
text14-CS-SHORT-2509.13349v2,AR,Name_x_Inst,-0.04999999999999997
text15-CS-SHORT-2602.03870v1,AR,Name_x_Inst,0.11666666666666665
text16-CS-SHORT-2509.06033v1,AR,Name_x_Inst,-0.4166666666666667
text17-CS-SHORT-2509.16294v1,AR,Name_x_Inst,0.06666666666666665
text18-CS-SHORT-2507.09492v1,AR,Name_x_Inst,-0.033333333333333326
text19-CS-SHORT-2509.14600v1,AR,Name_x_Inst,-0.08333333333333333
text20-CS-SHORT-2503.14899v1,AR,Name_x_Inst,0.2333333333333333
text21-PHY-SHORT-2601.23079v1,AR,Name_x_Inst,0.0
text22-PHY-SHORT-2601.23047v1,AR,Name_x_Inst,3.700743415417188e-17
text23-PHY-SHORT-2601.23057v1,AR,Name_x_Inst,0.19999999999999998
text24-PHY-SHORT-2509.16741v1,AR,Name_x_Inst,-0.016666666666666646
text25-PHY-SHORT-2507.08042v1,AR,Name_x_Inst,1.1333333333333333
text26-PHY-SHORT-2512.23538v1,AR,Name_x_Inst,0.0
text27-PHY-SHORT-2510.18500v1,AR,Name_x_Inst,-0.16666666666666666
text28-PHY-SHORT-2508.20431v1,AR,Name_x_Inst,-3.700743415417188e-17
text29-PHY-SHORT-2509.06825v1,AR,Name_x_Inst,-1.850371707708594e-17
text30-PHY-SHORT-2509.17653v2,AR,Name_x_Inst,-0.15
text31-MATH-SHORT-2511.03536v1,AR,Name_x_Inst,-0.04999999999999997
text32-MATH-SHORT-2603.02088v1,AR,Name_x_Inst,-0.04999999999999997
text33-MATH-SHORT-2512.22134v3,AR,Name_x_Inst,-0.10000000000000003
text34-MATH-SHORT-2509.00532v1,AR,Name_x_Inst,-0.6166666666666667
text35-MATH-SHORT-2512.06844v1,AR,Name_x_Inst,0.23333333333333336
text36-MATH-SHORT-2503.09380v2,AR,Name_x_Inst,0.16666666666666666
text37-MATH-SHORT-2510.26426v1,AR,Name_x_Inst,-0.01666666666666668
text38-MATH-SHORT-2512.04101v1,AR,Name_x_Inst,0.06666666666666665
text39-MATH-SHORT-2506.11609v2,AR,Name_x_Inst,0.08333333333333333
text40-MATH-SHORT-2507.15879v2,AR,Name_x_Inst,0.016666666666666646
text41-BIO-LONG-2512.06709v1,AR,Name_x_Inst,0.1166666666666667
text42-BIO-LONG-2503.07104v1,AR,Name_x_Inst,0.0
text43-BIO-LONG-2506.16577v1,AR,Name_x_Inst,0.0666666666666667
text44-BIO-LONG-2505.20052v1,AR,Name_x_Inst,0.05000000000000001
text45-BIO-LONG-2507.17897v4,AR,Name_x_Inst,0.11666666666666663
text46-BIO-LONG-2505.05863v1,AR,Name_x_Inst,-0.08333333333333336
text47-BIO-LONG-2505.21094v1,AR,Name_x_Inst,0.43333333333333335
text48-BIO-LONG-2602.16750v1,AR,Name_x_Inst,-0.16666666666666666
text49-BIO-LONG-2511.10014v1,AR,Name_x_Inst,0.03333333333333329
text50-BIO-LONG-2603.01054v1,AR,Name_x_Inst,0.050000000000000024
text51-CS-LONG-2602.11588v1,AR,Name_x_Inst,-0.08333333333333331
text52-CS-LONG-2602.15675v1,AR,Name_x_Inst,-0.06666666666666665
text53-CS-LONG-2603.02012v1,AR,Name_x_Inst,0.08333333333333333
text54-CS-LONG-2602.23006v1,AR,Name_x_Inst,0.033333333333333326
text55-CS-LONG-2602.21625v1,AR,Name_x_Inst,-0.06666666666666665
text56-CS-LONG-2602.13713v1,AR,Name_x_Inst,0.03333333333333336
text57-CS-LONG-2603.00079v1,AR,Name_x_Inst,-0.21666666666666667
text58-CS-LONG-2603.01023v1,AR,Name_x_Inst,-0.03333333333333336
text59-CS-LONG-2602.19401v1,AR,Name_x_Inst,0.10000000000000002
text60-CS-LONG-2602.18518v1,AR,Name_x_Inst,0.0
text61-PHY-LONG-2602.03885v1,AR,Name_x_Inst,0.0
text62-PHY-LONG-2511.21971v1,AR,Name_x_Inst,-0.03333333333333329
text63-PHY-LONG-2512.18015v1,AR,Name_x_Inst,0.01666666666666668
text64-PHY-LONG-2602.23683v1,AR,Name_x_Inst,0.0
text65-PHY-LONG-2601.13267v1,AR,Name_x_Inst,0.05000000000000001
text66-PHY-LONG-2512.24566v1,AR,Name_x_Inst,0.0
text67-PHY-LONG-2602.07636v2,AR,Name_x_Inst,-0.01666666666666668
text68-PHY-LONG-2512.18130v1,AR,Name_x_Inst,-0.01666666666666668
text69-PHY-LONG-2602.17389v1,AR,Name_x_Inst,0.08333333333333337
text70-PHY-LONG-2602.08188v1,AR,Name_x_Inst,0.0
text71-MATH-LONG-2511.12781v1,AR,Name_x_Inst,-0.06666666666666665
text72-MATH-LONG-2602.06095v1,AR,Name_x_Inst,-0.2166666666666667
text73-MATH-LONG-2511.18101v1,AR,Name_x_Inst,3.700743415417188e-17
text74-MATH-LONG-2512.15978v1,AR,Name_x_Inst,-0.06666666666666665
text75-MATH-LONG-2511.22140v1,AR,Name_x_Inst,-0.016666666666666646
text76-MATH-LONG-2602.20441v1,AR,Name_x_Inst,0.01666666666666668
text77-MATH-LONG-2601.20851v2,AR,Name_x_Inst,-0.03333333333333336
text78-MATH-LONG-2512.17595v1,AR,Name_x_Inst,0.016666666666666646
text79-MATH-LONG-2512.10129v1,AR,Name_x_Inst,-0.11666666666666665
text80-MATH-LONG-2512.10507v1,AR,Name_x_Inst,0.01666666666666668
text01-BIO-SHORT-2505.02276v1,AR,Name_x_Bibliometrics,-0.20000000000000004
text02-BIO-SHORT-2507.04575v1,AR,Name_x_Bibliometrics,-0.09999999999999998
text03-BIO-SHORT-2505.11568v3,AR,Name_x_Bibliometrics,-0.01666666666666668
text04-BIO-SHORT-2507.08385v1,AR,Name_x_Bibliometrics,1.850371707708594e-17
text05-BIO-SHORT-2504.10973v1,AR,Name_x_Bibliometrics,0.06666666666666665
text06-BIO-SHORT-2506.14789v1,AR,Name_x_Bibliometrics,0.033333333333333326
text07-BIO-SHORT-2506.13576v3,AR,Name_x_Bibliometrics,0.01666666666666668
text08-BIO-SHORT-2503.19923v2,AR,Name_x_Bibliometrics,-0.11666666666666668
text09-BIO-SHORT-2602.00019v1,AR,Name_x_Bibliometrics,0.0
text10-BIO-SHORT-2506.13817v1,AR,Name_x_Bibliometrics,0.05000000000000001
text11-CS-SHORT-2506.09194v1,AR,Name_x_Bibliometrics,0.016666666666666607
text12-CS-SHORT-2512.19717v1,AR,Name_x_Bibliometrics,-0.3
text13-CS-SHORT-2510.04124v5,AR,Name_x_Bibliometrics,-0.01666666666666668
text14-CS-SHORT-2509.13349v2,AR,Name_x_Bibliometrics,-0.04999999999999997
text15-CS-SHORT-2602.03870v1,AR,Name_x_Bibliometrics,0.016666666666666646
text16-CS-SHORT-2509.06033v1,AR,Name_x_Bibliometrics,-0.01666666666666668
text17-CS-SHORT-2509.16294v1,AR,Name_x_Bibliometrics,-0.06666666666666661
text18-CS-SHORT-2507.09492v1,AR,Name_x_Bibliometrics,0.13333333333333333
text19-CS-SHORT-2509.14600v1,AR,Name_x_Bibliometrics,-0.050000000000000044
text20-CS-SHORT-2503.14899v1,AR,Name_x_Bibliometrics,0.10000000000000002
text21-PHY-SHORT-2601.23079v1,AR,Name_x_Bibliometrics,-0.033333333333333326
text22-PHY-SHORT-2601.23047v1,AR,Name_x_Bibliometrics,0.29999999999999993
text23-PHY-SHORT-2601.23057v1,AR,Name_x_Bibliometrics,0.09999999999999998
text24-PHY-SHORT-2509.16741v1,AR,Name_x_Bibliometrics,-0.016666666666666646
text25-PHY-SHORT-2507.08042v1,AR,Name_x_Bibliometrics,0.033333333333333326
text26-PHY-SHORT-2512.23538v1,AR,Name_x_Bibliometrics,0.0
text27-PHY-SHORT-2510.18500v1,AR,Name_x_Bibliometrics,-0.09999999999999994
text28-PHY-SHORT-2508.20431v1,AR,Name_x_Bibliometrics,-0.033333333333333326
text29-PHY-SHORT-2509.06825v1,AR,Name_x_Bibliometrics,1.850371707708594e-17
text30-PHY-SHORT-2509.17653v2,AR,Name_x_Bibliometrics,0.04999999999999997
text31-MATH-SHORT-2511.03536v1,AR,Name_x_Bibliometrics,0.050000000000000044
text32-MATH-SHORT-2603.02088v1,AR,Name_x_Bibliometrics,0.04999999999999997
text33-MATH-SHORT-2512.22134v3,AR,Name_x_Bibliometrics,-0.16666666666666666
text34-MATH-SHORT-2509.00532v1,AR,Name_x_Bibliometrics,-0.08333333333333333
text35-MATH-SHORT-2512.06844v1,AR,Name_x_Bibliometrics,-0.033333333333333326
text36-MATH-SHORT-2503.09380v2,AR,Name_x_Bibliometrics,0.06666666666666671
text37-MATH-SHORT-2510.26426v1,AR,Name_x_Bibliometrics,0.01666666666666668
text38-MATH-SHORT-2512.04101v1,AR,Name_x_Bibliometrics,-0.10000000000000002
text39-MATH-SHORT-2506.11609v2,AR,Name_x_Bibliometrics,-0.11666666666666663
text40-MATH-SHORT-2507.15879v2,AR,Name_x_Bibliometrics,-0.05000000000000001
text41-BIO-LONG-2512.06709v1,AR,Name_x_Bibliometrics,0.01666666666666668
text42-BIO-LONG-2503.07104v1,AR,Name_x_Bibliometrics,0.0
text43-BIO-LONG-2506.16577v1,AR,Name_x_Bibliometrics,0.06666666666666676
text44-BIO-LONG-2505.20052v1,AR,Name_x_Bibliometrics,0.15000000000000002
text45-BIO-LONG-2507.17897v4,AR,Name_x_Bibliometrics,0.01666666666666668
text46-BIO-LONG-2505.05863v1,AR,Name_x_Bibliometrics,-0.11666666666666668
text47-BIO-LONG-2505.21094v1,AR,Name_x_Bibliometrics,-0.06666666666666665
text48-BIO-LONG-2602.16750v1,AR,Name_x_Bibliometrics,0.0
text49-BIO-LONG-2511.10014v1,AR,Name_x_Bibliometrics,-0.1333333333333334
text50-BIO-LONG-2603.01054v1,AR,Name_x_Bibliometrics,-0.18333333333333335
text51-CS-LONG-2602.11588v1,AR,Name_x_Bibliometrics,0.21666666666666665
text52-CS-LONG-2602.15675v1,AR,Name_x_Bibliometrics,-0.06666666666666665
text53-CS-LONG-2603.02012v1,AR,Name_x_Bibliometrics,-0.04999999999999997
text54-CS-LONG-2602.23006v1,AR,Name_x_Bibliometrics,-0.033333333333333326
text55-CS-LONG-2602.21625v1,AR,Name_x_Bibliometrics,0.10000000000000002
text56-CS-LONG-2602.13713v1,AR,Name_x_Bibliometrics,0.0
text57-CS-LONG-2603.00079v1,AR,Name_x_Bibliometrics,-0.11666666666666665
text58-CS-LONG-2603.01023v1,AR,Name_x_Bibliometrics,-0.03333333333333336
text59-CS-LONG-2602.19401v1,AR,Name_x_Bibliometrics,-0.10000000000000002
text60-CS-LONG-2602.18518v1,AR,Name_x_Bibliometrics,0.0
text61-PHY-LONG-2602.03885v1,AR,Name_x_Bibliometrics,0.0
text62-PHY-LONG-2511.21971v1,AR,Name_x_Bibliometrics,-0.03333333333333336
text63-PHY-LONG-2512.18015v1,AR,Name_x_Bibliometrics,0.01666666666666668
text64-PHY-LONG-2602.23683v1,AR,Name_x_Bibliometrics,0.0
text65-PHY-LONG-2601.13267v1,AR,Name_x_Bibliometrics,0.016666666666666646
text66-PHY-LONG-2512.24566v1,AR,Name_x_Bibliometrics,0.0
text67-PHY-LONG-2602.07636v2,AR,Name_x_Bibliometrics,0.01666666666666668
text68-PHY-LONG-2512.18130v1,AR,Name_x_Bibliometrics,0.01666666666666668
text69-PHY-LONG-2602.17389v1,AR,Name_x_Bibliometrics,-0.0833333333333333
text70-PHY-LONG-2602.08188v1,AR,Name_x_Bibliometrics,-0.13333333333333333
text71-MATH-LONG-2511.12781v1,AR,Name_x_Bibliometrics,0.0
text72-MATH-LONG-2602.06095v1,AR,Name_x_Bibliometrics,-0.04999999999999999
text73-MATH-LONG-2511.18101v1,AR,Name_x_Bibliometrics,-0.16666666666666663
text74-MATH-LONG-2512.15978v1,AR,Name_x_Bibliometrics,-0.06666666666666665
text75-MATH-LONG-2511.22140v1,AR,Name_x_Bibliometrics,-0.05000000000000001
text76-MATH-LONG-2602.20441v1,AR,Name_x_Bibliometrics,0.01666666666666668
text77-MATH-LONG-2601.20851v2,AR,Name_x_Bibliometrics,-0.03333333333333336
text78-MATH-LONG-2512.17595v1,AR,Name_x_Bibliometrics,-0.0833333333333333
text79-MATH-LONG-2512.10129v1,AR,Name_x_Bibliometrics,-0.11666666666666665
text80-MATH-LONG-2512.10507v1,AR,Name_x_Bibliometrics,-0.01666666666666668
text01-BIO-SHORT-2505.02276v1,AR,Inst_x_Bibliometrics,0.09999999999999999
text02-BIO-SHORT-2507.04575v1,AR,Inst_x_Bibliometrics,-3.700743415417188e-17
text03-BIO-SHORT-2505.11568v3,AR,Inst_x_Bibliometrics,0.01666666666666668
text04-BIO-SHORT-2507.08385v1,AR,Inst_x_Bibliometrics,-0.03333333333333335
text05-BIO-SHORT-2504.10973v1,AR,Inst_x_Bibliometrics,0.10000000000000002
text06-BIO-SHORT-2506.14789v1,AR,Inst_x_Bibliometrics,0.033333333333333326
text07-BIO-SHORT-2506.13576v3,AR,Inst_x_Bibliometrics,-0.15
text08-BIO-SHORT-2503.19923v2,AR,Inst_x_Bibliometrics,-0.2833333333333334
text09-BIO-SHORT-2602.00019v1,AR,Inst_x_Bibliometrics,0.0
text10-BIO-SHORT-2506.13817v1,AR,Inst_x_Bibliometrics,0.11666666666666665
text11-CS-SHORT-2506.09194v1,AR,Inst_x_Bibliometrics,0.18333333333333326
text12-CS-SHORT-2512.19717v1,AR,Inst_x_Bibliometrics,-0.26666666666666666
text13-CS-SHORT-2510.04124v5,AR,Inst_x_Bibliometrics,-0.01666666666666668
text14-CS-SHORT-2509.13349v2,AR,Inst_x_Bibliometrics,-0.08333333333333333
text15-CS-SHORT-2602.03870v1,AR,Inst_x_Bibliometrics,-0.05000000000000001
text16-CS-SHORT-2509.06033v1,AR,Inst_x_Bibliometrics,-0.08333333333333333
text17-CS-SHORT-2509.16294v1,AR,Inst_x_Bibliometrics,-0.19999999999999998
text18-CS-SHORT-2507.09492v1,AR,Inst_x_Bibliometrics,0.13333333333333333
text19-CS-SHORT-2509.14600v1,AR,Inst_x_Bibliometrics,0.016666666666666646
text20-CS-SHORT-2503.14899v1,AR,Inst_x_Bibliometrics,-0.2333333333333333
text21-PHY-SHORT-2601.23079v1,AR,Inst_x_Bibliometrics,0.09999999999999998
text22-PHY-SHORT-2601.23047v1,AR,Inst_x_Bibliometrics,0.033333333333333326
text23-PHY-SHORT-2601.23057v1,AR,Inst_x_Bibliometrics,0.09999999999999998
text24-PHY-SHORT-2509.16741v1,AR,Inst_x_Bibliometrics,0.016666666666666646
text25-PHY-SHORT-2507.08042v1,AR,Inst_x_Bibliometrics,0.06666666666666664
text26-PHY-SHORT-2512.23538v1,AR,Inst_x_Bibliometrics,0.0
text27-PHY-SHORT-2510.18500v1,AR,Inst_x_Bibliometrics,0.1333333333333333
text28-PHY-SHORT-2508.20431v1,AR,Inst_x_Bibliometrics,-0.09999999999999998
text29-PHY-SHORT-2509.06825v1,AR,Inst_x_Bibliometrics,-0.06666666666666667
text30-PHY-SHORT-2509.17653v2,AR,Inst_x_Bibliometrics,0.21666666666666665
text31-MATH-SHORT-2511.03536v1,AR,Inst_x_Bibliometrics,0.04999999999999997
text32-MATH-SHORT-2603.02088v1,AR,Inst_x_Bibliometrics,-0.04999999999999997
text33-MATH-SHORT-2512.22134v3,AR,Inst_x_Bibliometrics,0.09999999999999999
text34-MATH-SHORT-2509.00532v1,AR,Inst_x_Bibliometrics,-0.18333333333333335
text35-MATH-SHORT-2512.06844v1,AR,Inst_x_Bibliometrics,-0.0666666666666667
text36-MATH-SHORT-2503.09380v2,AR,Inst_x_Bibliometrics,-0.03333333333333335
text37-MATH-SHORT-2510.26426v1,AR,Inst_x_Bibliometrics,-0.01666666666666668
text38-MATH-SHORT-2512.04101v1,AR,Inst_x_Bibliometrics,-0.06666666666666665
text39-MATH-SHORT-2506.11609v2,AR,Inst_x_Bibliometrics,-0.01666666666666668
text40-MATH-SHORT-2507.15879v2,AR,Inst_x_Bibliometrics,-0.05000000000000001
text41-BIO-LONG-2512.06709v1,AR,Inst_x_Bibliometrics,-0.01666666666666668
text42-BIO-LONG-2503.07104v1,AR,Inst_x_Bibliometrics,0.0
text43-BIO-LONG-2506.16577v1,AR,Inst_x_Bibliometrics,-0.09999999999999998
text44-BIO-LONG-2505.20052v1,AR,Inst_x_Bibliometrics,0.016666666666666646
text45-BIO-LONG-2507.17897v4,AR,Inst_x_Bibliometrics,0.21666666666666665
text46-BIO-LONG-2505.05863v1,AR,Inst_x_Bibliometrics,0.016666666666666625
text47-BIO-LONG-2505.21094v1,AR,Inst_x_Bibliometrics,0.0
text48-BIO-LONG-2602.16750v1,AR,Inst_x_Bibliometrics,0.0
text49-BIO-LONG-2511.10014v1,AR,Inst_x_Bibliometrics,-0.16666666666666666
text50-BIO-LONG-2603.01054v1,AR,Inst_x_Bibliometrics,-0.08333333333333336
text51-CS-LONG-2602.11588v1,AR,Inst_x_Bibliometrics,0.18333333333333326
text52-CS-LONG-2602.15675v1,AR,Inst_x_Bibliometrics,-0.06666666666666665
text53-CS-LONG-2603.02012v1,AR,Inst_x_Bibliometrics,-0.08333333333333333
text54-CS-LONG-2602.23006v1,AR,Inst_x_Bibliometrics,0.033333333333333326
text55-CS-LONG-2602.21625v1,AR,Inst_x_Bibliometrics,0.06666666666666665
text56-CS-LONG-2602.13713v1,AR,Inst_x_Bibliometrics,-0.03333333333333336
text57-CS-LONG-2603.00079v1,AR,Inst_x_Bibliometrics,-0.11666666666666665
text58-CS-LONG-2603.01023v1,AR,Inst_x_Bibliometrics,-0.2666666666666666
text59-CS-LONG-2602.19401v1,AR,Inst_x_Bibliometrics,-0.10000000000000002
text60-CS-LONG-2602.18518v1,AR,Inst_x_Bibliometrics,0.0
text61-PHY-LONG-2602.03885v1,AR,Inst_x_Bibliometrics,0.0
text62-PHY-LONG-2511.21971v1,AR,Inst_x_Bibliometrics,0.2333333333333333
text63-PHY-LONG-2512.18015v1,AR,Inst_x_Bibliometrics,0.08333333333333333
text64-PHY-LONG-2602.23683v1,AR,Inst_x_Bibliometrics,-0.16666666666666666
text65-PHY-LONG-2601.13267v1,AR,Inst_x_Bibliometrics,0.05000000000000001
text66-PHY-LONG-2512.24566v1,AR,Inst_x_Bibliometrics,0.0
text67-PHY-LONG-2602.07636v2,AR,Inst_x_Bibliometrics,0.01666666666666668
text68-PHY-LONG-2512.18130v1,AR,Inst_x_Bibliometrics,-0.01666666666666668
text69-PHY-LONG-2602.17389v1,AR,Inst_x_Bibliometrics,-0.016666666666666646
text70-PHY-LONG-2602.08188v1,AR,Inst_x_Bibliometrics,-0.06666666666666665
text71-MATH-LONG-2511.12781v1,AR,Inst_x_Bibliometrics,-0.03333333333333336
text72-MATH-LONG-2602.06095v1,AR,Inst_x_Bibliometrics,-0.18333333333333335
text73-MATH-LONG-2511.18101v1,AR,Inst_x_Bibliometrics,0.19999999999999998
text74-MATH-LONG-2512.15978v1,AR,Inst_x_Bibliometrics,-0.06666666666666665
text75-MATH-LONG-2511.22140v1,AR,Inst_x_Bibliometrics,0.0833333333333333
text76-MATH-LONG-2602.20441v1,AR,Inst_x_Bibliometrics,-0.01666666666666668
text77-MATH-LONG-2601.20851v2,AR,Inst_x_Bibliometrics,-0.06666666666666665
text78-MATH-LONG-2512.17595v1,AR,Inst_x_Bibliometrics,-0.05000000000000001
text79-MATH-LONG-2512.10129v1,AR,Inst_x_Bibliometrics,0.15000000000000002
text80-MATH-LONG-2512.10507v1,AR,Inst_x_Bibliometrics,-0.01666666666666668
text01-BIO-SHORT-2505.02276v1,q01,BF_minus_WM,0.0
text02-BIO-SHORT-2507.04575v1,q01,BF_minus_WM,0.0
text03-BIO-SHORT-2505.11568v3,q01,BF_minus_WM,0.00833333333333334
text04-BIO-SHORT-2507.08385v1,q01,BF_minus_WM,-0.008333333333333323
text05-BIO-SHORT-2504.10973v1,q01,BF_minus_WM,0.04999999999999997
text06-BIO-SHORT-2506.14789v1,q01,BF_minus_WM,0.0
text07-BIO-SHORT-2506.13576v3,q01,BF_minus_WM,0.025000000000000005
text08-BIO-SHORT-2503.19923v2,q01,BF_minus_WM,-0.025000000000000005
text09-BIO-SHORT-2602.00019v1,q01,BF_minus_WM,-0.00833333333333334
text10-BIO-SHORT-2506.13817v1,q01,BF_minus_WM,0.025000000000000005
text11-CS-SHORT-2506.09194v1,q01,BF_minus_WM,0.033333333333333326
text12-CS-SHORT-2512.19717v1,q01,BF_minus_WM,-0.00833333333333334
text13-CS-SHORT-2510.04124v5,q01,BF_minus_WM,0.0
text14-CS-SHORT-2509.13349v2,q01,BF_minus_WM,-0.016666666666666663
text15-CS-SHORT-2602.03870v1,q01,BF_minus_WM,0.00833333333333334
text16-CS-SHORT-2509.06033v1,q01,BF_minus_WM,0.041666666666666664
text17-CS-SHORT-2509.16294v1,q01,BF_minus_WM,-0.04166666666666665
text18-CS-SHORT-2507.09492v1,q01,BF_minus_WM,-0.041666666666666664
text19-CS-SHORT-2509.14600v1,q01,BF_minus_WM,0.0
text20-CS-SHORT-2503.14899v1,q01,BF_minus_WM,-0.06666666666666665
text21-PHY-SHORT-2601.23079v1,q01,BF_minus_WM,0.0
text22-PHY-SHORT-2601.23047v1,q01,BF_minus_WM,0.033333333333333326
text23-PHY-SHORT-2601.23057v1,q01,BF_minus_WM,1.850371707708594e-17
text24-PHY-SHORT-2509.16741v1,q01,BF_minus_WM,0.00833333333333334
text25-PHY-SHORT-2507.08042v1,q01,BF_minus_WM,0.19999999999999998
text26-PHY-SHORT-2512.23538v1,q01,BF_minus_WM,0.0
text27-PHY-SHORT-2510.18500v1,q01,BF_minus_WM,0.06666666666666667
text28-PHY-SHORT-2508.20431v1,q01,BF_minus_WM,0.00833333333333334
text29-PHY-SHORT-2509.06825v1,q01,BF_minus_WM,0.0
text30-PHY-SHORT-2509.17653v2,q01,BF_minus_WM,0.0
text31-MATH-SHORT-2511.03536v1,q01,BF_minus_WM,-0.025000000000000005
text32-MATH-SHORT-2603.02088v1,q01,BF_minus_WM,0.041666666666666664
text33-MATH-SHORT-2512.22134v3,q01,BF_minus_WM,-0.09999999999999999
text34-MATH-SHORT-2509.00532v1,q01,BF_minus_WM,-0.17500000000000004
text35-MATH-SHORT-2512.06844v1,q01,BF_minus_WM,0.041666666666666664
text36-MATH-SHORT-2503.09380v2,q01,BF_minus_WM,-0.10833333333333332
text37-MATH-SHORT-2510.26426v1,q01,BF_minus_WM,0.0
text38-MATH-SHORT-2512.04101v1,q01,BF_minus_WM,-0.05000000000000001
text39-MATH-SHORT-2506.11609v2,q01,BF_minus_WM,0.0833333333333333
text40-MATH-SHORT-2507.15879v2,q01,BF_minus_WM,0.0
text41-BIO-LONG-2512.06709v1,q01,BF_minus_WM,-0.025000000000000005
text42-BIO-LONG-2503.07104v1,q01,BF_minus_WM,0.016666666666666663
text43-BIO-LONG-2506.16577v1,q01,BF_minus_WM,0.0
text44-BIO-LONG-2505.20052v1,q01,BF_minus_WM,0.0
text45-BIO-LONG-2507.17897v4,q01,BF_minus_WM,-0.00833333333333334
text46-BIO-LONG-2505.05863v1,q01,BF_minus_WM,-0.008333333333333323
text47-BIO-LONG-2505.21094v1,q01,BF_minus_WM,0.16666666666666666
text48-BIO-LONG-2602.16750v1,q01,BF_minus_WM,0.0
text49-BIO-LONG-2511.10014v1,q01,BF_minus_WM,0.016666666666666663
text50-BIO-LONG-2603.01054v1,q01,BF_minus_WM,-0.00833333333333334
text51-CS-LONG-2602.11588v1,q01,BF_minus_WM,0.0
text52-CS-LONG-2602.15675v1,q01,BF_minus_WM,0.0
text53-CS-LONG-2603.02012v1,q01,BF_minus_WM,0.0
text54-CS-LONG-2602.23006v1,q01,BF_minus_WM,-0.11666666666666665
text55-CS-LONG-2602.21625v1,q01,BF_minus_WM,-0.05833333333333331
text56-CS-LONG-2602.13713v1,q01,BF_minus_WM,0.0
text57-CS-LONG-2603.00079v1,q01,BF_minus_WM,-0.00833333333333334
text58-CS-LONG-2603.01023v1,q01,BF_minus_WM,0.0
text59-CS-LONG-2602.19401v1,q01,BF_minus_WM,-0.033333333333333326
text60-CS-LONG-2602.18518v1,q01,BF_minus_WM,0.08333333333333333
text61-PHY-LONG-2602.03885v1,q01,BF_minus_WM,0.0
text62-PHY-LONG-2511.21971v1,q01,BF_minus_WM,-0.04999999999999999
text63-PHY-LONG-2512.18015v1,q01,BF_minus_WM,0.0
text64-PHY-LONG-2602.23683v1,q01,BF_minus_WM,0.0
text65-PHY-LONG-2601.13267v1,q01,BF_minus_WM,0.041666666666666664
text66-PHY-LONG-2512.24566v1,q01,BF_minus_WM,-0.016666666666666663
text67-PHY-LONG-2602.07636v2,q01,BF_minus_WM,-0.008333333333333323
text68-PHY-LONG-2512.18130v1,q01,BF_minus_WM,0.0
text69-PHY-LONG-2602.17389v1,q01,BF_minus_WM,0.06666666666666665
text70-PHY-LONG-2602.08188v1,q01,BF_minus_WM,-0.03333333333333335
text71-MATH-LONG-2511.12781v1,q01,BF_minus_WM,-0.033333333333333326
text72-MATH-LONG-2602.06095v1,q01,BF_minus_WM,0.008333333333333331
text73-MATH-LONG-2511.18101v1,q01,BF_minus_WM,-0.01666666666666668
text74-MATH-LONG-2512.15978v1,q01,BF_minus_WM,0.033333333333333326
text75-MATH-LONG-2511.22140v1,q01,BF_minus_WM,0.0
text76-MATH-LONG-2602.20441v1,q01,BF_minus_WM,0.0
text77-MATH-LONG-2601.20851v2,q01,BF_minus_WM,-0.033333333333333326
text78-MATH-LONG-2512.17595v1,q01,BF_minus_WM,0.00833333333333334
text79-MATH-LONG-2512.10129v1,q01,BF_minus_WM,-0.008333333333333323
text80-MATH-LONG-2512.10507v1,q01,BF_minus_WM,0.0
text01-BIO-SHORT-2505.02276v1,q01,HI_minus_LI,0.0
text02-BIO-SHORT-2507.04575v1,q01,HI_minus_LI,0.0
text03-BIO-SHORT-2505.11568v3,q01,HI_minus_LI,-0.00833333333333334
text04-BIO-SHORT-2507.08385v1,q01,HI_minus_LI,-0.05833333333333333
text05-BIO-SHORT-2504.10973v1,q01,HI_minus_LI,0.0
text06-BIO-SHORT-2506.14789v1,q01,HI_minus_LI,0.0
text07-BIO-SHORT-2506.13576v3,q01,HI_minus_LI,0.12499999999999999
text08-BIO-SHORT-2503.19923v2,q01,HI_minus_LI,0.05833333333333333
text09-BIO-SHORT-2602.00019v1,q01,HI_minus_LI,0.00833333333333334
text10-BIO-SHORT-2506.13817v1,q01,HI_minus_LI,0.025000000000000005
text11-CS-SHORT-2506.09194v1,q01,HI_minus_LI,-0.0666666666666667
text12-CS-SHORT-2512.19717v1,q01,HI_minus_LI,0.075
text13-CS-SHORT-2510.04124v5,q01,HI_minus_LI,0.0
text14-CS-SHORT-2509.13349v2,q01,HI_minus_LI,1.850371707708594e-17
text15-CS-SHORT-2602.03870v1,q01,HI_minus_LI,0.00833333333333334
text16-CS-SHORT-2509.06033v1,q01,HI_minus_LI,0.024999999999999984
text17-CS-SHORT-2509.16294v1,q01,HI_minus_LI,0.008333333333333323
text18-CS-SHORT-2507.09492v1,q01,HI_minus_LI,-0.041666666666666664
text19-CS-SHORT-2509.14600v1,q01,HI_minus_LI,-0.16666666666666666
text20-CS-SHORT-2503.14899v1,q01,HI_minus_LI,0.09999999999999998
text21-PHY-SHORT-2601.23079v1,q01,HI_minus_LI,0.0
text22-PHY-SHORT-2601.23047v1,q01,HI_minus_LI,-0.033333333333333326
text23-PHY-SHORT-2601.23057v1,q01,HI_minus_LI,-0.016666666666666663
text24-PHY-SHORT-2509.16741v1,q01,HI_minus_LI,0.00833333333333334
text25-PHY-SHORT-2507.08042v1,q01,HI_minus_LI,-0.2333333333333333
text26-PHY-SHORT-2512.23538v1,q01,HI_minus_LI,0.0
text27-PHY-SHORT-2510.18500v1,q01,HI_minus_LI,0.09999999999999999
text28-PHY-SHORT-2508.20431v1,q01,HI_minus_LI,0.00833333333333334
text29-PHY-SHORT-2509.06825v1,q01,HI_minus_LI,0.0
text30-PHY-SHORT-2509.17653v2,q01,HI_minus_LI,0.16666666666666666
text31-MATH-SHORT-2511.03536v1,q01,HI_minus_LI,-0.025000000000000005
text32-MATH-SHORT-2603.02088v1,q01,HI_minus_LI,-0.041666666666666664
text33-MATH-SHORT-2512.22134v3,q01,HI_minus_LI,0.13333333333333333
text34-MATH-SHORT-2509.00532v1,q01,HI_minus_LI,0.04166666666666665
text35-MATH-SHORT-2512.06844v1,q01,HI_minus_LI,0.041666666666666664
text36-MATH-SHORT-2503.09380v2,q01,HI_minus_LI,-0.041666666666666664
text37-MATH-SHORT-2510.26426v1,q01,HI_minus_LI,-0.06666666666666665
text38-MATH-SHORT-2512.04101v1,q01,HI_minus_LI,0.05000000000000001
text39-MATH-SHORT-2506.11609v2,q01,HI_minus_LI,0.033333333333333326
text40-MATH-SHORT-2507.15879v2,q01,HI_minus_LI,0.0
text41-BIO-LONG-2512.06709v1,q01,HI_minus_LI,0.025000000000000005
text42-BIO-LONG-2503.07104v1,q01,HI_minus_LI,-0.06666666666666667
text43-BIO-LONG-2506.16577v1,q01,HI_minus_LI,0.0
text44-BIO-LONG-2505.20052v1,q01,HI_minus_LI,0.0
text45-BIO-LONG-2507.17897v4,q01,HI_minus_LI,0.00833333333333334
text46-BIO-LONG-2505.05863v1,q01,HI_minus_LI,-0.041666666666666685
text47-BIO-LONG-2505.21094v1,q01,HI_minus_LI,0.16666666666666666
text48-BIO-LONG-2602.16750v1,q01,HI_minus_LI,0.0
text49-BIO-LONG-2511.10014v1,q01,HI_minus_LI,-0.016666666666666663
text50-BIO-LONG-2603.01054v1,q01,HI_minus_LI,-0.00833333333333334
text51-CS-LONG-2602.11588v1,q01,HI_minus_LI,0.0
text52-CS-LONG-2602.15675v1,q01,HI_minus_LI,0.0
text53-CS-LONG-2603.02012v1,q01,HI_minus_LI,0.0
text54-CS-LONG-2602.23006v1,q01,HI_minus_LI,-0.033333333333333326
text55-CS-LONG-2602.21625v1,q01,HI_minus_LI,0.00833333333333334
text56-CS-LONG-2602.13713v1,q01,HI_minus_LI,0.0
text57-CS-LONG-2603.00079v1,q01,HI_minus_LI,-0.00833333333333334
text58-CS-LONG-2603.01023v1,q01,HI_minus_LI,0.0
text59-CS-LONG-2602.19401v1,q01,HI_minus_LI,-0.033333333333333326
text60-CS-LONG-2602.18518v1,q01,HI_minus_LI,0.01666666666666668
text61-PHY-LONG-2602.03885v1,q01,HI_minus_LI,0.0
text62-PHY-LONG-2511.21971v1,q01,HI_minus_LI,0.09999999999999999
text63-PHY-LONG-2512.18015v1,q01,HI_minus_LI,0.0
text64-PHY-LONG-2602.23683v1,q01,HI_minus_LI,0.0
text65-PHY-LONG-2601.13267v1,q01,HI_minus_LI,0.05833333333333335
text66-PHY-LONG-2512.24566v1,q01,HI_minus_LI,0.04999999999999999
text67-PHY-LONG-2602.07636v2,q01,HI_minus_LI,-0.07499999999999997
text68-PHY-LONG-2512.18130v1,q01,HI_minus_LI,0.0
text69-PHY-LONG-2602.17389v1,q01,HI_minus_LI,-0.01666666666666668
text70-PHY-LONG-2602.08188v1,q01,HI_minus_LI,0.016666666666666663
text71-MATH-LONG-2511.12781v1,q01,HI_minus_LI,-0.06666666666666665
text72-MATH-LONG-2602.06095v1,q01,HI_minus_LI,-0.008333333333333331
text73-MATH-LONG-2511.18101v1,q01,HI_minus_LI,-0.01666666666666668
text74-MATH-LONG-2512.15978v1,q01,HI_minus_LI,0.033333333333333326
text75-MATH-LONG-2511.22140v1,q01,HI_minus_LI,0.0
text76-MATH-LONG-2602.20441v1,q01,HI_minus_LI,0.0
text77-MATH-LONG-2601.20851v2,q01,HI_minus_LI,0.033333333333333326
text78-MATH-LONG-2512.17595v1,q01,HI_minus_LI,0.00833333333333334
text79-MATH-LONG-2512.10129v1,q01,HI_minus_LI,0.09166666666666666
text80-MATH-LONG-2512.10507v1,q01,HI_minus_LI,0.0
text01-BIO-SHORT-2505.02276v1,q01,HP_minus_LP,0.0
text02-BIO-SHORT-2507.04575v1,q01,HP_minus_LP,0.0
text03-BIO-SHORT-2505.11568v3,q01,HP_minus_LP,0.00833333333333334
text04-BIO-SHORT-2507.08385v1,q01,HP_minus_LP,0.14166666666666666
text05-BIO-SHORT-2504.10973v1,q01,HP_minus_LP,0.06666666666666665
text06-BIO-SHORT-2506.14789v1,q01,HP_minus_LP,0.0
text07-BIO-SHORT-2506.13576v3,q01,HP_minus_LP,0.02500000000000004
text08-BIO-SHORT-2503.19923v2,q01,HP_minus_LP,0.05833333333333333
text09-BIO-SHORT-2602.00019v1,q01,HP_minus_LP,-0.00833333333333334
text10-BIO-SHORT-2506.13817v1,q01,HP_minus_LP,0.14166666666666666
text11-CS-SHORT-2506.09194v1,q01,HP_minus_LP,-0.03333333333333336
text12-CS-SHORT-2512.19717v1,q01,HP_minus_LP,-0.075
text13-CS-SHORT-2510.04124v5,q01,HP_minus_LP,0.0
text14-CS-SHORT-2509.13349v2,q01,HP_minus_LP,1.850371707708594e-17
text15-CS-SHORT-2602.03870v1,q01,HP_minus_LP,0.00833333333333334
text16-CS-SHORT-2509.06033v1,q01,HP_minus_LP,0.05833333333333335
text17-CS-SHORT-2509.16294v1,q01,HP_minus_LP,-0.04166666666666665
text18-CS-SHORT-2507.09492v1,q01,HP_minus_LP,0.041666666666666664
text19-CS-SHORT-2509.14600v1,q01,HP_minus_LP,0.06666666666666665
text20-CS-SHORT-2503.14899v1,q01,HP_minus_LP,-0.05000000000000001
text21-PHY-SHORT-2601.23079v1,q01,HP_minus_LP,0.0
text22-PHY-SHORT-2601.23047v1,q01,HP_minus_LP,-0.033333333333333326
text23-PHY-SHORT-2601.23057v1,q01,HP_minus_LP,-0.06666666666666664
text24-PHY-SHORT-2509.16741v1,q01,HP_minus_LP,0.00833333333333334
text25-PHY-SHORT-2507.08042v1,q01,HP_minus_LP,0.19999999999999998
text26-PHY-SHORT-2512.23538v1,q01,HP_minus_LP,0.0
text27-PHY-SHORT-2510.18500v1,q01,HP_minus_LP,0.13333333333333333
text28-PHY-SHORT-2508.20431v1,q01,HP_minus_LP,0.15833333333333333
text29-PHY-SHORT-2509.06825v1,q01,HP_minus_LP,0.0
text30-PHY-SHORT-2509.17653v2,q01,HP_minus_LP,0.0
text31-MATH-SHORT-2511.03536v1,q01,HP_minus_LP,0.025000000000000005
text32-MATH-SHORT-2603.02088v1,q01,HP_minus_LP,0.1416666666666667
text33-MATH-SHORT-2512.22134v3,q01,HP_minus_LP,0.11666666666666664
text34-MATH-SHORT-2509.00532v1,q01,HP_minus_LP,0.09166666666666666
text35-MATH-SHORT-2512.06844v1,q01,HP_minus_LP,-0.041666666666666664
text36-MATH-SHORT-2503.09380v2,q01,HP_minus_LP,0.024999999999999984
text37-MATH-SHORT-2510.26426v1,q01,HP_minus_LP,0.0
text38-MATH-SHORT-2512.04101v1,q01,HP_minus_LP,0.033333333333333326
text39-MATH-SHORT-2506.11609v2,q01,HP_minus_LP,0.05000000000000001
text40-MATH-SHORT-2507.15879v2,q01,HP_minus_LP,0.0
text41-BIO-LONG-2512.06709v1,q01,HP_minus_LP,0.025000000000000005
text42-BIO-LONG-2503.07104v1,q01,HP_minus_LP,0.016666666666666663
text43-BIO-LONG-2506.16577v1,q01,HP_minus_LP,0.0
text44-BIO-LONG-2505.20052v1,q01,HP_minus_LP,0.0
text45-BIO-LONG-2507.17897v4,q01,HP_minus_LP,0.00833333333333334
text46-BIO-LONG-2505.05863v1,q01,HP_minus_LP,0.025000000000000005
text47-BIO-LONG-2505.21094v1,q01,HP_minus_LP,0.0
text48-BIO-LONG-2602.16750v1,q01,HP_minus_LP,0.0
text49-BIO-LONG-2511.10014v1,q01,HP_minus_LP,0.016666666666666663
text50-BIO-LONG-2603.01054v1,q01,HP_minus_LP,-0.00833333333333334
text51-CS-LONG-2602.11588v1,q01,HP_minus_LP,0.0
text52-CS-LONG-2602.15675v1,q01,HP_minus_LP,0.0
text53-CS-LONG-2603.02012v1,q01,HP_minus_LP,0.0
text54-CS-LONG-2602.23006v1,q01,HP_minus_LP,0.033333333333333326
text55-CS-LONG-2602.21625v1,q01,HP_minus_LP,0.075
text56-CS-LONG-2602.13713v1,q01,HP_minus_LP,0.0
text57-CS-LONG-2603.00079v1,q01,HP_minus_LP,-0.00833333333333334
text58-CS-LONG-2603.01023v1,q01,HP_minus_LP,0.0
text59-CS-LONG-2602.19401v1,q01,HP_minus_LP,-0.033333333333333326
text60-CS-LONG-2602.18518v1,q01,HP_minus_LP,-0.08333333333333333
text61-PHY-LONG-2602.03885v1,q01,HP_minus_LP,0.0
text62-PHY-LONG-2511.21971v1,q01,HP_minus_LP,0.03333333333333335
text63-PHY-LONG-2512.18015v1,q01,HP_minus_LP,0.0
text64-PHY-LONG-2602.23683v1,q01,HP_minus_LP,0.0
text65-PHY-LONG-2601.13267v1,q01,HP_minus_LP,0.041666666666666664
text66-PHY-LONG-2512.24566v1,q01,HP_minus_LP,0.11666666666666668
text67-PHY-LONG-2602.07636v2,q01,HP_minus_LP,0.04166666666666665
text68-PHY-LONG-2512.18130v1,q01,HP_minus_LP,0.0
text69-PHY-LONG-2602.17389v1,q01,HP_minus_LP,-0.04999999999999997
text70-PHY-LONG-2602.08188v1,q01,HP_minus_LP,0.18333333333333335
text71-MATH-LONG-2511.12781v1,q01,HP_minus_LP,0.05000000000000001
text72-MATH-LONG-2602.06095v1,q01,HP_minus_LP,-0.008333333333333331
text73-MATH-LONG-2511.18101v1,q01,HP_minus_LP,-0.06666666666666665
text74-MATH-LONG-2512.15978v1,q01,HP_minus_LP,0.033333333333333326
text75-MATH-LONG-2511.22140v1,q01,HP_minus_LP,0.0
text76-MATH-LONG-2602.20441v1,q01,HP_minus_LP,0.0
text77-MATH-LONG-2601.20851v2,q01,HP_minus_LP,0.033333333333333326
text78-MATH-LONG-2512.17595v1,q01,HP_minus_LP,0.00833333333333334
text79-MATH-LONG-2512.10129v1,q01,HP_minus_LP,-0.04166666666666665
text80-MATH-LONG-2512.10507v1,q01,HP_minus_LP,0.0
text01-BIO-SHORT-2505.02276v1,q01,Name_x_Inst,0.0
text02-BIO-SHORT-2507.04575v1,q01,Name_x_Inst,0.0
text03-BIO-SHORT-2505.11568v3,q01,Name_x_Inst,0.01666666666666668
text04-BIO-SHORT-2507.08385v1,q01,Name_x_Inst,-0.08333333333333337
text05-BIO-SHORT-2504.10973v1,q01,Name_x_Inst,0.0
text06-BIO-SHORT-2506.14789v1,q01,Name_x_Inst,0.0
text07-BIO-SHORT-2506.13576v3,q01,Name_x_Inst,0.05000000000000001
text08-BIO-SHORT-2503.19923v2,q01,Name_x_Inst,-0.05000000000000001
text09-BIO-SHORT-2602.00019v1,q01,Name_x_Inst,0.01666666666666668
text10-BIO-SHORT-2506.13817v1,q01,Name_x_Inst,-0.05000000000000001
text11-CS-SHORT-2506.09194v1,q01,Name_x_Inst,-0.06666666666666665
text12-CS-SHORT-2512.19717v1,q01,Name_x_Inst,-0.01666666666666668
text13-CS-SHORT-2510.04124v5,q01,Name_x_Inst,0.0
text14-CS-SHORT-2509.13349v2,q01,Name_x_Inst,-0.09999999999999998
text15-CS-SHORT-2602.03870v1,q01,Name_x_Inst,0.01666666666666668
text16-CS-SHORT-2509.06033v1,q01,Name_x_Inst,-0.08333333333333333
text17-CS-SHORT-2509.16294v1,q01,Name_x_Inst,-0.016666666666666646
text18-CS-SHORT-2507.09492v1,q01,Name_x_Inst,-0.08333333333333333
text19-CS-SHORT-2509.14600v1,q01,Name_x_Inst,0.20000000000000004
text20-CS-SHORT-2503.14899v1,q01,Name_x_Inst,0.1333333333333333
text21-PHY-SHORT-2601.23079v1,q01,Name_x_Inst,0.0
text22-PHY-SHORT-2601.23047v1,q01,Name_x_Inst,0.06666666666666665
text23-PHY-SHORT-2601.23057v1,q01,Name_x_Inst,-0.09999999999999998
text24-PHY-SHORT-2509.16741v1,q01,Name_x_Inst,0.01666666666666668
text25-PHY-SHORT-2507.08042v1,q01,Name_x_Inst,0.30000000000000004
text26-PHY-SHORT-2512.23538v1,q01,Name_x_Inst,0.0
text27-PHY-SHORT-2510.18500v1,q01,Name_x_Inst,-3.700743415417188e-17
text28-PHY-SHORT-2508.20431v1,q01,Name_x_Inst,0.01666666666666668
text29-PHY-SHORT-2509.06825v1,q01,Name_x_Inst,0.0
text30-PHY-SHORT-2509.17653v2,q01,Name_x_Inst,0.0
text31-MATH-SHORT-2511.03536v1,q01,Name_x_Inst,0.05000000000000001
text32-MATH-SHORT-2603.02088v1,q01,Name_x_Inst,-0.04999999999999997
text33-MATH-SHORT-2512.22134v3,q01,Name_x_Inst,3.700743415417188e-17
text34-MATH-SHORT-2509.00532v1,q01,Name_x_Inst,-0.21666666666666667
text35-MATH-SHORT-2512.06844v1,q01,Name_x_Inst,0.08333333333333333
text36-MATH-SHORT-2503.09380v2,q01,Name_x_Inst,0.08333333333333333
text37-MATH-SHORT-2510.26426v1,q01,Name_x_Inst,0.0
text38-MATH-SHORT-2512.04101v1,q01,Name_x_Inst,0.10000000000000002
text39-MATH-SHORT-2506.11609v2,q01,Name_x_Inst,0.03333333333333329
text40-MATH-SHORT-2507.15879v2,q01,Name_x_Inst,0.0
text41-BIO-LONG-2512.06709v1,q01,Name_x_Inst,0.05000000000000001
text42-BIO-LONG-2503.07104v1,q01,Name_x_Inst,0.033333333333333326
text43-BIO-LONG-2506.16577v1,q01,Name_x_Inst,0.0
text44-BIO-LONG-2505.20052v1,q01,Name_x_Inst,0.0
text45-BIO-LONG-2507.17897v4,q01,Name_x_Inst,0.01666666666666668
text46-BIO-LONG-2505.05863v1,q01,Name_x_Inst,-0.11666666666666665
text47-BIO-LONG-2505.21094v1,q01,Name_x_Inst,0.3333333333333333
text48-BIO-LONG-2602.16750v1,q01,Name_x_Inst,0.0
text49-BIO-LONG-2511.10014v1,q01,Name_x_Inst,0.09999999999999998
text50-BIO-LONG-2603.01054v1,q01,Name_x_Inst,-0.01666666666666668
text51-CS-LONG-2602.11588v1,q01,Name_x_Inst,0.0
text52-CS-LONG-2602.15675v1,q01,Name_x_Inst,0.0
text53-CS-LONG-2603.02012v1,q01,Name_x_Inst,0.0
text54-CS-LONG-2602.23006v1,q01,Name_x_Inst,0.10000000000000002
text55-CS-LONG-2602.21625v1,q01,Name_x_Inst,0.01666666666666668
text56-CS-LONG-2602.13713v1,q01,Name_x_Inst,0.0
text57-CS-LONG-2603.00079v1,q01,Name_x_Inst,-0.01666666666666668
text58-CS-LONG-2603.01023v1,q01,Name_x_Inst,0.0
text59-CS-LONG-2602.19401v1,q01,Name_x_Inst,-0.06666666666666665
text60-CS-LONG-2602.18518v1,q01,Name_x_Inst,0.0
text61-PHY-LONG-2602.03885v1,q01,Name_x_Inst,0.0
text62-PHY-LONG-2511.21971v1,q01,Name_x_Inst,0.033333333333333326
text63-PHY-LONG-2512.18015v1,q01,Name_x_Inst,0.0
text64-PHY-LONG-2602.23683v1,q01,Name_x_Inst,0.0
text65-PHY-LONG-2601.13267v1,q01,Name_x_Inst,0.08333333333333333
text66-PHY-LONG-2512.24566v1,q01,Name_x_Inst,0.033333333333333326
text67-PHY-LONG-2602.07636v2,q01,Name_x_Inst,-0.05000000000000001
text68-PHY-LONG-2512.18130v1,q01,Name_x_Inst,0.0
text69-PHY-LONG-2602.17389v1,q01,Name_x_Inst,0.1333333333333333
text70-PHY-LONG-2602.08188v1,q01,Name_x_Inst,-0.033333333333333326
text71-MATH-LONG-2511.12781v1,q01,Name_x_Inst,-0.10000000000000002
text72-MATH-LONG-2602.06095v1,q01,Name_x_Inst,-0.15
text73-MATH-LONG-2511.18101v1,q01,Name_x_Inst,0.0
text74-MATH-LONG-2512.15978v1,q01,Name_x_Inst,-0.06666666666666665
text75-MATH-LONG-2511.22140v1,q01,Name_x_Inst,0.0
text76-MATH-LONG-2602.20441v1,q01,Name_x_Inst,0.0
text77-MATH-LONG-2601.20851v2,q01,Name_x_Inst,0.06666666666666665
text78-MATH-LONG-2512.17595v1,q01,Name_x_Inst,0.01666666666666668
text79-MATH-LONG-2512.10129v1,q01,Name_x_Inst,0.11666666666666665
text80-MATH-LONG-2512.10507v1,q01,Name_x_Inst,0.0
text01-BIO-SHORT-2505.02276v1,q01,Name_x_Bibliometrics,0.0
text02-BIO-SHORT-2507.04575v1,q01,Name_x_Bibliometrics,0.0
text03-BIO-SHORT-2505.11568v3,q01,Name_x_Bibliometrics,-0.01666666666666668
text04-BIO-SHORT-2507.08385v1,q01,Name_x_Bibliometrics,-0.0833333333333333
text05-BIO-SHORT-2504.10973v1,q01,Name_x_Bibliometrics,0.1333333333333333
text06-BIO-SHORT-2506.14789v1,q01,Name_x_Bibliometrics,0.0
text07-BIO-SHORT-2506.13576v3,q01,Name_x_Bibliometrics,0.05000000000000001
text08-BIO-SHORT-2503.19923v2,q01,Name_x_Bibliometrics,-0.05000000000000001
text09-BIO-SHORT-2602.00019v1,q01,Name_x_Bibliometrics,-0.01666666666666668
text10-BIO-SHORT-2506.13817v1,q01,Name_x_Bibliometrics,0.05000000000000001
text11-CS-SHORT-2506.09194v1,q01,Name_x_Bibliometrics,0.1333333333333333
text12-CS-SHORT-2512.19717v1,q01,Name_x_Bibliometrics,0.01666666666666668
text13-CS-SHORT-2510.04124v5,q01,Name_x_Bibliometrics,0.0
text14-CS-SHORT-2509.13349v2,q01,Name_x_Bibliometrics,-0.09999999999999998
text15-CS-SHORT-2602.03870v1,q01,Name_x_Bibliometrics,0.01666666666666668
text16-CS-SHORT-2509.06033v1,q01,Name_x_Bibliometrics,-0.08333333333333333
text17-CS-SHORT-2509.16294v1,q01,Name_x_Bibliometrics,-0.18333333333333332
text18-CS-SHORT-2507.09492v1,q01,Name_x_Bibliometrics,0.08333333333333333
text19-CS-SHORT-2509.14600v1,q01,Name_x_Bibliometrics,0.0
text20-CS-SHORT-2503.14899v1,q01,Name_x_Bibliometrics,0.03333333333333336
text21-PHY-SHORT-2601.23079v1,q01,Name_x_Bibliometrics,0.0
text22-PHY-SHORT-2601.23047v1,q01,Name_x_Bibliometrics,0.06666666666666665
text23-PHY-SHORT-2601.23057v1,q01,Name_x_Bibliometrics,0.0666666666666667
text24-PHY-SHORT-2509.16741v1,q01,Name_x_Bibliometrics,0.01666666666666668
text25-PHY-SHORT-2507.08042v1,q01,Name_x_Bibliometrics,-0.2333333333333334
text26-PHY-SHORT-2512.23538v1,q01,Name_x_Bibliometrics,0.0
text27-PHY-SHORT-2510.18500v1,q01,Name_x_Bibliometrics,-0.19999999999999998
text28-PHY-SHORT-2508.20431v1,q01,Name_x_Bibliometrics,-0.01666666666666668
text29-PHY-SHORT-2509.06825v1,q01,Name_x_Bibliometrics,0.0
text30-PHY-SHORT-2509.17653v2,q01,Name_x_Bibliometrics,0.0
text31-MATH-SHORT-2511.03536v1,q01,Name_x_Bibliometrics,-0.05000000000000001
text32-MATH-SHORT-2603.02088v1,q01,Name_x_Bibliometrics,-0.08333333333333333
text33-MATH-SHORT-2512.22134v3,q01,Name_x_Bibliometrics,-0.10000000000000005
text34-MATH-SHORT-2509.00532v1,q01,Name_x_Bibliometrics,-0.11666666666666665
text35-MATH-SHORT-2512.06844v1,q01,Name_x_Bibliometrics,-0.08333333333333333
text36-MATH-SHORT-2503.09380v2,q01,Name_x_Bibliometrics,0.21666666666666665
text37-MATH-SHORT-2510.26426v1,q01,Name_x_Bibliometrics,0.1333333333333333
text38-MATH-SHORT-2512.04101v1,q01,Name_x_Bibliometrics,0.06666666666666665
text39-MATH-SHORT-2506.11609v2,q01,Name_x_Bibliometrics,0.06666666666666665
text40-MATH-SHORT-2507.15879v2,q01,Name_x_Bibliometrics,0.0
text41-BIO-LONG-2512.06709v1,q01,Name_x_Bibliometrics,0.05000000000000001
text42-BIO-LONG-2503.07104v1,q01,Name_x_Bibliometrics,-0.06666666666666661
text43-BIO-LONG-2506.16577v1,q01,Name_x_Bibliometrics,0.0
text44-BIO-LONG-2505.20052v1,q01,Name_x_Bibliometrics,0.0
text45-BIO-LONG-2507.17897v4,q01,Name_x_Bibliometrics,0.01666666666666668
text46-BIO-LONG-2505.05863v1,q01,Name_x_Bibliometrics,-0.18333333333333332
text47-BIO-LONG-2505.21094v1,q01,Name_x_Bibliometrics,0.0
text48-BIO-LONG-2602.16750v1,q01,Name_x_Bibliometrics,0.0
text49-BIO-LONG-2511.10014v1,q01,Name_x_Bibliometrics,-0.09999999999999998
text50-BIO-LONG-2603.01054v1,q01,Name_x_Bibliometrics,-0.01666666666666668
text51-CS-LONG-2602.11588v1,q01,Name_x_Bibliometrics,0.0
text52-CS-LONG-2602.15675v1,q01,Name_x_Bibliometrics,0.0
text53-CS-LONG-2603.02012v1,q01,Name_x_Bibliometrics,0.0
text54-CS-LONG-2602.23006v1,q01,Name_x_Bibliometrics,-0.10000000000000002
text55-CS-LONG-2602.21625v1,q01,Name_x_Bibliometrics,-0.11666666666666663
text56-CS-LONG-2602.13713v1,q01,Name_x_Bibliometrics,0.0
text57-CS-LONG-2603.00079v1,q01,Name_x_Bibliometrics,-0.01666666666666668
text58-CS-LONG-2603.01023v1,q01,Name_x_Bibliometrics,0.0
text59-CS-LONG-2602.19401v1,q01,Name_x_Bibliometrics,-0.06666666666666665
text60-CS-LONG-2602.18518v1,q01,Name_x_Bibliometrics,-0.1333333333333333
text61-PHY-LONG-2602.03885v1,q01,Name_x_Bibliometrics,0.0
text62-PHY-LONG-2511.21971v1,q01,Name_x_Bibliometrics,-0.09999999999999998
text63-PHY-LONG-2512.18015v1,q01,Name_x_Bibliometrics,0.0
text64-PHY-LONG-2602.23683v1,q01,Name_x_Bibliometrics,0.0
text65-PHY-LONG-2601.13267v1,q01,Name_x_Bibliometrics,0.04999999999999997
text66-PHY-LONG-2512.24566v1,q01,Name_x_Bibliometrics,-0.033333333333333326
text67-PHY-LONG-2602.07636v2,q01,Name_x_Bibliometrics,-0.016666666666666646
text68-PHY-LONG-2512.18130v1,q01,Name_x_Bibliometrics,0.0
text69-PHY-LONG-2602.17389v1,q01,Name_x_Bibliometrics,0.0
text70-PHY-LONG-2602.08188v1,q01,Name_x_Bibliometrics,-0.033333333333333326
text71-MATH-LONG-2511.12781v1,q01,Name_x_Bibliometrics,0.0
text72-MATH-LONG-2602.06095v1,q01,Name_x_Bibliometrics,-0.15
text73-MATH-LONG-2511.18101v1,q01,Name_x_Bibliometrics,-0.09999999999999994
text74-MATH-LONG-2512.15978v1,q01,Name_x_Bibliometrics,-0.06666666666666665
text75-MATH-LONG-2511.22140v1,q01,Name_x_Bibliometrics,0.0
text76-MATH-LONG-2602.20441v1,q01,Name_x_Bibliometrics,0.0
text77-MATH-LONG-2601.20851v2,q01,Name_x_Bibliometrics,0.06666666666666665
text78-MATH-LONG-2512.17595v1,q01,Name_x_Bibliometrics,0.01666666666666668
text79-MATH-LONG-2512.10129v1,q01,Name_x_Bibliometrics,0.11666666666666665
text80-MATH-LONG-2512.10507v1,q01,Name_x_Bibliometrics,0.0
text01-BIO-SHORT-2505.02276v1,q01,Inst_x_Bibliometrics,0.0
text02-BIO-SHORT-2507.04575v1,q01,Inst_x_Bibliometrics,0.0
text03-BIO-SHORT-2505.11568v3,q01,Inst_x_Bibliometrics,0.01666666666666668
text04-BIO-SHORT-2507.08385v1,q01,Inst_x_Bibliometrics,-0.05000000000000001
text05-BIO-SHORT-2504.10973v1,q01,Inst_x_Bibliometrics,-0.03333333333333336
text06-BIO-SHORT-2506.14789v1,q01,Inst_x_Bibliometrics,0.0
text07-BIO-SHORT-2506.13576v3,q01,Inst_x_Bibliometrics,-0.016666666666666646
text08-BIO-SHORT-2503.19923v2,q01,Inst_x_Bibliometrics,0.11666666666666665
text09-BIO-SHORT-2602.00019v1,q01,Inst_x_Bibliometrics,0.01666666666666668
text10-BIO-SHORT-2506.13817v1,q01,Inst_x_Bibliometrics,-0.2833333333333333
text11-CS-SHORT-2506.09194v1,q01,Inst_x_Bibliometrics,0.0
text12-CS-SHORT-2512.19717v1,q01,Inst_x_Bibliometrics,-0.15
text13-CS-SHORT-2510.04124v5,q01,Inst_x_Bibliometrics,0.0
text14-CS-SHORT-2509.13349v2,q01,Inst_x_Bibliometrics,-0.13333333333333333
text15-CS-SHORT-2602.03870v1,q01,Inst_x_Bibliometrics,0.01666666666666668
text16-CS-SHORT-2509.06033v1,q01,Inst_x_Bibliometrics,-0.04999999999999997
text17-CS-SHORT-2509.16294v1,q01,Inst_x_Bibliometrics,-0.016666666666666646
text18-CS-SHORT-2507.09492v1,q01,Inst_x_Bibliometrics,0.08333333333333333
text19-CS-SHORT-2509.14600v1,q01,Inst_x_Bibliometrics,0.0
text20-CS-SHORT-2503.14899v1,q01,Inst_x_Bibliometrics,-0.10000000000000002
text21-PHY-SHORT-2601.23079v1,q01,Inst_x_Bibliometrics,0.0
text22-PHY-SHORT-2601.23047v1,q01,Inst_x_Bibliometrics,-0.06666666666666665
text23-PHY-SHORT-2601.23057v1,q01,Inst_x_Bibliometrics,0.033333333333333326
text24-PHY-SHORT-2509.16741v1,q01,Inst_x_Bibliometrics,0.01666666666666668
text25-PHY-SHORT-2507.08042v1,q01,Inst_x_Bibliometrics,0.2333333333333333
text26-PHY-SHORT-2512.23538v1,q01,Inst_x_Bibliometrics,0.0
text27-PHY-SHORT-2510.18500v1,q01,Inst_x_Bibliometrics,-0.13333333333333333
text28-PHY-SHORT-2508.20431v1,q01,Inst_x_Bibliometrics,-0.01666666666666668
text29-PHY-SHORT-2509.06825v1,q01,Inst_x_Bibliometrics,0.0
text30-PHY-SHORT-2509.17653v2,q01,Inst_x_Bibliometrics,0.0
text31-MATH-SHORT-2511.03536v1,q01,Inst_x_Bibliometrics,0.2833333333333333
text32-MATH-SHORT-2603.02088v1,q01,Inst_x_Bibliometrics,0.08333333333333333
text33-MATH-SHORT-2512.22134v3,q01,Inst_x_Bibliometrics,-0.16666666666666663
text34-MATH-SHORT-2509.00532v1,q01,Inst_x_Bibliometrics,-0.016666666666666646
text35-MATH-SHORT-2512.06844v1,q01,Inst_x_Bibliometrics,-0.08333333333333333
text36-MATH-SHORT-2503.09380v2,q01,Inst_x_Bibliometrics,0.08333333333333333
text37-MATH-SHORT-2510.26426v1,q01,Inst_x_Bibliometrics,0.0
text38-MATH-SHORT-2512.04101v1,q01,Inst_x_Bibliometrics,-0.06666666666666665
text39-MATH-SHORT-2506.11609v2,q01,Inst_x_Bibliometrics,-0.10000000000000002
text40-MATH-SHORT-2507.15879v2,q01,Inst_x_Bibliometrics,0.0
text41-BIO-LONG-2512.06709v1,q01,Inst_x_Bibliometrics,-0.05000000000000001
text42-BIO-LONG-2503.07104v1,q01,Inst_x_Bibliometrics,0.033333333333333326
text43-BIO-LONG-2506.16577v1,q01,Inst_x_Bibliometrics,0.0
text44-BIO-LONG-2505.20052v1,q01,Inst_x_Bibliometrics,0.0
text45-BIO-LONG-2507.17897v4,q01,Inst_x_Bibliometrics,-0.01666666666666668
text46-BIO-LONG-2505.05863v1,q01,Inst_x_Bibliometrics,0.0833333333333333
text47-BIO-LONG-2505.21094v1,q01,Inst_x_Bibliometrics,0.0
text48-BIO-LONG-2602.16750v1,q01,Inst_x_Bibliometrics,0.0
text49-BIO-LONG-2511.10014v1,q01,Inst_x_Bibliometrics,0.09999999999999998
text50-BIO-LONG-2603.01054v1,q01,Inst_x_Bibliometrics,-0.01666666666666668
text51-CS-LONG-2602.11588v1,q01,Inst_x_Bibliometrics,0.0
text52-CS-LONG-2602.15675v1,q01,Inst_x_Bibliometrics,0.0
text53-CS-LONG-2603.02012v1,q01,Inst_x_Bibliometrics,0.0
text54-CS-LONG-2602.23006v1,q01,Inst_x_Bibliometrics,-0.19999999999999996
text55-CS-LONG-2602.21625v1,q01,Inst_x_Bibliometrics,0.01666666666666668
text56-CS-LONG-2602.13713v1,q01,Inst_x_Bibliometrics,0.0
text57-CS-LONG-2603.00079v1,q01,Inst_x_Bibliometrics,-0.01666666666666668
text58-CS-LONG-2603.01023v1,q01,Inst_x_Bibliometrics,0.0
text59-CS-LONG-2602.19401v1,q01,Inst_x_Bibliometrics,-0.06666666666666665
text60-CS-LONG-2602.18518v1,q01,Inst_x_Bibliometrics,0.0
text61-PHY-LONG-2602.03885v1,q01,Inst_x_Bibliometrics,0.0
text62-PHY-LONG-2511.21971v1,q01,Inst_x_Bibliometrics,0.19999999999999998
text63-PHY-LONG-2512.18015v1,q01,Inst_x_Bibliometrics,0.0
text64-PHY-LONG-2602.23683v1,q01,Inst_x_Bibliometrics,0.0
text65-PHY-LONG-2601.13267v1,q01,Inst_x_Bibliometrics,0.08333333333333333
text66-PHY-LONG-2512.24566v1,q01,Inst_x_Bibliometrics,0.09999999999999998
text67-PHY-LONG-2602.07636v2,q01,Inst_x_Bibliometrics,0.11666666666666665
text68-PHY-LONG-2512.18130v1,q01,Inst_x_Bibliometrics,0.0
text69-PHY-LONG-2602.17389v1,q01,Inst_x_Bibliometrics,0.16666666666666666
text70-PHY-LONG-2602.08188v1,q01,Inst_x_Bibliometrics,-3.700743415417188e-17
text71-MATH-LONG-2511.12781v1,q01,Inst_x_Bibliometrics,0.06666666666666665
text72-MATH-LONG-2602.06095v1,q01,Inst_x_Bibliometrics,-0.18333333333333335
text73-MATH-LONG-2511.18101v1,q01,Inst_x_Bibliometrics,0.16666666666666666
text74-MATH-LONG-2512.15978v1,q01,Inst_x_Bibliometrics,-0.06666666666666665
text75-MATH-LONG-2511.22140v1,q01,Inst_x_Bibliometrics,0.0
text76-MATH-LONG-2602.20441v1,q01,Inst_x_Bibliometrics,0.0
text77-MATH-LONG-2601.20851v2,q01,Inst_x_Bibliometrics,-0.06666666666666665
text78-MATH-LONG-2512.17595v1,q01,Inst_x_Bibliometrics,-0.050000000000000044
text79-MATH-LONG-2512.10129v1,q01,Inst_x_Bibliometrics,0.05000000000000001
text80-MATH-LONG-2512.10507v1,q01,Inst_x_Bibliometrics,0.0
text01-BIO-SHORT-2505.02276v1,q02,BF_minus_WM,0.0
text02-BIO-SHORT-2507.04575v1,q02,BF_minus_WM,0.00833333333333334
text03-BIO-SHORT-2505.11568v3,q02,BF_minus_WM,0.0
text04-BIO-SHORT-2507.08385v1,q02,BF_minus_WM,0.06666666666666667
text05-BIO-SHORT-2504.10973v1,q02,BF_minus_WM,-0.08333333333333337
text06-BIO-SHORT-2506.14789v1,q02,BF_minus_WM,-0.00833333333333334
text07-BIO-SHORT-2506.13576v3,q02,BF_minus_WM,0.025000000000000005
text08-BIO-SHORT-2503.19923v2,q02,BF_minus_WM,0.016666666666666663
text09-BIO-SHORT-2602.00019v1,q02,BF_minus_WM,0.03333333333333333
text10-BIO-SHORT-2506.13817v1,q02,BF_minus_WM,0.0
text11-CS-SHORT-2506.09194v1,q02,BF_minus_WM,-0.024999999999999994
text12-CS-SHORT-2512.19717v1,q02,BF_minus_WM,-0.00833333333333336
text13-CS-SHORT-2510.04124v5,q02,BF_minus_WM,0.03333333333333336
text14-CS-SHORT-2509.13349v2,q02,BF_minus_WM,-0.033333333333333326
text15-CS-SHORT-2602.03870v1,q02,BF_minus_WM,-0.00833333333333334
text16-CS-SHORT-2509.06033v1,q02,BF_minus_WM,0.03333333333333333
text17-CS-SHORT-2509.16294v1,q02,BF_minus_WM,-0.041666666666666664
text18-CS-SHORT-2507.09492v1,q02,BF_minus_WM,0.0
text19-CS-SHORT-2509.14600v1,q02,BF_minus_WM,-0.075
text20-CS-SHORT-2503.14899v1,q02,BF_minus_WM,-0.016666666666666653
text21-PHY-SHORT-2601.23079v1,q02,BF_minus_WM,-0.09999999999999998
text22-PHY-SHORT-2601.23047v1,q02,BF_minus_WM,0.01666666666666668
text23-PHY-SHORT-2601.23057v1,q02,BF_minus_WM,-0.033333333333333326
text24-PHY-SHORT-2509.16741v1,q02,BF_minus_WM,-0.06666666666666665
text25-PHY-SHORT-2507.08042v1,q02,BF_minus_WM,0.14166666666666664
text26-PHY-SHORT-2512.23538v1,q02,BF_minus_WM,0.0
text27-PHY-SHORT-2510.18500v1,q02,BF_minus_WM,0.016666666666666663
text28-PHY-SHORT-2508.20431v1,q02,BF_minus_WM,0.0
text29-PHY-SHORT-2509.06825v1,q02,BF_minus_WM,-0.10000000000000002
text30-PHY-SHORT-2509.17653v2,q02,BF_minus_WM,0.08333333333333333
text31-MATH-SHORT-2511.03536v1,q02,BF_minus_WM,-0.01666666666666668
text32-MATH-SHORT-2603.02088v1,q02,BF_minus_WM,0.04999999999999999
text33-MATH-SHORT-2512.22134v3,q02,BF_minus_WM,-0.05833333333333332
text34-MATH-SHORT-2509.00532v1,q02,BF_minus_WM,-0.375
text35-MATH-SHORT-2512.06844v1,q02,BF_minus_WM,0.0
text36-MATH-SHORT-2503.09380v2,q02,BF_minus_WM,-9.25185853854297e-18
text37-MATH-SHORT-2510.26426v1,q02,BF_minus_WM,0.09166666666666666
text38-MATH-SHORT-2512.04101v1,q02,BF_minus_WM,0.041666666666666664
text39-MATH-SHORT-2506.11609v2,q02,BF_minus_WM,0.016666666666666663
text40-MATH-SHORT-2507.15879v2,q02,BF_minus_WM,0.05833333333333333
text41-BIO-LONG-2512.06709v1,q02,BF_minus_WM,-0.025000000000000005
text42-BIO-LONG-2503.07104v1,q02,BF_minus_WM,0.0
text43-BIO-LONG-2506.16577v1,q02,BF_minus_WM,0.075
text44-BIO-LONG-2505.20052v1,q02,BF_minus_WM,-0.05833333333333331
text45-BIO-LONG-2507.17897v4,q02,BF_minus_WM,0.00833333333333334
text46-BIO-LONG-2505.05863v1,q02,BF_minus_WM,-0.008333333333333331
text47-BIO-LONG-2505.21094v1,q02,BF_minus_WM,0.20833333333333334
text48-BIO-LONG-2602.16750v1,q02,BF_minus_WM,0.0
text49-BIO-LONG-2511.10014v1,q02,BF_minus_WM,-1.850371707708594e-17
text50-BIO-LONG-2603.01054v1,q02,BF_minus_WM,-0.05000000000000001
text51-CS-LONG-2602.11588v1,q02,BF_minus_WM,0.0
text52-CS-LONG-2602.15675v1,q02,BF_minus_WM,0.0
text53-CS-LONG-2603.02012v1,q02,BF_minus_WM,0.0
text54-CS-LONG-2602.23006v1,q02,BF_minus_WM,0.041666666666666664
text55-CS-LONG-2602.21625v1,q02,BF_minus_WM,0.1333333333333333
text56-CS-LONG-2602.13713v1,q02,BF_minus_WM,-0.016666666666666663
text57-CS-LONG-2603.00079v1,q02,BF_minus_WM,0.125
text58-CS-LONG-2603.01023v1,q02,BF_minus_WM,0.0
text59-CS-LONG-2602.19401v1,q02,BF_minus_WM,-0.008333333333333331
text60-CS-LONG-2602.18518v1,q02,BF_minus_WM,0.0
text61-PHY-LONG-2602.03885v1,q02,BF_minus_WM,-0.00833333333333334
text62-PHY-LONG-2511.21971v1,q02,BF_minus_WM,0.11666666666666665
text63-PHY-LONG-2512.18015v1,q02,BF_minus_WM,-0.03333333333333333
text64-PHY-LONG-2602.23683v1,q02,BF_minus_WM,-0.04999999999999999
text65-PHY-LONG-2601.13267v1,q02,BF_minus_WM,0.09166666666666666
text66-PHY-LONG-2512.24566v1,q02,BF_minus_WM,-0.03333333333333332
text67-PHY-LONG-2602.07636v2,q02,BF_minus_WM,0.024999999999999984
text68-PHY-LONG-2512.18130v1,q02,BF_minus_WM,-0.04166666666666666
text69-PHY-LONG-2602.17389v1,q02,BF_minus_WM,-0.00833333333333334
text70-PHY-LONG-2602.08188v1,q02,BF_minus_WM,-0.05000000000000001
text71-MATH-LONG-2511.12781v1,q02,BF_minus_WM,0.00833333333333334
text72-MATH-LONG-2602.06095v1,q02,BF_minus_WM,0.17499999999999996
text73-MATH-LONG-2511.18101v1,q02,BF_minus_WM,0.024999999999999984
text74-MATH-LONG-2512.15978v1,q02,BF_minus_WM,-0.00833333333333334
text75-MATH-LONG-2511.22140v1,q02,BF_minus_WM,0.075
text76-MATH-LONG-2602.20441v1,q02,BF_minus_WM,0.0
text77-MATH-LONG-2601.20851v2,q02,BF_minus_WM,-0.033333333333333326
text78-MATH-LONG-2512.17595v1,q02,BF_minus_WM,0.0
text79-MATH-LONG-2512.10129v1,q02,BF_minus_WM,0.0
text80-MATH-LONG-2512.10507v1,q02,BF_minus_WM,0.11666666666666663
text01-BIO-SHORT-2505.02276v1,q02,HI_minus_LI,0.016666666666666663
text02-BIO-SHORT-2507.04575v1,q02,HI_minus_LI,0.00833333333333334
text03-BIO-SHORT-2505.11568v3,q02,HI_minus_LI,0.01666666666666668
text04-BIO-SHORT-2507.08385v1,q02,HI_minus_LI,0.09999999999999999
text05-BIO-SHORT-2504.10973v1,q02,HI_minus_LI,-0.033333333333333326
text06-BIO-SHORT-2506.14789v1,q02,HI_minus_LI,0.00833333333333334
text07-BIO-SHORT-2506.13576v3,q02,HI_minus_LI,0.12499999999999999
text08-BIO-SHORT-2503.19923v2,q02,HI_minus_LI,-0.016666666666666663
text09-BIO-SHORT-2602.00019v1,q02,HI_minus_LI,0.13333333333333333
text10-BIO-SHORT-2506.13817v1,q02,HI_minus_LI,0.01666666666666668
text11-CS-SHORT-2506.09194v1,q02,HI_minus_LI,0.008333333333333331
text12-CS-SHORT-2512.19717v1,q02,HI_minus_LI,0.17499999999999996
text13-CS-SHORT-2510.04124v5,q02,HI_minus_LI,-0.01666666666666668
text14-CS-SHORT-2509.13349v2,q02,HI_minus_LI,0.13333333333333333
text15-CS-SHORT-2602.03870v1,q02,HI_minus_LI,-0.075
text16-CS-SHORT-2509.06033v1,q02,HI_minus_LI,0.03333333333333333
text17-CS-SHORT-2509.16294v1,q02,HI_minus_LI,0.00833333333333334
text18-CS-SHORT-2507.09492v1,q02,HI_minus_LI,0.0
text19-CS-SHORT-2509.14600v1,q02,HI_minus_LI,-0.125
text20-CS-SHORT-2503.14899v1,q02,HI_minus_LI,0.016666666666666673
text21-PHY-SHORT-2601.23079v1,q02,HI_minus_LI,-0.06666666666666665
text22-PHY-SHORT-2601.23047v1,q02,HI_minus_LI,0.13333333333333333
text23-PHY-SHORT-2601.23057v1,q02,HI_minus_LI,0.033333333333333326
text24-PHY-SHORT-2509.16741v1,q02,HI_minus_LI,-0.08333333333333333
text25-PHY-SHORT-2507.08042v1,q02,HI_minus_LI,-0.4083333333333334
text26-PHY-SHORT-2512.23538v1,q02,HI_minus_LI,0.0
text27-PHY-SHORT-2510.18500v1,q02,HI_minus_LI,0.04999999999999999
text28-PHY-SHORT-2508.20431v1,q02,HI_minus_LI,0.0
text29-PHY-SHORT-2509.06825v1,q02,HI_minus_LI,-0.09999999999999999
text30-PHY-SHORT-2509.17653v2,q02,HI_minus_LI,0.16666666666666666
text31-MATH-SHORT-2511.03536v1,q02,HI_minus_LI,0.05000000000000001
text32-MATH-SHORT-2603.02088v1,q02,HI_minus_LI,-0.016666666666666663
text33-MATH-SHORT-2512.22134v3,q02,HI_minus_LI,0.075
text34-MATH-SHORT-2509.00532v1,q02,HI_minus_LI,0.19166666666666665
text35-MATH-SHORT-2512.06844v1,q02,HI_minus_LI,0.08333333333333333
text36-MATH-SHORT-2503.09380v2,q02,HI_minus_LI,0.08333333333333333
text37-MATH-SHORT-2510.26426v1,q02,HI_minus_LI,0.05833333333333337
text38-MATH-SHORT-2512.04101v1,q02,HI_minus_LI,0.041666666666666664
text39-MATH-SHORT-2506.11609v2,q02,HI_minus_LI,0.016666666666666663
text40-MATH-SHORT-2507.15879v2,q02,HI_minus_LI,-0.041666666666666685
text41-BIO-LONG-2512.06709v1,q02,HI_minus_LI,0.025000000000000005
text42-BIO-LONG-2503.07104v1,q02,HI_minus_LI,0.0
text43-BIO-LONG-2506.16577v1,q02,HI_minus_LI,0.075
text44-BIO-LONG-2505.20052v1,q02,HI_minus_LI,0.00833333333333334
text45-BIO-LONG-2507.17897v4,q02,HI_minus_LI,0.00833333333333334
text46-BIO-LONG-2505.05863v1,q02,HI_minus_LI,-0.008333333333333331
text47-BIO-LONG-2505.21094v1,q02,HI_minus_LI,0.2916666666666667
text48-BIO-LONG-2602.16750v1,q02,HI_minus_LI,0.0
text49-BIO-LONG-2511.10014v1,q02,HI_minus_LI,-0.016666666666666663
text50-BIO-LONG-2603.01054v1,q02,HI_minus_LI,0.033333333333333326
text51-CS-LONG-2602.11588v1,q02,HI_minus_LI,0.0
text52-CS-LONG-2602.15675v1,q02,HI_minus_LI,0.0
text53-CS-LONG-2603.02012v1,q02,HI_minus_LI,0.0
text54-CS-LONG-2602.23006v1,q02,HI_minus_LI,0.041666666666666664
text55-CS-LONG-2602.21625v1,q02,HI_minus_LI,0.08333333333333333
text56-CS-LONG-2602.13713v1,q02,HI_minus_LI,0.11666666666666664
text57-CS-LONG-2603.00079v1,q02,HI_minus_LI,0.07500000000000002
text58-CS-LONG-2603.01023v1,q02,HI_minus_LI,0.0
text59-CS-LONG-2602.19401v1,q02,HI_minus_LI,-0.024999999999999994
text60-CS-LONG-2602.18518v1,q02,HI_minus_LI,0.0
text61-PHY-LONG-2602.03885v1,q02,HI_minus_LI,0.00833333333333334
text62-PHY-LONG-2511.21971v1,q02,HI_minus_LI,0.21666666666666667
text63-PHY-LONG-2512.18015v1,q02,HI_minus_LI,-0.049999999999999996
text64-PHY-LONG-2602.23683v1,q02,HI_minus_LI,0.03333333333333335
text65-PHY-LONG-2601.13267v1,q02,HI_minus_LI,0.325
text66-PHY-LONG-2512.24566v1,q02,HI_minus_LI,0.03333333333333333
text67-PHY-LONG-2602.07636v2,q02,HI_minus_LI,0.041666666666666664
text68-PHY-LONG-2512.18130v1,q02,HI_minus_LI,-0.024999999999999994
text69-PHY-LONG-2602.17389v1,q02,HI_minus_LI,0.075
text70-PHY-LONG-2602.08188v1,q02,HI_minus_LI,0.11666666666666665
text71-MATH-LONG-2511.12781v1,q02,HI_minus_LI,0.00833333333333334
text72-MATH-LONG-2602.06095v1,q02,HI_minus_LI,0.024999999999999998
text73-MATH-LONG-2511.18101v1,q02,HI_minus_LI,-0.041666666666666664
text74-MATH-LONG-2512.15978v1,q02,HI_minus_LI,0.075
text75-MATH-LONG-2511.22140v1,q02,HI_minus_LI,0.075
text76-MATH-LONG-2602.20441v1,q02,HI_minus_LI,0.0
text77-MATH-LONG-2601.20851v2,q02,HI_minus_LI,0.033333333333333326
text78-MATH-LONG-2512.17595v1,q02,HI_minus_LI,0.0
text79-MATH-LONG-2512.10129v1,q02,HI_minus_LI,0.0
text80-MATH-LONG-2512.10507v1,q02,HI_minus_LI,0.15
text01-BIO-SHORT-2505.02276v1,q02,HP_minus_LP,0.05000000000000001
text02-BIO-SHORT-2507.04575v1,q02,HP_minus_LP,-0.00833333333333334
text03-BIO-SHORT-2505.11568v3,q02,HP_minus_LP,0.01666666666666668
text04-BIO-SHORT-2507.08385v1,q02,HP_minus_LP,0.2333333333333333
text05-BIO-SHORT-2504.10973v1,q02,HP_minus_LP,0.11666666666666665
text06-BIO-SHORT-2506.14789v1,q02,HP_minus_LP,0.00833333333333334
text07-BIO-SHORT-2506.13576v3,q02,HP_minus_LP,-0.008333333333333323
text08-BIO-SHORT-2503.19923v2,q02,HP_minus_LP,-0.016666666666666663
text09-BIO-SHORT-2602.00019v1,q02,HP_minus_LP,0.03333333333333333
text10-BIO-SHORT-2506.13817v1,q02,HP_minus_LP,0.0
text11-CS-SHORT-2506.09194v1,q02,HP_minus_LP,0.04166666666666668
text12-CS-SHORT-2512.19717v1,q02,HP_minus_LP,0.19166666666666665
text13-CS-SHORT-2510.04124v5,q02,HP_minus_LP,-0.01666666666666668
text14-CS-SHORT-2509.13349v2,q02,HP_minus_LP,0.13333333333333333
text15-CS-SHORT-2602.03870v1,q02,HP_minus_LP,-0.00833333333333334
text16-CS-SHORT-2509.06033v1,q02,HP_minus_LP,0.03333333333333333
text17-CS-SHORT-2509.16294v1,q02,HP_minus_LP,0.09166666666666667
text18-CS-SHORT-2507.09492v1,q02,HP_minus_LP,0.0
text19-CS-SHORT-2509.14600v1,q02,HP_minus_LP,0.075
text20-CS-SHORT-2503.14899v1,q02,HP_minus_LP,0.08333333333333333
text21-PHY-SHORT-2601.23079v1,q02,HP_minus_LP,0.18333333333333335
text22-PHY-SHORT-2601.23047v1,q02,HP_minus_LP,0.05000000000000001
text23-PHY-SHORT-2601.23057v1,q02,HP_minus_LP,0.13333333333333333
text24-PHY-SHORT-2509.16741v1,q02,HP_minus_LP,0.16666666666666666
text25-PHY-SHORT-2507.08042v1,q02,HP_minus_LP,0.04166666666666668
text26-PHY-SHORT-2512.23538v1,q02,HP_minus_LP,0.0
text27-PHY-SHORT-2510.18500v1,q02,HP_minus_LP,0.06666666666666667
text28-PHY-SHORT-2508.20431v1,q02,HP_minus_LP,0.0
text29-PHY-SHORT-2509.06825v1,q02,HP_minus_LP,0.09999999999999999
text30-PHY-SHORT-2509.17653v2,q02,HP_minus_LP,0.13333333333333333
text31-MATH-SHORT-2511.03536v1,q02,HP_minus_LP,0.08333333333333333
text32-MATH-SHORT-2603.02088v1,q02,HP_minus_LP,0.2333333333333333
text33-MATH-SHORT-2512.22134v3,q02,HP_minus_LP,0.17500000000000002
text34-MATH-SHORT-2509.00532v1,q02,HP_minus_LP,-0.041666666666666664
text35-MATH-SHORT-2512.06844v1,q02,HP_minus_LP,0.16666666666666666
text36-MATH-SHORT-2503.09380v2,q02,HP_minus_LP,0.15
text37-MATH-SHORT-2510.26426v1,q02,HP_minus_LP,0.10833333333333334
text38-MATH-SHORT-2512.04101v1,q02,HP_minus_LP,0.125
text39-MATH-SHORT-2506.11609v2,q02,HP_minus_LP,0.13333333333333333
text40-MATH-SHORT-2507.15879v2,q02,HP_minus_LP,0.05833333333333333
text41-BIO-LONG-2512.06709v1,q02,HP_minus_LP,0.025000000000000005
text42-BIO-LONG-2503.07104v1,q02,HP_minus_LP,0.0
text43-BIO-LONG-2506.16577v1,q02,HP_minus_LP,0.00833333333333334
text44-BIO-LONG-2505.20052v1,q02,HP_minus_LP,-0.00833333333333334
text45-BIO-LONG-2507.17897v4,q02,HP_minus_LP,-0.00833333333333334
text46-BIO-LONG-2505.05863v1,q02,HP_minus_LP,0.008333333333333331
text47-BIO-LONG-2505.21094v1,q02,HP_minus_LP,0.10833333333333335
text48-BIO-LONG-2602.16750v1,q02,HP_minus_LP,0.0
text49-BIO-LONG-2511.10014v1,q02,HP_minus_LP,0.08333333333333331
text50-BIO-LONG-2603.01054v1,q02,HP_minus_LP,0.11666666666666665
text51-CS-LONG-2602.11588v1,q02,HP_minus_LP,0.0
text52-CS-LONG-2602.15675v1,q02,HP_minus_LP,0.0
text53-CS-LONG-2603.02012v1,q02,HP_minus_LP,0.0
text54-CS-LONG-2602.23006v1,q02,HP_minus_LP,-0.041666666666666664
text55-CS-LONG-2602.21625v1,q02,HP_minus_LP,-0.06666666666666665
text56-CS-LONG-2602.13713v1,q02,HP_minus_LP,0.13333333333333333
text57-CS-LONG-2603.00079v1,q02,HP_minus_LP,0.17499999999999996
text58-CS-LONG-2603.01023v1,q02,HP_minus_LP,0.0
text59-CS-LONG-2602.19401v1,q02,HP_minus_LP,-0.024999999999999994
text60-CS-LONG-2602.18518v1,q02,HP_minus_LP,0.0
text61-PHY-LONG-2602.03885v1,q02,HP_minus_LP,0.075
text62-PHY-LONG-2511.21971v1,q02,HP_minus_LP,0.03333333333333333
text63-PHY-LONG-2512.18015v1,q02,HP_minus_LP,0.03333333333333334
text64-PHY-LONG-2602.23683v1,q02,HP_minus_LP,0.09999999999999999
text65-PHY-LONG-2601.13267v1,q02,HP_minus_LP,0.19166666666666665
text66-PHY-LONG-2512.24566v1,q02,HP_minus_LP,0.18333333333333335
text67-PHY-LONG-2602.07636v2,q02,HP_minus_LP,0.041666666666666664
text68-PHY-LONG-2512.18130v1,q02,HP_minus_LP,0.125
text69-PHY-LONG-2602.17389v1,q02,HP_minus_LP,0.075
text70-PHY-LONG-2602.08188v1,q02,HP_minus_LP,0.19999999999999998
text71-MATH-LONG-2511.12781v1,q02,HP_minus_LP,0.00833333333333334
text72-MATH-LONG-2602.06095v1,q02,HP_minus_LP,0.14166666666666664
text73-MATH-LONG-2511.18101v1,q02,HP_minus_LP,-0.024999999999999984
text74-MATH-LONG-2512.15978v1,q02,HP_minus_LP,0.00833333333333334
text75-MATH-LONG-2511.22140v1,q02,HP_minus_LP,0.05833333333333331
text76-MATH-LONG-2602.20441v1,q02,HP_minus_LP,0.0
text77-MATH-LONG-2601.20851v2,q02,HP_minus_LP,0.033333333333333326
text78-MATH-LONG-2512.17595v1,q02,HP_minus_LP,0.0
text79-MATH-LONG-2512.10129v1,q02,HP_minus_LP,0.0
text80-MATH-LONG-2512.10507v1,q02,HP_minus_LP,0.16666666666666666
text01-BIO-SHORT-2505.02276v1,q02,Name_x_Inst,0.0
text02-BIO-SHORT-2507.04575v1,q02,Name_x_Inst,-0.01666666666666668
text03-BIO-SHORT-2505.11568v3,q02,Name_x_Inst,0.03333333333333336
text04-BIO-SHORT-2507.08385v1,q02,Name_x_Inst,0.033333333333333326
text05-BIO-SHORT-2504.10973v1,q02,Name_x_Inst,-0.09999999999999994
text06-BIO-SHORT-2506.14789v1,q02,Name_x_Inst,0.01666666666666668
text07-BIO-SHORT-2506.13576v3,q02,Name_x_Inst,-0.05000000000000001
text08-BIO-SHORT-2503.19923v2,q02,Name_x_Inst,0.0
text09-BIO-SHORT-2602.00019v1,q02,Name_x_Inst,0.06666666666666667
text10-BIO-SHORT-2506.13817v1,q02,Name_x_Inst,0.03333333333333336
text11-CS-SHORT-2506.09194v1,q02,Name_x_Inst,-0.18333333333333335
text12-CS-SHORT-2512.19717v1,q02,Name_x_Inst,-0.18333333333333332
text13-CS-SHORT-2510.04124v5,q02,Name_x_Inst,-0.1333333333333334
text14-CS-SHORT-2509.13349v2,q02,Name_x_Inst,-0.06666666666666665
text15-CS-SHORT-2602.03870v1,q02,Name_x_Inst,0.18333333333333335
text16-CS-SHORT-2509.06033v1,q02,Name_x_Inst,-0.06666666666666667
text17-CS-SHORT-2509.16294v1,q02,Name_x_Inst,-0.016666666666666646
text18-CS-SHORT-2507.09492v1,q02,Name_x_Inst,0.0
text19-CS-SHORT-2509.14600v1,q02,Name_x_Inst,-0.08333333333333333
text20-CS-SHORT-2503.14899v1,q02,Name_x_Inst,0.033333333333333305
text21-PHY-SHORT-2601.23079v1,q02,Name_x_Inst,0.06666666666666665
text22-PHY-SHORT-2601.23047v1,q02,Name_x_Inst,-0.3333333333333333
text23-PHY-SHORT-2601.23057v1,q02,Name_x_Inst,0.06666666666666665
text24-PHY-SHORT-2509.16741v1,q02,Name_x_Inst,0.06666666666666665
text25-PHY-SHORT-2507.08042v1,q02,Name_x_Inst,0.6166666666666666
text26-PHY-SHORT-2512.23538v1,q02,Name_x_Inst,0.0
text27-PHY-SHORT-2510.18500v1,q02,Name_x_Inst,-0.09999999999999998
text28-PHY-SHORT-2508.20431v1,q02,Name_x_Inst,0.0
text29-PHY-SHORT-2509.06825v1,q02,Name_x_Inst,-0.06666666666666665
text30-PHY-SHORT-2509.17653v2,q02,Name_x_Inst,1.850371707708594e-17
text31-MATH-SHORT-2511.03536v1,q02,Name_x_Inst,0.1333333333333333
text32-MATH-SHORT-2603.02088v1,q02,Name_x_Inst,-0.09999999999999998
text33-MATH-SHORT-2512.22134v3,q02,Name_x_Inst,-0.11666666666666664
text34-MATH-SHORT-2509.00532v1,q02,Name_x_Inst,-0.6166666666666667
text35-MATH-SHORT-2512.06844v1,q02,Name_x_Inst,-0.16666666666666666
text36-MATH-SHORT-2503.09380v2,q02,Name_x_Inst,1.850371707708594e-17
text37-MATH-SHORT-2510.26426v1,q02,Name_x_Inst,0.016666666666666646
text38-MATH-SHORT-2512.04101v1,q02,Name_x_Inst,0.08333333333333333
text39-MATH-SHORT-2506.11609v2,q02,Name_x_Inst,-3.700743415417188e-17
text40-MATH-SHORT-2507.15879v2,q02,Name_x_Inst,-0.05000000000000001
text41-BIO-LONG-2512.06709v1,q02,Name_x_Inst,0.05000000000000001
text42-BIO-LONG-2503.07104v1,q02,Name_x_Inst,0.0
text43-BIO-LONG-2506.16577v1,q02,Name_x_Inst,0.050000000000000044
text44-BIO-LONG-2505.20052v1,q02,Name_x_Inst,-0.15
text45-BIO-LONG-2507.17897v4,q02,Name_x_Inst,0.01666666666666668
text46-BIO-LONG-2505.05863v1,q02,Name_x_Inst,0.016666666666666663
text47-BIO-LONG-2505.21094v1,q02,Name_x_Inst,0.3833333333333333
text48-BIO-LONG-2602.16750v1,q02,Name_x_Inst,0.0
text49-BIO-LONG-2511.10014v1,q02,Name_x_Inst,3.700743415417188e-17
text50-BIO-LONG-2603.01054v1,q02,Name_x_Inst,0.06666666666666665
text51-CS-LONG-2602.11588v1,q02,Name_x_Inst,0.0
text52-CS-LONG-2602.15675v1,q02,Name_x_Inst,0.0
text53-CS-LONG-2603.02012v1,q02,Name_x_Inst,0.0
text54-CS-LONG-2602.23006v1,q02,Name_x_Inst,-0.08333333333333333
text55-CS-LONG-2602.21625v1,q02,Name_x_Inst,-0.16666666666666666
text56-CS-LONG-2602.13713v1,q02,Name_x_Inst,0.033333333333333326
text57-CS-LONG-2603.00079v1,q02,Name_x_Inst,-0.08333333333333333
text58-CS-LONG-2603.01023v1,q02,Name_x_Inst,0.0
text59-CS-LONG-2602.19401v1,q02,Name_x_Inst,-0.016666666666666663
text60-CS-LONG-2602.18518v1,q02,Name_x_Inst,0.0
text61-PHY-LONG-2602.03885v1,q02,Name_x_Inst,-0.01666666666666668
text62-PHY-LONG-2511.21971v1,q02,Name_x_Inst,0.2333333333333333
text63-PHY-LONG-2512.18015v1,q02,Name_x_Inst,-9.25185853854297e-18
text64-PHY-LONG-2602.23683v1,q02,Name_x_Inst,-0.033333333333333326
text65-PHY-LONG-2601.13267v1,q02,Name_x_Inst,0.05000000000000001
text66-PHY-LONG-2512.24566v1,q02,Name_x_Inst,0.03333333333333327
text67-PHY-LONG-2602.07636v2,q02,Name_x_Inst,-0.04999999999999997
text68-PHY-LONG-2512.18130v1,q02,Name_x_Inst,-0.08333333333333331
text69-PHY-LONG-2602.17389v1,q02,Name_x_Inst,0.01666666666666668
text70-PHY-LONG-2602.08188v1,q02,Name_x_Inst,0.06666666666666665
text71-MATH-LONG-2511.12781v1,q02,Name_x_Inst,-0.01666666666666668
text72-MATH-LONG-2602.06095v1,q02,Name_x_Inst,-0.18333333333333335
text73-MATH-LONG-2511.18101v1,q02,Name_x_Inst,0.18333333333333326
text74-MATH-LONG-2512.15978v1,q02,Name_x_Inst,0.01666666666666668
text75-MATH-LONG-2511.22140v1,q02,Name_x_Inst,0.01666666666666668
text76-MATH-LONG-2602.20441v1,q02,Name_x_Inst,0.0
text77-MATH-LONG-2601.20851v2,q02,Name_x_Inst,0.06666666666666665
text78-MATH-LONG-2512.17595v1,q02,Name_x_Inst,0.0
text79-MATH-LONG-2512.10129v1,q02,Name_x_Inst,0.0
text80-MATH-LONG-2512.10507v1,q02,Name_x_Inst,0.09999999999999999
text01-BIO-SHORT-2505.02276v1,q02,Name_x_Bibliometrics,-0.13333333333333333
text02-BIO-SHORT-2507.04575v1,q02,Name_x_Bibliometrics,0.01666666666666668
text03-BIO-SHORT-2505.11568v3,q02,Name_x_Bibliometrics,-0.03333333333333336
text04-BIO-SHORT-2507.08385v1,q02,Name_x_Bibliometrics,-0.033333333333333326
text05-BIO-SHORT-2504.10973v1,q02,Name_x_Bibliometrics,0.0
text06-BIO-SHORT-2506.14789v1,q02,Name_x_Bibliometrics,0.01666666666666668
text07-BIO-SHORT-2506.13576v3,q02,Name_x_Bibliometrics,0.01666666666666672
text08-BIO-SHORT-2503.19923v2,q02,Name_x_Bibliometrics,-0.06666666666666665
text09-BIO-SHORT-2602.00019v1,q02,Name_x_Bibliometrics,0.19999999999999996
text10-BIO-SHORT-2506.13817v1,q02,Name_x_Bibliometrics,0.0
text11-CS-SHORT-2506.09194v1,q02,Name_x_Bibliometrics,0.14999999999999994
text12-CS-SHORT-2512.19717v1,q02,Name_x_Bibliometrics,0.05000000000000001
text13-CS-SHORT-2510.04124v5,q02,Name_x_Bibliometrics,0.06666666666666665
text14-CS-SHORT-2509.13349v2,q02,Name_x_Bibliometrics,-0.06666666666666665
text15-CS-SHORT-2602.03870v1,q02,Name_x_Bibliometrics,-0.01666666666666668
text16-CS-SHORT-2509.06033v1,q02,Name_x_Bibliometrics,-0.06666666666666667
text17-CS-SHORT-2509.16294v1,q02,Name_x_Bibliometrics,0.016666666666666646
text18-CS-SHORT-2507.09492v1,q02,Name_x_Bibliometrics,0.0
text19-CS-SHORT-2509.14600v1,q02,Name_x_Bibliometrics,-0.016666666666666673
text20-CS-SHORT-2503.14899v1,q02,Name_x_Bibliometrics,-0.09999999999999999
text21-PHY-SHORT-2601.23079v1,q02,Name_x_Bibliometrics,0.10000000000000002
text22-PHY-SHORT-2601.23047v1,q02,Name_x_Bibliometrics,0.03333333333333336
text23-PHY-SHORT-2601.23057v1,q02,Name_x_Bibliometrics,-0.06666666666666665
text24-PHY-SHORT-2509.16741v1,q02,Name_x_Bibliometrics,-0.03333333333333329
text25-PHY-SHORT-2507.08042v1,q02,Name_x_Bibliometrics,0.5166666666666667
text26-PHY-SHORT-2512.23538v1,q02,Name_x_Bibliometrics,0.0
text27-PHY-SHORT-2510.18500v1,q02,Name_x_Bibliometrics,-0.13333333333333333
text28-PHY-SHORT-2508.20431v1,q02,Name_x_Bibliometrics,0.0
text29-PHY-SHORT-2509.06825v1,q02,Name_x_Bibliometrics,0.06666666666666665
text30-PHY-SHORT-2509.17653v2,q02,Name_x_Bibliometrics,0.06666666666666667
text31-MATH-SHORT-2511.03536v1,q02,Name_x_Bibliometrics,-0.19999999999999996
text32-MATH-SHORT-2603.02088v1,q02,Name_x_Bibliometrics,0.0666666666666667
text33-MATH-SHORT-2512.22134v3,q02,Name_x_Bibliometrics,-0.050000000000000024
text34-MATH-SHORT-2509.00532v1,q02,Name_x_Bibliometrics,-0.08333333333333333
text35-MATH-SHORT-2512.06844v1,q02,Name_x_Bibliometrics,0.0
text36-MATH-SHORT-2503.09380v2,q02,Name_x_Bibliometrics,0.1333333333333333
text37-MATH-SHORT-2510.26426v1,q02,Name_x_Bibliometrics,-0.01666666666666672
text38-MATH-SHORT-2512.04101v1,q02,Name_x_Bibliometrics,-0.08333333333333333
text39-MATH-SHORT-2506.11609v2,q02,Name_x_Bibliometrics,-0.033333333333333326
text40-MATH-SHORT-2507.15879v2,q02,Name_x_Bibliometrics,0.0833333333333333
text41-BIO-LONG-2512.06709v1,q02,Name_x_Bibliometrics,0.05000000000000001
text42-BIO-LONG-2503.07104v1,q02,Name_x_Bibliometrics,0.0
text43-BIO-LONG-2506.16577v1,q02,Name_x_Bibliometrics,-0.15
text44-BIO-LONG-2505.20052v1,q02,Name_x_Bibliometrics,-0.11666666666666663
text45-BIO-LONG-2507.17897v4,q02,Name_x_Bibliometrics,-0.01666666666666668
text46-BIO-LONG-2505.05863v1,q02,Name_x_Bibliometrics,-0.016666666666666663
text47-BIO-LONG-2505.21094v1,q02,Name_x_Bibliometrics,-0.18333333333333335
text48-BIO-LONG-2602.16750v1,q02,Name_x_Bibliometrics,0.0
text49-BIO-LONG-2511.10014v1,q02,Name_x_Bibliometrics,-3.700743415417188e-17
text50-BIO-LONG-2603.01054v1,q02,Name_x_Bibliometrics,-0.10000000000000002
text51-CS-LONG-2602.11588v1,q02,Name_x_Bibliometrics,0.0
text52-CS-LONG-2602.15675v1,q02,Name_x_Bibliometrics,0.0
text53-CS-LONG-2603.02012v1,q02,Name_x_Bibliometrics,0.0
text54-CS-LONG-2602.23006v1,q02,Name_x_Bibliometrics,0.08333333333333333
text55-CS-LONG-2602.21625v1,q02,Name_x_Bibliometrics,0.1333333333333333
text56-CS-LONG-2602.13713v1,q02,Name_x_Bibliometrics,0.0666666666666667
text57-CS-LONG-2603.00079v1,q02,Name_x_Bibliometrics,0.04999999999999997
text58-CS-LONG-2603.01023v1,q02,Name_x_Bibliometrics,0.0
text59-CS-LONG-2602.19401v1,q02,Name_x_Bibliometrics,-0.016666666666666663
text60-CS-LONG-2602.18518v1,q02,Name_x_Bibliometrics,0.0
text61-PHY-LONG-2602.03885v1,q02,Name_x_Bibliometrics,-0.15
text62-PHY-LONG-2511.21971v1,q02,Name_x_Bibliometrics,-0.06666666666666667
text63-PHY-LONG-2512.18015v1,q02,Name_x_Bibliometrics,-0.03333333333333333
text64-PHY-LONG-2602.23683v1,q02,Name_x_Bibliometrics,0.09999999999999998
text65-PHY-LONG-2601.13267v1,q02,Name_x_Bibliometrics,-0.016666666666666646
text66-PHY-LONG-2512.24566v1,q02,Name_x_Bibliometrics,-0.13333333333333328
text67-PHY-LONG-2602.07636v2,q02,Name_x_Bibliometrics,-0.04999999999999997
text68-PHY-LONG-2512.18130v1,q02,Name_x_Bibliometrics,-0.04999999999999999
text69-PHY-LONG-2602.17389v1,q02,Name_x_Bibliometrics,0.01666666666666668
text70-PHY-LONG-2602.08188v1,q02,Name_x_Bibliometrics,-0.10000000000000002
text71-MATH-LONG-2511.12781v1,q02,Name_x_Bibliometrics,-0.01666666666666668
text72-MATH-LONG-2602.06095v1,q02,Name_x_Bibliometrics,-0.4166666666666667
text73-MATH-LONG-2511.18101v1,q02,Name_x_Bibliometrics,-0.04999999999999997
text74-MATH-LONG-2512.15978v1,q02,Name_x_Bibliometrics,-0.11666666666666663
text75-MATH-LONG-2511.22140v1,q02,Name_x_Bibliometrics,-0.01666666666666668
text76-MATH-LONG-2602.20441v1,q02,Name_x_Bibliometrics,0.0
text77-MATH-LONG-2601.20851v2,q02,Name_x_Bibliometrics,0.06666666666666665
text78-MATH-LONG-2512.17595v1,q02,Name_x_Bibliometrics,0.0
text79-MATH-LONG-2512.10129v1,q02,Name_x_Bibliometrics,0.0
text80-MATH-LONG-2512.10507v1,q02,Name_x_Bibliometrics,0.19999999999999996
text01-BIO-SHORT-2505.02276v1,q02,Inst_x_Bibliometrics,0.16666666666666666
text02-BIO-SHORT-2507.04575v1,q02,Inst_x_Bibliometrics,0.28333333333333327
text03-BIO-SHORT-2505.11568v3,q02,Inst_x_Bibliometrics,0.0
text04-BIO-SHORT-2507.08385v1,q02,Inst_x_Bibliometrics,0.033333333333333326
text05-BIO-SHORT-2504.10973v1,q02,Inst_x_Bibliometrics,-0.16666666666666666
text06-BIO-SHORT-2506.14789v1,q02,Inst_x_Bibliometrics,-0.01666666666666668
text07-BIO-SHORT-2506.13576v3,q02,Inst_x_Bibliometrics,0.016666666666666646
text08-BIO-SHORT-2503.19923v2,q02,Inst_x_Bibliometrics,0.0
text09-BIO-SHORT-2602.00019v1,q02,Inst_x_Bibliometrics,0.06666666666666667
text10-BIO-SHORT-2506.13817v1,q02,Inst_x_Bibliometrics,-0.03333333333333336
text11-CS-SHORT-2506.09194v1,q02,Inst_x_Bibliometrics,0.08333333333333327
text12-CS-SHORT-2512.19717v1,q02,Inst_x_Bibliometrics,0.08333333333333337
text13-CS-SHORT-2510.04124v5,q02,Inst_x_Bibliometrics,-0.10000000000000002
text14-CS-SHORT-2509.13349v2,q02,Inst_x_Bibliometrics,-0.39999999999999997
text15-CS-SHORT-2602.03870v1,q02,Inst_x_Bibliometrics,-0.15
text16-CS-SHORT-2509.06033v1,q02,Inst_x_Bibliometrics,-0.06666666666666667
text17-CS-SHORT-2509.16294v1,q02,Inst_x_Bibliometrics,0.18333333333333332
text18-CS-SHORT-2507.09492v1,q02,Inst_x_Bibliometrics,0.0
text19-CS-SHORT-2509.14600v1,q02,Inst_x_Bibliometrics,-0.05000000000000001
text20-CS-SHORT-2503.14899v1,q02,Inst_x_Bibliometrics,0.16666666666666666
text21-PHY-SHORT-2601.23079v1,q02,Inst_x_Bibliometrics,0.03333333333333336
text22-PHY-SHORT-2601.23047v1,q02,Inst_x_Bibliometrics,0.26666666666666666
text23-PHY-SHORT-2601.23057v1,q02,Inst_x_Bibliometrics,0.06666666666666665
text24-PHY-SHORT-2509.16741v1,q02,Inst_x_Bibliometrics,-0.06666666666666665
text25-PHY-SHORT-2507.08042v1,q02,Inst_x_Bibliometrics,0.016666666666666663
text26-PHY-SHORT-2512.23538v1,q02,Inst_x_Bibliometrics,0.0
text27-PHY-SHORT-2510.18500v1,q02,Inst_x_Bibliometrics,3.700743415417188e-17
text28-PHY-SHORT-2508.20431v1,q02,Inst_x_Bibliometrics,0.0
text29-PHY-SHORT-2509.06825v1,q02,Inst_x_Bibliometrics,0.3333333333333333
text30-PHY-SHORT-2509.17653v2,q02,Inst_x_Bibliometrics,0.033333333333333305
text31-MATH-SHORT-2511.03536v1,q02,Inst_x_Bibliometrics,0.0
text32-MATH-SHORT-2603.02088v1,q02,Inst_x_Bibliometrics,-0.13333333333333333
text33-MATH-SHORT-2512.22134v3,q02,Inst_x_Bibliometrics,0.016666666666666663
text34-MATH-SHORT-2509.00532v1,q02,Inst_x_Bibliometrics,-0.2166666666666667
text35-MATH-SHORT-2512.06844v1,q02,Inst_x_Bibliometrics,0.16666666666666666
text36-MATH-SHORT-2503.09380v2,q02,Inst_x_Bibliometrics,0.03333333333333335
text37-MATH-SHORT-2510.26426v1,q02,Inst_x_Bibliometrics,0.25000000000000006
text38-MATH-SHORT-2512.04101v1,q02,Inst_x_Bibliometrics,0.25
text39-MATH-SHORT-2506.11609v2,q02,Inst_x_Bibliometrics,-0.033333333333333326
text40-MATH-SHORT-2507.15879v2,q02,Inst_x_Bibliometrics,-0.05000000000000001
text41-BIO-LONG-2512.06709v1,q02,Inst_x_Bibliometrics,-0.05000000000000001
text42-BIO-LONG-2503.07104v1,q02,Inst_x_Bibliometrics,0.0
text43-BIO-LONG-2506.16577v1,q02,Inst_x_Bibliometrics,0.11666666666666663
text44-BIO-LONG-2505.20052v1,q02,Inst_x_Bibliometrics,0.01666666666666668
text45-BIO-LONG-2507.17897v4,q02,Inst_x_Bibliometrics,-0.01666666666666668
text46-BIO-LONG-2505.05863v1,q02,Inst_x_Bibliometrics,-0.016666666666666663
text47-BIO-LONG-2505.21094v1,q02,Inst_x_Bibliometrics,-0.016666666666666663
text48-BIO-LONG-2602.16750v1,q02,Inst_x_Bibliometrics,0.0
text49-BIO-LONG-2511.10014v1,q02,Inst_x_Bibliometrics,-0.10000000000000005
text50-BIO-LONG-2603.01054v1,q02,Inst_x_Bibliometrics,0.06666666666666665
text51-CS-LONG-2602.11588v1,q02,Inst_x_Bibliometrics,0.0
text52-CS-LONG-2602.15675v1,q02,Inst_x_Bibliometrics,0.0
text53-CS-LONG-2603.02012v1,q02,Inst_x_Bibliometrics,0.0
text54-CS-LONG-2602.23006v1,q02,Inst_x_Bibliometrics,0.08333333333333333
text55-CS-LONG-2602.21625v1,q02,Inst_x_Bibliometrics,-0.03333333333333336
text56-CS-LONG-2602.13713v1,q02,Inst_x_Bibliometrics,-0.19999999999999993
text57-CS-LONG-2603.00079v1,q02,Inst_x_Bibliometrics,0.08333333333333333
text58-CS-LONG-2603.01023v1,q02,Inst_x_Bibliometrics,0.0
text59-CS-LONG-2602.19401v1,q02,Inst_x_Bibliometrics,-0.04999999999999999
text60-CS-LONG-2602.18518v1,q02,Inst_x_Bibliometrics,0.0
text61-PHY-LONG-2602.03885v1,q02,Inst_x_Bibliometrics,-0.18333333333333335
text62-PHY-LONG-2511.21971v1,q02,Inst_x_Bibliometrics,0.06666666666666667
text63-PHY-LONG-2512.18015v1,q02,Inst_x_Bibliometrics,0.0
text64-PHY-LONG-2602.23683v1,q02,Inst_x_Bibliometrics,-0.0666666666666667
text65-PHY-LONG-2601.13267v1,q02,Inst_x_Bibliometrics,-0.15000000000000002
text66-PHY-LONG-2512.24566v1,q02,Inst_x_Bibliometrics,1.850371707708594e-17
text67-PHY-LONG-2602.07636v2,q02,Inst_x_Bibliometrics,-0.08333333333333333
text68-PHY-LONG-2512.18130v1,q02,Inst_x_Bibliometrics,-0.08333333333333331
text69-PHY-LONG-2602.17389v1,q02,Inst_x_Bibliometrics,-0.15
text70-PHY-LONG-2602.08188v1,q02,Inst_x_Bibliometrics,-0.10000000000000002
text71-MATH-LONG-2511.12781v1,q02,Inst_x_Bibliometrics,-0.01666666666666668
text72-MATH-LONG-2602.06095v1,q02,Inst_x_Bibliometrics,-0.18333333333333332
text73-MATH-LONG-2511.18101v1,q02,Inst_x_Bibliometrics,0.08333333333333333
text74-MATH-LONG-2512.15978v1,q02,Inst_x_Bibliometrics,-0.01666666666666668
text75-MATH-LONG-2511.22140v1,q02,Inst_x_Bibliometrics,-0.01666666666666668
text76-MATH-LONG-2602.20441v1,q02,Inst_x_Bibliometrics,0.0
text77-MATH-LONG-2601.20851v2,q02,Inst_x_Bibliometrics,-0.06666666666666665
text78-MATH-LONG-2512.17595v1,q02,Inst_x_Bibliometrics,0.0
text79-MATH-LONG-2512.10129v1,q02,Inst_x_Bibliometrics,0.0
text80-MATH-LONG-2512.10507v1,q02,Inst_x_Bibliometrics,-0.06666666666666664
text01-BIO-SHORT-2505.02276v1,q03,BF_minus_WM,-0.041666666666666664
text02-BIO-SHORT-2507.04575v1,q03,BF_minus_WM,-0.05833333333333333
text03-BIO-SHORT-2505.11568v3,q03,BF_minus_WM,-0.025000000000000005
text04-BIO-SHORT-2507.08385v1,q03,BF_minus_WM,0.15833333333333335
text05-BIO-SHORT-2504.10973v1,q03,BF_minus_WM,-0.10000000000000002
text06-BIO-SHORT-2506.14789v1,q03,BF_minus_WM,-0.10833333333333332
text07-BIO-SHORT-2506.13576v3,q03,BF_minus_WM,0.08333333333333333
text08-BIO-SHORT-2503.19923v2,q03,BF_minus_WM,-0.05833333333333334
text09-BIO-SHORT-2602.00019v1,q03,BF_minus_WM,0.09999999999999999
text10-BIO-SHORT-2506.13817v1,q03,BF_minus_WM,-0.10833333333333332
text11-CS-SHORT-2506.09194v1,q03,BF_minus_WM,-0.033333333333333354
text12-CS-SHORT-2512.19717v1,q03,BF_minus_WM,0.016666666666666663
text13-CS-SHORT-2510.04124v5,q03,BF_minus_WM,-0.15
text14-CS-SHORT-2509.13349v2,q03,BF_minus_WM,-0.06666666666666665
text15-CS-SHORT-2602.03870v1,q03,BF_minus_WM,0.0
text16-CS-SHORT-2509.06033v1,q03,BF_minus_WM,-0.05833333333333332
text17-CS-SHORT-2509.16294v1,q03,BF_minus_WM,0.08333333333333331
text18-CS-SHORT-2507.09492v1,q03,BF_minus_WM,-0.016666666666666663
text19-CS-SHORT-2509.14600v1,q03,BF_minus_WM,-0.05833333333333334
text20-CS-SHORT-2503.14899v1,q03,BF_minus_WM,0.041666666666666664
text21-PHY-SHORT-2601.23079v1,q03,BF_minus_WM,-0.016666666666666673
text22-PHY-SHORT-2601.23047v1,q03,BF_minus_WM,-0.18333333333333335
text23-PHY-SHORT-2601.23057v1,q03,BF_minus_WM,0.18333333333333335
text24-PHY-SHORT-2509.16741v1,q03,BF_minus_WM,0.025000000000000005
text25-PHY-SHORT-2507.08042v1,q03,BF_minus_WM,-0.21666666666666667
text26-PHY-SHORT-2512.23538v1,q03,BF_minus_WM,-0.04999999999999999
text27-PHY-SHORT-2510.18500v1,q03,BF_minus_WM,0.05833333333333333
text28-PHY-SHORT-2508.20431v1,q03,BF_minus_WM,0.10833333333333334
text29-PHY-SHORT-2509.06825v1,q03,BF_minus_WM,-0.125
text30-PHY-SHORT-2509.17653v2,q03,BF_minus_WM,0.06666666666666667
text31-MATH-SHORT-2511.03536v1,q03,BF_minus_WM,0.041666666666666664
text32-MATH-SHORT-2603.02088v1,q03,BF_minus_WM,0.0
text33-MATH-SHORT-2512.22134v3,q03,BF_minus_WM,0.041666666666666685
text34-MATH-SHORT-2509.00532v1,q03,BF_minus_WM,0.09166666666666667
text35-MATH-SHORT-2512.06844v1,q03,BF_minus_WM,-0.041666666666666664
text36-MATH-SHORT-2503.09380v2,q03,BF_minus_WM,-0.075
text37-MATH-SHORT-2510.26426v1,q03,BF_minus_WM,-0.14166666666666664
text38-MATH-SHORT-2512.04101v1,q03,BF_minus_WM,-0.008333333333333331
text39-MATH-SHORT-2506.11609v2,q03,BF_minus_WM,-9.25185853854297e-18
text40-MATH-SHORT-2507.15879v2,q03,BF_minus_WM,-0.05833333333333333
text41-BIO-LONG-2512.06709v1,q03,BF_minus_WM,-0.2416666666666667
text42-BIO-LONG-2503.07104v1,q03,BF_minus_WM,0.09999999999999999
text43-BIO-LONG-2506.16577v1,q03,BF_minus_WM,0.075
text44-BIO-LONG-2505.20052v1,q03,BF_minus_WM,-0.04999999999999999
text45-BIO-LONG-2507.17897v4,q03,BF_minus_WM,0.04166666666666668
text46-BIO-LONG-2505.05863v1,q03,BF_minus_WM,0.024999999999999994
text47-BIO-LONG-2505.21094v1,q03,BF_minus_WM,0.025000000000000005
text48-BIO-LONG-2602.16750v1,q03,BF_minus_WM,0.0
text49-BIO-LONG-2511.10014v1,q03,BF_minus_WM,-0.11666666666666668
text50-BIO-LONG-2603.01054v1,q03,BF_minus_WM,-0.033333333333333326
text51-CS-LONG-2602.11588v1,q03,BF_minus_WM,0.0
text52-CS-LONG-2602.15675v1,q03,BF_minus_WM,0.0
text53-CS-LONG-2603.02012v1,q03,BF_minus_WM,-0.09999999999999999
text54-CS-LONG-2602.23006v1,q03,BF_minus_WM,-0.25
text55-CS-LONG-2602.21625v1,q03,BF_minus_WM,0.15
text56-CS-LONG-2602.13713v1,q03,BF_minus_WM,-0.033333333333333326
text57-CS-LONG-2603.00079v1,q03,BF_minus_WM,-0.033333333333333326
text58-CS-LONG-2603.01023v1,q03,BF_minus_WM,-0.17500000000000002
text59-CS-LONG-2602.19401v1,q03,BF_minus_WM,0.14166666666666666
text60-CS-LONG-2602.18518v1,q03,BF_minus_WM,-0.041666666666666664
text61-PHY-LONG-2602.03885v1,q03,BF_minus_WM,-0.024999999999999994
text62-PHY-LONG-2511.21971v1,q03,BF_minus_WM,-0.19166666666666668
text63-PHY-LONG-2512.18015v1,q03,BF_minus_WM,-0.075
text64-PHY-LONG-2602.23683v1,q03,BF_minus_WM,0.049999999999999996
text65-PHY-LONG-2601.13267v1,q03,BF_minus_WM,-0.08333333333333333
text66-PHY-LONG-2512.24566v1,q03,BF_minus_WM,0.05833333333333335
text67-PHY-LONG-2602.07636v2,q03,BF_minus_WM,-0.08333333333333333
text68-PHY-LONG-2512.18130v1,q03,BF_minus_WM,0.17499999999999996
text69-PHY-LONG-2602.17389v1,q03,BF_minus_WM,0.12500000000000003
text70-PHY-LONG-2602.08188v1,q03,BF_minus_WM,-0.12500000000000003
text71-MATH-LONG-2511.12781v1,q03,BF_minus_WM,0.033333333333333326
text72-MATH-LONG-2602.06095v1,q03,BF_minus_WM,-0.06666666666666665
text73-MATH-LONG-2511.18101v1,q03,BF_minus_WM,0.025000000000000005
text74-MATH-LONG-2512.15978v1,q03,BF_minus_WM,-0.05833333333333335
text75-MATH-LONG-2511.22140v1,q03,BF_minus_WM,0.0
text76-MATH-LONG-2602.20441v1,q03,BF_minus_WM,0.09999999999999999
text77-MATH-LONG-2601.20851v2,q03,BF_minus_WM,0.025000000000000005
text78-MATH-LONG-2512.17595v1,q03,BF_minus_WM,0.11666666666666668
text79-MATH-LONG-2512.10129v1,q03,BF_minus_WM,-0.06666666666666667
text80-MATH-LONG-2512.10507v1,q03,BF_minus_WM,-0.17500000000000002
text01-BIO-SHORT-2505.02276v1,q03,HI_minus_LI,-0.041666666666666664
text02-BIO-SHORT-2507.04575v1,q03,HI_minus_LI,0.008333333333333323
text03-BIO-SHORT-2505.11568v3,q03,HI_minus_LI,-0.008333333333333323
text04-BIO-SHORT-2507.08385v1,q03,HI_minus_LI,-0.024999999999999994
text05-BIO-SHORT-2504.10973v1,q03,HI_minus_LI,-0.11666666666666665
text06-BIO-SHORT-2506.14789v1,q03,HI_minus_LI,-0.09166666666666667
text07-BIO-SHORT-2506.13576v3,q03,HI_minus_LI,-0.016666666666666673
text08-BIO-SHORT-2503.19923v2,q03,HI_minus_LI,0.09166666666666667
text09-BIO-SHORT-2602.00019v1,q03,HI_minus_LI,-0.03333333333333333
text10-BIO-SHORT-2506.13817v1,q03,HI_minus_LI,-0.125
text11-CS-SHORT-2506.09194v1,q03,HI_minus_LI,0.08333333333333333
text12-CS-SHORT-2512.19717v1,q03,HI_minus_LI,-0.04999999999999999
text13-CS-SHORT-2510.04124v5,q03,HI_minus_LI,0.09999999999999999
text14-CS-SHORT-2509.13349v2,q03,HI_minus_LI,-0.03333333333333336
text15-CS-SHORT-2602.03870v1,q03,HI_minus_LI,-0.033333333333333326
text16-CS-SHORT-2509.06033v1,q03,HI_minus_LI,0.04166666666666668
text17-CS-SHORT-2509.16294v1,q03,HI_minus_LI,0.21666666666666667
text18-CS-SHORT-2507.09492v1,q03,HI_minus_LI,0.016666666666666663
text19-CS-SHORT-2509.14600v1,q03,HI_minus_LI,-0.225
text20-CS-SHORT-2503.14899v1,q03,HI_minus_LI,-0.09166666666666667
text21-PHY-SHORT-2601.23079v1,q03,HI_minus_LI,0.08333333333333333
text22-PHY-SHORT-2601.23047v1,q03,HI_minus_LI,0.13333333333333333
text23-PHY-SHORT-2601.23057v1,q03,HI_minus_LI,-0.13333333333333336
text24-PHY-SHORT-2509.16741v1,q03,HI_minus_LI,-0.041666666666666685
text25-PHY-SHORT-2507.08042v1,q03,HI_minus_LI,0.19999999999999998
text26-PHY-SHORT-2512.23538v1,q03,HI_minus_LI,0.016666666666666663
text27-PHY-SHORT-2510.18500v1,q03,HI_minus_LI,0.07500000000000001
text28-PHY-SHORT-2508.20431v1,q03,HI_minus_LI,-0.09166666666666666
text29-PHY-SHORT-2509.06825v1,q03,HI_minus_LI,-0.10833333333333332
text30-PHY-SHORT-2509.17653v2,q03,HI_minus_LI,-0.09999999999999999
text31-MATH-SHORT-2511.03536v1,q03,HI_minus_LI,0.10833333333333334
text32-MATH-SHORT-2603.02088v1,q03,HI_minus_LI,0.033333333333333326
text33-MATH-SHORT-2512.22134v3,q03,HI_minus_LI,0.10833333333333334
text34-MATH-SHORT-2509.00532v1,q03,HI_minus_LI,-0.05833333333333335
text35-MATH-SHORT-2512.06844v1,q03,HI_minus_LI,-0.05833333333333333
text36-MATH-SHORT-2503.09380v2,q03,HI_minus_LI,0.024999999999999994
text37-MATH-SHORT-2510.26426v1,q03,HI_minus_LI,0.10833333333333335
text38-MATH-SHORT-2512.04101v1,q03,HI_minus_LI,-0.024999999999999994
text39-MATH-SHORT-2506.11609v2,q03,HI_minus_LI,0.016666666666666663
text40-MATH-SHORT-2507.15879v2,q03,HI_minus_LI,0.025000000000000005
text41-BIO-LONG-2512.06709v1,q03,HI_minus_LI,-0.275
text42-BIO-LONG-2503.07104v1,q03,HI_minus_LI,-0.09999999999999999
text43-BIO-LONG-2506.16577v1,q03,HI_minus_LI,0.041666666666666664
text44-BIO-LONG-2505.20052v1,q03,HI_minus_LI,0.0666666666666667
text45-BIO-LONG-2507.17897v4,q03,HI_minus_LI,0.09166666666666667
text46-BIO-LONG-2505.05863v1,q03,HI_minus_LI,-0.008333333333333331
text47-BIO-LONG-2505.21094v1,q03,HI_minus_LI,0.09166666666666666
text48-BIO-LONG-2602.16750v1,q03,HI_minus_LI,0.0
text49-BIO-LONG-2511.10014v1,q03,HI_minus_LI,-0.16666666666666666
text50-BIO-LONG-2603.01054v1,q03,HI_minus_LI,0.13333333333333333
text51-CS-LONG-2602.11588v1,q03,HI_minus_LI,0.033333333333333326
text52-CS-LONG-2602.15675v1,q03,HI_minus_LI,0.0
text53-CS-LONG-2603.02012v1,q03,HI_minus_LI,-0.09999999999999999
text54-CS-LONG-2602.23006v1,q03,HI_minus_LI,0.0
text55-CS-LONG-2602.21625v1,q03,HI_minus_LI,0.65
text56-CS-LONG-2602.13713v1,q03,HI_minus_LI,0.0
text57-CS-LONG-2603.00079v1,q03,HI_minus_LI,-0.08333333333333333
text58-CS-LONG-2603.01023v1,q03,HI_minus_LI,0.075
text59-CS-LONG-2602.19401v1,q03,HI_minus_LI,0.17499999999999996
text60-CS-LONG-2602.18518v1,q03,HI_minus_LI,0.125
text61-PHY-LONG-2602.03885v1,q03,HI_minus_LI,0.05833333333333332
text62-PHY-LONG-2511.21971v1,q03,HI_minus_LI,-0.10833333333333335
text63-PHY-LONG-2512.18015v1,q03,HI_minus_LI,-0.025000000000000005
text64-PHY-LONG-2602.23683v1,q03,HI_minus_LI,0.049999999999999996
text65-PHY-LONG-2601.13267v1,q03,HI_minus_LI,-0.11666666666666665
text66-PHY-LONG-2512.24566v1,q03,HI_minus_LI,0.09166666666666667
text67-PHY-LONG-2602.07636v2,q03,HI_minus_LI,-0.016666666666666663
text68-PHY-LONG-2512.18130v1,q03,HI_minus_LI,0.4083333333333334
text69-PHY-LONG-2602.17389v1,q03,HI_minus_LI,0.024999999999999994
text70-PHY-LONG-2602.08188v1,q03,HI_minus_LI,0.32499999999999996
text71-MATH-LONG-2511.12781v1,q03,HI_minus_LI,0.033333333333333326
text72-MATH-LONG-2602.06095v1,q03,HI_minus_LI,0.033333333333333326
text73-MATH-LONG-2511.18101v1,q03,HI_minus_LI,-0.008333333333333323
text74-MATH-LONG-2512.15978v1,q03,HI_minus_LI,0.075
text75-MATH-LONG-2511.22140v1,q03,HI_minus_LI,-0.033333333333333326
text76-MATH-LONG-2602.20441v1,q03,HI_minus_LI,0.08333333333333336
text77-MATH-LONG-2601.20851v2,q03,HI_minus_LI,0.075
text78-MATH-LONG-2512.17595v1,q03,HI_minus_LI,0.03333333333333335
text79-MATH-LONG-2512.10129v1,q03,HI_minus_LI,0.016666666666666663
text80-MATH-LONG-2512.10507v1,q03,HI_minus_LI,-0.008333333333333312
text01-BIO-SHORT-2505.02276v1,q03,HP_minus_LP,0.041666666666666664
text02-BIO-SHORT-2507.04575v1,q03,HP_minus_LP,-0.12500000000000003
text03-BIO-SHORT-2505.11568v3,q03,HP_minus_LP,-0.025000000000000005
text04-BIO-SHORT-2507.08385v1,q03,HP_minus_LP,0.225
text05-BIO-SHORT-2504.10973v1,q03,HP_minus_LP,-0.05000000000000001
text06-BIO-SHORT-2506.14789v1,q03,HP_minus_LP,-0.00833333333333334
text07-BIO-SHORT-2506.13576v3,q03,HP_minus_LP,0.10000000000000003
text08-BIO-SHORT-2503.19923v2,q03,HP_minus_LP,-0.125
text09-BIO-SHORT-2602.00019v1,q03,HP_minus_LP,-0.09999999999999999
text10-BIO-SHORT-2506.13817v1,q03,HP_minus_LP,-0.05833333333333335
text11-CS-SHORT-2506.09194v1,q03,HP_minus_LP,0.11666666666666665
text12-CS-SHORT-2512.19717v1,q03,HP_minus_LP,0.03333333333333335
text13-CS-SHORT-2510.04124v5,q03,HP_minus_LP,0.11666666666666665
text14-CS-SHORT-2509.13349v2,q03,HP_minus_LP,0.16666666666666666
text15-CS-SHORT-2602.03870v1,q03,HP_minus_LP,-0.033333333333333326
text16-CS-SHORT-2509.06033v1,q03,HP_minus_LP,-0.10833333333333332
text17-CS-SHORT-2509.16294v1,q03,HP_minus_LP,0.05000000000000002
text18-CS-SHORT-2507.09492v1,q03,HP_minus_LP,-0.04999999999999999
text19-CS-SHORT-2509.14600v1,q03,HP_minus_LP,-0.125
text20-CS-SHORT-2503.14899v1,q03,HP_minus_LP,0.14166666666666666
text21-PHY-SHORT-2601.23079v1,q03,HP_minus_LP,0.08333333333333333
text22-PHY-SHORT-2601.23047v1,q03,HP_minus_LP,0.13333333333333333
text23-PHY-SHORT-2601.23057v1,q03,HP_minus_LP,0.11666666666666668
text24-PHY-SHORT-2509.16741v1,q03,HP_minus_LP,-0.10833333333333332
text25-PHY-SHORT-2507.08042v1,q03,HP_minus_LP,-0.11666666666666665
text26-PHY-SHORT-2512.23538v1,q03,HP_minus_LP,-0.016666666666666663
text27-PHY-SHORT-2510.18500v1,q03,HP_minus_LP,0.05833333333333333
text28-PHY-SHORT-2508.20431v1,q03,HP_minus_LP,-0.15833333333333335
text29-PHY-SHORT-2509.06825v1,q03,HP_minus_LP,-0.35833333333333334
text30-PHY-SHORT-2509.17653v2,q03,HP_minus_LP,1.850371707708594e-17
text31-MATH-SHORT-2511.03536v1,q03,HP_minus_LP,-0.041666666666666664
text32-MATH-SHORT-2603.02088v1,q03,HP_minus_LP,-0.08333333333333333
text33-MATH-SHORT-2512.22134v3,q03,HP_minus_LP,-0.05833333333333333
text34-MATH-SHORT-2509.00532v1,q03,HP_minus_LP,-0.14166666666666664
text35-MATH-SHORT-2512.06844v1,q03,HP_minus_LP,0.05833333333333333
text36-MATH-SHORT-2503.09380v2,q03,HP_minus_LP,-0.008333333333333331
text37-MATH-SHORT-2510.26426v1,q03,HP_minus_LP,-0.10833333333333332
text38-MATH-SHORT-2512.04101v1,q03,HP_minus_LP,0.008333333333333331
text39-MATH-SHORT-2506.11609v2,q03,HP_minus_LP,-0.04999999999999999
text40-MATH-SHORT-2507.15879v2,q03,HP_minus_LP,0.05833333333333333
text41-BIO-LONG-2512.06709v1,q03,HP_minus_LP,-0.2916666666666667
text42-BIO-LONG-2503.07104v1,q03,HP_minus_LP,-0.06666666666666667
text43-BIO-LONG-2506.16577v1,q03,HP_minus_LP,-0.00833333333333334
text44-BIO-LONG-2505.20052v1,q03,HP_minus_LP,-0.0666666666666667
text45-BIO-LONG-2507.17897v4,q03,HP_minus_LP,0.125
text46-BIO-LONG-2505.05863v1,q03,HP_minus_LP,0.025000000000000005
text47-BIO-LONG-2505.21094v1,q03,HP_minus_LP,0.008333333333333337
text48-BIO-LONG-2602.16750v1,q03,HP_minus_LP,0.0
text49-BIO-LONG-2511.10014v1,q03,HP_minus_LP,0.03333333333333335
text50-BIO-LONG-2603.01054v1,q03,HP_minus_LP,-0.06666666666666665
text51-CS-LONG-2602.11588v1,q03,HP_minus_LP,0.033333333333333326
text52-CS-LONG-2602.15675v1,q03,HP_minus_LP,0.0
text53-CS-LONG-2603.02012v1,q03,HP_minus_LP,-0.09999999999999999
text54-CS-LONG-2602.23006v1,q03,HP_minus_LP,-0.25
text55-CS-LONG-2602.21625v1,q03,HP_minus_LP,0.049999999999999996
text56-CS-LONG-2602.13713v1,q03,HP_minus_LP,0.0
text57-CS-LONG-2603.00079v1,q03,HP_minus_LP,-0.05000000000000001
text58-CS-LONG-2603.01023v1,q03,HP_minus_LP,-0.17500000000000002
text59-CS-LONG-2602.19401v1,q03,HP_minus_LP,0.02500000000000001
text60-CS-LONG-2602.18518v1,q03,HP_minus_LP,0.041666666666666664
text61-PHY-LONG-2602.03885v1,q03,HP_minus_LP,0.04166666666666668
text62-PHY-LONG-2511.21971v1,q03,HP_minus_LP,-0.041666666666666685
text63-PHY-LONG-2512.18015v1,q03,HP_minus_LP,0.041666666666666664
text64-PHY-LONG-2602.23683v1,q03,HP_minus_LP,-0.049999999999999996
text65-PHY-LONG-2601.13267v1,q03,HP_minus_LP,-0.08333333333333333
text66-PHY-LONG-2512.24566v1,q03,HP_minus_LP,0.041666666666666664
text67-PHY-LONG-2602.07636v2,q03,HP_minus_LP,0.11666666666666665
text68-PHY-LONG-2512.18130v1,q03,HP_minus_LP,-0.05833333333333333
text69-PHY-LONG-2602.17389v1,q03,HP_minus_LP,0.024999999999999994
text70-PHY-LONG-2602.08188v1,q03,HP_minus_LP,0.17500000000000002
text71-MATH-LONG-2511.12781v1,q03,HP_minus_LP,0.08333333333333333
text72-MATH-LONG-2602.06095v1,q03,HP_minus_LP,-0.04999999999999999
text73-MATH-LONG-2511.18101v1,q03,HP_minus_LP,0.008333333333333323
text74-MATH-LONG-2512.15978v1,q03,HP_minus_LP,0.008333333333333331
text75-MATH-LONG-2511.22140v1,q03,HP_minus_LP,0.033333333333333326
text76-MATH-LONG-2602.20441v1,q03,HP_minus_LP,-0.18333333333333335
text77-MATH-LONG-2601.20851v2,q03,HP_minus_LP,0.00833333333333334
text78-MATH-LONG-2512.17595v1,q03,HP_minus_LP,0.016666666666666663
text79-MATH-LONG-2512.10129v1,q03,HP_minus_LP,0.11666666666666668
text80-MATH-LONG-2512.10507v1,q03,HP_minus_LP,-0.125
text01-BIO-SHORT-2505.02276v1,q03,Name_x_Inst,0.08333333333333333
text02-BIO-SHORT-2507.04575v1,q03,Name_x_Inst,0.18333333333333332
text03-BIO-SHORT-2505.11568v3,q03,Name_x_Inst,0.016666666666666646
text04-BIO-SHORT-2507.08385v1,q03,Name_x_Inst,-0.35000000000000003
text05-BIO-SHORT-2504.10973v1,q03,Name_x_Inst,0.26666666666666666
text06-BIO-SHORT-2506.14789v1,q03,Name_x_Inst,0.28333333333333327
text07-BIO-SHORT-2506.13576v3,q03,Name_x_Inst,-0.033333333333333305
text08-BIO-SHORT-2503.19923v2,q03,Name_x_Inst,-0.016666666666666646
text09-BIO-SHORT-2602.00019v1,q03,Name_x_Inst,-1.850371707708594e-17
text10-BIO-SHORT-2506.13817v1,q03,Name_x_Inst,-0.18333333333333335
text11-CS-SHORT-2506.09194v1,q03,Name_x_Inst,0.16666666666666666
text12-CS-SHORT-2512.19717v1,q03,Name_x_Inst,0.23333333333333336
text13-CS-SHORT-2510.04124v5,q03,Name_x_Inst,0.23333333333333336
text14-CS-SHORT-2509.13349v2,q03,Name_x_Inst,1.0666666666666667
text15-CS-SHORT-2602.03870v1,q03,Name_x_Inst,0.0
text16-CS-SHORT-2509.06033v1,q03,Name_x_Inst,-0.08333333333333336
text17-CS-SHORT-2509.16294v1,q03,Name_x_Inst,-0.16666666666666666
text18-CS-SHORT-2507.09492v1,q03,Name_x_Inst,0.033333333333333326
text19-CS-SHORT-2509.14600v1,q03,Name_x_Inst,0.11666666666666664
text20-CS-SHORT-2503.14899v1,q03,Name_x_Inst,0.08333333333333333
text21-PHY-SHORT-2601.23079v1,q03,Name_x_Inst,-0.13333333333333333
text22-PHY-SHORT-2601.23047v1,q03,Name_x_Inst,0.3
text23-PHY-SHORT-2601.23057v1,q03,Name_x_Inst,-0.10000000000000002
text24-PHY-SHORT-2509.16741v1,q03,Name_x_Inst,-0.18333333333333332
text25-PHY-SHORT-2507.08042v1,q03,Name_x_Inst,-0.4666666666666666
text26-PHY-SHORT-2512.23538v1,q03,Name_x_Inst,-0.033333333333333326
text27-PHY-SHORT-2510.18500v1,q03,Name_x_Inst,0.18333333333333332
text28-PHY-SHORT-2508.20431v1,q03,Name_x_Inst,0.050000000000000024
text29-PHY-SHORT-2509.06825v1,q03,Name_x_Inst,-0.016666666666666663
text30-PHY-SHORT-2509.17653v2,q03,Name_x_Inst,3.700743415417188e-17
text31-MATH-SHORT-2511.03536v1,q03,Name_x_Inst,0.05000000000000001
text32-MATH-SHORT-2603.02088v1,q03,Name_x_Inst,0.0
text33-MATH-SHORT-2512.22134v3,q03,Name_x_Inst,0.3166666666666667
text34-MATH-SHORT-2509.00532v1,q03,Name_x_Inst,-0.3500000000000001
text35-MATH-SHORT-2512.06844v1,q03,Name_x_Inst,-0.08333333333333333
text36-MATH-SHORT-2503.09380v2,q03,Name_x_Inst,0.2833333333333334
text37-MATH-SHORT-2510.26426v1,q03,Name_x_Inst,-0.050000000000000024
text38-MATH-SHORT-2512.04101v1,q03,Name_x_Inst,-0.016666666666666663
text39-MATH-SHORT-2506.11609v2,q03,Name_x_Inst,0.06666666666666668
text40-MATH-SHORT-2507.15879v2,q03,Name_x_Inst,0.05000000000000001
text41-BIO-LONG-2512.06709v1,q03,Name_x_Inst,0.2833333333333334
text42-BIO-LONG-2503.07104v1,q03,Name_x_Inst,-0.19999999999999998
text43-BIO-LONG-2506.16577v1,q03,Name_x_Inst,0.08333333333333333
text44-BIO-LONG-2505.20052v1,q03,Name_x_Inst,-0.43333333333333335
text45-BIO-LONG-2507.17897v4,q03,Name_x_Inst,-0.08333333333333333
text46-BIO-LONG-2505.05863v1,q03,Name_x_Inst,-0.11666666666666668
text47-BIO-LONG-2505.21094v1,q03,Name_x_Inst,0.08333333333333331
text48-BIO-LONG-2602.16750v1,q03,Name_x_Inst,0.0
text49-BIO-LONG-2511.10014v1,q03,Name_x_Inst,0.033333333333333326
text50-BIO-LONG-2603.01054v1,q03,Name_x_Inst,0.06666666666666665
text51-CS-LONG-2602.11588v1,q03,Name_x_Inst,0.0
text52-CS-LONG-2602.15675v1,q03,Name_x_Inst,0.0
text53-CS-LONG-2603.02012v1,q03,Name_x_Inst,0.19999999999999998
text54-CS-LONG-2602.23006v1,q03,Name_x_Inst,0.0
text55-CS-LONG-2602.21625v1,q03,Name_x_Inst,0.7000000000000001
text56-CS-LONG-2602.13713v1,q03,Name_x_Inst,0.0
text57-CS-LONG-2603.00079v1,q03,Name_x_Inst,0.03333333333333333
text58-CS-LONG-2603.01023v1,q03,Name_x_Inst,0.15
text59-CS-LONG-2602.19401v1,q03,Name_x_Inst,-0.21666666666666667
text60-CS-LONG-2602.18518v1,q03,Name_x_Inst,0.08333333333333333
text61-PHY-LONG-2602.03885v1,q03,Name_x_Inst,-0.08333333333333336
text62-PHY-LONG-2511.21971v1,q03,Name_x_Inst,-0.016666666666666663
text63-PHY-LONG-2512.18015v1,q03,Name_x_Inst,-0.08333333333333333
text64-PHY-LONG-2602.23683v1,q03,Name_x_Inst,0.09999999999999999
text65-PHY-LONG-2601.13267v1,q03,Name_x_Inst,0.16666666666666666
text66-PHY-LONG-2512.24566v1,q03,Name_x_Inst,0.050000000000000044
text67-PHY-LONG-2602.07636v2,q03,Name_x_Inst,0.16666666666666666
text68-PHY-LONG-2512.18130v1,q03,Name_x_Inst,0.25
text69-PHY-LONG-2602.17389v1,q03,Name_x_Inst,0.04999999999999999
text70-PHY-LONG-2602.08188v1,q03,Name_x_Inst,0.05000000000000001
text71-MATH-LONG-2511.12781v1,q03,Name_x_Inst,-0.06666666666666665
text72-MATH-LONG-2602.06095v1,q03,Name_x_Inst,0.7666666666666666
text73-MATH-LONG-2511.18101v1,q03,Name_x_Inst,-0.2833333333333333
text74-MATH-LONG-2512.15978v1,q03,Name_x_Inst,-0.08333333333333338
text75-MATH-LONG-2511.22140v1,q03,Name_x_Inst,-0.06666666666666665
text76-MATH-LONG-2602.20441v1,q03,Name_x_Inst,-0.3
text77-MATH-LONG-2601.20851v2,q03,Name_x_Inst,-0.08333333333333333
text78-MATH-LONG-2512.17595v1,q03,Name_x_Inst,-0.3666666666666667
text79-MATH-LONG-2512.10129v1,q03,Name_x_Inst,0.19999999999999998
text80-MATH-LONG-2512.10507v1,q03,Name_x_Inst,-0.08333333333333336
text01-BIO-SHORT-2505.02276v1,q03,Name_x_Bibliometrics,-0.08333333333333333
text02-BIO-SHORT-2507.04575v1,q03,Name_x_Bibliometrics,0.11666666666666665
text03-BIO-SHORT-2505.11568v3,q03,Name_x_Bibliometrics,0.05000000000000001
text04-BIO-SHORT-2507.08385v1,q03,Name_x_Bibliometrics,0.2833333333333333
text05-BIO-SHORT-2504.10973v1,q03,Name_x_Bibliometrics,-0.20000000000000004
text06-BIO-SHORT-2506.14789v1,q03,Name_x_Bibliometrics,-0.35000000000000003
text07-BIO-SHORT-2506.13576v3,q03,Name_x_Bibliometrics,0.26666666666666666
text08-BIO-SHORT-2503.19923v2,q03,Name_x_Bibliometrics,0.15
text09-BIO-SHORT-2602.00019v1,q03,Name_x_Bibliometrics,-0.26666666666666666
text10-BIO-SHORT-2506.13817v1,q03,Name_x_Bibliometrics,-0.18333333333333335
text11-CS-SHORT-2506.09194v1,q03,Name_x_Bibliometrics,-0.30000000000000004
text12-CS-SHORT-2512.19717v1,q03,Name_x_Bibliometrics,0.0666666666666667
text13-CS-SHORT-2510.04124v5,q03,Name_x_Bibliometrics,0.06666666666666667
text14-CS-SHORT-2509.13349v2,q03,Name_x_Bibliometrics,-0.39999999999999997
text15-CS-SHORT-2602.03870v1,q03,Name_x_Bibliometrics,0.0
text16-CS-SHORT-2509.06033v1,q03,Name_x_Bibliometrics,0.08333333333333336
text17-CS-SHORT-2509.16294v1,q03,Name_x_Bibliometrics,-0.2333333333333333
text18-CS-SHORT-2507.09492v1,q03,Name_x_Bibliometrics,0.033333333333333326
text19-CS-SHORT-2509.14600v1,q03,Name_x_Bibliometrics,-0.15
text20-CS-SHORT-2503.14899v1,q03,Name_x_Bibliometrics,0.21666666666666667
text21-PHY-SHORT-2601.23079v1,q03,Name_x_Bibliometrics,-0.06666666666666667
text22-PHY-SHORT-2601.23047v1,q03,Name_x_Bibliometrics,0.3
text23-PHY-SHORT-2601.23057v1,q03,Name_x_Bibliometrics,-0.06666666666666664
text24-PHY-SHORT-2509.16741v1,q03,Name_x_Bibliometrics,0.21666666666666665
text25-PHY-SHORT-2507.08042v1,q03,Name_x_Bibliometrics,0.03333333333333329
text26-PHY-SHORT-2512.23538v1,q03,Name_x_Bibliometrics,0.033333333333333326
text27-PHY-SHORT-2510.18500v1,q03,Name_x_Bibliometrics,0.21666666666666667
text28-PHY-SHORT-2508.20431v1,q03,Name_x_Bibliometrics,-0.08333333333333333
text29-PHY-SHORT-2509.06825v1,q03,Name_x_Bibliometrics,-0.11666666666666665
text30-PHY-SHORT-2509.17653v2,q03,Name_x_Bibliometrics,0.4666666666666666
text31-MATH-SHORT-2511.03536v1,q03,Name_x_Bibliometrics,0.08333333333333333
text32-MATH-SHORT-2603.02088v1,q03,Name_x_Bibliometrics,0.16666666666666666
text33-MATH-SHORT-2512.22134v3,q03,Name_x_Bibliometrics,0.11666666666666665
text34-MATH-SHORT-2509.00532v1,q03,Name_x_Bibliometrics,-0.25
text35-MATH-SHORT-2512.06844v1,q03,Name_x_Bibliometrics,0.08333333333333333
text36-MATH-SHORT-2503.09380v2,q03,Name_x_Bibliometrics,0.08333333333333333
text37-MATH-SHORT-2510.26426v1,q03,Name_x_Bibliometrics,-0.08333333333333331
text38-MATH-SHORT-2512.04101v1,q03,Name_x_Bibliometrics,-0.016666666666666663
text39-MATH-SHORT-2506.11609v2,q03,Name_x_Bibliometrics,0.39999999999999997
text40-MATH-SHORT-2507.15879v2,q03,Name_x_Bibliometrics,0.11666666666666665
text41-BIO-LONG-2512.06709v1,q03,Name_x_Bibliometrics,-0.55
text42-BIO-LONG-2503.07104v1,q03,Name_x_Bibliometrics,-0.13333333333333333
text43-BIO-LONG-2506.16577v1,q03,Name_x_Bibliometrics,-0.01666666666666668
text44-BIO-LONG-2505.20052v1,q03,Name_x_Bibliometrics,0.43333333333333335
text45-BIO-LONG-2507.17897v4,q03,Name_x_Bibliometrics,-0.01666666666666669
text46-BIO-LONG-2505.05863v1,q03,Name_x_Bibliometrics,0.48333333333333334
text47-BIO-LONG-2505.21094v1,q03,Name_x_Bibliometrics,-0.08333333333333333
text48-BIO-LONG-2602.16750v1,q03,Name_x_Bibliometrics,0.0
text49-BIO-LONG-2511.10014v1,q03,Name_x_Bibliometrics,0.09999999999999998
text50-BIO-LONG-2603.01054v1,q03,Name_x_Bibliometrics,0.3333333333333333
text51-CS-LONG-2602.11588v1,q03,Name_x_Bibliometrics,0.0
text52-CS-LONG-2602.15675v1,q03,Name_x_Bibliometrics,0.0
text53-CS-LONG-2603.02012v1,q03,Name_x_Bibliometrics,0.19999999999999998
text54-CS-LONG-2602.23006v1,q03,Name_x_Bibliometrics,0.5
text55-CS-LONG-2602.21625v1,q03,Name_x_Bibliometrics,-0.09999999999999999
text56-CS-LONG-2602.13713v1,q03,Name_x_Bibliometrics,0.0
text57-CS-LONG-2603.00079v1,q03,Name_x_Bibliometrics,-0.03333333333333332
text58-CS-LONG-2603.01023v1,q03,Name_x_Bibliometrics,-0.35000000000000003
text59-CS-LONG-2602.19401v1,q03,Name_x_Bibliometrics,-0.049999999999999996
text60-CS-LONG-2602.18518v1,q03,Name_x_Bibliometrics,-0.08333333333333333
text61-PHY-LONG-2602.03885v1,q03,Name_x_Bibliometrics,-0.11666666666666664
text62-PHY-LONG-2511.21971v1,q03,Name_x_Bibliometrics,-0.0166666666666667
text63-PHY-LONG-2512.18015v1,q03,Name_x_Bibliometrics,0.11666666666666665
text64-PHY-LONG-2602.23683v1,q03,Name_x_Bibliometrics,-0.09999999999999999
text65-PHY-LONG-2601.13267v1,q03,Name_x_Bibliometrics,0.10000000000000002
text66-PHY-LONG-2512.24566v1,q03,Name_x_Bibliometrics,0.08333333333333333
text67-PHY-LONG-2602.07636v2,q03,Name_x_Bibliometrics,0.033333333333333326
text68-PHY-LONG-2512.18130v1,q03,Name_x_Bibliometrics,0.45
text69-PHY-LONG-2602.17389v1,q03,Name_x_Bibliometrics,-0.08333333333333331
text70-PHY-LONG-2602.08188v1,q03,Name_x_Bibliometrics,0.016666666666666646
text71-MATH-LONG-2511.12781v1,q03,Name_x_Bibliometrics,0.3666666666666667
text72-MATH-LONG-2602.06095v1,q03,Name_x_Bibliometrics,0.9333333333333332
text73-MATH-LONG-2511.18101v1,q03,Name_x_Bibliometrics,0.2833333333333333
text74-MATH-LONG-2512.15978v1,q03,Name_x_Bibliometrics,0.18333333333333335
text75-MATH-LONG-2511.22140v1,q03,Name_x_Bibliometrics,0.06666666666666665
text76-MATH-LONG-2602.20441v1,q03,Name_x_Bibliometrics,0.3666666666666667
text77-MATH-LONG-2601.20851v2,q03,Name_x_Bibliometrics,-0.08333333333333333
text78-MATH-LONG-2512.17595v1,q03,Name_x_Bibliometrics,0.13333333333333333
text79-MATH-LONG-2512.10129v1,q03,Name_x_Bibliometrics,-3.700743415417188e-17
text80-MATH-LONG-2512.10507v1,q03,Name_x_Bibliometrics,-0.04999999999999999
text01-BIO-SHORT-2505.02276v1,q03,Inst_x_Bibliometrics,-0.08333333333333333
text02-BIO-SHORT-2507.04575v1,q03,Inst_x_Bibliometrics,-0.21666666666666667
text03-BIO-SHORT-2505.11568v3,q03,Inst_x_Bibliometrics,0.016666666666666646
text04-BIO-SHORT-2507.08385v1,q03,Inst_x_Bibliometrics,0.1166666666666667
text05-BIO-SHORT-2504.10973v1,q03,Inst_x_Bibliometrics,0.23333333333333336
text06-BIO-SHORT-2506.14789v1,q03,Inst_x_Bibliometrics,0.08333333333333333
text07-BIO-SHORT-2506.13576v3,q03,Inst_x_Bibliometrics,0.19999999999999996
text08-BIO-SHORT-2503.19923v2,q03,Inst_x_Bibliometrics,0.05000000000000001
text09-BIO-SHORT-2602.00019v1,q03,Inst_x_Bibliometrics,1.850371707708594e-17
text10-BIO-SHORT-2506.13817v1,q03,Inst_x_Bibliometrics,-0.15
text11-CS-SHORT-2506.09194v1,q03,Inst_x_Bibliometrics,-0.06666666666666667
text12-CS-SHORT-2512.19717v1,q03,Inst_x_Bibliometrics,0.19999999999999998
text13-CS-SHORT-2510.04124v5,q03,Inst_x_Bibliometrics,0.23333333333333336
text14-CS-SHORT-2509.13349v2,q03,Inst_x_Bibliometrics,-0.20000000000000007
text15-CS-SHORT-2602.03870v1,q03,Inst_x_Bibliometrics,0.06666666666666665
text16-CS-SHORT-2509.06033v1,q03,Inst_x_Bibliometrics,0.2166666666666667
text17-CS-SHORT-2509.16294v1,q03,Inst_x_Bibliometrics,0.16666666666666666
text18-CS-SHORT-2507.09492v1,q03,Inst_x_Bibliometrics,-0.033333333333333326
text19-CS-SHORT-2509.14600v1,q03,Inst_x_Bibliometrics,-0.41666666666666674
text20-CS-SHORT-2503.14899v1,q03,Inst_x_Bibliometrics,-0.05000000000000001
text21-PHY-SHORT-2601.23079v1,q03,Inst_x_Bibliometrics,-0.06666666666666667
text22-PHY-SHORT-2601.23047v1,q03,Inst_x_Bibliometrics,-0.13333333333333333
text23-PHY-SHORT-2601.23057v1,q03,Inst_x_Bibliometrics,-0.09999999999999999
text24-PHY-SHORT-2509.16741v1,q03,Inst_x_Bibliometrics,0.016666666666666625
text25-PHY-SHORT-2507.08042v1,q03,Inst_x_Bibliometrics,-0.26666666666666666
text26-PHY-SHORT-2512.23538v1,q03,Inst_x_Bibliometrics,-0.09999999999999998
text27-PHY-SHORT-2510.18500v1,q03,Inst_x_Bibliometrics,0.3166666666666666
text28-PHY-SHORT-2508.20431v1,q03,Inst_x_Bibliometrics,0.3166666666666667
text29-PHY-SHORT-2509.06825v1,q03,Inst_x_Bibliometrics,0.18333333333333335
text30-PHY-SHORT-2509.17653v2,q03,Inst_x_Bibliometrics,0.13333333333333333
text31-MATH-SHORT-2511.03536v1,q03,Inst_x_Bibliometrics,0.21666666666666667
text32-MATH-SHORT-2603.02088v1,q03,Inst_x_Bibliometrics,-0.10000000000000002
text33-MATH-SHORT-2512.22134v3,q03,Inst_x_Bibliometrics,0.11666666666666665
text34-MATH-SHORT-2509.00532v1,q03,Inst_x_Bibliometrics,-0.01666666666666668
text35-MATH-SHORT-2512.06844v1,q03,Inst_x_Bibliometrics,0.05000000000000001
text36-MATH-SHORT-2503.09380v2,q03,Inst_x_Bibliometrics,-0.1166666666666667
text37-MATH-SHORT-2510.26426v1,q03,Inst_x_Bibliometrics,-0.11666666666666668
text38-MATH-SHORT-2512.04101v1,q03,Inst_x_Bibliometrics,-0.04999999999999999
text39-MATH-SHORT-2506.11609v2,q03,Inst_x_Bibliometrics,-0.10000000000000002
text40-MATH-SHORT-2507.15879v2,q03,Inst_x_Bibliometrics,-0.05000000000000001
text41-BIO-LONG-2512.06709v1,q03,Inst_x_Bibliometrics,0.18333333333333335
text42-BIO-LONG-2503.07104v1,q03,Inst_x_Bibliometrics,0.13333333333333333
text43-BIO-LONG-2506.16577v1,q03,Inst_x_Bibliometrics,0.04999999999999997
text44-BIO-LONG-2505.20052v1,q03,Inst_x_Bibliometrics,0.06666666666666665
text45-BIO-LONG-2507.17897v4,q03,Inst_x_Bibliometrics,0.016666666666666653
text46-BIO-LONG-2505.05863v1,q03,Inst_x_Bibliometrics,-0.11666666666666668
text47-BIO-LONG-2505.21094v1,q03,Inst_x_Bibliometrics,-0.01666666666666668
text48-BIO-LONG-2602.16750v1,q03,Inst_x_Bibliometrics,0.0
text49-BIO-LONG-2511.10014v1,q03,Inst_x_Bibliometrics,-0.19999999999999998
text50-BIO-LONG-2603.01054v1,q03,Inst_x_Bibliometrics,0.0
text51-CS-LONG-2602.11588v1,q03,Inst_x_Bibliometrics,0.06666666666666665
text52-CS-LONG-2602.15675v1,q03,Inst_x_Bibliometrics,0.0
text53-CS-LONG-2603.02012v1,q03,Inst_x_Bibliometrics,0.19999999999999998
text54-CS-LONG-2602.23006v1,q03,Inst_x_Bibliometrics,0.0
text55-CS-LONG-2602.21625v1,q03,Inst_x_Bibliometrics,-0.09999999999999999
text56-CS-LONG-2602.13713v1,q03,Inst_x_Bibliometrics,-0.06666666666666665
text57-CS-LONG-2603.00079v1,q03,Inst_x_Bibliometrics,0.19999999999999996
text58-CS-LONG-2603.01023v1,q03,Inst_x_Bibliometrics,0.15
text59-CS-LONG-2602.19401v1,q03,Inst_x_Bibliometrics,0.016666666666666653
text60-CS-LONG-2602.18518v1,q03,Inst_x_Bibliometrics,-0.08333333333333333
text61-PHY-LONG-2602.03885v1,q03,Inst_x_Bibliometrics,0.04999999999999999
text62-PHY-LONG-2511.21971v1,q03,Inst_x_Bibliometrics,0.08333333333333333
text63-PHY-LONG-2512.18015v1,q03,Inst_x_Bibliometrics,0.016666666666666663
text64-PHY-LONG-2602.23683v1,q03,Inst_x_Bibliometrics,-0.09999999999999999
text65-PHY-LONG-2601.13267v1,q03,Inst_x_Bibliometrics,0.16666666666666666
text66-PHY-LONG-2512.24566v1,q03,Inst_x_Bibliometrics,0.15
text67-PHY-LONG-2602.07636v2,q03,Inst_x_Bibliometrics,0.16666666666666666
text68-PHY-LONG-2512.18130v1,q03,Inst_x_Bibliometrics,0.18333333333333335
text69-PHY-LONG-2602.17389v1,q03,Inst_x_Bibliometrics,0.25
text70-PHY-LONG-2602.08188v1,q03,Inst_x_Bibliometrics,0.11666666666666668
text71-MATH-LONG-2511.12781v1,q03,Inst_x_Bibliometrics,-0.16666666666666666
text72-MATH-LONG-2602.06095v1,q03,Inst_x_Bibliometrics,0.7999999999999999
text73-MATH-LONG-2511.18101v1,q03,Inst_x_Bibliometrics,-0.3166666666666667
text74-MATH-LONG-2512.15978v1,q03,Inst_x_Bibliometrics,-0.08333333333333333
text75-MATH-LONG-2511.22140v1,q03,Inst_x_Bibliometrics,-0.1333333333333333
text76-MATH-LONG-2602.20441v1,q03,Inst_x_Bibliometrics,0.26666666666666666
text77-MATH-LONG-2601.20851v2,q03,Inst_x_Bibliometrics,0.016666666666666646
text78-MATH-LONG-2512.17595v1,q03,Inst_x_Bibliometrics,0.09999999999999998
text79-MATH-LONG-2512.10129v1,q03,Inst_x_Bibliometrics,0.033333333333333326
text80-MATH-LONG-2512.10507v1,q03,Inst_x_Bibliometrics,0.15
text01-BIO-SHORT-2505.02276v1,q04,BF_minus_WM,0.03333333333333335
text02-BIO-SHORT-2507.04575v1,q04,BF_minus_WM,0.00833333333333334
text03-BIO-SHORT-2505.11568v3,q04,BF_minus_WM,0.0
text04-BIO-SHORT-2507.08385v1,q04,BF_minus_WM,0.06666666666666667
text05-BIO-SHORT-2504.10973v1,q04,BF_minus_WM,0.0
text06-BIO-SHORT-2506.14789v1,q04,BF_minus_WM,-0.00833333333333334
text07-BIO-SHORT-2506.13576v3,q04,BF_minus_WM,0.0
text08-BIO-SHORT-2503.19923v2,q04,BF_minus_WM,-0.20833333333333334
text09-BIO-SHORT-2602.00019v1,q04,BF_minus_WM,0.033333333333333326
text10-BIO-SHORT-2506.13817v1,q04,BF_minus_WM,0.0
text11-CS-SHORT-2506.09194v1,q04,BF_minus_WM,0.00833333333333334
text12-CS-SHORT-2512.19717v1,q04,BF_minus_WM,-0.00833333333333334
text13-CS-SHORT-2510.04124v5,q04,BF_minus_WM,0.0
text14-CS-SHORT-2509.13349v2,q04,BF_minus_WM,-0.041666666666666664
text15-CS-SHORT-2602.03870v1,q04,BF_minus_WM,0.0
text16-CS-SHORT-2509.06033v1,q04,BF_minus_WM,0.13333333333333333
text17-CS-SHORT-2509.16294v1,q04,BF_minus_WM,0.10000000000000002
text18-CS-SHORT-2507.09492v1,q04,BF_minus_WM,-0.041666666666666664
text19-CS-SHORT-2509.14600v1,q04,BF_minus_WM,0.041666666666666664
text20-CS-SHORT-2503.14899v1,q04,BF_minus_WM,0.00833333333333334
text21-PHY-SHORT-2601.23079v1,q04,BF_minus_WM,0.0
text22-PHY-SHORT-2601.23047v1,q04,BF_minus_WM,0.0
text23-PHY-SHORT-2601.23057v1,q04,BF_minus_WM,0.0
text24-PHY-SHORT-2509.16741v1,q04,BF_minus_WM,-0.05833333333333333
text25-PHY-SHORT-2507.08042v1,q04,BF_minus_WM,0.21666666666666667
text26-PHY-SHORT-2512.23538v1,q04,BF_minus_WM,0.04999999999999999
text27-PHY-SHORT-2510.18500v1,q04,BF_minus_WM,0.041666666666666664
text28-PHY-SHORT-2508.20431v1,q04,BF_minus_WM,0.0
text29-PHY-SHORT-2509.06825v1,q04,BF_minus_WM,0.0
text30-PHY-SHORT-2509.17653v2,q04,BF_minus_WM,-0.05833333333333335
text31-MATH-SHORT-2511.03536v1,q04,BF_minus_WM,0.016666666666666646
text32-MATH-SHORT-2603.02088v1,q04,BF_minus_WM,0.06666666666666667
text33-MATH-SHORT-2512.22134v3,q04,BF_minus_WM,0.0
text34-MATH-SHORT-2509.00532v1,q04,BF_minus_WM,0.08333333333333333
text35-MATH-SHORT-2512.06844v1,q04,BF_minus_WM,0.041666666666666664
text36-MATH-SHORT-2503.09380v2,q04,BF_minus_WM,0.06666666666666667
text37-MATH-SHORT-2510.26426v1,q04,BF_minus_WM,0.125
text38-MATH-SHORT-2512.04101v1,q04,BF_minus_WM,0.041666666666666664
text39-MATH-SHORT-2506.11609v2,q04,BF_minus_WM,0.033333333333333326
text40-MATH-SHORT-2507.15879v2,q04,BF_minus_WM,-0.00833333333333334
text41-BIO-LONG-2512.06709v1,q04,BF_minus_WM,0.10833333333333334
text42-BIO-LONG-2503.07104v1,q04,BF_minus_WM,0.0
text43-BIO-LONG-2506.16577v1,q04,BF_minus_WM,0.08333333333333331
text44-BIO-LONG-2505.20052v1,q04,BF_minus_WM,0.10833333333333332
text45-BIO-LONG-2507.17897v4,q04,BF_minus_WM,0.0
text46-BIO-LONG-2505.05863v1,q04,BF_minus_WM,0.0
text47-BIO-LONG-2505.21094v1,q04,BF_minus_WM,0.13333333333333333
text48-BIO-LONG-2602.16750v1,q04,BF_minus_WM,0.15833333333333333
text49-BIO-LONG-2511.10014v1,q04,BF_minus_WM,0.016666666666666663
text50-BIO-LONG-2603.01054v1,q04,BF_minus_WM,0.0
text51-CS-LONG-2602.11588v1,q04,BF_minus_WM,0.0
text52-CS-LONG-2602.15675v1,q04,BF_minus_WM,0.0
text53-CS-LONG-2603.02012v1,q04,BF_minus_WM,0.0
text54-CS-LONG-2602.23006v1,q04,BF_minus_WM,0.0
text55-CS-LONG-2602.21625v1,q04,BF_minus_WM,0.08333333333333333
text56-CS-LONG-2602.13713v1,q04,BF_minus_WM,-0.025000000000000005
text57-CS-LONG-2603.00079v1,q04,BF_minus_WM,0.0
text58-CS-LONG-2603.01023v1,q04,BF_minus_WM,0.0
text59-CS-LONG-2602.19401v1,q04,BF_minus_WM,0.0
text60-CS-LONG-2602.18518v1,q04,BF_minus_WM,0.0
text61-PHY-LONG-2602.03885v1,q04,BF_minus_WM,0.0
text62-PHY-LONG-2511.21971v1,q04,BF_minus_WM,0.033333333333333326
text63-PHY-LONG-2512.18015v1,q04,BF_minus_WM,0.0
text64-PHY-LONG-2602.23683v1,q04,BF_minus_WM,0.0
text65-PHY-LONG-2601.13267v1,q04,BF_minus_WM,0.0
text66-PHY-LONG-2512.24566v1,q04,BF_minus_WM,0.0
text67-PHY-LONG-2602.07636v2,q04,BF_minus_WM,0.125
text68-PHY-LONG-2512.18130v1,q04,BF_minus_WM,0.0
text69-PHY-LONG-2602.17389v1,q04,BF_minus_WM,0.0
text70-PHY-LONG-2602.08188v1,q04,BF_minus_WM,0.0
text71-MATH-LONG-2511.12781v1,q04,BF_minus_WM,0.00833333333333334
text72-MATH-LONG-2602.06095v1,q04,BF_minus_WM,0.016666666666666663
text73-MATH-LONG-2511.18101v1,q04,BF_minus_WM,0.09166666666666666
text74-MATH-LONG-2512.15978v1,q04,BF_minus_WM,0.033333333333333326
text75-MATH-LONG-2511.22140v1,q04,BF_minus_WM,0.041666666666666664
text76-MATH-LONG-2602.20441v1,q04,BF_minus_WM,0.0
text77-MATH-LONG-2601.20851v2,q04,BF_minus_WM,0.0
text78-MATH-LONG-2512.17595v1,q04,BF_minus_WM,0.041666666666666664
text79-MATH-LONG-2512.10129v1,q04,BF_minus_WM,0.05000000000000001
text80-MATH-LONG-2512.10507v1,q04,BF_minus_WM,0.0
text01-BIO-SHORT-2505.02276v1,q04,HI_minus_LI,1.850371707708594e-17
text02-BIO-SHORT-2507.04575v1,q04,HI_minus_LI,0.00833333333333334
text03-BIO-SHORT-2505.11568v3,q04,HI_minus_LI,0.0
text04-BIO-SHORT-2507.08385v1,q04,HI_minus_LI,0.09999999999999999
text05-BIO-SHORT-2504.10973v1,q04,HI_minus_LI,0.0
text06-BIO-SHORT-2506.14789v1,q04,HI_minus_LI,0.00833333333333334
text07-BIO-SHORT-2506.13576v3,q04,HI_minus_LI,0.0
text08-BIO-SHORT-2503.19923v2,q04,HI_minus_LI,-0.008333333333333323
text09-BIO-SHORT-2602.00019v1,q04,HI_minus_LI,0.13333333333333333
text10-BIO-SHORT-2506.13817v1,q04,HI_minus_LI,0.0
text11-CS-SHORT-2506.09194v1,q04,HI_minus_LI,0.00833333333333334
text12-CS-SHORT-2512.19717v1,q04,HI_minus_LI,0.075
text13-CS-SHORT-2510.04124v5,q04,HI_minus_LI,0.0
text14-CS-SHORT-2509.13349v2,q04,HI_minus_LI,0.041666666666666664
text15-CS-SHORT-2602.03870v1,q04,HI_minus_LI,0.0
text16-CS-SHORT-2509.06033v1,q04,HI_minus_LI,0.033333333333333326
text17-CS-SHORT-2509.16294v1,q04,HI_minus_LI,-0.08333333333333333
text18-CS-SHORT-2507.09492v1,q04,HI_minus_LI,-0.041666666666666664
text19-CS-SHORT-2509.14600v1,q04,HI_minus_LI,-0.041666666666666664
text20-CS-SHORT-2503.14899v1,q04,HI_minus_LI,0.00833333333333334
text21-PHY-SHORT-2601.23079v1,q04,HI_minus_LI,0.0
text22-PHY-SHORT-2601.23047v1,q04,HI_minus_LI,0.0
text23-PHY-SHORT-2601.23057v1,q04,HI_minus_LI,0.0
text24-PHY-SHORT-2509.16741v1,q04,HI_minus_LI,-0.008333333333333323
text25-PHY-SHORT-2507.08042v1,q04,HI_minus_LI,-0.2833333333333333
text26-PHY-SHORT-2512.23538v1,q04,HI_minus_LI,0.016666666666666663
text27-PHY-SHORT-2510.18500v1,q04,HI_minus_LI,0.024999999999999984
text28-PHY-SHORT-2508.20431v1,q04,HI_minus_LI,0.0
text29-PHY-SHORT-2509.06825v1,q04,HI_minus_LI,0.0
text30-PHY-SHORT-2509.17653v2,q04,HI_minus_LI,0.125
text31-MATH-SHORT-2511.03536v1,q04,HI_minus_LI,0.06666666666666665
text32-MATH-SHORT-2603.02088v1,q04,HI_minus_LI,-0.13333333333333333
text33-MATH-SHORT-2512.22134v3,q04,HI_minus_LI,0.0
text34-MATH-SHORT-2509.00532v1,q04,HI_minus_LI,0.08333333333333333
text35-MATH-SHORT-2512.06844v1,q04,HI_minus_LI,0.041666666666666664
text36-MATH-SHORT-2503.09380v2,q04,HI_minus_LI,0.11666666666666665
text37-MATH-SHORT-2510.26426v1,q04,HI_minus_LI,-0.041666666666666664
text38-MATH-SHORT-2512.04101v1,q04,HI_minus_LI,-0.041666666666666664
text39-MATH-SHORT-2506.11609v2,q04,HI_minus_LI,0.033333333333333326
text40-MATH-SHORT-2507.15879v2,q04,HI_minus_LI,0.00833333333333334
text41-BIO-LONG-2512.06709v1,q04,HI_minus_LI,0.10833333333333334
text42-BIO-LONG-2503.07104v1,q04,HI_minus_LI,0.0
text43-BIO-LONG-2506.16577v1,q04,HI_minus_LI,0.0
text44-BIO-LONG-2505.20052v1,q04,HI_minus_LI,0.041666666666666664
text45-BIO-LONG-2507.17897v4,q04,HI_minus_LI,0.0
text46-BIO-LONG-2505.05863v1,q04,HI_minus_LI,0.0
text47-BIO-LONG-2505.21094v1,q04,HI_minus_LI,0.19999999999999998
text48-BIO-LONG-2602.16750v1,q04,HI_minus_LI,-0.00833333333333334
text49-BIO-LONG-2511.10014v1,q04,HI_minus_LI,-0.016666666666666663
text50-BIO-LONG-2603.01054v1,q04,HI_minus_LI,0.0
text51-CS-LONG-2602.11588v1,q04,HI_minus_LI,0.0
text52-CS-LONG-2602.15675v1,q04,HI_minus_LI,0.0
text53-CS-LONG-2603.02012v1,q04,HI_minus_LI,0.0
text54-CS-LONG-2602.23006v1,q04,HI_minus_LI,0.0
text55-CS-LONG-2602.21625v1,q04,HI_minus_LI,0.08333333333333333
text56-CS-LONG-2602.13713v1,q04,HI_minus_LI,0.05833333333333333
text57-CS-LONG-2603.00079v1,q04,HI_minus_LI,0.0
text58-CS-LONG-2603.01023v1,q04,HI_minus_LI,0.0
text59-CS-LONG-2602.19401v1,q04,HI_minus_LI,0.0
text60-CS-LONG-2602.18518v1,q04,HI_minus_LI,0.0
text61-PHY-LONG-2602.03885v1,q04,HI_minus_LI,0.0
text62-PHY-LONG-2511.21971v1,q04,HI_minus_LI,0.13333333333333333
text63-PHY-LONG-2512.18015v1,q04,HI_minus_LI,0.0
text64-PHY-LONG-2602.23683v1,q04,HI_minus_LI,0.0
text65-PHY-LONG-2601.13267v1,q04,HI_minus_LI,0.0
text66-PHY-LONG-2512.24566v1,q04,HI_minus_LI,0.0
text67-PHY-LONG-2602.07636v2,q04,HI_minus_LI,0.041666666666666664
text68-PHY-LONG-2512.18130v1,q04,HI_minus_LI,0.01666666666666668
text69-PHY-LONG-2602.17389v1,q04,HI_minus_LI,0.0
text70-PHY-LONG-2602.08188v1,q04,HI_minus_LI,0.0
text71-MATH-LONG-2511.12781v1,q04,HI_minus_LI,0.00833333333333334
text72-MATH-LONG-2602.06095v1,q04,HI_minus_LI,-0.08333333333333333
text73-MATH-LONG-2511.18101v1,q04,HI_minus_LI,-0.008333333333333323
text74-MATH-LONG-2512.15978v1,q04,HI_minus_LI,0.033333333333333326
text75-MATH-LONG-2511.22140v1,q04,HI_minus_LI,0.041666666666666664
text76-MATH-LONG-2602.20441v1,q04,HI_minus_LI,0.0
text77-MATH-LONG-2601.20851v2,q04,HI_minus_LI,0.0
text78-MATH-LONG-2512.17595v1,q04,HI_minus_LI,0.041666666666666664
text79-MATH-LONG-2512.10129v1,q04,HI_minus_LI,0.05000000000000001
text80-MATH-LONG-2512.10507v1,q04,HI_minus_LI,0.16666666666666666
text01-BIO-SHORT-2505.02276v1,q04,HP_minus_LP,0.016666666666666663
text02-BIO-SHORT-2507.04575v1,q04,HP_minus_LP,0.00833333333333334
text03-BIO-SHORT-2505.11568v3,q04,HP_minus_LP,0.0
text04-BIO-SHORT-2507.08385v1,q04,HP_minus_LP,0.06666666666666667
text05-BIO-SHORT-2504.10973v1,q04,HP_minus_LP,0.0
text06-BIO-SHORT-2506.14789v1,q04,HP_minus_LP,0.15833333333333333
text07-BIO-SHORT-2506.13576v3,q04,HP_minus_LP,0.0
text08-BIO-SHORT-2503.19923v2,q04,HP_minus_LP,0.00833333333333336
text09-BIO-SHORT-2602.00019v1,q04,HP_minus_LP,0.033333333333333326
text10-BIO-SHORT-2506.13817v1,q04,HP_minus_LP,0.0
text11-CS-SHORT-2506.09194v1,q04,HP_minus_LP,-0.024999999999999984
text12-CS-SHORT-2512.19717v1,q04,HP_minus_LP,-0.075
text13-CS-SHORT-2510.04124v5,q04,HP_minus_LP,0.0
text14-CS-SHORT-2509.13349v2,q04,HP_minus_LP,0.125
text15-CS-SHORT-2602.03870v1,q04,HP_minus_LP,0.0
text16-CS-SHORT-2509.06033v1,q04,HP_minus_LP,-0.033333333333333326
text17-CS-SHORT-2509.16294v1,q04,HP_minus_LP,0.01666666666666668
text18-CS-SHORT-2507.09492v1,q04,HP_minus_LP,0.041666666666666664
text19-CS-SHORT-2509.14600v1,q04,HP_minus_LP,0.041666666666666664
text20-CS-SHORT-2503.14899v1,q04,HP_minus_LP,-0.075
text21-PHY-SHORT-2601.23079v1,q04,HP_minus_LP,0.16666666666666666
text22-PHY-SHORT-2601.23047v1,q04,HP_minus_LP,0.0
text23-PHY-SHORT-2601.23057v1,q04,HP_minus_LP,0.10000000000000002
text24-PHY-SHORT-2509.16741v1,q04,HP_minus_LP,0.008333333333333323
text25-PHY-SHORT-2507.08042v1,q04,HP_minus_LP,0.016666666666666666
text26-PHY-SHORT-2512.23538v1,q04,HP_minus_LP,0.04999999999999999
text27-PHY-SHORT-2510.18500v1,q04,HP_minus_LP,0.041666666666666664
text28-PHY-SHORT-2508.20431v1,q04,HP_minus_LP,0.0
text29-PHY-SHORT-2509.06825v1,q04,HP_minus_LP,0.0
text30-PHY-SHORT-2509.17653v2,q04,HP_minus_LP,0.075
text31-MATH-SHORT-2511.03536v1,q04,HP_minus_LP,0.0
text32-MATH-SHORT-2603.02088v1,q04,HP_minus_LP,0.08333333333333333
text33-MATH-SHORT-2512.22134v3,q04,HP_minus_LP,0.0
text34-MATH-SHORT-2509.00532v1,q04,HP_minus_LP,0.08333333333333333
text35-MATH-SHORT-2512.06844v1,q04,HP_minus_LP,-0.041666666666666664
text36-MATH-SHORT-2503.09380v2,q04,HP_minus_LP,0.08333333333333333
text37-MATH-SHORT-2510.26426v1,q04,HP_minus_LP,0.041666666666666664
text38-MATH-SHORT-2512.04101v1,q04,HP_minus_LP,0.041666666666666664
text39-MATH-SHORT-2506.11609v2,q04,HP_minus_LP,0.033333333333333326
text40-MATH-SHORT-2507.15879v2,q04,HP_minus_LP,0.00833333333333334
text41-BIO-LONG-2512.06709v1,q04,HP_minus_LP,0.05833333333333333
text42-BIO-LONG-2503.07104v1,q04,HP_minus_LP,0.0
text43-BIO-LONG-2506.16577v1,q04,HP_minus_LP,0.21666666666666665
text44-BIO-LONG-2505.20052v1,q04,HP_minus_LP,0.05833333333333335
text45-BIO-LONG-2507.17897v4,q04,HP_minus_LP,0.0
text46-BIO-LONG-2505.05863v1,q04,HP_minus_LP,0.0
text47-BIO-LONG-2505.21094v1,q04,HP_minus_LP,0.033333333333333326
text48-BIO-LONG-2602.16750v1,q04,HP_minus_LP,-0.00833333333333334
text49-BIO-LONG-2511.10014v1,q04,HP_minus_LP,0.016666666666666663
text50-BIO-LONG-2603.01054v1,q04,HP_minus_LP,0.0
text51-CS-LONG-2602.11588v1,q04,HP_minus_LP,0.0
text52-CS-LONG-2602.15675v1,q04,HP_minus_LP,0.0
text53-CS-LONG-2603.02012v1,q04,HP_minus_LP,0.0
text54-CS-LONG-2602.23006v1,q04,HP_minus_LP,0.0
text55-CS-LONG-2602.21625v1,q04,HP_minus_LP,0.0
text56-CS-LONG-2602.13713v1,q04,HP_minus_LP,0.05833333333333333
text57-CS-LONG-2603.00079v1,q04,HP_minus_LP,0.0
text58-CS-LONG-2603.01023v1,q04,HP_minus_LP,0.0
text59-CS-LONG-2602.19401v1,q04,HP_minus_LP,0.0
text60-CS-LONG-2602.18518v1,q04,HP_minus_LP,0.0
text61-PHY-LONG-2602.03885v1,q04,HP_minus_LP,0.0
text62-PHY-LONG-2511.21971v1,q04,HP_minus_LP,0.033333333333333326
text63-PHY-LONG-2512.18015v1,q04,HP_minus_LP,0.0
text64-PHY-LONG-2602.23683v1,q04,HP_minus_LP,0.0
text65-PHY-LONG-2601.13267v1,q04,HP_minus_LP,0.0
text66-PHY-LONG-2512.24566v1,q04,HP_minus_LP,0.0
text67-PHY-LONG-2602.07636v2,q04,HP_minus_LP,0.041666666666666664
text68-PHY-LONG-2512.18130v1,q04,HP_minus_LP,0.16666666666666666
text69-PHY-LONG-2602.17389v1,q04,HP_minus_LP,0.0
text70-PHY-LONG-2602.08188v1,q04,HP_minus_LP,0.0
text71-MATH-LONG-2511.12781v1,q04,HP_minus_LP,0.00833333333333334
text72-MATH-LONG-2602.06095v1,q04,HP_minus_LP,0.04999999999999999
text73-MATH-LONG-2511.18101v1,q04,HP_minus_LP,0.07500000000000001
text74-MATH-LONG-2512.15978v1,q04,HP_minus_LP,0.033333333333333326
text75-MATH-LONG-2511.22140v1,q04,HP_minus_LP,0.041666666666666664
text76-MATH-LONG-2602.20441v1,q04,HP_minus_LP,0.0
text77-MATH-LONG-2601.20851v2,q04,HP_minus_LP,0.0
text78-MATH-LONG-2512.17595v1,q04,HP_minus_LP,0.041666666666666664
text79-MATH-LONG-2512.10129v1,q04,HP_minus_LP,0.033333333333333326
text80-MATH-LONG-2512.10507v1,q04,HP_minus_LP,0.0
text01-BIO-SHORT-2505.02276v1,q04,Name_x_Inst,0.13333333333333333
text02-BIO-SHORT-2507.04575v1,q04,Name_x_Inst,0.01666666666666668
text03-BIO-SHORT-2505.11568v3,q04,Name_x_Inst,0.0
text04-BIO-SHORT-2507.08385v1,q04,Name_x_Inst,0.033333333333333326
text05-BIO-SHORT-2504.10973v1,q04,Name_x_Inst,0.0
text06-BIO-SHORT-2506.14789v1,q04,Name_x_Inst,-0.01666666666666668
text07-BIO-SHORT-2506.13576v3,q04,Name_x_Inst,0.0
text08-BIO-SHORT-2503.19923v2,q04,Name_x_Inst,-0.016666666666666646
text09-BIO-SHORT-2602.00019v1,q04,Name_x_Inst,0.06666666666666665
text10-BIO-SHORT-2506.13817v1,q04,Name_x_Inst,0.0
text11-CS-SHORT-2506.09194v1,q04,Name_x_Inst,-0.08333333333333333
text12-CS-SHORT-2512.19717v1,q04,Name_x_Inst,-0.01666666666666668
text13-CS-SHORT-2510.04124v5,q04,Name_x_Inst,0.0
text14-CS-SHORT-2509.13349v2,q04,Name_x_Inst,-0.25
text15-CS-SHORT-2602.03870v1,q04,Name_x_Inst,0.0
text16-CS-SHORT-2509.06033v1,q04,Name_x_Inst,0.10000000000000002
text17-CS-SHORT-2509.16294v1,q04,Name_x_Inst,0.16666666666666666
text18-CS-SHORT-2507.09492v1,q04,Name_x_Inst,-0.08333333333333333
text19-CS-SHORT-2509.14600v1,q04,Name_x_Inst,-0.08333333333333333
text20-CS-SHORT-2503.14899v1,q04,Name_x_Inst,0.15
text21-PHY-SHORT-2601.23079v1,q04,Name_x_Inst,0.0
text22-PHY-SHORT-2601.23047v1,q04,Name_x_Inst,0.0
text23-PHY-SHORT-2601.23057v1,q04,Name_x_Inst,0.1333333333333333
text24-PHY-SHORT-2509.16741v1,q04,Name_x_Inst,-0.016666666666666646
text25-PHY-SHORT-2507.08042v1,q04,Name_x_Inst,0.3
text26-PHY-SHORT-2512.23538v1,q04,Name_x_Inst,-0.033333333333333326
text27-PHY-SHORT-2510.18500v1,q04,Name_x_Inst,-0.04999999999999997
text28-PHY-SHORT-2508.20431v1,q04,Name_x_Inst,0.0
text29-PHY-SHORT-2509.06825v1,q04,Name_x_Inst,0.0
text30-PHY-SHORT-2509.17653v2,q04,Name_x_Inst,0.050000000000000044
text31-MATH-SHORT-2511.03536v1,q04,Name_x_Inst,-0.06666666666666665
text32-MATH-SHORT-2603.02088v1,q04,Name_x_Inst,0.10000000000000002
text33-MATH-SHORT-2512.22134v3,q04,Name_x_Inst,0.16666666666666666
text34-MATH-SHORT-2509.00532v1,q04,Name_x_Inst,-0.16666666666666666
text35-MATH-SHORT-2512.06844v1,q04,Name_x_Inst,0.08333333333333333
text36-MATH-SHORT-2503.09380v2,q04,Name_x_Inst,0.03333333333333335
text37-MATH-SHORT-2510.26426v1,q04,Name_x_Inst,-0.08333333333333333
text38-MATH-SHORT-2512.04101v1,q04,Name_x_Inst,0.08333333333333333
text39-MATH-SHORT-2506.11609v2,q04,Name_x_Inst,-0.06666666666666665
text40-MATH-SHORT-2507.15879v2,q04,Name_x_Inst,0.01666666666666668
text41-BIO-LONG-2512.06709v1,q04,Name_x_Inst,-0.11666666666666665
text42-BIO-LONG-2503.07104v1,q04,Name_x_Inst,0.0
text43-BIO-LONG-2506.16577v1,q04,Name_x_Inst,-0.06666666666666665
text44-BIO-LONG-2505.20052v1,q04,Name_x_Inst,0.08333333333333333
text45-BIO-LONG-2507.17897v4,q04,Name_x_Inst,0.0
text46-BIO-LONG-2505.05863v1,q04,Name_x_Inst,0.0
text47-BIO-LONG-2505.21094v1,q04,Name_x_Inst,0.39999999999999997
text48-BIO-LONG-2602.16750v1,q04,Name_x_Inst,-0.31666666666666665
text49-BIO-LONG-2511.10014v1,q04,Name_x_Inst,0.0666666666666667
text50-BIO-LONG-2603.01054v1,q04,Name_x_Inst,0.0
text51-CS-LONG-2602.11588v1,q04,Name_x_Inst,0.0
text52-CS-LONG-2602.15675v1,q04,Name_x_Inst,0.0
text53-CS-LONG-2603.02012v1,q04,Name_x_Inst,0.0
text54-CS-LONG-2602.23006v1,q04,Name_x_Inst,0.0
text55-CS-LONG-2602.21625v1,q04,Name_x_Inst,0.16666666666666666
text56-CS-LONG-2602.13713v1,q04,Name_x_Inst,0.05000000000000001
text57-CS-LONG-2603.00079v1,q04,Name_x_Inst,0.0
text58-CS-LONG-2603.01023v1,q04,Name_x_Inst,0.0
text59-CS-LONG-2602.19401v1,q04,Name_x_Inst,0.0
text60-CS-LONG-2602.18518v1,q04,Name_x_Inst,0.0
text61-PHY-LONG-2602.03885v1,q04,Name_x_Inst,0.0
text62-PHY-LONG-2511.21971v1,q04,Name_x_Inst,0.06666666666666665
text63-PHY-LONG-2512.18015v1,q04,Name_x_Inst,0.0
text64-PHY-LONG-2602.23683v1,q04,Name_x_Inst,0.0
text65-PHY-LONG-2601.13267v1,q04,Name_x_Inst,0.0
text66-PHY-LONG-2512.24566v1,q04,Name_x_Inst,0.0
text67-PHY-LONG-2602.07636v2,q04,Name_x_Inst,-0.08333333333333333
text68-PHY-LONG-2512.18130v1,q04,Name_x_Inst,-0.03333333333333336
text69-PHY-LONG-2602.17389v1,q04,Name_x_Inst,0.0
text70-PHY-LONG-2602.08188v1,q04,Name_x_Inst,0.0
text71-MATH-LONG-2511.12781v1,q04,Name_x_Inst,-0.01666666666666668
text72-MATH-LONG-2602.06095v1,q04,Name_x_Inst,-0.26666666666666666
text73-MATH-LONG-2511.18101v1,q04,Name_x_Inst,0.11666666666666665
text74-MATH-LONG-2512.15978v1,q04,Name_x_Inst,-0.06666666666666665
text75-MATH-LONG-2511.22140v1,q04,Name_x_Inst,-0.08333333333333333
text76-MATH-LONG-2602.20441v1,q04,Name_x_Inst,0.0
text77-MATH-LONG-2601.20851v2,q04,Name_x_Inst,0.0
text78-MATH-LONG-2512.17595v1,q04,Name_x_Inst,0.08333333333333333
text79-MATH-LONG-2512.10129v1,q04,Name_x_Inst,-0.10000000000000002
text80-MATH-LONG-2512.10507v1,q04,Name_x_Inst,0.0
text01-BIO-SHORT-2505.02276v1,q04,Name_x_Bibliometrics,0.16666666666666663
text02-BIO-SHORT-2507.04575v1,q04,Name_x_Bibliometrics,0.01666666666666668
text03-BIO-SHORT-2505.11568v3,q04,Name_x_Bibliometrics,0.0
text04-BIO-SHORT-2507.08385v1,q04,Name_x_Bibliometrics,-0.033333333333333326
text05-BIO-SHORT-2504.10973v1,q04,Name_x_Bibliometrics,0.0
text06-BIO-SHORT-2506.14789v1,q04,Name_x_Bibliometrics,0.01666666666666668
text07-BIO-SHORT-2506.13576v3,q04,Name_x_Bibliometrics,0.0
text08-BIO-SHORT-2503.19923v2,q04,Name_x_Bibliometrics,-0.05000000000000001
text09-BIO-SHORT-2602.00019v1,q04,Name_x_Bibliometrics,-0.06666666666666665
text10-BIO-SHORT-2506.13817v1,q04,Name_x_Bibliometrics,0.0
text11-CS-SHORT-2506.09194v1,q04,Name_x_Bibliometrics,0.11666666666666663
text12-CS-SHORT-2512.19717v1,q04,Name_x_Bibliometrics,0.01666666666666668
text13-CS-SHORT-2510.04124v5,q04,Name_x_Bibliometrics,0.0
text14-CS-SHORT-2509.13349v2,q04,Name_x_Bibliometrics,-0.08333333333333333
text15-CS-SHORT-2602.03870v1,q04,Name_x_Bibliometrics,0.0
text16-CS-SHORT-2509.06033v1,q04,Name_x_Bibliometrics,-0.10000000000000002
text17-CS-SHORT-2509.16294v1,q04,Name_x_Bibliometrics,-0.03333333333333336
text18-CS-SHORT-2507.09492v1,q04,Name_x_Bibliometrics,0.08333333333333333
text19-CS-SHORT-2509.14600v1,q04,Name_x_Bibliometrics,0.08333333333333333
text20-CS-SHORT-2503.14899v1,q04,Name_x_Bibliometrics,-0.01666666666666668
text21-PHY-SHORT-2601.23079v1,q04,Name_x_Bibliometrics,0.0
text22-PHY-SHORT-2601.23047v1,q04,Name_x_Bibliometrics,0.0
text23-PHY-SHORT-2601.23057v1,q04,Name_x_Bibliometrics,0.0
text24-PHY-SHORT-2509.16741v1,q04,Name_x_Bibliometrics,0.016666666666666646
text25-PHY-SHORT-2507.08042v1,q04,Name_x_Bibliometrics,-0.03333333333333333
text26-PHY-SHORT-2512.23538v1,q04,Name_x_Bibliometrics,-0.09999999999999998
text27-PHY-SHORT-2510.18500v1,q04,Name_x_Bibliometrics,-0.08333333333333333
text28-PHY-SHORT-2508.20431v1,q04,Name_x_Bibliometrics,0.0
text29-PHY-SHORT-2509.06825v1,q04,Name_x_Bibliometrics,0.0
text30-PHY-SHORT-2509.17653v2,q04,Name_x_Bibliometrics,-0.04999999999999997
text31-MATH-SHORT-2511.03536v1,q04,Name_x_Bibliometrics,-0.06666666666666665
text32-MATH-SHORT-2603.02088v1,q04,Name_x_Bibliometrics,0.0
text33-MATH-SHORT-2512.22134v3,q04,Name_x_Bibliometrics,-0.16666666666666666
text34-MATH-SHORT-2509.00532v1,q04,Name_x_Bibliometrics,-0.16666666666666666
text35-MATH-SHORT-2512.06844v1,q04,Name_x_Bibliometrics,-0.08333333333333333
text36-MATH-SHORT-2503.09380v2,q04,Name_x_Bibliometrics,0.09999999999999999
text37-MATH-SHORT-2510.26426v1,q04,Name_x_Bibliometrics,0.08333333333333333
text38-MATH-SHORT-2512.04101v1,q04,Name_x_Bibliometrics,-0.08333333333333333
text39-MATH-SHORT-2506.11609v2,q04,Name_x_Bibliometrics,-0.06666666666666665
text40-MATH-SHORT-2507.15879v2,q04,Name_x_Bibliometrics,0.01666666666666668
text41-BIO-LONG-2512.06709v1,q04,Name_x_Bibliometrics,0.11666666666666665
text42-BIO-LONG-2503.07104v1,q04,Name_x_Bibliometrics,0.0
text43-BIO-LONG-2506.16577v1,q04,Name_x_Bibliometrics,0.10000000000000005
text44-BIO-LONG-2505.20052v1,q04,Name_x_Bibliometrics,0.04999999999999997
text45-BIO-LONG-2507.17897v4,q04,Name_x_Bibliometrics,0.0
text46-BIO-LONG-2505.05863v1,q04,Name_x_Bibliometrics,0.0
text47-BIO-LONG-2505.21094v1,q04,Name_x_Bibliometrics,0.06666666666666665
text48-BIO-LONG-2602.16750v1,q04,Name_x_Bibliometrics,0.01666666666666668
text49-BIO-LONG-2511.10014v1,q04,Name_x_Bibliometrics,-0.0666666666666667
text50-BIO-LONG-2603.01054v1,q04,Name_x_Bibliometrics,0.0
text51-CS-LONG-2602.11588v1,q04,Name_x_Bibliometrics,0.0
text52-CS-LONG-2602.15675v1,q04,Name_x_Bibliometrics,0.0
text53-CS-LONG-2603.02012v1,q04,Name_x_Bibliometrics,0.0
text54-CS-LONG-2602.23006v1,q04,Name_x_Bibliometrics,0.0
text55-CS-LONG-2602.21625v1,q04,Name_x_Bibliometrics,0.0
text56-CS-LONG-2602.13713v1,q04,Name_x_Bibliometrics,0.05000000000000001
text57-CS-LONG-2603.00079v1,q04,Name_x_Bibliometrics,0.0
text58-CS-LONG-2603.01023v1,q04,Name_x_Bibliometrics,0.0
text59-CS-LONG-2602.19401v1,q04,Name_x_Bibliometrics,0.0
text60-CS-LONG-2602.18518v1,q04,Name_x_Bibliometrics,0.0
text61-PHY-LONG-2602.03885v1,q04,Name_x_Bibliometrics,0.0
text62-PHY-LONG-2511.21971v1,q04,Name_x_Bibliometrics,-0.06666666666666665
text63-PHY-LONG-2512.18015v1,q04,Name_x_Bibliometrics,0.0
text64-PHY-LONG-2602.23683v1,q04,Name_x_Bibliometrics,0.0
text65-PHY-LONG-2601.13267v1,q04,Name_x_Bibliometrics,0.0
text66-PHY-LONG-2512.24566v1,q04,Name_x_Bibliometrics,0.0
text67-PHY-LONG-2602.07636v2,q04,Name_x_Bibliometrics,-0.08333333333333333
text68-PHY-LONG-2512.18130v1,q04,Name_x_Bibliometrics,0.0
text69-PHY-LONG-2602.17389v1,q04,Name_x_Bibliometrics,0.0
text70-PHY-LONG-2602.08188v1,q04,Name_x_Bibliometrics,0.0
text71-MATH-LONG-2511.12781v1,q04,Name_x_Bibliometrics,-0.01666666666666668
text72-MATH-LONG-2602.06095v1,q04,Name_x_Bibliometrics,-0.3333333333333333
text73-MATH-LONG-2511.18101v1,q04,Name_x_Bibliometrics,-0.05000000000000001
text74-MATH-LONG-2512.15978v1,q04,Name_x_Bibliometrics,-0.06666666666666665
text75-MATH-LONG-2511.22140v1,q04,Name_x_Bibliometrics,-0.08333333333333333
text76-MATH-LONG-2602.20441v1,q04,Name_x_Bibliometrics,0.0
text77-MATH-LONG-2601.20851v2,q04,Name_x_Bibliometrics,0.0
text78-MATH-LONG-2512.17595v1,q04,Name_x_Bibliometrics,0.08333333333333333
text79-MATH-LONG-2512.10129v1,q04,Name_x_Bibliometrics,-0.06666666666666665
text80-MATH-LONG-2512.10507v1,q04,Name_x_Bibliometrics,0.0
text01-BIO-SHORT-2505.02276v1,q04,Inst_x_Bibliometrics,0.09999999999999998
text02-BIO-SHORT-2507.04575v1,q04,Inst_x_Bibliometrics,0.01666666666666668
text03-BIO-SHORT-2505.11568v3,q04,Inst_x_Bibliometrics,0.0
text04-BIO-SHORT-2507.08385v1,q04,Inst_x_Bibliometrics,0.033333333333333326
text05-BIO-SHORT-2504.10973v1,q04,Inst_x_Bibliometrics,0.0
text06-BIO-SHORT-2506.14789v1,q04,Inst_x_Bibliometrics,-0.01666666666666668
text07-BIO-SHORT-2506.13576v3,q04,Inst_x_Bibliometrics,0.0
text08-BIO-SHORT-2503.19923v2,q04,Inst_x_Bibliometrics,-0.11666666666666665
text09-BIO-SHORT-2602.00019v1,q04,Inst_x_Bibliometrics,0.06666666666666665
text10-BIO-SHORT-2506.13817v1,q04,Inst_x_Bibliometrics,0.0
text11-CS-SHORT-2506.09194v1,q04,Inst_x_Bibliometrics,0.11666666666666663
text12-CS-SHORT-2512.19717v1,q04,Inst_x_Bibliometrics,-0.15
text13-CS-SHORT-2510.04124v5,q04,Inst_x_Bibliometrics,0.0
text14-CS-SHORT-2509.13349v2,q04,Inst_x_Bibliometrics,-0.25
text15-CS-SHORT-2602.03870v1,q04,Inst_x_Bibliometrics,0.0
text16-CS-SHORT-2509.06033v1,q04,Inst_x_Bibliometrics,0.10000000000000002
text17-CS-SHORT-2509.16294v1,q04,Inst_x_Bibliometrics,0.0
text18-CS-SHORT-2507.09492v1,q04,Inst_x_Bibliometrics,0.08333333333333333
text19-CS-SHORT-2509.14600v1,q04,Inst_x_Bibliometrics,-0.08333333333333333
text20-CS-SHORT-2503.14899v1,q04,Inst_x_Bibliometrics,-0.01666666666666668
text21-PHY-SHORT-2601.23079v1,q04,Inst_x_Bibliometrics,0.0
text22-PHY-SHORT-2601.23047v1,q04,Inst_x_Bibliometrics,0.0
text23-PHY-SHORT-2601.23057v1,q04,Inst_x_Bibliometrics,0.0
text24-PHY-SHORT-2509.16741v1,q04,Inst_x_Bibliometrics,0.11666666666666665
text25-PHY-SHORT-2507.08042v1,q04,Inst_x_Bibliometrics,-0.03333333333333333
text26-PHY-SHORT-2512.23538v1,q04,Inst_x_Bibliometrics,-0.033333333333333326
text27-PHY-SHORT-2510.18500v1,q04,Inst_x_Bibliometrics,-0.04999999999999997
text28-PHY-SHORT-2508.20431v1,q04,Inst_x_Bibliometrics,0.0
text29-PHY-SHORT-2509.06825v1,q04,Inst_x_Bibliometrics,0.0
text30-PHY-SHORT-2509.17653v2,q04,Inst_x_Bibliometrics,-0.08333333333333333
text31-MATH-SHORT-2511.03536v1,q04,Inst_x_Bibliometrics,0.03333333333333336
text32-MATH-SHORT-2603.02088v1,q04,Inst_x_Bibliometrics,0.13333333333333333
text33-MATH-SHORT-2512.22134v3,q04,Inst_x_Bibliometrics,0.16666666666666666
text34-MATH-SHORT-2509.00532v1,q04,Inst_x_Bibliometrics,-0.16666666666666666
text35-MATH-SHORT-2512.06844v1,q04,Inst_x_Bibliometrics,-0.08333333333333333
text36-MATH-SHORT-2503.09380v2,q04,Inst_x_Bibliometrics,-0.06666666666666667
text37-MATH-SHORT-2510.26426v1,q04,Inst_x_Bibliometrics,0.08333333333333333
text38-MATH-SHORT-2512.04101v1,q04,Inst_x_Bibliometrics,0.08333333333333333
text39-MATH-SHORT-2506.11609v2,q04,Inst_x_Bibliometrics,-0.06666666666666665
text40-MATH-SHORT-2507.15879v2,q04,Inst_x_Bibliometrics,-0.01666666666666668
text41-BIO-LONG-2512.06709v1,q04,Inst_x_Bibliometrics,0.11666666666666665
text42-BIO-LONG-2503.07104v1,q04,Inst_x_Bibliometrics,0.0
text43-BIO-LONG-2506.16577v1,q04,Inst_x_Bibliometrics,-0.1333333333333333
text44-BIO-LONG-2505.20052v1,q04,Inst_x_Bibliometrics,-0.08333333333333333
text45-BIO-LONG-2507.17897v4,q04,Inst_x_Bibliometrics,0.0
text46-BIO-LONG-2505.05863v1,q04,Inst_x_Bibliometrics,0.0
text47-BIO-LONG-2505.21094v1,q04,Inst_x_Bibliometrics,-0.06666666666666665
text48-BIO-LONG-2602.16750v1,q04,Inst_x_Bibliometrics,0.01666666666666668
text49-BIO-LONG-2511.10014v1,q04,Inst_x_Bibliometrics,0.0666666666666667
text50-BIO-LONG-2603.01054v1,q04,Inst_x_Bibliometrics,0.0
text51-CS-LONG-2602.11588v1,q04,Inst_x_Bibliometrics,0.0
text52-CS-LONG-2602.15675v1,q04,Inst_x_Bibliometrics,0.0
text53-CS-LONG-2603.02012v1,q04,Inst_x_Bibliometrics,0.0
text54-CS-LONG-2602.23006v1,q04,Inst_x_Bibliometrics,0.0
text55-CS-LONG-2602.21625v1,q04,Inst_x_Bibliometrics,0.0
text56-CS-LONG-2602.13713v1,q04,Inst_x_Bibliometrics,-0.11666666666666665
text57-CS-LONG-2603.00079v1,q04,Inst_x_Bibliometrics,0.0
text58-CS-LONG-2603.01023v1,q04,Inst_x_Bibliometrics,0.0
text59-CS-LONG-2602.19401v1,q04,Inst_x_Bibliometrics,0.0
text60-CS-LONG-2602.18518v1,q04,Inst_x_Bibliometrics,0.0
text61-PHY-LONG-2602.03885v1,q04,Inst_x_Bibliometrics,0.0
text62-PHY-LONG-2511.21971v1,q04,Inst_x_Bibliometrics,0.06666666666666665
text63-PHY-LONG-2512.18015v1,q04,Inst_x_Bibliometrics,0.0
text64-PHY-LONG-2602.23683v1,q04,Inst_x_Bibliometrics,0.0
text65-PHY-LONG-2601.13267v1,q04,Inst_x_Bibliometrics,0.0
text66-PHY-LONG-2512.24566v1,q04,Inst_x_Bibliometrics,0.0
text67-PHY-LONG-2602.07636v2,q04,Inst_x_Bibliometrics,0.08333333333333333
text68-PHY-LONG-2512.18130v1,q04,Inst_x_Bibliometrics,-0.03333333333333336
text69-PHY-LONG-2602.17389v1,q04,Inst_x_Bibliometrics,0.0
text70-PHY-LONG-2602.08188v1,q04,Inst_x_Bibliometrics,0.0
text71-MATH-LONG-2511.12781v1,q04,Inst_x_Bibliometrics,-0.01666666666666668
text72-MATH-LONG-2602.06095v1,q04,Inst_x_Bibliometrics,-0.20000000000000004
text73-MATH-LONG-2511.18101v1,q04,Inst_x_Bibliometrics,-0.11666666666666665
text74-MATH-LONG-2512.15978v1,q04,Inst_x_Bibliometrics,-0.06666666666666665
text75-MATH-LONG-2511.22140v1,q04,Inst_x_Bibliometrics,-0.08333333333333333
text76-MATH-LONG-2602.20441v1,q04,Inst_x_Bibliometrics,0.0
text77-MATH-LONG-2601.20851v2,q04,Inst_x_Bibliometrics,0.0
text78-MATH-LONG-2512.17595v1,q04,Inst_x_Bibliometrics,0.08333333333333333
text79-MATH-LONG-2512.10129v1,q04,Inst_x_Bibliometrics,-0.06666666666666665
text80-MATH-LONG-2512.10507v1,q04,Inst_x_Bibliometrics,0.0
text01-BIO-SHORT-2505.02276v1,q05,BF_minus_WM,0.10000000000000002
text02-BIO-SHORT-2507.04575v1,q05,BF_minus_WM,0.08333333333333333
text03-BIO-SHORT-2505.11568v3,q05,BF_minus_WM,0.0
text04-BIO-SHORT-2507.08385v1,q05,BF_minus_WM,-0.024999999999999984
text05-BIO-SHORT-2504.10973v1,q05,BF_minus_WM,0.024999999999999984
text06-BIO-SHORT-2506.14789v1,q05,BF_minus_WM,-0.01666666666666668
text07-BIO-SHORT-2506.13576v3,q05,BF_minus_WM,0.0
text08-BIO-SHORT-2503.19923v2,q05,BF_minus_WM,0.008333333333333331
text09-BIO-SHORT-2602.00019v1,q05,BF_minus_WM,0.00833333333333334
text10-BIO-SHORT-2506.13817v1,q05,BF_minus_WM,0.0
text11-CS-SHORT-2506.09194v1,q05,BF_minus_WM,0.0
text12-CS-SHORT-2512.19717v1,q05,BF_minus_WM,0.075
text13-CS-SHORT-2510.04124v5,q05,BF_minus_WM,0.0
text14-CS-SHORT-2509.13349v2,q05,BF_minus_WM,0.0
text15-CS-SHORT-2602.03870v1,q05,BF_minus_WM,0.041666666666666664
text16-CS-SHORT-2509.06033v1,q05,BF_minus_WM,0.033333333333333326
text17-CS-SHORT-2509.16294v1,q05,BF_minus_WM,-0.008333333333333323
text18-CS-SHORT-2507.09492v1,q05,BF_minus_WM,-0.041666666666666664
text19-CS-SHORT-2509.14600v1,q05,BF_minus_WM,0.11666666666666668
text20-CS-SHORT-2503.14899v1,q05,BF_minus_WM,0.00833333333333334
text21-PHY-SHORT-2601.23079v1,q05,BF_minus_WM,0.0
text22-PHY-SHORT-2601.23047v1,q05,BF_minus_WM,0.041666666666666664
text23-PHY-SHORT-2601.23057v1,q05,BF_minus_WM,0.0
text24-PHY-SHORT-2509.16741v1,q05,BF_minus_WM,-0.05833333333333333
text25-PHY-SHORT-2507.08042v1,q05,BF_minus_WM,0.1416666666666667
text26-PHY-SHORT-2512.23538v1,q05,BF_minus_WM,0.0
text27-PHY-SHORT-2510.18500v1,q05,BF_minus_WM,0.041666666666666664
text28-PHY-SHORT-2508.20431v1,q05,BF_minus_WM,0.016666666666666663
text29-PHY-SHORT-2509.06825v1,q05,BF_minus_WM,0.00833333333333334
text30-PHY-SHORT-2509.17653v2,q05,BF_minus_WM,-0.05000000000000001
text31-MATH-SHORT-2511.03536v1,q05,BF_minus_WM,-0.016666666666666663
text32-MATH-SHORT-2603.02088v1,q05,BF_minus_WM,0.033333333333333326
text33-MATH-SHORT-2512.22134v3,q05,BF_minus_WM,0.00833333333333334
text34-MATH-SHORT-2509.00532v1,q05,BF_minus_WM,-0.025000000000000005
text35-MATH-SHORT-2512.06844v1,q05,BF_minus_WM,0.0
text36-MATH-SHORT-2503.09380v2,q05,BF_minus_WM,-0.04166666666666665
text37-MATH-SHORT-2510.26426v1,q05,BF_minus_WM,0.01666666666666668
text38-MATH-SHORT-2512.04101v1,q05,BF_minus_WM,0.0
text39-MATH-SHORT-2506.11609v2,q05,BF_minus_WM,-0.08333333333333333
text40-MATH-SHORT-2507.15879v2,q05,BF_minus_WM,-0.00833333333333334
text41-BIO-LONG-2512.06709v1,q05,BF_minus_WM,0.016666666666666663
text42-BIO-LONG-2503.07104v1,q05,BF_minus_WM,0.0
text43-BIO-LONG-2506.16577v1,q05,BF_minus_WM,-0.016666666666666663
text44-BIO-LONG-2505.20052v1,q05,BF_minus_WM,0.10833333333333332
text45-BIO-LONG-2507.17897v4,q05,BF_minus_WM,-0.016666666666666663
text46-BIO-LONG-2505.05863v1,q05,BF_minus_WM,0.033333333333333326
text47-BIO-LONG-2505.21094v1,q05,BF_minus_WM,0.30833333333333335
text48-BIO-LONG-2602.16750v1,q05,BF_minus_WM,-0.041666666666666664
text49-BIO-LONG-2511.10014v1,q05,BF_minus_WM,0.05833333333333333
text50-BIO-LONG-2603.01054v1,q05,BF_minus_WM,0.0
text51-CS-LONG-2602.11588v1,q05,BF_minus_WM,-0.06666666666666667
text52-CS-LONG-2602.15675v1,q05,BF_minus_WM,-0.06666666666666665
text53-CS-LONG-2603.02012v1,q05,BF_minus_WM,0.0
text54-CS-LONG-2602.23006v1,q05,BF_minus_WM,0.0
text55-CS-LONG-2602.21625v1,q05,BF_minus_WM,0.10000000000000002
text56-CS-LONG-2602.13713v1,q05,BF_minus_WM,0.0
text57-CS-LONG-2603.00079v1,q05,BF_minus_WM,0.0
text58-CS-LONG-2603.01023v1,q05,BF_minus_WM,0.0
text59-CS-LONG-2602.19401v1,q05,BF_minus_WM,-0.016666666666666663
text60-CS-LONG-2602.18518v1,q05,BF_minus_WM,0.0
text61-PHY-LONG-2602.03885v1,q05,BF_minus_WM,-1.850371707708594e-17
text62-PHY-LONG-2511.21971v1,q05,BF_minus_WM,-0.008333333333333323
text63-PHY-LONG-2512.18015v1,q05,BF_minus_WM,0.016666666666666653
text64-PHY-LONG-2602.23683v1,q05,BF_minus_WM,0.0
text65-PHY-LONG-2601.13267v1,q05,BF_minus_WM,0.0
text66-PHY-LONG-2512.24566v1,q05,BF_minus_WM,0.0
text67-PHY-LONG-2602.07636v2,q05,BF_minus_WM,-0.024999999999999984
text68-PHY-LONG-2512.18130v1,q05,BF_minus_WM,0.0
text69-PHY-LONG-2602.17389v1,q05,BF_minus_WM,-0.10833333333333334
text70-PHY-LONG-2602.08188v1,q05,BF_minus_WM,-0.033333333333333326
text71-MATH-LONG-2511.12781v1,q05,BF_minus_WM,-0.016666666666666663
text72-MATH-LONG-2602.06095v1,q05,BF_minus_WM,0.05000000000000001
text73-MATH-LONG-2511.18101v1,q05,BF_minus_WM,-0.08333333333333333
text74-MATH-LONG-2512.15978v1,q05,BF_minus_WM,0.033333333333333326
text75-MATH-LONG-2511.22140v1,q05,BF_minus_WM,0.024999999999999984
text76-MATH-LONG-2602.20441v1,q05,BF_minus_WM,0.0
text77-MATH-LONG-2601.20851v2,q05,BF_minus_WM,0.0
text78-MATH-LONG-2512.17595v1,q05,BF_minus_WM,-0.025000000000000005
text79-MATH-LONG-2512.10129v1,q05,BF_minus_WM,0.0
text80-MATH-LONG-2512.10507v1,q05,BF_minus_WM,0.00833333333333334
text01-BIO-SHORT-2505.02276v1,q05,HI_minus_LI,-0.03333333333333332
text02-BIO-SHORT-2507.04575v1,q05,HI_minus_LI,-0.016666666666666666
text03-BIO-SHORT-2505.11568v3,q05,HI_minus_LI,0.0
text04-BIO-SHORT-2507.08385v1,q05,HI_minus_LI,-0.05833333333333335
text05-BIO-SHORT-2504.10973v1,q05,HI_minus_LI,-0.041666666666666664
text06-BIO-SHORT-2506.14789v1,q05,HI_minus_LI,0.01666666666666668
text07-BIO-SHORT-2506.13576v3,q05,HI_minus_LI,0.0
text08-BIO-SHORT-2503.19923v2,q05,HI_minus_LI,-0.008333333333333331
text09-BIO-SHORT-2602.00019v1,q05,HI_minus_LI,0.00833333333333334
text10-BIO-SHORT-2506.13817v1,q05,HI_minus_LI,-0.08333333333333333
text11-CS-SHORT-2506.09194v1,q05,HI_minus_LI,0.0
text12-CS-SHORT-2512.19717v1,q05,HI_minus_LI,0.09166666666666667
text13-CS-SHORT-2510.04124v5,q05,HI_minus_LI,0.0
text14-CS-SHORT-2509.13349v2,q05,HI_minus_LI,0.0
text15-CS-SHORT-2602.03870v1,q05,HI_minus_LI,-0.041666666666666664
text16-CS-SHORT-2509.06033v1,q05,HI_minus_LI,0.016666666666666646
text17-CS-SHORT-2509.16294v1,q05,HI_minus_LI,0.008333333333333323
text18-CS-SHORT-2507.09492v1,q05,HI_minus_LI,-0.041666666666666664
text19-CS-SHORT-2509.14600v1,q05,HI_minus_LI,-0.19999999999999996
text20-CS-SHORT-2503.14899v1,q05,HI_minus_LI,0.075
text21-PHY-SHORT-2601.23079v1,q05,HI_minus_LI,0.0
text22-PHY-SHORT-2601.23047v1,q05,HI_minus_LI,0.041666666666666664
text23-PHY-SHORT-2601.23057v1,q05,HI_minus_LI,0.0
text24-PHY-SHORT-2509.16741v1,q05,HI_minus_LI,-0.008333333333333323
text25-PHY-SHORT-2507.08042v1,q05,HI_minus_LI,0.058333333333333355
text26-PHY-SHORT-2512.23538v1,q05,HI_minus_LI,0.0
text27-PHY-SHORT-2510.18500v1,q05,HI_minus_LI,0.024999999999999984
text28-PHY-SHORT-2508.20431v1,q05,HI_minus_LI,-0.016666666666666663
text29-PHY-SHORT-2509.06825v1,q05,HI_minus_LI,-0.00833333333333334
text30-PHY-SHORT-2509.17653v2,q05,HI_minus_LI,0.11666666666666665
text31-MATH-SHORT-2511.03536v1,q05,HI_minus_LI,-0.016666666666666663
text32-MATH-SHORT-2603.02088v1,q05,HI_minus_LI,-0.033333333333333326
text33-MATH-SHORT-2512.22134v3,q05,HI_minus_LI,0.075
text34-MATH-SHORT-2509.00532v1,q05,HI_minus_LI,-0.025000000000000005
text35-MATH-SHORT-2512.06844v1,q05,HI_minus_LI,0.0
text36-MATH-SHORT-2503.09380v2,q05,HI_minus_LI,0.025000000000000005
text37-MATH-SHORT-2510.26426v1,q05,HI_minus_LI,-0.06666666666666665
text38-MATH-SHORT-2512.04101v1,q05,HI_minus_LI,0.0
text39-MATH-SHORT-2506.11609v2,q05,HI_minus_LI,0.0
text40-MATH-SHORT-2507.15879v2,q05,HI_minus_LI,0.00833333333333334
text41-BIO-LONG-2512.06709v1,q05,HI_minus_LI,0.06666666666666667
text42-BIO-LONG-2503.07104v1,q05,HI_minus_LI,0.0
text43-BIO-LONG-2506.16577v1,q05,HI_minus_LI,0.016666666666666663
text44-BIO-LONG-2505.20052v1,q05,HI_minus_LI,0.041666666666666664
text45-BIO-LONG-2507.17897v4,q05,HI_minus_LI,0.03333333333333335
text46-BIO-LONG-2505.05863v1,q05,HI_minus_LI,-0.05000000000000001
text47-BIO-LONG-2505.21094v1,q05,HI_minus_LI,0.25833333333333336
text48-BIO-LONG-2602.16750v1,q05,HI_minus_LI,-0.041666666666666664
text49-BIO-LONG-2511.10014v1,q05,HI_minus_LI,0.025000000000000005
text50-BIO-LONG-2603.01054v1,q05,HI_minus_LI,0.0
text51-CS-LONG-2602.11588v1,q05,HI_minus_LI,-0.06666666666666667
text52-CS-LONG-2602.15675v1,q05,HI_minus_LI,0.06666666666666665
text53-CS-LONG-2603.02012v1,q05,HI_minus_LI,0.0
text54-CS-LONG-2602.23006v1,q05,HI_minus_LI,0.0
text55-CS-LONG-2602.21625v1,q05,HI_minus_LI,0.18333333333333335
text56-CS-LONG-2602.13713v1,q05,HI_minus_LI,0.0
text57-CS-LONG-2603.00079v1,q05,HI_minus_LI,0.0
text58-CS-LONG-2603.01023v1,q05,HI_minus_LI,0.0
text59-CS-LONG-2602.19401v1,q05,HI_minus_LI,-0.06666666666666664
text60-CS-LONG-2602.18518v1,q05,HI_minus_LI,0.0
text61-PHY-LONG-2602.03885v1,q05,HI_minus_LI,1.850371707708594e-17
text62-PHY-LONG-2511.21971v1,q05,HI_minus_LI,-0.008333333333333323
text63-PHY-LONG-2512.18015v1,q05,HI_minus_LI,0.06666666666666668
text64-PHY-LONG-2602.23683v1,q05,HI_minus_LI,0.0
text65-PHY-LONG-2601.13267v1,q05,HI_minus_LI,0.16666666666666666
text66-PHY-LONG-2512.24566v1,q05,HI_minus_LI,0.0
text67-PHY-LONG-2602.07636v2,q05,HI_minus_LI,-0.041666666666666664
text68-PHY-LONG-2512.18130v1,q05,HI_minus_LI,0.01666666666666668
text69-PHY-LONG-2602.17389v1,q05,HI_minus_LI,-0.05833333333333333
text70-PHY-LONG-2602.08188v1,q05,HI_minus_LI,0.033333333333333326
text71-MATH-LONG-2511.12781v1,q05,HI_minus_LI,0.06666666666666667
text72-MATH-LONG-2602.06095v1,q05,HI_minus_LI,0.0
text73-MATH-LONG-2511.18101v1,q05,HI_minus_LI,0.0
text74-MATH-LONG-2512.15978v1,q05,HI_minus_LI,0.033333333333333326
text75-MATH-LONG-2511.22140v1,q05,HI_minus_LI,0.14166666666666664
text76-MATH-LONG-2602.20441v1,q05,HI_minus_LI,0.0
text77-MATH-LONG-2601.20851v2,q05,HI_minus_LI,0.0
text78-MATH-LONG-2512.17595v1,q05,HI_minus_LI,0.05833333333333333
text79-MATH-LONG-2512.10129v1,q05,HI_minus_LI,0.0
text80-MATH-LONG-2512.10507v1,q05,HI_minus_LI,-0.14166666666666664
text01-BIO-SHORT-2505.02276v1,q05,HP_minus_LP,0.08333333333333333
text02-BIO-SHORT-2507.04575v1,q05,HP_minus_LP,0.06666666666666667
text03-BIO-SHORT-2505.11568v3,q05,HP_minus_LP,0.0
text04-BIO-SHORT-2507.08385v1,q05,HP_minus_LP,-0.024999999999999984
text05-BIO-SHORT-2504.10973v1,q05,HP_minus_LP,0.10833333333333332
text06-BIO-SHORT-2506.14789v1,q05,HP_minus_LP,0.0
text07-BIO-SHORT-2506.13576v3,q05,HP_minus_LP,0.0
text08-BIO-SHORT-2503.19923v2,q05,HP_minus_LP,-0.008333333333333331
text09-BIO-SHORT-2602.00019v1,q05,HP_minus_LP,-0.00833333333333334
text10-BIO-SHORT-2506.13817v1,q05,HP_minus_LP,0.08333333333333333
text11-CS-SHORT-2506.09194v1,q05,HP_minus_LP,-0.033333333333333326
text12-CS-SHORT-2512.19717v1,q05,HP_minus_LP,0.075
text13-CS-SHORT-2510.04124v5,q05,HP_minus_LP,0.0
text14-CS-SHORT-2509.13349v2,q05,HP_minus_LP,0.0
text15-CS-SHORT-2602.03870v1,q05,HP_minus_LP,-0.041666666666666664
text16-CS-SHORT-2509.06033v1,q05,HP_minus_LP,0.05000000000000001
text17-CS-SHORT-2509.16294v1,q05,HP_minus_LP,-0.04166666666666665
text18-CS-SHORT-2507.09492v1,q05,HP_minus_LP,0.041666666666666664
text19-CS-SHORT-2509.14600v1,q05,HP_minus_LP,0.0166666666666667
text20-CS-SHORT-2503.14899v1,q05,HP_minus_LP,-0.075
text21-PHY-SHORT-2601.23079v1,q05,HP_minus_LP,0.0
text22-PHY-SHORT-2601.23047v1,q05,HP_minus_LP,-0.041666666666666664
text23-PHY-SHORT-2601.23057v1,q05,HP_minus_LP,-0.06666666666666665
text24-PHY-SHORT-2509.16741v1,q05,HP_minus_LP,0.008333333333333323
text25-PHY-SHORT-2507.08042v1,q05,HP_minus_LP,-0.17499999999999996
text26-PHY-SHORT-2512.23538v1,q05,HP_minus_LP,0.0
text27-PHY-SHORT-2510.18500v1,q05,HP_minus_LP,0.041666666666666664
text28-PHY-SHORT-2508.20431v1,q05,HP_minus_LP,-0.016666666666666663
text29-PHY-SHORT-2509.06825v1,q05,HP_minus_LP,0.025000000000000022
text30-PHY-SHORT-2509.17653v2,q05,HP_minus_LP,0.033333333333333326
text31-MATH-SHORT-2511.03536v1,q05,HP_minus_LP,-0.11666666666666664
text32-MATH-SHORT-2603.02088v1,q05,HP_minus_LP,0.05000000000000001
text33-MATH-SHORT-2512.22134v3,q05,HP_minus_LP,-0.00833333333333334
text34-MATH-SHORT-2509.00532v1,q05,HP_minus_LP,-0.025000000000000005
text35-MATH-SHORT-2512.06844v1,q05,HP_minus_LP,0.0
text36-MATH-SHORT-2503.09380v2,q05,HP_minus_LP,0.05833333333333333
text37-MATH-SHORT-2510.26426v1,q05,HP_minus_LP,-0.06666666666666665
text38-MATH-SHORT-2512.04101v1,q05,HP_minus_LP,0.0
text39-MATH-SHORT-2506.11609v2,q05,HP_minus_LP,0.0
text40-MATH-SHORT-2507.15879v2,q05,HP_minus_LP,0.00833333333333334
text41-BIO-LONG-2512.06709v1,q05,HP_minus_LP,-0.016666666666666663
text42-BIO-LONG-2503.07104v1,q05,HP_minus_LP,0.0
text43-BIO-LONG-2506.16577v1,q05,HP_minus_LP,0.15
text44-BIO-LONG-2505.20052v1,q05,HP_minus_LP,0.05833333333333335
text45-BIO-LONG-2507.17897v4,q05,HP_minus_LP,0.016666666666666663
text46-BIO-LONG-2505.05863v1,q05,HP_minus_LP,0.01666666666666668
text47-BIO-LONG-2505.21094v1,q05,HP_minus_LP,0.07500000000000002
text48-BIO-LONG-2602.16750v1,q05,HP_minus_LP,0.041666666666666664
text49-BIO-LONG-2511.10014v1,q05,HP_minus_LP,-0.008333333333333323
text50-BIO-LONG-2603.01054v1,q05,HP_minus_LP,0.0
text51-CS-LONG-2602.11588v1,q05,HP_minus_LP,0.016666666666666663
text52-CS-LONG-2602.15675v1,q05,HP_minus_LP,0.0
text53-CS-LONG-2603.02012v1,q05,HP_minus_LP,0.0
text54-CS-LONG-2602.23006v1,q05,HP_minus_LP,0.0
text55-CS-LONG-2602.21625v1,q05,HP_minus_LP,0.08333333333333333
text56-CS-LONG-2602.13713v1,q05,HP_minus_LP,0.0
text57-CS-LONG-2603.00079v1,q05,HP_minus_LP,0.0
text58-CS-LONG-2603.01023v1,q05,HP_minus_LP,0.0
text59-CS-LONG-2602.19401v1,q05,HP_minus_LP,0.016666666666666663
text60-CS-LONG-2602.18518v1,q05,HP_minus_LP,0.0
text61-PHY-LONG-2602.03885v1,q05,HP_minus_LP,-0.016666666666666663
text62-PHY-LONG-2511.21971v1,q05,HP_minus_LP,-0.008333333333333323
text63-PHY-LONG-2512.18015v1,q05,HP_minus_LP,0.049999999999999996
text64-PHY-LONG-2602.23683v1,q05,HP_minus_LP,0.0
text65-PHY-LONG-2601.13267v1,q05,HP_minus_LP,0.0666666666666667
text66-PHY-LONG-2512.24566v1,q05,HP_minus_LP,0.0
text67-PHY-LONG-2602.07636v2,q05,HP_minus_LP,-0.041666666666666664
text68-PHY-LONG-2512.18130v1,q05,HP_minus_LP,0.16666666666666666
text69-PHY-LONG-2602.17389v1,q05,HP_minus_LP,0.025000000000000005
text70-PHY-LONG-2602.08188v1,q05,HP_minus_LP,0.033333333333333326
text71-MATH-LONG-2511.12781v1,q05,HP_minus_LP,1.850371707708594e-17
text72-MATH-LONG-2602.06095v1,q05,HP_minus_LP,-0.05000000000000001
text73-MATH-LONG-2511.18101v1,q05,HP_minus_LP,0.08333333333333333
text74-MATH-LONG-2512.15978v1,q05,HP_minus_LP,0.033333333333333326
text75-MATH-LONG-2511.22140v1,q05,HP_minus_LP,0.024999999999999984
text76-MATH-LONG-2602.20441v1,q05,HP_minus_LP,0.0
text77-MATH-LONG-2601.20851v2,q05,HP_minus_LP,0.0
text78-MATH-LONG-2512.17595v1,q05,HP_minus_LP,0.05833333333333333
text79-MATH-LONG-2512.10129v1,q05,HP_minus_LP,0.0
text80-MATH-LONG-2512.10507v1,q05,HP_minus_LP,0.00833333333333334
text01-BIO-SHORT-2505.02276v1,q05,Name_x_Inst,-0.09999999999999996
text02-BIO-SHORT-2507.04575v1,q05,Name_x_Inst,0.03333333333333333
text03-BIO-SHORT-2505.11568v3,q05,Name_x_Inst,0.0
text04-BIO-SHORT-2507.08385v1,q05,Name_x_Inst,0.04999999999999997
text05-BIO-SHORT-2504.10973v1,q05,Name_x_Inst,0.04999999999999997
text06-BIO-SHORT-2506.14789v1,q05,Name_x_Inst,0.03333333333333336
text07-BIO-SHORT-2506.13576v3,q05,Name_x_Inst,0.0
text08-BIO-SHORT-2503.19923v2,q05,Name_x_Inst,0.016666666666666663
text09-BIO-SHORT-2602.00019v1,q05,Name_x_Inst,-0.01666666666666668
text10-BIO-SHORT-2506.13817v1,q05,Name_x_Inst,0.0
text11-CS-SHORT-2506.09194v1,q05,Name_x_Inst,-0.10000000000000002
text12-CS-SHORT-2512.19717v1,q05,Name_x_Inst,-0.35000000000000003
text13-CS-SHORT-2510.04124v5,q05,Name_x_Inst,0.0
text14-CS-SHORT-2509.13349v2,q05,Name_x_Inst,0.0
text15-CS-SHORT-2602.03870v1,q05,Name_x_Inst,-0.08333333333333333
text16-CS-SHORT-2509.06033v1,q05,Name_x_Inst,-0.06666666666666665
text17-CS-SHORT-2509.16294v1,q05,Name_x_Inst,0.11666666666666665
text18-CS-SHORT-2507.09492v1,q05,Name_x_Inst,-0.08333333333333333
text19-CS-SHORT-2509.14600v1,q05,Name_x_Inst,0.0666666666666667
text20-CS-SHORT-2503.14899v1,q05,Name_x_Inst,0.01666666666666668
text21-PHY-SHORT-2601.23079v1,q05,Name_x_Inst,0.0
text22-PHY-SHORT-2601.23047v1,q05,Name_x_Inst,-0.08333333333333333
text23-PHY-SHORT-2601.23057v1,q05,Name_x_Inst,0.1333333333333333
text24-PHY-SHORT-2509.16741v1,q05,Name_x_Inst,-0.016666666666666646
text25-PHY-SHORT-2507.08042v1,q05,Name_x_Inst,1.1166666666666667
text26-PHY-SHORT-2512.23538v1,q05,Name_x_Inst,0.0
text27-PHY-SHORT-2510.18500v1,q05,Name_x_Inst,-0.04999999999999997
text28-PHY-SHORT-2508.20431v1,q05,Name_x_Inst,0.033333333333333326
text29-PHY-SHORT-2509.06825v1,q05,Name_x_Inst,-0.01666666666666668
text30-PHY-SHORT-2509.17653v2,q05,Name_x_Inst,0.10000000000000002
text31-MATH-SHORT-2511.03536v1,q05,Name_x_Inst,-3.700743415417188e-17
text32-MATH-SHORT-2603.02088v1,q05,Name_x_Inst,-0.10000000000000002
text33-MATH-SHORT-2512.22134v3,q05,Name_x_Inst,-0.15
text34-MATH-SHORT-2509.00532v1,q05,Name_x_Inst,-0.05000000000000001
text35-MATH-SHORT-2512.06844v1,q05,Name_x_Inst,0.0
text36-MATH-SHORT-2503.09380v2,q05,Name_x_Inst,-0.05000000000000001
text37-MATH-SHORT-2510.26426v1,q05,Name_x_Inst,0.0
text38-MATH-SHORT-2512.04101v1,q05,Name_x_Inst,0.0
text39-MATH-SHORT-2506.11609v2,q05,Name_x_Inst,0.0
text40-MATH-SHORT-2507.15879v2,q05,Name_x_Inst,0.01666666666666668
text41-BIO-LONG-2512.06709v1,q05,Name_x_Inst,-0.033333333333333326
text42-BIO-LONG-2503.07104v1,q05,Name_x_Inst,0.0
text43-BIO-LONG-2506.16577v1,q05,Name_x_Inst,0.033333333333333326
text44-BIO-LONG-2505.20052v1,q05,Name_x_Inst,0.08333333333333333
text45-BIO-LONG-2507.17897v4,q05,Name_x_Inst,-0.09999999999999998
text46-BIO-LONG-2505.05863v1,q05,Name_x_Inst,-0.10000000000000002
text47-BIO-LONG-2505.21094v1,q05,Name_x_Inst,0.48333333333333334
text48-BIO-LONG-2602.16750v1,q05,Name_x_Inst,-0.08333333333333333
text49-BIO-LONG-2511.10014v1,q05,Name_x_Inst,0.016666666666666646
text50-BIO-LONG-2603.01054v1,q05,Name_x_Inst,0.0
text51-CS-LONG-2602.11588v1,q05,Name_x_Inst,-0.19999999999999998
text52-CS-LONG-2602.15675v1,q05,Name_x_Inst,0.1333333333333333
text53-CS-LONG-2603.02012v1,q05,Name_x_Inst,0.0
text54-CS-LONG-2602.23006v1,q05,Name_x_Inst,0.0
text55-CS-LONG-2602.21625v1,q05,Name_x_Inst,0.03333333333333336
text56-CS-LONG-2602.13713v1,q05,Name_x_Inst,0.0
text57-CS-LONG-2603.00079v1,q05,Name_x_Inst,0.0
text58-CS-LONG-2603.01023v1,q05,Name_x_Inst,0.0
text59-CS-LONG-2602.19401v1,q05,Name_x_Inst,-0.0666666666666667
text60-CS-LONG-2602.18518v1,q05,Name_x_Inst,0.0
text61-PHY-LONG-2602.03885v1,q05,Name_x_Inst,-0.0666666666666667
text62-PHY-LONG-2511.21971v1,q05,Name_x_Inst,-0.05000000000000001
text63-PHY-LONG-2512.18015v1,q05,Name_x_Inst,-1.850371707708594e-17
text64-PHY-LONG-2602.23683v1,q05,Name_x_Inst,0.0
text65-PHY-LONG-2601.13267v1,q05,Name_x_Inst,-0.06666666666666665
text66-PHY-LONG-2512.24566v1,q05,Name_x_Inst,0.0
text67-PHY-LONG-2602.07636v2,q05,Name_x_Inst,0.04999999999999997
text68-PHY-LONG-2512.18130v1,q05,Name_x_Inst,-0.03333333333333336
text69-PHY-LONG-2602.17389v1,q05,Name_x_Inst,-0.08333333333333333
text70-PHY-LONG-2602.08188v1,q05,Name_x_Inst,-0.06666666666666665
text71-MATH-LONG-2511.12781v1,q05,Name_x_Inst,-0.0666666666666667
text72-MATH-LONG-2602.06095v1,q05,Name_x_Inst,-0.16666666666666666
text73-MATH-LONG-2511.18101v1,q05,Name_x_Inst,0.0
text74-MATH-LONG-2512.15978v1,q05,Name_x_Inst,-0.06666666666666665
text75-MATH-LONG-2511.22140v1,q05,Name_x_Inst,0.050000000000000044
text76-MATH-LONG-2602.20441v1,q05,Name_x_Inst,0.0
text77-MATH-LONG-2601.20851v2,q05,Name_x_Inst,0.0
text78-MATH-LONG-2512.17595v1,q05,Name_x_Inst,0.05000000000000001
text79-MATH-LONG-2512.10129v1,q05,Name_x_Inst,0.0
text80-MATH-LONG-2512.10507v1,q05,Name_x_Inst,0.050000000000000044
text01-BIO-SHORT-2505.02276v1,q05,Name_x_Bibliometrics,0.13333333333333336
text02-BIO-SHORT-2507.04575v1,q05,Name_x_Bibliometrics,-0.13333333333333333
text03-BIO-SHORT-2505.11568v3,q05,Name_x_Bibliometrics,0.0
text04-BIO-SHORT-2507.08385v1,q05,Name_x_Bibliometrics,0.04999999999999997
text05-BIO-SHORT-2504.10973v1,q05,Name_x_Bibliometrics,0.08333333333333333
text06-BIO-SHORT-2506.14789v1,q05,Name_x_Bibliometrics,0.0
text07-BIO-SHORT-2506.13576v3,q05,Name_x_Bibliometrics,0.0
text08-BIO-SHORT-2503.19923v2,q05,Name_x_Bibliometrics,0.016666666666666663
text09-BIO-SHORT-2602.00019v1,q05,Name_x_Bibliometrics,0.01666666666666668
text10-BIO-SHORT-2506.13817v1,q05,Name_x_Bibliometrics,0.0
text11-CS-SHORT-2506.09194v1,q05,Name_x_Bibliometrics,0.09999999999999994
text12-CS-SHORT-2512.19717v1,q05,Name_x_Bibliometrics,0.01666666666666668
text13-CS-SHORT-2510.04124v5,q05,Name_x_Bibliometrics,0.0
text14-CS-SHORT-2509.13349v2,q05,Name_x_Bibliometrics,0.0
text15-CS-SHORT-2602.03870v1,q05,Name_x_Bibliometrics,-0.08333333333333333
text16-CS-SHORT-2509.06033v1,q05,Name_x_Bibliometrics,-0.06666666666666665
text17-CS-SHORT-2509.16294v1,q05,Name_x_Bibliometrics,0.01666666666666672
text18-CS-SHORT-2507.09492v1,q05,Name_x_Bibliometrics,0.08333333333333333
text19-CS-SHORT-2509.14600v1,q05,Name_x_Bibliometrics,0.09999999999999998
text20-CS-SHORT-2503.14899v1,q05,Name_x_Bibliometrics,-0.01666666666666668
text21-PHY-SHORT-2601.23079v1,q05,Name_x_Bibliometrics,0.0
text22-PHY-SHORT-2601.23047v1,q05,Name_x_Bibliometrics,0.08333333333333333
text23-PHY-SHORT-2601.23057v1,q05,Name_x_Bibliometrics,0.0
text24-PHY-SHORT-2509.16741v1,q05,Name_x_Bibliometrics,0.016666666666666646
text25-PHY-SHORT-2507.08042v1,q05,Name_x_Bibliometrics,0.25
text26-PHY-SHORT-2512.23538v1,q05,Name_x_Bibliometrics,0.0
text27-PHY-SHORT-2510.18500v1,q05,Name_x_Bibliometrics,-0.08333333333333333
text28-PHY-SHORT-2508.20431v1,q05,Name_x_Bibliometrics,0.033333333333333326
text29-PHY-SHORT-2509.06825v1,q05,Name_x_Bibliometrics,-0.01666666666666668
text30-PHY-SHORT-2509.17653v2,q05,Name_x_Bibliometrics,-0.06666666666666665
text31-MATH-SHORT-2511.03536v1,q05,Name_x_Bibliometrics,3.700743415417188e-17
text32-MATH-SHORT-2603.02088v1,q05,Name_x_Bibliometrics,0.06666666666666665
text33-MATH-SHORT-2512.22134v3,q05,Name_x_Bibliometrics,0.01666666666666668
text34-MATH-SHORT-2509.00532v1,q05,Name_x_Bibliometrics,-0.05000000000000001
text35-MATH-SHORT-2512.06844v1,q05,Name_x_Bibliometrics,0.0
text36-MATH-SHORT-2503.09380v2,q05,Name_x_Bibliometrics,0.14999999999999994
text37-MATH-SHORT-2510.26426v1,q05,Name_x_Bibliometrics,0.0
text38-MATH-SHORT-2512.04101v1,q05,Name_x_Bibliometrics,0.0
text39-MATH-SHORT-2506.11609v2,q05,Name_x_Bibliometrics,0.0
text40-MATH-SHORT-2507.15879v2,q05,Name_x_Bibliometrics,0.01666666666666668
text41-BIO-LONG-2512.06709v1,q05,Name_x_Bibliometrics,0.13333333333333333
text42-BIO-LONG-2503.07104v1,q05,Name_x_Bibliometrics,0.0
text43-BIO-LONG-2506.16577v1,q05,Name_x_Bibliometrics,-0.033333333333333326
text44-BIO-LONG-2505.20052v1,q05,Name_x_Bibliometrics,0.04999999999999997
text45-BIO-LONG-2507.17897v4,q05,Name_x_Bibliometrics,0.13333333333333328
text46-BIO-LONG-2505.05863v1,q05,Name_x_Bibliometrics,-0.16666666666666666
text47-BIO-LONG-2505.21094v1,q05,Name_x_Bibliometrics,0.1166666666666667
text48-BIO-LONG-2602.16750v1,q05,Name_x_Bibliometrics,0.08333333333333333
text49-BIO-LONG-2511.10014v1,q05,Name_x_Bibliometrics,-0.05000000000000001
text50-BIO-LONG-2603.01054v1,q05,Name_x_Bibliometrics,0.0
text51-CS-LONG-2602.11588v1,q05,Name_x_Bibliometrics,-0.033333333333333326
text52-CS-LONG-2602.15675v1,q05,Name_x_Bibliometrics,0.0
text53-CS-LONG-2603.02012v1,q05,Name_x_Bibliometrics,0.0
text54-CS-LONG-2602.23006v1,q05,Name_x_Bibliometrics,0.0
text55-CS-LONG-2602.21625v1,q05,Name_x_Bibliometrics,-0.09999999999999994
text56-CS-LONG-2602.13713v1,q05,Name_x_Bibliometrics,0.0
text57-CS-LONG-2603.00079v1,q05,Name_x_Bibliometrics,0.0
text58-CS-LONG-2603.01023v1,q05,Name_x_Bibliometrics,0.0
text59-CS-LONG-2602.19401v1,q05,Name_x_Bibliometrics,-0.09999999999999998
text60-CS-LONG-2602.18518v1,q05,Name_x_Bibliometrics,0.0
text61-PHY-LONG-2602.03885v1,q05,Name_x_Bibliometrics,-0.033333333333333326
text62-PHY-LONG-2511.21971v1,q05,Name_x_Bibliometrics,-0.05000000000000001
text63-PHY-LONG-2512.18015v1,q05,Name_x_Bibliometrics,-0.16666666666666666
text64-PHY-LONG-2602.23683v1,q05,Name_x_Bibliometrics,0.0
text65-PHY-LONG-2601.13267v1,q05,Name_x_Bibliometrics,0.0
text66-PHY-LONG-2512.24566v1,q05,Name_x_Bibliometrics,0.0
text67-PHY-LONG-2602.07636v2,q05,Name_x_Bibliometrics,0.04999999999999997
text68-PHY-LONG-2512.18130v1,q05,Name_x_Bibliometrics,0.0
text69-PHY-LONG-2602.17389v1,q05,Name_x_Bibliometrics,0.08333333333333333
text70-PHY-LONG-2602.08188v1,q05,Name_x_Bibliometrics,-0.06666666666666665
text71-MATH-LONG-2511.12781v1,q05,Name_x_Bibliometrics,0.06666666666666661
text72-MATH-LONG-2602.06095v1,q05,Name_x_Bibliometrics,-0.06666666666666665
text73-MATH-LONG-2511.18101v1,q05,Name_x_Bibliometrics,-0.16666666666666666
text74-MATH-LONG-2512.15978v1,q05,Name_x_Bibliometrics,-0.06666666666666665
text75-MATH-LONG-2511.22140v1,q05,Name_x_Bibliometrics,-0.04999999999999997
text76-MATH-LONG-2602.20441v1,q05,Name_x_Bibliometrics,0.0
text77-MATH-LONG-2601.20851v2,q05,Name_x_Bibliometrics,0.0
text78-MATH-LONG-2512.17595v1,q05,Name_x_Bibliometrics,0.05000000000000001
text79-MATH-LONG-2512.10129v1,q05,Name_x_Bibliometrics,0.0
text80-MATH-LONG-2512.10507v1,q05,Name_x_Bibliometrics,0.01666666666666668
text01-BIO-SHORT-2505.02276v1,q05,Inst_x_Bibliometrics,1.850371707708594e-17
text02-BIO-SHORT-2507.04575v1,q05,Inst_x_Bibliometrics,-4.625929269271485e-18
text03-BIO-SHORT-2505.11568v3,q05,Inst_x_Bibliometrics,0.0
text04-BIO-SHORT-2507.08385v1,q05,Inst_x_Bibliometrics,-0.21666666666666665
text05-BIO-SHORT-2504.10973v1,q05,Inst_x_Bibliometrics,-0.1166666666666667
text06-BIO-SHORT-2506.14789v1,q05,Inst_x_Bibliometrics,0.0
text07-BIO-SHORT-2506.13576v3,q05,Inst_x_Bibliometrics,0.0
text08-BIO-SHORT-2503.19923v2,q05,Inst_x_Bibliometrics,-0.016666666666666663
text09-BIO-SHORT-2602.00019v1,q05,Inst_x_Bibliometrics,0.01666666666666668
text10-BIO-SHORT-2506.13817v1,q05,Inst_x_Bibliometrics,-0.16666666666666666
text11-CS-SHORT-2506.09194v1,q05,Inst_x_Bibliometrics,0.09999999999999994
text12-CS-SHORT-2512.19717v1,q05,Inst_x_Bibliometrics,-0.01666666666666668
text13-CS-SHORT-2510.04124v5,q05,Inst_x_Bibliometrics,0.0
text14-CS-SHORT-2509.13349v2,q05,Inst_x_Bibliometrics,0.0
text15-CS-SHORT-2602.03870v1,q05,Inst_x_Bibliometrics,0.08333333333333333
text16-CS-SHORT-2509.06033v1,q05,Inst_x_Bibliometrics,-0.03333333333333329
text17-CS-SHORT-2509.16294v1,q05,Inst_x_Bibliometrics,-0.0833333333333333
text18-CS-SHORT-2507.09492v1,q05,Inst_x_Bibliometrics,0.08333333333333333
text19-CS-SHORT-2509.14600v1,q05,Inst_x_Bibliometrics,-0.0666666666666667
text20-CS-SHORT-2503.14899v1,q05,Inst_x_Bibliometrics,-0.15
text21-PHY-SHORT-2601.23079v1,q05,Inst_x_Bibliometrics,0.0
text22-PHY-SHORT-2601.23047v1,q05,Inst_x_Bibliometrics,0.08333333333333333
text23-PHY-SHORT-2601.23057v1,q05,Inst_x_Bibliometrics,0.0
text24-PHY-SHORT-2509.16741v1,q05,Inst_x_Bibliometrics,0.11666666666666665
text25-PHY-SHORT-2507.08042v1,q05,Inst_x_Bibliometrics,0.4166666666666667
text26-PHY-SHORT-2512.23538v1,q05,Inst_x_Bibliometrics,0.0
text27-PHY-SHORT-2510.18500v1,q05,Inst_x_Bibliometrics,-0.04999999999999997
text28-PHY-SHORT-2508.20431v1,q05,Inst_x_Bibliometrics,-0.033333333333333326
text29-PHY-SHORT-2509.06825v1,q05,Inst_x_Bibliometrics,0.01666666666666668
text30-PHY-SHORT-2509.17653v2,q05,Inst_x_Bibliometrics,-0.06666666666666665
text31-MATH-SHORT-2511.03536v1,q05,Inst_x_Bibliometrics,3.700743415417188e-17
text32-MATH-SHORT-2603.02088v1,q05,Inst_x_Bibliometrics,0.19999999999999996
text33-MATH-SHORT-2512.22134v3,q05,Inst_x_Bibliometrics,0.15
text34-MATH-SHORT-2509.00532v1,q05,Inst_x_Bibliometrics,-0.05000000000000001
text35-MATH-SHORT-2512.06844v1,q05,Inst_x_Bibliometrics,0.0
text36-MATH-SHORT-2503.09380v2,q05,Inst_x_Bibliometrics,0.016666666666666646
text37-MATH-SHORT-2510.26426v1,q05,Inst_x_Bibliometrics,-0.09999999999999994
text38-MATH-SHORT-2512.04101v1,q05,Inst_x_Bibliometrics,0.0
text39-MATH-SHORT-2506.11609v2,q05,Inst_x_Bibliometrics,-0.16666666666666666
text40-MATH-SHORT-2507.15879v2,q05,Inst_x_Bibliometrics,-0.01666666666666668
text41-BIO-LONG-2512.06709v1,q05,Inst_x_Bibliometrics,0.033333333333333326
text42-BIO-LONG-2503.07104v1,q05,Inst_x_Bibliometrics,0.0
text43-BIO-LONG-2506.16577v1,q05,Inst_x_Bibliometrics,0.033333333333333326
text44-BIO-LONG-2505.20052v1,q05,Inst_x_Bibliometrics,-0.08333333333333333
text45-BIO-LONG-2507.17897v4,q05,Inst_x_Bibliometrics,0.09999999999999998
text46-BIO-LONG-2505.05863v1,q05,Inst_x_Bibliometrics,0.0
text47-BIO-LONG-2505.21094v1,q05,Inst_x_Bibliometrics,0.01666666666666668
text48-BIO-LONG-2602.16750v1,q05,Inst_x_Bibliometrics,0.08333333333333333
text49-BIO-LONG-2511.10014v1,q05,Inst_x_Bibliometrics,0.14999999999999994
text50-BIO-LONG-2603.01054v1,q05,Inst_x_Bibliometrics,0.0
text51-CS-LONG-2602.11588v1,q05,Inst_x_Bibliometrics,-0.033333333333333326
text52-CS-LONG-2602.15675v1,q05,Inst_x_Bibliometrics,0.0
text53-CS-LONG-2603.02012v1,q05,Inst_x_Bibliometrics,0.0
text54-CS-LONG-2602.23006v1,q05,Inst_x_Bibliometrics,0.0
text55-CS-LONG-2602.21625v1,q05,Inst_x_Bibliometrics,0.0
text56-CS-LONG-2602.13713v1,q05,Inst_x_Bibliometrics,0.0
text57-CS-LONG-2603.00079v1,q05,Inst_x_Bibliometrics,0.0
text58-CS-LONG-2603.01023v1,q05,Inst_x_Bibliometrics,0.0
text59-CS-LONG-2602.19401v1,q05,Inst_x_Bibliometrics,-3.700743415417188e-17
text60-CS-LONG-2602.18518v1,q05,Inst_x_Bibliometrics,0.0
text61-PHY-LONG-2602.03885v1,q05,Inst_x_Bibliometrics,0.033333333333333326
text62-PHY-LONG-2511.21971v1,q05,Inst_x_Bibliometrics,-0.05000000000000001
text63-PHY-LONG-2512.18015v1,q05,Inst_x_Bibliometrics,-0.20000000000000004
text64-PHY-LONG-2602.23683v1,q05,Inst_x_Bibliometrics,0.0
text65-PHY-LONG-2601.13267v1,q05,Inst_x_Bibliometrics,0.0
text66-PHY-LONG-2512.24566v1,q05,Inst_x_Bibliometrics,0.0
text67-PHY-LONG-2602.07636v2,q05,Inst_x_Bibliometrics,0.08333333333333333
text68-PHY-LONG-2512.18130v1,q05,Inst_x_Bibliometrics,-0.03333333333333336
text69-PHY-LONG-2602.17389v1,q05,Inst_x_Bibliometrics,-0.08333333333333333
text70-PHY-LONG-2602.08188v1,q05,Inst_x_Bibliometrics,0.06666666666666665
text71-MATH-LONG-2511.12781v1,q05,Inst_x_Bibliometrics,-0.033333333333333326
text72-MATH-LONG-2602.06095v1,q05,Inst_x_Bibliometrics,-0.16666666666666666
text73-MATH-LONG-2511.18101v1,q05,Inst_x_Bibliometrics,0.0
text74-MATH-LONG-2512.15978v1,q05,Inst_x_Bibliometrics,-0.06666666666666665
text75-MATH-LONG-2511.22140v1,q05,Inst_x_Bibliometrics,-0.01666666666666668
text76-MATH-LONG-2602.20441v1,q05,Inst_x_Bibliometrics,0.0
text77-MATH-LONG-2601.20851v2,q05,Inst_x_Bibliometrics,0.0
text78-MATH-LONG-2512.17595v1,q05,Inst_x_Bibliometrics,-0.11666666666666665
text79-MATH-LONG-2512.10129v1,q05,Inst_x_Bibliometrics,0.0
text80-MATH-LONG-2512.10507v1,q05,Inst_x_Bibliometrics,-0.01666666666666668
text01-BIO-SHORT-2505.02276v1,q06,BF_minus_WM,0.08333333333333333
text02-BIO-SHORT-2507.04575v1,q06,BF_minus_WM,-0.075
text03-BIO-SHORT-2505.11568v3,q06,BF_minus_WM,-0.033333333333333326
text04-BIO-SHORT-2507.08385v1,q06,BF_minus_WM,-0.12499999999999999
text05-BIO-SHORT-2504.10973v1,q06,BF_minus_WM,0.05000000000000001
text06-BIO-SHORT-2506.14789v1,q06,BF_minus_WM,-0.041666666666666664
text07-BIO-SHORT-2506.13576v3,q06,BF_minus_WM,-9.25185853854297e-18
text08-BIO-SHORT-2503.19923v2,q06,BF_minus_WM,-0.08333333333333333
text09-BIO-SHORT-2602.00019v1,q06,BF_minus_WM,0.03333333333333335
text10-BIO-SHORT-2506.13817v1,q06,BF_minus_WM,0.0
text11-CS-SHORT-2506.09194v1,q06,BF_minus_WM,-0.008333333333333323
text12-CS-SHORT-2512.19717v1,q06,BF_minus_WM,-0.016666666666666663
text13-CS-SHORT-2510.04124v5,q06,BF_minus_WM,-0.008333333333333323
text14-CS-SHORT-2509.13349v2,q06,BF_minus_WM,0.0
text15-CS-SHORT-2602.03870v1,q06,BF_minus_WM,0.0
text16-CS-SHORT-2509.06033v1,q06,BF_minus_WM,0.008333333333333331
text17-CS-SHORT-2509.16294v1,q06,BF_minus_WM,0.05833333333333333
text18-CS-SHORT-2507.09492v1,q06,BF_minus_WM,-0.041666666666666664
text19-CS-SHORT-2509.14600v1,q06,BF_minus_WM,0.0
text20-CS-SHORT-2503.14899v1,q06,BF_minus_WM,-0.08333333333333333
text21-PHY-SHORT-2601.23079v1,q06,BF_minus_WM,0.00833333333333334
text22-PHY-SHORT-2601.23047v1,q06,BF_minus_WM,0.19166666666666665
text23-PHY-SHORT-2601.23057v1,q06,BF_minus_WM,0.008333333333333331
text24-PHY-SHORT-2509.16741v1,q06,BF_minus_WM,-0.033333333333333305
text25-PHY-SHORT-2507.08042v1,q06,BF_minus_WM,0.2416666666666667
text26-PHY-SHORT-2512.23538v1,q06,BF_minus_WM,0.0
text27-PHY-SHORT-2510.18500v1,q06,BF_minus_WM,0.041666666666666664
text28-PHY-SHORT-2508.20431v1,q06,BF_minus_WM,0.024999999999999984
text29-PHY-SHORT-2509.06825v1,q06,BF_minus_WM,0.0
text30-PHY-SHORT-2509.17653v2,q06,BF_minus_WM,0.04999999999999999
text31-MATH-SHORT-2511.03536v1,q06,BF_minus_WM,-0.075
text32-MATH-SHORT-2603.02088v1,q06,BF_minus_WM,0.04166666666666668
text33-MATH-SHORT-2512.22134v3,q06,BF_minus_WM,-0.033333333333333326
text34-MATH-SHORT-2509.00532v1,q06,BF_minus_WM,-0.024999999999999984
text35-MATH-SHORT-2512.06844v1,q06,BF_minus_WM,0.05833333333333334
text36-MATH-SHORT-2503.09380v2,q06,BF_minus_WM,-0.07500000000000001
text37-MATH-SHORT-2510.26426v1,q06,BF_minus_WM,-0.041666666666666664
text38-MATH-SHORT-2512.04101v1,q06,BF_minus_WM,0.0
text39-MATH-SHORT-2506.11609v2,q06,BF_minus_WM,-0.08333333333333333
text40-MATH-SHORT-2507.15879v2,q06,BF_minus_WM,-0.008333333333333323
text41-BIO-LONG-2512.06709v1,q06,BF_minus_WM,-0.025000000000000005
text42-BIO-LONG-2503.07104v1,q06,BF_minus_WM,-0.041666666666666664
text43-BIO-LONG-2506.16577v1,q06,BF_minus_WM,-0.03333333333333335
text44-BIO-LONG-2505.20052v1,q06,BF_minus_WM,0.0
text45-BIO-LONG-2507.17897v4,q06,BF_minus_WM,0.0
text46-BIO-LONG-2505.05863v1,q06,BF_minus_WM,0.016666666666666673
text47-BIO-LONG-2505.21094v1,q06,BF_minus_WM,0.2833333333333333
text48-BIO-LONG-2602.16750v1,q06,BF_minus_WM,0.0
text49-BIO-LONG-2511.10014v1,q06,BF_minus_WM,-0.008333333333333331
text50-BIO-LONG-2603.01054v1,q06,BF_minus_WM,-0.00833333333333334
text51-CS-LONG-2602.11588v1,q06,BF_minus_WM,-0.10000000000000002
text52-CS-LONG-2602.15675v1,q06,BF_minus_WM,-0.041666666666666664
text53-CS-LONG-2603.02012v1,q06,BF_minus_WM,0.0
text54-CS-LONG-2602.23006v1,q06,BF_minus_WM,0.00833333333333334
text55-CS-LONG-2602.21625v1,q06,BF_minus_WM,-0.06666666666666665
text56-CS-LONG-2602.13713v1,q06,BF_minus_WM,0.0
text57-CS-LONG-2603.00079v1,q06,BF_minus_WM,0.04999999999999999
text58-CS-LONG-2603.01023v1,q06,BF_minus_WM,0.0
text59-CS-LONG-2602.19401v1,q06,BF_minus_WM,-0.00833333333333335
text60-CS-LONG-2602.18518v1,q06,BF_minus_WM,0.0
text61-PHY-LONG-2602.03885v1,q06,BF_minus_WM,-0.024999999999999984
text62-PHY-LONG-2511.21971v1,q06,BF_minus_WM,-0.03333333333333332
text63-PHY-LONG-2512.18015v1,q06,BF_minus_WM,0.025000000000000005
text64-PHY-LONG-2602.23683v1,q06,BF_minus_WM,0.0
text65-PHY-LONG-2601.13267v1,q06,BF_minus_WM,0.0
text66-PHY-LONG-2512.24566v1,q06,BF_minus_WM,-0.03333333333333335
text67-PHY-LONG-2602.07636v2,q06,BF_minus_WM,-0.016666666666666646
text68-PHY-LONG-2512.18130v1,q06,BF_minus_WM,0.0
text69-PHY-LONG-2602.17389v1,q06,BF_minus_WM,-0.11666666666666668
text70-PHY-LONG-2602.08188v1,q06,BF_minus_WM,-0.049999999999999996
text71-MATH-LONG-2511.12781v1,q06,BF_minus_WM,0.00833333333333334
text72-MATH-LONG-2602.06095v1,q06,BF_minus_WM,0.016666666666666653
text73-MATH-LONG-2511.18101v1,q06,BF_minus_WM,-0.01666666666666668
text74-MATH-LONG-2512.15978v1,q06,BF_minus_WM,0.041666666666666664
text75-MATH-LONG-2511.22140v1,q06,BF_minus_WM,0.016666666666666663
text76-MATH-LONG-2602.20441v1,q06,BF_minus_WM,0.0
text77-MATH-LONG-2601.20851v2,q06,BF_minus_WM,-0.05833333333333333
text78-MATH-LONG-2512.17595v1,q06,BF_minus_WM,-0.025000000000000005
text79-MATH-LONG-2512.10129v1,q06,BF_minus_WM,0.0
text80-MATH-LONG-2512.10507v1,q06,BF_minus_WM,0.00833333333333334
text01-BIO-SHORT-2505.02276v1,q06,HI_minus_LI,-0.049999999999999996
text02-BIO-SHORT-2507.04575v1,q06,HI_minus_LI,-0.19166666666666665
text03-BIO-SHORT-2505.11568v3,q06,HI_minus_LI,-0.01666666666666668
text04-BIO-SHORT-2507.08385v1,q06,HI_minus_LI,-0.07500000000000001
text05-BIO-SHORT-2504.10973v1,q06,HI_minus_LI,-0.06666666666666667
text06-BIO-SHORT-2506.14789v1,q06,HI_minus_LI,-0.008333333333333304
text07-BIO-SHORT-2506.13576v3,q06,HI_minus_LI,9.25185853854297e-18
text08-BIO-SHORT-2503.19923v2,q06,HI_minus_LI,0.016666666666666673
text09-BIO-SHORT-2602.00019v1,q06,HI_minus_LI,-0.016666666666666663
text10-BIO-SHORT-2506.13817v1,q06,HI_minus_LI,-0.08333333333333333
text11-CS-SHORT-2506.09194v1,q06,HI_minus_LI,0.025000000000000005
text12-CS-SHORT-2512.19717v1,q06,HI_minus_LI,0.06666666666666667
text13-CS-SHORT-2510.04124v5,q06,HI_minus_LI,0.025000000000000005
text14-CS-SHORT-2509.13349v2,q06,HI_minus_LI,0.0
text15-CS-SHORT-2602.03870v1,q06,HI_minus_LI,0.0
text16-CS-SHORT-2509.06033v1,q06,HI_minus_LI,-0.008333333333333331
text17-CS-SHORT-2509.16294v1,q06,HI_minus_LI,-0.20833333333333334
text18-CS-SHORT-2507.09492v1,q06,HI_minus_LI,-0.041666666666666664
text19-CS-SHORT-2509.14600v1,q06,HI_minus_LI,-0.16666666666666666
text20-CS-SHORT-2503.14899v1,q06,HI_minus_LI,0.08333333333333333
text21-PHY-SHORT-2601.23079v1,q06,HI_minus_LI,-0.041666666666666664
text22-PHY-SHORT-2601.23047v1,q06,HI_minus_LI,-0.00833333333333334
text23-PHY-SHORT-2601.23057v1,q06,HI_minus_LI,0.008333333333333331
text24-PHY-SHORT-2509.16741v1,q06,HI_minus_LI,0.016666666666666663
text25-PHY-SHORT-2507.08042v1,q06,HI_minus_LI,-0.4749999999999999
text26-PHY-SHORT-2512.23538v1,q06,HI_minus_LI,0.0
text27-PHY-SHORT-2510.18500v1,q06,HI_minus_LI,0.024999999999999984
text28-PHY-SHORT-2508.20431v1,q06,HI_minus_LI,0.00833333333333334
text29-PHY-SHORT-2509.06825v1,q06,HI_minus_LI,0.0
text30-PHY-SHORT-2509.17653v2,q06,HI_minus_LI,-0.016666666666666663
text31-MATH-SHORT-2511.03536v1,q06,HI_minus_LI,0.024999999999999984
text32-MATH-SHORT-2603.02088v1,q06,HI_minus_LI,-0.075
text33-MATH-SHORT-2512.22134v3,q06,HI_minus_LI,0.033333333333333326
text34-MATH-SHORT-2509.00532v1,q06,HI_minus_LI,-0.041666666666666664
text35-MATH-SHORT-2512.06844v1,q06,HI_minus_LI,-0.1583333333333333
text36-MATH-SHORT-2503.09380v2,q06,HI_minus_LI,0.05833333333333333
text37-MATH-SHORT-2510.26426v1,q06,HI_minus_LI,-0.041666666666666664
text38-MATH-SHORT-2512.04101v1,q06,HI_minus_LI,0.0
text39-MATH-SHORT-2506.11609v2,q06,HI_minus_LI,0.0
text40-MATH-SHORT-2507.15879v2,q06,HI_minus_LI,-0.025000000000000005
text41-BIO-LONG-2512.06709v1,q06,HI_minus_LI,0.10833333333333334
text42-BIO-LONG-2503.07104v1,q06,HI_minus_LI,0.024999999999999984
text43-BIO-LONG-2506.16577v1,q06,HI_minus_LI,0.016666666666666663
text44-BIO-LONG-2505.20052v1,q06,HI_minus_LI,0.0
text45-BIO-LONG-2507.17897v4,q06,HI_minus_LI,0.0
text46-BIO-LONG-2505.05863v1,q06,HI_minus_LI,-0.03333333333333333
text47-BIO-LONG-2505.21094v1,q06,HI_minus_LI,0.2833333333333333
text48-BIO-LONG-2602.16750v1,q06,HI_minus_LI,0.0
text49-BIO-LONG-2511.10014v1,q06,HI_minus_LI,-0.075
text50-BIO-LONG-2603.01054v1,q06,HI_minus_LI,-0.025000000000000022
text51-CS-LONG-2602.11588v1,q06,HI_minus_LI,-0.11666666666666665
text52-CS-LONG-2602.15675v1,q06,HI_minus_LI,-0.041666666666666664
text53-CS-LONG-2603.02012v1,q06,HI_minus_LI,0.0
text54-CS-LONG-2602.23006v1,q06,HI_minus_LI,-0.00833333333333334
text55-CS-LONG-2602.21625v1,q06,HI_minus_LI,0.0
text56-CS-LONG-2602.13713v1,q06,HI_minus_LI,0.0
text57-CS-LONG-2603.00079v1,q06,HI_minus_LI,-0.016666666666666663
text58-CS-LONG-2603.01023v1,q06,HI_minus_LI,-0.10000000000000002
text59-CS-LONG-2602.19401v1,q06,HI_minus_LI,-0.07499999999999998
text60-CS-LONG-2602.18518v1,q06,HI_minus_LI,0.0
text61-PHY-LONG-2602.03885v1,q06,HI_minus_LI,-0.024999999999999984
text62-PHY-LONG-2511.21971v1,q06,HI_minus_LI,0.08333333333333333
text63-PHY-LONG-2512.18015v1,q06,HI_minus_LI,-0.05833333333333335
text64-PHY-LONG-2602.23683v1,q06,HI_minus_LI,0.0
text65-PHY-LONG-2601.13267v1,q06,HI_minus_LI,0.0
text66-PHY-LONG-2512.24566v1,q06,HI_minus_LI,0.016666666666666663
text67-PHY-LONG-2602.07636v2,q06,HI_minus_LI,-0.033333333333333326
text68-PHY-LONG-2512.18130v1,q06,HI_minus_LI,0.0
text69-PHY-LONG-2602.17389v1,q06,HI_minus_LI,-0.09999999999999999
text70-PHY-LONG-2602.08188v1,q06,HI_minus_LI,0.049999999999999996
text71-MATH-LONG-2511.12781v1,q06,HI_minus_LI,0.00833333333333334
text72-MATH-LONG-2602.06095v1,q06,HI_minus_LI,-0.08333333333333336
text73-MATH-LONG-2511.18101v1,q06,HI_minus_LI,0.08333333333333333
text74-MATH-LONG-2512.15978v1,q06,HI_minus_LI,0.024999999999999984
text75-MATH-LONG-2511.22140v1,q06,HI_minus_LI,0.016666666666666663
text76-MATH-LONG-2602.20441v1,q06,HI_minus_LI,0.0
text77-MATH-LONG-2601.20851v2,q06,HI_minus_LI,0.05833333333333333
text78-MATH-LONG-2512.17595v1,q06,HI_minus_LI,0.05833333333333333
text79-MATH-LONG-2512.10129v1,q06,HI_minus_LI,0.0
text80-MATH-LONG-2512.10507v1,q06,HI_minus_LI,-0.00833333333333334
text01-BIO-SHORT-2505.02276v1,q06,HP_minus_LP,0.11666666666666665
text02-BIO-SHORT-2507.04575v1,q06,HP_minus_LP,-0.008333333333333331
text03-BIO-SHORT-2505.11568v3,q06,HP_minus_LP,-0.033333333333333326
text04-BIO-SHORT-2507.08385v1,q06,HP_minus_LP,-0.024999999999999984
text05-BIO-SHORT-2504.10973v1,q06,HP_minus_LP,-0.016666666666666663
text06-BIO-SHORT-2506.14789v1,q06,HP_minus_LP,-0.041666666666666664
text07-BIO-SHORT-2506.13576v3,q06,HP_minus_LP,-0.016666666666666673
text08-BIO-SHORT-2503.19923v2,q06,HP_minus_LP,-0.049999999999999996
text09-BIO-SHORT-2602.00019v1,q06,HP_minus_LP,-0.016666666666666663
text10-BIO-SHORT-2506.13817v1,q06,HP_minus_LP,0.08333333333333333
text11-CS-SHORT-2506.09194v1,q06,HP_minus_LP,-0.07500000000000001
text12-CS-SHORT-2512.19717v1,q06,HP_minus_LP,0.18333333333333335
text13-CS-SHORT-2510.04124v5,q06,HP_minus_LP,0.008333333333333323
text14-CS-SHORT-2509.13349v2,q06,HP_minus_LP,0.0
text15-CS-SHORT-2602.03870v1,q06,HP_minus_LP,0.0
text16-CS-SHORT-2509.06033v1,q06,HP_minus_LP,0.008333333333333331
text17-CS-SHORT-2509.16294v1,q06,HP_minus_LP,-0.041666666666666685
text18-CS-SHORT-2507.09492v1,q06,HP_minus_LP,0.041666666666666664
text19-CS-SHORT-2509.14600v1,q06,HP_minus_LP,0.016666666666666663
text20-CS-SHORT-2503.14899v1,q06,HP_minus_LP,-0.3333333333333333
text21-PHY-SHORT-2601.23079v1,q06,HP_minus_LP,-0.024999999999999984
text22-PHY-SHORT-2601.23047v1,q06,HP_minus_LP,-0.05833333333333335
text23-PHY-SHORT-2601.23057v1,q06,HP_minus_LP,-0.05833333333333334
text24-PHY-SHORT-2509.16741v1,q06,HP_minus_LP,0.033333333333333305
text25-PHY-SHORT-2507.08042v1,q06,HP_minus_LP,0.07500000000000005
text26-PHY-SHORT-2512.23538v1,q06,HP_minus_LP,0.0
text27-PHY-SHORT-2510.18500v1,q06,HP_minus_LP,0.041666666666666664
text28-PHY-SHORT-2508.20431v1,q06,HP_minus_LP,0.10833333333333332
text29-PHY-SHORT-2509.06825v1,q06,HP_minus_LP,0.0
text30-PHY-SHORT-2509.17653v2,q06,HP_minus_LP,0.016666666666666663
text31-MATH-SHORT-2511.03536v1,q06,HP_minus_LP,-0.14166666666666664
text32-MATH-SHORT-2603.02088v1,q06,HP_minus_LP,0.20833333333333334
text33-MATH-SHORT-2512.22134v3,q06,HP_minus_LP,0.033333333333333326
text34-MATH-SHORT-2509.00532v1,q06,HP_minus_LP,0.041666666666666664
text35-MATH-SHORT-2512.06844v1,q06,HP_minus_LP,-0.075
text36-MATH-SHORT-2503.09380v2,q06,HP_minus_LP,0.07500000000000001
text37-MATH-SHORT-2510.26426v1,q06,HP_minus_LP,-0.041666666666666664
text38-MATH-SHORT-2512.04101v1,q06,HP_minus_LP,0.0
text39-MATH-SHORT-2506.11609v2,q06,HP_minus_LP,0.0
text40-MATH-SHORT-2507.15879v2,q06,HP_minus_LP,0.008333333333333323
text41-BIO-LONG-2512.06709v1,q06,HP_minus_LP,-0.05833333333333333
text42-BIO-LONG-2503.07104v1,q06,HP_minus_LP,0.041666666666666664
text43-BIO-LONG-2506.16577v1,q06,HP_minus_LP,0.03333333333333335
text44-BIO-LONG-2505.20052v1,q06,HP_minus_LP,0.0
text45-BIO-LONG-2507.17897v4,q06,HP_minus_LP,0.0
text46-BIO-LONG-2505.05863v1,q06,HP_minus_LP,0.06666666666666664
text47-BIO-LONG-2505.21094v1,q06,HP_minus_LP,-0.03333333333333333
text48-BIO-LONG-2602.16750v1,q06,HP_minus_LP,0.0
text49-BIO-LONG-2511.10014v1,q06,HP_minus_LP,-0.04166666666666666
text50-BIO-LONG-2603.01054v1,q06,HP_minus_LP,0.025000000000000022
text51-CS-LONG-2602.11588v1,q06,HP_minus_LP,-0.016666666666666646
text52-CS-LONG-2602.15675v1,q06,HP_minus_LP,-0.024999999999999984
text53-CS-LONG-2603.02012v1,q06,HP_minus_LP,0.0
text54-CS-LONG-2602.23006v1,q06,HP_minus_LP,-0.00833333333333334
text55-CS-LONG-2602.21625v1,q06,HP_minus_LP,0.06666666666666665
text56-CS-LONG-2602.13713v1,q06,HP_minus_LP,0.0
text57-CS-LONG-2603.00079v1,q06,HP_minus_LP,0.09999999999999999
text58-CS-LONG-2603.01023v1,q06,HP_minus_LP,0.06666666666666665
text59-CS-LONG-2602.19401v1,q06,HP_minus_LP,-0.09166666666666667
text60-CS-LONG-2602.18518v1,q06,HP_minus_LP,0.0
text61-PHY-LONG-2602.03885v1,q06,HP_minus_LP,-0.024999999999999984
text62-PHY-LONG-2511.21971v1,q06,HP_minus_LP,0.05000000000000002
text63-PHY-LONG-2512.18015v1,q06,HP_minus_LP,-0.04166666666666665
text64-PHY-LONG-2602.23683v1,q06,HP_minus_LP,0.0
text65-PHY-LONG-2601.13267v1,q06,HP_minus_LP,0.0
text66-PHY-LONG-2512.24566v1,q06,HP_minus_LP,0.016666666666666663
text67-PHY-LONG-2602.07636v2,q06,HP_minus_LP,-0.05000000000000001
text68-PHY-LONG-2512.18130v1,q06,HP_minus_LP,0.0
text69-PHY-LONG-2602.17389v1,q06,HP_minus_LP,0.10000000000000003
text70-PHY-LONG-2602.08188v1,q06,HP_minus_LP,0.11666666666666665
text71-MATH-LONG-2511.12781v1,q06,HP_minus_LP,0.00833333333333334
text72-MATH-LONG-2602.06095v1,q06,HP_minus_LP,-0.06666666666666667
text73-MATH-LONG-2511.18101v1,q06,HP_minus_LP,0.08333333333333333
text74-MATH-LONG-2512.15978v1,q06,HP_minus_LP,0.041666666666666664
text75-MATH-LONG-2511.22140v1,q06,HP_minus_LP,0.016666666666666663
text76-MATH-LONG-2602.20441v1,q06,HP_minus_LP,0.0
text77-MATH-LONG-2601.20851v2,q06,HP_minus_LP,0.05833333333333333
text78-MATH-LONG-2512.17595v1,q06,HP_minus_LP,0.05833333333333333
text79-MATH-LONG-2512.10129v1,q06,HP_minus_LP,0.0
text80-MATH-LONG-2512.10507v1,q06,HP_minus_LP,-0.00833333333333334
text01-BIO-SHORT-2505.02276v1,q06,Name_x_Inst,0.03333333333333335
text02-BIO-SHORT-2507.04575v1,q06,Name_x_Inst,0.08333333333333331
text03-BIO-SHORT-2505.11568v3,q06,Name_x_Inst,0.0
text04-BIO-SHORT-2507.08385v1,q06,Name_x_Inst,-0.05000000000000001
text05-BIO-SHORT-2504.10973v1,q06,Name_x_Inst,0.0
text06-BIO-SHORT-2506.14789v1,q06,Name_x_Inst,-0.04999999999999997
text07-BIO-SHORT-2506.13576v3,q06,Name_x_Inst,0.03333333333333335
text08-BIO-SHORT-2503.19923v2,q06,Name_x_Inst,-1.850371707708594e-17
text09-BIO-SHORT-2602.00019v1,q06,Name_x_Inst,-0.09999999999999998
text10-BIO-SHORT-2506.13817v1,q06,Name_x_Inst,0.0
text11-CS-SHORT-2506.09194v1,q06,Name_x_Inst,-0.14999999999999994
text12-CS-SHORT-2512.19717v1,q06,Name_x_Inst,-0.3
text13-CS-SHORT-2510.04124v5,q06,Name_x_Inst,-0.0833333333333333
text14-CS-SHORT-2509.13349v2,q06,Name_x_Inst,0.0
text15-CS-SHORT-2602.03870v1,q06,Name_x_Inst,0.0
text16-CS-SHORT-2509.06033v1,q06,Name_x_Inst,0.016666666666666663
text17-CS-SHORT-2509.16294v1,q06,Name_x_Inst,0.11666666666666665
text18-CS-SHORT-2507.09492v1,q06,Name_x_Inst,-0.08333333333333333
text19-CS-SHORT-2509.14600v1,q06,Name_x_Inst,0.033333333333333326
text20-CS-SHORT-2503.14899v1,q06,Name_x_Inst,0.3333333333333333
text21-PHY-SHORT-2601.23079v1,q06,Name_x_Inst,-0.01666666666666668
text22-PHY-SHORT-2601.23047v1,q06,Name_x_Inst,-0.01666666666666668
text23-PHY-SHORT-2601.23057v1,q06,Name_x_Inst,0.15
text24-PHY-SHORT-2509.16741v1,q06,Name_x_Inst,0.1666666666666667
text25-PHY-SHORT-2507.08042v1,q06,Name_x_Inst,0.5166666666666667
text26-PHY-SHORT-2512.23538v1,q06,Name_x_Inst,0.0
text27-PHY-SHORT-2510.18500v1,q06,Name_x_Inst,-0.08333333333333333
text28-PHY-SHORT-2508.20431v1,q06,Name_x_Inst,0.08333333333333333
text29-PHY-SHORT-2509.06825v1,q06,Name_x_Inst,0.0
text30-PHY-SHORT-2509.17653v2,q06,Name_x_Inst,-0.09999999999999998
text31-MATH-SHORT-2511.03536v1,q06,Name_x_Inst,0.11666666666666663
text32-MATH-SHORT-2603.02088v1,q06,Name_x_Inst,0.08333333333333336
text33-MATH-SHORT-2512.22134v3,q06,Name_x_Inst,-0.2333333333333333
text34-MATH-SHORT-2509.00532v1,q06,Name_x_Inst,-0.15
text35-MATH-SHORT-2512.06844v1,q06,Name_x_Inst,0.25
text36-MATH-SHORT-2503.09380v2,q06,Name_x_Inst,0.11666666666666665
text37-MATH-SHORT-2510.26426v1,q06,Name_x_Inst,0.08333333333333333
text38-MATH-SHORT-2512.04101v1,q06,Name_x_Inst,0.0
text39-MATH-SHORT-2506.11609v2,q06,Name_x_Inst,0.0
text40-MATH-SHORT-2507.15879v2,q06,Name_x_Inst,0.0833333333333333
text41-BIO-LONG-2512.06709v1,q06,Name_x_Inst,0.05000000000000001
text42-BIO-LONG-2503.07104v1,q06,Name_x_Inst,0.04999999999999997
text43-BIO-LONG-2506.16577v1,q06,Name_x_Inst,-0.033333333333333326
text44-BIO-LONG-2505.20052v1,q06,Name_x_Inst,0.0
text45-BIO-LONG-2507.17897v4,q06,Name_x_Inst,0.0
text46-BIO-LONG-2505.05863v1,q06,Name_x_Inst,-0.13333333333333333
text47-BIO-LONG-2505.21094v1,q06,Name_x_Inst,0.43333333333333335
text48-BIO-LONG-2602.16750v1,q06,Name_x_Inst,0.0
text49-BIO-LONG-2511.10014v1,q06,Name_x_Inst,-0.0166666666666667
text50-BIO-LONG-2603.01054v1,q06,Name_x_Inst,-0.01666666666666668
text51-CS-LONG-2602.11588v1,q06,Name_x_Inst,-0.1333333333333334
text52-CS-LONG-2602.15675v1,q06,Name_x_Inst,-0.08333333333333333
text53-CS-LONG-2603.02012v1,q06,Name_x_Inst,0.0
text54-CS-LONG-2602.23006v1,q06,Name_x_Inst,0.01666666666666668
text55-CS-LONG-2602.21625v1,q06,Name_x_Inst,0.0
text56-CS-LONG-2602.13713v1,q06,Name_x_Inst,0.0
text57-CS-LONG-2603.00079v1,q06,Name_x_Inst,0.09999999999999998
text58-CS-LONG-2603.01023v1,q06,Name_x_Inst,0.0
text59-CS-LONG-2602.19401v1,q06,Name_x_Inst,-0.016666666666666663
text60-CS-LONG-2602.18518v1,q06,Name_x_Inst,0.0
text61-PHY-LONG-2602.03885v1,q06,Name_x_Inst,-0.08333333333333333
text62-PHY-LONG-2511.21971v1,q06,Name_x_Inst,0.033333333333333305
text63-PHY-LONG-2512.18015v1,q06,Name_x_Inst,0.14999999999999994
text64-PHY-LONG-2602.23683v1,q06,Name_x_Inst,0.0
text65-PHY-LONG-2601.13267v1,q06,Name_x_Inst,0.0
text66-PHY-LONG-2512.24566v1,q06,Name_x_Inst,0.16666666666666663
text67-PHY-LONG-2602.07636v2,q06,Name_x_Inst,0.03333333333333329
text68-PHY-LONG-2512.18130v1,q06,Name_x_Inst,0.0
text69-PHY-LONG-2602.17389v1,q06,Name_x_Inst,0.10000000000000002
text70-PHY-LONG-2602.08188v1,q06,Name_x_Inst,0.03333333333333335
text71-MATH-LONG-2511.12781v1,q06,Name_x_Inst,-0.01666666666666668
text72-MATH-LONG-2602.06095v1,q06,Name_x_Inst,-0.3
text73-MATH-LONG-2511.18101v1,q06,Name_x_Inst,0.1333333333333333
text74-MATH-LONG-2512.15978v1,q06,Name_x_Inst,-0.04999999999999997
text75-MATH-LONG-2511.22140v1,q06,Name_x_Inst,-0.033333333333333326
text76-MATH-LONG-2602.20441v1,q06,Name_x_Inst,0.0
text77-MATH-LONG-2601.20851v2,q06,Name_x_Inst,0.016666666666666646
text78-MATH-LONG-2512.17595v1,q06,Name_x_Inst,0.05000000000000001
text79-MATH-LONG-2512.10129v1,q06,Name_x_Inst,0.0
text80-MATH-LONG-2512.10507v1,q06,Name_x_Inst,-0.01666666666666668
text01-BIO-SHORT-2505.02276v1,q06,Name_x_Bibliometrics,0.2333333333333334
text02-BIO-SHORT-2507.04575v1,q06,Name_x_Bibliometrics,0.05000000000000001
text03-BIO-SHORT-2505.11568v3,q06,Name_x_Bibliometrics,-0.10000000000000002
text04-BIO-SHORT-2507.08385v1,q06,Name_x_Bibliometrics,-0.01666666666666668
text05-BIO-SHORT-2504.10973v1,q06,Name_x_Bibliometrics,0.10000000000000002
text06-BIO-SHORT-2506.14789v1,q06,Name_x_Bibliometrics,-0.04999999999999997
text07-BIO-SHORT-2506.13576v3,q06,Name_x_Bibliometrics,-1.850371707708594e-17
text08-BIO-SHORT-2503.19923v2,q06,Name_x_Bibliometrics,0.06666666666666667
text09-BIO-SHORT-2602.00019v1,q06,Name_x_Bibliometrics,-0.09999999999999998
text10-BIO-SHORT-2506.13817v1,q06,Name_x_Bibliometrics,0.0
text11-CS-SHORT-2506.09194v1,q06,Name_x_Bibliometrics,0.24999999999999997
text12-CS-SHORT-2512.19717v1,q06,Name_x_Bibliometrics,0.13333333333333333
text13-CS-SHORT-2510.04124v5,q06,Name_x_Bibliometrics,-0.04999999999999993
text14-CS-SHORT-2509.13349v2,q06,Name_x_Bibliometrics,0.0
text15-CS-SHORT-2602.03870v1,q06,Name_x_Bibliometrics,0.0
text16-CS-SHORT-2509.06033v1,q06,Name_x_Bibliometrics,-0.016666666666666663
text17-CS-SHORT-2509.16294v1,q06,Name_x_Bibliometrics,-0.08333333333333336
text18-CS-SHORT-2507.09492v1,q06,Name_x_Bibliometrics,0.08333333333333333
text19-CS-SHORT-2509.14600v1,q06,Name_x_Bibliometrics,0.0
text20-CS-SHORT-2503.14899v1,q06,Name_x_Bibliometrics,0.16666666666666666
text21-PHY-SHORT-2601.23079v1,q06,Name_x_Bibliometrics,0.15
text22-PHY-SHORT-2601.23047v1,q06,Name_x_Bibliometrics,0.21666666666666665
text23-PHY-SHORT-2601.23057v1,q06,Name_x_Bibliometrics,0.016666666666666663
text24-PHY-SHORT-2509.16741v1,q06,Name_x_Bibliometrics,0.0666666666666667
text25-PHY-SHORT-2507.08042v1,q06,Name_x_Bibliometrics,-0.05000000000000001
text26-PHY-SHORT-2512.23538v1,q06,Name_x_Bibliometrics,0.0
text27-PHY-SHORT-2510.18500v1,q06,Name_x_Bibliometrics,-0.04999999999999997
text28-PHY-SHORT-2508.20431v1,q06,Name_x_Bibliometrics,-0.050000000000000044
text29-PHY-SHORT-2509.06825v1,q06,Name_x_Bibliometrics,0.0
text30-PHY-SHORT-2509.17653v2,q06,Name_x_Bibliometrics,0.09999999999999998
text31-MATH-SHORT-2511.03536v1,q06,Name_x_Bibliometrics,-0.016666666666666607
text32-MATH-SHORT-2603.02088v1,q06,Name_x_Bibliometrics,0.050000000000000024
text33-MATH-SHORT-2512.22134v3,q06,Name_x_Bibliometrics,0.10000000000000002
text34-MATH-SHORT-2509.00532v1,q06,Name_x_Bibliometrics,-0.050000000000000044
text35-MATH-SHORT-2512.06844v1,q06,Name_x_Bibliometrics,-0.11666666666666668
text36-MATH-SHORT-2503.09380v2,q06,Name_x_Bibliometrics,0.15000000000000002
text37-MATH-SHORT-2510.26426v1,q06,Name_x_Bibliometrics,0.08333333333333333
text38-MATH-SHORT-2512.04101v1,q06,Name_x_Bibliometrics,0.0
text39-MATH-SHORT-2506.11609v2,q06,Name_x_Bibliometrics,0.0
text40-MATH-SHORT-2507.15879v2,q06,Name_x_Bibliometrics,-0.04999999999999993
text41-BIO-LONG-2512.06709v1,q06,Name_x_Bibliometrics,0.05000000000000001
text42-BIO-LONG-2503.07104v1,q06,Name_x_Bibliometrics,0.08333333333333333
text43-BIO-LONG-2506.16577v1,q06,Name_x_Bibliometrics,-0.0666666666666667
text44-BIO-LONG-2505.20052v1,q06,Name_x_Bibliometrics,0.0
text45-BIO-LONG-2507.17897v4,q06,Name_x_Bibliometrics,0.0
text46-BIO-LONG-2505.05863v1,q06,Name_x_Bibliometrics,-0.06666666666666667
text47-BIO-LONG-2505.21094v1,q06,Name_x_Bibliometrics,0.06666666666666667
text48-BIO-LONG-2602.16750v1,q06,Name_x_Bibliometrics,0.0
text49-BIO-LONG-2511.10014v1,q06,Name_x_Bibliometrics,0.04999999999999999
text50-BIO-LONG-2603.01054v1,q06,Name_x_Bibliometrics,-0.050000000000000044
text51-CS-LONG-2602.11588v1,q06,Name_x_Bibliometrics,0.1333333333333334
text52-CS-LONG-2602.15675v1,q06,Name_x_Bibliometrics,-0.04999999999999997
text53-CS-LONG-2603.02012v1,q06,Name_x_Bibliometrics,0.0
text54-CS-LONG-2602.23006v1,q06,Name_x_Bibliometrics,0.01666666666666668
text55-CS-LONG-2602.21625v1,q06,Name_x_Bibliometrics,-0.1333333333333333
text56-CS-LONG-2602.13713v1,q06,Name_x_Bibliometrics,0.0
text57-CS-LONG-2603.00079v1,q06,Name_x_Bibliometrics,-0.13333333333333333
text58-CS-LONG-2603.01023v1,q06,Name_x_Bibliometrics,0.0
text59-CS-LONG-2602.19401v1,q06,Name_x_Bibliometrics,-0.050000000000000024
text60-CS-LONG-2602.18518v1,q06,Name_x_Bibliometrics,0.0
text61-PHY-LONG-2602.03885v1,q06,Name_x_Bibliometrics,-0.08333333333333333
text62-PHY-LONG-2511.21971v1,q06,Name_x_Bibliometrics,-0.16666666666666666
text63-PHY-LONG-2512.18015v1,q06,Name_x_Bibliometrics,-0.08333333333333333
text64-PHY-LONG-2602.23683v1,q06,Name_x_Bibliometrics,0.0
text65-PHY-LONG-2601.13267v1,q06,Name_x_Bibliometrics,0.0
text66-PHY-LONG-2512.24566v1,q06,Name_x_Bibliometrics,0.033333333333333326
text67-PHY-LONG-2602.07636v2,q06,Name_x_Bibliometrics,0.06666666666666665
text68-PHY-LONG-2512.18130v1,q06,Name_x_Bibliometrics,0.0
text69-PHY-LONG-2602.17389v1,q06,Name_x_Bibliometrics,-0.03333333333333329
text70-PHY-LONG-2602.08188v1,q06,Name_x_Bibliometrics,-0.09999999999999999
text71-MATH-LONG-2511.12781v1,q06,Name_x_Bibliometrics,-0.01666666666666668
text72-MATH-LONG-2602.06095v1,q06,Name_x_Bibliometrics,-0.06666666666666667
text73-MATH-LONG-2511.18101v1,q06,Name_x_Bibliometrics,-0.20000000000000004
text74-MATH-LONG-2512.15978v1,q06,Name_x_Bibliometrics,-0.08333333333333333
text75-MATH-LONG-2511.22140v1,q06,Name_x_Bibliometrics,-0.033333333333333326
text76-MATH-LONG-2602.20441v1,q06,Name_x_Bibliometrics,0.0
text77-MATH-LONG-2601.20851v2,q06,Name_x_Bibliometrics,0.016666666666666646
text78-MATH-LONG-2512.17595v1,q06,Name_x_Bibliometrics,0.05000000000000001
text79-MATH-LONG-2512.10129v1,q06,Name_x_Bibliometrics,0.0
text80-MATH-LONG-2512.10507v1,q06,Name_x_Bibliometrics,-0.01666666666666668
text01-BIO-SHORT-2505.02276v1,q06,Inst_x_Bibliometrics,0.09999999999999999
text02-BIO-SHORT-2507.04575v1,q06,Inst_x_Bibliometrics,-0.049999999999999996
text03-BIO-SHORT-2505.11568v3,q06,Inst_x_Bibliometrics,0.0
text04-BIO-SHORT-2507.08385v1,q06,Inst_x_Bibliometrics,-0.18333333333333335
text05-BIO-SHORT-2504.10973v1,q06,Inst_x_Bibliometrics,-0.13333333333333333
text06-BIO-SHORT-2506.14789v1,q06,Inst_x_Bibliometrics,-0.04999999999999997
text07-BIO-SHORT-2506.13576v3,q06,Inst_x_Bibliometrics,1.850371707708594e-17
text08-BIO-SHORT-2503.19923v2,q06,Inst_x_Bibliometrics,0.06666666666666667
text09-BIO-SHORT-2602.00019v1,q06,Inst_x_Bibliometrics,3.700743415417188e-17
text10-BIO-SHORT-2506.13817v1,q06,Inst_x_Bibliometrics,-0.16666666666666666
text11-CS-SHORT-2506.09194v1,q06,Inst_x_Bibliometrics,0.05000000000000001
text12-CS-SHORT-2512.19717v1,q06,Inst_x_Bibliometrics,-0.033333333333333326
text13-CS-SHORT-2510.04124v5,q06,Inst_x_Bibliometrics,0.0833333333333333
text14-CS-SHORT-2509.13349v2,q06,Inst_x_Bibliometrics,0.0
text15-CS-SHORT-2602.03870v1,q06,Inst_x_Bibliometrics,0.0
text16-CS-SHORT-2509.06033v1,q06,Inst_x_Bibliometrics,0.016666666666666663
text17-CS-SHORT-2509.16294v1,q06,Inst_x_Bibliometrics,-0.016666666666666646
text18-CS-SHORT-2507.09492v1,q06,Inst_x_Bibliometrics,0.08333333333333333
text19-CS-SHORT-2509.14600v1,q06,Inst_x_Bibliometrics,0.0
text20-CS-SHORT-2503.14899v1,q06,Inst_x_Bibliometrics,-0.16666666666666666
text21-PHY-SHORT-2601.23079v1,q06,Inst_x_Bibliometrics,0.1166666666666667
text22-PHY-SHORT-2601.23047v1,q06,Inst_x_Bibliometrics,0.35000000000000003
text23-PHY-SHORT-2601.23057v1,q06,Inst_x_Bibliometrics,0.016666666666666663
text24-PHY-SHORT-2509.16741v1,q06,Inst_x_Bibliometrics,0.033333333333333326
text25-PHY-SHORT-2507.08042v1,q06,Inst_x_Bibliometrics,0.18333333333333335
text26-PHY-SHORT-2512.23538v1,q06,Inst_x_Bibliometrics,0.0
text27-PHY-SHORT-2510.18500v1,q06,Inst_x_Bibliometrics,-0.08333333333333333
text28-PHY-SHORT-2508.20431v1,q06,Inst_x_Bibliometrics,-0.08333333333333333
text29-PHY-SHORT-2509.06825v1,q06,Inst_x_Bibliometrics,0.0
text30-PHY-SHORT-2509.17653v2,q06,Inst_x_Bibliometrics,0.09999999999999998
text31-MATH-SHORT-2511.03536v1,q06,Inst_x_Bibliometrics,-0.01666666666666668
text32-MATH-SHORT-2603.02088v1,q06,Inst_x_Bibliometrics,0.08333333333333333
text33-MATH-SHORT-2512.22134v3,q06,Inst_x_Bibliometrics,0.2333333333333333
text34-MATH-SHORT-2509.00532v1,q06,Inst_x_Bibliometrics,-0.01666666666666668
text35-MATH-SHORT-2512.06844v1,q06,Inst_x_Bibliometrics,0.050000000000000024
text36-MATH-SHORT-2503.09380v2,q06,Inst_x_Bibliometrics,-0.11666666666666665
text37-MATH-SHORT-2510.26426v1,q06,Inst_x_Bibliometrics,0.08333333333333333
text38-MATH-SHORT-2512.04101v1,q06,Inst_x_Bibliometrics,0.0
text39-MATH-SHORT-2506.11609v2,q06,Inst_x_Bibliometrics,-0.16666666666666666
text40-MATH-SHORT-2507.15879v2,q06,Inst_x_Bibliometrics,0.05000000000000001
text41-BIO-LONG-2512.06709v1,q06,Inst_x_Bibliometrics,0.11666666666666665
text42-BIO-LONG-2503.07104v1,q06,Inst_x_Bibliometrics,-0.04999999999999997
text43-BIO-LONG-2506.16577v1,q06,Inst_x_Bibliometrics,0.033333333333333326
text44-BIO-LONG-2505.20052v1,q06,Inst_x_Bibliometrics,0.0
text45-BIO-LONG-2507.17897v4,q06,Inst_x_Bibliometrics,0.0
text46-BIO-LONG-2505.05863v1,q06,Inst_x_Bibliometrics,-0.03333333333333338
text47-BIO-LONG-2505.21094v1,q06,Inst_x_Bibliometrics,0.06666666666666667
text48-BIO-LONG-2602.16750v1,q06,Inst_x_Bibliometrics,0.0
text49-BIO-LONG-2511.10014v1,q06,Inst_x_Bibliometrics,-0.08333333333333336
text50-BIO-LONG-2603.01054v1,q06,Inst_x_Bibliometrics,-0.01666666666666668
text51-CS-LONG-2602.11588v1,q06,Inst_x_Bibliometrics,0.16666666666666666
text52-CS-LONG-2602.15675v1,q06,Inst_x_Bibliometrics,-0.04999999999999997
text53-CS-LONG-2603.02012v1,q06,Inst_x_Bibliometrics,0.0
text54-CS-LONG-2602.23006v1,q06,Inst_x_Bibliometrics,-0.01666666666666668
text55-CS-LONG-2602.21625v1,q06,Inst_x_Bibliometrics,0.0
text56-CS-LONG-2602.13713v1,q06,Inst_x_Bibliometrics,0.0
text57-CS-LONG-2603.00079v1,q06,Inst_x_Bibliometrics,-0.06666666666666661
text58-CS-LONG-2603.01023v1,q06,Inst_x_Bibliometrics,-0.1333333333333333
text59-CS-LONG-2602.19401v1,q06,Inst_x_Bibliometrics,-0.25
text60-CS-LONG-2602.18518v1,q06,Inst_x_Bibliometrics,0.0
text61-PHY-LONG-2602.03885v1,q06,Inst_x_Bibliometrics,-0.08333333333333333
text62-PHY-LONG-2511.21971v1,q06,Inst_x_Bibliometrics,0.19999999999999996
text63-PHY-LONG-2512.18015v1,q06,Inst_x_Bibliometrics,0.016666666666666646
text64-PHY-LONG-2602.23683v1,q06,Inst_x_Bibliometrics,0.0
text65-PHY-LONG-2601.13267v1,q06,Inst_x_Bibliometrics,0.0
text66-PHY-LONG-2512.24566v1,q06,Inst_x_Bibliometrics,-0.0666666666666667
text67-PHY-LONG-2602.07636v2,q06,Inst_x_Bibliometrics,0.10000000000000002
text68-PHY-LONG-2512.18130v1,q06,Inst_x_Bibliometrics,0.0
text69-PHY-LONG-2602.17389v1,q06,Inst_x_Bibliometrics,0.0
text70-PHY-LONG-2602.08188v1,q06,Inst_x_Bibliometrics,-0.16666666666666666
text71-MATH-LONG-2511.12781v1,q06,Inst_x_Bibliometrics,-0.01666666666666668
text72-MATH-LONG-2602.06095v1,q06,Inst_x_Bibliometrics,-0.13333333333333336
text73-MATH-LONG-2511.18101v1,q06,Inst_x_Bibliometrics,0.0
text74-MATH-LONG-2512.15978v1,q06,Inst_x_Bibliometrics,-0.04999999999999997
text75-MATH-LONG-2511.22140v1,q06,Inst_x_Bibliometrics,-0.033333333333333326
text76-MATH-LONG-2602.20441v1,q06,Inst_x_Bibliometrics,0.0
text77-MATH-LONG-2601.20851v2,q06,Inst_x_Bibliometrics,-0.016666666666666646
text78-MATH-LONG-2512.17595v1,q06,Inst_x_Bibliometrics,-0.11666666666666665
text79-MATH-LONG-2512.10129v1,q06,Inst_x_Bibliometrics,0.0
text80-MATH-LONG-2512.10507v1,q06,Inst_x_Bibliometrics,0.01666666666666668
text01-BIO-SHORT-2505.02276v1,q07,BF_minus_WM,0.09166666666666667
text02-BIO-SHORT-2507.04575v1,q07,BF_minus_WM,-0.06666666666666667
text03-BIO-SHORT-2505.11568v3,q07,BF_minus_WM,-0.07500000000000001
text04-BIO-SHORT-2507.08385v1,q07,BF_minus_WM,-0.09999999999999999
text05-BIO-SHORT-2504.10973v1,q07,BF_minus_WM,0.07499999999999998
text06-BIO-SHORT-2506.14789v1,q07,BF_minus_WM,0.041666666666666664
text07-BIO-SHORT-2506.13576v3,q07,BF_minus_WM,0.024999999999999994
text08-BIO-SHORT-2503.19923v2,q07,BF_minus_WM,-0.18333333333333335
text09-BIO-SHORT-2602.00019v1,q07,BF_minus_WM,0.125
text10-BIO-SHORT-2506.13817v1,q07,BF_minus_WM,-0.00833333333333334
text11-CS-SHORT-2506.09194v1,q07,BF_minus_WM,0.049999999999999996
text12-CS-SHORT-2512.19717v1,q07,BF_minus_WM,-0.08333333333333333
text13-CS-SHORT-2510.04124v5,q07,BF_minus_WM,0.016666666666666673
text14-CS-SHORT-2509.13349v2,q07,BF_minus_WM,-0.016666666666666663
text15-CS-SHORT-2602.03870v1,q07,BF_minus_WM,-0.00833333333333334
text16-CS-SHORT-2509.06033v1,q07,BF_minus_WM,0.041666666666666664
text17-CS-SHORT-2509.16294v1,q07,BF_minus_WM,-0.024999999999999994
text18-CS-SHORT-2507.09492v1,q07,BF_minus_WM,0.075
text19-CS-SHORT-2509.14600v1,q07,BF_minus_WM,0.09166666666666667
text20-CS-SHORT-2503.14899v1,q07,BF_minus_WM,-0.09999999999999999
text21-PHY-SHORT-2601.23079v1,q07,BF_minus_WM,0.008333333333333323
text22-PHY-SHORT-2601.23047v1,q07,BF_minus_WM,0.03333333333333335
text23-PHY-SHORT-2601.23057v1,q07,BF_minus_WM,0.05833333333333333
text24-PHY-SHORT-2509.16741v1,q07,BF_minus_WM,-0.05833333333333334
text25-PHY-SHORT-2507.08042v1,q07,BF_minus_WM,0.0666666666666667
text26-PHY-SHORT-2512.23538v1,q07,BF_minus_WM,-0.05833333333333331
text27-PHY-SHORT-2510.18500v1,q07,BF_minus_WM,0.049999999999999996
text28-PHY-SHORT-2508.20431v1,q07,BF_minus_WM,0.05833333333333332
text29-PHY-SHORT-2509.06825v1,q07,BF_minus_WM,-0.11666666666666668
text30-PHY-SHORT-2509.17653v2,q07,BF_minus_WM,0.44166666666666665
text31-MATH-SHORT-2511.03536v1,q07,BF_minus_WM,-0.17500000000000002
text32-MATH-SHORT-2603.02088v1,q07,BF_minus_WM,-0.04166666666666668
text33-MATH-SHORT-2512.22134v3,q07,BF_minus_WM,0.06666666666666667
text34-MATH-SHORT-2509.00532v1,q07,BF_minus_WM,0.05000000000000001
text35-MATH-SHORT-2512.06844v1,q07,BF_minus_WM,-0.075
text36-MATH-SHORT-2503.09380v2,q07,BF_minus_WM,-0.024999999999999994
text37-MATH-SHORT-2510.26426v1,q07,BF_minus_WM,-0.00833333333333334
text38-MATH-SHORT-2512.04101v1,q07,BF_minus_WM,-0.008333333333333333
text39-MATH-SHORT-2506.11609v2,q07,BF_minus_WM,0.008333333333333337
text40-MATH-SHORT-2507.15879v2,q07,BF_minus_WM,-0.025000000000000005
text41-BIO-LONG-2512.06709v1,q07,BF_minus_WM,0.008333333333333323
text42-BIO-LONG-2503.07104v1,q07,BF_minus_WM,0.04166666666666665
text43-BIO-LONG-2506.16577v1,q07,BF_minus_WM,-0.016666666666666663
text44-BIO-LONG-2505.20052v1,q07,BF_minus_WM,0.016666666666666663
text45-BIO-LONG-2507.17897v4,q07,BF_minus_WM,0.008333333333333323
text46-BIO-LONG-2505.05863v1,q07,BF_minus_WM,-6.938893903907228e-18
text47-BIO-LONG-2505.21094v1,q07,BF_minus_WM,0.18333333333333335
text48-BIO-LONG-2602.16750v1,q07,BF_minus_WM,0.06666666666666667
text49-BIO-LONG-2511.10014v1,q07,BF_minus_WM,-0.025000000000000005
text50-BIO-LONG-2603.01054v1,q07,BF_minus_WM,0.008333333333333304
text51-CS-LONG-2602.11588v1,q07,BF_minus_WM,0.025000000000000005
text52-CS-LONG-2602.15675v1,q07,BF_minus_WM,0.0
text53-CS-LONG-2603.02012v1,q07,BF_minus_WM,-0.025000000000000005
text54-CS-LONG-2602.23006v1,q07,BF_minus_WM,-0.008333333333333331
text55-CS-LONG-2602.21625v1,q07,BF_minus_WM,0.05833333333333337
text56-CS-LONG-2602.13713v1,q07,BF_minus_WM,-1.850371707708594e-17
text57-CS-LONG-2603.00079v1,q07,BF_minus_WM,-0.016666666666666663
text58-CS-LONG-2603.01023v1,q07,BF_minus_WM,0.025000000000000005
text59-CS-LONG-2602.19401v1,q07,BF_minus_WM,-0.024999999999999984
text60-CS-LONG-2602.18518v1,q07,BF_minus_WM,0.0
text61-PHY-LONG-2602.03885v1,q07,BF_minus_WM,0.04999999999999999
text62-PHY-LONG-2511.21971v1,q07,BF_minus_WM,-0.025000000000000022
text63-PHY-LONG-2512.18015v1,q07,BF_minus_WM,-0.00833333333333334
text64-PHY-LONG-2602.23683v1,q07,BF_minus_WM,-0.04999999999999999
text65-PHY-LONG-2601.13267v1,q07,BF_minus_WM,0.008333333333333323
text66-PHY-LONG-2512.24566v1,q07,BF_minus_WM,-0.033333333333333326
text67-PHY-LONG-2602.07636v2,q07,BF_minus_WM,0.033333333333333326
text68-PHY-LONG-2512.18130v1,q07,BF_minus_WM,9.25185853854297e-18
text69-PHY-LONG-2602.17389v1,q07,BF_minus_WM,0.04166666666666663
text70-PHY-LONG-2602.08188v1,q07,BF_minus_WM,-0.058333333333333355
text71-MATH-LONG-2511.12781v1,q07,BF_minus_WM,-0.016666666666666673
text72-MATH-LONG-2602.06095v1,q07,BF_minus_WM,0.03333333333333335
text73-MATH-LONG-2511.18101v1,q07,BF_minus_WM,-0.07499999999999996
text74-MATH-LONG-2512.15978v1,q07,BF_minus_WM,0.03333333333333333
text75-MATH-LONG-2511.22140v1,q07,BF_minus_WM,-0.125
text76-MATH-LONG-2602.20441v1,q07,BF_minus_WM,-0.05833333333333335
text77-MATH-LONG-2601.20851v2,q07,BF_minus_WM,-0.09999999999999998
text78-MATH-LONG-2512.17595v1,q07,BF_minus_WM,0.08333333333333333
text79-MATH-LONG-2512.10129v1,q07,BF_minus_WM,-0.049999999999999996
text80-MATH-LONG-2512.10507v1,q07,BF_minus_WM,0.075
text01-BIO-SHORT-2505.02276v1,q07,HI_minus_LI,-0.07500000000000001
text02-BIO-SHORT-2507.04575v1,q07,HI_minus_LI,0.08333333333333333
text03-BIO-SHORT-2505.11568v3,q07,HI_minus_LI,0.07500000000000001
text04-BIO-SHORT-2507.08385v1,q07,HI_minus_LI,-0.033333333333333326
text05-BIO-SHORT-2504.10973v1,q07,HI_minus_LI,-0.025000000000000012
text06-BIO-SHORT-2506.14789v1,q07,HI_minus_LI,-0.00833333333333334
text07-BIO-SHORT-2506.13576v3,q07,HI_minus_LI,0.04166666666666666
text08-BIO-SHORT-2503.19923v2,q07,HI_minus_LI,-0.033333333333333305
text09-BIO-SHORT-2602.00019v1,q07,HI_minus_LI,-0.27499999999999997
text10-BIO-SHORT-2506.13817v1,q07,HI_minus_LI,-0.075
text11-CS-SHORT-2506.09194v1,q07,HI_minus_LI,-0.049999999999999996
text12-CS-SHORT-2512.19717v1,q07,HI_minus_LI,-0.08333333333333333
text13-CS-SHORT-2510.04124v5,q07,HI_minus_LI,-0.016666666666666673
text14-CS-SHORT-2509.13349v2,q07,HI_minus_LI,-0.13333333333333333
text15-CS-SHORT-2602.03870v1,q07,HI_minus_LI,-0.00833333333333334
text16-CS-SHORT-2509.06033v1,q07,HI_minus_LI,0.024999999999999984
text17-CS-SHORT-2509.16294v1,q07,HI_minus_LI,0.024999999999999994
text18-CS-SHORT-2507.09492v1,q07,HI_minus_LI,0.05833333333333333
text19-CS-SHORT-2509.14600v1,q07,HI_minus_LI,-0.075
text20-CS-SHORT-2503.14899v1,q07,HI_minus_LI,0.13333333333333333
text21-PHY-SHORT-2601.23079v1,q07,HI_minus_LI,-0.15833333333333333
text22-PHY-SHORT-2601.23047v1,q07,HI_minus_LI,-0.09999999999999999
text23-PHY-SHORT-2601.23057v1,q07,HI_minus_LI,0.075
text24-PHY-SHORT-2509.16741v1,q07,HI_minus_LI,-0.024999999999999994
text25-PHY-SHORT-2507.08042v1,q07,HI_minus_LI,-0.3833333333333333
text26-PHY-SHORT-2512.23538v1,q07,HI_minus_LI,-0.025000000000000022
text27-PHY-SHORT-2510.18500v1,q07,HI_minus_LI,0.03333333333333333
text28-PHY-SHORT-2508.20431v1,q07,HI_minus_LI,0.04166666666666668
text29-PHY-SHORT-2509.06825v1,q07,HI_minus_LI,-0.03333333333333335
text30-PHY-SHORT-2509.17653v2,q07,HI_minus_LI,0.20833333333333334
text31-MATH-SHORT-2511.03536v1,q07,HI_minus_LI,0.008333333333333331
text32-MATH-SHORT-2603.02088v1,q07,HI_minus_LI,0.00833333333333333
text33-MATH-SHORT-2512.22134v3,q07,HI_minus_LI,0.09999999999999999
text34-MATH-SHORT-2509.00532v1,q07,HI_minus_LI,0.033333333333333326
text35-MATH-SHORT-2512.06844v1,q07,HI_minus_LI,-0.2583333333333333
text36-MATH-SHORT-2503.09380v2,q07,HI_minus_LI,0.025000000000000012
text37-MATH-SHORT-2510.26426v1,q07,HI_minus_LI,0.10833333333333332
text38-MATH-SHORT-2512.04101v1,q07,HI_minus_LI,0.008333333333333333
text39-MATH-SHORT-2506.11609v2,q07,HI_minus_LI,-0.008333333333333337
text40-MATH-SHORT-2507.15879v2,q07,HI_minus_LI,-0.025000000000000005
text41-BIO-LONG-2512.06709v1,q07,HI_minus_LI,-0.008333333333333323
text42-BIO-LONG-2503.07104v1,q07,HI_minus_LI,-0.04166666666666665
text43-BIO-LONG-2506.16577v1,q07,HI_minus_LI,0.04999999999999999
text44-BIO-LONG-2505.20052v1,q07,HI_minus_LI,0.01666666666666668
text45-BIO-LONG-2507.17897v4,q07,HI_minus_LI,-0.04166666666666665
text46-BIO-LONG-2505.05863v1,q07,HI_minus_LI,0.049999999999999996
text47-BIO-LONG-2505.21094v1,q07,HI_minus_LI,0.26666666666666666
text48-BIO-LONG-2602.16750v1,q07,HI_minus_LI,0.08333333333333333
text49-BIO-LONG-2511.10014v1,q07,HI_minus_LI,0.05833333333333333
text50-BIO-LONG-2603.01054v1,q07,HI_minus_LI,0.024999999999999984
text51-CS-LONG-2602.11588v1,q07,HI_minus_LI,0.025000000000000005
text52-CS-LONG-2602.15675v1,q07,HI_minus_LI,0.0
text53-CS-LONG-2603.02012v1,q07,HI_minus_LI,-0.07499999999999997
text54-CS-LONG-2602.23006v1,q07,HI_minus_LI,-0.00833333333333335
text55-CS-LONG-2602.21625v1,q07,HI_minus_LI,-0.04166666666666665
text56-CS-LONG-2602.13713v1,q07,HI_minus_LI,-0.016666666666666663
text57-CS-LONG-2603.00079v1,q07,HI_minus_LI,-0.03333333333333335
text58-CS-LONG-2603.01023v1,q07,HI_minus_LI,-0.05833333333333333
text59-CS-LONG-2602.19401v1,q07,HI_minus_LI,-0.024999999999999984
text60-CS-LONG-2602.18518v1,q07,HI_minus_LI,0.0
text61-PHY-LONG-2602.03885v1,q07,HI_minus_LI,0.03333333333333335
text62-PHY-LONG-2511.21971v1,q07,HI_minus_LI,-0.075
text63-PHY-LONG-2512.18015v1,q07,HI_minus_LI,-0.00833333333333334
text64-PHY-LONG-2602.23683v1,q07,HI_minus_LI,0.03333333333333335
text65-PHY-LONG-2601.13267v1,q07,HI_minus_LI,0.15833333333333335
text66-PHY-LONG-2512.24566v1,q07,HI_minus_LI,0.033333333333333326
text67-PHY-LONG-2602.07636v2,q07,HI_minus_LI,-0.15
text68-PHY-LONG-2512.18130v1,q07,HI_minus_LI,0.03333333333333333
text69-PHY-LONG-2602.17389v1,q07,HI_minus_LI,0.075
text70-PHY-LONG-2602.08188v1,q07,HI_minus_LI,0.09166666666666667
text71-MATH-LONG-2511.12781v1,q07,HI_minus_LI,0.03333333333333333
text72-MATH-LONG-2602.06095v1,q07,HI_minus_LI,0.033333333333333326
text73-MATH-LONG-2511.18101v1,q07,HI_minus_LI,0.10833333333333334
text74-MATH-LONG-2512.15978v1,q07,HI_minus_LI,0.09999999999999998
text75-MATH-LONG-2511.22140v1,q07,HI_minus_LI,0.041666666666666664
text76-MATH-LONG-2602.20441v1,q07,HI_minus_LI,0.14166666666666666
text77-MATH-LONG-2601.20851v2,q07,HI_minus_LI,0.08333333333333333
text78-MATH-LONG-2512.17595v1,q07,HI_minus_LI,-0.016666666666666673
text79-MATH-LONG-2512.10129v1,q07,HI_minus_LI,0.05000000000000002
text80-MATH-LONG-2512.10507v1,q07,HI_minus_LI,0.075
text01-BIO-SHORT-2505.02276v1,q07,HP_minus_LP,0.075
text02-BIO-SHORT-2507.04575v1,q07,HP_minus_LP,0.033333333333333326
text03-BIO-SHORT-2505.11568v3,q07,HP_minus_LP,-0.008333333333333323
text04-BIO-SHORT-2507.08385v1,q07,HP_minus_LP,0.09999999999999999
text05-BIO-SHORT-2504.10973v1,q07,HP_minus_LP,0.024999999999999994
text06-BIO-SHORT-2506.14789v1,q07,HP_minus_LP,0.00833333333333334
text07-BIO-SHORT-2506.13576v3,q07,HP_minus_LP,0.008333333333333331
text08-BIO-SHORT-2503.19923v2,q07,HP_minus_LP,0.03333333333333335
text09-BIO-SHORT-2602.00019v1,q07,HP_minus_LP,0.025000000000000005
text10-BIO-SHORT-2506.13817v1,q07,HP_minus_LP,0.075
text11-CS-SHORT-2506.09194v1,q07,HP_minus_LP,-0.03333333333333333
text12-CS-SHORT-2512.19717v1,q07,HP_minus_LP,0.08333333333333333
text13-CS-SHORT-2510.04124v5,q07,HP_minus_LP,-9.25185853854297e-18
text14-CS-SHORT-2509.13349v2,q07,HP_minus_LP,0.13333333333333333
text15-CS-SHORT-2602.03870v1,q07,HP_minus_LP,0.00833333333333334
text16-CS-SHORT-2509.06033v1,q07,HP_minus_LP,0.05833333333333335
text17-CS-SHORT-2509.16294v1,q07,HP_minus_LP,-0.04166666666666664
text18-CS-SHORT-2507.09492v1,q07,HP_minus_LP,-0.024999999999999977
text19-CS-SHORT-2509.14600v1,q07,HP_minus_LP,0.075
text20-CS-SHORT-2503.14899v1,q07,HP_minus_LP,-0.3333333333333333
text21-PHY-SHORT-2601.23079v1,q07,HP_minus_LP,0.125
text22-PHY-SHORT-2601.23047v1,q07,HP_minus_LP,0.11666666666666668
text23-PHY-SHORT-2601.23057v1,q07,HP_minus_LP,0.075
text24-PHY-SHORT-2509.16741v1,q07,HP_minus_LP,0.09166666666666667
text25-PHY-SHORT-2507.08042v1,q07,HP_minus_LP,-0.08333333333333333
text26-PHY-SHORT-2512.23538v1,q07,HP_minus_LP,0.024999999999999984
text27-PHY-SHORT-2510.18500v1,q07,HP_minus_LP,0.03333333333333332
text28-PHY-SHORT-2508.20431v1,q07,HP_minus_LP,-0.025000000000000012
text29-PHY-SHORT-2509.06825v1,q07,HP_minus_LP,-0.08333333333333331
text30-PHY-SHORT-2509.17653v2,q07,HP_minus_LP,0.25833333333333336
text31-MATH-SHORT-2511.03536v1,q07,HP_minus_LP,0.39166666666666666
text32-MATH-SHORT-2603.02088v1,q07,HP_minus_LP,0.225
text33-MATH-SHORT-2512.22134v3,q07,HP_minus_LP,0.06666666666666667
text34-MATH-SHORT-2509.00532v1,q07,HP_minus_LP,0.11666666666666668
text35-MATH-SHORT-2512.06844v1,q07,HP_minus_LP,-0.008333333333333331
text36-MATH-SHORT-2503.09380v2,q07,HP_minus_LP,0.025000000000000012
text37-MATH-SHORT-2510.26426v1,q07,HP_minus_LP,0.1416666666666667
text38-MATH-SHORT-2512.04101v1,q07,HP_minus_LP,-0.008333333333333333
text39-MATH-SHORT-2506.11609v2,q07,HP_minus_LP,0.008333333333333337
text40-MATH-SHORT-2507.15879v2,q07,HP_minus_LP,0.041666666666666664
text41-BIO-LONG-2512.06709v1,q07,HP_minus_LP,-0.008333333333333323
text42-BIO-LONG-2503.07104v1,q07,HP_minus_LP,0.07499999999999997
text43-BIO-LONG-2506.16577v1,q07,HP_minus_LP,0.04999999999999999
text44-BIO-LONG-2505.20052v1,q07,HP_minus_LP,0.15
text45-BIO-LONG-2507.17897v4,q07,HP_minus_LP,0.07500000000000001
text46-BIO-LONG-2505.05863v1,q07,HP_minus_LP,0.016666666666666673
text47-BIO-LONG-2505.21094v1,q07,HP_minus_LP,0.16666666666666666
text48-BIO-LONG-2602.16750v1,q07,HP_minus_LP,-0.016666666666666673
text49-BIO-LONG-2511.10014v1,q07,HP_minus_LP,0.15833333333333335
text50-BIO-LONG-2603.01054v1,q07,HP_minus_LP,0.17499999999999996
text51-CS-LONG-2602.11588v1,q07,HP_minus_LP,0.025000000000000005
text52-CS-LONG-2602.15675v1,q07,HP_minus_LP,0.0
text53-CS-LONG-2603.02012v1,q07,HP_minus_LP,0.075
text54-CS-LONG-2602.23006v1,q07,HP_minus_LP,0.04166666666666666
text55-CS-LONG-2602.21625v1,q07,HP_minus_LP,0.07500000000000001
text56-CS-LONG-2602.13713v1,q07,HP_minus_LP,0.16666666666666666
text57-CS-LONG-2603.00079v1,q07,HP_minus_LP,0.18333333333333335
text58-CS-LONG-2603.01023v1,q07,HP_minus_LP,0.20833333333333334
text59-CS-LONG-2602.19401v1,q07,HP_minus_LP,-0.024999999999999984
text60-CS-LONG-2602.18518v1,q07,HP_minus_LP,0.0
text61-PHY-LONG-2602.03885v1,q07,HP_minus_LP,0.08333333333333333
text62-PHY-LONG-2511.21971v1,q07,HP_minus_LP,-0.00833333333333334
text63-PHY-LONG-2512.18015v1,q07,HP_minus_LP,-0.00833333333333334
text64-PHY-LONG-2602.23683v1,q07,HP_minus_LP,0.09999999999999999
text65-PHY-LONG-2601.13267v1,q07,HP_minus_LP,0.17499999999999996
text66-PHY-LONG-2512.24566v1,q07,HP_minus_LP,-0.033333333333333326
text67-PHY-LONG-2602.07636v2,q07,HP_minus_LP,0.0
text68-PHY-LONG-2512.18130v1,q07,HP_minus_LP,0.049999999999999996
text69-PHY-LONG-2602.17389v1,q07,HP_minus_LP,0.025000000000000022
text70-PHY-LONG-2602.08188v1,q07,HP_minus_LP,0.024999999999999994
text71-MATH-LONG-2511.12781v1,q07,HP_minus_LP,0.03333333333333333
text72-MATH-LONG-2602.06095v1,q07,HP_minus_LP,0.08333333333333333
text73-MATH-LONG-2511.18101v1,q07,HP_minus_LP,0.05833333333333333
text74-MATH-LONG-2512.15978v1,q07,HP_minus_LP,0.03333333333333333
text75-MATH-LONG-2511.22140v1,q07,HP_minus_LP,-0.041666666666666664
text76-MATH-LONG-2602.20441v1,q07,HP_minus_LP,-0.041666666666666664
text77-MATH-LONG-2601.20851v2,q07,HP_minus_LP,-0.06666666666666665
text78-MATH-LONG-2512.17595v1,q07,HP_minus_LP,-0.049999999999999996
text79-MATH-LONG-2512.10129v1,q07,HP_minus_LP,-0.049999999999999996
text80-MATH-LONG-2512.10507v1,q07,HP_minus_LP,0.15833333333333333
text01-BIO-SHORT-2505.02276v1,q07,Name_x_Inst,0.08333333333333333
text02-BIO-SHORT-2507.04575v1,q07,Name_x_Inst,-0.13333333333333333
text03-BIO-SHORT-2505.11568v3,q07,Name_x_Inst,0.11666666666666665
text04-BIO-SHORT-2507.08385v1,q07,Name_x_Inst,0.0
text05-BIO-SHORT-2504.10973v1,q07,Name_x_Inst,-0.11666666666666668
text06-BIO-SHORT-2506.14789v1,q07,Name_x_Inst,0.01666666666666672
text07-BIO-SHORT-2506.13576v3,q07,Name_x_Inst,0.04999999999999999
text08-BIO-SHORT-2503.19923v2,q07,Name_x_Inst,-0.09999999999999998
text09-BIO-SHORT-2602.00019v1,q07,Name_x_Inst,-0.11666666666666665
text10-BIO-SHORT-2506.13817v1,q07,Name_x_Inst,0.01666666666666668
text11-CS-SHORT-2506.09194v1,q07,Name_x_Inst,-0.06666666666666664
text12-CS-SHORT-2512.19717v1,q07,Name_x_Inst,0.0
text13-CS-SHORT-2510.04124v5,q07,Name_x_Inst,-1.850371707708594e-17
text14-CS-SHORT-2509.13349v2,q07,Name_x_Inst,0.09999999999999998
text15-CS-SHORT-2602.03870v1,q07,Name_x_Inst,0.01666666666666668
text16-CS-SHORT-2509.06033v1,q07,Name_x_Inst,-0.08333333333333333
text17-CS-SHORT-2509.16294v1,q07,Name_x_Inst,0.11666666666666668
text18-CS-SHORT-2507.09492v1,q07,Name_x_Inst,0.016666666666666625
text19-CS-SHORT-2509.14600v1,q07,Name_x_Inst,0.18333333333333335
text20-CS-SHORT-2503.14899v1,q07,Name_x_Inst,0.13333333333333333
text21-PHY-SHORT-2601.23079v1,q07,Name_x_Inst,-0.01666666666666668
text22-PHY-SHORT-2601.23047v1,q07,Name_x_Inst,0.2333333333333333
text23-PHY-SHORT-2601.23057v1,q07,Name_x_Inst,0.016666666666666646
text24-PHY-SHORT-2509.16741v1,q07,Name_x_Inst,-0.050000000000000024
text25-PHY-SHORT-2507.08042v1,q07,Name_x_Inst,-0.16666666666666666
text26-PHY-SHORT-2512.23538v1,q07,Name_x_Inst,-0.01666666666666668
text27-PHY-SHORT-2510.18500v1,q07,Name_x_Inst,-0.033333333333333305
text28-PHY-SHORT-2508.20431v1,q07,Name_x_Inst,-0.050000000000000024
text29-PHY-SHORT-2509.06825v1,q07,Name_x_Inst,0.13333333333333333
text30-PHY-SHORT-2509.17653v2,q07,Name_x_Inst,0.08333333333333331
text31-MATH-SHORT-2511.03536v1,q07,Name_x_Inst,-0.050000000000000024
text32-MATH-SHORT-2603.02088v1,q07,Name_x_Inst,-0.016666666666666666
text33-MATH-SHORT-2512.22134v3,q07,Name_x_Inst,0.10000000000000002
text34-MATH-SHORT-2509.00532v1,q07,Name_x_Inst,-0.3333333333333333
text35-MATH-SHORT-2512.06844v1,q07,Name_x_Inst,0.18333333333333335
text36-MATH-SHORT-2503.09380v2,q07,Name_x_Inst,0.08333333333333336
text37-MATH-SHORT-2510.26426v1,q07,Name_x_Inst,0.01666666666666668
text38-MATH-SHORT-2512.04101v1,q07,Name_x_Inst,-0.016666666666666666
text39-MATH-SHORT-2506.11609v2,q07,Name_x_Inst,0.08333333333333333
text40-MATH-SHORT-2507.15879v2,q07,Name_x_Inst,-0.08333333333333333
text41-BIO-LONG-2512.06709v1,q07,Name_x_Inst,-0.05000000000000001
text42-BIO-LONG-2503.07104v1,q07,Name_x_Inst,-0.18333333333333332
text43-BIO-LONG-2506.16577v1,q07,Name_x_Inst,-0.09999999999999998
text44-BIO-LONG-2505.20052v1,q07,Name_x_Inst,0.06666666666666665
text45-BIO-LONG-2507.17897v4,q07,Name_x_Inst,0.18333333333333332
text46-BIO-LONG-2505.05863v1,q07,Name_x_Inst,-1.3877787807814457e-17
text47-BIO-LONG-2505.21094v1,q07,Name_x_Inst,0.4666666666666666
text48-BIO-LONG-2602.16750v1,q07,Name_x_Inst,-0.13333333333333333
text49-BIO-LONG-2511.10014v1,q07,Name_x_Inst,-0.016666666666666646
text50-BIO-LONG-2603.01054v1,q07,Name_x_Inst,0.04999999999999997
text51-CS-LONG-2602.11588v1,q07,Name_x_Inst,0.05000000000000001
text52-CS-LONG-2602.15675v1,q07,Name_x_Inst,0.0
text53-CS-LONG-2603.02012v1,q07,Name_x_Inst,-0.1166666666666667
text54-CS-LONG-2602.23006v1,q07,Name_x_Inst,0.08333333333333336
text55-CS-LONG-2602.21625v1,q07,Name_x_Inst,0.15000000000000002
text56-CS-LONG-2602.13713v1,q07,Name_x_Inst,-0.13333333333333333
text57-CS-LONG-2603.00079v1,q07,Name_x_Inst,0.033333333333333326
text58-CS-LONG-2603.01023v1,q07,Name_x_Inst,-0.05000000000000001
text59-CS-LONG-2602.19401v1,q07,Name_x_Inst,-0.08333333333333333
text60-CS-LONG-2602.18518v1,q07,Name_x_Inst,0.0
text61-PHY-LONG-2602.03885v1,q07,Name_x_Inst,-0.0333333333333334
text62-PHY-LONG-2511.21971v1,q07,Name_x_Inst,-0.01666666666666668
text63-PHY-LONG-2512.18015v1,q07,Name_x_Inst,-0.01666666666666668
text64-PHY-LONG-2602.23683v1,q07,Name_x_Inst,-0.033333333333333326
text65-PHY-LONG-2601.13267v1,q07,Name_x_Inst,-0.11666666666666665
text66-PHY-LONG-2512.24566v1,q07,Name_x_Inst,0.06666666666666665
text67-PHY-LONG-2602.07636v2,q07,Name_x_Inst,-0.2333333333333333
text68-PHY-LONG-2512.18130v1,q07,Name_x_Inst,0.03333333333333335
text69-PHY-LONG-2602.17389v1,q07,Name_x_Inst,0.08333333333333333
text70-PHY-LONG-2602.08188v1,q07,Name_x_Inst,0.04999999999999999
text71-MATH-LONG-2511.12781v1,q07,Name_x_Inst,-0.06666666666666667
text72-MATH-LONG-2602.06095v1,q07,Name_x_Inst,-0.19999999999999998
text73-MATH-LONG-2511.18101v1,q07,Name_x_Inst,0.18333333333333335
text74-MATH-LONG-2512.15978v1,q07,Name_x_Inst,-0.06666666666666667
text75-MATH-LONG-2511.22140v1,q07,Name_x_Inst,0.08333333333333333
text76-MATH-LONG-2602.20441v1,q07,Name_x_Inst,0.05000000000000001
text77-MATH-LONG-2601.20851v2,q07,Name_x_Inst,-0.1333333333333333
text78-MATH-LONG-2512.17595v1,q07,Name_x_Inst,0.06666666666666667
text79-MATH-LONG-2512.10129v1,q07,Name_x_Inst,0.03333333333333335
text80-MATH-LONG-2512.10507v1,q07,Name_x_Inst,0.01666666666666668
text01-BIO-SHORT-2505.02276v1,q07,Name_x_Bibliometrics,-0.016666666666666663
text02-BIO-SHORT-2507.04575v1,q07,Name_x_Bibliometrics,-0.033333333333333326
text03-BIO-SHORT-2505.11568v3,q07,Name_x_Bibliometrics,-0.05000000000000001
text04-BIO-SHORT-2507.08385v1,q07,Name_x_Bibliometrics,-0.0666666666666667
text05-BIO-SHORT-2504.10973v1,q07,Name_x_Bibliometrics,0.11666666666666664
text06-BIO-SHORT-2506.14789v1,q07,Name_x_Bibliometrics,0.18333333333333332
text07-BIO-SHORT-2506.13576v3,q07,Name_x_Bibliometrics,0.11666666666666664
text08-BIO-SHORT-2503.19923v2,q07,Name_x_Bibliometrics,0.033333333333333326
text09-BIO-SHORT-2602.00019v1,q07,Name_x_Bibliometrics,-0.05000000000000001
text10-BIO-SHORT-2506.13817v1,q07,Name_x_Bibliometrics,-0.01666666666666668
text11-CS-SHORT-2506.09194v1,q07,Name_x_Bibliometrics,-0.033333333333333305
text12-CS-SHORT-2512.19717v1,q07,Name_x_Bibliometrics,0.0
text13-CS-SHORT-2510.04124v5,q07,Name_x_Bibliometrics,-0.03333333333333335
text14-CS-SHORT-2509.13349v2,q07,Name_x_Bibliometrics,-0.09999999999999998
text15-CS-SHORT-2602.03870v1,q07,Name_x_Bibliometrics,-0.01666666666666668
text16-CS-SHORT-2509.06033v1,q07,Name_x_Bibliometrics,-0.08333333333333333
text17-CS-SHORT-2509.16294v1,q07,Name_x_Bibliometrics,0.04999999999999999
text18-CS-SHORT-2507.09492v1,q07,Name_x_Bibliometrics,-0.0833333333333333
text19-CS-SHORT-2509.14600v1,q07,Name_x_Bibliometrics,0.15
text20-CS-SHORT-2503.14899v1,q07,Name_x_Bibliometrics,0.19999999999999998
text21-PHY-SHORT-2601.23079v1,q07,Name_x_Bibliometrics,0.28333333333333327
text22-PHY-SHORT-2601.23047v1,q07,Name_x_Bibliometrics,0.1333333333333333
text23-PHY-SHORT-2601.23057v1,q07,Name_x_Bibliometrics,0.016666666666666646
text24-PHY-SHORT-2509.16741v1,q07,Name_x_Bibliometrics,-0.016666666666666663
text25-PHY-SHORT-2507.08042v1,q07,Name_x_Bibliometrics,-0.03333333333333333
text26-PHY-SHORT-2512.23538v1,q07,Name_x_Bibliometrics,-0.04999999999999997
text27-PHY-SHORT-2510.18500v1,q07,Name_x_Bibliometrics,-0.09999999999999999
text28-PHY-SHORT-2508.20431v1,q07,Name_x_Bibliometrics,0.016666666666666625
text29-PHY-SHORT-2509.06825v1,q07,Name_x_Bibliometrics,-0.033333333333333326
text30-PHY-SHORT-2509.17653v2,q07,Name_x_Bibliometrics,0.31666666666666665
text31-MATH-SHORT-2511.03536v1,q07,Name_x_Bibliometrics,0.25
text32-MATH-SHORT-2603.02088v1,q07,Name_x_Bibliometrics,-0.04999999999999999
text33-MATH-SHORT-2512.22134v3,q07,Name_x_Bibliometrics,0.2333333333333333
text34-MATH-SHORT-2509.00532v1,q07,Name_x_Bibliometrics,-0.3666666666666667
text35-MATH-SHORT-2512.06844v1,q07,Name_x_Bibliometrics,0.4166666666666667
text36-MATH-SHORT-2503.09380v2,q07,Name_x_Bibliometrics,0.08333333333333336
text37-MATH-SHORT-2510.26426v1,q07,Name_x_Bibliometrics,0.016666666666666663
text38-MATH-SHORT-2512.04101v1,q07,Name_x_Bibliometrics,0.016666666666666666
text39-MATH-SHORT-2506.11609v2,q07,Name_x_Bibliometrics,-0.08333333333333333
text40-MATH-SHORT-2507.15879v2,q07,Name_x_Bibliometrics,-0.016666666666666646
text41-BIO-LONG-2512.06709v1,q07,Name_x_Bibliometrics,0.2833333333333333
text42-BIO-LONG-2503.07104v1,q07,Name_x_Bibliometrics,0.11666666666666665
text43-BIO-LONG-2506.16577v1,q07,Name_x_Bibliometrics,-0.09999999999999998
text44-BIO-LONG-2505.20052v1,q07,Name_x_Bibliometrics,0.13333333333333333
text45-BIO-LONG-2507.17897v4,q07,Name_x_Bibliometrics,0.0833333333333333
text46-BIO-LONG-2505.05863v1,q07,Name_x_Bibliometrics,0.06666666666666664
text47-BIO-LONG-2505.21094v1,q07,Name_x_Bibliometrics,0.0666666666666667
text48-BIO-LONG-2602.16750v1,q07,Name_x_Bibliometrics,-1.850371707708594e-17
text49-BIO-LONG-2511.10014v1,q07,Name_x_Bibliometrics,-0.08333333333333337
text50-BIO-LONG-2603.01054v1,q07,Name_x_Bibliometrics,-0.25
text51-CS-LONG-2602.11588v1,q07,Name_x_Bibliometrics,0.05000000000000001
text52-CS-LONG-2602.15675v1,q07,Name_x_Bibliometrics,0.0
text53-CS-LONG-2603.02012v1,q07,Name_x_Bibliometrics,-0.0833333333333333
text54-CS-LONG-2602.23006v1,q07,Name_x_Bibliometrics,-0.08333333333333331
text55-CS-LONG-2602.21625v1,q07,Name_x_Bibliometrics,-0.0833333333333333
text56-CS-LONG-2602.13713v1,q07,Name_x_Bibliometrics,0.09999999999999998
text57-CS-LONG-2603.00079v1,q07,Name_x_Bibliometrics,-0.06666666666666665
text58-CS-LONG-2603.01023v1,q07,Name_x_Bibliometrics,0.08333333333333337
text59-CS-LONG-2602.19401v1,q07,Name_x_Bibliometrics,-0.08333333333333333
text60-CS-LONG-2602.18518v1,q07,Name_x_Bibliometrics,0.0
text61-PHY-LONG-2602.03885v1,q07,Name_x_Bibliometrics,-0.06666666666666665
text62-PHY-LONG-2511.21971v1,q07,Name_x_Bibliometrics,0.11666666666666663
text63-PHY-LONG-2512.18015v1,q07,Name_x_Bibliometrics,-0.01666666666666668
text64-PHY-LONG-2602.23683v1,q07,Name_x_Bibliometrics,0.09999999999999998
text65-PHY-LONG-2601.13267v1,q07,Name_x_Bibliometrics,0.11666666666666665
text66-PHY-LONG-2512.24566v1,q07,Name_x_Bibliometrics,-0.06666666666666665
text67-PHY-LONG-2602.07636v2,q07,Name_x_Bibliometrics,0.06666666666666665
text68-PHY-LONG-2512.18130v1,q07,Name_x_Bibliometrics,-0.13333333333333328
text69-PHY-LONG-2602.17389v1,q07,Name_x_Bibliometrics,0.1166666666666667
text70-PHY-LONG-2602.08188v1,q07,Name_x_Bibliometrics,-0.15
text71-MATH-LONG-2511.12781v1,q07,Name_x_Bibliometrics,-0.06666666666666667
text72-MATH-LONG-2602.06095v1,q07,Name_x_Bibliometrics,-0.10000000000000002
text73-MATH-LONG-2511.18101v1,q07,Name_x_Bibliometrics,-0.18333333333333335
text74-MATH-LONG-2512.15978v1,q07,Name_x_Bibliometrics,-0.19999999999999996
text75-MATH-LONG-2511.22140v1,q07,Name_x_Bibliometrics,-0.08333333333333333
text76-MATH-LONG-2602.20441v1,q07,Name_x_Bibliometrics,0.08333333333333333
text77-MATH-LONG-2601.20851v2,q07,Name_x_Bibliometrics,0.16666666666666666
text78-MATH-LONG-2512.17595v1,q07,Name_x_Bibliometrics,0.06666666666666667
text79-MATH-LONG-2512.10129v1,q07,Name_x_Bibliometrics,0.03333333333333335
text80-MATH-LONG-2512.10507v1,q07,Name_x_Bibliometrics,0.050000000000000044
text01-BIO-SHORT-2505.02276v1,q07,Inst_x_Bibliometrics,0.11666666666666664
text02-BIO-SHORT-2507.04575v1,q07,Inst_x_Bibliometrics,0.06666666666666665
text03-BIO-SHORT-2505.11568v3,q07,Inst_x_Bibliometrics,-0.01666666666666672
text04-BIO-SHORT-2507.08385v1,q07,Inst_x_Bibliometrics,-0.26666666666666666
text05-BIO-SHORT-2504.10973v1,q07,Inst_x_Bibliometrics,-0.0166666666666667
text06-BIO-SHORT-2506.14789v1,q07,Inst_x_Bibliometrics,-0.11666666666666665
text07-BIO-SHORT-2506.13576v3,q07,Inst_x_Bibliometrics,0.016666666666666663
text08-BIO-SHORT-2503.19923v2,q07,Inst_x_Bibliometrics,0.06666666666666661
text09-BIO-SHORT-2602.00019v1,q07,Inst_x_Bibliometrics,0.08333333333333333
text10-BIO-SHORT-2506.13817v1,q07,Inst_x_Bibliometrics,-0.15
text11-CS-SHORT-2506.09194v1,q07,Inst_x_Bibliometrics,0.10000000000000003
text12-CS-SHORT-2512.19717v1,q07,Inst_x_Bibliometrics,0.0
text13-CS-SHORT-2510.04124v5,q07,Inst_x_Bibliometrics,0.03333333333333335
text14-CS-SHORT-2509.13349v2,q07,Inst_x_Bibliometrics,-0.19999999999999998
text15-CS-SHORT-2602.03870v1,q07,Inst_x_Bibliometrics,-0.01666666666666668
text16-CS-SHORT-2509.06033v1,q07,Inst_x_Bibliometrics,-0.04999999999999997
text17-CS-SHORT-2509.16294v1,q07,Inst_x_Bibliometrics,-0.04999999999999999
text18-CS-SHORT-2507.09492v1,q07,Inst_x_Bibliometrics,-0.04999999999999997
text19-CS-SHORT-2509.14600v1,q07,Inst_x_Bibliometrics,0.15
text20-CS-SHORT-2503.14899v1,q07,Inst_x_Bibliometrics,-0.26666666666666666
text21-PHY-SHORT-2601.23079v1,q07,Inst_x_Bibliometrics,0.28333333333333327
text22-PHY-SHORT-2601.23047v1,q07,Inst_x_Bibliometrics,0.06666666666666665
text23-PHY-SHORT-2601.23057v1,q07,Inst_x_Bibliometrics,-0.01666666666666668
text24-PHY-SHORT-2509.16741v1,q07,Inst_x_Bibliometrics,0.11666666666666668
text25-PHY-SHORT-2507.08042v1,q07,Inst_x_Bibliometrics,-0.7333333333333334
text26-PHY-SHORT-2512.23538v1,q07,Inst_x_Bibliometrics,0.08333333333333333
text27-PHY-SHORT-2510.18500v1,q07,Inst_x_Bibliometrics,-0.06666666666666667
text28-PHY-SHORT-2508.20431v1,q07,Inst_x_Bibliometrics,-0.016666666666666663
text29-PHY-SHORT-2509.06825v1,q07,Inst_x_Bibliometrics,3.700743415417188e-17
text30-PHY-SHORT-2509.17653v2,q07,Inst_x_Bibliometrics,-0.016666666666666663
text31-MATH-SHORT-2511.03536v1,q07,Inst_x_Bibliometrics,0.2833333333333334
text32-MATH-SHORT-2603.02088v1,q07,Inst_x_Bibliometrics,0.25
text33-MATH-SHORT-2512.22134v3,q07,Inst_x_Bibliometrics,0.10000000000000002
text34-MATH-SHORT-2509.00532v1,q07,Inst_x_Bibliometrics,-0.19999999999999998
text35-MATH-SHORT-2512.06844v1,q07,Inst_x_Bibliometrics,-0.08333333333333331
text36-MATH-SHORT-2503.09380v2,q07,Inst_x_Bibliometrics,-0.016666666666666663
text37-MATH-SHORT-2510.26426v1,q07,Inst_x_Bibliometrics,-0.08333333333333333
text38-MATH-SHORT-2512.04101v1,q07,Inst_x_Bibliometrics,-0.016666666666666666
text39-MATH-SHORT-2506.11609v2,q07,Inst_x_Bibliometrics,0.08333333333333333
text40-MATH-SHORT-2507.15879v2,q07,Inst_x_Bibliometrics,-0.016666666666666646
text41-BIO-LONG-2512.06709v1,q07,Inst_x_Bibliometrics,0.05000000000000001
text42-BIO-LONG-2503.07104v1,q07,Inst_x_Bibliometrics,-0.11666666666666665
text43-BIO-LONG-2506.16577v1,q07,Inst_x_Bibliometrics,0.033333333333333326
text44-BIO-LONG-2505.20052v1,q07,Inst_x_Bibliometrics,-0.06666666666666665
text45-BIO-LONG-2507.17897v4,q07,Inst_x_Bibliometrics,-0.016666666666666646
text46-BIO-LONG-2505.05863v1,q07,Inst_x_Bibliometrics,0.10000000000000007
text47-BIO-LONG-2505.21094v1,q07,Inst_x_Bibliometrics,0.23333333333333336
text48-BIO-LONG-2602.16750v1,q07,Inst_x_Bibliometrics,0.03333333333333335
text49-BIO-LONG-2511.10014v1,q07,Inst_x_Bibliometrics,0.0833333333333333
text50-BIO-LONG-2603.01054v1,q07,Inst_x_Bibliometrics,0.04999999999999997
text51-CS-LONG-2602.11588v1,q07,Inst_x_Bibliometrics,0.05000000000000001
text52-CS-LONG-2602.15675v1,q07,Inst_x_Bibliometrics,0.0
text53-CS-LONG-2603.02012v1,q07,Inst_x_Bibliometrics,0.016666666666666646
text54-CS-LONG-2602.23006v1,q07,Inst_x_Bibliometrics,-0.15
text55-CS-LONG-2602.21625v1,q07,Inst_x_Bibliometrics,0.05000000000000001
text56-CS-LONG-2602.13713v1,q07,Inst_x_Bibliometrics,0.19999999999999998
text57-CS-LONG-2603.00079v1,q07,Inst_x_Bibliometrics,-0.03333333333333336
text58-CS-LONG-2603.01023v1,q07,Inst_x_Bibliometrics,-0.0833333333333333
text59-CS-LONG-2602.19401v1,q07,Inst_x_Bibliometrics,-0.08333333333333333
text60-CS-LONG-2602.18518v1,q07,Inst_x_Bibliometrics,0.0
text61-PHY-LONG-2602.03885v1,q07,Inst_x_Bibliometrics,-0.10000000000000002
text62-PHY-LONG-2511.21971v1,q07,Inst_x_Bibliometrics,0.01666666666666668
text63-PHY-LONG-2512.18015v1,q07,Inst_x_Bibliometrics,-0.01666666666666668
text64-PHY-LONG-2602.23683v1,q07,Inst_x_Bibliometrics,-0.0666666666666667
text65-PHY-LONG-2601.13267v1,q07,Inst_x_Bibliometrics,-0.11666666666666665
text66-PHY-LONG-2512.24566v1,q07,Inst_x_Bibliometrics,0.06666666666666665
text67-PHY-LONG-2602.07636v2,q07,Inst_x_Bibliometrics,0.03333333333333338
text68-PHY-LONG-2512.18130v1,q07,Inst_x_Bibliometrics,-0.13333333333333328
text69-PHY-LONG-2602.17389v1,q07,Inst_x_Bibliometrics,-0.08333333333333333
text70-PHY-LONG-2602.08188v1,q07,Inst_x_Bibliometrics,-0.11666666666666671
text71-MATH-LONG-2511.12781v1,q07,Inst_x_Bibliometrics,0.03333333333333335
text72-MATH-LONG-2602.06095v1,q07,Inst_x_Bibliometrics,-0.16666666666666666
text73-MATH-LONG-2511.18101v1,q07,Inst_x_Bibliometrics,0.11666666666666665
text74-MATH-LONG-2512.15978v1,q07,Inst_x_Bibliometrics,-0.06666666666666667
text75-MATH-LONG-2511.22140v1,q07,Inst_x_Bibliometrics,-0.08333333333333333
text76-MATH-LONG-2602.20441v1,q07,Inst_x_Bibliometrics,0.016666666666666646
text77-MATH-LONG-2601.20851v2,q07,Inst_x_Bibliometrics,-0.06666666666666665
text78-MATH-LONG-2512.17595v1,q07,Inst_x_Bibliometrics,-0.13333333333333333
text79-MATH-LONG-2512.10129v1,q07,Inst_x_Bibliometrics,0.03333333333333335
text80-MATH-LONG-2512.10507v1,q07,Inst_x_Bibliometrics,-0.15
text01-BIO-SHORT-2505.02276v1,q08,BF_minus_WM,0.08333333333333333
text02-BIO-SHORT-2507.04575v1,q08,BF_minus_WM,-0.05833333333333334
text03-BIO-SHORT-2505.11568v3,q08,BF_minus_WM,-0.06666666666666667
text04-BIO-SHORT-2507.08385v1,q08,BF_minus_WM,0.05833333333333333
text05-BIO-SHORT-2504.10973v1,q08,BF_minus_WM,-0.075
text06-BIO-SHORT-2506.14789v1,q08,BF_minus_WM,-0.033333333333333326
text07-BIO-SHORT-2506.13576v3,q08,BF_minus_WM,0.025000000000000022
text08-BIO-SHORT-2503.19923v2,q08,BF_minus_WM,-0.20833333333333334
text09-BIO-SHORT-2602.00019v1,q08,BF_minus_WM,0.06666666666666665
text10-BIO-SHORT-2506.13817v1,q08,BF_minus_WM,0.0
text11-CS-SHORT-2506.09194v1,q08,BF_minus_WM,0.03333333333333333
text12-CS-SHORT-2512.19717v1,q08,BF_minus_WM,0.0
text13-CS-SHORT-2510.04124v5,q08,BF_minus_WM,0.00833333333333334
text14-CS-SHORT-2509.13349v2,q08,BF_minus_WM,0.041666666666666685
text15-CS-SHORT-2602.03870v1,q08,BF_minus_WM,0.0
text16-CS-SHORT-2509.06033v1,q08,BF_minus_WM,0.17500000000000002
text17-CS-SHORT-2509.16294v1,q08,BF_minus_WM,-0.041666666666666664
text18-CS-SHORT-2507.09492v1,q08,BF_minus_WM,0.016666666666666673
text19-CS-SHORT-2509.14600v1,q08,BF_minus_WM,-0.024999999999999998
text20-CS-SHORT-2503.14899v1,q08,BF_minus_WM,-0.08333333333333333
text21-PHY-SHORT-2601.23079v1,q08,BF_minus_WM,-0.04166666666666665
text22-PHY-SHORT-2601.23047v1,q08,BF_minus_WM,0.06666666666666667
text23-PHY-SHORT-2601.23057v1,q08,BF_minus_WM,0.049999999999999996
text24-PHY-SHORT-2509.16741v1,q08,BF_minus_WM,-0.008333333333333331
text25-PHY-SHORT-2507.08042v1,q08,BF_minus_WM,0.325
text26-PHY-SHORT-2512.23538v1,q08,BF_minus_WM,0.049999999999999996
text27-PHY-SHORT-2510.18500v1,q08,BF_minus_WM,0.125
text28-PHY-SHORT-2508.20431v1,q08,BF_minus_WM,0.025000000000000005
text29-PHY-SHORT-2509.06825v1,q08,BF_minus_WM,0.008333333333333333
text30-PHY-SHORT-2509.17653v2,q08,BF_minus_WM,0.12499999999999999
text31-MATH-SHORT-2511.03536v1,q08,BF_minus_WM,0.025000000000000012
text32-MATH-SHORT-2603.02088v1,q08,BF_minus_WM,0.0
text33-MATH-SHORT-2512.22134v3,q08,BF_minus_WM,0.024999999999999994
text34-MATH-SHORT-2509.00532v1,q08,BF_minus_WM,-0.325
text35-MATH-SHORT-2512.06844v1,q08,BF_minus_WM,0.11666666666666668
text36-MATH-SHORT-2503.09380v2,q08,BF_minus_WM,-0.03333333333333333
text37-MATH-SHORT-2510.26426v1,q08,BF_minus_WM,-0.024999999999999977
text38-MATH-SHORT-2512.04101v1,q08,BF_minus_WM,0.016666666666666677
text39-MATH-SHORT-2506.11609v2,q08,BF_minus_WM,-0.05833333333333331
text40-MATH-SHORT-2507.15879v2,q08,BF_minus_WM,9.25185853854297e-18
text41-BIO-LONG-2512.06709v1,q08,BF_minus_WM,0.0166666666666667
text42-BIO-LONG-2503.07104v1,q08,BF_minus_WM,0.00833333333333334
text43-BIO-LONG-2506.16577v1,q08,BF_minus_WM,0.03333333333333335
text44-BIO-LONG-2505.20052v1,q08,BF_minus_WM,0.12500000000000003
text45-BIO-LONG-2507.17897v4,q08,BF_minus_WM,0.016666666666666663
text46-BIO-LONG-2505.05863v1,q08,BF_minus_WM,-0.03333333333333333
text47-BIO-LONG-2505.21094v1,q08,BF_minus_WM,0.125
text48-BIO-LONG-2602.16750v1,q08,BF_minus_WM,0.0833333333333333
text49-BIO-LONG-2511.10014v1,q08,BF_minus_WM,-9.25185853854297e-18
text50-BIO-LONG-2603.01054v1,q08,BF_minus_WM,0.00833333333333334
text51-CS-LONG-2602.11588v1,q08,BF_minus_WM,0.03333333333333333
text52-CS-LONG-2602.15675v1,q08,BF_minus_WM,-0.03333333333333333
text53-CS-LONG-2603.02012v1,q08,BF_minus_WM,0.04166666666666665
text54-CS-LONG-2602.23006v1,q08,BF_minus_WM,-9.25185853854297e-18
text55-CS-LONG-2602.21625v1,q08,BF_minus_WM,0.041666666666666664
text56-CS-LONG-2602.13713v1,q08,BF_minus_WM,0.025000000000000005
text57-CS-LONG-2603.00079v1,q08,BF_minus_WM,0.05833333333333335
text58-CS-LONG-2603.01023v1,q08,BF_minus_WM,0.05000000000000001
text59-CS-LONG-2602.19401v1,q08,BF_minus_WM,0.09166666666666666
text60-CS-LONG-2602.18518v1,q08,BF_minus_WM,0.05000000000000001
text61-PHY-LONG-2602.03885v1,q08,BF_minus_WM,0.016666666666666663
text62-PHY-LONG-2511.21971v1,q08,BF_minus_WM,-0.025000000000000005
text63-PHY-LONG-2512.18015v1,q08,BF_minus_WM,0.08333333333333333
text64-PHY-LONG-2602.23683v1,q08,BF_minus_WM,0.008333333333333323
text65-PHY-LONG-2601.13267v1,q08,BF_minus_WM,0.10833333333333332
text66-PHY-LONG-2512.24566v1,q08,BF_minus_WM,-0.041666666666666644
text67-PHY-LONG-2602.07636v2,q08,BF_minus_WM,0.0
text68-PHY-LONG-2512.18130v1,q08,BF_minus_WM,0.008333333333333312
text69-PHY-LONG-2602.17389v1,q08,BF_minus_WM,0.04166666666666666
text70-PHY-LONG-2602.08188v1,q08,BF_minus_WM,-0.025000000000000005
text71-MATH-LONG-2511.12781v1,q08,BF_minus_WM,-0.03333333333333335
text72-MATH-LONG-2602.06095v1,q08,BF_minus_WM,0.03333333333333333
text73-MATH-LONG-2511.18101v1,q08,BF_minus_WM,-0.05000000000000001
text74-MATH-LONG-2512.15978v1,q08,BF_minus_WM,0.12499999999999996
text75-MATH-LONG-2511.22140v1,q08,BF_minus_WM,0.08333333333333331
text76-MATH-LONG-2602.20441v1,q08,BF_minus_WM,0.0
text77-MATH-LONG-2601.20851v2,q08,BF_minus_WM,-0.16666666666666666
text78-MATH-LONG-2512.17595v1,q08,BF_minus_WM,0.08333333333333331
text79-MATH-LONG-2512.10129v1,q08,BF_minus_WM,0.016666666666666663
text80-MATH-LONG-2512.10507v1,q08,BF_minus_WM,-0.01666666666666668
text01-BIO-SHORT-2505.02276v1,q08,HI_minus_LI,0.03333333333333333
text02-BIO-SHORT-2507.04575v1,q08,HI_minus_LI,0.20833333333333334
text03-BIO-SHORT-2505.11568v3,q08,HI_minus_LI,0.08333333333333333
text04-BIO-SHORT-2507.08385v1,q08,HI_minus_LI,0.2916666666666667
text05-BIO-SHORT-2504.10973v1,q08,HI_minus_LI,0.14166666666666666
text06-BIO-SHORT-2506.14789v1,q08,HI_minus_LI,0.03333333333333336
text07-BIO-SHORT-2506.13576v3,q08,HI_minus_LI,0.125
text08-BIO-SHORT-2503.19923v2,q08,HI_minus_LI,0.10833333333333332
text09-BIO-SHORT-2602.00019v1,q08,HI_minus_LI,-0.016666666666666646
text10-BIO-SHORT-2506.13817v1,q08,HI_minus_LI,0.3333333333333333
text11-CS-SHORT-2506.09194v1,q08,HI_minus_LI,-0.016666666666666673
text12-CS-SHORT-2512.19717v1,q08,HI_minus_LI,0.2833333333333333
text13-CS-SHORT-2510.04124v5,q08,HI_minus_LI,0.10833333333333334
text14-CS-SHORT-2509.13349v2,q08,HI_minus_LI,0.05833333333333333
text15-CS-SHORT-2602.03870v1,q08,HI_minus_LI,0.08333333333333333
text16-CS-SHORT-2509.06033v1,q08,HI_minus_LI,0.15833333333333333
text17-CS-SHORT-2509.16294v1,q08,HI_minus_LI,-0.05833333333333331
text18-CS-SHORT-2507.09492v1,q08,HI_minus_LI,0.13333333333333333
text19-CS-SHORT-2509.14600v1,q08,HI_minus_LI,0.3416666666666666
text20-CS-SHORT-2503.14899v1,q08,HI_minus_LI,0.08333333333333333
text21-PHY-SHORT-2601.23079v1,q08,HI_minus_LI,0.07500000000000001
text22-PHY-SHORT-2601.23047v1,q08,HI_minus_LI,0.06666666666666667
text23-PHY-SHORT-2601.23057v1,q08,HI_minus_LI,0.11666666666666665
text24-PHY-SHORT-2509.16741v1,q08,HI_minus_LI,0.008333333333333331
text25-PHY-SHORT-2507.08042v1,q08,HI_minus_LI,-0.05833333333333335
text26-PHY-SHORT-2512.23538v1,q08,HI_minus_LI,0.11666666666666665
text27-PHY-SHORT-2510.18500v1,q08,HI_minus_LI,0.10833333333333334
text28-PHY-SHORT-2508.20431v1,q08,HI_minus_LI,0.15833333333333335
text29-PHY-SHORT-2509.06825v1,q08,HI_minus_LI,-0.008333333333333333
text30-PHY-SHORT-2509.17653v2,q08,HI_minus_LI,0.35833333333333334
text31-MATH-SHORT-2511.03536v1,q08,HI_minus_LI,0.225
text32-MATH-SHORT-2603.02088v1,q08,HI_minus_LI,0.10000000000000002
text33-MATH-SHORT-2512.22134v3,q08,HI_minus_LI,0.15833333333333335
text34-MATH-SHORT-2509.00532v1,q08,HI_minus_LI,0.35833333333333334
text35-MATH-SHORT-2512.06844v1,q08,HI_minus_LI,0.18333333333333335
text36-MATH-SHORT-2503.09380v2,q08,HI_minus_LI,0.09999999999999999
text37-MATH-SHORT-2510.26426v1,q08,HI_minus_LI,0.10833333333333332
text38-MATH-SHORT-2512.04101v1,q08,HI_minus_LI,0.016666666666666646
text39-MATH-SHORT-2506.11609v2,q08,HI_minus_LI,0.00833333333333334
text40-MATH-SHORT-2507.15879v2,q08,HI_minus_LI,0.06666666666666667
text41-BIO-LONG-2512.06709v1,q08,HI_minus_LI,0.15
text42-BIO-LONG-2503.07104v1,q08,HI_minus_LI,0.05833333333333335
text43-BIO-LONG-2506.16577v1,q08,HI_minus_LI,0.15
text44-BIO-LONG-2505.20052v1,q08,HI_minus_LI,0.041666666666666664
text45-BIO-LONG-2507.17897v4,q08,HI_minus_LI,0.06666666666666667
text46-BIO-LONG-2505.05863v1,q08,HI_minus_LI,-0.06666666666666667
text47-BIO-LONG-2505.21094v1,q08,HI_minus_LI,0.19166666666666665
text48-BIO-LONG-2602.16750v1,q08,HI_minus_LI,0.0666666666666667
text49-BIO-LONG-2511.10014v1,q08,HI_minus_LI,0.10000000000000002
text50-BIO-LONG-2603.01054v1,q08,HI_minus_LI,0.07500000000000001
text51-CS-LONG-2602.11588v1,q08,HI_minus_LI,0.03333333333333333
text52-CS-LONG-2602.15675v1,q08,HI_minus_LI,0.26666666666666666
text53-CS-LONG-2603.02012v1,q08,HI_minus_LI,0.14166666666666666
text54-CS-LONG-2602.23006v1,q08,HI_minus_LI,0.15
text55-CS-LONG-2602.21625v1,q08,HI_minus_LI,0.10833333333333335
text56-CS-LONG-2602.13713v1,q08,HI_minus_LI,0.2583333333333333
text57-CS-LONG-2603.00079v1,q08,HI_minus_LI,-0.008333333333333326
text58-CS-LONG-2603.01023v1,q08,HI_minus_LI,0.11666666666666665
text59-CS-LONG-2602.19401v1,q08,HI_minus_LI,0.025000000000000005
text60-CS-LONG-2602.18518v1,q08,HI_minus_LI,0.05000000000000001
text61-PHY-LONG-2602.03885v1,q08,HI_minus_LI,1.850371707708594e-17
text62-PHY-LONG-2511.21971v1,q08,HI_minus_LI,0.19166666666666665
text63-PHY-LONG-2512.18015v1,q08,HI_minus_LI,0.09999999999999999
text64-PHY-LONG-2602.23683v1,q08,HI_minus_LI,0.025000000000000005
text65-PHY-LONG-2601.13267v1,q08,HI_minus_LI,0.25833333333333336
text66-PHY-LONG-2512.24566v1,q08,HI_minus_LI,0.1583333333333333
text67-PHY-LONG-2602.07636v2,q08,HI_minus_LI,0.13333333333333333
text68-PHY-LONG-2512.18130v1,q08,HI_minus_LI,0.125
text69-PHY-LONG-2602.17389v1,q08,HI_minus_LI,-0.09166666666666667
text70-PHY-LONG-2602.08188v1,q08,HI_minus_LI,0.125
text71-MATH-LONG-2511.12781v1,q08,HI_minus_LI,0.016666666666666663
text72-MATH-LONG-2602.06095v1,q08,HI_minus_LI,0.09999999999999998
text73-MATH-LONG-2511.18101v1,q08,HI_minus_LI,0.016666666666666646
text74-MATH-LONG-2512.15978v1,q08,HI_minus_LI,0.14166666666666666
text75-MATH-LONG-2511.22140v1,q08,HI_minus_LI,0.15
text76-MATH-LONG-2602.20441v1,q08,HI_minus_LI,0.08333333333333333
text77-MATH-LONG-2601.20851v2,q08,HI_minus_LI,0.16666666666666666
text78-MATH-LONG-2512.17595v1,q08,HI_minus_LI,-0.016666666666666663
text79-MATH-LONG-2512.10129v1,q08,HI_minus_LI,0.04999999999999999
text80-MATH-LONG-2512.10507v1,q08,HI_minus_LI,0.08333333333333331
text01-BIO-SHORT-2505.02276v1,q08,HP_minus_LP,0.16666666666666666
text02-BIO-SHORT-2507.04575v1,q08,HP_minus_LP,0.10833333333333334
text03-BIO-SHORT-2505.11568v3,q08,HP_minus_LP,0.1333333333333333
text04-BIO-SHORT-2507.08385v1,q08,HP_minus_LP,0.09166666666666667
text05-BIO-SHORT-2504.10973v1,q08,HP_minus_LP,0.325
text06-BIO-SHORT-2506.14789v1,q08,HP_minus_LP,0.0
text07-BIO-SHORT-2506.13576v3,q08,HP_minus_LP,0.1416666666666667
text08-BIO-SHORT-2503.19923v2,q08,HP_minus_LP,-0.075
text09-BIO-SHORT-2602.00019v1,q08,HP_minus_LP,0.06666666666666665
text10-BIO-SHORT-2506.13817v1,q08,HP_minus_LP,0.16666666666666666
text11-CS-SHORT-2506.09194v1,q08,HP_minus_LP,0.08333333333333333
text12-CS-SHORT-2512.19717v1,q08,HP_minus_LP,0.44999999999999996
text13-CS-SHORT-2510.04124v5,q08,HP_minus_LP,0.27499999999999997
text14-CS-SHORT-2509.13349v2,q08,HP_minus_LP,0.17499999999999996
text15-CS-SHORT-2602.03870v1,q08,HP_minus_LP,0.01666666666666668
text16-CS-SHORT-2509.06033v1,q08,HP_minus_LP,0.008333333333333331
text17-CS-SHORT-2509.16294v1,q08,HP_minus_LP,-0.008333333333333337
text18-CS-SHORT-2507.09492v1,q08,HP_minus_LP,0.13333333333333333
text19-CS-SHORT-2509.14600v1,q08,HP_minus_LP,0.2916666666666667
text20-CS-SHORT-2503.14899v1,q08,HP_minus_LP,-0.25
text21-PHY-SHORT-2601.23079v1,q08,HP_minus_LP,0.25833333333333336
text22-PHY-SHORT-2601.23047v1,q08,HP_minus_LP,0.26666666666666666
text23-PHY-SHORT-2601.23057v1,q08,HP_minus_LP,0.06666666666666667
text24-PHY-SHORT-2509.16741v1,q08,HP_minus_LP,0.024999999999999994
text25-PHY-SHORT-2507.08042v1,q08,HP_minus_LP,0.05833333333333335
text26-PHY-SHORT-2512.23538v1,q08,HP_minus_LP,0.08333333333333333
text27-PHY-SHORT-2510.18500v1,q08,HP_minus_LP,0.27499999999999997
text28-PHY-SHORT-2508.20431v1,q08,HP_minus_LP,0.20833333333333334
text29-PHY-SHORT-2509.06825v1,q08,HP_minus_LP,0.025000000000000005
text30-PHY-SHORT-2509.17653v2,q08,HP_minus_LP,0.2416666666666667
text31-MATH-SHORT-2511.03536v1,q08,HP_minus_LP,0.15833333333333333
text32-MATH-SHORT-2603.02088v1,q08,HP_minus_LP,0.2333333333333333
text33-MATH-SHORT-2512.22134v3,q08,HP_minus_LP,0.17499999999999996
text34-MATH-SHORT-2509.00532v1,q08,HP_minus_LP,0.10833333333333334
text35-MATH-SHORT-2512.06844v1,q08,HP_minus_LP,0.11666666666666668
text36-MATH-SHORT-2503.09380v2,q08,HP_minus_LP,0.09999999999999999
text37-MATH-SHORT-2510.26426v1,q08,HP_minus_LP,0.20833333333333334
text38-MATH-SHORT-2512.04101v1,q08,HP_minus_LP,0.3
text39-MATH-SHORT-2506.11609v2,q08,HP_minus_LP,0.09166666666666667
text40-MATH-SHORT-2507.15879v2,q08,HP_minus_LP,0.10000000000000002
text41-BIO-LONG-2512.06709v1,q08,HP_minus_LP,0.21666666666666665
text42-BIO-LONG-2503.07104v1,q08,HP_minus_LP,0.19166666666666665
text43-BIO-LONG-2506.16577v1,q08,HP_minus_LP,0.2333333333333333
text44-BIO-LONG-2505.20052v1,q08,HP_minus_LP,0.12499999999999999
text45-BIO-LONG-2507.17897v4,q08,HP_minus_LP,0.01666666666666668
text46-BIO-LONG-2505.05863v1,q08,HP_minus_LP,0.06666666666666664
text47-BIO-LONG-2505.21094v1,q08,HP_minus_LP,0.20833333333333334
text48-BIO-LONG-2602.16750v1,q08,HP_minus_LP,0.09999999999999998
text49-BIO-LONG-2511.10014v1,q08,HP_minus_LP,0.10000000000000002
text50-BIO-LONG-2603.01054v1,q08,HP_minus_LP,0.225
text51-CS-LONG-2602.11588v1,q08,HP_minus_LP,-0.049999999999999996
text52-CS-LONG-2602.15675v1,q08,HP_minus_LP,0.13333333333333333
text53-CS-LONG-2603.02012v1,q08,HP_minus_LP,0.225
text54-CS-LONG-2602.23006v1,q08,HP_minus_LP,0.10000000000000002
text55-CS-LONG-2602.21625v1,q08,HP_minus_LP,0.125
text56-CS-LONG-2602.13713v1,q08,HP_minus_LP,0.19166666666666665
text57-CS-LONG-2603.00079v1,q08,HP_minus_LP,0.10833333333333334
text58-CS-LONG-2603.01023v1,q08,HP_minus_LP,0.11666666666666665
text59-CS-LONG-2602.19401v1,q08,HP_minus_LP,0.17499999999999996
text60-CS-LONG-2602.18518v1,q08,HP_minus_LP,0.033333333333333326
text61-PHY-LONG-2602.03885v1,q08,HP_minus_LP,0.08333333333333331
text62-PHY-LONG-2511.21971v1,q08,HP_minus_LP,0.2416666666666667
text63-PHY-LONG-2512.18015v1,q08,HP_minus_LP,0.2333333333333333
text64-PHY-LONG-2602.23683v1,q08,HP_minus_LP,0.07500000000000001
text65-PHY-LONG-2601.13267v1,q08,HP_minus_LP,0.075
text66-PHY-LONG-2512.24566v1,q08,HP_minus_LP,0.17499999999999996
text67-PHY-LONG-2602.07636v2,q08,HP_minus_LP,-1.850371707708594e-17
text68-PHY-LONG-2512.18130v1,q08,HP_minus_LP,0.3416666666666666
text69-PHY-LONG-2602.17389v1,q08,HP_minus_LP,0.12500000000000003
text70-PHY-LONG-2602.08188v1,q08,HP_minus_LP,0.15833333333333335
text71-MATH-LONG-2511.12781v1,q08,HP_minus_LP,1.850371707708594e-17
text72-MATH-LONG-2602.06095v1,q08,HP_minus_LP,0.08333333333333331
text73-MATH-LONG-2511.18101v1,q08,HP_minus_LP,0.11666666666666665
text74-MATH-LONG-2512.15978v1,q08,HP_minus_LP,0.04166666666666668
text75-MATH-LONG-2511.22140v1,q08,HP_minus_LP,0.0
text76-MATH-LONG-2602.20441v1,q08,HP_minus_LP,0.08333333333333333
text77-MATH-LONG-2601.20851v2,q08,HP_minus_LP,0.08333333333333333
text78-MATH-LONG-2512.17595v1,q08,HP_minus_LP,0.08333333333333331
text79-MATH-LONG-2512.10129v1,q08,HP_minus_LP,0.06666666666666667
text80-MATH-LONG-2512.10507v1,q08,HP_minus_LP,0.08333333333333336
text01-BIO-SHORT-2505.02276v1,q08,Name_x_Inst,0.06666666666666667
text02-BIO-SHORT-2507.04575v1,q08,Name_x_Inst,-0.21666666666666667
text03-BIO-SHORT-2505.11568v3,q08,Name_x_Inst,-0.10000000000000003
text04-BIO-SHORT-2507.08385v1,q08,Name_x_Inst,-0.11666666666666665
text05-BIO-SHORT-2504.10973v1,q08,Name_x_Inst,0.01666666666666668
text06-BIO-SHORT-2506.14789v1,q08,Name_x_Inst,-0.06666666666666665
text07-BIO-SHORT-2506.13576v3,q08,Name_x_Inst,0.04999999999999997
text08-BIO-SHORT-2503.19923v2,q08,Name_x_Inst,0.15000000000000005
text09-BIO-SHORT-2602.00019v1,q08,Name_x_Inst,-0.1333333333333334
text10-BIO-SHORT-2506.13817v1,q08,Name_x_Inst,0.0
text11-CS-SHORT-2506.09194v1,q08,Name_x_Inst,0.03333333333333335
text12-CS-SHORT-2512.19717v1,q08,Name_x_Inst,-0.3666666666666667
text13-CS-SHORT-2510.04124v5,q08,Name_x_Inst,-0.0833333333333333
text14-CS-SHORT-2509.13349v2,q08,Name_x_Inst,-0.15000000000000002
text15-CS-SHORT-2602.03870v1,q08,Name_x_Inst,0.0
text16-CS-SHORT-2509.06033v1,q08,Name_x_Inst,-0.31666666666666665
text17-CS-SHORT-2509.16294v1,q08,Name_x_Inst,0.05000000000000002
text18-CS-SHORT-2507.09492v1,q08,Name_x_Inst,-0.13333333333333333
text19-CS-SHORT-2509.14600v1,q08,Name_x_Inst,-0.016666666666666673
text20-CS-SHORT-2503.14899v1,q08,Name_x_Inst,0.16666666666666666
text21-PHY-SHORT-2601.23079v1,q08,Name_x_Inst,0.15
text22-PHY-SHORT-2601.23047v1,q08,Name_x_Inst,-0.13333333333333333
text23-PHY-SHORT-2601.23057v1,q08,Name_x_Inst,0.16666666666666666
text24-PHY-SHORT-2509.16741v1,q08,Name_x_Inst,0.04999999999999999
text25-PHY-SHORT-2507.08042v1,q08,Name_x_Inst,1.0833333333333333
text26-PHY-SHORT-2512.23538v1,q08,Name_x_Inst,0.033333333333333236
text27-PHY-SHORT-2510.18500v1,q08,Name_x_Inst,-0.3833333333333333
text28-PHY-SHORT-2508.20431v1,q08,Name_x_Inst,0.14999999999999994
text29-PHY-SHORT-2509.06825v1,q08,Name_x_Inst,-0.05000000000000001
text30-PHY-SHORT-2509.17653v2,q08,Name_x_Inst,-0.25
text31-MATH-SHORT-2511.03536v1,q08,Name_x_Inst,-0.08333333333333336
text32-MATH-SHORT-2603.02088v1,q08,Name_x_Inst,-0.033333333333333326
text33-MATH-SHORT-2512.22134v3,q08,Name_x_Inst,-0.21666666666666665
text34-MATH-SHORT-2509.00532v1,q08,Name_x_Inst,-0.6166666666666667
text35-MATH-SHORT-2512.06844v1,q08,Name_x_Inst,0.13333333333333333
text36-MATH-SHORT-2503.09380v2,q08,Name_x_Inst,0.06666666666666668
text37-MATH-SHORT-2510.26426v1,q08,Name_x_Inst,0.11666666666666664
text38-MATH-SHORT-2512.04101v1,q08,Name_x_Inst,0.5333333333333333
text39-MATH-SHORT-2506.11609v2,q08,Name_x_Inst,0.01666666666666668
text40-MATH-SHORT-2507.15879v2,q08,Name_x_Inst,-0.03333333333333335
text41-BIO-LONG-2512.06709v1,q08,Name_x_Inst,0.1333333333333333
text42-BIO-LONG-2503.07104v1,q08,Name_x_Inst,-0.050000000000000044
text43-BIO-LONG-2506.16577v1,q08,Name_x_Inst,-0.03333333333333336
text44-BIO-LONG-2505.20052v1,q08,Name_x_Inst,0.18333333333333326
text45-BIO-LONG-2507.17897v4,q08,Name_x_Inst,-0.0666666666666667
text46-BIO-LONG-2505.05863v1,q08,Name_x_Inst,-0.09999999999999996
text47-BIO-LONG-2505.21094v1,q08,Name_x_Inst,0.31666666666666665
text48-BIO-LONG-2602.16750v1,q08,Name_x_Inst,-0.13333333333333328
text49-BIO-LONG-2511.10014v1,q08,Name_x_Inst,-0.03333333333333335
text50-BIO-LONG-2603.01054v1,q08,Name_x_Inst,0.08333333333333333
text51-CS-LONG-2602.11588v1,q08,Name_x_Inst,0.13333333333333333
text52-CS-LONG-2602.15675v1,q08,Name_x_Inst,-0.09999999999999999
text53-CS-LONG-2603.02012v1,q08,Name_x_Inst,-0.0833333333333333
text54-CS-LONG-2602.23006v1,q08,Name_x_Inst,-1.850371707708594e-17
text55-CS-LONG-2602.21625v1,q08,Name_x_Inst,-0.04999999999999997
text56-CS-LONG-2602.13713v1,q08,Name_x_Inst,0.016666666666666646
text57-CS-LONG-2603.00079v1,q08,Name_x_Inst,-0.15000000000000002
text58-CS-LONG-2603.01023v1,q08,Name_x_Inst,-0.10000000000000002
text59-CS-LONG-2602.19401v1,q08,Name_x_Inst,0.01666666666666668
text60-CS-LONG-2602.18518v1,q08,Name_x_Inst,-0.10000000000000002
text61-PHY-LONG-2602.03885v1,q08,Name_x_Inst,-0.033333333333333326
text62-PHY-LONG-2511.21971v1,q08,Name_x_Inst,0.11666666666666665
text63-PHY-LONG-2512.18015v1,q08,Name_x_Inst,-0.033333333333333326
text64-PHY-LONG-2602.23683v1,q08,Name_x_Inst,0.016666666666666646
text65-PHY-LONG-2601.13267v1,q08,Name_x_Inst,0.04999999999999999
text66-PHY-LONG-2512.24566v1,q08,Name_x_Inst,-0.016666666666666653
text67-PHY-LONG-2602.07636v2,q08,Name_x_Inst,0.06666666666666672
text68-PHY-LONG-2512.18130v1,q08,Name_x_Inst,0.016666666666666625
text69-PHY-LONG-2602.17389v1,q08,Name_x_Inst,-0.016666666666666625
text70-PHY-LONG-2602.08188v1,q08,Name_x_Inst,-0.08333333333333333
text71-MATH-LONG-2511.12781v1,q08,Name_x_Inst,-0.09999999999999998
text72-MATH-LONG-2602.06095v1,q08,Name_x_Inst,-0.2333333333333333
text73-MATH-LONG-2511.18101v1,q08,Name_x_Inst,0.0
text74-MATH-LONG-2512.15978v1,q08,Name_x_Inst,-0.18333333333333335
text75-MATH-LONG-2511.22140v1,q08,Name_x_Inst,-0.033333333333333326
text76-MATH-LONG-2602.20441v1,q08,Name_x_Inst,0.0
text77-MATH-LONG-2601.20851v2,q08,Name_x_Inst,0.06666666666666665
text78-MATH-LONG-2512.17595v1,q08,Name_x_Inst,3.700743415417188e-17
text79-MATH-LONG-2512.10129v1,q08,Name_x_Inst,-0.033333333333333326
text80-MATH-LONG-2512.10507v1,q08,Name_x_Inst,0.10000000000000002
text01-BIO-SHORT-2505.02276v1,q08,Name_x_Bibliometrics,0.0
text02-BIO-SHORT-2507.04575v1,q08,Name_x_Bibliometrics,-0.08333333333333333
text03-BIO-SHORT-2505.11568v3,q08,Name_x_Bibliometrics,-0.06666666666666667
text04-BIO-SHORT-2507.08385v1,q08,Name_x_Bibliometrics,0.016666666666666663
text05-BIO-SHORT-2504.10973v1,q08,Name_x_Bibliometrics,-0.01666666666666668
text06-BIO-SHORT-2506.14789v1,q08,Name_x_Bibliometrics,0.06666666666666665
text07-BIO-SHORT-2506.13576v3,q08,Name_x_Bibliometrics,0.08333333333333333
text08-BIO-SHORT-2503.19923v2,q08,Name_x_Bibliometrics,-0.0833333333333333
text09-BIO-SHORT-2602.00019v1,q08,Name_x_Bibliometrics,0.03333333333333336
text10-BIO-SHORT-2506.13817v1,q08,Name_x_Bibliometrics,0.0
text11-CS-SHORT-2506.09194v1,q08,Name_x_Bibliometrics,0.09999999999999999
text12-CS-SHORT-2512.19717v1,q08,Name_x_Bibliometrics,-0.10000000000000002
text13-CS-SHORT-2510.04124v5,q08,Name_x_Bibliometrics,-0.08333333333333333
text14-CS-SHORT-2509.13349v2,q08,Name_x_Bibliometrics,-0.18333333333333332
text15-CS-SHORT-2602.03870v1,q08,Name_x_Bibliometrics,0.1333333333333333
text16-CS-SHORT-2509.06033v1,q08,Name_x_Bibliometrics,-0.016666666666666663
text17-CS-SHORT-2509.16294v1,q08,Name_x_Bibliometrics,0.01666666666666668
text18-CS-SHORT-2507.09492v1,q08,Name_x_Bibliometrics,-0.06666666666666664
text19-CS-SHORT-2509.14600v1,q08,Name_x_Bibliometrics,-0.049999999999999996
text20-CS-SHORT-2503.14899v1,q08,Name_x_Bibliometrics,0.16666666666666666
text21-PHY-SHORT-2601.23079v1,q08,Name_x_Bibliometrics,0.11666666666666665
text22-PHY-SHORT-2601.23047v1,q08,Name_x_Bibliometrics,0.13333333333333333
text23-PHY-SHORT-2601.23057v1,q08,Name_x_Bibliometrics,0.06666666666666667
text24-PHY-SHORT-2509.16741v1,q08,Name_x_Bibliometrics,0.016666666666666663
text25-PHY-SHORT-2507.08042v1,q08,Name_x_Bibliometrics,-0.08333333333333333
text26-PHY-SHORT-2512.23538v1,q08,Name_x_Bibliometrics,-0.09999999999999999
text27-PHY-SHORT-2510.18500v1,q08,Name_x_Bibliometrics,-0.05000000000000001
text28-PHY-SHORT-2508.20431v1,q08,Name_x_Bibliometrics,-0.016666666666666646
text29-PHY-SHORT-2509.06825v1,q08,Name_x_Bibliometrics,0.016666666666666666
text30-PHY-SHORT-2509.17653v2,q08,Name_x_Bibliometrics,-0.016666666666666607
text31-MATH-SHORT-2511.03536v1,q08,Name_x_Bibliometrics,0.18333333333333326
text32-MATH-SHORT-2603.02088v1,q08,Name_x_Bibliometrics,0.033333333333333326
text33-MATH-SHORT-2512.22134v3,q08,Name_x_Bibliometrics,-0.04999999999999999
text34-MATH-SHORT-2509.00532v1,q08,Name_x_Bibliometrics,-0.1166666666666667
text35-MATH-SHORT-2512.06844v1,q08,Name_x_Bibliometrics,3.700743415417188e-17
text36-MATH-SHORT-2503.09380v2,q08,Name_x_Bibliometrics,0.06666666666666668
text37-MATH-SHORT-2510.26426v1,q08,Name_x_Bibliometrics,0.04999999999999991
text38-MATH-SHORT-2512.04101v1,q08,Name_x_Bibliometrics,-0.16666666666666666
text39-MATH-SHORT-2506.11609v2,q08,Name_x_Bibliometrics,-0.15
text40-MATH-SHORT-2507.15879v2,q08,Name_x_Bibliometrics,0.03333333333333335
text41-BIO-LONG-2512.06709v1,q08,Name_x_Bibliometrics,0.0
text42-BIO-LONG-2503.07104v1,q08,Name_x_Bibliometrics,0.01666666666666668
text43-BIO-LONG-2506.16577v1,q08,Name_x_Bibliometrics,-0.0666666666666667
text44-BIO-LONG-2505.20052v1,q08,Name_x_Bibliometrics,0.016666666666666646
text45-BIO-LONG-2507.17897v4,q08,Name_x_Bibliometrics,0.10000000000000002
text46-BIO-LONG-2505.05863v1,q08,Name_x_Bibliometrics,-0.2333333333333333
text47-BIO-LONG-2505.21094v1,q08,Name_x_Bibliometrics,0.2833333333333333
text48-BIO-LONG-2602.16750v1,q08,Name_x_Bibliometrics,-0.13333333333333333
text49-BIO-LONG-2511.10014v1,q08,Name_x_Bibliometrics,-0.03333333333333335
text50-BIO-LONG-2603.01054v1,q08,Name_x_Bibliometrics,-0.15
text51-CS-LONG-2602.11588v1,q08,Name_x_Bibliometrics,-0.03333333333333334
text52-CS-LONG-2602.15675v1,q08,Name_x_Bibliometrics,0.2333333333333333
text53-CS-LONG-2603.02012v1,q08,Name_x_Bibliometrics,0.016666666666666646
text54-CS-LONG-2602.23006v1,q08,Name_x_Bibliometrics,-0.09999999999999999
text55-CS-LONG-2602.21625v1,q08,Name_x_Bibliometrics,-0.01666666666666668
text56-CS-LONG-2602.13713v1,q08,Name_x_Bibliometrics,-0.05000000000000001
text57-CS-LONG-2603.00079v1,q08,Name_x_Bibliometrics,-0.049999999999999996
text58-CS-LONG-2603.01023v1,q08,Name_x_Bibliometrics,-0.10000000000000002
text59-CS-LONG-2602.19401v1,q08,Name_x_Bibliometrics,-0.08333333333333337
text60-CS-LONG-2602.18518v1,q08,Name_x_Bibliometrics,-0.06666666666666665
text61-PHY-LONG-2602.03885v1,q08,Name_x_Bibliometrics,-0.13333333333333333
text62-PHY-LONG-2511.21971v1,q08,Name_x_Bibliometrics,0.016666666666666646
text63-PHY-LONG-2512.18015v1,q08,Name_x_Bibliometrics,0.033333333333333326
text64-PHY-LONG-2602.23683v1,q08,Name_x_Bibliometrics,0.11666666666666665
text65-PHY-LONG-2601.13267v1,q08,Name_x_Bibliometrics,-0.04999999999999999
text66-PHY-LONG-2512.24566v1,q08,Name_x_Bibliometrics,0.016666666666666708
text67-PHY-LONG-2602.07636v2,q08,Name_x_Bibliometrics,0.06666666666666665
text68-PHY-LONG-2512.18130v1,q08,Name_x_Bibliometrics,-0.016666666666666625
text69-PHY-LONG-2602.17389v1,q08,Name_x_Bibliometrics,0.08333333333333336
text70-PHY-LONG-2602.08188v1,q08,Name_x_Bibliometrics,-0.08333333333333333
text71-MATH-LONG-2511.12781v1,q08,Name_x_Bibliometrics,0.06666666666666661
text72-MATH-LONG-2602.06095v1,q08,Name_x_Bibliometrics,-0.19999999999999998
text73-MATH-LONG-2511.18101v1,q08,Name_x_Bibliometrics,-0.1333333333333333
text74-MATH-LONG-2512.15978v1,q08,Name_x_Bibliometrics,-0.11666666666666664
text75-MATH-LONG-2511.22140v1,q08,Name_x_Bibliometrics,-0.0666666666666667
text76-MATH-LONG-2602.20441v1,q08,Name_x_Bibliometrics,0.0
text77-MATH-LONG-2601.20851v2,q08,Name_x_Bibliometrics,-0.10000000000000002
text78-MATH-LONG-2512.17595v1,q08,Name_x_Bibliometrics,0.0666666666666667
text79-MATH-LONG-2512.10129v1,q08,Name_x_Bibliometrics,3.700743415417188e-17
text80-MATH-LONG-2512.10507v1,q08,Name_x_Bibliometrics,0.16666666666666666
text01-BIO-SHORT-2505.02276v1,q08,Inst_x_Bibliometrics,0.09999999999999999
text02-BIO-SHORT-2507.04575v1,q08,Inst_x_Bibliometrics,0.25
text03-BIO-SHORT-2505.11568v3,q08,Inst_x_Bibliometrics,0.10000000000000003
text04-BIO-SHORT-2507.08385v1,q08,Inst_x_Bibliometrics,0.016666666666666663
text05-BIO-SHORT-2504.10973v1,q08,Inst_x_Bibliometrics,0.08333333333333337
text06-BIO-SHORT-2506.14789v1,q08,Inst_x_Bibliometrics,0.0
text07-BIO-SHORT-2506.13576v3,q08,Inst_x_Bibliometrics,-0.24999999999999992
text08-BIO-SHORT-2503.19923v2,q08,Inst_x_Bibliometrics,-0.050000000000000024
text09-BIO-SHORT-2602.00019v1,q08,Inst_x_Bibliometrics,-0.06666666666666665
text10-BIO-SHORT-2506.13817v1,q08,Inst_x_Bibliometrics,0.0
text11-CS-SHORT-2506.09194v1,q08,Inst_x_Bibliometrics,-0.06666666666666667
text12-CS-SHORT-2512.19717v1,q08,Inst_x_Bibliometrics,0.0
text13-CS-SHORT-2510.04124v5,q08,Inst_x_Bibliometrics,0.18333333333333332
text14-CS-SHORT-2509.13349v2,q08,Inst_x_Bibliometrics,-0.2833333333333333
text15-CS-SHORT-2602.03870v1,q08,Inst_x_Bibliometrics,-0.03333333333333336
text16-CS-SHORT-2509.06033v1,q08,Inst_x_Bibliometrics,0.016666666666666663
text17-CS-SHORT-2509.16294v1,q08,Inst_x_Bibliometrics,-0.016666666666666646
text18-CS-SHORT-2507.09492v1,q08,Inst_x_Bibliometrics,0.16666666666666674
text19-CS-SHORT-2509.14600v1,q08,Inst_x_Bibliometrics,0.2833333333333333
text20-CS-SHORT-2503.14899v1,q08,Inst_x_Bibliometrics,-0.16666666666666666
text21-PHY-SHORT-2601.23079v1,q08,Inst_x_Bibliometrics,0.21666666666666667
text22-PHY-SHORT-2601.23047v1,q08,Inst_x_Bibliometrics,0.13333333333333333
text23-PHY-SHORT-2601.23057v1,q08,Inst_x_Bibliometrics,-0.13333333333333333
text24-PHY-SHORT-2509.16741v1,q08,Inst_x_Bibliometrics,-0.016666666666666663
text25-PHY-SHORT-2507.08042v1,q08,Inst_x_Bibliometrics,0.01666666666666668
text26-PHY-SHORT-2512.23538v1,q08,Inst_x_Bibliometrics,0.033333333333333305
text27-PHY-SHORT-2510.18500v1,q08,Inst_x_Bibliometrics,0.25
text28-PHY-SHORT-2508.20431v1,q08,Inst_x_Bibliometrics,-0.4166666666666667
text29-PHY-SHORT-2509.06825v1,q08,Inst_x_Bibliometrics,-0.016666666666666666
text30-PHY-SHORT-2509.17653v2,q08,Inst_x_Bibliometrics,0.31666666666666665
text31-MATH-SHORT-2511.03536v1,q08,Inst_x_Bibliometrics,0.11666666666666668
text32-MATH-SHORT-2603.02088v1,q08,Inst_x_Bibliometrics,0.16666666666666666
text33-MATH-SHORT-2512.22134v3,q08,Inst_x_Bibliometrics,0.4166666666666667
text34-MATH-SHORT-2509.00532v1,q08,Inst_x_Bibliometrics,-0.08333333333333333
text35-MATH-SHORT-2512.06844v1,q08,Inst_x_Bibliometrics,-0.19999999999999998
text36-MATH-SHORT-2503.09380v2,q08,Inst_x_Bibliometrics,-0.19999999999999998
text37-MATH-SHORT-2510.26426v1,q08,Inst_x_Bibliometrics,0.11666666666666664
text38-MATH-SHORT-2512.04101v1,q08,Inst_x_Bibliometrics,-0.033333333333333305
text39-MATH-SHORT-2506.11609v2,q08,Inst_x_Bibliometrics,-0.01666666666666668
text40-MATH-SHORT-2507.15879v2,q08,Inst_x_Bibliometrics,-0.16666666666666666
text41-BIO-LONG-2512.06709v1,q08,Inst_x_Bibliometrics,0.0
text42-BIO-LONG-2503.07104v1,q08,Inst_x_Bibliometrics,0.1166666666666667
text43-BIO-LONG-2506.16577v1,q08,Inst_x_Bibliometrics,0.09999999999999994
text44-BIO-LONG-2505.20052v1,q08,Inst_x_Bibliometrics,-0.08333333333333333
text45-BIO-LONG-2507.17897v4,q08,Inst_x_Bibliometrics,0.0
text46-BIO-LONG-2505.05863v1,q08,Inst_x_Bibliometrics,-0.03333333333333339
text47-BIO-LONG-2505.21094v1,q08,Inst_x_Bibliometrics,0.15
text48-BIO-LONG-2602.16750v1,q08,Inst_x_Bibliometrics,-0.16666666666666666
text49-BIO-LONG-2511.10014v1,q08,Inst_x_Bibliometrics,-0.16666666666666666
text50-BIO-LONG-2603.01054v1,q08,Inst_x_Bibliometrics,0.05000000000000001
text51-CS-LONG-2602.11588v1,q08,Inst_x_Bibliometrics,-0.03333333333333334
text52-CS-LONG-2602.15675v1,q08,Inst_x_Bibliometrics,0.2333333333333333
text53-CS-LONG-2603.02012v1,q08,Inst_x_Bibliometrics,-0.11666666666666665
text54-CS-LONG-2602.23006v1,q08,Inst_x_Bibliometrics,0.20000000000000004
text55-CS-LONG-2602.21625v1,q08,Inst_x_Bibliometrics,0.04999999999999997
text56-CS-LONG-2602.13713v1,q08,Inst_x_Bibliometrics,0.15000000000000002
text57-CS-LONG-2603.00079v1,q08,Inst_x_Bibliometrics,0.01666666666666669
text58-CS-LONG-2603.01023v1,q08,Inst_x_Bibliometrics,-0.2333333333333333
text59-CS-LONG-2602.19401v1,q08,Inst_x_Bibliometrics,-0.21666666666666667
text60-CS-LONG-2602.18518v1,q08,Inst_x_Bibliometrics,-0.06666666666666665
text61-PHY-LONG-2602.03885v1,q08,Inst_x_Bibliometrics,0.09999999999999998
text62-PHY-LONG-2511.21971v1,q08,Inst_x_Bibliometrics,0.24999999999999997
text63-PHY-LONG-2512.18015v1,q08,Inst_x_Bibliometrics,0.06666666666666665
text64-PHY-LONG-2602.23683v1,q08,Inst_x_Bibliometrics,-0.18333333333333332
text65-PHY-LONG-2601.13267v1,q08,Inst_x_Bibliometrics,-0.016666666666666663
text66-PHY-LONG-2512.24566v1,q08,Inst_x_Bibliometrics,-0.18333333333333332
text67-PHY-LONG-2602.07636v2,q08,Inst_x_Bibliometrics,0.13333333333333333
text68-PHY-LONG-2512.18130v1,q08,Inst_x_Bibliometrics,0.08333333333333336
text69-PHY-LONG-2602.17389v1,q08,Inst_x_Bibliometrics,0.14999999999999997
text70-PHY-LONG-2602.08188v1,q08,Inst_x_Bibliometrics,-0.05000000000000001
text71-MATH-LONG-2511.12781v1,q08,Inst_x_Bibliometrics,-0.09999999999999998
text72-MATH-LONG-2602.06095v1,q08,Inst_x_Bibliometrics,-0.39999999999999997
text73-MATH-LONG-2511.18101v1,q08,Inst_x_Bibliometrics,0.20000000000000004
text74-MATH-LONG-2512.15978v1,q08,Inst_x_Bibliometrics,-0.08333333333333331
text75-MATH-LONG-2511.22140v1,q08,Inst_x_Bibliometrics,0.06666666666666665
text76-MATH-LONG-2602.20441v1,q08,Inst_x_Bibliometrics,-0.16666666666666666
text77-MATH-LONG-2601.20851v2,q08,Inst_x_Bibliometrics,-0.10000000000000002
text78-MATH-LONG-2512.17595v1,q08,Inst_x_Bibliometrics,0.06666666666666661
text79-MATH-LONG-2512.10129v1,q08,Inst_x_Bibliometrics,0.19999999999999998
text80-MATH-LONG-2512.10507v1,q08,Inst_x_Bibliometrics,-0.033333333333333326
text01-BIO-SHORT-2505.02276v1,q09,BF_minus_WM,-0.125
text02-BIO-SHORT-2507.04575v1,q09,BF_minus_WM,-0.08333333333333333
text03-BIO-SHORT-2505.11568v3,q09,BF_minus_WM,0.10833333333333332
text04-BIO-SHORT-2507.08385v1,q09,BF_minus_WM,0.10833333333333335
text05-BIO-SHORT-2504.10973v1,q09,BF_minus_WM,-0.06666666666666667
text06-BIO-SHORT-2506.14789v1,q09,BF_minus_WM,-0.06666666666666667
text07-BIO-SHORT-2506.13576v3,q09,BF_minus_WM,-0.09166666666666667
text08-BIO-SHORT-2503.19923v2,q09,BF_minus_WM,0.041666666666666664
text09-BIO-SHORT-2602.00019v1,q09,BF_minus_WM,-0.016666666666666646
text10-BIO-SHORT-2506.13817v1,q09,BF_minus_WM,-0.20833333333333334
text11-CS-SHORT-2506.09194v1,q09,BF_minus_WM,-0.008333333333333333
text12-CS-SHORT-2512.19717v1,q09,BF_minus_WM,-0.1416666666666667
text13-CS-SHORT-2510.04124v5,q09,BF_minus_WM,-0.08333333333333333
text14-CS-SHORT-2509.13349v2,q09,BF_minus_WM,0.15833333333333333
text15-CS-SHORT-2602.03870v1,q09,BF_minus_WM,0.31666666666666665
text16-CS-SHORT-2509.06033v1,q09,BF_minus_WM,0.033333333333333326
text17-CS-SHORT-2509.16294v1,q09,BF_minus_WM,-0.016666666666666666
text18-CS-SHORT-2507.09492v1,q09,BF_minus_WM,0.0
text19-CS-SHORT-2509.14600v1,q09,BF_minus_WM,-0.15833333333333333
text20-CS-SHORT-2503.14899v1,q09,BF_minus_WM,-0.39166666666666666
text21-PHY-SHORT-2601.23079v1,q09,BF_minus_WM,0.025000000000000005
text22-PHY-SHORT-2601.23047v1,q09,BF_minus_WM,-0.19166666666666668
text23-PHY-SHORT-2601.23057v1,q09,BF_minus_WM,0.008333333333333338
text24-PHY-SHORT-2509.16741v1,q09,BF_minus_WM,-0.024999999999999998
text25-PHY-SHORT-2507.08042v1,q09,BF_minus_WM,0.06666666666666665
text26-PHY-SHORT-2512.23538v1,q09,BF_minus_WM,-0.06666666666666667
text27-PHY-SHORT-2510.18500v1,q09,BF_minus_WM,0.125
text28-PHY-SHORT-2508.20431v1,q09,BF_minus_WM,0.05833333333333333
text29-PHY-SHORT-2509.06825v1,q09,BF_minus_WM,-0.2416666666666667
text30-PHY-SHORT-2509.17653v2,q09,BF_minus_WM,0.024999999999999994
text31-MATH-SHORT-2511.03536v1,q09,BF_minus_WM,-0.008333333333333331
text32-MATH-SHORT-2603.02088v1,q09,BF_minus_WM,-0.05833333333333334
text33-MATH-SHORT-2512.22134v3,q09,BF_minus_WM,2.3129646346357427e-18
text34-MATH-SHORT-2509.00532v1,q09,BF_minus_WM,0.025000000000000012
text35-MATH-SHORT-2512.06844v1,q09,BF_minus_WM,-0.15833333333333333
text36-MATH-SHORT-2503.09380v2,q09,BF_minus_WM,-0.15
text37-MATH-SHORT-2510.26426v1,q09,BF_minus_WM,0.049999999999999996
text38-MATH-SHORT-2512.04101v1,q09,BF_minus_WM,-0.125
text39-MATH-SHORT-2506.11609v2,q09,BF_minus_WM,-0.008333333333333331
text40-MATH-SHORT-2507.15879v2,q09,BF_minus_WM,0.024999999999999994
text41-BIO-LONG-2512.06709v1,q09,BF_minus_WM,0.06666666666666667
text42-BIO-LONG-2503.07104v1,q09,BF_minus_WM,0.041666666666666664
text43-BIO-LONG-2506.16577v1,q09,BF_minus_WM,-0.05000000000000001
text44-BIO-LONG-2505.20052v1,q09,BF_minus_WM,-0.15833333333333333
text45-BIO-LONG-2507.17897v4,q09,BF_minus_WM,0.04166666666666668
text46-BIO-LONG-2505.05863v1,q09,BF_minus_WM,0.05833333333333332
text47-BIO-LONG-2505.21094v1,q09,BF_minus_WM,0.44166666666666665
text48-BIO-LONG-2602.16750v1,q09,BF_minus_WM,-0.07500000000000001
text49-BIO-LONG-2511.10014v1,q09,BF_minus_WM,0.04999999999999999
text50-BIO-LONG-2603.01054v1,q09,BF_minus_WM,-0.18333333333333335
text51-CS-LONG-2602.11588v1,q09,BF_minus_WM,-0.2416666666666666
text52-CS-LONG-2602.15675v1,q09,BF_minus_WM,-0.20000000000000004
text53-CS-LONG-2603.02012v1,q09,BF_minus_WM,-0.03333333333333333
text54-CS-LONG-2602.23006v1,q09,BF_minus_WM,-0.03333333333333329
text55-CS-LONG-2602.21625v1,q09,BF_minus_WM,0.24166666666666667
text56-CS-LONG-2602.13713v1,q09,BF_minus_WM,-0.049999999999999996
text57-CS-LONG-2603.00079v1,q09,BF_minus_WM,-0.05833333333333333
text58-CS-LONG-2603.01023v1,q09,BF_minus_WM,-0.041666666666666685
text59-CS-LONG-2602.19401v1,q09,BF_minus_WM,0.008333333333333312
text60-CS-LONG-2602.18518v1,q09,BF_minus_WM,0.13333333333333333
text61-PHY-LONG-2602.03885v1,q09,BF_minus_WM,0.27499999999999997
text62-PHY-LONG-2511.21971v1,q09,BF_minus_WM,-0.14166666666666664
text63-PHY-LONG-2512.18015v1,q09,BF_minus_WM,0.041666666666666664
text64-PHY-LONG-2602.23683v1,q09,BF_minus_WM,-0.033333333333333326
text65-PHY-LONG-2601.13267v1,q09,BF_minus_WM,0.10000000000000002
text66-PHY-LONG-2512.24566v1,q09,BF_minus_WM,0.041666666666666664
text67-PHY-LONG-2602.07636v2,q09,BF_minus_WM,-0.024999999999999984
text68-PHY-LONG-2512.18130v1,q09,BF_minus_WM,-0.13333333333333333
text69-PHY-LONG-2602.17389v1,q09,BF_minus_WM,-0.07500000000000001
text70-PHY-LONG-2602.08188v1,q09,BF_minus_WM,0.03333333333333333
text71-MATH-LONG-2511.12781v1,q09,BF_minus_WM,0.15
text72-MATH-LONG-2602.06095v1,q09,BF_minus_WM,0.06666666666666667
text73-MATH-LONG-2511.18101v1,q09,BF_minus_WM,-0.2333333333333333
text74-MATH-LONG-2512.15978v1,q09,BF_minus_WM,-0.125
text75-MATH-LONG-2511.22140v1,q09,BF_minus_WM,-0.01666666666666668
text76-MATH-LONG-2602.20441v1,q09,BF_minus_WM,-0.19166666666666665
text77-MATH-LONG-2601.20851v2,q09,BF_minus_WM,0.3
text78-MATH-LONG-2512.17595v1,q09,BF_minus_WM,0.08333333333333331
text79-MATH-LONG-2512.10129v1,q09,BF_minus_WM,-0.21666666666666665
text80-MATH-LONG-2512.10507v1,q09,BF_minus_WM,-0.15
text01-BIO-SHORT-2505.02276v1,q09,HI_minus_LI,0.10833333333333332
text02-BIO-SHORT-2507.04575v1,q09,HI_minus_LI,-0.08333333333333333
text03-BIO-SHORT-2505.11568v3,q09,HI_minus_LI,-0.325
text04-BIO-SHORT-2507.08385v1,q09,HI_minus_LI,0.008333333333333323
text05-BIO-SHORT-2504.10973v1,q09,HI_minus_LI,-0.18333333333333335
text06-BIO-SHORT-2506.14789v1,q09,HI_minus_LI,-0.11666666666666663
text07-BIO-SHORT-2506.13576v3,q09,HI_minus_LI,-0.2916666666666667
text08-BIO-SHORT-2503.19923v2,q09,HI_minus_LI,-0.05833333333333333
text09-BIO-SHORT-2602.00019v1,q09,HI_minus_LI,0.05000000000000001
text10-BIO-SHORT-2506.13817v1,q09,HI_minus_LI,-0.4583333333333333
text11-CS-SHORT-2506.09194v1,q09,HI_minus_LI,-0.041666666666666664
text12-CS-SHORT-2512.19717v1,q09,HI_minus_LI,-0.325
text13-CS-SHORT-2510.04124v5,q09,HI_minus_LI,-0.06666666666666665
text14-CS-SHORT-2509.13349v2,q09,HI_minus_LI,-0.30833333333333335
text15-CS-SHORT-2602.03870v1,q09,HI_minus_LI,-0.15
text16-CS-SHORT-2509.06033v1,q09,HI_minus_LI,0.03333333333333333
text17-CS-SHORT-2509.16294v1,q09,HI_minus_LI,0.06666666666666667
text18-CS-SHORT-2507.09492v1,q09,HI_minus_LI,-0.65
text19-CS-SHORT-2509.14600v1,q09,HI_minus_LI,-0.05833333333333334
text20-CS-SHORT-2503.14899v1,q09,HI_minus_LI,0.008333333333333337
text21-PHY-SHORT-2601.23079v1,q09,HI_minus_LI,0.125
text22-PHY-SHORT-2601.23047v1,q09,HI_minus_LI,-0.29166666666666674
text23-PHY-SHORT-2601.23057v1,q09,HI_minus_LI,-0.25833333333333336
text24-PHY-SHORT-2509.16741v1,q09,HI_minus_LI,0.008333333333333331
text25-PHY-SHORT-2507.08042v1,q09,HI_minus_LI,0.3499999999999999
text26-PHY-SHORT-2512.23538v1,q09,HI_minus_LI,-0.06666666666666665
text27-PHY-SHORT-2510.18500v1,q09,HI_minus_LI,-0.025000000000000022
text28-PHY-SHORT-2508.20431v1,q09,HI_minus_LI,-0.17500000000000002
text29-PHY-SHORT-2509.06825v1,q09,HI_minus_LI,0.025000000000000022
text30-PHY-SHORT-2509.17653v2,q09,HI_minus_LI,-0.19166666666666668
text31-MATH-SHORT-2511.03536v1,q09,HI_minus_LI,-0.2416666666666667
text32-MATH-SHORT-2603.02088v1,q09,HI_minus_LI,-0.2916666666666667
text33-MATH-SHORT-2512.22134v3,q09,HI_minus_LI,-0.43333333333333335
text34-MATH-SHORT-2509.00532v1,q09,HI_minus_LI,-0.17499999999999996
text35-MATH-SHORT-2512.06844v1,q09,HI_minus_LI,-0.375
text36-MATH-SHORT-2503.09380v2,q09,HI_minus_LI,-0.26666666666666666
text37-MATH-SHORT-2510.26426v1,q09,HI_minus_LI,-0.016666666666666663
text38-MATH-SHORT-2512.04101v1,q09,HI_minus_LI,0.35833333333333334
text39-MATH-SHORT-2506.11609v2,q09,HI_minus_LI,-0.05833333333333334
text40-MATH-SHORT-2507.15879v2,q09,HI_minus_LI,-0.125
text41-BIO-LONG-2512.06709v1,q09,HI_minus_LI,-0.06666666666666665
text42-BIO-LONG-2503.07104v1,q09,HI_minus_LI,-0.14166666666666666
text43-BIO-LONG-2506.16577v1,q09,HI_minus_LI,-0.033333333333333326
text44-BIO-LONG-2505.20052v1,q09,HI_minus_LI,-0.17499999999999996
text45-BIO-LONG-2507.17897v4,q09,HI_minus_LI,0.15833333333333335
text46-BIO-LONG-2505.05863v1,q09,HI_minus_LI,0.14166666666666666
text47-BIO-LONG-2505.21094v1,q09,HI_minus_LI,0.3416666666666666
text48-BIO-LONG-2602.16750v1,q09,HI_minus_LI,-0.525
text49-BIO-LONG-2511.10014v1,q09,HI_minus_LI,-0.35000000000000003
text50-BIO-LONG-2603.01054v1,q09,HI_minus_LI,-0.31666666666666665
text51-CS-LONG-2602.11588v1,q09,HI_minus_LI,-0.2583333333333333
text52-CS-LONG-2602.15675v1,q09,HI_minus_LI,-0.5333333333333333
text53-CS-LONG-2603.02012v1,q09,HI_minus_LI,-0.8833333333333333
text54-CS-LONG-2602.23006v1,q09,HI_minus_LI,-0.03333333333333334
text55-CS-LONG-2602.21625v1,q09,HI_minus_LI,0.22499999999999995
text56-CS-LONG-2602.13713v1,q09,HI_minus_LI,-0.8833333333333333
text57-CS-LONG-2603.00079v1,q09,HI_minus_LI,0.025000000000000005
text58-CS-LONG-2603.01023v1,q09,HI_minus_LI,0.025000000000000005
text59-CS-LONG-2602.19401v1,q09,HI_minus_LI,-0.05833333333333334
text60-CS-LONG-2602.18518v1,q09,HI_minus_LI,-0.25000000000000006
text61-PHY-LONG-2602.03885v1,q09,HI_minus_LI,-0.27499999999999997
text62-PHY-LONG-2511.21971v1,q09,HI_minus_LI,-0.5916666666666667
text63-PHY-LONG-2512.18015v1,q09,HI_minus_LI,-0.09166666666666663
text64-PHY-LONG-2602.23683v1,q09,HI_minus_LI,-0.3833333333333333
text65-PHY-LONG-2601.13267v1,q09,HI_minus_LI,-0.5666666666666668
text66-PHY-LONG-2512.24566v1,q09,HI_minus_LI,-0.07500000000000001
text67-PHY-LONG-2602.07636v2,q09,HI_minus_LI,-0.425
text68-PHY-LONG-2512.18130v1,q09,HI_minus_LI,0.15
text69-PHY-LONG-2602.17389v1,q09,HI_minus_LI,-0.1416666666666667
text70-PHY-LONG-2602.08188v1,q09,HI_minus_LI,0.4166666666666666
text71-MATH-LONG-2511.12781v1,q09,HI_minus_LI,-0.16666666666666666
text72-MATH-LONG-2602.06095v1,q09,HI_minus_LI,0.03333333333333334
text73-MATH-LONG-2511.18101v1,q09,HI_minus_LI,0.18333333333333335
text74-MATH-LONG-2512.15978v1,q09,HI_minus_LI,-0.4583333333333333
text75-MATH-LONG-2511.22140v1,q09,HI_minus_LI,0.04999999999999999
text76-MATH-LONG-2602.20441v1,q09,HI_minus_LI,-0.3416666666666666
text77-MATH-LONG-2601.20851v2,q09,HI_minus_LI,-0.5833333333333334
text78-MATH-LONG-2512.17595v1,q09,HI_minus_LI,-0.0833333333333333
text79-MATH-LONG-2512.10129v1,q09,HI_minus_LI,0.20000000000000004
text80-MATH-LONG-2512.10507v1,q09,HI_minus_LI,-0.3
text01-BIO-SHORT-2505.02276v1,q09,HP_minus_LP,-0.27499999999999997
text02-BIO-SHORT-2507.04575v1,q09,HP_minus_LP,0.016666666666666663
text03-BIO-SHORT-2505.11568v3,q09,HP_minus_LP,-0.49166666666666664
text04-BIO-SHORT-2507.08385v1,q09,HP_minus_LP,0.225
text05-BIO-SHORT-2504.10973v1,q09,HP_minus_LP,-0.016666666666666666
text06-BIO-SHORT-2506.14789v1,q09,HP_minus_LP,-0.3
text07-BIO-SHORT-2506.13576v3,q09,HP_minus_LP,-0.325
text08-BIO-SHORT-2503.19923v2,q09,HP_minus_LP,-0.075
text09-BIO-SHORT-2602.00019v1,q09,HP_minus_LP,0.06666666666666667
text10-BIO-SHORT-2506.13817v1,q09,HP_minus_LP,-0.39166666666666666
text11-CS-SHORT-2506.09194v1,q09,HP_minus_LP,-0.05833333333333333
text12-CS-SHORT-2512.19717v1,q09,HP_minus_LP,-0.5416666666666666
text13-CS-SHORT-2510.04124v5,q09,HP_minus_LP,-0.5166666666666666
text14-CS-SHORT-2509.13349v2,q09,HP_minus_LP,-0.12499999999999996
text15-CS-SHORT-2602.03870v1,q09,HP_minus_LP,0.15
text16-CS-SHORT-2509.06033v1,q09,HP_minus_LP,-0.13333333333333333
text17-CS-SHORT-2509.16294v1,q09,HP_minus_LP,-0.10000000000000002
text18-CS-SHORT-2507.09492v1,q09,HP_minus_LP,-0.11666666666666664
text19-CS-SHORT-2509.14600v1,q09,HP_minus_LP,0.041666666666666664
text20-CS-SHORT-2503.14899v1,q09,HP_minus_LP,-0.27499999999999997
text21-PHY-SHORT-2601.23079v1,q09,HP_minus_LP,-0.275
text22-PHY-SHORT-2601.23047v1,q09,HP_minus_LP,-0.10833333333333338
text23-PHY-SHORT-2601.23057v1,q09,HP_minus_LP,-0.425
text24-PHY-SHORT-2509.16741v1,q09,HP_minus_LP,-0.075
text25-PHY-SHORT-2507.08042v1,q09,HP_minus_LP,-0.11666666666666668
text26-PHY-SHORT-2512.23538v1,q09,HP_minus_LP,0.09999999999999998
text27-PHY-SHORT-2510.18500v1,q09,HP_minus_LP,0.05833333333333331
text28-PHY-SHORT-2508.20431v1,q09,HP_minus_LP,-0.24166666666666667
text29-PHY-SHORT-2509.06825v1,q09,HP_minus_LP,-0.44166666666666665
text30-PHY-SHORT-2509.17653v2,q09,HP_minus_LP,-0.225
text31-MATH-SHORT-2511.03536v1,q09,HP_minus_LP,-0.2583333333333333
text32-MATH-SHORT-2603.02088v1,q09,HP_minus_LP,-0.35833333333333334
text33-MATH-SHORT-2512.22134v3,q09,HP_minus_LP,-0.5333333333333333
text34-MATH-SHORT-2509.00532v1,q09,HP_minus_LP,-0.35833333333333334
text35-MATH-SHORT-2512.06844v1,q09,HP_minus_LP,-0.3416666666666666
text36-MATH-SHORT-2503.09380v2,q09,HP_minus_LP,-0.3833333333333333
text37-MATH-SHORT-2510.26426v1,q09,HP_minus_LP,-0.6166666666666667
text38-MATH-SHORT-2512.04101v1,q09,HP_minus_LP,-0.1416666666666667
text39-MATH-SHORT-2506.11609v2,q09,HP_minus_LP,0.008333333333333333
text40-MATH-SHORT-2507.15879v2,q09,HP_minus_LP,-0.2916666666666667
text41-BIO-LONG-2512.06709v1,q09,HP_minus_LP,-0.016666666666666663
text42-BIO-LONG-2503.07104v1,q09,HP_minus_LP,-0.20833333333333334
text43-BIO-LONG-2506.16577v1,q09,HP_minus_LP,-0.3333333333333333
text44-BIO-LONG-2505.20052v1,q09,HP_minus_LP,-0.024999999999999994
text45-BIO-LONG-2507.17897v4,q09,HP_minus_LP,-0.30833333333333335
text46-BIO-LONG-2505.05863v1,q09,HP_minus_LP,0.00833333333333336
text47-BIO-LONG-2505.21094v1,q09,HP_minus_LP,-0.008333333333333331
text48-BIO-LONG-2602.16750v1,q09,HP_minus_LP,-0.4749999999999999
text49-BIO-LONG-2511.10014v1,q09,HP_minus_LP,-0.25
text50-BIO-LONG-2603.01054v1,q09,HP_minus_LP,0.11666666666666665
text51-CS-LONG-2602.11588v1,q09,HP_minus_LP,0.04166666666666666
text52-CS-LONG-2602.15675v1,q09,HP_minus_LP,-0.4833333333333334
text53-CS-LONG-2603.02012v1,q09,HP_minus_LP,-0.6166666666666667
text54-CS-LONG-2602.23006v1,q09,HP_minus_LP,-0.033333333333333326
text55-CS-LONG-2602.21625v1,q09,HP_minus_LP,-0.09166666666666667
text56-CS-LONG-2602.13713v1,q09,HP_minus_LP,0.11666666666666668
text57-CS-LONG-2603.00079v1,q09,HP_minus_LP,-0.17500000000000002
text58-CS-LONG-2603.01023v1,q09,HP_minus_LP,-0.2916666666666667
text59-CS-LONG-2602.19401v1,q09,HP_minus_LP,-0.30833333333333335
text60-CS-LONG-2602.18518v1,q09,HP_minus_LP,-0.23333333333333328
text61-PHY-LONG-2602.03885v1,q09,HP_minus_LP,-0.35833333333333334
text62-PHY-LONG-2511.21971v1,q09,HP_minus_LP,-0.39166666666666666
text63-PHY-LONG-2512.18015v1,q09,HP_minus_LP,-0.00833333333333335
text64-PHY-LONG-2602.23683v1,q09,HP_minus_LP,-0.5166666666666667
text65-PHY-LONG-2601.13267v1,q09,HP_minus_LP,-0.11666666666666665
text66-PHY-LONG-2512.24566v1,q09,HP_minus_LP,0.00833333333333334
text67-PHY-LONG-2602.07636v2,q09,HP_minus_LP,0.20833333333333334
text68-PHY-LONG-2512.18130v1,q09,HP_minus_LP,-0.6333333333333333
text69-PHY-LONG-2602.17389v1,q09,HP_minus_LP,-0.24166666666666667
text70-PHY-LONG-2602.08188v1,q09,HP_minus_LP,0.06666666666666667
text71-MATH-LONG-2511.12781v1,q09,HP_minus_LP,-0.08333333333333333
text72-MATH-LONG-2602.06095v1,q09,HP_minus_LP,-0.03333333333333333
text73-MATH-LONG-2511.18101v1,q09,HP_minus_LP,0.18333333333333335
text74-MATH-LONG-2512.15978v1,q09,HP_minus_LP,-0.00833333333333334
text75-MATH-LONG-2511.22140v1,q09,HP_minus_LP,-0.01666666666666668
text76-MATH-LONG-2602.20441v1,q09,HP_minus_LP,-0.3416666666666666
text77-MATH-LONG-2601.20851v2,q09,HP_minus_LP,-0.3
text78-MATH-LONG-2512.17595v1,q09,HP_minus_LP,-0.13333333333333336
text79-MATH-LONG-2512.10129v1,q09,HP_minus_LP,-0.20000000000000004
text80-MATH-LONG-2512.10507v1,q09,HP_minus_LP,-0.11666666666666665
text01-BIO-SHORT-2505.02276v1,q09,Name_x_Inst,0.2833333333333334
text02-BIO-SHORT-2507.04575v1,q09,Name_x_Inst,-0.06666666666666665
text03-BIO-SHORT-2505.11568v3,q09,Name_x_Inst,0.55
text04-BIO-SHORT-2507.08385v1,q09,Name_x_Inst,-0.01666666666666668
text05-BIO-SHORT-2504.10973v1,q09,Name_x_Inst,-0.10000000000000002
text06-BIO-SHORT-2506.14789v1,q09,Name_x_Inst,0.26666666666666666
text07-BIO-SHORT-2506.13576v3,q09,Name_x_Inst,0.11666666666666665
text08-BIO-SHORT-2503.19923v2,q09,Name_x_Inst,-0.08333333333333333
text09-BIO-SHORT-2602.00019v1,q09,Name_x_Inst,0.06666666666666664
text10-BIO-SHORT-2506.13817v1,q09,Name_x_Inst,-0.4166666666666667
text11-CS-SHORT-2506.09194v1,q09,Name_x_Inst,-0.016666666666666666
text12-CS-SHORT-2512.19717v1,q09,Name_x_Inst,0.08333333333333333
text13-CS-SHORT-2510.04124v5,q09,Name_x_Inst,0.16666666666666666
text14-CS-SHORT-2509.13349v2,q09,Name_x_Inst,0.4166666666666666
text15-CS-SHORT-2602.03870v1,q09,Name_x_Inst,-0.6333333333333333
text16-CS-SHORT-2509.06033v1,q09,Name_x_Inst,0.20000000000000004
text17-CS-SHORT-2509.16294v1,q09,Name_x_Inst,0.03333333333333333
text18-CS-SHORT-2507.09492v1,q09,Name_x_Inst,-0.3333333333333333
text19-CS-SHORT-2509.14600v1,q09,Name_x_Inst,0.0166666666666667
text20-CS-SHORT-2503.14899v1,q09,Name_x_Inst,0.5833333333333334
text21-PHY-SHORT-2601.23079v1,q09,Name_x_Inst,-0.15
text22-PHY-SHORT-2601.23047v1,q09,Name_x_Inst,0.2166666666666667
text23-PHY-SHORT-2601.23057v1,q09,Name_x_Inst,0.08333333333333333
text24-PHY-SHORT-2509.16741v1,q09,Name_x_Inst,0.016666666666666673
text25-PHY-SHORT-2507.08042v1,q09,Name_x_Inst,-7.401486830834377e-17
text26-PHY-SHORT-2512.23538v1,q09,Name_x_Inst,0.3666666666666667
text27-PHY-SHORT-2510.18500v1,q09,Name_x_Inst,-0.01666666666666668
text28-PHY-SHORT-2508.20431v1,q09,Name_x_Inst,0.04999999999999999
text29-PHY-SHORT-2509.06825v1,q09,Name_x_Inst,0.21666666666666667
text30-PHY-SHORT-2509.17653v2,q09,Name_x_Inst,-0.21666666666666667
text31-MATH-SHORT-2511.03536v1,q09,Name_x_Inst,-0.08333333333333333
text32-MATH-SHORT-2603.02088v1,q09,Name_x_Inst,-0.11666666666666668
text33-MATH-SHORT-2512.22134v3,q09,Name_x_Inst,-0.16666666666666666
text34-MATH-SHORT-2509.00532v1,q09,Name_x_Inst,-0.15
text35-MATH-SHORT-2512.06844v1,q09,Name_x_Inst,-0.21666666666666667
text36-MATH-SHORT-2503.09380v2,q09,Name_x_Inst,0.5333333333333333
text37-MATH-SHORT-2510.26426v1,q09,Name_x_Inst,-0.03333333333333335
text38-MATH-SHORT-2512.04101v1,q09,Name_x_Inst,0.08333333333333336
text39-MATH-SHORT-2506.11609v2,q09,Name_x_Inst,0.04999999999999999
text40-MATH-SHORT-2507.15879v2,q09,Name_x_Inst,0.18333333333333332
text41-BIO-LONG-2512.06709v1,q09,Name_x_Inst,-0.3
text42-BIO-LONG-2503.07104v1,q09,Name_x_Inst,0.25
text43-BIO-LONG-2506.16577v1,q09,Name_x_Inst,-0.4666666666666666
text44-BIO-LONG-2505.20052v1,q09,Name_x_Inst,0.04999999999999997
text45-BIO-LONG-2507.17897v4,q09,Name_x_Inst,0.18333333333333335
text46-BIO-LONG-2505.05863v1,q09,Name_x_Inst,-0.31666666666666665
text47-BIO-LONG-2505.21094v1,q09,Name_x_Inst,0.7166666666666667
text48-BIO-LONG-2602.16750v1,q09,Name_x_Inst,-0.45
text49-BIO-LONG-2511.10014v1,q09,Name_x_Inst,0.23333333333333328
text50-BIO-LONG-2603.01054v1,q09,Name_x_Inst,0.06666666666666667
text51-CS-LONG-2602.11588v1,q09,Name_x_Inst,-0.7166666666666667
text52-CS-LONG-2602.15675v1,q09,Name_x_Inst,0.20000000000000004
text53-CS-LONG-2603.02012v1,q09,Name_x_Inst,-0.06666666666666661
text54-CS-LONG-2602.23006v1,q09,Name_x_Inst,-0.13333333333333333
text55-CS-LONG-2602.21625v1,q09,Name_x_Inst,0.15
text56-CS-LONG-2602.13713v1,q09,Name_x_Inst,-0.10000000000000002
text57-CS-LONG-2603.00079v1,q09,Name_x_Inst,-0.016666666666666673
text58-CS-LONG-2603.01023v1,q09,Name_x_Inst,0.05000000000000001
text59-CS-LONG-2602.19401v1,q09,Name_x_Inst,0.45
text60-CS-LONG-2602.18518v1,q09,Name_x_Inst,-0.03333333333333336
text61-PHY-LONG-2602.03885v1,q09,Name_x_Inst,-0.25
text62-PHY-LONG-2511.21971v1,q09,Name_x_Inst,-0.016666666666666646
text63-PHY-LONG-2512.18015v1,q09,Name_x_Inst,-0.2833333333333334
text64-PHY-LONG-2602.23683v1,q09,Name_x_Inst,0.0666666666666667
text65-PHY-LONG-2601.13267v1,q09,Name_x_Inst,0.6
text66-PHY-LONG-2512.24566v1,q09,Name_x_Inst,-0.11666666666666665
text67-PHY-LONG-2602.07636v2,q09,Name_x_Inst,0.08333333333333326
text68-PHY-LONG-2512.18130v1,q09,Name_x_Inst,0.26666666666666666
text69-PHY-LONG-2602.17389v1,q09,Name_x_Inst,0.3499999999999999
text70-PHY-LONG-2602.08188v1,q09,Name_x_Inst,0.4333333333333334
text71-MATH-LONG-2511.12781v1,q09,Name_x_Inst,0.19999999999999998
text72-MATH-LONG-2602.06095v1,q09,Name_x_Inst,0.16666666666666666
text73-MATH-LONG-2511.18101v1,q09,Name_x_Inst,0.13333333333333333
text74-MATH-LONG-2512.15978v1,q09,Name_x_Inst,0.18333333333333335
text75-MATH-LONG-2511.22140v1,q09,Name_x_Inst,-0.23333333333333336
text76-MATH-LONG-2602.20441v1,q09,Name_x_Inst,-0.2833333333333334
text77-MATH-LONG-2601.20851v2,q09,Name_x_Inst,-0.5333333333333333
text78-MATH-LONG-2512.17595v1,q09,Name_x_Inst,-0.1666666666666667
text79-MATH-LONG-2512.10129v1,q09,Name_x_Inst,0.19999999999999998
text80-MATH-LONG-2512.10507v1,q09,Name_x_Inst,-0.16666666666666666
text01-BIO-SHORT-2505.02276v1,q09,Name_x_Bibliometrics,0.04999999999999997
text02-BIO-SHORT-2507.04575v1,q09,Name_x_Bibliometrics,0.06666666666666667
text03-BIO-SHORT-2505.11568v3,q09,Name_x_Bibliometrics,0.14999999999999994
text04-BIO-SHORT-2507.08385v1,q09,Name_x_Bibliometrics,0.15
text05-BIO-SHORT-2504.10973v1,q09,Name_x_Bibliometrics,0.16666666666666666
text06-BIO-SHORT-2506.14789v1,q09,Name_x_Bibliometrics,-0.2333333333333334
text07-BIO-SHORT-2506.13576v3,q09,Name_x_Bibliometrics,0.18333333333333335
text08-BIO-SHORT-2503.19923v2,q09,Name_x_Bibliometrics,-0.11666666666666665
text09-BIO-SHORT-2602.00019v1,q09,Name_x_Bibliometrics,-0.5
text10-BIO-SHORT-2506.13817v1,q09,Name_x_Bibliometrics,-0.21666666666666665
text11-CS-SHORT-2506.09194v1,q09,Name_x_Bibliometrics,0.016666666666666673
text12-CS-SHORT-2512.19717v1,q09,Name_x_Bibliometrics,-0.15
text13-CS-SHORT-2510.04124v5,q09,Name_x_Bibliometrics,-0.26666666666666666
text14-CS-SHORT-2509.13349v2,q09,Name_x_Bibliometrics,-0.14999999999999994
text15-CS-SHORT-2602.03870v1,q09,Name_x_Bibliometrics,0.23333333333333328
text16-CS-SHORT-2509.06033v1,q09,Name_x_Bibliometrics,-0.13333333333333333
text17-CS-SHORT-2509.16294v1,q09,Name_x_Bibliometrics,0.03333333333333335
text18-CS-SHORT-2507.09492v1,q09,Name_x_Bibliometrics,0.6
text19-CS-SHORT-2509.14600v1,q09,Name_x_Bibliometrics,0.016666666666666687
text20-CS-SHORT-2503.14899v1,q09,Name_x_Bibliometrics,-0.05000000000000002
text21-PHY-SHORT-2601.23079v1,q09,Name_x_Bibliometrics,0.24999999999999997
text22-PHY-SHORT-2601.23047v1,q09,Name_x_Bibliometrics,0.3833333333333333
text23-PHY-SHORT-2601.23057v1,q09,Name_x_Bibliometrics,-0.18333333333333335
text24-PHY-SHORT-2509.16741v1,q09,Name_x_Bibliometrics,0.05000000000000002
text25-PHY-SHORT-2507.08042v1,q09,Name_x_Bibliometrics,0.0
text26-PHY-SHORT-2512.23538v1,q09,Name_x_Bibliometrics,-0.03333333333333329
text27-PHY-SHORT-2510.18500v1,q09,Name_x_Bibliometrics,0.48333333333333334
text28-PHY-SHORT-2508.20431v1,q09,Name_x_Bibliometrics,-0.016666666666666687
text29-PHY-SHORT-2509.06825v1,q09,Name_x_Bibliometrics,-0.3833333333333333
text30-PHY-SHORT-2509.17653v2,q09,Name_x_Bibliometrics,0.7166666666666665
text31-MATH-SHORT-2511.03536v1,q09,Name_x_Bibliometrics,0.08333333333333333
text32-MATH-SHORT-2603.02088v1,q09,Name_x_Bibliometrics,-0.11666666666666665
text33-MATH-SHORT-2512.22134v3,q09,Name_x_Bibliometrics,-0.16666666666666666
text34-MATH-SHORT-2509.00532v1,q09,Name_x_Bibliometrics,0.016666666666666673
text35-MATH-SHORT-2512.06844v1,q09,Name_x_Bibliometrics,0.11666666666666665
text36-MATH-SHORT-2503.09380v2,q09,Name_x_Bibliometrics,0.5666666666666667
text37-MATH-SHORT-2510.26426v1,q09,Name_x_Bibliometrics,0.30000000000000004
text38-MATH-SHORT-2512.04101v1,q09,Name_x_Bibliometrics,0.15
text39-MATH-SHORT-2506.11609v2,q09,Name_x_Bibliometrics,-0.15
text40-MATH-SHORT-2507.15879v2,q09,Name_x_Bibliometrics,0.11666666666666668
text41-BIO-LONG-2512.06709v1,q09,Name_x_Bibliometrics,-0.06666666666666665
text42-BIO-LONG-2503.07104v1,q09,Name_x_Bibliometrics,-0.35000000000000003
text43-BIO-LONG-2506.16577v1,q09,Name_x_Bibliometrics,0.06666666666666665
text44-BIO-LONG-2505.20052v1,q09,Name_x_Bibliometrics,0.016666666666666646
text45-BIO-LONG-2507.17897v4,q09,Name_x_Bibliometrics,-0.21666666666666665
text46-BIO-LONG-2505.05863v1,q09,Name_x_Bibliometrics,0.4166666666666667
text47-BIO-LONG-2505.21094v1,q09,Name_x_Bibliometrics,0.016666666666666663
text48-BIO-LONG-2602.16750v1,q09,Name_x_Bibliometrics,0.05000000000000001
text49-BIO-LONG-2511.10014v1,q09,Name_x_Bibliometrics,-0.03333333333333332
text50-BIO-LONG-2603.01054v1,q09,Name_x_Bibliometrics,-0.13333333333333333
text51-CS-LONG-2602.11588v1,q09,Name_x_Bibliometrics,-0.11666666666666665
text52-CS-LONG-2602.15675v1,q09,Name_x_Bibliometrics,0.4333333333333333
text53-CS-LONG-2603.02012v1,q09,Name_x_Bibliometrics,0.4666666666666666
text54-CS-LONG-2602.23006v1,q09,Name_x_Bibliometrics,0.8666666666666667
text55-CS-LONG-2602.21625v1,q09,Name_x_Bibliometrics,0.050000000000000024
text56-CS-LONG-2602.13713v1,q09,Name_x_Bibliometrics,-0.033333333333333305
text57-CS-LONG-2603.00079v1,q09,Name_x_Bibliometrics,-0.08333333333333329
text58-CS-LONG-2603.01023v1,q09,Name_x_Bibliometrics,-0.65
text59-CS-LONG-2602.19401v1,q09,Name_x_Bibliometrics,-0.11666666666666665
text60-CS-LONG-2602.18518v1,q09,Name_x_Bibliometrics,-0.19999999999999998
text61-PHY-LONG-2602.03885v1,q09,Name_x_Bibliometrics,0.049999999999999996
text62-PHY-LONG-2511.21971v1,q09,Name_x_Bibliometrics,0.18333333333333335
text63-PHY-LONG-2512.18015v1,q09,Name_x_Bibliometrics,0.0833333333333333
text64-PHY-LONG-2602.23683v1,q09,Name_x_Bibliometrics,-0.19999999999999998
text65-PHY-LONG-2601.13267v1,q09,Name_x_Bibliometrics,-0.10000000000000002
text66-PHY-LONG-2512.24566v1,q09,Name_x_Bibliometrics,-0.016666666666666673
text67-PHY-LONG-2602.07636v2,q09,Name_x_Bibliometrics,-0.11666666666666671
text68-PHY-LONG-2512.18130v1,q09,Name_x_Bibliometrics,0.2333333333333334
text69-PHY-LONG-2602.17389v1,q09,Name_x_Bibliometrics,0.21666666666666667
text70-PHY-LONG-2602.08188v1,q09,Name_x_Bibliometrics,-0.19999999999999996
text71-MATH-LONG-2511.12781v1,q09,Name_x_Bibliometrics,0.03333333333333335
text72-MATH-LONG-2602.06095v1,q09,Name_x_Bibliometrics,0.5
text73-MATH-LONG-2511.18101v1,q09,Name_x_Bibliometrics,-0.6666666666666666
text74-MATH-LONG-2512.15978v1,q09,Name_x_Bibliometrics,0.01666666666666668
text75-MATH-LONG-2511.22140v1,q09,Name_x_Bibliometrics,0.10000000000000002
text76-MATH-LONG-2602.20441v1,q09,Name_x_Bibliometrics,-0.3500000000000001
text77-MATH-LONG-2601.20851v2,q09,Name_x_Bibliometrics,0.1666666666666667
text78-MATH-LONG-2512.17595v1,q09,Name_x_Bibliometrics,-0.19999999999999998
text79-MATH-LONG-2512.10129v1,q09,Name_x_Bibliometrics,0.13333333333333333
text80-MATH-LONG-2512.10507v1,q09,Name_x_Bibliometrics,-0.3333333333333333
text01-BIO-SHORT-2505.02276v1,q09,Inst_x_Bibliometrics,-0.08333333333333331
text02-BIO-SHORT-2507.04575v1,q09,Inst_x_Bibliometrics,0.13333333333333333
text03-BIO-SHORT-2505.11568v3,q09,Inst_x_Bibliometrics,-0.049999999999999954
text04-BIO-SHORT-2507.08385v1,q09,Inst_x_Bibliometrics,-0.45
text05-BIO-SHORT-2504.10973v1,q09,Inst_x_Bibliometrics,-9.25185853854297e-18
text06-BIO-SHORT-2506.14789v1,q09,Inst_x_Bibliometrics,5.551115123125783e-17
text07-BIO-SHORT-2506.13576v3,q09,Inst_x_Bibliometrics,0.7833333333333333
text08-BIO-SHORT-2503.19923v2,q09,Inst_x_Bibliometrics,-0.11666666666666665
text09-BIO-SHORT-2602.00019v1,q09,Inst_x_Bibliometrics,0.09999999999999998
text10-BIO-SHORT-2506.13817v1,q09,Inst_x_Bibliometrics,0.6166666666666666
text11-CS-SHORT-2506.09194v1,q09,Inst_x_Bibliometrics,-0.11666666666666665
text12-CS-SHORT-2512.19717v1,q09,Inst_x_Bibliometrics,0.48333333333333334
text13-CS-SHORT-2510.04124v5,q09,Inst_x_Bibliometrics,0.033333333333333326
text14-CS-SHORT-2509.13349v2,q09,Inst_x_Bibliometrics,0.6499999999999999
text15-CS-SHORT-2602.03870v1,q09,Inst_x_Bibliometrics,0.5666666666666668
text16-CS-SHORT-2509.06033v1,q09,Inst_x_Bibliometrics,0.20000000000000004
text17-CS-SHORT-2509.16294v1,q09,Inst_x_Bibliometrics,0.20000000000000004
text18-CS-SHORT-2507.09492v1,q09,Inst_x_Bibliometrics,-0.30000000000000004
text19-CS-SHORT-2509.14600v1,q09,Inst_x_Bibliometrics,-0.11666666666666664
text20-CS-SHORT-2503.14899v1,q09,Inst_x_Bibliometrics,-0.45
text21-PHY-SHORT-2601.23079v1,q09,Inst_x_Bibliometrics,-0.016666666666666607
text22-PHY-SHORT-2601.23047v1,q09,Inst_x_Bibliometrics,-0.15
text23-PHY-SHORT-2601.23057v1,q09,Inst_x_Bibliometrics,0.3499999999999999
text24-PHY-SHORT-2509.16741v1,q09,Inst_x_Bibliometrics,-0.08333333333333336
text25-PHY-SHORT-2507.08042v1,q09,Inst_x_Bibliometrics,-0.5
text26-PHY-SHORT-2512.23538v1,q09,Inst_x_Bibliometrics,0.10000000000000005
text27-PHY-SHORT-2510.18500v1,q09,Inst_x_Bibliometrics,-0.4166666666666667
text28-PHY-SHORT-2508.20431v1,q09,Inst_x_Bibliometrics,0.05000000000000008
text29-PHY-SHORT-2509.06825v1,q09,Inst_x_Bibliometrics,-0.18333333333333332
text30-PHY-SHORT-2509.17653v2,q09,Inst_x_Bibliometrics,-0.24999999999999992
text31-MATH-SHORT-2511.03536v1,q09,Inst_x_Bibliometrics,-0.3833333333333333
text32-MATH-SHORT-2603.02088v1,q09,Inst_x_Bibliometrics,-0.25
text33-MATH-SHORT-2512.22134v3,q09,Inst_x_Bibliometrics,-0.033333333333333305
text34-MATH-SHORT-2509.00532v1,q09,Inst_x_Bibliometrics,0.21666666666666665
text35-MATH-SHORT-2512.06844v1,q09,Inst_x_Bibliometrics,1.0166666666666666
text36-MATH-SHORT-2503.09380v2,q09,Inst_x_Bibliometrics,0.39999999999999997
text37-MATH-SHORT-2510.26426v1,q09,Inst_x_Bibliometrics,0.09999999999999999
text38-MATH-SHORT-2512.04101v1,q09,Inst_x_Bibliometrics,-0.016666666666666663
text39-MATH-SHORT-2506.11609v2,q09,Inst_x_Bibliometrics,0.08333333333333331
text40-MATH-SHORT-2507.15879v2,q09,Inst_x_Bibliometrics,0.4166666666666667
text41-BIO-LONG-2512.06709v1,q09,Inst_x_Bibliometrics,0.13333333333333333
text42-BIO-LONG-2503.07104v1,q09,Inst_x_Bibliometrics,0.08333333333333337
text43-BIO-LONG-2506.16577v1,q09,Inst_x_Bibliometrics,0.09999999999999998
text44-BIO-LONG-2505.20052v1,q09,Inst_x_Bibliometrics,-0.5499999999999999
text45-BIO-LONG-2507.17897v4,q09,Inst_x_Bibliometrics,0.35000000000000003
text46-BIO-LONG-2505.05863v1,q09,Inst_x_Bibliometrics,0.45
text47-BIO-LONG-2505.21094v1,q09,Inst_x_Bibliometrics,0.3499999999999999
text48-BIO-LONG-2602.16750v1,q09,Inst_x_Bibliometrics,0.2833333333333334
text49-BIO-LONG-2511.10014v1,q09,Inst_x_Bibliometrics,0.6333333333333333
text50-BIO-LONG-2603.01054v1,q09,Inst_x_Bibliometrics,1.850371707708594e-17
text51-CS-LONG-2602.11588v1,q09,Inst_x_Bibliometrics,-0.01666666666666669
text52-CS-LONG-2602.15675v1,q09,Inst_x_Bibliometrics,-0.23333333333333336
text53-CS-LONG-2603.02012v1,q09,Inst_x_Bibliometrics,1.0333333333333334
text54-CS-LONG-2602.23006v1,q09,Inst_x_Bibliometrics,-0.06666666666666665
text55-CS-LONG-2602.21625v1,q09,Inst_x_Bibliometrics,0.41666666666666674
text56-CS-LONG-2602.13713v1,q09,Inst_x_Bibliometrics,0.3
text57-CS-LONG-2603.00079v1,q09,Inst_x_Bibliometrics,0.016666666666666646
text58-CS-LONG-2603.01023v1,q09,Inst_x_Bibliometrics,-0.050000000000000024
text59-CS-LONG-2602.19401v1,q09,Inst_x_Bibliometrics,0.08333333333333336
text60-CS-LONG-2602.18518v1,q09,Inst_x_Bibliometrics,-0.5000000000000001
text61-PHY-LONG-2602.03885v1,q09,Inst_x_Bibliometrics,-0.3166666666666667
text62-PHY-LONG-2511.21971v1,q09,Inst_x_Bibliometrics,-0.44999999999999996
text63-PHY-LONG-2512.18015v1,q09,Inst_x_Bibliometrics,0.15000000000000002
text64-PHY-LONG-2602.23683v1,q09,Inst_x_Bibliometrics,0.7666666666666666
text65-PHY-LONG-2601.13267v1,q09,Inst_x_Bibliometrics,-0.36666666666666664
text66-PHY-LONG-2512.24566v1,q09,Inst_x_Bibliometrics,0.08333333333333333
text67-PHY-LONG-2602.07636v2,q09,Inst_x_Bibliometrics,0.01666666666666668
text68-PHY-LONG-2512.18130v1,q09,Inst_x_Bibliometrics,0.19999999999999996
text69-PHY-LONG-2602.17389v1,q09,Inst_x_Bibliometrics,0.3499999999999999
text70-PHY-LONG-2602.08188v1,q09,Inst_x_Bibliometrics,0.10000000000000002
text71-MATH-LONG-2511.12781v1,q09,Inst_x_Bibliometrics,-0.19999999999999998
text72-MATH-LONG-2602.06095v1,q09,Inst_x_Bibliometrics,0.43333333333333335
text73-MATH-LONG-2511.18101v1,q09,Inst_x_Bibliometrics,-0.5666666666666665
text74-MATH-LONG-2512.15978v1,q09,Inst_x_Bibliometrics,0.08333333333333333
text75-MATH-LONG-2511.22140v1,q09,Inst_x_Bibliometrics,0.5
text76-MATH-LONG-2602.20441v1,q09,Inst_x_Bibliometrics,0.55
text77-MATH-LONG-2601.20851v2,q09,Inst_x_Bibliometrics,0.3999999999999999
text78-MATH-LONG-2512.17595v1,q09,Inst_x_Bibliometrics,0.20000000000000007
text79-MATH-LONG-2512.10129v1,q09,Inst_x_Bibliometrics,-0.5
text80-MATH-LONG-2512.10507v1,q09,Inst_x_Bibliometrics,-0.2333333333333333
text01-BIO-SHORT-2505.02276v1,q10,BF_minus_WM,0.11666666666666668
text02-BIO-SHORT-2507.04575v1,q10,BF_minus_WM,0.05833333333333331
text03-BIO-SHORT-2505.11568v3,q10,BF_minus_WM,0.2833333333333333
text04-BIO-SHORT-2507.08385v1,q10,BF_minus_WM,-0.00833333333333335
text05-BIO-SHORT-2504.10973v1,q10,BF_minus_WM,-0.05000000000000001
text06-BIO-SHORT-2506.14789v1,q10,BF_minus_WM,-0.15833333333333333
text07-BIO-SHORT-2506.13576v3,q10,BF_minus_WM,0.16666666666666666
text08-BIO-SHORT-2503.19923v2,q10,BF_minus_WM,-0.16666666666666666
text09-BIO-SHORT-2602.00019v1,q10,BF_minus_WM,0.15833333333333335
text10-BIO-SHORT-2506.13817v1,q10,BF_minus_WM,-0.008333333333333331
text11-CS-SHORT-2506.09194v1,q10,BF_minus_WM,0.20833333333333334
text12-CS-SHORT-2512.19717v1,q10,BF_minus_WM,9.25185853854297e-18
text13-CS-SHORT-2510.04124v5,q10,BF_minus_WM,0.30833333333333335
text14-CS-SHORT-2509.13349v2,q10,BF_minus_WM,0.2333333333333333
text15-CS-SHORT-2602.03870v1,q10,BF_minus_WM,0.15833333333333333
text16-CS-SHORT-2509.06033v1,q10,BF_minus_WM,-0.049999999999999996
text17-CS-SHORT-2509.16294v1,q10,BF_minus_WM,-0.049999999999999996
text18-CS-SHORT-2507.09492v1,q10,BF_minus_WM,0.11666666666666668
text19-CS-SHORT-2509.14600v1,q10,BF_minus_WM,0.3833333333333333
text20-CS-SHORT-2503.14899v1,q10,BF_minus_WM,0.16666666666666666
text21-PHY-SHORT-2601.23079v1,q10,BF_minus_WM,-0.09999999999999999
text22-PHY-SHORT-2601.23047v1,q10,BF_minus_WM,0.11666666666666668
text23-PHY-SHORT-2601.23057v1,q10,BF_minus_WM,0.04166666666666669
text24-PHY-SHORT-2509.16741v1,q10,BF_minus_WM,-0.07499999999999998
text25-PHY-SHORT-2507.08042v1,q10,BF_minus_WM,0.008333333333333331
text26-PHY-SHORT-2512.23538v1,q10,BF_minus_WM,0.3083333333333333
text27-PHY-SHORT-2510.18500v1,q10,BF_minus_WM,0.06666666666666667
text28-PHY-SHORT-2508.20431v1,q10,BF_minus_WM,0.08333333333333333
text29-PHY-SHORT-2509.06825v1,q10,BF_minus_WM,0.016666666666666663
text30-PHY-SHORT-2509.17653v2,q10,BF_minus_WM,0.125
text31-MATH-SHORT-2511.03536v1,q10,BF_minus_WM,-0.07500000000000001
text32-MATH-SHORT-2603.02088v1,q10,BF_minus_WM,0.07500000000000001
text33-MATH-SHORT-2512.22134v3,q10,BF_minus_WM,0.075
text34-MATH-SHORT-2509.00532v1,q10,BF_minus_WM,-0.425
text35-MATH-SHORT-2512.06844v1,q10,BF_minus_WM,-0.05833333333333331
text36-MATH-SHORT-2503.09380v2,q10,BF_minus_WM,0.20833333333333337
text37-MATH-SHORT-2510.26426v1,q10,BF_minus_WM,0.21666666666666665
text38-MATH-SHORT-2512.04101v1,q10,BF_minus_WM,-0.15000000000000002
text39-MATH-SHORT-2506.11609v2,q10,BF_minus_WM,0.31666666666666665
text40-MATH-SHORT-2507.15879v2,q10,BF_minus_WM,-0.025000000000000005
text41-BIO-LONG-2512.06709v1,q10,BF_minus_WM,-0.13333333333333333
text42-BIO-LONG-2503.07104v1,q10,BF_minus_WM,-0.016666666666666663
text43-BIO-LONG-2506.16577v1,q10,BF_minus_WM,0.3416666666666666
text44-BIO-LONG-2505.20052v1,q10,BF_minus_WM,0.09166666666666663
text45-BIO-LONG-2507.17897v4,q10,BF_minus_WM,0.2916666666666667
text46-BIO-LONG-2505.05863v1,q10,BF_minus_WM,0.008333333333333331
text47-BIO-LONG-2505.21094v1,q10,BF_minus_WM,0.033333333333333326
text48-BIO-LONG-2602.16750v1,q10,BF_minus_WM,0.16666666666666666
text49-BIO-LONG-2511.10014v1,q10,BF_minus_WM,-0.025000000000000012
text50-BIO-LONG-2603.01054v1,q10,BF_minus_WM,-0.03333333333333335
text51-CS-LONG-2602.11588v1,q10,BF_minus_WM,0.008333333333333331
text52-CS-LONG-2602.15675v1,q10,BF_minus_WM,0.125
text53-CS-LONG-2603.02012v1,q10,BF_minus_WM,0.041666666666666664
text54-CS-LONG-2602.23006v1,q10,BF_minus_WM,-0.3333333333333333
text55-CS-LONG-2602.21625v1,q10,BF_minus_WM,0.19166666666666668
text56-CS-LONG-2602.13713v1,q10,BF_minus_WM,-0.025000000000000005
text57-CS-LONG-2603.00079v1,q10,BF_minus_WM,0.125
text58-CS-LONG-2603.01023v1,q10,BF_minus_WM,0.10833333333333332
text59-CS-LONG-2602.19401v1,q10,BF_minus_WM,0.075
text60-CS-LONG-2602.18518v1,q10,BF_minus_WM,0.07499999999999997
text61-PHY-LONG-2602.03885v1,q10,BF_minus_WM,0.024999999999999998
text62-PHY-LONG-2511.21971v1,q10,BF_minus_WM,0.21666666666666667
text63-PHY-LONG-2512.18015v1,q10,BF_minus_WM,0.16666666666666666
text64-PHY-LONG-2602.23683v1,q10,BF_minus_WM,0.04166666666666668
text65-PHY-LONG-2601.13267v1,q10,BF_minus_WM,0.033333333333333326
text66-PHY-LONG-2512.24566v1,q10,BF_minus_WM,0.025000000000000005
text67-PHY-LONG-2602.07636v2,q10,BF_minus_WM,0.31666666666666665
text68-PHY-LONG-2512.18130v1,q10,BF_minus_WM,-0.041666666666666664
text69-PHY-LONG-2602.17389v1,q10,BF_minus_WM,0.10833333333333334
text70-PHY-LONG-2602.08188v1,q10,BF_minus_WM,-0.008333333333333337
text71-MATH-LONG-2511.12781v1,q10,BF_minus_WM,0.16666666666666666
text72-MATH-LONG-2602.06095v1,q10,BF_minus_WM,0.09166666666666666
text73-MATH-LONG-2511.18101v1,q10,BF_minus_WM,-0.08333333333333333
text74-MATH-LONG-2512.15978v1,q10,BF_minus_WM,-0.024999999999999994
text75-MATH-LONG-2511.22140v1,q10,BF_minus_WM,0.17499999999999996
text76-MATH-LONG-2602.20441v1,q10,BF_minus_WM,0.06666666666666668
text77-MATH-LONG-2601.20851v2,q10,BF_minus_WM,-0.2416666666666667
text78-MATH-LONG-2512.17595v1,q10,BF_minus_WM,0.09166666666666667
text79-MATH-LONG-2512.10129v1,q10,BF_minus_WM,0.049999999999999996
text80-MATH-LONG-2512.10507v1,q10,BF_minus_WM,0.04166666666666665
text01-BIO-SHORT-2505.02276v1,q10,HI_minus_LI,0.05000000000000001
text02-BIO-SHORT-2507.04575v1,q10,HI_minus_LI,0.024999999999999998
text03-BIO-SHORT-2505.11568v3,q10,HI_minus_LI,0.19999999999999998
text04-BIO-SHORT-2507.08385v1,q10,HI_minus_LI,0.008333333333333323
text05-BIO-SHORT-2504.10973v1,q10,HI_minus_LI,-0.10000000000000002
text06-BIO-SHORT-2506.14789v1,q10,HI_minus_LI,0.14166666666666666
text07-BIO-SHORT-2506.13576v3,q10,HI_minus_LI,-0.16666666666666666
text08-BIO-SHORT-2503.19923v2,q10,HI_minus_LI,0.15
text09-BIO-SHORT-2602.00019v1,q10,HI_minus_LI,0.04166666666666666
text10-BIO-SHORT-2506.13817v1,q10,HI_minus_LI,0.09166666666666667
text11-CS-SHORT-2506.09194v1,q10,HI_minus_LI,-0.225
text12-CS-SHORT-2512.19717v1,q10,HI_minus_LI,0.18333333333333335
text13-CS-SHORT-2510.04124v5,q10,HI_minus_LI,-0.17500000000000002
text14-CS-SHORT-2509.13349v2,q10,HI_minus_LI,0.16666666666666666
text15-CS-SHORT-2602.03870v1,q10,HI_minus_LI,-0.10833333333333334
text16-CS-SHORT-2509.06033v1,q10,HI_minus_LI,0.03333333333333335
text17-CS-SHORT-2509.16294v1,q10,HI_minus_LI,-0.016666666666666663
text18-CS-SHORT-2507.09492v1,q10,HI_minus_LI,-0.3833333333333333
text19-CS-SHORT-2509.14600v1,q10,HI_minus_LI,-0.10000000000000002
text20-CS-SHORT-2503.14899v1,q10,HI_minus_LI,-0.050000000000000044
text21-PHY-SHORT-2601.23079v1,q10,HI_minus_LI,-0.08333333333333333
text22-PHY-SHORT-2601.23047v1,q10,HI_minus_LI,-0.08333333333333333
text23-PHY-SHORT-2601.23057v1,q10,HI_minus_LI,-0.20833333333333334
text24-PHY-SHORT-2509.16741v1,q10,HI_minus_LI,0.008333333333333337
text25-PHY-SHORT-2507.08042v1,q10,HI_minus_LI,-0.04166666666666666
text26-PHY-SHORT-2512.23538v1,q10,HI_minus_LI,0.17500000000000002
text27-PHY-SHORT-2510.18500v1,q10,HI_minus_LI,-0.03333333333333332
text28-PHY-SHORT-2508.20431v1,q10,HI_minus_LI,0.016666666666666673
text29-PHY-SHORT-2509.06825v1,q10,HI_minus_LI,-0.10000000000000002
text30-PHY-SHORT-2509.17653v2,q10,HI_minus_LI,-0.19166666666666668
text31-MATH-SHORT-2511.03536v1,q10,HI_minus_LI,-0.125
text32-MATH-SHORT-2603.02088v1,q10,HI_minus_LI,-0.024999999999999994
text33-MATH-SHORT-2512.22134v3,q10,HI_minus_LI,-0.19166666666666665
text34-MATH-SHORT-2509.00532v1,q10,HI_minus_LI,0.25833333333333336
text35-MATH-SHORT-2512.06844v1,q10,HI_minus_LI,-0.42500000000000004
text36-MATH-SHORT-2503.09380v2,q10,HI_minus_LI,-0.00833333333333334
text37-MATH-SHORT-2510.26426v1,q10,HI_minus_LI,0.19999999999999998
text38-MATH-SHORT-2512.04101v1,q10,HI_minus_LI,0.23333333333333336
text39-MATH-SHORT-2506.11609v2,q10,HI_minus_LI,0.18333333333333335
text40-MATH-SHORT-2507.15879v2,q10,HI_minus_LI,-0.09166666666666667
text41-BIO-LONG-2512.06709v1,q10,HI_minus_LI,-0.35000000000000003
text42-BIO-LONG-2503.07104v1,q10,HI_minus_LI,0.0
text43-BIO-LONG-2506.16577v1,q10,HI_minus_LI,0.14166666666666666
text44-BIO-LONG-2505.20052v1,q10,HI_minus_LI,0.125
text45-BIO-LONG-2507.17897v4,q10,HI_minus_LI,-0.10833333333333335
text46-BIO-LONG-2505.05863v1,q10,HI_minus_LI,-0.09166666666666666
text47-BIO-LONG-2505.21094v1,q10,HI_minus_LI,0.19999999999999998
text48-BIO-LONG-2602.16750v1,q10,HI_minus_LI,-0.03333333333333333
text49-BIO-LONG-2511.10014v1,q10,HI_minus_LI,-0.27499999999999997
text50-BIO-LONG-2603.01054v1,q10,HI_minus_LI,0.016666666666666663
text51-CS-LONG-2602.11588v1,q10,HI_minus_LI,-0.024999999999999994
text52-CS-LONG-2602.15675v1,q10,HI_minus_LI,-0.024999999999999984
text53-CS-LONG-2603.02012v1,q10,HI_minus_LI,-0.19166666666666665
text54-CS-LONG-2602.23006v1,q10,HI_minus_LI,0.13333333333333333
text55-CS-LONG-2602.21625v1,q10,HI_minus_LI,0.12500000000000003
text56-CS-LONG-2602.13713v1,q10,HI_minus_LI,-0.44166666666666665
text57-CS-LONG-2603.00079v1,q10,HI_minus_LI,-0.075
text58-CS-LONG-2603.01023v1,q10,HI_minus_LI,-0.1416666666666667
text59-CS-LONG-2602.19401v1,q10,HI_minus_LI,0.07500000000000001
text60-CS-LONG-2602.18518v1,q10,HI_minus_LI,0.15833333333333335
text61-PHY-LONG-2602.03885v1,q10,HI_minus_LI,0.1416666666666667
text62-PHY-LONG-2511.21971v1,q10,HI_minus_LI,0.08333333333333331
text63-PHY-LONG-2512.18015v1,q10,HI_minus_LI,-0.049999999999999996
text64-PHY-LONG-2602.23683v1,q10,HI_minus_LI,0.125
text65-PHY-LONG-2601.13267v1,q10,HI_minus_LI,0.09999999999999999
text66-PHY-LONG-2512.24566v1,q10,HI_minus_LI,-0.041666666666666664
text67-PHY-LONG-2602.07636v2,q10,HI_minus_LI,-0.23333333333333336
text68-PHY-LONG-2512.18130v1,q10,HI_minus_LI,0.525
text69-PHY-LONG-2602.17389v1,q10,HI_minus_LI,-0.041666666666666685
text70-PHY-LONG-2602.08188v1,q10,HI_minus_LI,0.225
text71-MATH-LONG-2511.12781v1,q10,HI_minus_LI,0.15000000000000002
text72-MATH-LONG-2602.06095v1,q10,HI_minus_LI,-0.008333333333333331
text73-MATH-LONG-2511.18101v1,q10,HI_minus_LI,0.01666666666666665
text74-MATH-LONG-2512.15978v1,q10,HI_minus_LI,0.14166666666666666
text75-MATH-LONG-2511.22140v1,q10,HI_minus_LI,0.15833333333333335
text76-MATH-LONG-2602.20441v1,q10,HI_minus_LI,-0.049999999999999996
text77-MATH-LONG-2601.20851v2,q10,HI_minus_LI,0.04166666666666666
text78-MATH-LONG-2512.17595v1,q10,HI_minus_LI,0.04166666666666668
text79-MATH-LONG-2512.10129v1,q10,HI_minus_LI,-0.03333333333333333
text80-MATH-LONG-2512.10507v1,q10,HI_minus_LI,0.17500000000000002
text01-BIO-SHORT-2505.02276v1,q10,HP_minus_LP,0.26666666666666666
text02-BIO-SHORT-2507.04575v1,q10,HP_minus_LP,0.041666666666666664
text03-BIO-SHORT-2505.11568v3,q10,HP_minus_LP,0.2333333333333333
text04-BIO-SHORT-2507.08385v1,q10,HP_minus_LP,0.20833333333333334
text05-BIO-SHORT-2504.10973v1,q10,HP_minus_LP,0.03333333333333333
text06-BIO-SHORT-2506.14789v1,q10,HP_minus_LP,0.5416666666666666
text07-BIO-SHORT-2506.13576v3,q10,HP_minus_LP,-0.08333333333333336
text08-BIO-SHORT-2503.19923v2,q10,HP_minus_LP,0.09999999999999999
text09-BIO-SHORT-2602.00019v1,q10,HP_minus_LP,-0.024999999999999984
text10-BIO-SHORT-2506.13817v1,q10,HP_minus_LP,0.24166666666666667
text11-CS-SHORT-2506.09194v1,q10,HP_minus_LP,0.30833333333333335
text12-CS-SHORT-2512.19717v1,q10,HP_minus_LP,0.2333333333333333
text13-CS-SHORT-2510.04124v5,q10,HP_minus_LP,0.09166666666666669
text14-CS-SHORT-2509.13349v2,q10,HP_minus_LP,0.06666666666666667
text15-CS-SHORT-2602.03870v1,q10,HP_minus_LP,-0.00833333333333334
text16-CS-SHORT-2509.06033v1,q10,HP_minus_LP,0.16666666666666666
text17-CS-SHORT-2509.16294v1,q10,HP_minus_LP,0.08333333333333333
text18-CS-SHORT-2507.09492v1,q10,HP_minus_LP,0.13333333333333333
text19-CS-SHORT-2509.14600v1,q10,HP_minus_LP,-0.03333333333333332
text20-CS-SHORT-2503.14899v1,q10,HP_minus_LP,0.20000000000000004
text21-PHY-SHORT-2601.23079v1,q10,HP_minus_LP,0.21666666666666667
text22-PHY-SHORT-2601.23047v1,q10,HP_minus_LP,0.2833333333333334
text23-PHY-SHORT-2601.23057v1,q10,HP_minus_LP,-0.05833333333333332
text24-PHY-SHORT-2509.16741v1,q10,HP_minus_LP,0.17500000000000002
text25-PHY-SHORT-2507.08042v1,q10,HP_minus_LP,-0.05833333333333335
text26-PHY-SHORT-2512.23538v1,q10,HP_minus_LP,0.2916666666666667
text27-PHY-SHORT-2510.18500v1,q10,HP_minus_LP,0.21666666666666667
text28-PHY-SHORT-2508.20431v1,q10,HP_minus_LP,0.18333333333333335
text29-PHY-SHORT-2509.06825v1,q10,HP_minus_LP,0.3666666666666667
text30-PHY-SHORT-2509.17653v2,q10,HP_minus_LP,-0.125
text31-MATH-SHORT-2511.03536v1,q10,HP_minus_LP,0.225
text32-MATH-SHORT-2603.02088v1,q10,HP_minus_LP,0.2583333333333333
text33-MATH-SHORT-2512.22134v3,q10,HP_minus_LP,-0.20833333333333334
text34-MATH-SHORT-2509.00532v1,q10,HP_minus_LP,0.025000000000000005
text35-MATH-SHORT-2512.06844v1,q10,HP_minus_LP,-0.04166666666666666
text36-MATH-SHORT-2503.09380v2,q10,HP_minus_LP,0.05833333333333335
text37-MATH-SHORT-2510.26426v1,q10,HP_minus_LP,-0.3833333333333333
text38-MATH-SHORT-2512.04101v1,q10,HP_minus_LP,0.1666666666666667
text39-MATH-SHORT-2506.11609v2,q10,HP_minus_LP,0.3833333333333333
text40-MATH-SHORT-2507.15879v2,q10,HP_minus_LP,0.325
text41-BIO-LONG-2512.06709v1,q10,HP_minus_LP,-0.049999999999999996
text42-BIO-LONG-2503.07104v1,q10,HP_minus_LP,0.20000000000000004
text43-BIO-LONG-2506.16577v1,q10,HP_minus_LP,-0.22500000000000006
text44-BIO-LONG-2505.20052v1,q10,HP_minus_LP,0.25833333333333336
text45-BIO-LONG-2507.17897v4,q10,HP_minus_LP,0.2416666666666667
text46-BIO-LONG-2505.05863v1,q10,HP_minus_LP,0.09166666666666667
text47-BIO-LONG-2505.21094v1,q10,HP_minus_LP,0.11666666666666668
text48-BIO-LONG-2602.16750v1,q10,HP_minus_LP,0.016666666666666673
text49-BIO-LONG-2511.10014v1,q10,HP_minus_LP,-0.14166666666666664
text50-BIO-LONG-2603.01054v1,q10,HP_minus_LP,0.2833333333333333
text51-CS-LONG-2602.11588v1,q10,HP_minus_LP,0.05833333333333332
text52-CS-LONG-2602.15675v1,q10,HP_minus_LP,0.44166666666666665
text53-CS-LONG-2603.02012v1,q10,HP_minus_LP,0.075
text54-CS-LONG-2602.23006v1,q10,HP_minus_LP,-0.13333333333333333
text55-CS-LONG-2602.21625v1,q10,HP_minus_LP,0.15833333333333335
text56-CS-LONG-2602.13713v1,q10,HP_minus_LP,0.225
text57-CS-LONG-2603.00079v1,q10,HP_minus_LP,0.025000000000000012
text58-CS-LONG-2603.01023v1,q10,HP_minus_LP,0.225
text59-CS-LONG-2602.19401v1,q10,HP_minus_LP,0.2583333333333333
text60-CS-LONG-2602.18518v1,q10,HP_minus_LP,0.04166666666666668
text61-PHY-LONG-2602.03885v1,q10,HP_minus_LP,0.2916666666666667
text62-PHY-LONG-2511.21971v1,q10,HP_minus_LP,0.25
text63-PHY-LONG-2512.18015v1,q10,HP_minus_LP,0.3166666666666667
text64-PHY-LONG-2602.23683v1,q10,HP_minus_LP,0.44166666666666665
text65-PHY-LONG-2601.13267v1,q10,HP_minus_LP,0.35000000000000003
text66-PHY-LONG-2512.24566v1,q10,HP_minus_LP,0.15833333333333333
text67-PHY-LONG-2602.07636v2,q10,HP_minus_LP,0.25
text68-PHY-LONG-2512.18130v1,q10,HP_minus_LP,-0.008333333333333345
text69-PHY-LONG-2602.17389v1,q10,HP_minus_LP,0.225
text70-PHY-LONG-2602.08188v1,q10,HP_minus_LP,0.35833333333333334
text71-MATH-LONG-2511.12781v1,q10,HP_minus_LP,0.21666666666666665
text72-MATH-LONG-2602.06095v1,q10,HP_minus_LP,0.225
text73-MATH-LONG-2511.18101v1,q10,HP_minus_LP,0.08333333333333333
text74-MATH-LONG-2512.15978v1,q10,HP_minus_LP,0.14166666666666666
text75-MATH-LONG-2511.22140v1,q10,HP_minus_LP,0.09166666666666666
text76-MATH-LONG-2602.20441v1,q10,HP_minus_LP,0.08333333333333333
text77-MATH-LONG-2601.20851v2,q10,HP_minus_LP,0.27499999999999997
text78-MATH-LONG-2512.17595v1,q10,HP_minus_LP,0.2916666666666667
text79-MATH-LONG-2512.10129v1,q10,HP_minus_LP,0.016666666666666673
text80-MATH-LONG-2512.10507v1,q10,HP_minus_LP,0.375
text01-BIO-SHORT-2505.02276v1,q10,Name_x_Inst,-9.25185853854297e-18
text02-BIO-SHORT-2507.04575v1,q10,Name_x_Inst,0.016666666666666663
text03-BIO-SHORT-2505.11568v3,q10,Name_x_Inst,0.5333333333333333
text04-BIO-SHORT-2507.08385v1,q10,Name_x_Inst,-0.31666666666666665
text05-BIO-SHORT-2504.10973v1,q10,Name_x_Inst,0.10000000000000003
text06-BIO-SHORT-2506.14789v1,q10,Name_x_Inst,0.31666666666666665
text07-BIO-SHORT-2506.13576v3,q10,Name_x_Inst,0.03333333333333332
text08-BIO-SHORT-2503.19923v2,q10,Name_x_Inst,-0.3333333333333333
text09-BIO-SHORT-2602.00019v1,q10,Name_x_Inst,-0.016666666666666663
text10-BIO-SHORT-2506.13817v1,q10,Name_x_Inst,0.016666666666666663
text11-CS-SHORT-2506.09194v1,q10,Name_x_Inst,-0.15
text12-CS-SHORT-2512.19717v1,q10,Name_x_Inst,-0.26666666666666666
text13-CS-SHORT-2510.04124v5,q10,Name_x_Inst,-0.049999999999999996
text14-CS-SHORT-2509.13349v2,q10,Name_x_Inst,0.16666666666666666
text15-CS-SHORT-2602.03870v1,q10,Name_x_Inst,-0.18333333333333335
text16-CS-SHORT-2509.06033v1,q10,Name_x_Inst,-0.06666666666666667
text17-CS-SHORT-2509.16294v1,q10,Name_x_Inst,0.033333333333333326
text18-CS-SHORT-2507.09492v1,q10,Name_x_Inst,-0.06666666666666665
text19-CS-SHORT-2509.14600v1,q10,Name_x_Inst,0.23333333333333336
text20-CS-SHORT-2503.14899v1,q10,Name_x_Inst,0.2333333333333333
text21-PHY-SHORT-2601.23079v1,q10,Name_x_Inst,0.06666666666666664
text22-PHY-SHORT-2601.23047v1,q10,Name_x_Inst,-0.03333333333333333
text23-PHY-SHORT-2601.23057v1,q10,Name_x_Inst,0.65
text24-PHY-SHORT-2509.16741v1,q10,Name_x_Inst,-0.050000000000000044
text25-PHY-SHORT-2507.08042v1,q10,Name_x_Inst,0.15
text26-PHY-SHORT-2512.23538v1,q10,Name_x_Inst,0.6166666666666667
text27-PHY-SHORT-2510.18500v1,q10,Name_x_Inst,-0.10000000000000003
text28-PHY-SHORT-2508.20431v1,q10,Name_x_Inst,0.2333333333333333
text29-PHY-SHORT-2509.06825v1,q10,Name_x_Inst,-0.033333333333333305
text30-PHY-SHORT-2509.17653v2,q10,Name_x_Inst,-0.08333333333333333
text31-MATH-SHORT-2511.03536v1,q10,Name_x_Inst,-0.3833333333333333
text32-MATH-SHORT-2603.02088v1,q10,Name_x_Inst,-0.15000000000000002
text33-MATH-SHORT-2512.22134v3,q10,Name_x_Inst,0.21666666666666667
text34-MATH-SHORT-2509.00532v1,q10,Name_x_Inst,-0.6833333333333332
text35-MATH-SHORT-2512.06844v1,q10,Name_x_Inst,-0.18333333333333332
text36-MATH-SHORT-2503.09380v2,q10,Name_x_Inst,0.5166666666666667
text37-MATH-SHORT-2510.26426v1,q10,Name_x_Inst,0.0666666666666667
text38-MATH-SHORT-2512.04101v1,q10,Name_x_Inst,-0.06666666666666671
text39-MATH-SHORT-2506.11609v2,q10,Name_x_Inst,-0.43333333333333335
text40-MATH-SHORT-2507.15879v2,q10,Name_x_Inst,0.05000000000000001
text41-BIO-LONG-2512.06709v1,q10,Name_x_Inst,0.5
text42-BIO-LONG-2503.07104v1,q10,Name_x_Inst,-0.033333333333333326
text43-BIO-LONG-2506.16577v1,q10,Name_x_Inst,-0.4166666666666667
text44-BIO-LONG-2505.20052v1,q10,Name_x_Inst,0.08333333333333333
text45-BIO-LONG-2507.17897v4,q10,Name_x_Inst,-0.15000000000000002
text46-BIO-LONG-2505.05863v1,q10,Name_x_Inst,-0.18333333333333335
text47-BIO-LONG-2505.21094v1,q10,Name_x_Inst,0.033333333333333326
text48-BIO-LONG-2602.16750v1,q10,Name_x_Inst,-0.3333333333333333
text49-BIO-LONG-2511.10014v1,q10,Name_x_Inst,0.05000000000000001
text50-BIO-LONG-2603.01054v1,q10,Name_x_Inst,0.0
text51-CS-LONG-2602.11588v1,q10,Name_x_Inst,-0.016666666666666663
text52-CS-LONG-2602.15675v1,q10,Name_x_Inst,-0.08333333333333331
text53-CS-LONG-2603.02012v1,q10,Name_x_Inst,0.21666666666666667
text54-CS-LONG-2602.23006v1,q10,Name_x_Inst,0.13333333333333333
text55-CS-LONG-2602.21625v1,q10,Name_x_Inst,-0.15000000000000002
text56-CS-LONG-2602.13713v1,q10,Name_x_Inst,-0.11666666666666665
text57-CS-LONG-2603.00079v1,q10,Name_x_Inst,-0.2833333333333333
text58-CS-LONG-2603.01023v1,q10,Name_x_Inst,-0.18333333333333326
text59-CS-LONG-2602.19401v1,q10,Name_x_Inst,0.2166666666666667
text60-CS-LONG-2602.18518v1,q10,Name_x_Inst,0.14999999999999994
text61-PHY-LONG-2602.03885v1,q10,Name_x_Inst,-0.18333333333333332
text62-PHY-LONG-2511.21971v1,q10,Name_x_Inst,0.2333333333333333
text63-PHY-LONG-2512.18015v1,q10,Name_x_Inst,-0.19999999999999998
text64-PHY-LONG-2602.23683v1,q10,Name_x_Inst,-0.35000000000000003
text65-PHY-LONG-2601.13267v1,q10,Name_x_Inst,-0.3333333333333333
text66-PHY-LONG-2512.24566v1,q10,Name_x_Inst,0.18333333333333335
text67-PHY-LONG-2602.07636v2,q10,Name_x_Inst,-0.06666666666666667
text68-PHY-LONG-2512.18130v1,q10,Name_x_Inst,0.08333333333333333
text69-PHY-LONG-2602.17389v1,q10,Name_x_Inst,0.11666666666666668
text70-PHY-LONG-2602.08188v1,q10,Name_x_Inst,-0.08333333333333338
text71-MATH-LONG-2511.12781v1,q10,Name_x_Inst,-0.23333333333333336
text72-MATH-LONG-2602.06095v1,q10,Name_x_Inst,-0.35000000000000003
text73-MATH-LONG-2511.18101v1,q10,Name_x_Inst,0.03333333333333333
text74-MATH-LONG-2512.15978v1,q10,Name_x_Inst,0.050000000000000044
text75-MATH-LONG-2511.22140v1,q10,Name_x_Inst,0.11666666666666665
text76-MATH-LONG-2602.20441v1,q10,Name_x_Inst,-0.03333333333333334
text77-MATH-LONG-2601.20851v2,q10,Name_x_Inst,0.04999999999999999
text78-MATH-LONG-2512.17595v1,q10,Name_x_Inst,0.3833333333333333
text79-MATH-LONG-2512.10129v1,q10,Name_x_Inst,0.03333333333333335
text80-MATH-LONG-2512.10507v1,q10,Name_x_Inst,0.21666666666666667
text01-BIO-SHORT-2505.02276v1,q10,Name_x_Bibliometrics,-0.3
text02-BIO-SHORT-2507.04575v1,q10,Name_x_Bibliometrics,-0.21666666666666667
text03-BIO-SHORT-2505.11568v3,q10,Name_x_Bibliometrics,0.3333333333333333
text04-BIO-SHORT-2507.08385v1,q10,Name_x_Bibliometrics,0.35000000000000003
text05-BIO-SHORT-2504.10973v1,q10,Name_x_Bibliometrics,0.033333333333333326
text06-BIO-SHORT-2506.14789v1,q10,Name_x_Bibliometrics,-0.01666666666666668
text07-BIO-SHORT-2506.13576v3,q10,Name_x_Bibliometrics,0.26666666666666666
text08-BIO-SHORT-2503.19923v2,q10,Name_x_Bibliometrics,-0.16666666666666666
text09-BIO-SHORT-2602.00019v1,q10,Name_x_Bibliometrics,0.3833333333333333
text10-BIO-SHORT-2506.13817v1,q10,Name_x_Bibliometrics,-0.016666666666666663
text11-CS-SHORT-2506.09194v1,q10,Name_x_Bibliometrics,-0.01666666666666669
text12-CS-SHORT-2512.19717v1,q10,Name_x_Bibliometrics,0.16666666666666666
text13-CS-SHORT-2510.04124v5,q10,Name_x_Bibliometrics,-0.65
text14-CS-SHORT-2509.13349v2,q10,Name_x_Bibliometrics,-0.09999999999999999
text15-CS-SHORT-2602.03870v1,q10,Name_x_Bibliometrics,-0.31666666666666665
text16-CS-SHORT-2509.06033v1,q10,Name_x_Bibliometrics,0.06666666666666662
text17-CS-SHORT-2509.16294v1,q10,Name_x_Bibliometrics,-0.03333333333333335
text18-CS-SHORT-2507.09492v1,q10,Name_x_Bibliometrics,-0.3
text19-CS-SHORT-2509.14600v1,q10,Name_x_Bibliometrics,0.03333333333333332
text20-CS-SHORT-2503.14899v1,q10,Name_x_Bibliometrics,-0.06666666666666665
text21-PHY-SHORT-2601.23079v1,q10,Name_x_Bibliometrics,0.19999999999999998
text22-PHY-SHORT-2601.23047v1,q10,Name_x_Bibliometrics,-0.3
text23-PHY-SHORT-2601.23057v1,q10,Name_x_Bibliometrics,-0.18333333333333332
text24-PHY-SHORT-2509.16741v1,q10,Name_x_Bibliometrics,0.15000000000000002
text25-PHY-SHORT-2507.08042v1,q10,Name_x_Bibliometrics,0.25
text26-PHY-SHORT-2512.23538v1,q10,Name_x_Bibliometrics,0.18333333333333335
text27-PHY-SHORT-2510.18500v1,q10,Name_x_Bibliometrics,-3.700743415417188e-17
text28-PHY-SHORT-2508.20431v1,q10,Name_x_Bibliometrics,-0.03333333333333333
text29-PHY-SHORT-2509.06825v1,q10,Name_x_Bibliometrics,0.033333333333333326
text30-PHY-SHORT-2509.17653v2,q10,Name_x_Bibliometrics,-0.016666666666666646
text31-MATH-SHORT-2511.03536v1,q10,Name_x_Bibliometrics,0.05000000000000001
text32-MATH-SHORT-2603.02088v1,q10,Name_x_Bibliometrics,-0.18333333333333332
text33-MATH-SHORT-2512.22134v3,q10,Name_x_Bibliometrics,-0.21666666666666667
text34-MATH-SHORT-2509.00532v1,q10,Name_x_Bibliometrics,-0.016666666666666663
text35-MATH-SHORT-2512.06844v1,q10,Name_x_Bibliometrics,0.25
text36-MATH-SHORT-2503.09380v2,q10,Name_x_Bibliometrics,0.18333333333333326
text37-MATH-SHORT-2510.26426v1,q10,Name_x_Bibliometrics,-0.10000000000000005
text38-MATH-SHORT-2512.04101v1,q10,Name_x_Bibliometrics,0.20000000000000004
text39-MATH-SHORT-2506.11609v2,q10,Name_x_Bibliometrics,-0.4333333333333333
text40-MATH-SHORT-2507.15879v2,q10,Name_x_Bibliometrics,-0.25
text41-BIO-LONG-2512.06709v1,q10,Name_x_Bibliometrics,-0.2333333333333333
text42-BIO-LONG-2503.07104v1,q10,Name_x_Bibliometrics,0.10000000000000002
text43-BIO-LONG-2506.16577v1,q10,Name_x_Bibliometrics,-0.0166666666666667
text44-BIO-LONG-2505.20052v1,q10,Name_x_Bibliometrics,0.4833333333333334
text45-BIO-LONG-2507.17897v4,q10,Name_x_Bibliometrics,0.35000000000000003
text46-BIO-LONG-2505.05863v1,q10,Name_x_Bibliometrics,-0.2833333333333334
text47-BIO-LONG-2505.21094v1,q10,Name_x_Bibliometrics,-0.06666666666666665
text48-BIO-LONG-2602.16750v1,q10,Name_x_Bibliometrics,0.03333333333333335
text49-BIO-LONG-2511.10014v1,q10,Name_x_Bibliometrics,0.04999999999999999
text50-BIO-LONG-2603.01054v1,q10,Name_x_Bibliometrics,-0.39999999999999997
text51-CS-LONG-2602.11588v1,q10,Name_x_Bibliometrics,0.016666666666666663
text52-CS-LONG-2602.15675v1,q10,Name_x_Bibliometrics,-0.21666666666666665
text53-CS-LONG-2603.02012v1,q10,Name_x_Bibliometrics,0.08333333333333333
text54-CS-LONG-2602.23006v1,q10,Name_x_Bibliometrics,0.6
text55-CS-LONG-2602.21625v1,q10,Name_x_Bibliometrics,0.05000000000000001
text56-CS-LONG-2602.13713v1,q10,Name_x_Bibliometrics,0.01666666666666668
text57-CS-LONG-2603.00079v1,q10,Name_x_Bibliometrics,-0.35000000000000003
text58-CS-LONG-2603.01023v1,q10,Name_x_Bibliometrics,0.016666666666666646
text59-CS-LONG-2602.19401v1,q10,Name_x_Bibliometrics,-0.08333333333333331
text60-CS-LONG-2602.18518v1,q10,Name_x_Bibliometrics,-0.21666666666666665
text61-PHY-LONG-2602.03885v1,q10,Name_x_Bibliometrics,0.25
text62-PHY-LONG-2511.21971v1,q10,Name_x_Bibliometrics,-0.09999999999999998
text63-PHY-LONG-2512.18015v1,q10,Name_x_Bibliometrics,0.3333333333333333
text64-PHY-LONG-2602.23683v1,q10,Name_x_Bibliometrics,0.28333333333333327
text65-PHY-LONG-2601.13267v1,q10,Name_x_Bibliometrics,0.10000000000000002
text66-PHY-LONG-2512.24566v1,q10,Name_x_Bibliometrics,-0.016666666666666663
text67-PHY-LONG-2602.07636v2,q10,Name_x_Bibliometrics,0.03333333333333335
text68-PHY-LONG-2512.18130v1,q10,Name_x_Bibliometrics,-0.18333333333333335
text69-PHY-LONG-2602.17389v1,q10,Name_x_Bibliometrics,-0.0833333333333333
text70-PHY-LONG-2602.08188v1,q10,Name_x_Bibliometrics,-0.016666666666666663
text71-MATH-LONG-2511.12781v1,q10,Name_x_Bibliometrics,0.09999999999999996
text72-MATH-LONG-2602.06095v1,q10,Name_x_Bibliometrics,-0.08333333333333336
text73-MATH-LONG-2511.18101v1,q10,Name_x_Bibliometrics,0.16666666666666666
text74-MATH-LONG-2512.15978v1,q10,Name_x_Bibliometrics,0.11666666666666665
text75-MATH-LONG-2511.22140v1,q10,Name_x_Bibliometrics,-0.08333333333333336
text76-MATH-LONG-2602.20441v1,q10,Name_x_Bibliometrics,0.09999999999999999
text77-MATH-LONG-2601.20851v2,q10,Name_x_Bibliometrics,0.5166666666666667
text78-MATH-LONG-2512.17595v1,q10,Name_x_Bibliometrics,-0.11666666666666665
text79-MATH-LONG-2512.10129v1,q10,Name_x_Bibliometrics,-1.850371707708594e-17
text80-MATH-LONG-2512.10507v1,q10,Name_x_Bibliometrics,0.15
text01-BIO-SHORT-2505.02276v1,q10,Inst_x_Bibliometrics,-0.03333333333333333
text02-BIO-SHORT-2507.04575v1,q10,Inst_x_Bibliometrics,-0.15
text03-BIO-SHORT-2505.11568v3,q10,Inst_x_Bibliometrics,-0.3
text04-BIO-SHORT-2507.08385v1,q10,Inst_x_Bibliometrics,0.18333333333333335
text05-BIO-SHORT-2504.10973v1,q10,Inst_x_Bibliometrics,-0.06666666666666667
text06-BIO-SHORT-2506.14789v1,q10,Inst_x_Bibliometrics,0.31666666666666665
text07-BIO-SHORT-2506.13576v3,q10,Inst_x_Bibliometrics,0.6
text08-BIO-SHORT-2503.19923v2,q10,Inst_x_Bibliometrics,0.19999999999999998
text09-BIO-SHORT-2602.00019v1,q10,Inst_x_Bibliometrics,0.08333333333333336
text10-BIO-SHORT-2506.13817v1,q10,Inst_x_Bibliometrics,0.18333333333333335
text11-CS-SHORT-2506.09194v1,q10,Inst_x_Bibliometrics,-0.5499999999999999
text12-CS-SHORT-2512.19717v1,q10,Inst_x_Bibliometrics,3.700743415417188e-17
text13-CS-SHORT-2510.04124v5,q10,Inst_x_Bibliometrics,-0.5499999999999999
text14-CS-SHORT-2509.13349v2,q10,Inst_x_Bibliometrics,0.03333333333333335
text15-CS-SHORT-2602.03870v1,q10,Inst_x_Bibliometrics,0.21666666666666665
text16-CS-SHORT-2509.06033v1,q10,Inst_x_Bibliometrics,-0.2333333333333333
text17-CS-SHORT-2509.16294v1,q10,Inst_x_Bibliometrics,0.033333333333333326
text18-CS-SHORT-2507.09492v1,q10,Inst_x_Bibliometrics,-0.16666666666666666
text19-CS-SHORT-2509.14600v1,q10,Inst_x_Bibliometrics,0.0666666666666667
text20-CS-SHORT-2503.14899v1,q10,Inst_x_Bibliometrics,-0.2333333333333333
text21-PHY-SHORT-2601.23079v1,q10,Inst_x_Bibliometrics,0.03333333333333335
text22-PHY-SHORT-2601.23047v1,q10,Inst_x_Bibliometrics,0.36666666666666664
text23-PHY-SHORT-2601.23057v1,q10,Inst_x_Bibliometrics,0.3166666666666667
text24-PHY-SHORT-2509.16741v1,q10,Inst_x_Bibliometrics,0.25
text25-PHY-SHORT-2507.08042v1,q10,Inst_x_Bibliometrics,-0.04999999999999999
text26-PHY-SHORT-2512.23538v1,q10,Inst_x_Bibliometrics,0.18333333333333335
text27-PHY-SHORT-2510.18500v1,q10,Inst_x_Bibliometrics,0.26666666666666666
text28-PHY-SHORT-2508.20431v1,q10,Inst_x_Bibliometrics,-0.2333333333333333
text29-PHY-SHORT-2509.06825v1,q10,Inst_x_Bibliometrics,0.4000000000000001
text30-PHY-SHORT-2509.17653v2,q10,Inst_x_Bibliometrics,-0.25
text31-MATH-SHORT-2511.03536v1,q10,Inst_x_Bibliometrics,-0.25
text32-MATH-SHORT-2603.02088v1,q10,Inst_x_Bibliometrics,0.08333333333333331
text33-MATH-SHORT-2512.22134v3,q10,Inst_x_Bibliometrics,-0.6166666666666667
text34-MATH-SHORT-2509.00532v1,q10,Inst_x_Bibliometrics,-0.11666666666666665
text35-MATH-SHORT-2512.06844v1,q10,Inst_x_Bibliometrics,0.45
text36-MATH-SHORT-2503.09380v2,q10,Inst_x_Bibliometrics,-0.5166666666666667
text37-MATH-SHORT-2510.26426v1,q10,Inst_x_Bibliometrics,-0.1333333333333334
text38-MATH-SHORT-2512.04101v1,q10,Inst_x_Bibliometrics,0.03333333333333338
text39-MATH-SHORT-2506.11609v2,q10,Inst_x_Bibliometrics,0.16666666666666666
text40-MATH-SHORT-2507.15879v2,q10,Inst_x_Bibliometrics,-0.18333333333333335
text41-BIO-LONG-2512.06709v1,q10,Inst_x_Bibliometrics,0.39999999999999997
text42-BIO-LONG-2503.07104v1,q10,Inst_x_Bibliometrics,0.13333333333333333
text43-BIO-LONG-2506.16577v1,q10,Inst_x_Bibliometrics,0.04999999999999999
text44-BIO-LONG-2505.20052v1,q10,Inst_x_Bibliometrics,-0.18333333333333335
text45-BIO-LONG-2507.17897v4,q10,Inst_x_Bibliometrics,-0.05000000000000001
text46-BIO-LONG-2505.05863v1,q10,Inst_x_Bibliometrics,0.1166666666666667
text47-BIO-LONG-2505.21094v1,q10,Inst_x_Bibliometrics,0.0
text48-BIO-LONG-2602.16750v1,q10,Inst_x_Bibliometrics,-0.03333333333333335
text49-BIO-LONG-2511.10014v1,q10,Inst_x_Bibliometrics,0.28333333333333327
text50-BIO-LONG-2603.01054v1,q10,Inst_x_Bibliometrics,-0.16666666666666666
text51-CS-LONG-2602.11588v1,q10,Inst_x_Bibliometrics,-0.18333333333333326
text52-CS-LONG-2602.15675v1,q10,Inst_x_Bibliometrics,-0.65
text53-CS-LONG-2603.02012v1,q10,Inst_x_Bibliometrics,0.2833333333333333
text54-CS-LONG-2602.23006v1,q10,Inst_x_Bibliometrics,-0.0666666666666667
text55-CS-LONG-2602.21625v1,q10,Inst_x_Bibliometrics,-0.08333333333333337
text56-CS-LONG-2602.13713v1,q10,Inst_x_Bibliometrics,0.18333333333333332
text57-CS-LONG-2603.00079v1,q10,Inst_x_Bibliometrics,0.45
text58-CS-LONG-2603.01023v1,q10,Inst_x_Bibliometrics,-0.55
text59-CS-LONG-2602.19401v1,q10,Inst_x_Bibliometrics,-0.016666666666666663
text60-CS-LONG-2602.18518v1,q10,Inst_x_Bibliometrics,-0.31666666666666665
text61-PHY-LONG-2602.03885v1,q10,Inst_x_Bibliometrics,-0.25
text62-PHY-LONG-2511.21971v1,q10,Inst_x_Bibliometrics,0.3
text63-PHY-LONG-2512.18015v1,q10,Inst_x_Bibliometrics,-0.10000000000000002
text64-PHY-LONG-2602.23683v1,q10,Inst_x_Bibliometrics,0.11666666666666664
text65-PHY-LONG-2601.13267v1,q10,Inst_x_Bibliometrics,0.033333333333333326
text66-PHY-LONG-2512.24566v1,q10,Inst_x_Bibliometrics,-0.08333333333333333
text67-PHY-LONG-2602.07636v2,q10,Inst_x_Bibliometrics,0.3333333333333333
text68-PHY-LONG-2512.18130v1,q10,Inst_x_Bibliometrics,0.08333333333333338
text69-PHY-LONG-2602.17389v1,q10,Inst_x_Bibliometrics,0.08333333333333337
text70-PHY-LONG-2602.08188v1,q10,Inst_x_Bibliometrics,-0.6166666666666667
text71-MATH-LONG-2511.12781v1,q10,Inst_x_Bibliometrics,0.06666666666666667
text72-MATH-LONG-2602.06095v1,q10,Inst_x_Bibliometrics,-0.2833333333333334
text73-MATH-LONG-2511.18101v1,q10,Inst_x_Bibliometrics,0.033333333333333326
text74-MATH-LONG-2512.15978v1,q10,Inst_x_Bibliometrics,-0.15000000000000002
text75-MATH-LONG-2511.22140v1,q10,Inst_x_Bibliometrics,-0.11666666666666665
text76-MATH-LONG-2602.20441v1,q10,Inst_x_Bibliometrics,0.06666666666666667
text77-MATH-LONG-2601.20851v2,q10,Inst_x_Bibliometrics,0.01666666666666666
text78-MATH-LONG-2512.17595v1,q10,Inst_x_Bibliometrics,-0.016666666666666653
text79-MATH-LONG-2512.10129v1,q10,Inst_x_Bibliometrics,0.09999999999999999
text80-MATH-LONG-2512.10507v1,q10,Inst_x_Bibliometrics,0.01666666666666668
text01-BIO-SHORT-2505.02276v1,q11,BF_minus_WM,-0.05833333333333335
text02-BIO-SHORT-2507.04575v1,q11,BF_minus_WM,0.11666666666666665
text03-BIO-SHORT-2505.11568v3,q11,BF_minus_WM,0.05833333333333333
text04-BIO-SHORT-2507.08385v1,q11,BF_minus_WM,0.0
text05-BIO-SHORT-2504.10973v1,q11,BF_minus_WM,0.075
text06-BIO-SHORT-2506.14789v1,q11,BF_minus_WM,-0.033333333333333305
text07-BIO-SHORT-2506.13576v3,q11,BF_minus_WM,0.041666666666666685
text08-BIO-SHORT-2503.19923v2,q11,BF_minus_WM,-0.5333333333333333
text09-BIO-SHORT-2602.00019v1,q11,BF_minus_WM,0.06666666666666665
text10-BIO-SHORT-2506.13817v1,q11,BF_minus_WM,-0.06666666666666665
text11-CS-SHORT-2506.09194v1,q11,BF_minus_WM,0.25
text12-CS-SHORT-2512.19717v1,q11,BF_minus_WM,-0.01666666666666668
text13-CS-SHORT-2510.04124v5,q11,BF_minus_WM,0.00833333333333335
text14-CS-SHORT-2509.13349v2,q11,BF_minus_WM,0.17500000000000002
text15-CS-SHORT-2602.03870v1,q11,BF_minus_WM,0.03333333333333333
text16-CS-SHORT-2509.06033v1,q11,BF_minus_WM,0.049999999999999996
text17-CS-SHORT-2509.16294v1,q11,BF_minus_WM,-0.05000000000000001
text18-CS-SHORT-2507.09492v1,q11,BF_minus_WM,0.008333333333333326
text19-CS-SHORT-2509.14600v1,q11,BF_minus_WM,0.17500000000000002
text20-CS-SHORT-2503.14899v1,q11,BF_minus_WM,-0.025000000000000005
text21-PHY-SHORT-2601.23079v1,q11,BF_minus_WM,-0.025000000000000005
text22-PHY-SHORT-2601.23047v1,q11,BF_minus_WM,0.025000000000000012
text23-PHY-SHORT-2601.23057v1,q11,BF_minus_WM,-0.008333333333333331
text24-PHY-SHORT-2509.16741v1,q11,BF_minus_WM,-0.016666666666666646
text25-PHY-SHORT-2507.08042v1,q11,BF_minus_WM,0.05833333333333331
text26-PHY-SHORT-2512.23538v1,q11,BF_minus_WM,0.17499999999999996
text27-PHY-SHORT-2510.18500v1,q11,BF_minus_WM,0.008333333333333323
text28-PHY-SHORT-2508.20431v1,q11,BF_minus_WM,0.016666666666666646
text29-PHY-SHORT-2509.06825v1,q11,BF_minus_WM,0.049999999999999996
text30-PHY-SHORT-2509.17653v2,q11,BF_minus_WM,0.3
text31-MATH-SHORT-2511.03536v1,q11,BF_minus_WM,0.26666666666666666
text32-MATH-SHORT-2603.02088v1,q11,BF_minus_WM,0.18333333333333335
text33-MATH-SHORT-2512.22134v3,q11,BF_minus_WM,0.3083333333333333
text34-MATH-SHORT-2509.00532v1,q11,BF_minus_WM,-0.5
text35-MATH-SHORT-2512.06844v1,q11,BF_minus_WM,0.008333333333333337
text36-MATH-SHORT-2503.09380v2,q11,BF_minus_WM,-0.01666666666666668
text37-MATH-SHORT-2510.26426v1,q11,BF_minus_WM,0.03333333333333334
text38-MATH-SHORT-2512.04101v1,q11,BF_minus_WM,-0.18333333333333332
text39-MATH-SHORT-2506.11609v2,q11,BF_minus_WM,0.325
text40-MATH-SHORT-2507.15879v2,q11,BF_minus_WM,-0.01666666666666669
text41-BIO-LONG-2512.06709v1,q11,BF_minus_WM,0.06666666666666667
text42-BIO-LONG-2503.07104v1,q11,BF_minus_WM,0.00833333333333334
text43-BIO-LONG-2506.16577v1,q11,BF_minus_WM,0.18333333333333332
text44-BIO-LONG-2505.20052v1,q11,BF_minus_WM,0.11666666666666668
text45-BIO-LONG-2507.17897v4,q11,BF_minus_WM,0.00833333333333335
text46-BIO-LONG-2505.05863v1,q11,BF_minus_WM,0.08333333333333333
text47-BIO-LONG-2505.21094v1,q11,BF_minus_WM,0.09166666666666663
text48-BIO-LONG-2602.16750v1,q11,BF_minus_WM,-0.00833333333333334
text49-BIO-LONG-2511.10014v1,q11,BF_minus_WM,-0.04166666666666666
text50-BIO-LONG-2603.01054v1,q11,BF_minus_WM,0.033333333333333326
text51-CS-LONG-2602.11588v1,q11,BF_minus_WM,0.125
text52-CS-LONG-2602.15675v1,q11,BF_minus_WM,0.0
text53-CS-LONG-2603.02012v1,q11,BF_minus_WM,0.00833333333333334
text54-CS-LONG-2602.23006v1,q11,BF_minus_WM,-0.2583333333333333
text55-CS-LONG-2602.21625v1,q11,BF_minus_WM,0.13333333333333333
text56-CS-LONG-2602.13713v1,q11,BF_minus_WM,0.04166666666666666
text57-CS-LONG-2603.00079v1,q11,BF_minus_WM,0.15833333333333335
text58-CS-LONG-2603.01023v1,q11,BF_minus_WM,-0.03333333333333333
text59-CS-LONG-2602.19401v1,q11,BF_minus_WM,0.0
text60-CS-LONG-2602.18518v1,q11,BF_minus_WM,-0.033333333333333326
text61-PHY-LONG-2602.03885v1,q11,BF_minus_WM,-0.06666666666666667
text62-PHY-LONG-2511.21971v1,q11,BF_minus_WM,0.05000000000000002
text63-PHY-LONG-2512.18015v1,q11,BF_minus_WM,0.05000000000000001
text64-PHY-LONG-2602.23683v1,q11,BF_minus_WM,0.125
text65-PHY-LONG-2601.13267v1,q11,BF_minus_WM,-0.008333333333333331
text66-PHY-LONG-2512.24566v1,q11,BF_minus_WM,-0.06666666666666667
text67-PHY-LONG-2602.07636v2,q11,BF_minus_WM,0.27499999999999997
text68-PHY-LONG-2512.18130v1,q11,BF_minus_WM,-0.12500000000000003
text69-PHY-LONG-2602.17389v1,q11,BF_minus_WM,0.07499999999999997
text70-PHY-LONG-2602.08188v1,q11,BF_minus_WM,0.016666666666666646
text71-MATH-LONG-2511.12781v1,q11,BF_minus_WM,0.06666666666666668
text72-MATH-LONG-2602.06095v1,q11,BF_minus_WM,-0.016666666666666673
text73-MATH-LONG-2511.18101v1,q11,BF_minus_WM,-0.16666666666666666
text74-MATH-LONG-2512.15978v1,q11,BF_minus_WM,-0.01666666666666668
text75-MATH-LONG-2511.22140v1,q11,BF_minus_WM,0.17500000000000002
text76-MATH-LONG-2602.20441v1,q11,BF_minus_WM,0.049999999999999996
text77-MATH-LONG-2601.20851v2,q11,BF_minus_WM,-0.04999999999999997
text78-MATH-LONG-2512.17595v1,q11,BF_minus_WM,-0.20833333333333334
text79-MATH-LONG-2512.10129v1,q11,BF_minus_WM,-0.01666666666666668
text80-MATH-LONG-2512.10507v1,q11,BF_minus_WM,-0.025000000000000033
text01-BIO-SHORT-2505.02276v1,q11,HI_minus_LI,-0.025000000000000005
text02-BIO-SHORT-2507.04575v1,q11,HI_minus_LI,0.13333333333333333
text03-BIO-SHORT-2505.11568v3,q11,HI_minus_LI,0.10833333333333334
text04-BIO-SHORT-2507.08385v1,q11,HI_minus_LI,0.09999999999999999
text05-BIO-SHORT-2504.10973v1,q11,HI_minus_LI,0.041666666666666664
text06-BIO-SHORT-2506.14789v1,q11,HI_minus_LI,1.850371707708594e-17
text07-BIO-SHORT-2506.13576v3,q11,HI_minus_LI,0.09166666666666666
text08-BIO-SHORT-2503.19923v2,q11,HI_minus_LI,-0.06666666666666668
text09-BIO-SHORT-2602.00019v1,q11,HI_minus_LI,0.01666666666666668
text10-BIO-SHORT-2506.13817v1,q11,HI_minus_LI,0.0
text11-CS-SHORT-2506.09194v1,q11,HI_minus_LI,0.11666666666666665
text12-CS-SHORT-2512.19717v1,q11,HI_minus_LI,-0.01666666666666668
text13-CS-SHORT-2510.04124v5,q11,HI_minus_LI,0.008333333333333331
text14-CS-SHORT-2509.13349v2,q11,HI_minus_LI,0.125
text15-CS-SHORT-2602.03870v1,q11,HI_minus_LI,-0.03333333333333333
text16-CS-SHORT-2509.06033v1,q11,HI_minus_LI,0.016666666666666663
text17-CS-SHORT-2509.16294v1,q11,HI_minus_LI,0.13333333333333333
text18-CS-SHORT-2507.09492v1,q11,HI_minus_LI,0.008333333333333304
text19-CS-SHORT-2509.14600v1,q11,HI_minus_LI,-0.10833333333333332
text20-CS-SHORT-2503.14899v1,q11,HI_minus_LI,-0.025000000000000005
text21-PHY-SHORT-2601.23079v1,q11,HI_minus_LI,-0.025000000000000005
text22-PHY-SHORT-2601.23047v1,q11,HI_minus_LI,0.20833333333333334
text23-PHY-SHORT-2601.23057v1,q11,HI_minus_LI,0.09166666666666667
text24-PHY-SHORT-2509.16741v1,q11,HI_minus_LI,0.033333333333333326
text25-PHY-SHORT-2507.08042v1,q11,HI_minus_LI,0.024999999999999984
text26-PHY-SHORT-2512.23538v1,q11,HI_minus_LI,0.19166666666666665
text27-PHY-SHORT-2510.18500v1,q11,HI_minus_LI,0.05833333333333333
text28-PHY-SHORT-2508.20431v1,q11,HI_minus_LI,0.11666666666666665
text29-PHY-SHORT-2509.06825v1,q11,HI_minus_LI,-9.25185853854297e-18
text30-PHY-SHORT-2509.17653v2,q11,HI_minus_LI,-0.11666666666666665
text31-MATH-SHORT-2511.03536v1,q11,HI_minus_LI,0.049999999999999996
text32-MATH-SHORT-2603.02088v1,q11,HI_minus_LI,0.06666666666666668
text33-MATH-SHORT-2512.22134v3,q11,HI_minus_LI,0.19166666666666665
text34-MATH-SHORT-2509.00532v1,q11,HI_minus_LI,0.3666666666666667
text35-MATH-SHORT-2512.06844v1,q11,HI_minus_LI,0.05833333333333334
text36-MATH-SHORT-2503.09380v2,q11,HI_minus_LI,0.06666666666666667
text37-MATH-SHORT-2510.26426v1,q11,HI_minus_LI,0.1333333333333334
text38-MATH-SHORT-2512.04101v1,q11,HI_minus_LI,0.03333333333333333
text39-MATH-SHORT-2506.11609v2,q11,HI_minus_LI,-0.00833333333333334
text40-MATH-SHORT-2507.15879v2,q11,HI_minus_LI,-0.06666666666666667
text41-BIO-LONG-2512.06709v1,q11,HI_minus_LI,1.850371707708594e-17
text42-BIO-LONG-2503.07104v1,q11,HI_minus_LI,-0.024999999999999984
text43-BIO-LONG-2506.16577v1,q11,HI_minus_LI,0.05000000000000001
text44-BIO-LONG-2505.20052v1,q11,HI_minus_LI,0.05000000000000001
text45-BIO-LONG-2507.17897v4,q11,HI_minus_LI,0.07499999999999998
text46-BIO-LONG-2505.05863v1,q11,HI_minus_LI,-0.033333333333333326
text47-BIO-LONG-2505.21094v1,q11,HI_minus_LI,0.125
text48-BIO-LONG-2602.16750v1,q11,HI_minus_LI,0.17500000000000002
text49-BIO-LONG-2511.10014v1,q11,HI_minus_LI,0.05833333333333334
text50-BIO-LONG-2603.01054v1,q11,HI_minus_LI,-0.06666666666666665
text51-CS-LONG-2602.11588v1,q11,HI_minus_LI,0.22499999999999998
text52-CS-LONG-2602.15675v1,q11,HI_minus_LI,0.08333333333333333
text53-CS-LONG-2603.02012v1,q11,HI_minus_LI,0.00833333333333334
text54-CS-LONG-2602.23006v1,q11,HI_minus_LI,0.05833333333333333
text55-CS-LONG-2602.21625v1,q11,HI_minus_LI,0.16666666666666666
text56-CS-LONG-2602.13713v1,q11,HI_minus_LI,0.20833333333333334
text57-CS-LONG-2603.00079v1,q11,HI_minus_LI,0.025000000000000012
text58-CS-LONG-2603.01023v1,q11,HI_minus_LI,-0.15
text59-CS-LONG-2602.19401v1,q11,HI_minus_LI,-0.033333333333333326
text60-CS-LONG-2602.18518v1,q11,HI_minus_LI,0.11666666666666665
text61-PHY-LONG-2602.03885v1,q11,HI_minus_LI,0.10000000000000002
text62-PHY-LONG-2511.21971v1,q11,HI_minus_LI,0.06666666666666667
text63-PHY-LONG-2512.18015v1,q11,HI_minus_LI,1.3877787807814457e-17
text64-PHY-LONG-2602.23683v1,q11,HI_minus_LI,0.20833333333333334
text65-PHY-LONG-2601.13267v1,q11,HI_minus_LI,0.1416666666666667
text66-PHY-LONG-2512.24566v1,q11,HI_minus_LI,0.016666666666666663
text67-PHY-LONG-2602.07636v2,q11,HI_minus_LI,0.09166666666666666
text68-PHY-LONG-2512.18130v1,q11,HI_minus_LI,0.39166666666666666
text69-PHY-LONG-2602.17389v1,q11,HI_minus_LI,-0.02500000000000004
text70-PHY-LONG-2602.08188v1,q11,HI_minus_LI,0.049999999999999996
text71-MATH-LONG-2511.12781v1,q11,HI_minus_LI,0.13333333333333333
text72-MATH-LONG-2602.06095v1,q11,HI_minus_LI,0.0
text73-MATH-LONG-2511.18101v1,q11,HI_minus_LI,0.03333333333333335
text74-MATH-LONG-2512.15978v1,q11,HI_minus_LI,0.26666666666666666
text75-MATH-LONG-2511.22140v1,q11,HI_minus_LI,0.15833333333333333
text76-MATH-LONG-2602.20441v1,q11,HI_minus_LI,0.2333333333333333
text77-MATH-LONG-2601.20851v2,q11,HI_minus_LI,-0.5833333333333334
text78-MATH-LONG-2512.17595v1,q11,HI_minus_LI,-0.025000000000000022
text79-MATH-LONG-2512.10129v1,q11,HI_minus_LI,-0.033333333333333326
text80-MATH-LONG-2512.10507v1,q11,HI_minus_LI,0.325
text01-BIO-SHORT-2505.02276v1,q11,HP_minus_LP,0.041666666666666664
text02-BIO-SHORT-2507.04575v1,q11,HP_minus_LP,-0.049999999999999996
text03-BIO-SHORT-2505.11568v3,q11,HP_minus_LP,0.12499999999999999
text04-BIO-SHORT-2507.08385v1,q11,HP_minus_LP,-0.03333333333333333
text05-BIO-SHORT-2504.10973v1,q11,HP_minus_LP,0.09166666666666669
text06-BIO-SHORT-2506.14789v1,q11,HP_minus_LP,-0.016666666666666663
text07-BIO-SHORT-2506.13576v3,q11,HP_minus_LP,0.19166666666666665
text08-BIO-SHORT-2503.19923v2,q11,HP_minus_LP,4.625929269271485e-18
text09-BIO-SHORT-2602.00019v1,q11,HP_minus_LP,0.033333333333333326
text10-BIO-SHORT-2506.13817v1,q11,HP_minus_LP,0.08333333333333333
text11-CS-SHORT-2506.09194v1,q11,HP_minus_LP,0.31666666666666665
text12-CS-SHORT-2512.19717v1,q11,HP_minus_LP,0.15
text13-CS-SHORT-2510.04124v5,q11,HP_minus_LP,0.14166666666666664
text14-CS-SHORT-2509.13349v2,q11,HP_minus_LP,0.10833333333333332
text15-CS-SHORT-2602.03870v1,q11,HP_minus_LP,0.05000000000000001
text16-CS-SHORT-2509.06033v1,q11,HP_minus_LP,0.19999999999999998
text17-CS-SHORT-2509.16294v1,q11,HP_minus_LP,0.0666666666666667
text18-CS-SHORT-2507.09492v1,q11,HP_minus_LP,0.17500000000000002
text19-CS-SHORT-2509.14600v1,q11,HP_minus_LP,0.09166666666666667
text20-CS-SHORT-2503.14899v1,q11,HP_minus_LP,-0.10833333333333334
text21-PHY-SHORT-2601.23079v1,q11,HP_minus_LP,-0.008333333333333323
text22-PHY-SHORT-2601.23047v1,q11,HP_minus_LP,-0.008333333333333331
text23-PHY-SHORT-2601.23057v1,q11,HP_minus_LP,0.20833333333333334
text24-PHY-SHORT-2509.16741v1,q11,HP_minus_LP,0.11666666666666665
text25-PHY-SHORT-2507.08042v1,q11,HP_minus_LP,-0.025000000000000005
text26-PHY-SHORT-2512.23538v1,q11,HP_minus_LP,-0.12499999999999999
text27-PHY-SHORT-2510.18500v1,q11,HP_minus_LP,-0.07500000000000001
text28-PHY-SHORT-2508.20431v1,q11,HP_minus_LP,0.16666666666666666
text29-PHY-SHORT-2509.06825v1,q11,HP_minus_LP,0.06666666666666667
text30-PHY-SHORT-2509.17653v2,q11,HP_minus_LP,0.16666666666666666
text31-MATH-SHORT-2511.03536v1,q11,HP_minus_LP,0.2833333333333333
text32-MATH-SHORT-2603.02088v1,q11,HP_minus_LP,0.23333333333333336
text33-MATH-SHORT-2512.22134v3,q11,HP_minus_LP,0.225
text34-MATH-SHORT-2509.00532v1,q11,HP_minus_LP,0.016666666666666666
text35-MATH-SHORT-2512.06844v1,q11,HP_minus_LP,0.325
text36-MATH-SHORT-2503.09380v2,q11,HP_minus_LP,0.10000000000000002
text37-MATH-SHORT-2510.26426v1,q11,HP_minus_LP,0.35000000000000003
text38-MATH-SHORT-2512.04101v1,q11,HP_minus_LP,0.0666666666666667
text39-MATH-SHORT-2506.11609v2,q11,HP_minus_LP,0.19166666666666668
text40-MATH-SHORT-2507.15879v2,q11,HP_minus_LP,0.06666666666666667
text41-BIO-LONG-2512.06709v1,q11,HP_minus_LP,0.04999999999999999
text42-BIO-LONG-2503.07104v1,q11,HP_minus_LP,0.09166666666666663
text43-BIO-LONG-2506.16577v1,q11,HP_minus_LP,0.18333333333333332
text44-BIO-LONG-2505.20052v1,q11,HP_minus_LP,0.06666666666666667
text45-BIO-LONG-2507.17897v4,q11,HP_minus_LP,0.15833333333333333
text46-BIO-LONG-2505.05863v1,q11,HP_minus_LP,0.11666666666666665
text47-BIO-LONG-2505.21094v1,q11,HP_minus_LP,0.24166666666666667
text48-BIO-LONG-2602.16750v1,q11,HP_minus_LP,0.05833333333333335
text49-BIO-LONG-2511.10014v1,q11,HP_minus_LP,0.025000000000000012
text50-BIO-LONG-2603.01054v1,q11,HP_minus_LP,0.16666666666666666
text51-CS-LONG-2602.11588v1,q11,HP_minus_LP,0.125
text52-CS-LONG-2602.15675v1,q11,HP_minus_LP,0.08333333333333333
text53-CS-LONG-2603.02012v1,q11,HP_minus_LP,0.10833333333333334
text54-CS-LONG-2602.23006v1,q11,HP_minus_LP,-0.19166666666666665
text55-CS-LONG-2602.21625v1,q11,HP_minus_LP,0.08333333333333333
text56-CS-LONG-2602.13713v1,q11,HP_minus_LP,0.10833333333333332
text57-CS-LONG-2603.00079v1,q11,HP_minus_LP,-0.05833333333333335
text58-CS-LONG-2603.01023v1,q11,HP_minus_LP,0.11666666666666665
text59-CS-LONG-2602.19401v1,q11,HP_minus_LP,-0.033333333333333326
text60-CS-LONG-2602.18518v1,q11,HP_minus_LP,0.05000000000000001
text61-PHY-LONG-2602.03885v1,q11,HP_minus_LP,0.26666666666666666
text62-PHY-LONG-2511.21971v1,q11,HP_minus_LP,0.13333333333333336
text63-PHY-LONG-2512.18015v1,q11,HP_minus_LP,0.21666666666666665
text64-PHY-LONG-2602.23683v1,q11,HP_minus_LP,0.4583333333333333
text65-PHY-LONG-2601.13267v1,q11,HP_minus_LP,0.19166666666666665
text66-PHY-LONG-2512.24566v1,q11,HP_minus_LP,0.16666666666666666
text67-PHY-LONG-2602.07636v2,q11,HP_minus_LP,-0.00833333333333336
text68-PHY-LONG-2512.18130v1,q11,HP_minus_LP,0.19166666666666665
text69-PHY-LONG-2602.17389v1,q11,HP_minus_LP,0.10833333333333334
text70-PHY-LONG-2602.08188v1,q11,HP_minus_LP,0.16666666666666666
text71-MATH-LONG-2511.12781v1,q11,HP_minus_LP,0.11666666666666665
text72-MATH-LONG-2602.06095v1,q11,HP_minus_LP,0.049999999999999996
text73-MATH-LONG-2511.18101v1,q11,HP_minus_LP,0.25
text74-MATH-LONG-2512.15978v1,q11,HP_minus_LP,-0.06666666666666665
text75-MATH-LONG-2511.22140v1,q11,HP_minus_LP,0.00833333333333335
text76-MATH-LONG-2602.20441v1,q11,HP_minus_LP,0.18333333333333326
text77-MATH-LONG-2601.20851v2,q11,HP_minus_LP,-0.08333333333333333
text78-MATH-LONG-2512.17595v1,q11,HP_minus_LP,0.041666666666666664
text79-MATH-LONG-2512.10129v1,q11,HP_minus_LP,0.05000000000000001
text80-MATH-LONG-2512.10507v1,q11,HP_minus_LP,-0.10833333333333332
text01-BIO-SHORT-2505.02276v1,q11,Name_x_Inst,0.08333333333333333
text02-BIO-SHORT-2507.04575v1,q11,Name_x_Inst,0.033333333333333326
text03-BIO-SHORT-2505.11568v3,q11,Name_x_Inst,0.11666666666666665
text04-BIO-SHORT-2507.08385v1,q11,Name_x_Inst,-0.10000000000000002
text05-BIO-SHORT-2504.10973v1,q11,Name_x_Inst,0.05000000000000001
text06-BIO-SHORT-2506.14789v1,q11,Name_x_Inst,3.700743415417188e-17
text07-BIO-SHORT-2506.13576v3,q11,Name_x_Inst,0.05000000000000001
text08-BIO-SHORT-2503.19923v2,q11,Name_x_Inst,-0.06666666666666667
text09-BIO-SHORT-2602.00019v1,q11,Name_x_Inst,0.0
text10-BIO-SHORT-2506.13817v1,q11,Name_x_Inst,-0.03333333333333336
text11-CS-SHORT-2506.09194v1,q11,Name_x_Inst,-0.23333333333333336
text12-CS-SHORT-2512.19717v1,q11,Name_x_Inst,-0.1333333333333333
text13-CS-SHORT-2510.04124v5,q11,Name_x_Inst,0.016666666666666663
text14-CS-SHORT-2509.13349v2,q11,Name_x_Inst,0.28333333333333327
text15-CS-SHORT-2602.03870v1,q11,Name_x_Inst,0.26666666666666666
text16-CS-SHORT-2509.06033v1,q11,Name_x_Inst,-0.43333333333333335
text17-CS-SHORT-2509.16294v1,q11,Name_x_Inst,0.10000000000000002
text18-CS-SHORT-2507.09492v1,q11,Name_x_Inst,-0.016666666666666653
text19-CS-SHORT-2509.14600v1,q11,Name_x_Inst,0.38333333333333336
text20-CS-SHORT-2503.14899v1,q11,Name_x_Inst,0.3833333333333333
text21-PHY-SHORT-2601.23079v1,q11,Name_x_Inst,0.18333333333333338
text22-PHY-SHORT-2601.23047v1,q11,Name_x_Inst,-0.04999999999999999
text23-PHY-SHORT-2601.23057v1,q11,Name_x_Inst,0.016666666666666663
text24-PHY-SHORT-2509.16741v1,q11,Name_x_Inst,-0.09999999999999998
text25-PHY-SHORT-2507.08042v1,q11,Name_x_Inst,0.5499999999999999
text26-PHY-SHORT-2512.23538v1,q11,Name_x_Inst,0.4166666666666667
text27-PHY-SHORT-2510.18500v1,q11,Name_x_Inst,0.21666666666666667
text28-PHY-SHORT-2508.20431v1,q11,Name_x_Inst,0.06666666666666665
text29-PHY-SHORT-2509.06825v1,q11,Name_x_Inst,-0.03333333333333335
text30-PHY-SHORT-2509.17653v2,q11,Name_x_Inst,0.43333333333333335
text31-MATH-SHORT-2511.03536v1,q11,Name_x_Inst,-1.850371707708594e-17
text32-MATH-SHORT-2603.02088v1,q11,Name_x_Inst,-0.033333333333333326
text33-MATH-SHORT-2512.22134v3,q11,Name_x_Inst,0.016666666666666663
text34-MATH-SHORT-2509.00532v1,q11,Name_x_Inst,-0.6666666666666666
text35-MATH-SHORT-2512.06844v1,q11,Name_x_Inst,0.21666666666666667
text36-MATH-SHORT-2503.09380v2,q11,Name_x_Inst,0.0666666666666667
text37-MATH-SHORT-2510.26426v1,q11,Name_x_Inst,0.03333333333333335
text38-MATH-SHORT-2512.04101v1,q11,Name_x_Inst,-0.033333333333333326
text39-MATH-SHORT-2506.11609v2,q11,Name_x_Inst,-0.6166666666666667
text40-MATH-SHORT-2507.15879v2,q11,Name_x_Inst,-1.850371707708594e-17
text41-BIO-LONG-2512.06709v1,q11,Name_x_Inst,0.10000000000000005
text42-BIO-LONG-2503.07104v1,q11,Name_x_Inst,-0.01666666666666668
text43-BIO-LONG-2506.16577v1,q11,Name_x_Inst,-0.06666666666666668
text44-BIO-LONG-2505.20052v1,q11,Name_x_Inst,0.06666666666666665
text45-BIO-LONG-2507.17897v4,q11,Name_x_Inst,0.11666666666666664
text46-BIO-LONG-2505.05863v1,q11,Name_x_Inst,-0.03333333333333336
text47-BIO-LONG-2505.21094v1,q11,Name_x_Inst,0.28333333333333327
text48-BIO-LONG-2602.16750v1,q11,Name_x_Inst,0.18333333333333335
text49-BIO-LONG-2511.10014v1,q11,Name_x_Inst,-0.050000000000000024
text50-BIO-LONG-2603.01054v1,q11,Name_x_Inst,-0.1333333333333334
text51-CS-LONG-2602.11588v1,q11,Name_x_Inst,0.18333333333333335
text52-CS-LONG-2602.15675v1,q11,Name_x_Inst,0.0
text53-CS-LONG-2603.02012v1,q11,Name_x_Inst,0.11666666666666665
text54-CS-LONG-2602.23006v1,q11,Name_x_Inst,0.016666666666666646
text55-CS-LONG-2602.21625v1,q11,Name_x_Inst,0.06666666666666667
text56-CS-LONG-2602.13713v1,q11,Name_x_Inst,0.049999999999999954
text57-CS-LONG-2603.00079v1,q11,Name_x_Inst,-0.35000000000000003
text58-CS-LONG-2603.01023v1,q11,Name_x_Inst,-0.09999999999999999
text59-CS-LONG-2602.19401v1,q11,Name_x_Inst,0.1333333333333333
text60-CS-LONG-2602.18518v1,q11,Name_x_Inst,0.10000000000000002
text61-PHY-LONG-2602.03885v1,q11,Name_x_Inst,-0.0666666666666667
text62-PHY-LONG-2511.21971v1,q11,Name_x_Inst,0.03333333333333335
text63-PHY-LONG-2512.18015v1,q11,Name_x_Inst,-0.033333333333333375
text64-PHY-LONG-2602.23683v1,q11,Name_x_Inst,-0.25
text65-PHY-LONG-2601.13267v1,q11,Name_x_Inst,-0.2166666666666667
text66-PHY-LONG-2512.24566v1,q11,Name_x_Inst,-0.1666666666666667
text67-PHY-LONG-2602.07636v2,q11,Name_x_Inst,-0.11666666666666663
text68-PHY-LONG-2512.18130v1,q11,Name_x_Inst,0.08333333333333333
text69-PHY-LONG-2602.17389v1,q11,Name_x_Inst,0.05000000000000001
text70-PHY-LONG-2602.08188v1,q11,Name_x_Inst,-1.850371707708594e-17
text71-MATH-LONG-2511.12781v1,q11,Name_x_Inst,-0.03333333333333335
text72-MATH-LONG-2602.06095v1,q11,Name_x_Inst,-0.19999999999999998
text73-MATH-LONG-2511.18101v1,q11,Name_x_Inst,0.19999999999999998
text74-MATH-LONG-2512.15978v1,q11,Name_x_Inst,-0.10000000000000002
text75-MATH-LONG-2511.22140v1,q11,Name_x_Inst,0.0166666666666667
text76-MATH-LONG-2602.20441v1,q11,Name_x_Inst,0.06666666666666667
text77-MATH-LONG-2601.20851v2,q11,Name_x_Inst,-0.09999999999999994
text78-MATH-LONG-2512.17595v1,q11,Name_x_Inst,0.01666666666666668
text79-MATH-LONG-2512.10129v1,q11,Name_x_Inst,0.0
text80-MATH-LONG-2512.10507v1,q11,Name_x_Inst,0.14999999999999997
text01-BIO-SHORT-2505.02276v1,q11,Name_x_Bibliometrics,0.21666666666666667
text02-BIO-SHORT-2507.04575v1,q11,Name_x_Bibliometrics,0.13333333333333333
text03-BIO-SHORT-2505.11568v3,q11,Name_x_Bibliometrics,0.016666666666666646
text04-BIO-SHORT-2507.08385v1,q11,Name_x_Bibliometrics,0.03333333333333332
text05-BIO-SHORT-2504.10973v1,q11,Name_x_Bibliometrics,0.15
text06-BIO-SHORT-2506.14789v1,q11,Name_x_Bibliometrics,0.09999999999999998
text07-BIO-SHORT-2506.13576v3,q11,Name_x_Bibliometrics,0.05000000000000001
text08-BIO-SHORT-2503.19923v2,q11,Name_x_Bibliometrics,0.13333333333333333
text09-BIO-SHORT-2602.00019v1,q11,Name_x_Bibliometrics,0.2333333333333333
text10-BIO-SHORT-2506.13817v1,q11,Name_x_Bibliometrics,-0.1333333333333333
text11-CS-SHORT-2506.09194v1,q11,Name_x_Bibliometrics,-0.033333333333333326
text12-CS-SHORT-2512.19717v1,q11,Name_x_Bibliometrics,-0.20000000000000004
text13-CS-SHORT-2510.04124v5,q11,Name_x_Bibliometrics,-0.050000000000000024
text14-CS-SHORT-2509.13349v2,q11,Name_x_Bibliometrics,-0.016666666666666663
text15-CS-SHORT-2602.03870v1,q11,Name_x_Bibliometrics,0.03333333333333327
text16-CS-SHORT-2509.06033v1,q11,Name_x_Bibliometrics,0.26666666666666666
text17-CS-SHORT-2509.16294v1,q11,Name_x_Bibliometrics,0.10000000000000002
text18-CS-SHORT-2507.09492v1,q11,Name_x_Bibliometrics,-0.016666666666666653
text19-CS-SHORT-2509.14600v1,q11,Name_x_Bibliometrics,-0.08333333333333331
text20-CS-SHORT-2503.14899v1,q11,Name_x_Bibliometrics,-0.11666666666666665
text21-PHY-SHORT-2601.23079v1,q11,Name_x_Bibliometrics,0.15000000000000002
text22-PHY-SHORT-2601.23047v1,q11,Name_x_Bibliometrics,0.18333333333333335
text23-PHY-SHORT-2601.23057v1,q11,Name_x_Bibliometrics,0.11666666666666668
text24-PHY-SHORT-2509.16741v1,q11,Name_x_Bibliometrics,0.13333333333333333
text25-PHY-SHORT-2507.08042v1,q11,Name_x_Bibliometrics,0.3166666666666667
text26-PHY-SHORT-2512.23538v1,q11,Name_x_Bibliometrics,-0.21666666666666667
text27-PHY-SHORT-2510.18500v1,q11,Name_x_Bibliometrics,-0.18333333333333332
text28-PHY-SHORT-2508.20431v1,q11,Name_x_Bibliometrics,-0.03333333333333336
text29-PHY-SHORT-2509.06825v1,q11,Name_x_Bibliometrics,0.03333333333333335
text30-PHY-SHORT-2509.17653v2,q11,Name_x_Bibliometrics,-0.13333333333333333
text31-MATH-SHORT-2511.03536v1,q11,Name_x_Bibliometrics,0.6666666666666666
text32-MATH-SHORT-2603.02088v1,q11,Name_x_Bibliometrics,0.033333333333333326
text33-MATH-SHORT-2512.22134v3,q11,Name_x_Bibliometrics,-0.11666666666666668
text34-MATH-SHORT-2509.00532v1,q11,Name_x_Bibliometrics,-0.03333333333333332
text35-MATH-SHORT-2512.06844v1,q11,Name_x_Bibliometrics,0.15
text36-MATH-SHORT-2503.09380v2,q11,Name_x_Bibliometrics,0.1333333333333334
text37-MATH-SHORT-2510.26426v1,q11,Name_x_Bibliometrics,-0.06666666666666671
text38-MATH-SHORT-2512.04101v1,q11,Name_x_Bibliometrics,0.30000000000000004
text39-MATH-SHORT-2506.11609v2,q11,Name_x_Bibliometrics,-0.2833333333333334
text40-MATH-SHORT-2507.15879v2,q11,Name_x_Bibliometrics,-0.06666666666666664
text41-BIO-LONG-2512.06709v1,q11,Name_x_Bibliometrics,0.19999999999999998
text42-BIO-LONG-2503.07104v1,q11,Name_x_Bibliometrics,0.01666666666666668
text43-BIO-LONG-2506.16577v1,q11,Name_x_Bibliometrics,5.551115123125783e-17
text44-BIO-LONG-2505.20052v1,q11,Name_x_Bibliometrics,0.033333333333333326
text45-BIO-LONG-2507.17897v4,q11,Name_x_Bibliometrics,0.016666666666666663
text46-BIO-LONG-2505.05863v1,q11,Name_x_Bibliometrics,0.0
text47-BIO-LONG-2505.21094v1,q11,Name_x_Bibliometrics,0.18333333333333335
text48-BIO-LONG-2602.16750v1,q11,Name_x_Bibliometrics,0.08333333333333333
text49-BIO-LONG-2511.10014v1,q11,Name_x_Bibliometrics,-0.11666666666666668
text50-BIO-LONG-2603.01054v1,q11,Name_x_Bibliometrics,-0.19999999999999996
text51-CS-LONG-2602.11588v1,q11,Name_x_Bibliometrics,0.25
text52-CS-LONG-2602.15675v1,q11,Name_x_Bibliometrics,0.0
text53-CS-LONG-2603.02012v1,q11,Name_x_Bibliometrics,-0.01666666666666668
text54-CS-LONG-2602.23006v1,q11,Name_x_Bibliometrics,0.5166666666666666
text55-CS-LONG-2602.21625v1,q11,Name_x_Bibliometrics,-0.09999999999999999
text56-CS-LONG-2602.13713v1,q11,Name_x_Bibliometrics,-0.08333333333333336
text57-CS-LONG-2603.00079v1,q11,Name_x_Bibliometrics,-0.11666666666666665
text58-CS-LONG-2603.01023v1,q11,Name_x_Bibliometrics,0.03333333333333335
text59-CS-LONG-2602.19401v1,q11,Name_x_Bibliometrics,-0.06666666666666672
text60-CS-LONG-2602.18518v1,q11,Name_x_Bibliometrics,-0.10000000000000002
text61-PHY-LONG-2602.03885v1,q11,Name_x_Bibliometrics,0.0666666666666667
text62-PHY-LONG-2511.21971v1,q11,Name_x_Bibliometrics,-0.16666666666666666
text63-PHY-LONG-2512.18015v1,q11,Name_x_Bibliometrics,-0.06666666666666667
text64-PHY-LONG-2602.23683v1,q11,Name_x_Bibliometrics,0.25
text65-PHY-LONG-2601.13267v1,q11,Name_x_Bibliometrics,0.2166666666666667
text66-PHY-LONG-2512.24566v1,q11,Name_x_Bibliometrics,0.13333333333333333
text67-PHY-LONG-2602.07636v2,q11,Name_x_Bibliometrics,0.01666666666666668
text68-PHY-LONG-2512.18130v1,q11,Name_x_Bibliometrics,0.15
text69-PHY-LONG-2602.17389v1,q11,Name_x_Bibliometrics,0.05000000000000001
text70-PHY-LONG-2602.08188v1,q11,Name_x_Bibliometrics,-0.03333333333333335
text71-MATH-LONG-2511.12781v1,q11,Name_x_Bibliometrics,0.13333333333333333
text72-MATH-LONG-2602.06095v1,q11,Name_x_Bibliometrics,0.03333333333333336
text73-MATH-LONG-2511.18101v1,q11,Name_x_Bibliometrics,0.03333333333333336
text74-MATH-LONG-2512.15978v1,q11,Name_x_Bibliometrics,-0.10000000000000002
text75-MATH-LONG-2511.22140v1,q11,Name_x_Bibliometrics,-0.08333333333333338
text76-MATH-LONG-2602.20441v1,q11,Name_x_Bibliometrics,-0.09999999999999999
text77-MATH-LONG-2601.20851v2,q11,Name_x_Bibliometrics,0.16666666666666666
text78-MATH-LONG-2512.17595v1,q11,Name_x_Bibliometrics,-0.1166666666666667
text79-MATH-LONG-2512.10129v1,q11,Name_x_Bibliometrics,0.16666666666666666
text80-MATH-LONG-2512.10507v1,q11,Name_x_Bibliometrics,0.1499999999999999
text01-BIO-SHORT-2505.02276v1,q11,Inst_x_Bibliometrics,0.08333333333333333
text02-BIO-SHORT-2507.04575v1,q11,Inst_x_Bibliometrics,0.033333333333333326
text03-BIO-SHORT-2505.11568v3,q11,Inst_x_Bibliometrics,-0.016666666666666646
text04-BIO-SHORT-2507.08385v1,q11,Inst_x_Bibliometrics,-0.3666666666666667
text05-BIO-SHORT-2504.10973v1,q11,Inst_x_Bibliometrics,0.21666666666666665
text06-BIO-SHORT-2506.14789v1,q11,Inst_x_Bibliometrics,0.033333333333333326
text07-BIO-SHORT-2506.13576v3,q11,Inst_x_Bibliometrics,0.016666666666666646
text08-BIO-SHORT-2503.19923v2,q11,Inst_x_Bibliometrics,-0.13333333333333333
text09-BIO-SHORT-2602.00019v1,q11,Inst_x_Bibliometrics,0.06666666666666665
text10-BIO-SHORT-2506.13817v1,q11,Inst_x_Bibliometrics,-0.3333333333333333
text11-CS-SHORT-2506.09194v1,q11,Inst_x_Bibliometrics,0.3
text12-CS-SHORT-2512.19717v1,q11,Inst_x_Bibliometrics,-0.20000000000000004
text13-CS-SHORT-2510.04124v5,q11,Inst_x_Bibliometrics,0.016666666666666663
text14-CS-SHORT-2509.13349v2,q11,Inst_x_Bibliometrics,0.08333333333333331
text15-CS-SHORT-2602.03870v1,q11,Inst_x_Bibliometrics,-0.09999999999999999
text16-CS-SHORT-2509.06033v1,q11,Inst_x_Bibliometrics,-0.3333333333333333
text17-CS-SHORT-2509.16294v1,q11,Inst_x_Bibliometrics,-0.06666666666666665
text18-CS-SHORT-2507.09492v1,q11,Inst_x_Bibliometrics,-0.016666666666666618
text19-CS-SHORT-2509.14600v1,q11,Inst_x_Bibliometrics,-0.11666666666666664
text20-CS-SHORT-2503.14899v1,q11,Inst_x_Bibliometrics,0.15000000000000002
text21-PHY-SHORT-2601.23079v1,q11,Inst_x_Bibliometrics,-0.05000000000000001
text22-PHY-SHORT-2601.23047v1,q11,Inst_x_Bibliometrics,0.21666666666666665
text23-PHY-SHORT-2601.23057v1,q11,Inst_x_Bibliometrics,0.04999999999999999
text24-PHY-SHORT-2509.16741v1,q11,Inst_x_Bibliometrics,-0.033333333333333326
text25-PHY-SHORT-2507.08042v1,q11,Inst_x_Bibliometrics,-0.21666666666666667
text26-PHY-SHORT-2512.23538v1,q11,Inst_x_Bibliometrics,-0.18333333333333332
text27-PHY-SHORT-2510.18500v1,q11,Inst_x_Bibliometrics,-0.2833333333333333
text28-PHY-SHORT-2508.20431v1,q11,Inst_x_Bibliometrics,-0.3
text29-PHY-SHORT-2509.06825v1,q11,Inst_x_Bibliometrics,-1.850371707708594e-17
text30-PHY-SHORT-2509.17653v2,q11,Inst_x_Bibliometrics,0.16666666666666666
text31-MATH-SHORT-2511.03536v1,q11,Inst_x_Bibliometrics,0.2333333333333333
text32-MATH-SHORT-2603.02088v1,q11,Inst_x_Bibliometrics,0.06666666666666665
text33-MATH-SHORT-2512.22134v3,q11,Inst_x_Bibliometrics,0.1166666666666667
text34-MATH-SHORT-2509.00532v1,q11,Inst_x_Bibliometrics,0.033333333333333326
text35-MATH-SHORT-2512.06844v1,q11,Inst_x_Bibliometrics,-0.08333333333333331
text36-MATH-SHORT-2503.09380v2,q11,Inst_x_Bibliometrics,-0.2333333333333333
text37-MATH-SHORT-2510.26426v1,q11,Inst_x_Bibliometrics,-0.20000000000000004
text38-MATH-SHORT-2512.04101v1,q11,Inst_x_Bibliometrics,0.3333333333333334
text39-MATH-SHORT-2506.11609v2,q11,Inst_x_Bibliometrics,0.04999999999999997
text40-MATH-SHORT-2507.15879v2,q11,Inst_x_Bibliometrics,0.033333333333333305
text41-BIO-LONG-2512.06709v1,q11,Inst_x_Bibliometrics,0.0666666666666667
text42-BIO-LONG-2503.07104v1,q11,Inst_x_Bibliometrics,-0.04999999999999997
text43-BIO-LONG-2506.16577v1,q11,Inst_x_Bibliometrics,-9.25185853854297e-18
text44-BIO-LONG-2505.20052v1,q11,Inst_x_Bibliometrics,-0.10000000000000002
text45-BIO-LONG-2507.17897v4,q11,Inst_x_Bibliometrics,0.15
text46-BIO-LONG-2505.05863v1,q11,Inst_x_Bibliometrics,0.03333333333333329
text47-BIO-LONG-2505.21094v1,q11,Inst_x_Bibliometrics,0.25
text48-BIO-LONG-2602.16750v1,q11,Inst_x_Bibliometrics,-0.08333333333333333
text49-BIO-LONG-2511.10014v1,q11,Inst_x_Bibliometrics,-0.18333333333333335
text50-BIO-LONG-2603.01054v1,q11,Inst_x_Bibliometrics,0.0
text51-CS-LONG-2602.11588v1,q11,Inst_x_Bibliometrics,0.24999999999999992
text52-CS-LONG-2602.15675v1,q11,Inst_x_Bibliometrics,0.16666666666666666
text53-CS-LONG-2603.02012v1,q11,Inst_x_Bibliometrics,-0.01666666666666668
text54-CS-LONG-2602.23006v1,q11,Inst_x_Bibliometrics,-0.11666666666666665
text55-CS-LONG-2602.21625v1,q11,Inst_x_Bibliometrics,-0.16666666666666666
text56-CS-LONG-2602.13713v1,q11,Inst_x_Bibliometrics,-0.016666666666666625
text57-CS-LONG-2603.00079v1,q11,Inst_x_Bibliometrics,0.0833333333333333
text58-CS-LONG-2603.01023v1,q11,Inst_x_Bibliometrics,-0.3333333333333333
text59-CS-LONG-2602.19401v1,q11,Inst_x_Bibliometrics,-0.06666666666666665
text60-CS-LONG-2602.18518v1,q11,Inst_x_Bibliometrics,-0.06666666666666665
text61-PHY-LONG-2602.03885v1,q11,Inst_x_Bibliometrics,-0.06666666666666665
text62-PHY-LONG-2511.21971v1,q11,Inst_x_Bibliometrics,0.20000000000000004
text63-PHY-LONG-2512.18015v1,q11,Inst_x_Bibliometrics,0.09999999999999998
text64-PHY-LONG-2602.23683v1,q11,Inst_x_Bibliometrics,0.08333333333333333
text65-PHY-LONG-2601.13267v1,q11,Inst_x_Bibliometrics,-0.08333333333333331
text66-PHY-LONG-2512.24566v1,q11,Inst_x_Bibliometrics,-0.033333333333333326
text67-PHY-LONG-2602.07636v2,q11,Inst_x_Bibliometrics,0.7166666666666667
text68-PHY-LONG-2512.18130v1,q11,Inst_x_Bibliometrics,0.18333333333333335
text69-PHY-LONG-2602.17389v1,q11,Inst_x_Bibliometrics,0.05000000000000001
text70-PHY-LONG-2602.08188v1,q11,Inst_x_Bibliometrics,-0.3
text71-MATH-LONG-2511.12781v1,q11,Inst_x_Bibliometrics,-0.20000000000000004
text72-MATH-LONG-2602.06095v1,q11,Inst_x_Bibliometrics,-0.39999999999999997
text73-MATH-LONG-2511.18101v1,q11,Inst_x_Bibliometrics,-0.10000000000000005
text74-MATH-LONG-2512.15978v1,q11,Inst_x_Bibliometrics,0.13333333333333333
text75-MATH-LONG-2511.22140v1,q11,Inst_x_Bibliometrics,-0.04999999999999999
text76-MATH-LONG-2602.20441v1,q11,Inst_x_Bibliometrics,-0.13333333333333333
text77-MATH-LONG-2601.20851v2,q11,Inst_x_Bibliometrics,0.16666666666666666
text78-MATH-LONG-2512.17595v1,q11,Inst_x_Bibliometrics,-0.48333333333333334
text79-MATH-LONG-2512.10129v1,q11,Inst_x_Bibliometrics,0.06666666666666665
text80-MATH-LONG-2512.10507v1,q11,Inst_x_Bibliometrics,-0.55
text01-BIO-SHORT-2505.02276v1,q12,BF_minus_WM,0.0666666666666667
text02-BIO-SHORT-2507.04575v1,q12,BF_minus_WM,0.09999999999999999
text03-BIO-SHORT-2505.11568v3,q12,BF_minus_WM,0.025000000000000005
text04-BIO-SHORT-2507.08385v1,q12,BF_minus_WM,0.04999999999999999
text05-BIO-SHORT-2504.10973v1,q12,BF_minus_WM,0.09166666666666667
text06-BIO-SHORT-2506.14789v1,q12,BF_minus_WM,-0.041666666666666664
text07-BIO-SHORT-2506.13576v3,q12,BF_minus_WM,0.025000000000000012
text08-BIO-SHORT-2503.19923v2,q12,BF_minus_WM,-0.35833333333333334
text09-BIO-SHORT-2602.00019v1,q12,BF_minus_WM,0.033333333333333326
text10-BIO-SHORT-2506.13817v1,q12,BF_minus_WM,0.00833333333333334
text11-CS-SHORT-2506.09194v1,q12,BF_minus_WM,0.17500000000000002
text12-CS-SHORT-2512.19717v1,q12,BF_minus_WM,0.016666666666666653
text13-CS-SHORT-2510.04124v5,q12,BF_minus_WM,0.008333333333333331
text14-CS-SHORT-2509.13349v2,q12,BF_minus_WM,0.1416666666666667
text15-CS-SHORT-2602.03870v1,q12,BF_minus_WM,0.03333333333333333
text16-CS-SHORT-2509.06033v1,q12,BF_minus_WM,-0.03333333333333333
text17-CS-SHORT-2509.16294v1,q12,BF_minus_WM,-0.041666666666666664
text18-CS-SHORT-2507.09492v1,q12,BF_minus_WM,0.03333333333333333
text19-CS-SHORT-2509.14600v1,q12,BF_minus_WM,0.39999999999999997
text20-CS-SHORT-2503.14899v1,q12,BF_minus_WM,0.049999999999999996
text21-PHY-SHORT-2601.23079v1,q12,BF_minus_WM,-0.00833333333333334
text22-PHY-SHORT-2601.23047v1,q12,BF_minus_WM,0.008333333333333331
text23-PHY-SHORT-2601.23057v1,q12,BF_minus_WM,0.008333333333333331
text24-PHY-SHORT-2509.16741v1,q12,BF_minus_WM,-0.03333333333333333
text25-PHY-SHORT-2507.08042v1,q12,BF_minus_WM,0.025000000000000005
text26-PHY-SHORT-2512.23538v1,q12,BF_minus_WM,0.06666666666666667
text27-PHY-SHORT-2510.18500v1,q12,BF_minus_WM,0.025000000000000012
text28-PHY-SHORT-2508.20431v1,q12,BF_minus_WM,0.04999999999999998
text29-PHY-SHORT-2509.06825v1,q12,BF_minus_WM,4.625929269271485e-18
text30-PHY-SHORT-2509.17653v2,q12,BF_minus_WM,0.2916666666666667
text31-MATH-SHORT-2511.03536v1,q12,BF_minus_WM,-0.00833333333333334
text32-MATH-SHORT-2603.02088v1,q12,BF_minus_WM,0.049999999999999996
text33-MATH-SHORT-2512.22134v3,q12,BF_minus_WM,0.03333333333333335
text34-MATH-SHORT-2509.00532v1,q12,BF_minus_WM,-0.30833333333333335
text35-MATH-SHORT-2512.06844v1,q12,BF_minus_WM,0.10833333333333334
text36-MATH-SHORT-2503.09380v2,q12,BF_minus_WM,0.05833333333333333
text37-MATH-SHORT-2510.26426v1,q12,BF_minus_WM,0.09999999999999998
text38-MATH-SHORT-2512.04101v1,q12,BF_minus_WM,0.06666666666666667
text39-MATH-SHORT-2506.11609v2,q12,BF_minus_WM,0.08333333333333333
text40-MATH-SHORT-2507.15879v2,q12,BF_minus_WM,-0.25
text41-BIO-LONG-2512.06709v1,q12,BF_minus_WM,-0.05833333333333333
text42-BIO-LONG-2503.07104v1,q12,BF_minus_WM,9.25185853854297e-18
text43-BIO-LONG-2506.16577v1,q12,BF_minus_WM,0.05000000000000001
text44-BIO-LONG-2505.20052v1,q12,BF_minus_WM,0.17500000000000002
text45-BIO-LONG-2507.17897v4,q12,BF_minus_WM,0.13333333333333333
text46-BIO-LONG-2505.05863v1,q12,BF_minus_WM,0.06666666666666667
text47-BIO-LONG-2505.21094v1,q12,BF_minus_WM,0.13333333333333333
text48-BIO-LONG-2602.16750v1,q12,BF_minus_WM,0.016666666666666663
text49-BIO-LONG-2511.10014v1,q12,BF_minus_WM,0.0
text50-BIO-LONG-2603.01054v1,q12,BF_minus_WM,1.850371707708594e-17
text51-CS-LONG-2602.11588v1,q12,BF_minus_WM,0.15
text52-CS-LONG-2602.15675v1,q12,BF_minus_WM,-0.05833333333333332
text53-CS-LONG-2603.02012v1,q12,BF_minus_WM,-0.025000000000000005
text54-CS-LONG-2602.23006v1,q12,BF_minus_WM,0.016666666666666656
text55-CS-LONG-2602.21625v1,q12,BF_minus_WM,0.26666666666666666
text56-CS-LONG-2602.13713v1,q12,BF_minus_WM,0.049999999999999996
text57-CS-LONG-2603.00079v1,q12,BF_minus_WM,0.09999999999999999
text58-CS-LONG-2603.01023v1,q12,BF_minus_WM,0.09166666666666667
text59-CS-LONG-2602.19401v1,q12,BF_minus_WM,-0.00833333333333334
text60-CS-LONG-2602.18518v1,q12,BF_minus_WM,-0.033333333333333326
text61-PHY-LONG-2602.03885v1,q12,BF_minus_WM,-0.01666666666666668
text62-PHY-LONG-2511.21971v1,q12,BF_minus_WM,0.075
text63-PHY-LONG-2512.18015v1,q12,BF_minus_WM,0.10833333333333335
text64-PHY-LONG-2602.23683v1,q12,BF_minus_WM,0.15833333333333333
text65-PHY-LONG-2601.13267v1,q12,BF_minus_WM,0.15833333333333333
text66-PHY-LONG-2512.24566v1,q12,BF_minus_WM,0.00833333333333334
text67-PHY-LONG-2602.07636v2,q12,BF_minus_WM,0.1416666666666667
text68-PHY-LONG-2512.18130v1,q12,BF_minus_WM,0.016666666666666666
text69-PHY-LONG-2602.17389v1,q12,BF_minus_WM,0.024999999999999994
text70-PHY-LONG-2602.08188v1,q12,BF_minus_WM,2.3129646346357427e-18
text71-MATH-LONG-2511.12781v1,q12,BF_minus_WM,0.04166666666666665
text72-MATH-LONG-2602.06095v1,q12,BF_minus_WM,-0.016666666666666666
text73-MATH-LONG-2511.18101v1,q12,BF_minus_WM,0.01666666666666668
text74-MATH-LONG-2512.15978v1,q12,BF_minus_WM,0.05833333333333333
text75-MATH-LONG-2511.22140v1,q12,BF_minus_WM,0.19999999999999998
text76-MATH-LONG-2602.20441v1,q12,BF_minus_WM,-4.625929269271485e-18
text77-MATH-LONG-2601.20851v2,q12,BF_minus_WM,-0.06666666666666667
text78-MATH-LONG-2512.17595v1,q12,BF_minus_WM,0.041666666666666644
text79-MATH-LONG-2512.10129v1,q12,BF_minus_WM,0.025000000000000005
text80-MATH-LONG-2512.10507v1,q12,BF_minus_WM,0.05000000000000001
text01-BIO-SHORT-2505.02276v1,q12,HI_minus_LI,-0.06666666666666667
text02-BIO-SHORT-2507.04575v1,q12,HI_minus_LI,0.23333333333333336
text03-BIO-SHORT-2505.11568v3,q12,HI_minus_LI,0.10833333333333334
text04-BIO-SHORT-2507.08385v1,q12,HI_minus_LI,0.3833333333333333
text05-BIO-SHORT-2504.10973v1,q12,HI_minus_LI,0.041666666666666664
text06-BIO-SHORT-2506.14789v1,q12,HI_minus_LI,0.05833333333333335
text07-BIO-SHORT-2506.13576v3,q12,HI_minus_LI,0.1083333333333333
text08-BIO-SHORT-2503.19923v2,q12,HI_minus_LI,-0.041666666666666664
text09-BIO-SHORT-2602.00019v1,q12,HI_minus_LI,0.05000000000000001
text10-BIO-SHORT-2506.13817v1,q12,HI_minus_LI,0.15833333333333333
text11-CS-SHORT-2506.09194v1,q12,HI_minus_LI,0.008333333333333331
text12-CS-SHORT-2512.19717v1,q12,HI_minus_LI,0.2333333333333333
text13-CS-SHORT-2510.04124v5,q12,HI_minus_LI,0.008333333333333331
text14-CS-SHORT-2509.13349v2,q12,HI_minus_LI,0.1416666666666667
text15-CS-SHORT-2602.03870v1,q12,HI_minus_LI,0.049999999999999996
text16-CS-SHORT-2509.06033v1,q12,HI_minus_LI,-0.13333333333333333
text17-CS-SHORT-2509.16294v1,q12,HI_minus_LI,0.008333333333333331
text18-CS-SHORT-2507.09492v1,q12,HI_minus_LI,0.15
text19-CS-SHORT-2509.14600v1,q12,HI_minus_LI,-0.05000000000000001
text20-CS-SHORT-2503.14899v1,q12,HI_minus_LI,-0.049999999999999996
text21-PHY-SHORT-2601.23079v1,q12,HI_minus_LI,0.00833333333333334
text22-PHY-SHORT-2601.23047v1,q12,HI_minus_LI,0.09166666666666667
text23-PHY-SHORT-2601.23057v1,q12,HI_minus_LI,0.008333333333333331
text24-PHY-SHORT-2509.16741v1,q12,HI_minus_LI,0.03333333333333333
text25-PHY-SHORT-2507.08042v1,q12,HI_minus_LI,-0.2583333333333333
text26-PHY-SHORT-2512.23538v1,q12,HI_minus_LI,0.13333333333333333
text27-PHY-SHORT-2510.18500v1,q12,HI_minus_LI,0.09166666666666667
text28-PHY-SHORT-2508.20431v1,q12,HI_minus_LI,0.09999999999999998
text29-PHY-SHORT-2509.06825v1,q12,HI_minus_LI,-0.01666666666666666
text30-PHY-SHORT-2509.17653v2,q12,HI_minus_LI,-0.125
text31-MATH-SHORT-2511.03536v1,q12,HI_minus_LI,0.075
text32-MATH-SHORT-2603.02088v1,q12,HI_minus_LI,-0.10000000000000002
text33-MATH-SHORT-2512.22134v3,q12,HI_minus_LI,0.09999999999999999
text34-MATH-SHORT-2509.00532v1,q12,HI_minus_LI,0.19166666666666665
text35-MATH-SHORT-2512.06844v1,q12,HI_minus_LI,0.04166666666666666
text36-MATH-SHORT-2503.09380v2,q12,HI_minus_LI,0.07500000000000001
text37-MATH-SHORT-2510.26426v1,q12,HI_minus_LI,0.09999999999999998
text38-MATH-SHORT-2512.04101v1,q12,HI_minus_LI,0.09999999999999996
text39-MATH-SHORT-2506.11609v2,q12,HI_minus_LI,0.09999999999999999
text40-MATH-SHORT-2507.15879v2,q12,HI_minus_LI,-0.25
text41-BIO-LONG-2512.06709v1,q12,HI_minus_LI,0.075
text42-BIO-LONG-2503.07104v1,q12,HI_minus_LI,0.03333333333333333
text43-BIO-LONG-2506.16577v1,q12,HI_minus_LI,-0.03333333333333333
text44-BIO-LONG-2505.20052v1,q12,HI_minus_LI,0.09166666666666667
text45-BIO-LONG-2507.17897v4,q12,HI_minus_LI,0.05000000000000002
text46-BIO-LONG-2505.05863v1,q12,HI_minus_LI,-1.850371707708594e-17
text47-BIO-LONG-2505.21094v1,q12,HI_minus_LI,0.09999999999999999
text48-BIO-LONG-2602.16750v1,q12,HI_minus_LI,0.15
text49-BIO-LONG-2511.10014v1,q12,HI_minus_LI,0.016666666666666663
text50-BIO-LONG-2603.01054v1,q12,HI_minus_LI,-0.033333333333333326
text51-CS-LONG-2602.11588v1,q12,HI_minus_LI,0.15
text52-CS-LONG-2602.15675v1,q12,HI_minus_LI,0.20833333333333334
text53-CS-LONG-2603.02012v1,q12,HI_minus_LI,0.00833333333333336
text54-CS-LONG-2602.23006v1,q12,HI_minus_LI,-0.08333333333333333
text55-CS-LONG-2602.21625v1,q12,HI_minus_LI,0.2333333333333333
text56-CS-LONG-2602.13713v1,q12,HI_minus_LI,0.3499999999999999
text57-CS-LONG-2603.00079v1,q12,HI_minus_LI,0.016666666666666663
text58-CS-LONG-2603.01023v1,q12,HI_minus_LI,-0.1083333333333333
text59-CS-LONG-2602.19401v1,q12,HI_minus_LI,0.025000000000000005
text60-CS-LONG-2602.18518v1,q12,HI_minus_LI,0.13333333333333333
text61-PHY-LONG-2602.03885v1,q12,HI_minus_LI,0.11666666666666665
text62-PHY-LONG-2511.21971v1,q12,HI_minus_LI,0.05833333333333334
text63-PHY-LONG-2512.18015v1,q12,HI_minus_LI,0.05833333333333332
text64-PHY-LONG-2602.23683v1,q12,HI_minus_LI,0.25833333333333336
text65-PHY-LONG-2601.13267v1,q12,HI_minus_LI,0.225
text66-PHY-LONG-2512.24566v1,q12,HI_minus_LI,0.05833333333333331
text67-PHY-LONG-2602.07636v2,q12,HI_minus_LI,0.09166666666666663
text68-PHY-LONG-2512.18130v1,q12,HI_minus_LI,0.10000000000000002
text69-PHY-LONG-2602.17389v1,q12,HI_minus_LI,-0.04166666666666668
text70-PHY-LONG-2602.08188v1,q12,HI_minus_LI,-0.049999999999999996
text71-MATH-LONG-2511.12781v1,q12,HI_minus_LI,-0.025000000000000005
text72-MATH-LONG-2602.06095v1,q12,HI_minus_LI,0.016666666666666663
text73-MATH-LONG-2511.18101v1,q12,HI_minus_LI,0.0
text74-MATH-LONG-2512.15978v1,q12,HI_minus_LI,0.1583333333333333
text75-MATH-LONG-2511.22140v1,q12,HI_minus_LI,0.18333333333333335
text76-MATH-LONG-2602.20441v1,q12,HI_minus_LI,0.0
text77-MATH-LONG-2601.20851v2,q12,HI_minus_LI,0.13333333333333336
text78-MATH-LONG-2512.17595v1,q12,HI_minus_LI,0.04166666666666665
text79-MATH-LONG-2512.10129v1,q12,HI_minus_LI,-0.025000000000000005
text80-MATH-LONG-2512.10507v1,q12,HI_minus_LI,0.08333333333333333
text01-BIO-SHORT-2505.02276v1,q12,HP_minus_LP,0.06666666666666667
text02-BIO-SHORT-2507.04575v1,q12,HP_minus_LP,0.2833333333333334
text03-BIO-SHORT-2505.11568v3,q12,HP_minus_LP,0.07499999999999997
text04-BIO-SHORT-2507.08385v1,q12,HP_minus_LP,0.08333333333333333
text05-BIO-SHORT-2504.10973v1,q12,HP_minus_LP,0.125
text06-BIO-SHORT-2506.14789v1,q12,HP_minus_LP,-0.024999999999999984
text07-BIO-SHORT-2506.13576v3,q12,HP_minus_LP,0.1416666666666667
text08-BIO-SHORT-2503.19923v2,q12,HP_minus_LP,0.00833333333333334
text09-BIO-SHORT-2602.00019v1,q12,HP_minus_LP,0.13333333333333333
text10-BIO-SHORT-2506.13817v1,q12,HP_minus_LP,0.17500000000000002
text11-CS-SHORT-2506.09194v1,q12,HP_minus_LP,0.20833333333333334
text12-CS-SHORT-2512.19717v1,q12,HP_minus_LP,0.31666666666666665
text13-CS-SHORT-2510.04124v5,q12,HP_minus_LP,0.225
text14-CS-SHORT-2509.13349v2,q12,HP_minus_LP,0.008333333333333331
text15-CS-SHORT-2602.03870v1,q12,HP_minus_LP,0.19999999999999998
text16-CS-SHORT-2509.06033v1,q12,HP_minus_LP,0.13333333333333333
text17-CS-SHORT-2509.16294v1,q12,HP_minus_LP,0.15833333333333335
text18-CS-SHORT-2507.09492v1,q12,HP_minus_LP,0.15
text19-CS-SHORT-2509.14600v1,q12,HP_minus_LP,0.16666666666666666
text20-CS-SHORT-2503.14899v1,q12,HP_minus_LP,-0.11666666666666665
text21-PHY-SHORT-2601.23079v1,q12,HP_minus_LP,0.00833333333333334
text22-PHY-SHORT-2601.23047v1,q12,HP_minus_LP,0.15833333333333333
text23-PHY-SHORT-2601.23057v1,q12,HP_minus_LP,0.10833333333333334
text24-PHY-SHORT-2509.16741v1,q12,HP_minus_LP,0.13333333333333333
text25-PHY-SHORT-2507.08042v1,q12,HP_minus_LP,0.19166666666666665
text26-PHY-SHORT-2512.23538v1,q12,HP_minus_LP,-0.04999999999999999
text27-PHY-SHORT-2510.18500v1,q12,HP_minus_LP,0.041666666666666664
text28-PHY-SHORT-2508.20431v1,q12,HP_minus_LP,0.16666666666666666
text29-PHY-SHORT-2509.06825v1,q12,HP_minus_LP,4.625929269271485e-18
text30-PHY-SHORT-2509.17653v2,q12,HP_minus_LP,0.15833333333333333
text31-MATH-SHORT-2511.03536v1,q12,HP_minus_LP,0.14166666666666664
text32-MATH-SHORT-2603.02088v1,q12,HP_minus_LP,0.13333333333333333
text33-MATH-SHORT-2512.22134v3,q12,HP_minus_LP,0.15
text34-MATH-SHORT-2509.00532v1,q12,HP_minus_LP,0.125
text35-MATH-SHORT-2512.06844v1,q12,HP_minus_LP,0.10833333333333334
text36-MATH-SHORT-2503.09380v2,q12,HP_minus_LP,0.2416666666666667
text37-MATH-SHORT-2510.26426v1,q12,HP_minus_LP,0.36666666666666664
text38-MATH-SHORT-2512.04101v1,q12,HP_minus_LP,0.16666666666666666
text39-MATH-SHORT-2506.11609v2,q12,HP_minus_LP,0.38333333333333336
text40-MATH-SHORT-2507.15879v2,q12,HP_minus_LP,0.016666666666666663
text41-BIO-LONG-2512.06709v1,q12,HP_minus_LP,0.075
text42-BIO-LONG-2503.07104v1,q12,HP_minus_LP,0.2333333333333333
text43-BIO-LONG-2506.16577v1,q12,HP_minus_LP,0.25
text44-BIO-LONG-2505.20052v1,q12,HP_minus_LP,0.7583333333333333
text45-BIO-LONG-2507.17897v4,q12,HP_minus_LP,0.18333333333333332
text46-BIO-LONG-2505.05863v1,q12,HP_minus_LP,0.14999999999999997
text47-BIO-LONG-2505.21094v1,q12,HP_minus_LP,0.2333333333333333
text48-BIO-LONG-2602.16750v1,q12,HP_minus_LP,0.03333333333333335
text49-BIO-LONG-2511.10014v1,q12,HP_minus_LP,0.0
text50-BIO-LONG-2603.01054v1,q12,HP_minus_LP,0.11666666666666665
text51-CS-LONG-2602.11588v1,q12,HP_minus_LP,0.09999999999999999
text52-CS-LONG-2602.15675v1,q12,HP_minus_LP,0.29166666666666663
text53-CS-LONG-2603.02012v1,q12,HP_minus_LP,0.1416666666666667
text54-CS-LONG-2602.23006v1,q12,HP_minus_LP,0.15
text55-CS-LONG-2602.21625v1,q12,HP_minus_LP,0.13333333333333336
text56-CS-LONG-2602.13713v1,q12,HP_minus_LP,0.19999999999999998
text57-CS-LONG-2603.00079v1,q12,HP_minus_LP,-0.03333333333333334
text58-CS-LONG-2603.01023v1,q12,HP_minus_LP,0.275
text59-CS-LONG-2602.19401v1,q12,HP_minus_LP,0.04166666666666665
text60-CS-LONG-2602.18518v1,q12,HP_minus_LP,0.19999999999999998
text61-PHY-LONG-2602.03885v1,q12,HP_minus_LP,0.11666666666666665
text62-PHY-LONG-2511.21971v1,q12,HP_minus_LP,0.24166666666666667
text63-PHY-LONG-2512.18015v1,q12,HP_minus_LP,0.375
text64-PHY-LONG-2602.23683v1,q12,HP_minus_LP,0.5750000000000001
text65-PHY-LONG-2601.13267v1,q12,HP_minus_LP,0.19166666666666665
text66-PHY-LONG-2512.24566v1,q12,HP_minus_LP,0.09166666666666667
text67-PHY-LONG-2602.07636v2,q12,HP_minus_LP,0.10833333333333332
text68-PHY-LONG-2512.18130v1,q12,HP_minus_LP,0.5166666666666667
text69-PHY-LONG-2602.17389v1,q12,HP_minus_LP,0.05833333333333335
text70-PHY-LONG-2602.08188v1,q12,HP_minus_LP,0.20000000000000004
text71-MATH-LONG-2511.12781v1,q12,HP_minus_LP,0.05833333333333333
text72-MATH-LONG-2602.06095v1,q12,HP_minus_LP,0.18333333333333335
text73-MATH-LONG-2511.18101v1,q12,HP_minus_LP,0.1333333333333333
text74-MATH-LONG-2512.15978v1,q12,HP_minus_LP,0.17500000000000002
text75-MATH-LONG-2511.22140v1,q12,HP_minus_LP,0.1333333333333334
text76-MATH-LONG-2602.20441v1,q12,HP_minus_LP,0.15
text77-MATH-LONG-2601.20851v2,q12,HP_minus_LP,0.15
text78-MATH-LONG-2512.17595v1,q12,HP_minus_LP,0.17499999999999996
text79-MATH-LONG-2512.10129v1,q12,HP_minus_LP,0.15833333333333333
text80-MATH-LONG-2512.10507v1,q12,HP_minus_LP,0.13333333333333336
text01-BIO-SHORT-2505.02276v1,q12,Name_x_Inst,0.033333333333333326
text02-BIO-SHORT-2507.04575v1,q12,Name_x_Inst,-0.03333333333333335
text03-BIO-SHORT-2505.11568v3,q12,Name_x_Inst,0.0833333333333333
text04-BIO-SHORT-2507.08385v1,q12,Name_x_Inst,-0.09999999999999998
text05-BIO-SHORT-2504.10973v1,q12,Name_x_Inst,0.08333333333333333
text06-BIO-SHORT-2506.14789v1,q12,Name_x_Inst,-0.01666666666666668
text07-BIO-SHORT-2506.13576v3,q12,Name_x_Inst,0.11666666666666664
text08-BIO-SHORT-2503.19923v2,q12,Name_x_Inst,-0.35000000000000003
text09-BIO-SHORT-2602.00019v1,q12,Name_x_Inst,0.06666666666666665
text10-BIO-SHORT-2506.13817v1,q12,Name_x_Inst,-0.01666666666666668
text11-CS-SHORT-2506.09194v1,q12,Name_x_Inst,-0.04999999999999999
text12-CS-SHORT-2512.19717v1,q12,Name_x_Inst,-0.2333333333333333
text13-CS-SHORT-2510.04124v5,q12,Name_x_Inst,-0.15
text14-CS-SHORT-2509.13349v2,q12,Name_x_Inst,0.5833333333333334
text15-CS-SHORT-2602.03870v1,q12,Name_x_Inst,0.39999999999999997
text16-CS-SHORT-2509.06033v1,q12,Name_x_Inst,-0.2333333333333333
text17-CS-SHORT-2509.16294v1,q12,Name_x_Inst,0.04999999999999997
text18-CS-SHORT-2507.09492v1,q12,Name_x_Inst,-0.16666666666666666
text19-CS-SHORT-2509.14600v1,q12,Name_x_Inst,0.13333333333333333
text20-CS-SHORT-2503.14899v1,q12,Name_x_Inst,0.43333333333333335
text21-PHY-SHORT-2601.23079v1,q12,Name_x_Inst,0.01666666666666668
text22-PHY-SHORT-2601.23047v1,q12,Name_x_Inst,0.016666666666666663
text23-PHY-SHORT-2601.23057v1,q12,Name_x_Inst,0.15
text24-PHY-SHORT-2509.16741v1,q12,Name_x_Inst,-0.06666666666666667
text25-PHY-SHORT-2507.08042v1,q12,Name_x_Inst,0.7166666666666667
text26-PHY-SHORT-2512.23538v1,q12,Name_x_Inst,0.13333333333333328
text27-PHY-SHORT-2510.18500v1,q12,Name_x_Inst,0.2166666666666667
text28-PHY-SHORT-2508.20431v1,q12,Name_x_Inst,0.13333333333333328
text29-PHY-SHORT-2509.06825v1,q12,Name_x_Inst,0.03333333333333332
text30-PHY-SHORT-2509.17653v2,q12,Name_x_Inst,0.38333333333333336
text31-MATH-SHORT-2511.03536v1,q12,Name_x_Inst,-0.25
text32-MATH-SHORT-2603.02088v1,q12,Name_x_Inst,0.03333333333333335
text33-MATH-SHORT-2512.22134v3,q12,Name_x_Inst,0.0666666666666667
text34-MATH-SHORT-2509.00532v1,q12,Name_x_Inst,-0.6166666666666667
text35-MATH-SHORT-2512.06844v1,q12,Name_x_Inst,0.08333333333333333
text36-MATH-SHORT-2503.09380v2,q12,Name_x_Inst,0.18333333333333335
text37-MATH-SHORT-2510.26426v1,q12,Name_x_Inst,0.033333333333333305
text38-MATH-SHORT-2512.04101v1,q12,Name_x_Inst,0.033333333333333375
text39-MATH-SHORT-2506.11609v2,q12,Name_x_Inst,-0.16666666666666666
text40-MATH-SHORT-2507.15879v2,q12,Name_x_Inst,0.5333333333333333
text41-BIO-LONG-2512.06709v1,q12,Name_x_Inst,-0.08333333333333333
text42-BIO-LONG-2503.07104v1,q12,Name_x_Inst,-0.13333333333333336
text43-BIO-LONG-2506.16577v1,q12,Name_x_Inst,0.033333333333333354
text44-BIO-LONG-2505.20052v1,q12,Name_x_Inst,0.15
text45-BIO-LONG-2507.17897v4,q12,Name_x_Inst,0.0666666666666667
text46-BIO-LONG-2505.05863v1,q12,Name_x_Inst,-0.033333333333333326
text47-BIO-LONG-2505.21094v1,q12,Name_x_Inst,0.3333333333333333
text48-BIO-LONG-2602.16750v1,q12,Name_x_Inst,0.23333333333333336
text49-BIO-LONG-2511.10014v1,q12,Name_x_Inst,0.0
text50-BIO-LONG-2603.01054v1,q12,Name_x_Inst,-0.033333333333333326
text51-CS-LONG-2602.11588v1,q12,Name_x_Inst,0.3
text52-CS-LONG-2602.15675v1,q12,Name_x_Inst,-0.016666666666666663
text53-CS-LONG-2603.02012v1,q12,Name_x_Inst,0.05000000000000001
text54-CS-LONG-2602.23006v1,q12,Name_x_Inst,-0.09999999999999999
text55-CS-LONG-2602.21625v1,q12,Name_x_Inst,-0.1666666666666667
text56-CS-LONG-2602.13713v1,q12,Name_x_Inst,0.06666666666666664
text57-CS-LONG-2603.00079v1,q12,Name_x_Inst,-0.3333333333333333
text58-CS-LONG-2603.01023v1,q12,Name_x_Inst,-0.25000000000000006
text59-CS-LONG-2602.19401v1,q12,Name_x_Inst,-0.01666666666666668
text60-CS-LONG-2602.18518v1,q12,Name_x_Inst,0.06666666666666665
text61-PHY-LONG-2602.03885v1,q12,Name_x_Inst,0.06666666666666665
text62-PHY-LONG-2511.21971v1,q12,Name_x_Inst,0.08333333333333336
text63-PHY-LONG-2512.18015v1,q12,Name_x_Inst,-0.04999999999999999
text64-PHY-LONG-2602.23683v1,q12,Name_x_Inst,-0.31666666666666665
text65-PHY-LONG-2601.13267v1,q12,Name_x_Inst,0.11666666666666663
text66-PHY-LONG-2512.24566v1,q12,Name_x_Inst,-0.01666666666666668
text67-PHY-LONG-2602.07636v2,q12,Name_x_Inst,-0.016666666666666625
text68-PHY-LONG-2512.18130v1,q12,Name_x_Inst,0.06666666666666672
text69-PHY-LONG-2602.17389v1,q12,Name_x_Inst,-0.08333333333333336
text70-PHY-LONG-2602.08188v1,q12,Name_x_Inst,0.06666666666666665
text71-MATH-LONG-2511.12781v1,q12,Name_x_Inst,-0.016666666666666646
text72-MATH-LONG-2602.06095v1,q12,Name_x_Inst,-0.3666666666666667
text73-MATH-LONG-2511.18101v1,q12,Name_x_Inst,0.06666666666666665
text74-MATH-LONG-2512.15978v1,q12,Name_x_Inst,-0.01666666666666668
text75-MATH-LONG-2511.22140v1,q12,Name_x_Inst,-0.10000000000000002
text76-MATH-LONG-2602.20441v1,q12,Name_x_Inst,0.06666666666666668
text77-MATH-LONG-2601.20851v2,q12,Name_x_Inst,0.0666666666666667
text78-MATH-LONG-2512.17595v1,q12,Name_x_Inst,0.11666666666666665
text79-MATH-LONG-2512.10129v1,q12,Name_x_Inst,-0.016666666666666646
text80-MATH-LONG-2512.10507v1,q12,Name_x_Inst,0.09999999999999998
text01-BIO-SHORT-2505.02276v1,q12,Name_x_Bibliometrics,-0.033333333333333326
text02-BIO-SHORT-2507.04575v1,q12,Name_x_Bibliometrics,0.13333333333333333
text03-BIO-SHORT-2505.11568v3,q12,Name_x_Bibliometrics,-0.05000000000000001
text04-BIO-SHORT-2507.08385v1,q12,Name_x_Bibliometrics,0.03333333333333333
text05-BIO-SHORT-2504.10973v1,q12,Name_x_Bibliometrics,0.18333333333333335
text06-BIO-SHORT-2506.14789v1,q12,Name_x_Bibliometrics,0.01666666666666668
text07-BIO-SHORT-2506.13576v3,q12,Name_x_Bibliometrics,0.050000000000000024
text08-BIO-SHORT-2503.19923v2,q12,Name_x_Bibliometrics,0.08333333333333333
text09-BIO-SHORT-2602.00019v1,q12,Name_x_Bibliometrics,0.10000000000000002
text10-BIO-SHORT-2506.13817v1,q12,Name_x_Bibliometrics,0.01666666666666668
text11-CS-SHORT-2506.09194v1,q12,Name_x_Bibliometrics,-0.11666666666666668
text12-CS-SHORT-2512.19717v1,q12,Name_x_Bibliometrics,0.06666666666666665
text13-CS-SHORT-2510.04124v5,q12,Name_x_Bibliometrics,-0.04999999999999999
text14-CS-SHORT-2509.13349v2,q12,Name_x_Bibliometrics,0.18333333333333326
text15-CS-SHORT-2602.03870v1,q12,Name_x_Bibliometrics,0.09999999999999999
text16-CS-SHORT-2509.06033v1,q12,Name_x_Bibliometrics,0.2333333333333333
text17-CS-SHORT-2509.16294v1,q12,Name_x_Bibliometrics,0.2166666666666667
text18-CS-SHORT-2507.09492v1,q12,Name_x_Bibliometrics,-0.09999999999999994
text19-CS-SHORT-2509.14600v1,q12,Name_x_Bibliometrics,-0.09999999999999999
text20-CS-SHORT-2503.14899v1,q12,Name_x_Bibliometrics,-0.09999999999999999
text21-PHY-SHORT-2601.23079v1,q12,Name_x_Bibliometrics,0.01666666666666668
text22-PHY-SHORT-2601.23047v1,q12,Name_x_Bibliometrics,0.15
text23-PHY-SHORT-2601.23057v1,q12,Name_x_Bibliometrics,0.016666666666666663
text24-PHY-SHORT-2509.16741v1,q12,Name_x_Bibliometrics,0.06666666666666667
text25-PHY-SHORT-2507.08042v1,q12,Name_x_Bibliometrics,0.35000000000000003
text26-PHY-SHORT-2512.23538v1,q12,Name_x_Bibliometrics,-0.03333333333333332
text27-PHY-SHORT-2510.18500v1,q12,Name_x_Bibliometrics,-0.21666666666666665
text28-PHY-SHORT-2508.20431v1,q12,Name_x_Bibliometrics,-0.06666666666666667
text29-PHY-SHORT-2509.06825v1,q12,Name_x_Bibliometrics,-9.25185853854297e-18
text30-PHY-SHORT-2509.17653v2,q12,Name_x_Bibliometrics,-0.18333333333333326
text31-MATH-SHORT-2511.03536v1,q12,Name_x_Bibliometrics,0.0833333333333333
text32-MATH-SHORT-2603.02088v1,q12,Name_x_Bibliometrics,-0.03333333333333335
text33-MATH-SHORT-2512.22134v3,q12,Name_x_Bibliometrics,-0.2333333333333333
text34-MATH-SHORT-2509.00532v1,q12,Name_x_Bibliometrics,-0.15000000000000002
text35-MATH-SHORT-2512.06844v1,q12,Name_x_Bibliometrics,-0.05000000000000001
text36-MATH-SHORT-2503.09380v2,q12,Name_x_Bibliometrics,-0.01666666666666669
text37-MATH-SHORT-2510.26426v1,q12,Name_x_Bibliometrics,-0.10000000000000003
text38-MATH-SHORT-2512.04101v1,q12,Name_x_Bibliometrics,-0.033333333333333326
text39-MATH-SHORT-2506.11609v2,q12,Name_x_Bibliometrics,-0.06666666666666665
text40-MATH-SHORT-2507.15879v2,q12,Name_x_Bibliometrics,0.0
text41-BIO-LONG-2512.06709v1,q12,Name_x_Bibliometrics,0.04999999999999997
text42-BIO-LONG-2503.07104v1,q12,Name_x_Bibliometrics,0.06666666666666667
text43-BIO-LONG-2506.16577v1,q12,Name_x_Bibliometrics,0.06666666666666665
text44-BIO-LONG-2505.20052v1,q12,Name_x_Bibliometrics,0.15000000000000002
text45-BIO-LONG-2507.17897v4,q12,Name_x_Bibliometrics,0.3333333333333333
text46-BIO-LONG-2505.05863v1,q12,Name_x_Bibliometrics,3.700743415417188e-17
text47-BIO-LONG-2505.21094v1,q12,Name_x_Bibliometrics,0.26666666666666666
text48-BIO-LONG-2602.16750v1,q12,Name_x_Bibliometrics,0.06666666666666661
text49-BIO-LONG-2511.10014v1,q12,Name_x_Bibliometrics,-0.033333333333333326
text50-BIO-LONG-2603.01054v1,q12,Name_x_Bibliometrics,-0.26666666666666666
text51-CS-LONG-2602.11588v1,q12,Name_x_Bibliometrics,0.19999999999999998
text52-CS-LONG-2602.15675v1,q12,Name_x_Bibliometrics,0.14999999999999997
text53-CS-LONG-2603.02012v1,q12,Name_x_Bibliometrics,0.04999999999999997
text54-CS-LONG-2602.23006v1,q12,Name_x_Bibliometrics,0.3666666666666667
text55-CS-LONG-2602.21625v1,q12,Name_x_Bibliometrics,0.16666666666666666
text56-CS-LONG-2602.13713v1,q12,Name_x_Bibliometrics,-0.2333333333333333
text57-CS-LONG-2603.00079v1,q12,Name_x_Bibliometrics,-0.16666666666666666
text58-CS-LONG-2603.01023v1,q12,Name_x_Bibliometrics,-0.14999999999999997
text59-CS-LONG-2602.19401v1,q12,Name_x_Bibliometrics,-0.1166666666666667
text60-CS-LONG-2602.18518v1,q12,Name_x_Bibliometrics,-0.06666666666666665
text61-PHY-LONG-2602.03885v1,q12,Name_x_Bibliometrics,0.06666666666666665
text62-PHY-LONG-2511.21971v1,q12,Name_x_Bibliometrics,0.050000000000000024
text63-PHY-LONG-2512.18015v1,q12,Name_x_Bibliometrics,-0.15
text64-PHY-LONG-2602.23683v1,q12,Name_x_Bibliometrics,0.31666666666666665
text65-PHY-LONG-2601.13267v1,q12,Name_x_Bibliometrics,0.050000000000000024
text66-PHY-LONG-2512.24566v1,q12,Name_x_Bibliometrics,-0.01666666666666668
text67-PHY-LONG-2602.07636v2,q12,Name_x_Bibliometrics,0.2833333333333334
text68-PHY-LONG-2512.18130v1,q12,Name_x_Bibliometrics,0.16666666666666666
text69-PHY-LONG-2602.17389v1,q12,Name_x_Bibliometrics,0.11666666666666668
text70-PHY-LONG-2602.08188v1,q12,Name_x_Bibliometrics,-0.03333333333333333
text71-MATH-LONG-2511.12781v1,q12,Name_x_Bibliometrics,-0.05000000000000001
text72-MATH-LONG-2602.06095v1,q12,Name_x_Bibliometrics,-0.033333333333333326
text73-MATH-LONG-2511.18101v1,q12,Name_x_Bibliometrics,0.06666666666666665
text74-MATH-LONG-2512.15978v1,q12,Name_x_Bibliometrics,0.016666666666666646
text75-MATH-LONG-2511.22140v1,q12,Name_x_Bibliometrics,0.0
text76-MATH-LONG-2602.20441v1,q12,Name_x_Bibliometrics,0.03333333333333332
text77-MATH-LONG-2601.20851v2,q12,Name_x_Bibliometrics,0.09999999999999998
text78-MATH-LONG-2512.17595v1,q12,Name_x_Bibliometrics,0.049999999999999996
text79-MATH-LONG-2512.10129v1,q12,Name_x_Bibliometrics,0.01666666666666668
text80-MATH-LONG-2512.10507v1,q12,Name_x_Bibliometrics,0.0
text01-BIO-SHORT-2505.02276v1,q12,Inst_x_Bibliometrics,0.23333333333333336
text02-BIO-SHORT-2507.04575v1,q12,Inst_x_Bibliometrics,-1.850371707708594e-17
text03-BIO-SHORT-2505.11568v3,q12,Inst_x_Bibliometrics,-0.016666666666666646
text04-BIO-SHORT-2507.08385v1,q12,Inst_x_Bibliometrics,-0.16666666666666666
text05-BIO-SHORT-2504.10973v1,q12,Inst_x_Bibliometrics,0.15
text06-BIO-SHORT-2506.14789v1,q12,Inst_x_Bibliometrics,0.01666666666666668
text07-BIO-SHORT-2506.13576v3,q12,Inst_x_Bibliometrics,-0.04999999999999999
text08-BIO-SHORT-2503.19923v2,q12,Inst_x_Bibliometrics,-0.2166666666666667
text09-BIO-SHORT-2602.00019v1,q12,Inst_x_Bibliometrics,0.06666666666666665
text10-BIO-SHORT-2506.13817v1,q12,Inst_x_Bibliometrics,-0.01666666666666668
text11-CS-SHORT-2506.09194v1,q12,Inst_x_Bibliometrics,0.15
text12-CS-SHORT-2512.19717v1,q12,Inst_x_Bibliometrics,-0.23333333333333336
text13-CS-SHORT-2510.04124v5,q12,Inst_x_Bibliometrics,0.016666666666666663
text14-CS-SHORT-2509.13349v2,q12,Inst_x_Bibliometrics,0.18333333333333326
text15-CS-SHORT-2602.03870v1,q12,Inst_x_Bibliometrics,0.06666666666666667
text16-CS-SHORT-2509.06033v1,q12,Inst_x_Bibliometrics,-0.2333333333333333
text17-CS-SHORT-2509.16294v1,q12,Inst_x_Bibliometrics,-0.08333333333333333
text18-CS-SHORT-2507.09492v1,q12,Inst_x_Bibliometrics,0.1333333333333334
text19-CS-SHORT-2509.14600v1,q12,Inst_x_Bibliometrics,0.0
text20-CS-SHORT-2503.14899v1,q12,Inst_x_Bibliometrics,0.09999999999999999
text21-PHY-SHORT-2601.23079v1,q12,Inst_x_Bibliometrics,-0.01666666666666668
text22-PHY-SHORT-2601.23047v1,q12,Inst_x_Bibliometrics,-0.016666666666666663
text23-PHY-SHORT-2601.23057v1,q12,Inst_x_Bibliometrics,0.016666666666666663
text24-PHY-SHORT-2509.16741v1,q12,Inst_x_Bibliometrics,-0.06666666666666667
text25-PHY-SHORT-2507.08042v1,q12,Inst_x_Bibliometrics,-0.0833333333333333
text26-PHY-SHORT-2512.23538v1,q12,Inst_x_Bibliometrics,-0.03333333333333332
text27-PHY-SHORT-2510.18500v1,q12,Inst_x_Bibliometrics,-0.35000000000000003
text28-PHY-SHORT-2508.20431v1,q12,Inst_x_Bibliometrics,-0.3
text29-PHY-SHORT-2509.06825v1,q12,Inst_x_Bibliometrics,0.03333333333333332
text30-PHY-SHORT-2509.17653v2,q12,Inst_x_Bibliometrics,0.18333333333333332
text31-MATH-SHORT-2511.03536v1,q12,Inst_x_Bibliometrics,0.049999999999999996
text32-MATH-SHORT-2603.02088v1,q12,Inst_x_Bibliometrics,0.20000000000000004
text33-MATH-SHORT-2512.22134v3,q12,Inst_x_Bibliometrics,-0.10000000000000002
text34-MATH-SHORT-2509.00532v1,q12,Inst_x_Bibliometrics,-0.08333333333333333
text35-MATH-SHORT-2512.06844v1,q12,Inst_x_Bibliometrics,-0.5833333333333334
text36-MATH-SHORT-2503.09380v2,q12,Inst_x_Bibliometrics,-0.25
text37-MATH-SHORT-2510.26426v1,q12,Inst_x_Bibliometrics,0.16666666666666666
text38-MATH-SHORT-2512.04101v1,q12,Inst_x_Bibliometrics,0.09999999999999998
text39-MATH-SHORT-2506.11609v2,q12,Inst_x_Bibliometrics,0.033333333333333326
text40-MATH-SHORT-2507.15879v2,q12,Inst_x_Bibliometrics,0.0
text41-BIO-LONG-2512.06709v1,q12,Inst_x_Bibliometrics,0.05000000000000001
text42-BIO-LONG-2503.07104v1,q12,Inst_x_Bibliometrics,0.20000000000000004
text43-BIO-LONG-2506.16577v1,q12,Inst_x_Bibliometrics,-0.2333333333333334
text44-BIO-LONG-2505.20052v1,q12,Inst_x_Bibliometrics,-0.01666666666666668
text45-BIO-LONG-2507.17897v4,q12,Inst_x_Bibliometrics,-0.0333333333333333
text46-BIO-LONG-2505.05863v1,q12,Inst_x_Bibliometrics,-3.700743415417188e-17
text47-BIO-LONG-2505.21094v1,q12,Inst_x_Bibliometrics,0.19999999999999998
text48-BIO-LONG-2602.16750v1,q12,Inst_x_Bibliometrics,-0.06666666666666661
text49-BIO-LONG-2511.10014v1,q12,Inst_x_Bibliometrics,0.0
text50-BIO-LONG-2603.01054v1,q12,Inst_x_Bibliometrics,0.06666666666666665
text51-CS-LONG-2602.11588v1,q12,Inst_x_Bibliometrics,0.19999999999999998
text52-CS-LONG-2602.15675v1,q12,Inst_x_Bibliometrics,0.21666666666666665
text53-CS-LONG-2603.02012v1,q12,Inst_x_Bibliometrics,-0.21666666666666665
text54-CS-LONG-2602.23006v1,q12,Inst_x_Bibliometrics,0.16666666666666666
text55-CS-LONG-2602.21625v1,q12,Inst_x_Bibliometrics,-0.10000000000000002
text56-CS-LONG-2602.13713v1,q12,Inst_x_Bibliometrics,0.09999999999999999
text57-CS-LONG-2603.00079v1,q12,Inst_x_Bibliometrics,0.0
text58-CS-LONG-2603.01023v1,q12,Inst_x_Bibliometrics,-0.6166666666666666
text59-CS-LONG-2602.19401v1,q12,Inst_x_Bibliometrics,-0.11666666666666665
text60-CS-LONG-2602.18518v1,q12,Inst_x_Bibliometrics,-0.06666666666666665
text61-PHY-LONG-2602.03885v1,q12,Inst_x_Bibliometrics,0.2666666666666666
text62-PHY-LONG-2511.21971v1,q12,Inst_x_Bibliometrics,0.4166666666666667
text63-PHY-LONG-2512.18015v1,q12,Inst_x_Bibliometrics,0.21666666666666665
text64-PHY-LONG-2602.23683v1,q12,Inst_x_Bibliometrics,0.18333333333333335
text65-PHY-LONG-2601.13267v1,q12,Inst_x_Bibliometrics,-0.08333333333333331
text66-PHY-LONG-2512.24566v1,q12,Inst_x_Bibliometrics,-0.18333333333333335
text67-PHY-LONG-2602.07636v2,q12,Inst_x_Bibliometrics,0.31666666666666665
text68-PHY-LONG-2512.18130v1,q12,Inst_x_Bibliometrics,0.0666666666666667
text69-PHY-LONG-2602.17389v1,q12,Inst_x_Bibliometrics,0.18333333333333326
text70-PHY-LONG-2602.08188v1,q12,Inst_x_Bibliometrics,-0.20000000000000004
text71-MATH-LONG-2511.12781v1,q12,Inst_x_Bibliometrics,-0.05000000000000001
text72-MATH-LONG-2602.06095v1,q12,Inst_x_Bibliometrics,-0.3
text73-MATH-LONG-2511.18101v1,q12,Inst_x_Bibliometrics,0.2333333333333333
text74-MATH-LONG-2512.15978v1,q12,Inst_x_Bibliometrics,0.21666666666666667
text75-MATH-LONG-2511.22140v1,q12,Inst_x_Bibliometrics,-0.033333333333333326
text76-MATH-LONG-2602.20441v1,q12,Inst_x_Bibliometrics,-0.033333333333333326
text77-MATH-LONG-2601.20851v2,q12,Inst_x_Bibliometrics,-0.16666666666666663
text78-MATH-LONG-2512.17595v1,q12,Inst_x_Bibliometrics,0.11666666666666659
text79-MATH-LONG-2512.10129v1,q12,Inst_x_Bibliometrics,0.04999999999999997
text80-MATH-LONG-2512.10507v1,q12,Inst_x_Bibliometrics,0.0
text01-BIO-SHORT-2505.02276v1,q13,BF_minus_WM,0.0
text02-BIO-SHORT-2507.04575v1,q13,BF_minus_WM,0.00833333333333333
text03-BIO-SHORT-2505.11568v3,q13,BF_minus_WM,0.075
text04-BIO-SHORT-2507.08385v1,q13,BF_minus_WM,0.14166666666666666
text05-BIO-SHORT-2504.10973v1,q13,BF_minus_WM,0.1416666666666667
text06-BIO-SHORT-2506.14789v1,q13,BF_minus_WM,-0.03333333333333334
text07-BIO-SHORT-2506.13576v3,q13,BF_minus_WM,0.016666666666666673
text08-BIO-SHORT-2503.19923v2,q13,BF_minus_WM,-0.525
text09-BIO-SHORT-2602.00019v1,q13,BF_minus_WM,0.033333333333333305
text10-BIO-SHORT-2506.13817v1,q13,BF_minus_WM,0.0
text11-CS-SHORT-2506.09194v1,q13,BF_minus_WM,0.2333333333333333
text12-CS-SHORT-2512.19717v1,q13,BF_minus_WM,-0.041666666666666664
text13-CS-SHORT-2510.04124v5,q13,BF_minus_WM,-0.07500000000000001
text14-CS-SHORT-2509.13349v2,q13,BF_minus_WM,0.2333333333333333
text15-CS-SHORT-2602.03870v1,q13,BF_minus_WM,0.16666666666666666
text16-CS-SHORT-2509.06033v1,q13,BF_minus_WM,0.008333333333333331
text17-CS-SHORT-2509.16294v1,q13,BF_minus_WM,-0.09166666666666667
text18-CS-SHORT-2507.09492v1,q13,BF_minus_WM,-0.025000000000000012
text19-CS-SHORT-2509.14600v1,q13,BF_minus_WM,0.25833333333333336
text20-CS-SHORT-2503.14899v1,q13,BF_minus_WM,0.06666666666666667
text21-PHY-SHORT-2601.23079v1,q13,BF_minus_WM,-0.05833333333333334
text22-PHY-SHORT-2601.23047v1,q13,BF_minus_WM,-0.016666666666666673
text23-PHY-SHORT-2601.23057v1,q13,BF_minus_WM,-0.033333333333333326
text24-PHY-SHORT-2509.16741v1,q13,BF_minus_WM,-0.03333333333333333
text25-PHY-SHORT-2507.08042v1,q13,BF_minus_WM,-0.10833333333333334
text26-PHY-SHORT-2512.23538v1,q13,BF_minus_WM,0.025000000000000005
text27-PHY-SHORT-2510.18500v1,q13,BF_minus_WM,0.024999999999999994
text28-PHY-SHORT-2508.20431v1,q13,BF_minus_WM,0.1416666666666667
text29-PHY-SHORT-2509.06825v1,q13,BF_minus_WM,-0.025000000000000005
text30-PHY-SHORT-2509.17653v2,q13,BF_minus_WM,0.3333333333333333
text31-MATH-SHORT-2511.03536v1,q13,BF_minus_WM,0.3833333333333333
text32-MATH-SHORT-2603.02088v1,q13,BF_minus_WM,0.09999999999999999
text33-MATH-SHORT-2512.22134v3,q13,BF_minus_WM,0.19166666666666665
text34-MATH-SHORT-2509.00532v1,q13,BF_minus_WM,-0.4166666666666667
text35-MATH-SHORT-2512.06844v1,q13,BF_minus_WM,-0.15833333333333333
text36-MATH-SHORT-2503.09380v2,q13,BF_minus_WM,0.024999999999999994
text37-MATH-SHORT-2510.26426v1,q13,BF_minus_WM,0.10000000000000002
text38-MATH-SHORT-2512.04101v1,q13,BF_minus_WM,0.08333333333333333
text39-MATH-SHORT-2506.11609v2,q13,BF_minus_WM,0.22499999999999998
text40-MATH-SHORT-2507.15879v2,q13,BF_minus_WM,0.05833333333333334
text41-BIO-LONG-2512.06709v1,q13,BF_minus_WM,0.049999999999999996
text42-BIO-LONG-2503.07104v1,q13,BF_minus_WM,-0.033333333333333305
text43-BIO-LONG-2506.16577v1,q13,BF_minus_WM,0.08333333333333333
text44-BIO-LONG-2505.20052v1,q13,BF_minus_WM,0.125
text45-BIO-LONG-2507.17897v4,q13,BF_minus_WM,0.075
text46-BIO-LONG-2505.05863v1,q13,BF_minus_WM,-0.01666666666666668
text47-BIO-LONG-2505.21094v1,q13,BF_minus_WM,0.19166666666666665
text48-BIO-LONG-2602.16750v1,q13,BF_minus_WM,-0.016666666666666653
text49-BIO-LONG-2511.10014v1,q13,BF_minus_WM,-0.049999999999999996
text50-BIO-LONG-2603.01054v1,q13,BF_minus_WM,-0.04999999999999999
text51-CS-LONG-2602.11588v1,q13,BF_minus_WM,0.00833333333333334
text52-CS-LONG-2602.15675v1,q13,BF_minus_WM,-0.025000000000000005
text53-CS-LONG-2603.02012v1,q13,BF_minus_WM,0.075
text54-CS-LONG-2602.23006v1,q13,BF_minus_WM,0.09999999999999999
text55-CS-LONG-2602.21625v1,q13,BF_minus_WM,0.15
text56-CS-LONG-2602.13713v1,q13,BF_minus_WM,0.025000000000000005
text57-CS-LONG-2603.00079v1,q13,BF_minus_WM,0.09166666666666669
text58-CS-LONG-2603.01023v1,q13,BF_minus_WM,0.05833333333333334
text59-CS-LONG-2602.19401v1,q13,BF_minus_WM,0.09999999999999999
text60-CS-LONG-2602.18518v1,q13,BF_minus_WM,0.05000000000000001
text61-PHY-LONG-2602.03885v1,q13,BF_minus_WM,-0.03333333333333335
text62-PHY-LONG-2511.21971v1,q13,BF_minus_WM,-0.04166666666666668
text63-PHY-LONG-2512.18015v1,q13,BF_minus_WM,0.033333333333333326
text64-PHY-LONG-2602.23683v1,q13,BF_minus_WM,-0.016666666666666646
text65-PHY-LONG-2601.13267v1,q13,BF_minus_WM,0.1416666666666667
text66-PHY-LONG-2512.24566v1,q13,BF_minus_WM,-0.03333333333333333
text67-PHY-LONG-2602.07636v2,q13,BF_minus_WM,0.10833333333333332
text68-PHY-LONG-2512.18130v1,q13,BF_minus_WM,-0.016666666666666666
text69-PHY-LONG-2602.17389v1,q13,BF_minus_WM,0.10833333333333332
text70-PHY-LONG-2602.08188v1,q13,BF_minus_WM,-0.016666666666666673
text71-MATH-LONG-2511.12781v1,q13,BF_minus_WM,-0.033333333333333326
text72-MATH-LONG-2602.06095v1,q13,BF_minus_WM,-0.049999999999999996
text73-MATH-LONG-2511.18101v1,q13,BF_minus_WM,0.024999999999999994
text74-MATH-LONG-2512.15978v1,q13,BF_minus_WM,-0.041666666666666664
text75-MATH-LONG-2511.22140v1,q13,BF_minus_WM,0.13333333333333333
text76-MATH-LONG-2602.20441v1,q13,BF_minus_WM,-0.00833333333333333
text77-MATH-LONG-2601.20851v2,q13,BF_minus_WM,-0.024999999999999994
text78-MATH-LONG-2512.17595v1,q13,BF_minus_WM,-0.09166666666666667
text79-MATH-LONG-2512.10129v1,q13,BF_minus_WM,0.04999999999999999
text80-MATH-LONG-2512.10507v1,q13,BF_minus_WM,-0.016666666666666666
text01-BIO-SHORT-2505.02276v1,q13,HI_minus_LI,-0.06666666666666667
text02-BIO-SHORT-2507.04575v1,q13,HI_minus_LI,0.025000000000000005
text03-BIO-SHORT-2505.11568v3,q13,HI_minus_LI,-0.05833333333333334
text04-BIO-SHORT-2507.08385v1,q13,HI_minus_LI,0.14166666666666666
text05-BIO-SHORT-2504.10973v1,q13,HI_minus_LI,0.05833333333333334
text06-BIO-SHORT-2506.14789v1,q13,HI_minus_LI,-0.01666666666666666
text07-BIO-SHORT-2506.13576v3,q13,HI_minus_LI,0.06666666666666667
text08-BIO-SHORT-2503.19923v2,q13,HI_minus_LI,-0.008333333333333331
text09-BIO-SHORT-2602.00019v1,q13,HI_minus_LI,0.03333333333333335
text10-BIO-SHORT-2506.13817v1,q13,HI_minus_LI,0.16666666666666666
text11-CS-SHORT-2506.09194v1,q13,HI_minus_LI,0.016666666666666663
text12-CS-SHORT-2512.19717v1,q13,HI_minus_LI,0.27499999999999997
text13-CS-SHORT-2510.04124v5,q13,HI_minus_LI,0.075
text14-CS-SHORT-2509.13349v2,q13,HI_minus_LI,0.26666666666666666
text15-CS-SHORT-2602.03870v1,q13,HI_minus_LI,-0.06666666666666668
text16-CS-SHORT-2509.06033v1,q13,HI_minus_LI,-0.00833333333333334
text17-CS-SHORT-2509.16294v1,q13,HI_minus_LI,-0.025000000000000005
text18-CS-SHORT-2507.09492v1,q13,HI_minus_LI,-0.00833333333333335
text19-CS-SHORT-2509.14600v1,q13,HI_minus_LI,-0.19166666666666665
text20-CS-SHORT-2503.14899v1,q13,HI_minus_LI,-0.10000000000000002
text21-PHY-SHORT-2601.23079v1,q13,HI_minus_LI,-0.008333333333333331
text22-PHY-SHORT-2601.23047v1,q13,HI_minus_LI,0.06666666666666667
text23-PHY-SHORT-2601.23057v1,q13,HI_minus_LI,0.049999999999999996
text24-PHY-SHORT-2509.16741v1,q13,HI_minus_LI,-0.06666666666666667
text25-PHY-SHORT-2507.08042v1,q13,HI_minus_LI,0.05833333333333335
text26-PHY-SHORT-2512.23538v1,q13,HI_minus_LI,0.025000000000000005
text27-PHY-SHORT-2510.18500v1,q13,HI_minus_LI,0.05833333333333334
text28-PHY-SHORT-2508.20431v1,q13,HI_minus_LI,0.10833333333333332
text29-PHY-SHORT-2509.06825v1,q13,HI_minus_LI,-0.05833333333333333
text30-PHY-SHORT-2509.17653v2,q13,HI_minus_LI,-0.09999999999999999
text31-MATH-SHORT-2511.03536v1,q13,HI_minus_LI,0.05000000000000001
text32-MATH-SHORT-2603.02088v1,q13,HI_minus_LI,-0.13333333333333333
text33-MATH-SHORT-2512.22134v3,q13,HI_minus_LI,0.09166666666666667
text34-MATH-SHORT-2509.00532v1,q13,HI_minus_LI,0.31666666666666665
text35-MATH-SHORT-2512.06844v1,q13,HI_minus_LI,-0.024999999999999984
text36-MATH-SHORT-2503.09380v2,q13,HI_minus_LI,0.024999999999999984
text37-MATH-SHORT-2510.26426v1,q13,HI_minus_LI,0.04999999999999999
text38-MATH-SHORT-2512.04101v1,q13,HI_minus_LI,-0.08333333333333333
text39-MATH-SHORT-2506.11609v2,q13,HI_minus_LI,0.15833333333333333
text40-MATH-SHORT-2507.15879v2,q13,HI_minus_LI,-0.05833333333333334
text41-BIO-LONG-2512.06709v1,q13,HI_minus_LI,0.10000000000000002
text42-BIO-LONG-2503.07104v1,q13,HI_minus_LI,0.03333333333333335
text43-BIO-LONG-2506.16577v1,q13,HI_minus_LI,-0.016666666666666666
text44-BIO-LONG-2505.20052v1,q13,HI_minus_LI,0.04166666666666668
text45-BIO-LONG-2507.17897v4,q13,HI_minus_LI,0.125
text46-BIO-LONG-2505.05863v1,q13,HI_minus_LI,0.033333333333333326
text47-BIO-LONG-2505.21094v1,q13,HI_minus_LI,0.19166666666666665
text48-BIO-LONG-2602.16750v1,q13,HI_minus_LI,0.13333333333333333
text49-BIO-LONG-2511.10014v1,q13,HI_minus_LI,0.016666666666666673
text50-BIO-LONG-2603.01054v1,q13,HI_minus_LI,-0.016666666666666663
text51-CS-LONG-2602.11588v1,q13,HI_minus_LI,0.00833333333333334
text52-CS-LONG-2602.15675v1,q13,HI_minus_LI,-0.05833333333333334
text53-CS-LONG-2603.02012v1,q13,HI_minus_LI,0.041666666666666664
text54-CS-LONG-2602.23006v1,q13,HI_minus_LI,-0.20000000000000004
text55-CS-LONG-2602.21625v1,q13,HI_minus_LI,0.25
text56-CS-LONG-2602.13713v1,q13,HI_minus_LI,0.32499999999999996
text57-CS-LONG-2603.00079v1,q13,HI_minus_LI,-0.024999999999999994
text58-CS-LONG-2603.01023v1,q13,HI_minus_LI,-0.05833333333333335
text59-CS-LONG-2602.19401v1,q13,HI_minus_LI,0.03333333333333333
text60-CS-LONG-2602.18518v1,q13,HI_minus_LI,0.10000000000000002
text61-PHY-LONG-2602.03885v1,q13,HI_minus_LI,0.08333333333333336
text62-PHY-LONG-2511.21971v1,q13,HI_minus_LI,0.14166666666666664
text63-PHY-LONG-2512.18015v1,q13,HI_minus_LI,0.016666666666666663
text64-PHY-LONG-2602.23683v1,q13,HI_minus_LI,0.05000000000000001
text65-PHY-LONG-2601.13267v1,q13,HI_minus_LI,0.20833333333333334
text66-PHY-LONG-2512.24566v1,q13,HI_minus_LI,0.08333333333333333
text67-PHY-LONG-2602.07636v2,q13,HI_minus_LI,0.025000000000000012
text68-PHY-LONG-2512.18130v1,q13,HI_minus_LI,0.06666666666666665
text69-PHY-LONG-2602.17389v1,q13,HI_minus_LI,0.024999999999999984
text70-PHY-LONG-2602.08188v1,q13,HI_minus_LI,0.11666666666666665
text71-MATH-LONG-2511.12781v1,q13,HI_minus_LI,0.06666666666666667
text72-MATH-LONG-2602.06095v1,q13,HI_minus_LI,-0.016666666666666677
text73-MATH-LONG-2511.18101v1,q13,HI_minus_LI,-0.075
text74-MATH-LONG-2512.15978v1,q13,HI_minus_LI,0.008333333333333323
text75-MATH-LONG-2511.22140v1,q13,HI_minus_LI,0.09999999999999998
text76-MATH-LONG-2602.20441v1,q13,HI_minus_LI,0.025000000000000012
text77-MATH-LONG-2601.20851v2,q13,HI_minus_LI,0.00833333333333335
text78-MATH-LONG-2512.17595v1,q13,HI_minus_LI,0.04166666666666666
text79-MATH-LONG-2512.10129v1,q13,HI_minus_LI,0.04999999999999999
text80-MATH-LONG-2512.10507v1,q13,HI_minus_LI,0.08333333333333333
text01-BIO-SHORT-2505.02276v1,q13,HP_minus_LP,-0.049999999999999996
text02-BIO-SHORT-2507.04575v1,q13,HP_minus_LP,0.07500000000000001
text03-BIO-SHORT-2505.11568v3,q13,HP_minus_LP,0.15833333333333333
text04-BIO-SHORT-2507.08385v1,q13,HP_minus_LP,-0.024999999999999994
text05-BIO-SHORT-2504.10973v1,q13,HP_minus_LP,0.10833333333333332
text06-BIO-SHORT-2506.14789v1,q13,HP_minus_LP,-0.016666666666666666
text07-BIO-SHORT-2506.13576v3,q13,HP_minus_LP,0.11666666666666665
text08-BIO-SHORT-2503.19923v2,q13,HP_minus_LP,-0.07500000000000001
text09-BIO-SHORT-2602.00019v1,q13,HP_minus_LP,0.13333333333333333
text10-BIO-SHORT-2506.13817v1,q13,HP_minus_LP,0.16666666666666666
text11-CS-SHORT-2506.09194v1,q13,HP_minus_LP,0.3
text12-CS-SHORT-2512.19717v1,q13,HP_minus_LP,0.1416666666666667
text13-CS-SHORT-2510.04124v5,q13,HP_minus_LP,0.19166666666666665
text14-CS-SHORT-2509.13349v2,q13,HP_minus_LP,0.13333333333333333
text15-CS-SHORT-2602.03870v1,q13,HP_minus_LP,0.09999999999999999
text16-CS-SHORT-2509.06033v1,q13,HP_minus_LP,0.15833333333333333
text17-CS-SHORT-2509.16294v1,q13,HP_minus_LP,0.041666666666666664
text18-CS-SHORT-2507.09492v1,q13,HP_minus_LP,-0.07499999999999997
text19-CS-SHORT-2509.14600v1,q13,HP_minus_LP,0.05833333333333334
text20-CS-SHORT-2503.14899v1,q13,HP_minus_LP,0.09999999999999999
text21-PHY-SHORT-2601.23079v1,q13,HP_minus_LP,0.35833333333333334
text22-PHY-SHORT-2601.23047v1,q13,HP_minus_LP,0.21666666666666667
text23-PHY-SHORT-2601.23057v1,q13,HP_minus_LP,0.25
text24-PHY-SHORT-2509.16741v1,q13,HP_minus_LP,0.13333333333333333
text25-PHY-SHORT-2507.08042v1,q13,HP_minus_LP,-0.07500000000000001
text26-PHY-SHORT-2512.23538v1,q13,HP_minus_LP,-0.05833333333333333
text27-PHY-SHORT-2510.18500v1,q13,HP_minus_LP,0.20833333333333334
text28-PHY-SHORT-2508.20431v1,q13,HP_minus_LP,0.1416666666666667
text29-PHY-SHORT-2509.06825v1,q13,HP_minus_LP,0.075
text30-PHY-SHORT-2509.17653v2,q13,HP_minus_LP,0.16666666666666666
text31-MATH-SHORT-2511.03536v1,q13,HP_minus_LP,0.08333333333333333
text32-MATH-SHORT-2603.02088v1,q13,HP_minus_LP,0.08333333333333333
text33-MATH-SHORT-2512.22134v3,q13,HP_minus_LP,0.075
text34-MATH-SHORT-2509.00532v1,q13,HP_minus_LP,0.049999999999999996
text35-MATH-SHORT-2512.06844v1,q13,HP_minus_LP,0.25833333333333336
text36-MATH-SHORT-2503.09380v2,q13,HP_minus_LP,0.10833333333333335
text37-MATH-SHORT-2510.26426v1,q13,HP_minus_LP,0.06666666666666667
text38-MATH-SHORT-2512.04101v1,q13,HP_minus_LP,-0.16666666666666666
text39-MATH-SHORT-2506.11609v2,q13,HP_minus_LP,-0.008333333333333323
text40-MATH-SHORT-2507.15879v2,q13,HP_minus_LP,0.008333333333333331
text41-BIO-LONG-2512.06709v1,q13,HP_minus_LP,0.016666666666666673
text42-BIO-LONG-2503.07104v1,q13,HP_minus_LP,0.18333333333333332
text43-BIO-LONG-2506.16577v1,q13,HP_minus_LP,-0.01666666666666666
text44-BIO-LONG-2505.20052v1,q13,HP_minus_LP,0.5583333333333333
text45-BIO-LONG-2507.17897v4,q13,HP_minus_LP,0.17500000000000002
text46-BIO-LONG-2505.05863v1,q13,HP_minus_LP,0.05000000000000001
text47-BIO-LONG-2505.21094v1,q13,HP_minus_LP,0.05833333333333333
text48-BIO-LONG-2602.16750v1,q13,HP_minus_LP,0.03333333333333332
text49-BIO-LONG-2511.10014v1,q13,HP_minus_LP,0.049999999999999996
text50-BIO-LONG-2603.01054v1,q13,HP_minus_LP,0.04999999999999999
text51-CS-LONG-2602.11588v1,q13,HP_minus_LP,-0.00833333333333334
text52-CS-LONG-2602.15675v1,q13,HP_minus_LP,0.10833333333333334
text53-CS-LONG-2603.02012v1,q13,HP_minus_LP,0.19166666666666665
text54-CS-LONG-2602.23006v1,q13,HP_minus_LP,0.033333333333333305
text55-CS-LONG-2602.21625v1,q13,HP_minus_LP,0.09999999999999999
text56-CS-LONG-2602.13713v1,q13,HP_minus_LP,0.14166666666666666
text57-CS-LONG-2603.00079v1,q13,HP_minus_LP,-0.075
text58-CS-LONG-2603.01023v1,q13,HP_minus_LP,0.10833333333333332
text59-CS-LONG-2602.19401v1,q13,HP_minus_LP,-0.04999999999999999
text60-CS-LONG-2602.18518v1,q13,HP_minus_LP,0.0
text61-PHY-LONG-2602.03885v1,q13,HP_minus_LP,0.06666666666666667
text62-PHY-LONG-2511.21971v1,q13,HP_minus_LP,0.19166666666666668
text63-PHY-LONG-2512.18015v1,q13,HP_minus_LP,0.08333333333333333
text64-PHY-LONG-2602.23683v1,q13,HP_minus_LP,0.19999999999999998
text65-PHY-LONG-2601.13267v1,q13,HP_minus_LP,0.00833333333333335
text66-PHY-LONG-2512.24566v1,q13,HP_minus_LP,0.13333333333333333
text67-PHY-LONG-2602.07636v2,q13,HP_minus_LP,-0.05833333333333334
text68-PHY-LONG-2512.18130v1,q13,HP_minus_LP,0.28333333333333327
text69-PHY-LONG-2602.17389v1,q13,HP_minus_LP,0.075
text70-PHY-LONG-2602.08188v1,q13,HP_minus_LP,-0.049999999999999996
text71-MATH-LONG-2511.12781v1,q13,HP_minus_LP,0.05000000000000001
text72-MATH-LONG-2602.06095v1,q13,HP_minus_LP,0.016666666666666673
text73-MATH-LONG-2511.18101v1,q13,HP_minus_LP,0.05833333333333334
text74-MATH-LONG-2512.15978v1,q13,HP_minus_LP,-0.05833333333333335
text75-MATH-LONG-2511.22140v1,q13,HP_minus_LP,0.09999999999999999
text76-MATH-LONG-2602.20441v1,q13,HP_minus_LP,0.09166666666666667
text77-MATH-LONG-2601.20851v2,q13,HP_minus_LP,0.024999999999999994
text78-MATH-LONG-2512.17595v1,q13,HP_minus_LP,0.15833333333333333
text79-MATH-LONG-2512.10129v1,q13,HP_minus_LP,0.13333333333333333
text80-MATH-LONG-2512.10507v1,q13,HP_minus_LP,0.2333333333333333
text01-BIO-SHORT-2505.02276v1,q13,Name_x_Inst,-0.03333333333333333
text02-BIO-SHORT-2507.04575v1,q13,Name_x_Inst,-0.08333333333333333
text03-BIO-SHORT-2505.11568v3,q13,Name_x_Inst,0.18333333333333326
text04-BIO-SHORT-2507.08385v1,q13,Name_x_Inst,-0.049999999999999996
text05-BIO-SHORT-2504.10973v1,q13,Name_x_Inst,0.18333333333333335
text06-BIO-SHORT-2506.14789v1,q13,Name_x_Inst,2.7755575615628914e-17
text07-BIO-SHORT-2506.13576v3,q13,Name_x_Inst,0.06666666666666667
text08-BIO-SHORT-2503.19923v2,q13,Name_x_Inst,-0.1166666666666667
text09-BIO-SHORT-2602.00019v1,q13,Name_x_Inst,-0.3666666666666667
text10-BIO-SHORT-2506.13817v1,q13,Name_x_Inst,0.0
text11-CS-SHORT-2506.09194v1,q13,Name_x_Inst,-0.13333333333333333
text12-CS-SHORT-2512.19717v1,q13,Name_x_Inst,0.08333333333333333
text13-CS-SHORT-2510.04124v5,q13,Name_x_Inst,-0.11666666666666668
text14-CS-SHORT-2509.13349v2,q13,Name_x_Inst,0.2333333333333333
text15-CS-SHORT-2602.03870v1,q13,Name_x_Inst,0.16666666666666666
text16-CS-SHORT-2509.06033v1,q13,Name_x_Inst,-0.3833333333333333
text17-CS-SHORT-2509.16294v1,q13,Name_x_Inst,0.11666666666666665
text18-CS-SHORT-2507.09492v1,q13,Name_x_Inst,-0.08333333333333333
text19-CS-SHORT-2509.14600v1,q13,Name_x_Inst,0.6166666666666667
text20-CS-SHORT-2503.14899v1,q13,Name_x_Inst,0.43333333333333335
text21-PHY-SHORT-2601.23079v1,q13,Name_x_Inst,-0.25
text22-PHY-SHORT-2601.23047v1,q13,Name_x_Inst,-0.3666666666666667
text23-PHY-SHORT-2601.23057v1,q13,Name_x_Inst,0.19999999999999998
text24-PHY-SHORT-2509.16741v1,q13,Name_x_Inst,-0.03333333333333335
text25-PHY-SHORT-2507.08042v1,q13,Name_x_Inst,0.35000000000000003
text26-PHY-SHORT-2512.23538v1,q13,Name_x_Inst,0.11666666666666665
text27-PHY-SHORT-2510.18500v1,q13,Name_x_Inst,-0.5166666666666667
text28-PHY-SHORT-2508.20431v1,q13,Name_x_Inst,0.016666666666666663
text29-PHY-SHORT-2509.06825v1,q13,Name_x_Inst,-0.11666666666666668
text30-PHY-SHORT-2509.17653v2,q13,Name_x_Inst,0.4666666666666666
text31-MATH-SHORT-2511.03536v1,q13,Name_x_Inst,-0.2333333333333333
text32-MATH-SHORT-2603.02088v1,q13,Name_x_Inst,0.13333333333333333
text33-MATH-SHORT-2512.22134v3,q13,Name_x_Inst,0.21666666666666665
text34-MATH-SHORT-2509.00532v1,q13,Name_x_Inst,-0.7000000000000001
text35-MATH-SHORT-2512.06844v1,q13,Name_x_Inst,-0.18333333333333332
text36-MATH-SHORT-2503.09380v2,q13,Name_x_Inst,0.016666666666666663
text37-MATH-SHORT-2510.26426v1,q13,Name_x_Inst,-0.13333333333333333
text38-MATH-SHORT-2512.04101v1,q13,Name_x_Inst,-0.5333333333333333
text39-MATH-SHORT-2506.11609v2,q13,Name_x_Inst,-0.38333333333333336
text40-MATH-SHORT-2507.15879v2,q13,Name_x_Inst,-0.050000000000000024
text41-BIO-LONG-2512.06709v1,q13,Name_x_Inst,0.06666666666666667
text42-BIO-LONG-2503.07104v1,q13,Name_x_Inst,0.03333333333333329
text43-BIO-LONG-2506.16577v1,q13,Name_x_Inst,-0.10000000000000002
text44-BIO-LONG-2505.20052v1,q13,Name_x_Inst,0.11666666666666668
text45-BIO-LONG-2507.17897v4,q13,Name_x_Inst,0.18333333333333335
text46-BIO-LONG-2505.05863v1,q13,Name_x_Inst,-0.03333333333333336
text47-BIO-LONG-2505.21094v1,q13,Name_x_Inst,0.11666666666666665
text48-BIO-LONG-2602.16750v1,q13,Name_x_Inst,0.10000000000000003
text49-BIO-LONG-2511.10014v1,q13,Name_x_Inst,-0.09999999999999999
text50-BIO-LONG-2603.01054v1,q13,Name_x_Inst,0.033333333333333326
text51-CS-LONG-2602.11588v1,q13,Name_x_Inst,0.01666666666666668
text52-CS-LONG-2602.15675v1,q13,Name_x_Inst,0.05000000000000001
text53-CS-LONG-2603.02012v1,q13,Name_x_Inst,0.15000000000000002
text54-CS-LONG-2602.23006v1,q13,Name_x_Inst,0.033333333333333326
text55-CS-LONG-2602.21625v1,q13,Name_x_Inst,0.033333333333333326
text56-CS-LONG-2602.13713v1,q13,Name_x_Inst,0.016666666666666646
text57-CS-LONG-2603.00079v1,q13,Name_x_Inst,-0.45
text58-CS-LONG-2603.01023v1,q13,Name_x_Inst,-0.15
text59-CS-LONG-2602.19401v1,q13,Name_x_Inst,0.033333333333333354
text60-CS-LONG-2602.18518v1,q13,Name_x_Inst,0.06666666666666665
text61-PHY-LONG-2602.03885v1,q13,Name_x_Inst,-3.700743415417188e-17
text62-PHY-LONG-2511.21971v1,q13,Name_x_Inst,-0.08333333333333336
text63-PHY-LONG-2512.18015v1,q13,Name_x_Inst,0.0
text64-PHY-LONG-2602.23683v1,q13,Name_x_Inst,-0.10000000000000002
text65-PHY-LONG-2601.13267v1,q13,Name_x_Inst,0.25
text66-PHY-LONG-2512.24566v1,q13,Name_x_Inst,-0.06666666666666667
text67-PHY-LONG-2602.07636v2,q13,Name_x_Inst,-0.14999999999999997
text68-PHY-LONG-2512.18130v1,q13,Name_x_Inst,-0.16666666666666663
text69-PHY-LONG-2602.17389v1,q13,Name_x_Inst,0.2833333333333334
text70-PHY-LONG-2602.08188v1,q13,Name_x_Inst,0.03333333333333335
text71-MATH-LONG-2511.12781v1,q13,Name_x_Inst,-0.13333333333333333
text72-MATH-LONG-2602.06095v1,q13,Name_x_Inst,-0.3333333333333333
text73-MATH-LONG-2511.18101v1,q13,Name_x_Inst,0.016666666666666625
text74-MATH-LONG-2512.15978v1,q13,Name_x_Inst,0.016666666666666646
text75-MATH-LONG-2511.22140v1,q13,Name_x_Inst,0.0333333333333333
text76-MATH-LONG-2602.20441v1,q13,Name_x_Inst,-0.04999999999999999
text77-MATH-LONG-2601.20851v2,q13,Name_x_Inst,0.08333333333333336
text78-MATH-LONG-2512.17595v1,q13,Name_x_Inst,0.050000000000000024
text79-MATH-LONG-2512.10129v1,q13,Name_x_Inst,-0.10000000000000005
text80-MATH-LONG-2512.10507v1,q13,Name_x_Inst,0.13333333333333333
text01-BIO-SHORT-2505.02276v1,q13,Name_x_Bibliometrics,0.0
text02-BIO-SHORT-2507.04575v1,q13,Name_x_Bibliometrics,0.08333333333333331
text03-BIO-SHORT-2505.11568v3,q13,Name_x_Bibliometrics,-0.050000000000000024
text04-BIO-SHORT-2507.08385v1,q13,Name_x_Bibliometrics,-0.05000000000000001
text05-BIO-SHORT-2504.10973v1,q13,Name_x_Bibliometrics,0.48333333333333334
text06-BIO-SHORT-2506.14789v1,q13,Name_x_Bibliometrics,0.06666666666666662
text07-BIO-SHORT-2506.13576v3,q13,Name_x_Bibliometrics,-0.03333333333333335
text08-BIO-SHORT-2503.19923v2,q13,Name_x_Bibliometrics,0.016666666666666663
text09-BIO-SHORT-2602.00019v1,q13,Name_x_Bibliometrics,0.10000000000000005
text10-BIO-SHORT-2506.13817v1,q13,Name_x_Bibliometrics,0.0
text11-CS-SHORT-2506.09194v1,q13,Name_x_Bibliometrics,-0.033333333333333326
text12-CS-SHORT-2512.19717v1,q13,Name_x_Bibliometrics,-0.25
text13-CS-SHORT-2510.04124v5,q13,Name_x_Bibliometrics,0.25000000000000006
text14-CS-SHORT-2509.13349v2,q13,Name_x_Bibliometrics,0.033333333333333326
text15-CS-SHORT-2602.03870v1,q13,Name_x_Bibliometrics,-0.10000000000000002
text16-CS-SHORT-2509.06033v1,q13,Name_x_Bibliometrics,0.35000000000000003
text17-CS-SHORT-2509.16294v1,q13,Name_x_Bibliometrics,0.1166666666666667
text18-CS-SHORT-2507.09492v1,q13,Name_x_Bibliometrics,0.04999999999999997
text19-CS-SHORT-2509.14600v1,q13,Name_x_Bibliometrics,-0.15
text20-CS-SHORT-2503.14899v1,q13,Name_x_Bibliometrics,-0.16666666666666666
text21-PHY-SHORT-2601.23079v1,q13,Name_x_Bibliometrics,0.2166666666666667
text22-PHY-SHORT-2601.23047v1,q13,Name_x_Bibliometrics,-0.06666666666666667
text23-PHY-SHORT-2601.23057v1,q13,Name_x_Bibliometrics,2.312964634635743e-17
text24-PHY-SHORT-2509.16741v1,q13,Name_x_Bibliometrics,-0.03333333333333335
text25-PHY-SHORT-2507.08042v1,q13,Name_x_Bibliometrics,0.6166666666666667
text26-PHY-SHORT-2512.23538v1,q13,Name_x_Bibliometrics,-0.05000000000000001
text27-PHY-SHORT-2510.18500v1,q13,Name_x_Bibliometrics,0.18333333333333335
text28-PHY-SHORT-2508.20431v1,q13,Name_x_Bibliometrics,-0.11666666666666668
text29-PHY-SHORT-2509.06825v1,q13,Name_x_Bibliometrics,0.08333333333333333
text30-PHY-SHORT-2509.17653v2,q13,Name_x_Bibliometrics,1.3877787807814457e-17
text31-MATH-SHORT-2511.03536v1,q13,Name_x_Bibliometrics,-0.10000000000000002
text32-MATH-SHORT-2603.02088v1,q13,Name_x_Bibliometrics,-0.03333333333333333
text33-MATH-SHORT-2512.22134v3,q13,Name_x_Bibliometrics,-0.15
text34-MATH-SHORT-2509.00532v1,q13,Name_x_Bibliometrics,-0.09999999999999999
text35-MATH-SHORT-2512.06844v1,q13,Name_x_Bibliometrics,0.3833333333333333
text36-MATH-SHORT-2503.09380v2,q13,Name_x_Bibliometrics,0.05000000000000001
text37-MATH-SHORT-2510.26426v1,q13,Name_x_Bibliometrics,0.03333333333333333
text38-MATH-SHORT-2512.04101v1,q13,Name_x_Bibliometrics,0.10000000000000002
text39-MATH-SHORT-2506.11609v2,q13,Name_x_Bibliometrics,0.15
text40-MATH-SHORT-2507.15879v2,q13,Name_x_Bibliometrics,0.016666666666666663
text41-BIO-LONG-2512.06709v1,q13,Name_x_Bibliometrics,0.2333333333333333
text42-BIO-LONG-2503.07104v1,q13,Name_x_Bibliometrics,-3.700743415417188e-17
text43-BIO-LONG-2506.16577v1,q13,Name_x_Bibliometrics,-0.10000000000000002
text44-BIO-LONG-2505.20052v1,q13,Name_x_Bibliometrics,0.016666666666666663
text45-BIO-LONG-2507.17897v4,q13,Name_x_Bibliometrics,0.016666666666666663
text46-BIO-LONG-2505.05863v1,q13,Name_x_Bibliometrics,0.0
text47-BIO-LONG-2505.21094v1,q13,Name_x_Bibliometrics,0.3833333333333333
text48-BIO-LONG-2602.16750v1,q13,Name_x_Bibliometrics,0.033333333333333305
text49-BIO-LONG-2511.10014v1,q13,Name_x_Bibliometrics,-0.03333333333333335
text50-BIO-LONG-2603.01054v1,q13,Name_x_Bibliometrics,-0.09999999999999998
text51-CS-LONG-2602.11588v1,q13,Name_x_Bibliometrics,-0.01666666666666668
text52-CS-LONG-2602.15675v1,q13,Name_x_Bibliometrics,0.05000000000000001
text53-CS-LONG-2603.02012v1,q13,Name_x_Bibliometrics,-0.08333333333333333
text54-CS-LONG-2602.23006v1,q13,Name_x_Bibliometrics,0.5666666666666668
text55-CS-LONG-2602.21625v1,q13,Name_x_Bibliometrics,-0.0666666666666667
text56-CS-LONG-2602.13713v1,q13,Name_x_Bibliometrics,-0.016666666666666646
text57-CS-LONG-2603.00079v1,q13,Name_x_Bibliometrics,-0.016666666666666663
text58-CS-LONG-2603.01023v1,q13,Name_x_Bibliometrics,-0.08333333333333336
text59-CS-LONG-2602.19401v1,q13,Name_x_Bibliometrics,-0.06666666666666668
text60-CS-LONG-2602.18518v1,q13,Name_x_Bibliometrics,-0.1333333333333334
text61-PHY-LONG-2602.03885v1,q13,Name_x_Bibliometrics,0.033333333333333326
text62-PHY-LONG-2511.21971v1,q13,Name_x_Bibliometrics,0.08333333333333336
text63-PHY-LONG-2512.18015v1,q13,Name_x_Bibliometrics,0.0666666666666667
text64-PHY-LONG-2602.23683v1,q13,Name_x_Bibliometrics,0.19999999999999996
text65-PHY-LONG-2601.13267v1,q13,Name_x_Bibliometrics,0.050000000000000024
text66-PHY-LONG-2512.24566v1,q13,Name_x_Bibliometrics,-0.03333333333333335
text67-PHY-LONG-2602.07636v2,q13,Name_x_Bibliometrics,-0.04999999999999999
text68-PHY-LONG-2512.18130v1,q13,Name_x_Bibliometrics,0.0
text69-PHY-LONG-2602.17389v1,q13,Name_x_Bibliometrics,0.050000000000000044
text70-PHY-LONG-2602.08188v1,q13,Name_x_Bibliometrics,0.09999999999999999
text71-MATH-LONG-2511.12781v1,q13,Name_x_Bibliometrics,0.10000000000000002
text72-MATH-LONG-2602.06095v1,q13,Name_x_Bibliometrics,-0.13333333333333333
text73-MATH-LONG-2511.18101v1,q13,Name_x_Bibliometrics,-0.050000000000000024
text74-MATH-LONG-2512.15978v1,q13,Name_x_Bibliometrics,-0.11666666666666665
text75-MATH-LONG-2511.22140v1,q13,Name_x_Bibliometrics,0.03333333333333333
text76-MATH-LONG-2602.20441v1,q13,Name_x_Bibliometrics,-0.18333333333333326
text77-MATH-LONG-2601.20851v2,q13,Name_x_Bibliometrics,0.11666666666666664
text78-MATH-LONG-2512.17595v1,q13,Name_x_Bibliometrics,-0.11666666666666668
text79-MATH-LONG-2512.10129v1,q13,Name_x_Bibliometrics,-0.0666666666666667
text80-MATH-LONG-2512.10507v1,q13,Name_x_Bibliometrics,0.10000000000000002
text01-BIO-SHORT-2505.02276v1,q13,Inst_x_Bibliometrics,0.19999999999999998
text02-BIO-SHORT-2507.04575v1,q13,Inst_x_Bibliometrics,-0.01666666666666668
text03-BIO-SHORT-2505.11568v3,q13,Inst_x_Bibliometrics,0.08333333333333336
text04-BIO-SHORT-2507.08385v1,q13,Inst_x_Bibliometrics,-0.31666666666666665
text05-BIO-SHORT-2504.10973v1,q13,Inst_x_Bibliometrics,0.25
text06-BIO-SHORT-2506.14789v1,q13,Inst_x_Bibliometrics,-0.03333333333333332
text07-BIO-SHORT-2506.13576v3,q13,Inst_x_Bibliometrics,-0.13333333333333333
text08-BIO-SHORT-2503.19923v2,q13,Inst_x_Bibliometrics,-0.016666666666666663
text09-BIO-SHORT-2602.00019v1,q13,Inst_x_Bibliometrics,0.09999999999999998
text10-BIO-SHORT-2506.13817v1,q13,Inst_x_Bibliometrics,0.0
text11-CS-SHORT-2506.09194v1,q13,Inst_x_Bibliometrics,-0.13333333333333333
text12-CS-SHORT-2512.19717v1,q13,Inst_x_Bibliometrics,0.04999999999999997
text13-CS-SHORT-2510.04124v5,q13,Inst_x_Bibliometrics,0.15
text14-CS-SHORT-2509.13349v2,q13,Inst_x_Bibliometrics,-0.23333333333333336
text15-CS-SHORT-2602.03870v1,q13,Inst_x_Bibliometrics,-0.03333333333333336
text16-CS-SHORT-2509.06033v1,q13,Inst_x_Bibliometrics,-0.35000000000000003
text17-CS-SHORT-2509.16294v1,q13,Inst_x_Bibliometrics,0.05000000000000001
text18-CS-SHORT-2507.09492v1,q13,Inst_x_Bibliometrics,0.08333333333333337
text19-CS-SHORT-2509.14600v1,q13,Inst_x_Bibliometrics,-0.11666666666666664
text20-CS-SHORT-2503.14899v1,q13,Inst_x_Bibliometrics,0.16666666666666666
text21-PHY-SHORT-2601.23079v1,q13,Inst_x_Bibliometrics,0.11666666666666668
text22-PHY-SHORT-2601.23047v1,q13,Inst_x_Bibliometrics,0.09999999999999999
text23-PHY-SHORT-2601.23057v1,q13,Inst_x_Bibliometrics,0.033333333333333326
text24-PHY-SHORT-2509.16741v1,q13,Inst_x_Bibliometrics,-0.09999999999999999
text25-PHY-SHORT-2507.08042v1,q13,Inst_x_Bibliometrics,-0.7166666666666667
text26-PHY-SHORT-2512.23538v1,q13,Inst_x_Bibliometrics,-0.05000000000000001
text27-PHY-SHORT-2510.18500v1,q13,Inst_x_Bibliometrics,0.31666666666666665
text28-PHY-SHORT-2508.20431v1,q13,Inst_x_Bibliometrics,-0.3833333333333333
text29-PHY-SHORT-2509.06825v1,q13,Inst_x_Bibliometrics,0.08333333333333333
text30-PHY-SHORT-2509.17653v2,q13,Inst_x_Bibliometrics,0.4666666666666666
text31-MATH-SHORT-2511.03536v1,q13,Inst_x_Bibliometrics,-0.03333333333333333
text32-MATH-SHORT-2603.02088v1,q13,Inst_x_Bibliometrics,0.09999999999999999
text33-MATH-SHORT-2512.22134v3,q13,Inst_x_Bibliometrics,0.04999999999999999
text34-MATH-SHORT-2509.00532v1,q13,Inst_x_Bibliometrics,-0.16666666666666666
text35-MATH-SHORT-2512.06844v1,q13,Inst_x_Bibliometrics,-0.016666666666666663
text36-MATH-SHORT-2503.09380v2,q13,Inst_x_Bibliometrics,-0.21666666666666667
text37-MATH-SHORT-2510.26426v1,q13,Inst_x_Bibliometrics,-0.13333333333333333
text38-MATH-SHORT-2512.04101v1,q13,Inst_x_Bibliometrics,0.16666666666666666
text39-MATH-SHORT-2506.11609v2,q13,Inst_x_Bibliometrics,0.08333333333333336
text40-MATH-SHORT-2507.15879v2,q13,Inst_x_Bibliometrics,-0.016666666666666663
text41-BIO-LONG-2512.06709v1,q13,Inst_x_Bibliometrics,0.13333333333333333
text42-BIO-LONG-2503.07104v1,q13,Inst_x_Bibliometrics,-0.06666666666666661
text43-BIO-LONG-2506.16577v1,q13,Inst_x_Bibliometrics,0.03333333333333333
text44-BIO-LONG-2505.20052v1,q13,Inst_x_Bibliometrics,-0.08333333333333336
text45-BIO-LONG-2507.17897v4,q13,Inst_x_Bibliometrics,-0.016666666666666677
text46-BIO-LONG-2505.05863v1,q13,Inst_x_Bibliometrics,0.03333333333333329
text47-BIO-LONG-2505.21094v1,q13,Inst_x_Bibliometrics,0.3833333333333333
text48-BIO-LONG-2602.16750v1,q13,Inst_x_Bibliometrics,0.06666666666666667
text49-BIO-LONG-2511.10014v1,q13,Inst_x_Bibliometrics,-0.16666666666666666
text50-BIO-LONG-2603.01054v1,q13,Inst_x_Bibliometrics,-0.033333333333333326
text51-CS-LONG-2602.11588v1,q13,Inst_x_Bibliometrics,-0.01666666666666668
text52-CS-LONG-2602.15675v1,q13,Inst_x_Bibliometrics,0.11666666666666668
text53-CS-LONG-2603.02012v1,q13,Inst_x_Bibliometrics,0.050000000000000044
text54-CS-LONG-2602.23006v1,q13,Inst_x_Bibliometrics,-0.033333333333333326
text55-CS-LONG-2602.21625v1,q13,Inst_x_Bibliometrics,-0.19999999999999998
text56-CS-LONG-2602.13713v1,q13,Inst_x_Bibliometrics,0.24999999999999997
text57-CS-LONG-2603.00079v1,q13,Inst_x_Bibliometrics,0.15000000000000005
text58-CS-LONG-2603.01023v1,q13,Inst_x_Bibliometrics,-0.45
text59-CS-LONG-2602.19401v1,q13,Inst_x_Bibliometrics,-0.26666666666666666
text60-CS-LONG-2602.18518v1,q13,Inst_x_Bibliometrics,-0.3
text61-PHY-LONG-2602.03885v1,q13,Inst_x_Bibliometrics,-0.13333333333333333
text62-PHY-LONG-2511.21971v1,q13,Inst_x_Bibliometrics,0.18333333333333335
text63-PHY-LONG-2512.18015v1,q13,Inst_x_Bibliometrics,0.16666666666666666
text64-PHY-LONG-2602.23683v1,q13,Inst_x_Bibliometrics,0.06666666666666665
text65-PHY-LONG-2601.13267v1,q13,Inst_x_Bibliometrics,-0.016666666666666663
text66-PHY-LONG-2512.24566v1,q13,Inst_x_Bibliometrics,-1.850371707708594e-17
text67-PHY-LONG-2602.07636v2,q13,Inst_x_Bibliometrics,0.38333333333333336
text68-PHY-LONG-2512.18130v1,q13,Inst_x_Bibliometrics,-0.16666666666666663
text69-PHY-LONG-2602.17389v1,q13,Inst_x_Bibliometrics,-0.11666666666666663
text70-PHY-LONG-2602.08188v1,q13,Inst_x_Bibliometrics,0.09999999999999999
text71-MATH-LONG-2511.12781v1,q13,Inst_x_Bibliometrics,-0.033333333333333326
text72-MATH-LONG-2602.06095v1,q13,Inst_x_Bibliometrics,-0.26666666666666666
text73-MATH-LONG-2511.18101v1,q13,Inst_x_Bibliometrics,0.2833333333333334
text74-MATH-LONG-2512.15978v1,q13,Inst_x_Bibliometrics,0.11666666666666665
text75-MATH-LONG-2511.22140v1,q13,Inst_x_Bibliometrics,0.03333333333333333
text76-MATH-LONG-2602.20441v1,q13,Inst_x_Bibliometrics,-0.11666666666666668
text77-MATH-LONG-2601.20851v2,q13,Inst_x_Bibliometrics,-0.08333333333333336
text78-MATH-LONG-2512.17595v1,q13,Inst_x_Bibliometrics,-0.11666666666666668
text79-MATH-LONG-2512.10129v1,q13,Inst_x_Bibliometrics,0.26666666666666666
text80-MATH-LONG-2512.10507v1,q13,Inst_x_Bibliometrics,-0.09999999999999998
text01-BIO-SHORT-2505.02276v1,q14,BF_minus_WM,0.11666666666666665
text02-BIO-SHORT-2507.04575v1,q14,BF_minus_WM,0.016666666666666666
text03-BIO-SHORT-2505.11568v3,q14,BF_minus_WM,-0.00833333333333334
text04-BIO-SHORT-2507.08385v1,q14,BF_minus_WM,-0.04999999999999998
text05-BIO-SHORT-2504.10973v1,q14,BF_minus_WM,0.016666666666666646
text06-BIO-SHORT-2506.14789v1,q14,BF_minus_WM,-0.016666666666666663
text07-BIO-SHORT-2506.13576v3,q14,BF_minus_WM,0.00833333333333334
text08-BIO-SHORT-2503.19923v2,q14,BF_minus_WM,-0.25833333333333336
text09-BIO-SHORT-2602.00019v1,q14,BF_minus_WM,-0.033333333333333326
text10-BIO-SHORT-2506.13817v1,q14,BF_minus_WM,0.025000000000000005
text11-CS-SHORT-2506.09194v1,q14,BF_minus_WM,0.024999999999999984
text12-CS-SHORT-2512.19717v1,q14,BF_minus_WM,-0.016666666666666663
text13-CS-SHORT-2510.04124v5,q14,BF_minus_WM,0.025000000000000022
text14-CS-SHORT-2509.13349v2,q14,BF_minus_WM,0.024999999999999984
text15-CS-SHORT-2602.03870v1,q14,BF_minus_WM,-0.008333333333333323
text16-CS-SHORT-2509.06033v1,q14,BF_minus_WM,0.24166666666666667
text17-CS-SHORT-2509.16294v1,q14,BF_minus_WM,-0.06666666666666665
text18-CS-SHORT-2507.09492v1,q14,BF_minus_WM,-0.06666666666666667
text19-CS-SHORT-2509.14600v1,q14,BF_minus_WM,0.008333333333333323
text20-CS-SHORT-2503.14899v1,q14,BF_minus_WM,-0.11666666666666665
text21-PHY-SHORT-2601.23079v1,q14,BF_minus_WM,-0.03333333333333335
text22-PHY-SHORT-2601.23047v1,q14,BF_minus_WM,0.03333333333333335
text23-PHY-SHORT-2601.23057v1,q14,BF_minus_WM,0.03333333333333335
text24-PHY-SHORT-2509.16741v1,q14,BF_minus_WM,-0.025000000000000005
text25-PHY-SHORT-2507.08042v1,q14,BF_minus_WM,0.25
text26-PHY-SHORT-2512.23538v1,q14,BF_minus_WM,0.0
text27-PHY-SHORT-2510.18500v1,q14,BF_minus_WM,0.16666666666666666
text28-PHY-SHORT-2508.20431v1,q14,BF_minus_WM,0.03333333333333335
text29-PHY-SHORT-2509.06825v1,q14,BF_minus_WM,0.049999999999999996
text30-PHY-SHORT-2509.17653v2,q14,BF_minus_WM,0.075
text31-MATH-SHORT-2511.03536v1,q14,BF_minus_WM,-0.041666666666666664
text32-MATH-SHORT-2603.02088v1,q14,BF_minus_WM,0.17499999999999996
text33-MATH-SHORT-2512.22134v3,q14,BF_minus_WM,0.016666666666666673
text34-MATH-SHORT-2509.00532v1,q14,BF_minus_WM,-0.35833333333333334
text35-MATH-SHORT-2512.06844v1,q14,BF_minus_WM,0.11666666666666668
text36-MATH-SHORT-2503.09380v2,q14,BF_minus_WM,-0.03333333333333332
text37-MATH-SHORT-2510.26426v1,q14,BF_minus_WM,-0.00833333333333334
text38-MATH-SHORT-2512.04101v1,q14,BF_minus_WM,-0.033333333333333326
text39-MATH-SHORT-2506.11609v2,q14,BF_minus_WM,0.024999999999999984
text40-MATH-SHORT-2507.15879v2,q14,BF_minus_WM,0.00833333333333336
text41-BIO-LONG-2512.06709v1,q14,BF_minus_WM,0.041666666666666664
text42-BIO-LONG-2503.07104v1,q14,BF_minus_WM,0.0
text43-BIO-LONG-2506.16577v1,q14,BF_minus_WM,0.06666666666666667
text44-BIO-LONG-2505.20052v1,q14,BF_minus_WM,0.10833333333333334
text45-BIO-LONG-2507.17897v4,q14,BF_minus_WM,0.041666666666666664
text46-BIO-LONG-2505.05863v1,q14,BF_minus_WM,0.024999999999999994
text47-BIO-LONG-2505.21094v1,q14,BF_minus_WM,0.18333333333333335
text48-BIO-LONG-2602.16750v1,q14,BF_minus_WM,0.08333333333333333
text49-BIO-LONG-2511.10014v1,q14,BF_minus_WM,-0.033333333333333326
text50-BIO-LONG-2603.01054v1,q14,BF_minus_WM,0.024999999999999994
text51-CS-LONG-2602.11588v1,q14,BF_minus_WM,-0.04166666666666666
text52-CS-LONG-2602.15675v1,q14,BF_minus_WM,-0.033333333333333326
text53-CS-LONG-2603.02012v1,q14,BF_minus_WM,-0.024999999999999984
text54-CS-LONG-2602.23006v1,q14,BF_minus_WM,0.016666666666666663
text55-CS-LONG-2602.21625v1,q14,BF_minus_WM,0.11666666666666665
text56-CS-LONG-2602.13713v1,q14,BF_minus_WM,0.0
text57-CS-LONG-2603.00079v1,q14,BF_minus_WM,0.07500000000000001
text58-CS-LONG-2603.01023v1,q14,BF_minus_WM,0.0
text59-CS-LONG-2602.19401v1,q14,BF_minus_WM,-0.033333333333333326
text60-CS-LONG-2602.18518v1,q14,BF_minus_WM,0.0
text61-PHY-LONG-2602.03885v1,q14,BF_minus_WM,0.0
text62-PHY-LONG-2511.21971v1,q14,BF_minus_WM,-0.033333333333333326
text63-PHY-LONG-2512.18015v1,q14,BF_minus_WM,0.09166666666666663
text64-PHY-LONG-2602.23683v1,q14,BF_minus_WM,0.0
text65-PHY-LONG-2601.13267v1,q14,BF_minus_WM,0.07500000000000001
text66-PHY-LONG-2512.24566v1,q14,BF_minus_WM,0.0
text67-PHY-LONG-2602.07636v2,q14,BF_minus_WM,0.00833333333333334
text68-PHY-LONG-2512.18130v1,q14,BF_minus_WM,-0.00833333333333334
text69-PHY-LONG-2602.17389v1,q14,BF_minus_WM,0.025000000000000005
text70-PHY-LONG-2602.08188v1,q14,BF_minus_WM,-0.15
text71-MATH-LONG-2511.12781v1,q14,BF_minus_WM,0.0
text72-MATH-LONG-2602.06095v1,q14,BF_minus_WM,0.09166666666666667
text73-MATH-LONG-2511.18101v1,q14,BF_minus_WM,-0.03333333333333335
text74-MATH-LONG-2512.15978v1,q14,BF_minus_WM,0.033333333333333326
text75-MATH-LONG-2511.22140v1,q14,BF_minus_WM,0.025000000000000005
text76-MATH-LONG-2602.20441v1,q14,BF_minus_WM,-0.00833333333333334
text77-MATH-LONG-2601.20851v2,q14,BF_minus_WM,-0.08333333333333333
text78-MATH-LONG-2512.17595v1,q14,BF_minus_WM,0.025000000000000005
text79-MATH-LONG-2512.10129v1,q14,BF_minus_WM,0.07500000000000001
text80-MATH-LONG-2512.10507v1,q14,BF_minus_WM,-0.00833333333333334
text01-BIO-SHORT-2505.02276v1,q14,HI_minus_LI,-0.03333333333333333
text02-BIO-SHORT-2507.04575v1,q14,HI_minus_LI,0.06666666666666667
text03-BIO-SHORT-2505.11568v3,q14,HI_minus_LI,0.00833333333333334
text04-BIO-SHORT-2507.08385v1,q14,HI_minus_LI,-0.06666666666666667
text05-BIO-SHORT-2504.10973v1,q14,HI_minus_LI,0.033333333333333326
text06-BIO-SHORT-2506.14789v1,q14,HI_minus_LI,-0.016666666666666663
text07-BIO-SHORT-2506.13576v3,q14,HI_minus_LI,0.05833333333333331
text08-BIO-SHORT-2503.19923v2,q14,HI_minus_LI,0.024999999999999994
text09-BIO-SHORT-2602.00019v1,q14,HI_minus_LI,-0.033333333333333326
text10-BIO-SHORT-2506.13817v1,q14,HI_minus_LI,-0.008333333333333323
text11-CS-SHORT-2506.09194v1,q14,HI_minus_LI,-0.024999999999999984
text12-CS-SHORT-2512.19717v1,q14,HI_minus_LI,0.13333333333333333
text13-CS-SHORT-2510.04124v5,q14,HI_minus_LI,-0.00833333333333334
text14-CS-SHORT-2509.13349v2,q14,HI_minus_LI,0.041666666666666664
text15-CS-SHORT-2602.03870v1,q14,HI_minus_LI,-0.04166666666666665
text16-CS-SHORT-2509.06033v1,q14,HI_minus_LI,0.17499999999999996
text17-CS-SHORT-2509.16294v1,q14,HI_minus_LI,-0.0666666666666667
text18-CS-SHORT-2507.09492v1,q14,HI_minus_LI,0.09999999999999999
text19-CS-SHORT-2509.14600v1,q14,HI_minus_LI,0.041666666666666664
text20-CS-SHORT-2503.14899v1,q14,HI_minus_LI,0.05000000000000001
text21-PHY-SHORT-2601.23079v1,q14,HI_minus_LI,0.06666666666666667
text22-PHY-SHORT-2601.23047v1,q14,HI_minus_LI,0.03333333333333335
text23-PHY-SHORT-2601.23057v1,q14,HI_minus_LI,0.03333333333333335
text24-PHY-SHORT-2509.16741v1,q14,HI_minus_LI,0.025000000000000005
text25-PHY-SHORT-2507.08042v1,q14,HI_minus_LI,-0.3333333333333333
text26-PHY-SHORT-2512.23538v1,q14,HI_minus_LI,0.0
text27-PHY-SHORT-2510.18500v1,q14,HI_minus_LI,-0.01666666666666668
text28-PHY-SHORT-2508.20431v1,q14,HI_minus_LI,0.033333333333333305
text29-PHY-SHORT-2509.06825v1,q14,HI_minus_LI,-0.016666666666666673
text30-PHY-SHORT-2509.17653v2,q14,HI_minus_LI,0.09166666666666667
text31-MATH-SHORT-2511.03536v1,q14,HI_minus_LI,0.05833333333333331
text32-MATH-SHORT-2603.02088v1,q14,HI_minus_LI,-0.041666666666666664
text33-MATH-SHORT-2512.22134v3,q14,HI_minus_LI,0.11666666666666665
text34-MATH-SHORT-2509.00532v1,q14,HI_minus_LI,0.325
text35-MATH-SHORT-2512.06844v1,q14,HI_minus_LI,0.09999999999999999
text36-MATH-SHORT-2503.09380v2,q14,HI_minus_LI,0.049999999999999996
text37-MATH-SHORT-2510.26426v1,q14,HI_minus_LI,-0.025000000000000022
text38-MATH-SHORT-2512.04101v1,q14,HI_minus_LI,-0.05000000000000001
text39-MATH-SHORT-2506.11609v2,q14,HI_minus_LI,0.041666666666666664
text40-MATH-SHORT-2507.15879v2,q14,HI_minus_LI,-0.025000000000000005
text41-BIO-LONG-2512.06709v1,q14,HI_minus_LI,0.05833333333333335
text42-BIO-LONG-2503.07104v1,q14,HI_minus_LI,0.0
text43-BIO-LONG-2506.16577v1,q14,HI_minus_LI,0.016666666666666663
text44-BIO-LONG-2505.20052v1,q14,HI_minus_LI,-0.025000000000000005
text45-BIO-LONG-2507.17897v4,q14,HI_minus_LI,0.075
text46-BIO-LONG-2505.05863v1,q14,HI_minus_LI,-0.04166666666666666
text47-BIO-LONG-2505.21094v1,q14,HI_minus_LI,0.2833333333333334
text48-BIO-LONG-2602.16750v1,q14,HI_minus_LI,-0.08333333333333333
text49-BIO-LONG-2511.10014v1,q14,HI_minus_LI,-0.04999999999999997
text50-BIO-LONG-2603.01054v1,q14,HI_minus_LI,-0.05833333333333334
text51-CS-LONG-2602.11588v1,q14,HI_minus_LI,-0.05833333333333334
text52-CS-LONG-2602.15675v1,q14,HI_minus_LI,0.13333333333333333
text53-CS-LONG-2603.02012v1,q14,HI_minus_LI,-0.041666666666666664
text54-CS-LONG-2602.23006v1,q14,HI_minus_LI,-0.016666666666666663
text55-CS-LONG-2602.21625v1,q14,HI_minus_LI,0.13333333333333333
text56-CS-LONG-2602.13713v1,q14,HI_minus_LI,0.01666666666666668
text57-CS-LONG-2603.00079v1,q14,HI_minus_LI,-0.025000000000000005
text58-CS-LONG-2603.01023v1,q14,HI_minus_LI,-0.01666666666666668
text59-CS-LONG-2602.19401v1,q14,HI_minus_LI,-0.033333333333333326
text60-CS-LONG-2602.18518v1,q14,HI_minus_LI,0.0
text61-PHY-LONG-2602.03885v1,q14,HI_minus_LI,0.0
text62-PHY-LONG-2511.21971v1,q14,HI_minus_LI,0.0
text63-PHY-LONG-2512.18015v1,q14,HI_minus_LI,0.09166666666666667
text64-PHY-LONG-2602.23683v1,q14,HI_minus_LI,0.08333333333333333
text65-PHY-LONG-2601.13267v1,q14,HI_minus_LI,0.024999999999999967
text66-PHY-LONG-2512.24566v1,q14,HI_minus_LI,0.0
text67-PHY-LONG-2602.07636v2,q14,HI_minus_LI,0.00833333333333334
text68-PHY-LONG-2512.18130v1,q14,HI_minus_LI,0.00833333333333334
text69-PHY-LONG-2602.17389v1,q14,HI_minus_LI,-0.07499999999999997
text70-PHY-LONG-2602.08188v1,q14,HI_minus_LI,0.04999999999999999
text71-MATH-LONG-2511.12781v1,q14,HI_minus_LI,-0.08333333333333333
text72-MATH-LONG-2602.06095v1,q14,HI_minus_LI,-0.04166666666666666
text73-MATH-LONG-2511.18101v1,q14,HI_minus_LI,0.016666666666666663
text74-MATH-LONG-2512.15978v1,q14,HI_minus_LI,0.033333333333333326
text75-MATH-LONG-2511.22140v1,q14,HI_minus_LI,0.09166666666666666
text76-MATH-LONG-2602.20441v1,q14,HI_minus_LI,0.00833333333333334
text77-MATH-LONG-2601.20851v2,q14,HI_minus_LI,0.033333333333333326
text78-MATH-LONG-2512.17595v1,q14,HI_minus_LI,0.04166666666666665
text79-MATH-LONG-2512.10129v1,q14,HI_minus_LI,0.10833333333333334
text80-MATH-LONG-2512.10507v1,q14,HI_minus_LI,-0.00833333333333334
text01-BIO-SHORT-2505.02276v1,q14,HP_minus_LP,0.08333333333333333
text02-BIO-SHORT-2507.04575v1,q14,HP_minus_LP,0.15
text03-BIO-SHORT-2505.11568v3,q14,HP_minus_LP,-0.00833333333333334
text04-BIO-SHORT-2507.08385v1,q14,HP_minus_LP,0.03333333333333333
text05-BIO-SHORT-2504.10973v1,q14,HP_minus_LP,0.11666666666666665
text06-BIO-SHORT-2506.14789v1,q14,HP_minus_LP,0.016666666666666663
text07-BIO-SHORT-2506.13576v3,q14,HP_minus_LP,0.10833333333333335
text08-BIO-SHORT-2503.19923v2,q14,HP_minus_LP,-0.075
text09-BIO-SHORT-2602.00019v1,q14,HP_minus_LP,-0.05000000000000001
text10-BIO-SHORT-2506.13817v1,q14,HP_minus_LP,0.024999999999999967
text11-CS-SHORT-2506.09194v1,q14,HP_minus_LP,-0.00833333333333334
text12-CS-SHORT-2512.19717v1,q14,HP_minus_LP,0.20000000000000004
text13-CS-SHORT-2510.04124v5,q14,HP_minus_LP,0.14166666666666664
text14-CS-SHORT-2509.13349v2,q14,HP_minus_LP,0.041666666666666664
text15-CS-SHORT-2602.03870v1,q14,HP_minus_LP,-0.025000000000000005
text16-CS-SHORT-2509.06033v1,q14,HP_minus_LP,0.00833333333333334
text17-CS-SHORT-2509.16294v1,q14,HP_minus_LP,-0.06666666666666667
text18-CS-SHORT-2507.09492v1,q14,HP_minus_LP,0.016666666666666663
text19-CS-SHORT-2509.14600v1,q14,HP_minus_LP,0.09166666666666667
text20-CS-SHORT-2503.14899v1,q14,HP_minus_LP,-0.21666666666666667
text21-PHY-SHORT-2601.23079v1,q14,HP_minus_LP,0.1166666666666667
text22-PHY-SHORT-2601.23047v1,q14,HP_minus_LP,-0.016666666666666663
text23-PHY-SHORT-2601.23057v1,q14,HP_minus_LP,-0.016666666666666663
text24-PHY-SHORT-2509.16741v1,q14,HP_minus_LP,0.025000000000000005
text25-PHY-SHORT-2507.08042v1,q14,HP_minus_LP,0.11666666666666668
text26-PHY-SHORT-2512.23538v1,q14,HP_minus_LP,0.0
text27-PHY-SHORT-2510.18500v1,q14,HP_minus_LP,0.15
text28-PHY-SHORT-2508.20431v1,q14,HP_minus_LP,0.11666666666666668
text29-PHY-SHORT-2509.06825v1,q14,HP_minus_LP,0.016666666666666673
text30-PHY-SHORT-2509.17653v2,q14,HP_minus_LP,0.125
text31-MATH-SHORT-2511.03536v1,q14,HP_minus_LP,0.041666666666666664
text32-MATH-SHORT-2603.02088v1,q14,HP_minus_LP,0.041666666666666664
text33-MATH-SHORT-2512.22134v3,q14,HP_minus_LP,0.21666666666666665
text34-MATH-SHORT-2509.00532v1,q14,HP_minus_LP,0.12499999999999999
text35-MATH-SHORT-2512.06844v1,q14,HP_minus_LP,1.850371707708594e-17
text36-MATH-SHORT-2503.09380v2,q14,HP_minus_LP,0.13333333333333333
text37-MATH-SHORT-2510.26426v1,q14,HP_minus_LP,-0.00833333333333334
text38-MATH-SHORT-2512.04101v1,q14,HP_minus_LP,0.19999999999999998
text39-MATH-SHORT-2506.11609v2,q14,HP_minus_LP,0.075
text40-MATH-SHORT-2507.15879v2,q14,HP_minus_LP,0.008333333333333323
text41-BIO-LONG-2512.06709v1,q14,HP_minus_LP,0.00833333333333334
text42-BIO-LONG-2503.07104v1,q14,HP_minus_LP,0.0
text43-BIO-LONG-2506.16577v1,q14,HP_minus_LP,0.15
text44-BIO-LONG-2505.20052v1,q14,HP_minus_LP,0.09166666666666666
text45-BIO-LONG-2507.17897v4,q14,HP_minus_LP,0.15833333333333333
text46-BIO-LONG-2505.05863v1,q14,HP_minus_LP,0.008333333333333368
text47-BIO-LONG-2505.21094v1,q14,HP_minus_LP,0.03333333333333335
text48-BIO-LONG-2602.16750v1,q14,HP_minus_LP,0.0
text49-BIO-LONG-2511.10014v1,q14,HP_minus_LP,0.0
text50-BIO-LONG-2603.01054v1,q14,HP_minus_LP,-0.008333333333333331
text51-CS-LONG-2602.11588v1,q14,HP_minus_LP,-0.07500000000000002
text52-CS-LONG-2602.15675v1,q14,HP_minus_LP,-0.033333333333333326
text53-CS-LONG-2603.02012v1,q14,HP_minus_LP,0.024999999999999984
text54-CS-LONG-2602.23006v1,q14,HP_minus_LP,0.016666666666666663
text55-CS-LONG-2602.21625v1,q14,HP_minus_LP,0.05000000000000001
text56-CS-LONG-2602.13713v1,q14,HP_minus_LP,0.0
text57-CS-LONG-2603.00079v1,q14,HP_minus_LP,0.09166666666666666
text58-CS-LONG-2603.01023v1,q14,HP_minus_LP,0.01666666666666668
text59-CS-LONG-2602.19401v1,q14,HP_minus_LP,0.033333333333333326
text60-CS-LONG-2602.18518v1,q14,HP_minus_LP,0.0
text61-PHY-LONG-2602.03885v1,q14,HP_minus_LP,0.0
text62-PHY-LONG-2511.21971v1,q14,HP_minus_LP,0.13333333333333333
text63-PHY-LONG-2512.18015v1,q14,HP_minus_LP,0.25833333333333336
text64-PHY-LONG-2602.23683v1,q14,HP_minus_LP,0.08333333333333333
text65-PHY-LONG-2601.13267v1,q14,HP_minus_LP,0.07500000000000001
text66-PHY-LONG-2512.24566v1,q14,HP_minus_LP,0.0
text67-PHY-LONG-2602.07636v2,q14,HP_minus_LP,-0.00833333333333334
text68-PHY-LONG-2512.18130v1,q14,HP_minus_LP,0.15833333333333333
text69-PHY-LONG-2602.17389v1,q14,HP_minus_LP,0.07500000000000001
text70-PHY-LONG-2602.08188v1,q14,HP_minus_LP,0.11666666666666665
text71-MATH-LONG-2511.12781v1,q14,HP_minus_LP,0.05000000000000001
text72-MATH-LONG-2602.06095v1,q14,HP_minus_LP,0.008333333333333331
text73-MATH-LONG-2511.18101v1,q14,HP_minus_LP,0.09999999999999999
text74-MATH-LONG-2512.15978v1,q14,HP_minus_LP,0.033333333333333326
text75-MATH-LONG-2511.22140v1,q14,HP_minus_LP,0.07499999999999997
text76-MATH-LONG-2602.20441v1,q14,HP_minus_LP,0.00833333333333334
text77-MATH-LONG-2601.20851v2,q14,HP_minus_LP,0.033333333333333326
text78-MATH-LONG-2512.17595v1,q14,HP_minus_LP,-0.008333333333333323
text79-MATH-LONG-2512.10129v1,q14,HP_minus_LP,0.10833333333333334
text80-MATH-LONG-2512.10507v1,q14,HP_minus_LP,0.00833333333333334
text01-BIO-SHORT-2505.02276v1,q14,Name_x_Inst,0.09999999999999999
text02-BIO-SHORT-2507.04575v1,q14,Name_x_Inst,-0.19999999999999998
text03-BIO-SHORT-2505.11568v3,q14,Name_x_Inst,0.01666666666666668
text04-BIO-SHORT-2507.08385v1,q14,Name_x_Inst,0.06666666666666664
text05-BIO-SHORT-2504.10973v1,q14,Name_x_Inst,-0.03333333333333329
text06-BIO-SHORT-2506.14789v1,q14,Name_x_Inst,-0.033333333333333326
text07-BIO-SHORT-2506.13576v3,q14,Name_x_Inst,0.050000000000000044
text08-BIO-SHORT-2503.19923v2,q14,Name_x_Inst,0.08333333333333331
text09-BIO-SHORT-2602.00019v1,q14,Name_x_Inst,-0.16666666666666666
text10-BIO-SHORT-2506.13817v1,q14,Name_x_Inst,0.05000000000000001
text11-CS-SHORT-2506.09194v1,q14,Name_x_Inst,-0.01666666666666668
text12-CS-SHORT-2512.19717v1,q14,Name_x_Inst,-0.033333333333333326
text13-CS-SHORT-2510.04124v5,q14,Name_x_Inst,0.01666666666666668
text14-CS-SHORT-2509.13349v2,q14,Name_x_Inst,-0.04999999999999997
text15-CS-SHORT-2602.03870v1,q14,Name_x_Inst,0.11666666666666665
text16-CS-SHORT-2509.06033v1,q14,Name_x_Inst,-0.4166666666666667
text17-CS-SHORT-2509.16294v1,q14,Name_x_Inst,0.06666666666666665
text18-CS-SHORT-2507.09492v1,q14,Name_x_Inst,-0.033333333333333326
text19-CS-SHORT-2509.14600v1,q14,Name_x_Inst,-0.08333333333333333
text20-CS-SHORT-2503.14899v1,q14,Name_x_Inst,0.2333333333333333
text21-PHY-SHORT-2601.23079v1,q14,Name_x_Inst,0.0
text22-PHY-SHORT-2601.23047v1,q14,Name_x_Inst,3.700743415417188e-17
text23-PHY-SHORT-2601.23057v1,q14,Name_x_Inst,0.19999999999999998
text24-PHY-SHORT-2509.16741v1,q14,Name_x_Inst,-0.016666666666666646
text25-PHY-SHORT-2507.08042v1,q14,Name_x_Inst,1.1333333333333333
text26-PHY-SHORT-2512.23538v1,q14,Name_x_Inst,0.0
text27-PHY-SHORT-2510.18500v1,q14,Name_x_Inst,-0.16666666666666666
text28-PHY-SHORT-2508.20431v1,q14,Name_x_Inst,-3.700743415417188e-17
text29-PHY-SHORT-2509.06825v1,q14,Name_x_Inst,-1.850371707708594e-17
text30-PHY-SHORT-2509.17653v2,q14,Name_x_Inst,-0.15
text31-MATH-SHORT-2511.03536v1,q14,Name_x_Inst,-0.04999999999999997
text32-MATH-SHORT-2603.02088v1,q14,Name_x_Inst,-0.04999999999999997
text33-MATH-SHORT-2512.22134v3,q14,Name_x_Inst,-0.10000000000000003
text34-MATH-SHORT-2509.00532v1,q14,Name_x_Inst,-0.6166666666666667
text35-MATH-SHORT-2512.06844v1,q14,Name_x_Inst,0.23333333333333336
text36-MATH-SHORT-2503.09380v2,q14,Name_x_Inst,0.16666666666666666
text37-MATH-SHORT-2510.26426v1,q14,Name_x_Inst,-0.01666666666666668
text38-MATH-SHORT-2512.04101v1,q14,Name_x_Inst,0.06666666666666665
text39-MATH-SHORT-2506.11609v2,q14,Name_x_Inst,0.08333333333333333
text40-MATH-SHORT-2507.15879v2,q14,Name_x_Inst,0.016666666666666646
text41-BIO-LONG-2512.06709v1,q14,Name_x_Inst,0.1166666666666667
text42-BIO-LONG-2503.07104v1,q14,Name_x_Inst,0.0
text43-BIO-LONG-2506.16577v1,q14,Name_x_Inst,0.0666666666666667
text44-BIO-LONG-2505.20052v1,q14,Name_x_Inst,0.05000000000000001
text45-BIO-LONG-2507.17897v4,q14,Name_x_Inst,0.11666666666666663
text46-BIO-LONG-2505.05863v1,q14,Name_x_Inst,-0.08333333333333336
text47-BIO-LONG-2505.21094v1,q14,Name_x_Inst,0.43333333333333335
text48-BIO-LONG-2602.16750v1,q14,Name_x_Inst,-0.16666666666666666
text49-BIO-LONG-2511.10014v1,q14,Name_x_Inst,0.03333333333333329
text50-BIO-LONG-2603.01054v1,q14,Name_x_Inst,0.050000000000000024
text51-CS-LONG-2602.11588v1,q14,Name_x_Inst,-0.08333333333333331
text52-CS-LONG-2602.15675v1,q14,Name_x_Inst,-0.06666666666666665
text53-CS-LONG-2603.02012v1,q14,Name_x_Inst,0.08333333333333333
text54-CS-LONG-2602.23006v1,q14,Name_x_Inst,0.033333333333333326
text55-CS-LONG-2602.21625v1,q14,Name_x_Inst,-0.06666666666666665
text56-CS-LONG-2602.13713v1,q14,Name_x_Inst,0.03333333333333336
text57-CS-LONG-2603.00079v1,q14,Name_x_Inst,-0.21666666666666667
text58-CS-LONG-2603.01023v1,q14,Name_x_Inst,-0.03333333333333336
text59-CS-LONG-2602.19401v1,q14,Name_x_Inst,0.10000000000000002
text60-CS-LONG-2602.18518v1,q14,Name_x_Inst,0.0
text61-PHY-LONG-2602.03885v1,q14,Name_x_Inst,0.0
text62-PHY-LONG-2511.21971v1,q14,Name_x_Inst,-0.03333333333333329
text63-PHY-LONG-2512.18015v1,q14,Name_x_Inst,0.01666666666666668
text64-PHY-LONG-2602.23683v1,q14,Name_x_Inst,0.0
text65-PHY-LONG-2601.13267v1,q14,Name_x_Inst,0.05000000000000001
text66-PHY-LONG-2512.24566v1,q14,Name_x_Inst,0.0
text67-PHY-LONG-2602.07636v2,q14,Name_x_Inst,-0.01666666666666668
text68-PHY-LONG-2512.18130v1,q14,Name_x_Inst,-0.01666666666666668
text69-PHY-LONG-2602.17389v1,q14,Name_x_Inst,0.08333333333333337
text70-PHY-LONG-2602.08188v1,q14,Name_x_Inst,0.0
text71-MATH-LONG-2511.12781v1,q14,Name_x_Inst,-0.06666666666666665
text72-MATH-LONG-2602.06095v1,q14,Name_x_Inst,-0.2166666666666667
text73-MATH-LONG-2511.18101v1,q14,Name_x_Inst,3.700743415417188e-17
text74-MATH-LONG-2512.15978v1,q14,Name_x_Inst,-0.06666666666666665
text75-MATH-LONG-2511.22140v1,q14,Name_x_Inst,-0.016666666666666646
text76-MATH-LONG-2602.20441v1,q14,Name_x_Inst,0.01666666666666668
text77-MATH-LONG-2601.20851v2,q14,Name_x_Inst,-0.03333333333333336
text78-MATH-LONG-2512.17595v1,q14,Name_x_Inst,0.016666666666666646
text79-MATH-LONG-2512.10129v1,q14,Name_x_Inst,-0.11666666666666665
text80-MATH-LONG-2512.10507v1,q14,Name_x_Inst,0.01666666666666668
text01-BIO-SHORT-2505.02276v1,q14,Name_x_Bibliometrics,-0.20000000000000004
text02-BIO-SHORT-2507.04575v1,q14,Name_x_Bibliometrics,-0.09999999999999998
text03-BIO-SHORT-2505.11568v3,q14,Name_x_Bibliometrics,-0.01666666666666668
text04-BIO-SHORT-2507.08385v1,q14,Name_x_Bibliometrics,1.850371707708594e-17
text05-BIO-SHORT-2504.10973v1,q14,Name_x_Bibliometrics,0.06666666666666665
text06-BIO-SHORT-2506.14789v1,q14,Name_x_Bibliometrics,0.033333333333333326
text07-BIO-SHORT-2506.13576v3,q14,Name_x_Bibliometrics,0.01666666666666668
text08-BIO-SHORT-2503.19923v2,q14,Name_x_Bibliometrics,-0.11666666666666668
text09-BIO-SHORT-2602.00019v1,q14,Name_x_Bibliometrics,0.0
text10-BIO-SHORT-2506.13817v1,q14,Name_x_Bibliometrics,0.05000000000000001
text11-CS-SHORT-2506.09194v1,q14,Name_x_Bibliometrics,0.016666666666666607
text12-CS-SHORT-2512.19717v1,q14,Name_x_Bibliometrics,-0.3
text13-CS-SHORT-2510.04124v5,q14,Name_x_Bibliometrics,-0.01666666666666668
text14-CS-SHORT-2509.13349v2,q14,Name_x_Bibliometrics,-0.04999999999999997
text15-CS-SHORT-2602.03870v1,q14,Name_x_Bibliometrics,0.016666666666666646
text16-CS-SHORT-2509.06033v1,q14,Name_x_Bibliometrics,-0.01666666666666668
text17-CS-SHORT-2509.16294v1,q14,Name_x_Bibliometrics,-0.06666666666666661
text18-CS-SHORT-2507.09492v1,q14,Name_x_Bibliometrics,0.13333333333333333
text19-CS-SHORT-2509.14600v1,q14,Name_x_Bibliometrics,-0.050000000000000044
text20-CS-SHORT-2503.14899v1,q14,Name_x_Bibliometrics,0.10000000000000002
text21-PHY-SHORT-2601.23079v1,q14,Name_x_Bibliometrics,-0.033333333333333326
text22-PHY-SHORT-2601.23047v1,q14,Name_x_Bibliometrics,0.29999999999999993
text23-PHY-SHORT-2601.23057v1,q14,Name_x_Bibliometrics,0.09999999999999998
text24-PHY-SHORT-2509.16741v1,q14,Name_x_Bibliometrics,-0.016666666666666646
text25-PHY-SHORT-2507.08042v1,q14,Name_x_Bibliometrics,0.033333333333333326
text26-PHY-SHORT-2512.23538v1,q14,Name_x_Bibliometrics,0.0
text27-PHY-SHORT-2510.18500v1,q14,Name_x_Bibliometrics,-0.09999999999999994
text28-PHY-SHORT-2508.20431v1,q14,Name_x_Bibliometrics,-0.033333333333333326
text29-PHY-SHORT-2509.06825v1,q14,Name_x_Bibliometrics,1.850371707708594e-17
text30-PHY-SHORT-2509.17653v2,q14,Name_x_Bibliometrics,0.04999999999999997
text31-MATH-SHORT-2511.03536v1,q14,Name_x_Bibliometrics,0.050000000000000044
text32-MATH-SHORT-2603.02088v1,q14,Name_x_Bibliometrics,0.04999999999999997
text33-MATH-SHORT-2512.22134v3,q14,Name_x_Bibliometrics,-0.16666666666666666
text34-MATH-SHORT-2509.00532v1,q14,Name_x_Bibliometrics,-0.08333333333333333
text35-MATH-SHORT-2512.06844v1,q14,Name_x_Bibliometrics,-0.033333333333333326
text36-MATH-SHORT-2503.09380v2,q14,Name_x_Bibliometrics,0.06666666666666671
text37-MATH-SHORT-2510.26426v1,q14,Name_x_Bibliometrics,0.01666666666666668
text38-MATH-SHORT-2512.04101v1,q14,Name_x_Bibliometrics,-0.10000000000000002
text39-MATH-SHORT-2506.11609v2,q14,Name_x_Bibliometrics,-0.11666666666666663
text40-MATH-SHORT-2507.15879v2,q14,Name_x_Bibliometrics,-0.05000000000000001
text41-BIO-LONG-2512.06709v1,q14,Name_x_Bibliometrics,0.01666666666666668
text42-BIO-LONG-2503.07104v1,q14,Name_x_Bibliometrics,0.0
text43-BIO-LONG-2506.16577v1,q14,Name_x_Bibliometrics,0.06666666666666676
text44-BIO-LONG-2505.20052v1,q14,Name_x_Bibliometrics,0.15000000000000002
text45-BIO-LONG-2507.17897v4,q14,Name_x_Bibliometrics,0.01666666666666668
text46-BIO-LONG-2505.05863v1,q14,Name_x_Bibliometrics,-0.11666666666666668
text47-BIO-LONG-2505.21094v1,q14,Name_x_Bibliometrics,-0.06666666666666665
text48-BIO-LONG-2602.16750v1,q14,Name_x_Bibliometrics,0.0
text49-BIO-LONG-2511.10014v1,q14,Name_x_Bibliometrics,-0.1333333333333334
text50-BIO-LONG-2603.01054v1,q14,Name_x_Bibliometrics,-0.18333333333333335
text51-CS-LONG-2602.11588v1,q14,Name_x_Bibliometrics,0.21666666666666665
text52-CS-LONG-2602.15675v1,q14,Name_x_Bibliometrics,-0.06666666666666665
text53-CS-LONG-2603.02012v1,q14,Name_x_Bibliometrics,-0.04999999999999997
text54-CS-LONG-2602.23006v1,q14,Name_x_Bibliometrics,-0.033333333333333326
text55-CS-LONG-2602.21625v1,q14,Name_x_Bibliometrics,0.10000000000000002
text56-CS-LONG-2602.13713v1,q14,Name_x_Bibliometrics,0.0
text57-CS-LONG-2603.00079v1,q14,Name_x_Bibliometrics,-0.11666666666666665
text58-CS-LONG-2603.01023v1,q14,Name_x_Bibliometrics,-0.03333333333333336
text59-CS-LONG-2602.19401v1,q14,Name_x_Bibliometrics,-0.10000000000000002
text60-CS-LONG-2602.18518v1,q14,Name_x_Bibliometrics,0.0
text61-PHY-LONG-2602.03885v1,q14,Name_x_Bibliometrics,0.0
text62-PHY-LONG-2511.21971v1,q14,Name_x_Bibliometrics,-0.03333333333333336
text63-PHY-LONG-2512.18015v1,q14,Name_x_Bibliometrics,0.01666666666666668
text64-PHY-LONG-2602.23683v1,q14,Name_x_Bibliometrics,0.0
text65-PHY-LONG-2601.13267v1,q14,Name_x_Bibliometrics,0.016666666666666646
text66-PHY-LONG-2512.24566v1,q14,Name_x_Bibliometrics,0.0
text67-PHY-LONG-2602.07636v2,q14,Name_x_Bibliometrics,0.01666666666666668
text68-PHY-LONG-2512.18130v1,q14,Name_x_Bibliometrics,0.01666666666666668
text69-PHY-LONG-2602.17389v1,q14,Name_x_Bibliometrics,-0.0833333333333333
text70-PHY-LONG-2602.08188v1,q14,Name_x_Bibliometrics,-0.13333333333333333
text71-MATH-LONG-2511.12781v1,q14,Name_x_Bibliometrics,0.0
text72-MATH-LONG-2602.06095v1,q14,Name_x_Bibliometrics,-0.04999999999999999
text73-MATH-LONG-2511.18101v1,q14,Name_x_Bibliometrics,-0.16666666666666663
text74-MATH-LONG-2512.15978v1,q14,Name_x_Bibliometrics,-0.06666666666666665
text75-MATH-LONG-2511.22140v1,q14,Name_x_Bibliometrics,-0.05000000000000001
text76-MATH-LONG-2602.20441v1,q14,Name_x_Bibliometrics,0.01666666666666668
text77-MATH-LONG-2601.20851v2,q14,Name_x_Bibliometrics,-0.03333333333333336
text78-MATH-LONG-2512.17595v1,q14,Name_x_Bibliometrics,-0.0833333333333333
text79-MATH-LONG-2512.10129v1,q14,Name_x_Bibliometrics,-0.11666666666666665
text80-MATH-LONG-2512.10507v1,q14,Name_x_Bibliometrics,-0.01666666666666668
text01-BIO-SHORT-2505.02276v1,q14,Inst_x_Bibliometrics,0.09999999999999999
text02-BIO-SHORT-2507.04575v1,q14,Inst_x_Bibliometrics,-3.700743415417188e-17
text03-BIO-SHORT-2505.11568v3,q14,Inst_x_Bibliometrics,0.01666666666666668
text04-BIO-SHORT-2507.08385v1,q14,Inst_x_Bibliometrics,-0.03333333333333335
text05-BIO-SHORT-2504.10973v1,q14,Inst_x_Bibliometrics,0.10000000000000002
text06-BIO-SHORT-2506.14789v1,q14,Inst_x_Bibliometrics,0.033333333333333326
text07-BIO-SHORT-2506.13576v3,q14,Inst_x_Bibliometrics,-0.15
text08-BIO-SHORT-2503.19923v2,q14,Inst_x_Bibliometrics,-0.2833333333333334
text09-BIO-SHORT-2602.00019v1,q14,Inst_x_Bibliometrics,0.0
text10-BIO-SHORT-2506.13817v1,q14,Inst_x_Bibliometrics,0.11666666666666665
text11-CS-SHORT-2506.09194v1,q14,Inst_x_Bibliometrics,0.18333333333333326
text12-CS-SHORT-2512.19717v1,q14,Inst_x_Bibliometrics,-0.26666666666666666
text13-CS-SHORT-2510.04124v5,q14,Inst_x_Bibliometrics,-0.01666666666666668
text14-CS-SHORT-2509.13349v2,q14,Inst_x_Bibliometrics,-0.08333333333333333
text15-CS-SHORT-2602.03870v1,q14,Inst_x_Bibliometrics,-0.05000000000000001
text16-CS-SHORT-2509.06033v1,q14,Inst_x_Bibliometrics,-0.08333333333333333
text17-CS-SHORT-2509.16294v1,q14,Inst_x_Bibliometrics,-0.19999999999999998
text18-CS-SHORT-2507.09492v1,q14,Inst_x_Bibliometrics,0.13333333333333333
text19-CS-SHORT-2509.14600v1,q14,Inst_x_Bibliometrics,0.016666666666666646
text20-CS-SHORT-2503.14899v1,q14,Inst_x_Bibliometrics,-0.2333333333333333
text21-PHY-SHORT-2601.23079v1,q14,Inst_x_Bibliometrics,0.09999999999999998
text22-PHY-SHORT-2601.23047v1,q14,Inst_x_Bibliometrics,0.033333333333333326
text23-PHY-SHORT-2601.23057v1,q14,Inst_x_Bibliometrics,0.09999999999999998
text24-PHY-SHORT-2509.16741v1,q14,Inst_x_Bibliometrics,0.016666666666666646
text25-PHY-SHORT-2507.08042v1,q14,Inst_x_Bibliometrics,0.06666666666666664
text26-PHY-SHORT-2512.23538v1,q14,Inst_x_Bibliometrics,0.0
text27-PHY-SHORT-2510.18500v1,q14,Inst_x_Bibliometrics,0.1333333333333333
text28-PHY-SHORT-2508.20431v1,q14,Inst_x_Bibliometrics,-0.09999999999999998
text29-PHY-SHORT-2509.06825v1,q14,Inst_x_Bibliometrics,-0.06666666666666667
text30-PHY-SHORT-2509.17653v2,q14,Inst_x_Bibliometrics,0.21666666666666665
text31-MATH-SHORT-2511.03536v1,q14,Inst_x_Bibliometrics,0.04999999999999997
text32-MATH-SHORT-2603.02088v1,q14,Inst_x_Bibliometrics,-0.04999999999999997
text33-MATH-SHORT-2512.22134v3,q14,Inst_x_Bibliometrics,0.09999999999999999
text34-MATH-SHORT-2509.00532v1,q14,Inst_x_Bibliometrics,-0.18333333333333335
text35-MATH-SHORT-2512.06844v1,q14,Inst_x_Bibliometrics,-0.0666666666666667
text36-MATH-SHORT-2503.09380v2,q14,Inst_x_Bibliometrics,-0.03333333333333335
text37-MATH-SHORT-2510.26426v1,q14,Inst_x_Bibliometrics,-0.01666666666666668
text38-MATH-SHORT-2512.04101v1,q14,Inst_x_Bibliometrics,-0.06666666666666665
text39-MATH-SHORT-2506.11609v2,q14,Inst_x_Bibliometrics,-0.01666666666666668
text40-MATH-SHORT-2507.15879v2,q14,Inst_x_Bibliometrics,-0.05000000000000001
text41-BIO-LONG-2512.06709v1,q14,Inst_x_Bibliometrics,-0.01666666666666668
text42-BIO-LONG-2503.07104v1,q14,Inst_x_Bibliometrics,0.0
text43-BIO-LONG-2506.16577v1,q14,Inst_x_Bibliometrics,-0.09999999999999998
text44-BIO-LONG-2505.20052v1,q14,Inst_x_Bibliometrics,0.016666666666666646
text45-BIO-LONG-2507.17897v4,q14,Inst_x_Bibliometrics,0.21666666666666665
text46-BIO-LONG-2505.05863v1,q14,Inst_x_Bibliometrics,0.016666666666666625
text47-BIO-LONG-2505.21094v1,q14,Inst_x_Bibliometrics,0.0
text48-BIO-LONG-2602.16750v1,q14,Inst_x_Bibliometrics,0.0
text49-BIO-LONG-2511.10014v1,q14,Inst_x_Bibliometrics,-0.16666666666666666
text50-BIO-LONG-2603.01054v1,q14,Inst_x_Bibliometrics,-0.08333333333333336
text51-CS-LONG-2602.11588v1,q14,Inst_x_Bibliometrics,0.18333333333333326
text52-CS-LONG-2602.15675v1,q14,Inst_x_Bibliometrics,-0.06666666666666665
text53-CS-LONG-2603.02012v1,q14,Inst_x_Bibliometrics,-0.08333333333333333
text54-CS-LONG-2602.23006v1,q14,Inst_x_Bibliometrics,0.033333333333333326
text55-CS-LONG-2602.21625v1,q14,Inst_x_Bibliometrics,0.06666666666666665
text56-CS-LONG-2602.13713v1,q14,Inst_x_Bibliometrics,-0.03333333333333336
text57-CS-LONG-2603.00079v1,q14,Inst_x_Bibliometrics,-0.11666666666666665
text58-CS-LONG-2603.01023v1,q14,Inst_x_Bibliometrics,-0.2666666666666666
text59-CS-LONG-2602.19401v1,q14,Inst_x_Bibliometrics,-0.10000000000000002
text60-CS-LONG-2602.18518v1,q14,Inst_x_Bibliometrics,0.0
text61-PHY-LONG-2602.03885v1,q14,Inst_x_Bibliometrics,0.0
text62-PHY-LONG-2511.21971v1,q14,Inst_x_Bibliometrics,0.2333333333333333
text63-PHY-LONG-2512.18015v1,q14,Inst_x_Bibliometrics,0.08333333333333333
text64-PHY-LONG-2602.23683v1,q14,Inst_x_Bibliometrics,-0.16666666666666666
text65-PHY-LONG-2601.13267v1,q14,Inst_x_Bibliometrics,0.05000000000000001
text66-PHY-LONG-2512.24566v1,q14,Inst_x_Bibliometrics,0.0
text67-PHY-LONG-2602.07636v2,q14,Inst_x_Bibliometrics,0.01666666666666668
text68-PHY-LONG-2512.18130v1,q14,Inst_x_Bibliometrics,-0.01666666666666668
text69-PHY-LONG-2602.17389v1,q14,Inst_x_Bibliometrics,-0.016666666666666646
text70-PHY-LONG-2602.08188v1,q14,Inst_x_Bibliometrics,-0.06666666666666665
text71-MATH-LONG-2511.12781v1,q14,Inst_x_Bibliometrics,-0.03333333333333336
text72-MATH-LONG-2602.06095v1,q14,Inst_x_Bibliometrics,-0.18333333333333335
text73-MATH-LONG-2511.18101v1,q14,Inst_x_Bibliometrics,0.19999999999999998
text74-MATH-LONG-2512.15978v1,q14,Inst_x_Bibliometrics,-0.06666666666666665
text75-MATH-LONG-2511.22140v1,q14,Inst_x_Bibliometrics,0.0833333333333333
text76-MATH-LONG-2602.20441v1,q14,Inst_x_Bibliometrics,-0.01666666666666668
text77-MATH-LONG-2601.20851v2,q14,Inst_x_Bibliometrics,-0.06666666666666665
text78-MATH-LONG-2512.17595v1,q14,Inst_x_Bibliometrics,-0.05000000000000001
text79-MATH-LONG-2512.10129v1,q14,Inst_x_Bibliometrics,0.15000000000000002
text80-MATH-LONG-2512.10507v1,q14,Inst_x_Bibliometrics,-0.01666666666666668
